label,timestamp,x,y,z,dev_addr,spreading_factor,framecounter,NODE_ID,receptions
TX,0.017912826,288006.346712978,4629155.832382848,1.2,805,12,1,187-21,[]
TX,0.309877159,286649.675514742,4641130.560297794,1.2,1514,12,1,287-12,[]
TX,0.326017771,295159.108652619,4642734.047466659,1.2,2594,7,1,8-16,"[['RX_GW', 0.441015138, 2594, 7, 1, 868.1, -122.621980316, '00:00:00:00:00:04']]"
TX,0.478449952,292078.390030518,4640518.800325925,1.2,195,12,1,115-11,[]
TX,0.680225142,290965.014610475,4640762.131184285,1.2,2048,8,1,357-18,[]
TX,0.725181342,293129.826130952,4640654.631859078,1.2,1352,12,1,261-27,[]
TX,0.791412141,273717.753389678,4630626.454947528,1.2,1290,12,1,254-19,[]
TX,0.836639146,288237.704784196,4634056.202140435,1.2,954,12,1,209-13,[]
TX,0.911532153,289055.447687961,4647277.343222601,1.2,1,12,1,100-11,[]
TX,0.973300077,273711.991918862,4630616.052019391,1.2,1045,12,1,225-25,[]
TX,0.980751589,292583.147179408,4643851.47779814,1.2,1127,12,1,234-6,[]
TX,1.203979773,290798.880719808,4642277.820500999,1.2,1655,10,1,305-29,[]
TX,1.217928028,292530.538782823,4642707.105280213,1.2,537,12,1,152-12,[]
TX,1.291562004,293305.135748404,4644289.632675917,1.2,1549,12,1,29-24,[]
TX,1.462474047,271621.794689535,4630623.402036656,1.2,1568,12,1,291-4,[]
TX,1.73215432,292671.83189035,4641801.035546495,1.2,1091,12,1,231-21,[]
TX,1.802635722,292766.271779564,4642002.246422567,1.2,2078,12,1,361-18,[]
TX,1.97505106,288028.294168726,4643108.604201559,1.2,1026,12,1,221-8,[]
TX,2.128784182,292189.723859959,4643419.574426181,1.2,1967,12,1,341-21,[]
TX,2.44241336,287523.345258567,4641299.477031605,1.2,1805,12,1,322-19,[]
TX,2.656286082,292347.993823688,4642142.243268123,1.2,1149,12,1,239-11,[]
TX,2.738578424,291621.393505706,4644623.404170687,1.2,2340,12,1,51-19,[]
TX,2.820318957,288742.132962562,4643565.662607145,1.2,7,12,1,100-19,[]
TX,2.91756685,292734.204684078,4643857.242895357,1.2,2299,12,1,48-26,[]
TX,2.926125612,291183.376627786,4641967.919687615,1.2,271,10,1,126-8,[]
TX,3.046440084,290917.558814055,4643954.413859997,1.2,184,12,1,113-10,[]
TX,3.048192182,292396.701343018,4637318.173957336,1.2,1010,12,1,22-26,[]
TX,3.252251301,291153.744939053,4632074.630778508,1.2,1482,12,1,279-9,[]
TX,3.341047231,292104.975537054,4640603.91502804,1.2,1799,12,1,321-5,[]
TX,3.375586402,295135.870021093,4642708.288374468,1.2,1003,8,1,22-10,[]
TX,3.480342525,289002.547451609,4636132.946578203,1.2,922,12,1,203-14,[]
TX,3.499838273,273924.176158607,4630417.527276334,1.2,1017,12,1,220-27,[]
TX,3.560499088,273817.793397032,4630344.684272813,1.2,1396,12,1,268-21,[]
TX,3.714910934,291915.94089858,4640832.008522641,1.2,1166,12,1,239-4,[]
TX,3.796421454,291753.157823747,4639558.444745438,1.2,2011,12,1,349-23,[]
TX,3.914840289,288421.876264421,4637795.187494575,1.2,2082,12,1,361-3,[]
TX,3.94480797,295157.67040987,4642742.287995449,1.2,2325,7,1,50-30,"[['RX_GW', 4.059805364, 2325, 7, 1, 868.1, -122.749262701, '00:00:00:00:00:04']]"
TX,4.22393423,287686.775830838,4640711.286660079,1.2,2065,12,1,358-23,[]
TX,4.372755836,291028.220347754,4640439.354858982,1.2,536,9,1,152-11,[]
TX,4.39543119,291909.8633829,4641663.812976574,1.2,1822,12,1,326-1,[]
TX,4.537648904,293615.096552716,4641914.150419822,1.2,1063,12,1,226-28,[]
TX,4.557652456,292691.149262572,4641811.64719028,1.2,1319,12,1,256-25,[]
TX,4.757991756,295076.531560547,4642775.479218567,1.2,781,7,1,185-19,[]
TX,4.818499042,287123.420715682,4632985.282617551,1.2,250,12,1,124-29,[]
TX,4.913103422,291927.346517772,4642584.094884172,1.2,501,12,1,149-4,[]
TX,4.945382133,294334.967926681,4643864.740269973,1.2,538,12,1,152-13,[]
TX,4.952185095,292717.68370855,4643726.923775107,1.2,737,12,1,181-13,[]
TX,5.088025996,289967.359442991,4642746.722190737,1.2,282,11,1,127-5,[]
TX,5.098545705,288466.348479542,4635147.679207715,1.2,2132,12,1,368-15,[]
TX,5.225155476,292283.277896779,4637720.519035918,1.2,949,12,1,206-28,[]
TX,5.352027042,286934.34470091,4641592.855864194,1.2,938,12,1,204-27,[]
TX,5.475112781,292912.405820136,4642217.864551237,1.2,1646,12,1,305-18,[]
TX,5.574231166,288986.521512789,4641750.469330164,1.2,193,9,1,113-28,[]
TX,5.677057705,273720.704816193,4630628.272829161,1.2,2462,12,1,67-4,[]
TX,5.730771597,291221.786385841,4641302.90354922,1.2,2372,9,1,55-21,[]
TX,5.752176324,291731.150289913,4642150.325122055,1.2,2639,12,1,83-21,[]
TX,5.856918408,290697.928915208,4641289.143154302,1.2,2037,7,1,353-30,[]
TX,6.026955729,290676.340941218,4641295.597329117,1.2,1712,7,1,31-28,"[['RX_GW', 6.141951957, 1712, 7, 1, 868.1, -118.150485627, '00:00:00:00:00:02']]"
TX,6.064526983,292307.360902472,4643341.394314404,1.2,1273,12,1,253-12,[]
TX,6.077530738,291251.949467467,4640375.104507021,1.2,1511,8,1,284-27,[]
TX,6.113010009,272007.047901099,4630574.118239435,1.2,1887,12,1,335-1,[]
TX,6.216901189,296272.00019596,4644372.941237447,1.2,2023,12,1,351-20,[]
TX,6.362999725,289037.644142683,4641822.629890454,1.2,1436,9,1,270-6,"[['RX_GW', 6.734765544, 1436, 9, 1, 868.1, -128.118619845, '00:00:00:00:00:02']]"
TX,6.550258086,287541.674680257,4641390.890445767,1.2,2056,12,1,358-10,[]
TX,6.711545678,290979.760720018,4640403.025210802,1.2,2642,8,1,84-1,[]
TX,6.745942147,292417.715678839,4640577.50312688,1.2,1364,12,1,264-17,[]
TX,7.089661032,289855.772637265,4635425.566418866,1.2,999,12,1,215-26,[]
TX,7.228177507,295087.528290911,4646533.860417036,1.2,1329,12,1,259-19,[]
TX,7.302740197,290861.76447883,4642280.64623626,1.2,1879,10,1,334-19,[]
TX,7.34785691,290747.868997904,4642887.329291815,1.2,1360,12,1,262-8,[]
TX,7.721503313,292107.785166837,4642221.393586824,1.2,65,12,1,103-30,[]
TX,8.053590072,299511.208924243,4633782.894220032,1.2,1419,12,1,270-10,[]
TX,8.214827233,277939.198829317,4632421.687939469,1.2,1939,12,1,339-5,[]
TX,8.402876916,291068.175385696,4644043.665604715,1.2,173,12,1,112-19,[]
TX,8.42158267,292825.071934334,4640668.454062472,1.2,676,12,1,171-14,[]
TX,8.461493174,293206.358483758,4642042.864356416,1.2,1315,11,1,256-19,"[['RX_GW', 9.94225509, 1315, 11, 1, 868.1, -134.636572228, '00:00:00:00:00:04']]"
TX,8.559987526,290668.168675467,4633789.605351239,1.2,714,12,1,175-4,[]
TX,8.629061815,295454.586689846,4639220.818576417,1.2,2055,12,1,357-7,[]
TX,8.657075395,293231.356693398,4640205.662479178,1.2,691,12,1,172-30,[]
TX,8.764134515,291831.170578965,4642546.082468759,1.2,451,12,1,145-12,[]
TX,9.01335086,295122.805918869,4642698.712190583,1.2,1381,8,1,266-28,[]
TX,9.034743085,289606.348221165,4643583.459068778,1.2,810,12,1,187-5,[]
TX,9.115751179,292879.965733261,4642362.554514518,1.2,912,12,1,202-22,[]
TX,9.148429008,290367.117954404,4641831.747912603,1.2,172,7,1,112-18,[]
TX,9.178001412,291277.37385197,4641404.947696747,1.2,709,10,1,175-18,[]
TX,9.296690564,278928.982396781,4632506.248561176,1.2,715,12,1,175-5,[]
TX,9.309291848,294300.051172247,4639031.697900755,1.2,881,12,1,198-26,[]
TX,9.314147624,286557.92533299,4641830.238706403,1.2,201,12,1,115-26,[]
TX,9.41515075,292655.845169812,4641752.70865815,1.2,1036,12,1,223-13,[]
TX,9.458725752,292846.005125445,4641169.73915767,1.2,343,12,1,137-1,[]
TX,9.475786139,289961.169210797,4647066.3414955,1.2,1851,12,1,330-6,[]
TX,9.653133039,286135.010941565,4638229.493521262,1.2,203,12,1,115-28,[]
TX,9.746252565,291684.374636519,4642381.643331595,1.2,764,11,1,182-23,[]
TX,9.831970381,295933.807666029,4642562.825080295,1.2,237,7,1,122-17,[]
TX,10.404064148,291875.950118346,4639206.771016563,1.2,2703,12,1,91-4,[]
TX,10.420846884,291398.017566275,4642104.289568949,1.2,850,10,1,194-27,[]
TX,10.452158114,290393.193316702,4645902.452627295,1.2,1085,12,1,231-12,[]
TX,10.776133006,289736.782915861,4643337.210582284,1.2,588,12,1,158-24,[]
TX,10.872623245,289919.214891897,4638067.009113749,1.2,1108,12,1,232-21,[]
TX,10.8729683,292685.615959729,4642008.744711628,1.2,1082,12,1,229-7,[]
TX,10.93087049,293764.57016154,4641451.659380586,1.2,1044,12,1,223-28,[]
TX,11.118626527,272284.440387464,4627693.069531696,1.2,2062,12,1,358-18,[]
TX,11.230312459,288977.059745259,4642602.549063041,1.2,1025,12,1,221-27,[]
TX,11.575863279,290676.467903982,4641301.71869529,1.2,975,7,1,211-25,[]
TX,11.582949689,290689.914892837,4641291.796382108,1.2,1122,7,1,234-20,[]
TX,11.691966683,282750.27265779,4632847.173700879,1.2,1262,12,1,250-17,[]
TX,11.696672773,289896.166814999,4642464.316523617,1.2,1457,10,1,274-3,[]
TX,11.844373509,294145.777115069,4647405.691654801,1.2,1913,12,1,337-25,[]
TX,11.847250807,285941.613751706,4650885.203727148,1.2,59,12,1,103-18,[]
TX,11.944490877,291191.143919125,4640433.90357179,1.2,2012,8,1,349-24,[]
TX,11.987070807,290476.937252721,4640623.722121472,1.2,1859,7,1,332-17,[]
TX,12.131695245,291748.578413876,4639555.632863181,1.2,1570,12,1,293-1,[]
TX,12.16384676,291101.621327129,4642470.205747027,1.2,136,12,1,109-7,[]
TX,12.201710962,295574.936266524,4645582.331385481,1.2,1016,12,1,220-26,[]
TX,12.389908585,290646.896357857,4646621.413781903,1.2,2504,12,1,71-16,[]
TX,12.449593467,296713.641235527,4635324.695023401,1.2,118,12,1,109-16,[]
TX,12.681016567,292418.471906518,4637344.513650799,1.2,635,12,1,163-14,[]
TX,12.779580908,278382.745556541,4632510.898548231,1.2,1002,12,1,215-9,[]
TX,12.862297514,291881.384460174,4641939.420723648,1.2,464,12,1,147-13,[]
TX,13.098126841,283054.726191931,4632876.021393589,1.2,138,12,1,11-17,[]
TX,13.295072588,290690.148954344,4641316.270282376,1.2,2031,7,1,353-19,[]
TX,13.328264926,290999.531750714,4639060.932659246,1.2,1705,12,1,31-19,[]
TX,13.420299066,291981.007829453,4643722.010473189,1.2,1519,12,1,287-19,[]
TX,13.477041549,295618.686246887,4645558.813108071,1.2,2280,12,1,47-21,[]
TX,13.567608087,291759.210073409,4642530.833501388,1.2,622,12,1,162-24,[]
TX,13.592461759,283013.440995455,4632861.022951261,1.2,1745,12,1,313-14,[]
TX,13.617067256,290236.456528795,4642358.254110791,1.2,573,9,1,157-18,[]
TX,13.683863414,292994.235277027,4640272.876086322,1.2,2368,12,1,55-17,[]
TX,13.896113748,291955.258569185,4642592.067083438,1.2,884,12,1,199-11,[]
TX,13.935035257,292427.678178226,4641841.249964781,1.2,175,12,1,112-20,[]
TX,13.945121551,290446.838553028,4641383.342560012,1.2,651,7,1,163-5,[]
TX,13.984090278,289946.64324632,4634411.171053266,1.2,2742,12,1,95-7,[]
TX,14.039998343,291485.635482328,4643824.097369159,1.2,2698,12,1,91-20,[]
TX,14.052343839,292179.257973106,4637090.312455528,1.2,2417,12,1,59-3,[]
TX,14.107455763,291804.324863966,4642859.178214894,1.2,2686,12,1,88-13,[]
TX,14.185115916,291710.275045944,4642415.812426746,1.2,2489,12,1,70-19,[]
TX,14.63929432,291068.682047916,4644033.788184355,1.2,235,12,1,121-6,[]
TX,14.786883088,292106.514771065,4641863.441983899,1.2,860,12,1,195-6,[]
TX,14.902461017,292544.948820225,4642936.804634502,1.2,149,12,1,110-10,[]
TX,14.940434742,294415.020618703,4646452.440700192,1.2,2394,12,1,56-5,[]
TX,15.161642467,299729.608801955,4630070.424486614,1.2,438,12,1,141-22,[]
TX,15.190211697,290859.755169237,4638496.717387214,1.2,373,12,1,138-22,[]
TX,15.40962311,271953.404654217,4630600.118056819,1.2,1806,12,1,322-20,[]
TX,15.529788595,293802.75651755,4639679.220728941,1.2,1335,12,1,259-6,[]
TX,15.587814278,292199.897728244,4643221.941190371,1.2,11,12,1,100-24,[]
TX,15.615695633,290133.276870794,4635349.884446037,1.2,509,12,1,150-29,[]
TX,15.621578541,296753.382602269,4652106.773010869,1.2,742,12,1,181-20,[]
TX,15.762519202,291745.806817419,4639645.477586255,1.2,2375,12,1,55-5,[]
TX,15.806243821,273677.785369253,4630631.341934545,1.2,1992,12,1,347-28,[]
TX,15.943309179,293258.25588248,4649669.808864088,1.2,2610,12,1,80-7,[]
TX,16.195414766,292676.622831971,4643703.655875295,1.2,20,12,1,100-7,[]
TX,16.316754555,289414.408684266,4642058.070459542,1.2,2148,8,1,369-6,[]
TX,16.474550805,293370.703035114,4648954.809082022,1.2,1228,12,1,245-13,[]
TX,16.518385157,290692.254995809,4641309.241166239,1.2,289,7,1,128-2,[]
TX,16.519580347,289783.626877593,4643502.227391477,1.2,5,12,1,100-17,[]
TX,16.567669982,291467.093699325,4642255.123522874,1.2,1658,11,1,305-6,[]
TX,16.621057399,291525.591718147,4642443.119053118,1.2,384,12,1,138-7,[]
TX,16.757577095,291905.438616519,4641094.230736387,1.2,2755,12,1,97-12,[]
TX,16.769610016,290179.119717281,4635342.522038863,1.2,388,12,1,139-11,[]
TX,16.796592621,293709.473668824,4643657.706079381,1.2,476,12,1,148-14,[]
TX,16.834621807,294888.054698516,4647342.88501861,1.2,727,12,1,179-19,[]
TX,16.892706023,291993.23924536,4643721.284813543,1.2,1492,12,1,28-28,[]
TX,16.941154544,290722.890506868,4641174.986817106,1.2,2349,7,1,51-3,[]
TX,17.003514439,291157.983149124,4644473.134679033,1.2,2720,12,1,93-28,[]
TX,17.300592432,292821.314251975,4641982.963464889,1.2,562,12,1,155-18,[]
TX,17.440280487,296256.766502441,4635473.710235639,1.2,619,12,1,162-17,[]
TX,17.498011616,291502.129657167,4642535.257845396,1.2,514,12,1,150-6,[]
TX,17.522120625,290368.090941073,4641445.755344664,1.2,1949,7,1,340-17,[]
TX,17.772334068,290412.049818561,4643951.765713813,1.2,381,12,1,138-4,[]
TX,17.861274796,290843.540650098,4642275.78540456,1.2,2150,10,1,371-14,[]
TX,17.871068282,285555.250258327,4641148.294761901,1.2,191,12,1,113-26,[]
TX,17.877691802,291680.935409463,4642114.483396953,1.2,2206,12,1,42-25,[]
TX,18.01135718,290211.825221721,4640200.760713913,1.2,216,7,1,12-20,[]
TX,18.043917243,281150.563421242,4632716.66961506,1.2,2736,12,1,95-26,[]
TX,18.170759193,292419.989354026,4637267.629190442,1.2,1005,12,1,22-12,[]
TX,18.319640311,291242.537123472,4641251.234065257,1.2,662,9,1,167-20,[]
TX,18.33660696,287973.311167841,4641810.67035535,1.2,1134,12,1,237-24,[]
TX,18.837108583,288057.160828563,4639092.67717388,1.2,312,12,1,130-13,[]
TX,18.856930248,291417.321258966,4642042.932822231,1.2,482,12,1,148-22,[]
TX,18.878561567,291966.046008514,4643688.274858532,1.2,964,12,1,21-14,[]
TX,19.016278478,295117.973174154,4642698.444822005,1.2,2646,8,1,84-13,"[['RX_GW', 19.223691819, 2646, 8, 1, 868.1, -125.859274162, '00:00:00:00:00:04']]"
TX,19.473138742,299748.895221798,4630074.54527546,1.2,985,12,1,214-3,[]
TX,19.535740945,293243.947826503,4640220.533126206,1.2,1067,12,1,226-6,[]
TX,19.662027594,288118.454792046,4641931.324361545,1.2,706,12,1,174-5,[]
TX,19.662749904,290359.079572284,4640368.997469691,1.2,2193,7,1,41-24,[]
TX,19.727596431,290681.650139844,4642771.49931808,1.2,1037,12,1,223-14,[]
TX,19.748568303,291022.301036504,4644011.566035948,1.2,2316,12,1,50-2,[]
TX,19.789300303,291099.594071535,4639047.494983607,1.2,1453,12,1,274-2,[]
TX,19.89535646,294131.01997099,4647411.942426511,1.2,1866,12,1,332-27,[]
TX,20.080311404,290889.624161261,4642256.461700646,1.2,2680,12,1,87-24,[]
TX,20.321278908,292336.844414993,4642038.32875441,1.2,58,12,1,103-17,[]
TX,20.650463224,295635.813536852,4645570.515615472,1.2,2338,12,1,51-17,[]
TX,20.677751139,301212.277059027,4641407.820453569,1.2,1154,12,1,239-18,[]
TX,20.681733312,291546.280369183,4641100.600977261,1.2,531,11,1,151-6,"[['RX_GW', 22.162492177, 531, 11, 1, 868.1, -133.599398509, '00:00:00:00:00:02']]"
TX,20.735905834,293521.69011141,4643984.980852835,1.2,21,12,1,100-8,[]
TX,20.738451698,294384.418588424,4643081.698100531,1.2,614,12,1,160-7,[]
TX,20.822922147,288144.361335302,4634686.037380621,1.2,773,12,1,184-10,[]
TX,20.861826683,285136.558673189,4633063.027405755,1.2,309,12,1,130-10,[]
TX,20.946180274,291901.48494539,4642571.392996578,1.2,310,12,1,130-11,[]
TX,21.16565092,290220.535595387,4641185.701283951,1.2,427,7,1,140-28,[]
TX,21.293774603,294961.391831406,4642707.020158928,1.2,1466,9,1,275-19,[]
TX,21.468484277,290727.665318771,4641179.976692238,1.2,583,7,1,158-12,[]
TX,21.521639445,273691.716588172,4630617.375596532,1.2,368,12,1,138-11,[]
TX,21.528350836,291024.345110598,4640958.835213112,1.2,1326,8,1,256-7,[]
TX,21.564445757,291842.816775239,4642548.996588837,1.2,560,12,1,155-1,[]
TX,21.712957931,272192.909431056,4629700.77786706,1.2,1294,12,1,254-24,[]
TX,21.985523885,293519.780863792,4643973.937807452,1.2,319,12,1,130-22,[]
TX,22.07713369,293093.557581604,4641184.527179479,1.2,1542,12,1,288-4,[]
TX,22.078829489,287992.656926562,4643149.259564088,1.2,707,12,1,174-6,[]
TX,22.162047752,293092.008326326,4643028.48839006,1.2,1651,12,1,305-24,[]
TX,22.282546347,297443.208688438,4647011.109897432,1.2,2166,12,1,372-28,[]
TX,22.286620651,295545.148466404,4638039.420913721,1.2,1252,12,1,248-5,[]
TX,22.294214655,273693.664000372,4630589.744118566,1.2,1301,12,1,254-4,[]
TX,22.590456483,292475.700090254,4641381.936820943,1.2,697,12,1,173-25,[]
TX,22.654391129,273678.76829765,4630642.926655821,1.2,615,12,1,162-1,[]
TX,22.842624516,291708.860388993,4642169.960332142,1.2,1440,12,1,273-18,[]
TX,23.106756458,290144.361506067,4643409.773712121,1.2,1656,12,1,305-3,[]
TX,23.230486137,291640.425851877,4643918.269499606,1.2,1668,12,1,306-7,[]
TX,23.259999658,295957.891302808,4642559.186499834,1.2,1452,7,1,274-18,"[['RX_GW', 23.374996112, 1452, 7, 1, 868.1, -120.534049338, '00:00:00:00:00:04']]"
TX,23.295311989,292828.504649006,4641932.994087294,1.2,2295,12,1,48-13,[]
TX,23.6593155,291685.977289221,4641481.4099139,1.2,1715,12,1,31-30,[]
TX,23.686607118,290572.396517084,4642298.040219916,1.2,2590,9,1,79-4,[]
TX,23.728791981,291524.688291803,4641148.123211253,1.2,1264,11,1,250-19,[]
TX,23.862856827,284042.961201939,4640234.750899434,1.2,38,12,1,101-28,[]
TX,23.940291367,290342.029894319,4641849.483718472,1.2,2236,7,1,44-24,[]
TX,23.959929049,291343.349957932,4636341.185705834,1.2,2715,12,1,93-20,[]
TX,24.243558417,289625.633936217,4643507.79952819,1.2,2179,12,1,40-11,[]
TX,24.592903376,285364.041469563,4633224.633995496,1.2,900,12,1,201-14,[]
TX,24.791581522,293867.169589156,4643667.254536271,1.2,2291,12,1,47-7,[]
TX,24.879028735,290089.457994958,4642398.30979132,1.2,1450,9,1,274-15,[]
TX,24.94800314,278635.660627522,4632489.732077847,1.2,2415,12,1,59-18,[]
TX,24.966180625,292329.413792615,4642047.199060822,1.2,342,12,1,131-9,[]
TX,25.002468889,295663.828777842,4645566.849113586,1.2,2271,12,1,47-13,[]
TX,25.110143661,290610.024122566,4633582.741024037,1.2,1528,12,1,287-28,[]
TX,25.430949495,292409.609950298,4637278.685452322,1.2,2373,12,1,55-3,[]
TX,25.522223605,292262.882868661,4638906.36709467,1.2,2623,12,1,82-23,[]
TX,25.537123417,291873.294145936,4642835.57280976,1.2,1088,12,1,231-17,[]
TX,25.541030362,295738.499226516,4645479.962525963,1.2,1995,12,1,348-17,[]
TX,25.783315152,288190.910437131,4643903.790998418,1.2,724,12,1,178-6,[]
TX,25.985067851,286596.332109475,4641701.984892855,1.2,78,12,1,104-6,[]
TX,26.321632991,289828.804182974,4641729.809827415,1.2,1401,7,1,268-6,[]
TX,26.404524848,290959.245008655,4640546.548168019,1.2,1062,8,1,226-27,[]
TX,26.449089963,290533.044442639,4643020.220713539,1.2,1585,12,1,294-25,[]
TX,26.520642851,291292.511354858,4638106.378229661,1.2,1201,12,1,241-14,[]
TX,26.665687502,290841.466967544,4636935.561038043,1.2,1120,12,1,234-17,[]
TX,26.744567082,290613.327574795,4643881.570568227,1.2,2602,12,1,8-5,[]
TX,26.838557697,292723.135976337,4642063.210221648,1.2,1464,12,1,275-17,[]
TX,26.874209705,291984.958842,4643711.610598709,1.2,2396,12,1,56-7,[]
TX,26.956919954,290163.365857987,4647005.449769182,1.2,950,12,1,206-8,[]
TX,27.214770498,295526.393469447,4642407.620514493,1.2,700,7,1,174-17,"[['RX_GW', 27.329766398, 700, 7, 1, 868.1, -115.479224847, '00:00:00:00:00:04']]"
TX,27.398089435,286710.910604368,4641386.927988118,1.2,559,12,1,153-7,[]
TX,27.510988927,289939.864267329,4634407.875978339,1.2,267,12,1,126-12,[]
TX,27.660783253,285530.516587022,4641136.819521833,1.2,1786,12,1,320-24,[]
TX,27.715453939,292454.65440722,4641382.664939978,1.2,1891,12,1,335-2,[]
TX,27.741366734,290372.590368561,4641826.89687704,1.2,2245,7,1,45-2,[]
TX,27.917610366,291851.612661779,4642537.589620687,1.2,2764,12,1,97-23,[]
TX,28.074245233,292389.842197605,4637293.970442543,1.2,274,12,1,127-17,[]
TX,28.163478769,294558.258102663,4643355.160662224,1.2,1738,12,1,311-3,[]
TX,28.224421006,290192.728430668,4636594.500319526,1.2,135,12,1,109-6,[]
TX,28.27988972,292531.545135138,4642912.267355708,1.2,139,12,1,11-18,[]
TX,28.280770588,289262.84486181,4642517.60935615,1.2,1815,12,1,323-7,[]
TX,28.28521139,292790.574665571,4642170.119759982,1.2,2170,12,1,39-14,[]
TX,28.37086718,289194.45909808,4644486.265666547,1.2,2360,12,1,53-4,[]
TX,28.455818821,293015.599148976,4651458.089524412,1.2,346,12,1,137-13,[]
TX,28.582974184,290551.967775659,4643008.86891521,1.2,111,12,1,109-1,[]
TX,28.696281525,293022.700335105,4640938.165286356,1.2,108,12,1,107-26,[]
TX,28.766497011,284442.383412094,4632908.826946803,1.2,2133,12,1,368-16,[]
TX,28.773173267,292536.378739769,4641905.679717419,1.2,1889,12,1,335-16,[]
TX,28.858949756,292837.413978876,4641942.364167225,1.2,2660,12,1,84-28,[]
TX,28.902609276,292277.941340585,4641978.924095252,1.2,2463,12,1,67-5,[]
TX,29.146023458,292312.577224043,4642048.154806584,1.2,1844,12,1,330-21,[]
TX,29.154552115,290343.89004888,4640857.545864032,1.2,1051,7,1,226-14,[]
TX,29.165708149,273695.286243501,4630606.746656125,1.2,852,12,1,194-8,[]
TX,29.194874938,291183.257292815,4641310.621664082,1.2,2636,8,1,83-17,[]
TX,29.314173035,289225.034142683,4642051.624210381,1.2,2111,9,1,363-7,[]
TX,29.326706356,292262.696420294,4642937.813180159,1.2,838,12,1,190-5,[]
TX,29.41978991,292401.60486711,4636808.410728092,1.2,1074,12,1,229-19,[]
TX,29.516578614,291996.433939854,4643713.429867642,1.2,2565,12,1,75-26,[]
TX,29.559161269,292399.26456155,4641912.503269309,1.2,1167,12,1,239-5,[]
TX,29.592663528,290737.507539701,4642906.743014555,1.2,544,12,1,152-8,[]
TX,29.937565798,290230.056519638,4645895.351696481,1.2,2564,12,1,75-24,[]
TX,30.023949557,273554.093019579,4630599.891870815,1.2,804,12,1,187-20,[]
TX,30.038249294,287518.322074274,4646123.907917427,1.2,2505,12,1,71-17,[]
TX,30.04445295,290464.802117487,4640617.03670444,1.2,607,7,1,160-2,[]
TX,30.117794397,289297.881108497,4633820.309188508,1.2,222,12,1,12-6,[]
TX,30.195130659,290603.921101191,4642837.271257479,1.2,2723,12,1,93-30,[]
TX,30.207189913,289739.564056255,4633437.297386099,1.2,2738,12,1,95-29,[]
TX,30.331204787,294602.230306731,4643974.879144802,1.2,1735,11,1,311-19,[]
TX,30.554855488,290345.465275015,4640363.788309335,1.2,685,7,1,172-18,[]
TX,30.578724565,291236.728372114,4641283.24691048,1.2,806,9,1,187-29,[]
TX,30.646063171,289949.71065486,4634413.410440522,1.2,1843,12,1,330-20,[]
TX,30.709009381,290890.114427036,4638734.649171013,1.2,1561,12,1,290-21,[]
TX,30.785547616,292440.846521098,4641386.959179264,1.2,185,12,1,113-11,[]
TX,30.795954308,292717.904512996,4642040.746582568,1.2,1372,12,1,264-7,[]
TX,30.803297415,282875.794621715,4632861.433130872,1.2,1985,12,1,347-12,[]
TX,30.868230764,291016.040468857,4644907.172271284,1.2,603,12,1,159-5,[]
TX,30.896254891,289151.363823568,4642595.784273121,1.2,1444,11,1,273-4,[]
TX,30.925680262,286748.969649044,4645121.036623647,1.2,1522,12,1,287-22,[]
TX,30.956940641,291034.407775751,4644015.163995422,1.2,844,12,1,194-14,[]
TX,30.958544448,293707.077106352,4645344.532999897,1.2,2409,12,1,58-3,[]
TX,31.218244599,287820.609852677,4639251.014888002,1.2,1308,12,1,256-12,[]
TX,31.30484957,290696.358142092,4641306.349468478,1.2,1099,7,1,231-5,[]
TX,31.399132923,285113.857453016,4632608.399136915,1.2,1342,12,1,260-6,[]
TX,31.448249831,289482.614668311,4639019.102064171,1.2,454,12,1,145-24,[]
TX,31.578136647,292015.992255821,4642616.021399973,1.2,745,12,1,181-23,[]
TX,31.707338382,294166.33235488,4642782.54610607,1.2,2497,11,1,70-7,"[['RX_GW', 33.188098151, 2497, 11, 1, 868.1, -133.523936627, '00:00:00:00:00:04']]"
TX,31.847506231,289449.563075284,4646133.577161242,1.2,1343,12,1,260-7,[]
TX,31.881926169,290700.698048551,4641318.00350603,1.2,2036,7,1,353-3,[]
TX,32.122011338,292697.888547912,4641838.114545232,1.2,2076,12,1,359-2,[]
TX,32.132945601,292159.32857224,4642196.232156703,1.2,902,12,1,201-23,[]
TX,32.244660171,291856.894265145,4642557.82411953,1.2,2631,12,1,82-5,[]
TX,32.294406419,294052.294844545,4645645.864185362,1.2,1334,12,1,259-5,[]
TX,32.414040561,291254.748119173,4642395.961054948,1.2,2140,12,1,368-6,[]
TX,32.41886749,286623.422378032,4645450.445931328,1.2,1513,12,1,287-11,[]
TX,32.437829241,297981.338166154,4642036.052291328,1.2,2177,12,1,39-28,[]
TX,32.726158971,293323.201582803,4644286.52252501,1.2,2197,12,1,41-28,[]
TX,32.806334813,290688.607596499,4641305.552239855,1.2,285,7,1,128-1,[]
TX,33.211653006,295283.39589509,4642471.470282082,1.2,1730,7,1,310-4,"[['RX_GW', 33.326649406, 1730, 7, 1, 868.1, -120.471285461, '00:00:00:00:00:04']]"
TX,33.339389165,291868.984094352,4642545.214531805,1.2,2661,12,1,84-29,[]
TX,33.531175082,294137.59784532,4647413.915073081,1.2,2566,12,1,75-27,[]
TX,33.665262489,291754.052891293,4638619.822759539,1.2,1012,12,1,22-28,[]
TX,33.777768939,295130.450524641,4642702.607332631,1.2,2625,8,1,82-25,"[['RX_GW', 33.985182271, 2625, 8, 1, 868.1, -125.815487024, '00:00:00:00:00:04']]"
TX,33.828640528,292362.920686728,4637412.746199044,1.2,2315,12,1,50-18,[]
TX,33.910103061,286688.373165612,4645110.253421778,1.2,463,12,1,147-12,[]
TX,34.280858754,294133.450142024,4647404.692808048,1.2,226,12,1,121-18,[]
TX,34.456230669,287350.748406721,4641829.424003204,1.2,1324,12,1,256-5,[]
TX,34.565817702,287802.70403928,4631750.548488172,1.2,1929,12,1,339-19,[]
TX,34.812014396,289935.643854097,4637963.955507313,1.2,1087,12,1,231-14,[]
TX,35.374313001,290040.91338036,4643477.229555057,1.2,1777,12,1,318-3,[]
TX,35.379164027,292128.444609784,4640834.149274044,1.2,1138,12,1,237-8,[]
TX,35.389243476,289001.749228211,4635005.550374789,1.2,2402,12,1,57-25,[]
TX,35.622226379,290942.039576692,4644485.362464821,1.2,1445,12,1,273-5,[]
TX,35.681255306,290916.028222368,4638778.553100485,1.2,718,12,1,176-27,[]
TX,35.725244654,271658.680209793,4630618.120223244,1.2,2210,12,1,43-1,[]
TX,35.769167365,292891.884283339,4642205.776919848,1.2,2168,12,1,39-10,[]
TX,35.822904797,291300.926545802,4641988.328222552,1.2,2672,12,1,85-14,[]
TX,35.859094015,290991.517494939,4639053.81492337,1.2,2534,12,1,72-20,[]
TX,35.87961501,292238.852792763,4643065.313667289,1.2,2711,12,1,93-17,[]
TX,35.945533513,290916.686402521,4641180.661366698,1.2,2457,7,1,67-2,[]
TX,36.058911401,292539.669446043,4641356.456303085,1.2,1072,12,1,229-17,[]
TX,36.186251376,290446.35105698,4640573.539055478,1.2,344,7,1,137-10,[]
TX,36.257619932,292257.57619112,4636532.328109014,1.2,2159,12,1,371-27,[]
TX,36.388594999,291042.107050597,4644009.41907971,1.2,35,12,1,101-24,[]
TX,36.63892474,288558.442356583,4637564.264113661,1.2,1408,12,1,269-19,[]
TX,36.667559558,292519.977593151,4640550.33589108,1.2,571,12,1,155-6,[]
TX,36.718354662,289940.484341612,4634395.129014887,1.2,1733,12,1,311-17,[]
TX,36.850373275,291068.614704256,4644048.027861591,1.2,901,12,1,201-22,[]
TX,36.900093819,291045.245409691,4641730.497657593,1.2,1510,10,1,284-26,[]
TX,36.940321508,291075.209849533,4641069.223276592,1.2,1379,9,1,266-26,[]
TX,37.016252963,291126.555070394,4642470.034119686,1.2,2324,12,1,50-3,[]
TX,37.238285747,290706.637920327,4641305.169214346,1.2,1256,7,1,249-16,"[['RX_GW', 37.353282079, 1256, 7, 1, 868.1, -118.84775803, '00:00:00:00:00:02']]"
TX,37.259323697,291123.858707386,4641185.118680495,1.2,1150,9,1,239-12,[]
TX,37.398060406,293405.376337791,4643283.610670232,1.2,2327,12,1,50-5,[]
TX,37.508251425,290311.034835556,4640352.931786568,1.2,561,7,1,155-17,"[['RX_GW', 37.623247121, 561, 7, 1, 868.1, -111.0472618, '00:00:00:00:00:02']]"
TX,37.538491936,291705.934282926,4642121.652293023,1.2,1186,12,1,24-25,[]
TX,37.784750377,292384.751227749,4637304.844864147,1.2,322,12,1,130-25,[]
TX,37.796942834,292746.485558687,4641892.159233577,1.2,1131,12,1,237-12,[]
TX,37.835822084,289359.908836154,4634339.148827074,1.2,813,12,1,188-20,[]
TX,37.877771346,289214.781223589,4642523.104563547,1.2,1827,11,1,326-19,"[['RX_GW', 39.358530773, 1827, 11, 1, 868.1, -133.693626016, '00:00:00:00:00:02']]"
TX,37.942622693,291036.792671236,4644004.873019421,1.2,750,12,1,181-28,[]
TX,37.968449503,292043.680312333,4641774.529907524,1.2,351,12,1,137-18,[]
TX,38.261703042,290518.652009394,4641371.637676648,1.2,1800,7,1,321-6,[]
TX,38.30512731,289762.037840122,4641666.427949232,1.2,1300,7,1,254-3,[]
TX,38.347669242,292058.48261849,4641795.616329989,1.2,939,12,1,204-28,[]
TX,38.366887481,289934.260134826,4634403.866503962,1.2,2560,12,1,75-20,[]
TX,38.573404174,290082.786622173,4641528.087525019,1.2,2091,7,1,362-3,[]
TX,38.592638896,291071.446738221,4639303.332170757,1.2,1899,12,1,336-18,[]
TX,38.603471808,291850.158873282,4641939.110018689,1.2,2136,12,1,368-19,[]
TX,38.871172975,291020.187997366,4644019.108070502,1.2,2237,12,1,44-25,[]
TX,38.919933721,292079.470114769,4641785.798137927,1.2,443,12,1,141-27,[]
TX,38.931324378,291679.279094068,4642120.743270143,1.2,360,12,1,137-28,[]
TX,38.952752086,286703.9353265,4645132.858318479,1.2,1388,12,1,267-25,[]
TX,39.217804432,286707.487964784,4645114.326479511,1.2,919,12,1,203-10,[]
TX,39.255964445,289188.074520449,4642513.679149562,1.2,1826,11,1,326-18,[]
TX,39.303673192,295651.340352103,4645577.282060496,1.2,2258,12,1,46-17,[]
TX,39.353332618,287907.495729451,4643924.970884187,1.2,385,12,1,138-8,[]
TX,39.380439485,289788.014795942,4634655.462266238,1.2,1593,12,1,298-18,[]
TX,39.499060813,287750.505924694,4641453.961410918,1.2,366,12,1,137-6,[]
TX,39.538453315,286091.727770348,4641576.438188516,1.2,1986,12,1,347-13,[]
TX,39.89061124,292698.390058194,4641847.584538695,1.2,2542,12,1,72-3,[]
TX,39.903996582,291301.456464719,4644575.560028859,1.2,934,12,1,204-23,[]
TX,39.922269481,294782.827578587,4644781.105893144,1.2,918,12,1,202-28,[]
TX,39.936845122,292391.914147698,4643087.242108944,1.2,1624,12,1,303-17,[]
TX,40.025361097,292847.197263125,4641930.210085744,1.2,1517,12,1,287-17,[]
TX,40.133775153,292108.784999819,4642638.359942168,1.2,2748,12,1,96-3,[]
TX,40.526736325,296516.597228901,4643812.615196101,1.2,1050,12,1,226-13,[]
TX,40.599076623,291392.846374277,4642164.372086489,1.2,335,10,1,131-12,[]
TX,40.672673019,292314.680012612,4641462.01211759,1.2,1630,12,1,304-17,[]
TX,41.057054824,290756.205265157,4643847.477393975,1.2,1039,12,1,223-23,[]
TX,41.147476704,287765.189949306,4645628.534190197,1.2,1763,12,1,317-20,[]
TX,41.315210469,290737.238956616,4642899.770952915,1.2,2575,12,1,76-14,[]
TX,41.456672275,290421.715542262,4644155.990457405,1.2,112,12,1,109-10,[]
TX,41.518961274,273660.809193292,4630678.6393509,1.2,2204,12,1,42-14,[]
TX,41.702017298,288271.827488791,4629843.215106827,1.2,1807,12,1,322-21,[]
TX,41.840736126,290051.683420687,4642387.917983458,1.2,558,9,1,153-6,[]
TX,41.84762647,289784.926829194,4635422.841348591,1.2,2221,12,1,43-24,[]
TX,41.852169391,292297.750104076,4642275.53242573,1.2,2487,12,1,70-17,[]
TX,41.883637293,291488.720457747,4641984.836750872,1.2,1196,10,1,24-7,[]
TX,41.888865435,289881.166363384,4642383.147805383,1.2,314,10,1,130-17,[]
TX,41.996729428,290290.800636189,4642157.733236561,1.2,1266,8,1,250-21,[]
TX,42.031468507,297004.289729645,4642887.533729615,1.2,2041,10,1,353-7,[]
TX,42.107091717,291126.655838397,4641420.155910517,1.2,1838,9,1,330-12,[]
TX,42.145832177,290635.621342307,4639779.02342203,1.2,2645,9,1,84-12,[]
TX,42.264169219,291041.215168883,4644017.638616699,1.2,794,12,1,186-24,[]
TX,42.312352103,291049.934791642,4642324.981929723,1.2,822,12,1,19-3,[]
TX,42.39925086,295682.660802532,4642555.112225424,1.2,817,7,1,188-5,[]
TX,42.515846002,290339.080957423,4641417.752528662,1.2,2252,7,1,45-5,"[['RX_GW', 42.630841623, 2252, 7, 1, 868.1, -114.868050605, '00:00:00:00:00:02']]"
TX,42.654826834,290485.830751712,4640633.817594424,1.2,1997,7,1,348-19,"[['RX_GW', 42.769822326, 1997, 7, 1, 868.1, -111.215669896, '00:00:00:00:00:02']]"
TX,42.911456624,289832.674458608,4638672.801274566,1.2,2654,12,1,84-20,[]
TX,42.984032803,286441.513451825,4644460.708557447,1.2,1382,12,1,267-10,[]
TX,43.040558684,292301.278107279,4641586.191250267,1.2,1574,12,1,293-2,[]
TX,43.209803008,290762.091920367,4641518.608749055,1.2,2151,8,1,371-19,[]
TX,43.279262586,290082.608869818,4645146.830110499,1.2,1459,12,1,274-6,[]
TX,43.398942618,291980.911332529,4643709.757028502,1.2,2567,12,1,75-4,[]
TX,43.494612478,290046.298170832,4640961.958128843,1.2,1049,7,1,226-12,[]
TX,43.496961925,285608.698882732,4647187.385613179,1.2,1422,12,1,270-17,[]
TX,43.503205955,290434.058323142,4642339.295997505,1.2,2096,10,1,363-10,[]
TX,43.554254192,294967.935726437,4642686.683934198,1.2,1533,9,1,287-7,"[['RX_GW', 43.926019789, 1533, 9, 1, 868.1, -127.15774141, '00:00:00:00:00:04']]"
TX,43.675977104,291870.727758119,4642856.822141417,1.2,311,12,1,130-12,[]
TX,43.729438212,285755.293716435,4634089.149853315,1.2,1562,12,1,290-3,[]
TX,43.771603588,289697.056186615,4645671.233197707,1.2,515,12,1,150-7,[]
TX,43.843564255,275375.058860512,4631426.540180885,1.2,684,12,1,172-17,[]
TX,44.032279601,290060.964323838,4635333.463842861,1.2,2007,12,1,349-17,[]
TX,44.087039625,289948.936330937,4634407.179089716,1.2,473,12,1,148-10,[]
TX,44.115099864,291672.261472087,4644352.154755593,1.2,2746,12,1,96-20,[]
TX,44.155519079,290059.658106491,4634502.240329234,1.2,1004,12,1,22-11,[]
TX,44.187175294,291532.302296484,4640974.723695037,1.2,510,9,1,150-3,[]
TX,44.272334945,292077.456700962,4640561.237759267,1.2,1140,12,1,238-10,[]
TX,44.289884486,289704.997329884,4639291.622311711,1.2,2043,10,1,356-27,[]
TX,44.298706439,292081.577884044,4643144.751136124,1.2,830,12,1,190-18,[]
TX,44.390312124,293170.528329615,4640549.32695761,1.2,2393,12,1,56-4,[]
TX,44.564913741,273760.954771413,4630433.577163465,1.2,1471,12,1,275-4,[]
TX,44.574989977,293718.451774437,4645085.111701557,1.2,484,12,1,148-24,[]
TX,44.699277332,291469.033625665,4636710.998974332,1.2,2152,12,1,371-20,[]
TX,44.999696072,294128.521951571,4647408.184017495,1.2,1688,12,1,309-29,[]
TX,45.071820256,291626.084444978,4642207.140100243,1.2,2079,12,1,361-19,[]
TX,45.409030105,290666.334789363,4641287.429688087,1.2,530,7,1,151-5,[]
TX,45.598703502,291685.392927481,4642134.432543142,1.2,1941,12,1,339-7,[]
TX,45.640386709,290197.777421804,4643361.035173855,1.2,848,12,1,194-25,[]
TX,45.644146062,296015.454271971,4641678.380429599,1.2,2593,7,1,8-15,[]
TX,45.834051778,293566.568129877,4642130.590095033,1.2,196,11,1,115-12,[]
TX,45.849961819,287923.171408955,4643538.863124277,1.2,928,12,1,204-10,[]
TX,45.856412113,290166.906107905,4635345.335478023,1.2,1267,12,1,250-3,[]
TX,45.931036759,291717.005535356,4642163.974479964,1.2,123,12,1,109-20,[]
TX,45.970547795,289944.68849902,4634403.03229927,1.2,1594,12,1,298-19,[]
TX,45.996620754,295618.081535192,4645550.317843468,1.2,2285,12,1,47-29,[]
TX,46.24468361,291033.855344789,4644024.95941742,1.2,462,12,1,147-11,[]
TX,46.374028326,296132.762603029,4643127.882680449,1.2,2624,9,1,82-24,[]
TX,46.470338354,292658.067307688,4641767.397891196,1.2,761,12,1,182-19,[]
TX,46.575719976,291749.33119261,4640281.890629098,1.2,2626,12,1,82-26,[]
TX,46.734057697,291853.353925515,4642555.632586978,1.2,909,12,1,202-12,[]
TX,46.784485534,294900.370823503,4644416.105303404,1.2,1296,12,1,254-26,[]
TX,46.892786434,287579.988212728,4633414.119786061,1.2,1483,12,1,28-10,[]
TX,46.931530107,286027.013475793,4640235.785297241,1.2,40,12,1,101-3,[]
TX,47.048718199,291984.617979351,4643701.147204832,1.2,240,12,1,124-1,[]
TX,47.095164632,291831.48367945,4642545.906499418,1.2,2127,12,1,367-5,[]
TX,47.125199507,292647.075730548,4642009.509376804,1.2,2472,12,1,68-30,[]
TX,47.222375455,293194.244059292,4640193.075305706,1.2,721,12,1,178-3,[]
TX,47.380726937,293710.002795861,4645350.016494994,1.2,1840,12,1,330-17,[]
TX,47.473312535,291179.263963911,4641960.74933104,1.2,269,10,1,126-14,[]
TX,47.513550352,292645.286768423,4641760.835961115,1.2,958,12,1,209-26,[]
TX,47.522411142,291402.960089303,4641313.190611682,1.2,826,9,1,19-7,[]
TX,47.564637217,288179.982253011,4643889.459033356,1.2,1527,12,1,287-27,[]
TX,47.572676999,290865.202711997,4642269.760187986,1.2,1338,12,1,260-20,[]
TX,47.650798366,294127.563972629,4647415.166127181,1.2,2383,12,1,56-17,[]
TX,47.704252,290971.644289168,4643235.992996527,1.2,489,12,1,148-3,[]
TX,47.791764172,297536.601286844,4640925.724165695,1.2,1870,10,1,332-5,[]
TX,48.07167896,286278.793473588,4634552.399028533,1.2,748,12,1,181-26,[]
TX,48.261701534,291623.731078575,4644278.861800119,1.2,71,12,1,104-18,[]
TX,48.314109525,292664.951563613,4641777.405776487,1.2,1729,12,1,310-30,[]
TX,48.391348837,299746.439272322,4630059.74665084,1.2,581,12,1,158-10,[]
TX,48.532560163,291955.174717101,4642597.382439439,1.2,145,12,1,11-4,[]
TX,48.596803822,291067.062469751,4644026.445895787,1.2,2706,12,1,91-7,[]
TX,48.745289104,288739.822370833,4642562.599448325,1.2,1455,11,1,274-26,[]
TX,48.813817522,291358.798310754,4642021.974773573,1.2,797,11,1,186-27,[]
TX,48.898827207,292695.261633614,4641812.347016505,1.2,1884,12,1,334-5,[]
TX,48.927281884,290502.969075223,4643376.383341777,1.2,2586,12,1,79-18,[]
TX,48.935461993,292893.506232151,4640445.732319891,1.2,174,12,1,112-2,[]
TX,49.02493588,292791.35303297,4642769.424287065,1.2,1725,12,1,310-20,[]
TX,49.065695331,295126.788331179,4642702.63994438,1.2,340,8,1,131-27,[]
TX,49.114050743,292717.896120585,4643717.266953645,1.2,2644,12,1,84-11,[]
TX,49.187065295,292312.225037479,4642289.481305695,1.2,2125,12,1,367-3,[]
TX,49.33565591,292306.136308594,4637660.367605321,1.2,546,12,1,153-1,[]
TX,49.402253696,290753.570194029,4644502.088904377,1.2,1438,12,1,270-8,[]
TX,49.40690209,291107.62920917,4642352.059265007,1.2,170,12,1,112-1,[]
TX,49.43188603,292988.812768857,4642280.760916327,1.2,2350,12,1,51-4,[]
TX,49.487082681,293053.390168669,4644013.400097715,1.2,1427,12,1,270-22,[]
TX,49.506725253,291192.959416982,4640424.563497539,1.2,2017,8,1,349-6,[]
TX,49.546692824,295369.188824953,4644105.012163211,1.2,109,12,1,107-27,[]
TX,49.564289233,290901.066930004,4642264.986048547,1.2,1069,10,1,226-8,[]
TX,49.565313223,286591.096814258,4641688.625006639,1.2,1609,12,1,3-26,[]
TX,49.602944477,289645.483921163,4643604.463943456,1.2,1825,12,1,326-17,[]
TX,49.712469764,290509.605024192,4639983.808329741,1.2,2053,9,1,357-5,[]
TX,49.914971385,291989.483715679,4643720.204290492,1.2,225,12,1,121-17,[]
TX,49.944636199,287736.079972915,4643432.379033367,1.2,1204,12,1,241-26,[]
TX,50.09668421,295113.844856657,4642668.680574923,1.2,2086,8,1,361-7,"[['RX_GW', 50.304097473, 2086, 8, 1, 868.1, -125.476801143, '00:00:00:00:00:04']]"
TX,50.136095222,271829.076308734,4630670.124810523,1.2,1905,12,1,336-5,[]
TX,50.358801212,293120.707645983,4649793.859599208,1.2,2147,12,1,369-5,[]
TX,50.376096921,292137.788490841,4642149.79325565,1.2,422,12,1,140-21,[]
TX,50.711098697,295117.794253223,4642703.38211576,1.2,1331,8,1,259-21,"[['RX_GW', 50.918512053, 1331, 8, 1, 868.1, -125.929524406, '00:00:00:00:00:04']]"
TX,50.874061412,291833.34715824,4641597.894604948,1.2,1217,11,1,244-14,[]
TX,50.915267618,291029.606803263,4639121.515662988,1.2,1734,12,1,311-18,[]
TX,51.08379494,291023.252581559,4644007.03435794,1.2,2500,12,1,71-12,[]
TX,51.245538578,292262.378851822,4643879.061538074,1.2,2176,12,1,39-27,[]
TX,51.449263329,271828.369835864,4630657.958080413,1.2,1210,12,1,242-24,[]
TX,51.517749488,292333.387222842,4642048.238718021,1.2,678,12,1,171-23,[]
TX,51.522530665,289671.734555994,4642154.938987159,1.2,1860,9,1,332-19,"[['RX_GW', 51.894296433, 1860, 9, 1, 868.1, -129.706542803, '00:00:00:00:00:02']]"
TX,51.649556947,288180.127357854,4643894.658196568,1.2,1023,12,1,221-22,[]
TX,51.783480558,291774.084445915,4639829.619859101,1.2,648,12,1,163-29,[]
TX,51.846250538,292233.128224766,4639459.964785973,1.2,746,12,1,181-24,[]
TX,51.98408277,291027.262983786,4641950.238793449,1.2,1680,9,1,308-28,"[['RX_GW', 52.355849272, 1680, 9, 1, 868.1, -129.230151058, '00:00:00:00:00:02']]"
TX,52.068036615,290951.896016744,4642039.847445332,1.2,966,10,1,21-25,[]
TX,52.127717724,287901.970149968,4643983.235035736,1.2,1109,12,1,232-3,[]
TX,52.19056838,291947.702532078,4642594.893831048,1.2,837,12,1,190-4,[]
TX,52.206822219,290694.453858561,4641312.050142126,1.2,283,7,1,127-6,[]
TX,52.246134115,292317.281661438,4642042.770379857,1.2,1399,12,1,268-30,[]
TX,52.277076471,291023.852268588,4641945.657118561,1.2,457,9,1,145-27,[]
TX,52.30059707,290016.607879152,4640039.153155262,1.2,2090,8,1,362-20,[]
TX,52.493319245,299495.667082845,4640784.505053794,1.2,1283,12,1,254-12,[]
TX,52.836085038,291043.102779425,4640474.802625332,1.2,594,9,1,158-9,"[['RX_GW', 53.207850464, 594, 9, 1, 868.1, -128.471640635, '00:00:00:00:00:02']]"
TX,52.84409737,289946.575313917,4642803.597789564,1.2,2034,11,1,353-21,[]
TX,52.867183228,290545.838248989,4640986.380215765,1.2,1047,7,1,226-10,[]
TX,52.887552441,292265.600487337,4638877.73707671,1.2,480,12,1,148-20,[]
TX,53.061852589,282118.639942332,4637659.952443403,1.2,1095,12,1,231-26,[]
TX,53.246590931,293703.104805621,4645351.228295412,1.2,784,12,1,185-4,[]
TX,53.394514556,273711.40359514,4630647.79522551,1.2,83,12,1,105-20,[]
TX,53.436691247,288977.367093398,4643974.700035256,1.2,2362,12,1,53-6,[]
TX,53.447407511,289459.166639319,4643118.19676887,1.2,32,12,1,101-2,[]
TX,53.492699336,291864.531510978,4641965.979233739,1.2,1868,12,1,332-3,[]
TX,53.82582629,291525.604403498,4641466.079945161,1.2,2115,11,1,367-14,[]
TX,53.831313084,290170.387044983,4645099.009690105,1.2,577,12,1,157-3,[]
TX,53.927358802,291179.984199815,4635304.823204055,1.2,2201,12,1,42-11,[]
TX,54.270249276,290063.12699964,4642378.02173461,1.2,2046,10,1,356-9,[]
TX,54.295330167,290667.761452948,4641292.852817421,1.2,448,7,1,143-26,[]
TX,54.330952069,290724.072460164,4647240.420459538,1.2,1209,12,1,242-13,[]
TX,54.502176269,273003.165530015,4624632.915206895,1.2,1556,12,1,290-17,[]
TX,54.538587258,298462.224376195,4646490.460120992,1.2,1945,12,1,340-11,[]
TX,54.552670323,291663.232154695,4642392.236880001,1.2,129,12,1,109-28,[]
TX,54.661076695,289991.585544831,4641595.331334512,1.2,2430,7,1,61-29,[]
TX,54.706405889,290854.712270477,4638444.75043923,1.2,1297,12,1,254-27,[]
TX,54.801521287,292903.561215341,4641899.934861016,1.2,1178,12,1,24-15,[]
TX,54.932148155,292457.977564851,4643494.815947194,1.2,1094,12,1,231-25,[]
TX,54.946186307,292393.652214363,4641920.209804998,1.2,876,12,1,198-13,[]
TX,55.122844494,292868.642983445,4643517.412810931,1.2,1465,12,1,275-18,[]
TX,55.242970513,293321.827244436,4644269.345447841,1.2,2691,12,1,88-27,[]
TX,55.577576803,291142.581805542,4644705.596497721,1.2,330,12,1,130-7,[]
TX,55.964686148,289988.347285341,4637704.685261063,1.2,599,12,1,159-19,[]
TX,55.999584344,291109.9375769,4642468.134226845,1.2,1637,12,1,305-1,[]
TX,56.32942112,292363.302246589,4641994.940526987,1.2,1968,12,1,341-3,[]
TX,56.352514173,291612.377564281,4641418.465481994,1.2,1578,10,1,293-3,"[['RX_GW', 57.012025485, 1578, 10, 1, 868.1, -132.37947773, '00:00:00:00:00:02']]"
TX,56.63936303,291019.157504855,4644015.821767176,1.2,2714,12,1,93-2,[]
TX,56.701436125,293196.446639868,4641994.615501617,1.2,107,12,1,107-25,[]
TX,56.752170879,291722.990722768,4642154.576873477,1.2,1460,12,1,274-7,[]
TX,56.92432051,289598.175738574,4643541.708046098,1.2,789,12,1,186-11,[]
TX,56.925925994,287806.607787729,4628727.785816727,1.2,125,12,1,109-24,[]
TX,57.465338858,293389.777074612,4641519.449124723,1.2,1904,12,1,336-4,[]
TX,57.74532126,291491.149036388,4642505.490896853,1.2,498,12,1,149-16,[]
TX,57.751177766,291808.328399948,4641569.213112878,1.2,1770,11,1,318-15,[]
TX,57.848819259,291847.918888386,4642552.608787493,1.2,369,12,1,138-12,[]
TX,57.881832714,292781.186113022,4642163.013342413,1.2,1837,12,1,330-11,[]
TX,57.980279149,290859.484290411,4642263.087148281,1.2,2175,12,1,39-26,[]
TX,57.985347965,290719.647660586,4641302.662522945,1.2,1123,7,1,234-21,[]
TX,58.017945328,291742.533700484,4642039.490031257,1.2,632,11,1,163-11,[]
TX,58.181879506,290532.331739213,4635542.966985526,1.2,2060,12,1,358-14,[]
TX,58.273818791,291475.973243543,4639031.948101237,1.2,2595,12,1,8-17,[]
TX,58.364899419,293244.273519021,4640207.463872169,1.2,1706,12,1,31-2,[]
TX,58.386766827,291312.786619582,4642010.342055568,1.2,2485,12,1,7-7,[]
TX,58.395664008,302580.383089142,4642871.604674774,1.2,870,12,1,197-5,[]
TX,58.598858953,292336.597707047,4642039.902369834,1.2,249,12,1,124-26,[]
TX,58.763990556,285526.139273533,4633263.648847381,1.2,1552,12,1,29-27,[]
TX,58.920444165,292372.728333819,4644008.432602895,1.2,960,12,1,21-10,[]
TX,58.924698889,290519.490083377,4641365.35045201,1.2,1428,7,1,270-23,[]
TX,58.928447556,292451.196263918,4641823.375846791,1.2,2097,12,1,363-12,[]
TX,59.226670376,290389.97231848,4644471.715469081,1.2,2000,12,1,348-4,[]
TX,59.274430323,291994.099170299,4643700.260563435,1.2,618,12,1,162-13,[]
TX,59.423585948,291899.883078514,4641339.534974069,1.2,481,12,1,148-21,[]
TX,59.512289818,289230.097042239,4642517.206158491,1.2,2397,11,1,56-8,[]
TX,59.532669927,290680.021662129,4641294.345558044,1.2,52,7,1,102-3,[]
TX,59.65865846,292276.83194001,4642011.612453154,1.2,598,12,1,159-18,[]
TX,59.667691008,292316.088484616,4642055.557138108,1.2,935,12,1,204-24,[]
TX,59.6790473,292571.537872822,4641393.390414941,1.2,2453,12,1,67-15,[]
TX,59.769712815,289714.5231019,4635236.267819627,1.2,1892,12,1,335-20,[]
TX,60.500384723,290792.818355531,4642024.718547149,1.2,2552,9,1,73-6,"[['RX_GW', 60.872150892, 2552, 9, 1, 868.1, -127.884692862, '00:00:00:00:00:02']]"
TX,60.685825539,291076.944079532,4644037.905860134,1.2,2498,12,1,71-10,[]
TX,60.714063404,289327.898287183,4634318.695873102,1.2,2447,12,1,66-21,[]
TX,60.924238309,292945.849255382,4642300.244608496,1.2,1162,12,1,239-26,[]
TX,61.002503216,291948.373602151,4642586.182883187,1.2,2628,12,1,82-28,[]
TX,61.028774546,291231.492582862,4638757.284432744,1.2,682,12,1,171-27,[]
TX,61.198911054,291869.745948577,4642556.135520197,1.2,885,12,1,199-12,[]
TX,61.210946978,291207.903365867,4631942.914624082,1.2,1303,12,1,254-6,[]
TX,61.271762089,290293.534511495,4641969.066798221,1.2,2611,8,1,81-10,[]
TX,61.40562535,286710.172044385,4645132.408600749,1.2,1387,12,1,267-24,[]
TX,61.478385303,299744.441772378,4630056.370902188,1.2,987,12,1,214-5,[]
TX,61.569053122,291760.787438138,4642644.255857483,1.2,2530,12,1,72-16,[]
TX,61.589604432,286687.092797896,4645817.078614894,1.2,1385,12,1,267-13,[]
TX,61.637367732,290989.622201257,4639061.335643025,1.2,1031,12,1,222-24,[]
TX,61.71388564,286895.600689384,4640881.49983129,1.2,2208,12,1,42-27,[]
TX,61.776678252,292692.992307712,4641825.073780172,1.2,1100,12,1,231-6,[]
TX,62.046482229,288182.641772487,4643895.438269647,1.2,2427,12,1,61-19,[]
TX,62.106719757,289221.130919143,4642077.05635534,1.2,1611,9,1,3-28,[]
TX,62.297982712,287925.210246498,4643283.532957484,1.2,2609,12,1,80-6,[]
TX,62.702204832,287702.257494981,4621656.82664814,1.2,959,12,1,209-27,[]
TX,63.020892839,291126.262763566,4641180.576819163,1.2,132,9,1,109-30,[]
TX,63.152564232,290866.303634405,4642261.318991737,1.2,1496,12,1,282-18,[]
TX,63.351992838,288377.418640799,4637276.881559245,1.2,815,12,1,188-3,[]
TX,63.56488341,292458.368543733,4642797.25871837,1.2,264,12,1,125-27,[]
TX,63.734227548,290730.988567814,4647058.492254069,1.2,1395,12,1,268-20,[]
TX,63.757065441,286345.413373075,4641694.11169216,1.2,1407,12,1,269-18,[]
TX,63.787412682,292946.978764553,4644327.453500546,1.2,1348,12,1,261-14,[]
TX,63.789876123,291065.879981084,4644028.178278,1.2,1545,12,1,29-11,[]
TX,63.819245336,293837.330533704,4640791.094671521,1.2,2619,11,1,82-11,"[['RX_GW', 65.300005781, 2619, 11, 1, 868.1, -134.833641493, '00:00:00:00:00:04']]"
TX,63.853570488,292312.885223503,4642051.77955333,1.2,843,12,1,194-12,[]
TX,64.054700341,291814.840750264,4642874.690551529,1.2,1998,12,1,348-20,[]
TX,64.20218664,294386.132620869,4644780.396941805,1.2,60,12,1,103-19,[]
TX,64.304832479,292728.043369403,4641857.247000284,1.2,783,12,1,185-3,[]
TX,64.355519317,290883.276757279,4644271.147675944,1.2,315,12,1,130-18,[]
TX,64.359539348,287904.082607203,4643948.571427069,1.2,811,12,1,187-6,[]
TX,64.495967192,272367.950016381,4629929.786755824,1.2,996,12,1,215-23,[]
TX,64.567050274,288098.62739492,4647129.951056375,1.2,2701,12,1,91-3,[]
TX,64.584566777,290204.341758096,4641471.701644761,1.2,2529,7,1,72-15,[]
TX,64.68534401,277585.408427823,4632396.982140749,1.2,1991,12,1,347-27,[]
TX,64.748117343,291980.091644277,4643740.251959709,1.2,1610,12,1,3-27,[]
TX,64.779159932,293176.233526019,4643083.246597801,1.2,300,12,1,129-11,[]
TX,64.956095211,291125.229626382,4642468.619720154,1.2,2440,12,1,62-26,[]
TX,64.967052106,295123.902357194,4642709.811039465,1.2,2773,8,1,97-6,[]
TX,65.163861437,291470.556036106,4641022.154956069,1.2,470,9,1,147-28,[]
TX,65.391858993,289512.108363044,4642803.563787599,1.2,2022,10,1,351-19,[]
TX,65.40107315,290074.899123207,4642395.659863775,1.2,2411,9,1,58-5,[]
TX,65.53917947,290344.015542279,4642835.66782927,1.2,98,12,1,106-28,[]
TX,65.597059587,292630.648945634,4641771.955141919,1.2,1275,12,1,253-14,[]
TX,65.63844817,273721.580197732,4630652.556394399,1.2,212,12,1,12-1,[]
TX,65.879985225,292520.616030878,4642913.954363256,1.2,2546,12,1,72-7,[]
TX,65.972584165,291056.439824948,4644020.887395283,1.2,2630,12,1,82-4,[]
TX,66.020324694,292868.388515193,4642223.858150708,1.2,1979,12,1,344-3,[]
TX,66.184202015,287907.822186732,4643989.26564311,1.2,1113,12,1,232-7,[]
TX,66.411007315,290213.685279504,4640178.641692235,1.2,1229,7,1,245-14,[]
TX,66.558730333,293062.299392753,4642342.570172084,1.2,2517,12,1,71-3,[]
TX,66.611637537,301074.710764522,4635967.935444605,1.2,2188,12,1,41-10,[]
TX,66.690338862,292568.163950241,4643001.188937051,1.2,2264,12,1,46-4,[]
TX,66.773282198,291069.154869625,4641935.210405109,1.2,2228,9,1,43-5,"[['RX_GW', 67.145048767, 2228, 9, 1, 868.1, -129.604158072, '00:00:00:00:00:02']]"
TX,67.029483253,291352.180251533,4641423.439228198,1.2,589,10,1,158-25,[]
TX,67.050728934,291231.09102634,4641298.621330219,1.2,1648,10,1,305-2,[]
TX,67.065110674,291025.129544343,4641956.766401916,1.2,825,9,1,19-6,[]
TX,67.181227978,291914.763696243,4642578.403437408,1.2,828,12,1,190-16,[]
TX,67.440195131,289205.227249118,4642517.255315941,1.2,1828,11,1,326-2,[]
TX,67.494305767,291113.625068848,4641126.302906017,1.2,1277,9,1,253-25,[]
TX,67.789813201,291096.810282559,4642468.867119247,1.2,177,12,1,112-29,[]
TX,67.957262819,295618.250807356,4642130.76288632,1.2,654,7,1,166-10,[]
TX,67.99190376,284480.958163802,4632934.48497063,1.2,1059,12,1,226-24,[]
TX,68.017478484,290957.201668109,4644364.526519956,1.2,61,12,1,103-20,[]
TX,68.227570618,289938.24466641,4634403.110709051,1.2,2408,12,1,58-21,[]
TX,68.55264787,292208.626505349,4649701.219681639,1.2,1773,12,1,318-18,[]
TX,68.653714349,289831.193064032,4643472.309833189,1.2,1135,12,1,237-25,[]
TX,68.711625829,301461.474110039,4645396.497638946,1.2,2496,12,1,70-6,[]
TX,68.903866813,291184.017787719,4641313.949326828,1.2,1608,8,1,3-25,[]
TX,68.956115758,290686.949479563,4641311.002665307,1.2,1340,7,1,260-4,[]
TX,68.971582117,291748.371356516,4643995.853681274,1.2,2478,12,1,7-19,[]
TX,68.987062864,294902.089235187,4644995.21974923,1.2,1858,12,1,332-14,[]
TX,69.124302844,292800.985615334,4643141.539555962,1.2,158,12,1,110-26,[]
TX,69.143567812,271621.833437283,4630622.946426146,1.2,1792,12,1,320-9,[]
TX,69.192755546,271649.296741547,4629213.613088843,1.2,1821,12,1,324-28,[]
TX,69.235604186,291577.562374456,4642158.529351269,1.2,1885,12,1,334-6,[]
TX,69.534494695,290563.525528071,4637458.643531759,1.2,1882,12,1,334-3,[]
TX,69.734820235,293240.992203462,4639406.152409253,1.2,2369,12,1,55-18,[]
TX,69.75876433,292441.906331453,4637242.962663497,1.2,327,12,1,130-4,[]
TX,69.801851855,291586.771790573,4639897.411550846,1.2,1240,12,1,246-22,[]
TX,69.83523104,290982.950139382,4640898.207653078,1.2,1911,7,1,337-13,"[['RX_GW', 69.950227968, 1911, 7, 1, 868.1, -122.248590203, '00:00:00:00:00:02']]"
TX,69.951463316,292689.085327621,4642110.362382485,1.2,2655,12,1,84-21,[]
TX,69.99235562,295610.4596982,4645554.122271451,1.2,2276,12,1,47-18,[]
TX,70.191933913,290575.174905393,4643874.362160347,1.2,1441,12,1,273-19,[]
TX,70.424439187,292604.75588195,4637191.421961659,1.2,2674,12,1,85-28,[]
TX,70.836328164,282594.752435665,4636750.774208575,1.2,1803,12,1,322-17,[]
TX,70.863738316,287400.753191466,4641203.691625271,1.2,1660,12,1,306-15,[]
TX,70.887086038,284472.418618308,4632921.682276747,1.2,1278,12,1,253-26,[]
TX,70.990288366,291994.118971829,4643722.075512998,1.2,379,12,1,138-28,[]
TX,71.108146242,291012.8026179,4641814.0364082,1.2,2618,10,1,82-10,[]
TX,71.150177856,295124.088363003,4642696.424999558,1.2,854,8,1,195-19,[]
TX,71.225885794,287208.930498731,4635334.400106747,1.2,1232,12,1,245-26,[]
TX,71.547116451,291987.302067812,4643710.74048044,1.2,664,12,1,167-3,[]
TX,71.636679745,291598.097881674,4640978.636399712,1.2,2021,10,1,351-18,[]
TX,71.706431432,287905.752888614,4634491.975059765,1.2,2322,12,1,50-28,[]
TX,71.801555909,291954.671725278,4642592.838283112,1.2,943,12,1,206-13,[]
TX,71.806913063,271454.003224688,4630513.202295041,1.2,2137,12,1,368-20,[]
TX,71.882464329,290723.571789745,4644567.879329904,1.2,1234,12,1,245-28,[]
TX,72.074078487,289789.689041636,4645719.934630278,1.2,734,12,1,181-10,[]
TX,72.097533847,291747.672985025,4639646.760088498,1.2,2608,12,1,80-5,[]
TX,72.189378904,292757.103967641,4640824.632987408,1.2,1748,12,1,313-28,[]
TX,72.199259353,289050.435537151,4637210.311840334,1.2,1235,12,1,246-10,[]
TX,72.276852311,291046.392383479,4641931.83515047,1.2,1975,9,1,344-2,[]
TX,72.485497867,290509.630471511,4634656.208647897,1.2,521,12,1,151-21,[]
TX,72.544132636,298251.72050358,4644897.756278316,1.2,2416,12,1,59-20,[]
TX,72.711664886,296711.42704988,4635032.884755965,1.2,320,12,1,130-23,[]
TX,72.952094202,273714.892119475,4630631.427951107,1.2,1392,12,1,268-17,[]
TX,73.158609917,293711.478640644,4645354.421340112,1.2,802,12,1,187-18,[]
TX,73.314208641,289224.531866767,4642072.205016036,1.2,1619,9,1,301-24,"[['RX_GW', 73.685974725, 1619, 9, 1, 868.1, -127.202223473, '00:00:00:00:00:02']]"
TX,73.38014314,271851.752470931,4630651.508542228,1.2,1560,12,1,290-20,[]
TX,73.404249005,291918.19212393,4642589.388446968,1.2,878,12,1,198-22,[]
TX,73.5482309,291845.790731122,4642551.586226612,1.2,948,12,1,206-27,[]
TX,73.955988577,290810.457313958,4642275.641414279,1.2,1671,10,1,308-12,"[['RX_GW', 74.615499479, 1671, 10, 1, 868.1, -132.624370101, '00:00:00:00:00:02']]"
TX,73.988055854,290000.905863236,4642947.267426291,1.2,1374,11,1,266-11,[]
TX,73.990357175,291189.15490942,4644892.450273595,1.2,1953,12,1,340-25,[]
TX,74.594932635,293565.817771677,4642139.751008907,1.2,370,11,1,138-13,[]
TX,74.637193913,293445.105633327,4643936.803951629,1.2,1756,12,1,315-6,[]
TX,74.810037426,290683.969216892,4641292.571409721,1.2,1546,7,1,29-12,"[['RX_GW', 74.925033672, 1546, 7, 1, 868.1, -118.271219094, '00:00:00:00:00:02']]"
TX,75.029143389,290240.612424541,4635213.843631288,1.2,284,12,1,127-7,[]
TX,75.077967349,294026.204310729,4640588.798170631,1.2,665,11,1,167-4,[]
TX,75.173177811,290732.847085294,4641175.18305866,1.2,365,7,1,137-5,"[['RX_GW', 75.288174052, 365, 7, 1, 868.1, -118.151287351, '00:00:00:00:00:02']]"
TX,75.207335954,288974.831244027,4642579.454724909,1.2,29,12,1,101-17,[]
TX,75.228499841,291535.005864125,4642158.184224583,1.2,2763,12,1,97-22,[]
TX,75.320026037,297760.474348603,4636657.811643439,1.2,1115,12,1,233-12,[]
TX,75.433695477,289222.304739893,4642515.931908691,1.2,2380,11,1,56-12,[]
TX,75.776038682,292242.094728992,4638824.75819063,1.2,488,12,1,148-28,[]
TX,75.875124517,290999.219039621,4641879.290320835,1.2,1384,9,1,267-12,[]
TX,75.891585318,289721.480346267,4642409.511074132,1.2,2019,10,1,349-9,[]
TX,75.966588338,299550.283462327,4647945.303726678,1.2,2328,12,1,50-6,[]
TX,76.201160869,291127.990430281,4641239.321882774,1.2,80,10,1,105-17,[]
TX,76.331639168,291805.35746302,4642560.675436848,1.2,2774,12,1,97-7,[]
TX,76.374969837,285485.142817866,4641071.504001825,1.2,1475,12,1,279-10,[]
TX,76.533894222,291232.274462101,4639735.595656919,1.2,883,11,1,198-28,[]
TX,76.853954905,290356.044198503,4640378.08342127,1.2,2468,7,1,68-20,[]
TX,76.927589508,291989.61392982,4643706.016013226,1.2,378,12,1,138-27,[]
TX,77.099241534,291056.520980171,4642067.871157006,1.2,652,10,1,163-6,"[['RX_GW', 77.758752393, 652, 10, 1, 868.1, -131.487318302, '00:00:00:00:00:02']]"
TX,77.127303449,292030.361978371,4640521.643181873,1.2,494,12,1,148-8,[]
TX,77.197276767,292641.462453183,4642036.38453928,1.2,361,12,1,137-29,[]
TX,77.374354259,290003.694338982,4641547.115107807,1.2,758,7,1,182-10,[]
TX,77.458181956,291899.054312932,4641661.367579581,1.2,1833,12,1,326-5,[]
TX,77.471261428,292308.667857198,4642052.150543559,1.2,793,12,1,186-23,[]
TX,77.511953125,291897.35570515,4642568.126206215,1.2,2071,12,1,358-5,[]
TX,77.613380235,288813.132945623,4634198.059319361,1.2,769,12,1,182-6,[]
TX,77.696336913,291048.126440115,4644024.426565981,1.2,176,12,1,112-21,[]
TX,78.255682363,289954.23585431,4634419.690586099,1.2,1850,12,1,330-4,[]
TX,78.458111691,291672.836618554,4642119.497236473,1.2,1943,12,1,339-9,[]
TX,78.553088577,301144.163430234,4640692.353743412,1.2,1370,12,1,264-5,[]
TX,78.856969182,290867.532133539,4642273.279039688,1.2,563,12,1,155-19,[]
TX,79.107199947,291181.093181504,4641937.705632191,1.2,272,11,1,126-9,[]
TX,79.307089977,292371.795345343,4641995.126141185,1.2,2294,12,1,48-12,[]
TX,79.336367687,295169.400009415,4637591.896188604,1.2,699,12,1,173-27,[]
TX,79.476428388,289146.512261458,4642827.018781769,1.2,740,11,1,181-18,[]
TX,79.490164163,291050.489367227,4644046.036362195,1.2,133,12,1,109-4,[]
TX,79.574756429,290330.844311738,4643687.962373755,1.2,977,12,1,211-27,[]
TX,79.918718669,293829.964131534,4640615.834568183,1.2,404,12,1,14-21,[]
TX,80.128165396,289227.572209778,4642064.233711245,1.2,1897,9,1,336-1,[]
TX,80.183056038,291632.71298195,4642847.586312022,1.2,413,12,1,140-13,[]
TX,80.476122661,291686.990138907,4636105.215189738,1.2,666,12,1,167-5,[]
TX,80.488230879,291036.123546275,4641122.235458798,1.2,81,9,1,105-18,[]
TX,80.520508333,290863.719223187,4642270.66274109,1.2,1641,12,1,305-13,[]
TX,80.521320888,292466.164404005,4637296.378410346,1.2,1330,12,1,259-20,[]
TX,80.625620896,292672.621167292,4641797.174594723,1.2,1092,12,1,231-22,[]
TX,80.812338066,282392.917221601,4632810.659124029,1.2,2200,12,1,42-10,[]
TX,80.845204139,289859.886873199,4638388.201110155,1.2,1481,12,1,279-27,[]
TX,81.214349109,291991.428681018,4643710.413632575,1.2,395,12,1,139-26,[]
TX,81.55930216,290716.99696019,4642159.973991074,1.2,179,9,1,112-30,"[['RX_GW', 81.93106856, 179, 9, 1, 868.1, -127.821213382, '00:00:00:00:00:02']]"
TX,81.576848697,290202.779293243,4646782.363928327,1.2,908,12,1,202-11,[]
TX,81.599552899,290669.095441703,4641180.723318174,1.2,490,7,1,148-4,[]
TX,81.605016364,299739.284350468,4630053.33436851,1.2,301,12,1,129-12,[]
TX,81.704744951,292266.164334862,4641960.960196896,1.2,1158,12,1,239-22,[]
TX,81.935834312,292300.698337892,4637664.044335862,1.2,1261,12,1,249-7,[]
TX,82.113720308,291965.661215839,4642592.411810152,1.2,2474,12,1,68-6,[]
TX,82.385006764,292890.24433768,4642631.231713818,1.2,690,12,1,172-3,[]
TX,82.603864903,289452.523927283,4635058.890509696,1.2,187,12,1,113-13,[]
TX,83.001272954,288471.343582065,4642431.648506978,1.2,873,12,1,198-10,[]
TX,83.116714048,293127.254407099,4642307.827778501,1.2,2597,12,1,8-19,[]
TX,83.207225335,289951.952075206,4642831.406918124,1.2,824,12,1,19-5,[]
TX,83.240037624,290230.220500723,4641472.392096329,1.2,1989,7,1,347-25,[]
TX,83.400515384,295137.149158412,4642686.860444044,1.2,13,8,1,100-26,[]
TX,83.422791271,273692.943409398,4630650.380711325,1.2,962,12,1,21-12,[]
TX,83.455604118,294395.987128471,4642711.777959474,1.2,2627,10,1,82-27,[]
TX,83.51138862,291342.508823574,4642013.276087211,1.2,2676,11,1,87-11,[]
TX,83.542170323,292530.920799192,4641892.634529271,1.2,2651,12,1,84-18,[]
TX,83.60578974,291110.528670126,4643704.463867827,1.2,2727,12,1,93-7,[]
TX,83.794305387,289791.419065778,4641765.391453656,1.2,106,7,1,107-24,[]
TX,83.819224157,292518.028743613,4641901.46556948,1.2,836,12,1,190-30,[]
TX,83.846617895,293333.604883118,4639542.385382051,1.2,1861,12,1,332-21,[]
TX,83.909047011,291434.23394252,4642048.300364523,1.2,2289,12,1,47-5,[]
TX,83.929818206,291951.272105052,4642589.009652663,1.2,2089,12,1,362-19,[]
TX,83.955701385,273691.526079179,4630600.759959905,1.2,846,12,1,194-23,[]
TX,83.997961685,292543.471536816,4642937.192041134,1.2,1124,12,1,234-3,[]
TX,84.095901644,291038.387308971,4641125.957994426,1.2,82,9,1,105-19,[]
TX,84.130845172,290477.462540787,4640621.987829859,1.2,2726,7,1,93-6,[]
TX,84.205104646,295624.559535085,4645564.601615685,1.2,2281,12,1,47-24,[]
TX,84.534547334,290083.611732814,4642387.60439467,1.2,1418,9,1,269-7,[]
TX,84.550220725,292066.963145665,4640543.930886012,1.2,1276,12,1,253-24,[]
TX,84.606271213,275682.051605812,4626345.084235156,1.2,2605,12,1,80-17,[]
TX,84.705424871,275869.314814438,4632087.202131514,1.2,2588,12,1,79-20,[]
TX,84.830313419,290730.30190818,4641302.299285045,1.2,627,7,1,162-3,"[['RX_GW', 84.945309817, 627, 7, 1, 868.1, -119.274734502, '00:00:00:00:00:02']]"
TX,85.299241319,291641.067489694,4644614.579697051,1.2,611,12,1,160-4,[]
TX,85.421002439,292895.920548539,4639099.380558785,1.2,973,12,1,211-14,[]
TX,85.541082497,291092.593971001,4641960.639745699,1.2,1258,9,1,249-3,"[['RX_GW', 85.912849181, 1258, 9, 1, 868.1, -129.899467479, '00:00:00:00:00:02']]"
TX,85.726662313,289646.814813079,4643503.910858401,1.2,2747,12,1,96-21,[]
TX,86.034523904,291239.664630463,4639675.791625776,1.2,406,11,1,14-4,"[['RX_GW', 87.515283359, 406, 11, 1, 868.1, -134.198627926, '00:00:00:00:00:02']]"
TX,86.117867825,290030.13776396,4641537.457644376,1.2,2094,7,1,362-7,[]
TX,86.197935261,292081.865431998,4640535.185898028,1.2,1873,12,1,332-8,[]
TX,86.345812645,289512.226381624,4644179.259479329,1.2,541,12,1,152-26,[]
TX,86.352998731,291870.8409321,4642566.770106209,1.2,564,12,1,155-2,[]
TX,86.399943258,289887.540446883,4641941.302436523,1.2,625,7,1,162-28,[]
TX,86.501987346,294398.621149417,4645740.669324672,1.2,694,12,1,172-6,[]
TX,86.747761383,291025.136792819,4644010.715401474,1.2,1543,12,1,288-5,[]
TX,86.863055864,290163.447789835,4635332.574170117,1.2,963,12,1,21-13,[]
TX,86.917002494,291967.125125456,4642595.545584038,1.2,144,12,1,11-3,[]
TX,86.940382766,291439.71035353,4642027.711538408,1.2,418,12,1,140-18,[]
TX,87.01910749,292895.669386051,4642200.250793482,1.2,2657,12,1,84-25,[]
TX,87.049426652,291617.391036138,4642864.945536824,1.2,1000,12,1,215-27,[]
TX,87.107074451,290358.131881164,4641812.339219793,1.2,887,7,1,199-24,[]
TX,87.340823599,291180.905750115,4641319.984119555,1.2,2445,8,1,66-19,[]
TX,87.677043545,291569.246197998,4642088.811318145,1.2,2217,12,1,43-19,[]
TX,87.684125555,289572.273738332,4642052.071796866,1.2,2678,8,1,87-13,[]
TX,87.960409022,288769.926663778,4642590.460926272,1.2,2190,11,1,41-12,[]
TX,88.036772564,273707.393723785,4630610.482525631,1.2,1284,12,1,254-13,[]
TX,88.198267958,290737.329897578,4642350.262722405,1.2,358,11,1,137-26,[]
TX,88.602126303,289877.71969305,4642982.317572607,1.2,1454,12,1,274-20,[]
TX,88.66379078,291841.859249856,4641931.991781764,1.2,25,12,1,101-13,[]
TX,88.83508413,289860.727469289,4641697.457661517,1.2,1958,7,1,340-4,[]
TX,88.884719458,287842.593680342,4638481.092057818,1.2,1242,12,1,246-25,[]
TX,88.993122617,292823.139393186,4641945.763733095,1.2,2385,12,1,56-20,[]
TX,88.994615853,288349.839377088,4642479.971344011,1.2,182,12,1,112-6,[]
TX,89.153249665,288995.584523923,4643702.515756656,1.2,380,12,1,138-3,[]
TX,89.222441371,292244.360706793,4642097.903430354,1.2,292,12,1,128-29,[]
TX,89.36308189,291943.029816072,4634311.178659149,1.2,556,12,1,153-4,[]
TX,89.624747038,290856.263557443,4642307.07081712,1.2,1538,11,1,288-19,[]
TX,89.63117505,292453.161035661,4641829.060384595,1.2,2428,12,1,61-20,[]
TX,89.679470321,290861.060913292,4642273.576091793,1.2,1501,12,1,282-4,[]
TX,89.689731727,293455.644029942,4641376.078126478,1.2,2247,12,1,45-21,[]
TX,89.743295793,292507.586089952,4637231.70279578,1.2,2318,12,1,50-24,[]
TX,89.94821734,290960.500226983,4642013.466261393,1.2,298,10,1,128-7,[]
TX,89.956588417,292544.114845767,4641873.376368154,1.2,770,12,1,182-7,[]
TX,89.997776532,290074.646997722,4641524.185867554,1.2,1956,7,1,340-28,[]
TX,90.09121492,289332.249226902,4634310.295805476,1.2,1018,12,1,220-28,[]
TX,90.322848406,291832.220301815,4642550.874276361,1.2,2149,12,1,369-7,[]
TX,90.360405481,291607.763381815,4641417.904382103,1.2,1097,10,1,231-3,[]
TX,90.479391561,290895.367287591,4642022.11132793,1.2,2223,10,1,43-27,[]
TX,90.526170686,292306.509417158,4651178.556665834,1.2,1332,12,1,259-3,[]
TX,90.608916069,291522.789509311,4642069.449456484,1.2,1678,12,1,308-26,[]
TX,90.636642219,290089.123354925,4640899.972509945,1.2,930,7,1,204-12,[]
TX,90.650798905,292699.463567428,4641838.56816409,1.2,1084,12,1,231-11,[]
TX,90.731936221,291775.589644505,4641548.771100378,1.2,2156,11,1,371-24,[]
TX,90.774371284,285868.99020006,4643370.76707238,1.2,1042,12,1,223-26,[]
TX,90.79435912,290469.975297117,4635468.608501155,1.2,1569,12,1,291-5,[]
TX,90.84831972,295639.485794248,4645558.350570514,1.2,2290,12,1,47-6,[]
TX,91.417540799,290852.082522455,4642269.126050437,1.2,1503,12,1,282-6,[]
TX,91.500644509,271671.664305591,4630674.67643056,1.2,1375,12,1,266-13,[]
TX,91.626354553,292949.066347491,4642258.3408553,1.2,2029,12,1,353-17,[]
TX,91.742111715,294356.512990663,4642738.293617198,1.2,1836,11,1,330-10,[]
TX,91.917878766,289942.656909783,4634416.721126938,1.2,2044,12,1,356-28,[]
TX,91.969162046,288840.194560414,4641814.474678743,1.2,2058,8,1,358-12,[]
TX,91.984911992,290638.804463774,4646623.659212055,1.2,1780,12,1,318-6,[]
TX,92.094064144,290379.461926897,4641798.393561875,1.2,279,7,1,127-21,[]
TX,92.296205972,292713.295314409,4641826.094937461,1.2,527,12,1,151-28,[]
TX,92.356847787,290592.285330879,4635596.493599402,1.2,1919,12,1,338-4,[]
TX,92.70741392,290303.935691073,4641929.072641863,1.2,2067,7,1,358-25,[]
TX,92.870287787,273655.237034565,4630693.543770444,1.2,1516,12,1,287-14,[]
TX,92.989960974,292642.077802788,4642017.518703863,1.2,956,12,1,209-24,[]
TX,93.16025569,286396.259576172,4641703.834051592,1.2,1377,12,1,266-24,[]
TX,93.359152953,286614.821286183,4644781.248679793,1.2,1376,12,1,266-14,[]
TX,93.378439015,289827.045555689,4638591.992244205,1.2,1285,12,1,254-14,[]
TX,93.38561609,294370.549597698,4643074.813617307,1.2,1219,12,1,244-23,[]
TX,93.398482661,290812.771939775,4643139.545688358,1.2,478,12,1,148-18,[]
TX,93.423284644,294026.015443993,4644505.848458475,1.2,732,12,1,179-30,[]
TX,93.498978053,292739.633160153,4642044.682511024,1.2,2647,12,1,84-14,[]
TX,93.60465402,295138.049017445,4642694.796373476,1.2,2767,8,1,97-26,[]
TX,93.674076996,293486.972767599,4639961.875319174,1.2,1644,12,1,305-16,[]
TX,93.739285761,288697.514148273,4635211.989594516,1.2,2740,12,1,95-5,[]
TX,93.876331771,291872.496289159,4636210.707794436,1.2,980,12,1,214-18,[]
TX,93.922904212,290306.88837382,4639309.224807774,1.2,2583,10,1,76-8,[]
TX,94.103739939,292165.751821742,4643997.573550177,1.2,1946,12,1,340-12,[]
TX,94.215393671,290318.396625793,4641434.962138823,1.2,814,7,1,188-21,[]
TX,94.419777798,293514.981294978,4642172.905782901,1.2,1600,12,1,298-6,[]
TX,94.480762852,291573.556114769,4640980.716655044,1.2,2139,10,1,368-4,[]
TX,94.561105912,292327.922379542,4642038.724872425,1.2,2734,12,1,95-2,[]
TX,94.76016809,292146.629085081,4642966.5562241,1.2,2124,12,1,367-28,[]
TX,95.181262841,291605.132303519,4640993.889596043,1.2,858,10,1,195-4,[]
TX,95.18722447,294469.720015604,4641327.925318602,1.2,1520,8,1,287-20,[]
TX,95.315445243,282778.327843047,4635265.407999879,1.2,1144,12,1,238-25,[]
TX,95.568978269,271556.485378448,4630611.070694568,1.2,1507,12,1,284-23,[]
TX,95.7435041,273674.892717379,4630702.987963847,1.2,1588,12,1,294-28,[]
TX,95.805829699,289255.969175384,4642507.923830627,1.2,1704,12,1,31-18,[]
TX,96.054588882,291992.951084066,4643710.388995869,1.2,2705,12,1,91-6,[]
TX,96.228397431,288904.4528996,4643045.38274961,1.2,2675,11,1,87-10,"[['RX_GW', 97.709158875, 2675, 11, 1, 868.1, -134.551459749, '00:00:00:00:00:02']]"
TX,96.348740053,291920.013115143,4642586.777200315,1.2,2131,12,1,367-9,[]
TX,96.632932685,291904.009070731,4641664.433287055,1.2,2470,12,1,68-29,[]
TX,96.699009606,292487.093795774,4641900.170316962,1.2,1216,12,1,244-13,[]
TX,96.750034513,292686.689689013,4641828.383075917,1.2,1469,12,1,275-21,[]
TX,96.75612669,291307.425937523,4641410.197766941,1.2,1160,10,1,239-24,[]
TX,96.762990561,291931.749301085,4642579.436178895,1.2,791,12,1,186-13,[]
TX,96.80327385,295097.239254184,4642706.419025072,1.2,468,8,1,147-26,[]
TX,96.878523717,292775.479725437,4641225.896917715,1.2,1089,12,1,231-18,[]
TX,96.995516301,292731.748994184,4641843.525426894,1.2,1349,12,1,261-24,[]
TX,97.027451633,290273.233127459,4647455.395814063,1.2,426,12,1,140-27,[]
TX,97.054794241,292259.567858007,4641948.289794131,1.2,2537,12,1,72-25,[]
TX,97.136507812,292085.003799817,4640665.928697111,1.2,2238,12,1,44-26,[]
TX,97.284433533,291905.211259893,4642604.267203949,1.2,2584,12,1,76-9,[]
TX,97.426744216,291011.247464733,4641912.69154263,1.2,449,9,1,145-10,[]
TX,97.83893543,291198.658562842,4636227.137607262,1.2,2572,12,1,76-10,[]
TX,97.895892141,292816.963726011,4642795.40968646,1.2,1424,12,1,270-19,[]
TX,97.908507186,292661.651121564,4641768.444341278,1.2,2015,12,1,349-4,[]
TX,97.935046737,295146.128711709,4642733.561078466,1.2,323,7,1,130-26,[]
TX,98.065576166,291765.365996752,4642640.995806466,1.2,855,12,1,195-20,[]
TX,98.232358934,291943.680922086,4641702.862278802,1.2,160,12,1,110-28,[]
TX,98.322638601,273699.355781905,4630637.381546027,1.2,202,12,1,115-27,[]
TX,98.329588526,289594.012641616,4641930.857668609,1.2,446,8,1,143-24,[]
TX,98.364412542,291620.760662446,4642867.655181985,1.2,754,12,1,181-6,[]
TX,98.450310779,292786.634069122,4644133.543980666,1.2,0,12,1,100-10,[]
TX,98.66490595,273718.969829275,4630625.436766098,1.2,401,12,1,14-18,[]
TX,98.711144722,291470.488741694,4642353.254806643,1.2,42,12,1,101-5,[]
TX,98.889954683,291758.224307577,4639719.870126806,1.2,1785,12,1,320-14,[]
TX,99.033490661,294970.927544486,4643400.578279494,1.2,405,12,1,14-3,[]
TX,99.229351999,287684.246857538,4634341.468199782,1.2,1677,12,1,308-25,[]
TX,99.310821028,273705.857090913,4630712.059580389,1.2,2229,12,1,43-6,[]
TX,99.326510555,291812.665763174,4642487.88437404,1.2,1185,12,1,24-24,[]
TX,99.457511815,284944.299565555,4642821.735065991,1.2,2092,12,1,362-5,[]
TX,99.493261681,290705.410290531,4641298.333891658,1.2,2668,7,1,85-10,[]
TX,99.709578775,289526.731283364,4642593.677755713,1.2,2735,11,1,95-21,[]
TX,99.735409707,292660.916166139,4641767.692850395,1.2,945,12,1,206-24,[]
TX,99.745668318,295586.161055867,4645585.51215201,1.2,1029,12,1,222-13,[]
TX,100.127350731,291831.585636313,4642546.956409305,1.2,2544,12,1,72-5,[]
TX,100.204258887,291743.884571476,4641675.787459917,1.2,45,12,1,102-1,[]
TX,100.475629023,289181.633990691,4642152.934056884,1.2,2461,9,1,67-30,[]
TX,100.683323303,291582.744949412,4644175.732511332,1.2,1205,12,1,241-27,[]
TX,100.817416927,294073.193335007,4642821.302240662,1.2,157,12,1,110-25,[]
TX,100.843911635,289248.791392387,4638757.365172711,1.2,1129,12,1,237-10,[]
TX,100.86169063,292705.582669146,4643705.337878599,1.2,430,12,1,140-5,[]
TX,100.961784739,287388.926505976,4630692.861743946,1.2,1788,12,1,320-26,[]
TX,101.321847288,290865.220875944,4642263.079226016,1.2,2388,12,1,56-25,[]
TX,101.444860384,294083.44703472,4646779.271868101,1.2,729,12,1,179-20,[]
TX,101.772035557,291104.961855449,4642463.555870443,1.2,892,12,1,200-14,[]
TX,101.792952877,282389.304608231,4636715.728743642,1.2,2503,12,1,71-15,[]
TX,101.901434128,291162.686368897,4643247.109517281,1.2,1090,12,1,231-20,[]
TX,101.980367701,293334.86035553,4640169.385152702,1.2,983,12,1,214-20,[]
TX,102.005865452,289234.754602589,4642073.514100996,1.2,10,9,1,100-22,[]
TX,102.036996121,287531.123854283,4641952.080371215,1.2,2616,12,1,81-24,[]
TX,102.152501826,292188.860161508,4643527.81445422,1.2,2171,12,1,39-22,[]
TX,102.356125714,290833.226676798,4642267.900501378,1.2,407,12,1,14-6,[]
TX,102.408284065,271581.68196469,4630137.303318108,1.2,1984,12,1,347-10,[]
TX,102.516178792,291859.208496509,4640747.582332612,1.2,796,10,1,186-26,[]
TX,102.561667802,273697.858059722,4630698.260775352,1.2,1479,12,1,279-14,[]
TX,103.001832292,299749.882230992,4630075.517049843,1.2,984,12,1,214-21,[]
TX,103.171191238,295116.789949232,4642698.479493182,1.2,1328,8,1,259-18,"[['RX_GW', 103.378604581, 1328, 8, 1, 868.1, -125.869525813, '00:00:00:00:00:04']]"
TX,103.172003095,291409.135347829,4642051.497328156,1.2,2429,12,1,61-21,[]
TX,103.275339743,291090.774815224,4643472.49821459,1.2,2050,12,1,357-20,[]
TX,103.49864036,290994.328470508,4641137.030478359,1.2,1358,8,1,262-25,"[['RX_GW', 103.706053418, 1358, 8, 1, 868.1, -125.483103591, '00:00:00:00:00:02']]"
TX,103.630853783,290565.573329212,4643792.770787869,1.2,233,12,1,121-4,[]
TX,103.638189136,290391.585456756,4635320.038778314,1.2,2191,12,1,41-13,[]
TX,103.638995335,291625.532796863,4642848.837775473,1.2,2425,12,1,61-17,[]
TX,103.877149314,292605.573622018,4641991.380287902,1.2,2769,12,1,97-28,[]
TX,103.903547071,291882.066216519,4642562.350419491,1.2,2366,12,1,54-23,[]
TX,103.991091235,273705.781106537,4630640.859845417,1.2,680,12,1,171-25,[]
TX,104.025383279,295106.972870716,4645229.469469442,1.2,2080,12,1,361-20,[]
TX,104.157279307,288878.889867364,4640033.814825791,1.2,1238,8,1,246-13,[]
TX,104.258316379,273694.746215345,4630628.445604924,1.2,628,12,1,162-4,[]
TX,104.39073006,273683.236834608,4630717.415906949,1.2,2064,12,1,358-21,[]
TX,104.572636226,291860.471973333,4642565.602793771,1.2,1412,12,1,269-29,[]
TX,104.616664131,295137.459778958,4642708.367871813,1.2,2305,8,1,49-11,"[['RX_GW', 104.824077468, 2305, 8, 1, 868.1, -125.840226901, '00:00:00:00:00:04']]"
TX,104.865578518,291493.515655616,4647261.224300363,1.2,725,12,1,178-7,[]
TX,105.055683514,291684.009418383,4642821.935049429,1.2,1661,12,1,306-16,[]
TX,105.125058434,285514.072514932,4633252.919478606,1.2,1632,12,1,304-19,[]
TX,105.224638801,289546.740682028,4642591.245960735,1.2,911,11,1,202-14,[]
TX,105.317931134,273692.631165041,4630615.051547823,1.2,1928,12,1,339-18,[]
TX,105.369833278,291019.996170725,4644036.103297579,1.2,749,12,1,181-27,[]
TX,105.376969491,291045.341276245,4642329.325300244,1.2,1900,12,1,336-19,[]
TX,105.379345272,290602.49795072,4633568.894541973,1.2,1137,12,1,237-28,[]
TX,105.384745174,291728.797617887,4642147.751551198,1.2,2559,12,1,75-19,[]
TX,105.409930768,290332.510540543,4636226.173481907,1.2,2346,12,1,51-26,[]
TX,105.504796874,295703.62755514,4642552.56128115,1.2,2601,7,1,8-4,"[['RX_GW', 105.619793183, 2601, 7, 1, 868.1, -123.342024517, '00:00:00:00:00:04']]"
TX,105.593825681,293707.067220144,4645350.03795102,1.2,105,12,1,107-23,[]
TX,105.839292312,289186.509878707,4643003.126857357,1.2,2662,12,1,84-3,[]
TX,105.89342991,291412.224139928,4647982.78403215,1.2,1180,12,1,24-18,[]
TX,105.921343884,294956.634700371,4647144.510893675,1.2,2687,12,1,88-14,[]
TX,106.259377673,289217.450029162,4642074.988019967,1.2,387,9,1,139-10,[]
TX,106.33241339,273681.195803084,4630604.218099177,1.2,1271,12,1,250-7,[]
TX,106.374448706,289455.071179977,4635441.932713063,1.2,2728,12,1,95-1,[]
TX,106.54705578,295134.601643013,4642690.343193453,1.2,487,8,1,148-27,"[['RX_GW', 106.75446907, 487, 8, 1, 868.1, -125.608112141, '00:00:00:00:00:04']]"
TX,106.569734557,290752.187050552,4641514.762098579,1.2,1001,8,1,215-8,"[['RX_GW', 106.777147404, 1001, 8, 1, 868.1, -126.138308519, '00:00:00:00:00:02']]"
TX,106.721527198,292968.223224689,4642891.311235321,1.2,2142,12,1,369-18,[]
TX,106.803404217,290454.40283585,4642874.351487379,1.2,1595,12,1,298-20,[]
TX,106.813224385,292310.570738758,4642049.97343874,1.2,293,12,1,128-3,[]
TX,106.816170764,292779.816489304,4642013.477049181,1.2,1317,12,1,256-21,[]
TX,107.063022504,290685.218492271,4641297.718792126,1.2,2243,7,1,45-18,[]
TX,107.121145767,287331.451911781,4645741.907452749,1.2,1529,12,1,287-3,[]
TX,107.269550723,295382.318392714,4642521.584588765,1.2,460,8,1,145-9,"[['RX_GW', 107.476963144, 460, 8, 1, 868.1, -124.331941728, '00:00:00:00:00:04']]"
TX,107.317659776,290084.938614764,4640915.485720087,1.2,2112,7,1,367-11,[]
TX,107.392741096,290825.590737097,4636930.745217401,1.2,1125,12,1,234-4,[]
TX,107.734421083,291027.930883868,4641958.145775631,1.2,1699,9,1,31-13,[]
TX,107.935358642,291058.979421306,4644041.647639959,1.2,1356,12,1,262-10,[]
TX,107.951498975,288758.772723753,4642581.164883633,1.2,2541,11,1,72-29,[]
TX,108.168489835,294201.761840672,4650475.184829473,1.2,2146,12,1,369-4,[]
TX,108.229389253,273712.564963844,4630618.0265884,1.2,2404,12,1,57-8,[]
TX,108.298310014,290219.49522369,4642722.526142928,1.2,1098,10,1,231-4,[]
TX,108.439329326,289679.339670005,4638747.543840721,1.2,2640,12,1,83-3,[]
TX,108.602365662,295617.42386179,4645556.227294893,1.2,2341,12,1,51-2,[]
TX,108.704773874,295079.861414116,4642764.362414924,1.2,2045,7,1,356-8,"[['RX_GW', 108.819771459, 2045, 7, 1, 868.1, -123.640572717, '00:00:00:00:00:04']]"
TX,108.756458857,273661.41748603,4630680.841078949,1.2,2207,12,1,42-26,[]
TX,108.756624539,290661.320318738,4641495.199836395,1.2,2109,7,1,363-29,[]
TX,109.019281616,291731.739508071,4642794.384071168,1.2,2520,12,1,71-5,[]
TX,109.181394476,292512.091155923,4642277.779039717,1.2,1075,12,1,229-2,[]
TX,109.252356301,271513.086673913,4630595.118695401,1.2,1812,12,1,322-7,[]
TX,109.389178723,291525.892261626,4642068.955357195,1.2,113,12,1,109-11,[]
TX,109.589599956,289211.316085158,4642072.685410673,1.2,703,9,1,174-20,"[['RX_GW', 109.961366065, 703, 9, 1, 868.1, -127.303422894, '00:00:00:00:00:02']]"
TX,109.597345044,271650.146622087,4629639.490690738,1.2,2070,12,1,358-4,[]
TX,109.602183009,299741.327060622,4630050.71235131,1.2,857,12,1,195-3,[]
TX,109.707908849,291182.336751816,4641306.22720395,1.2,2008,8,1,349-19,[]
TX,110.026863819,295541.564797213,4645524.885942425,1.2,402,12,1,14-19,[]
TX,110.047119317,292119.28129597,4643204.424105455,1.2,1467,12,1,275-2,[]
TX,110.073835308,291230.806379887,4642280.861121913,1.2,72,12,1,104-19,[]
TX,110.100695537,291664.376050922,4642108.098484308,1.2,2629,12,1,82-3,[]
TX,110.197486267,289406.530434568,4645433.41634466,1.2,508,12,1,150-21,[]
TX,110.27981968,273721.58454026,4630660.751750734,1.2,1579,12,1,293-30,[]
TX,110.428980614,291666.430352606,4642118.543415072,1.2,243,12,1,124-15,[]
TX,110.576742957,291836.994424669,4642553.854805804,1.2,97,12,1,106-27,[]
TX,110.680944617,279860.218793243,4632602.732539261,1.2,1414,12,1,269-30,[]
TX,110.950958141,273692.44835423,4630636.964468542,1.2,2596,12,1,8-18,[]
TX,111.002924127,292709.236270608,4637162.820841047,1.2,1470,12,1,275-3,[]
TX,111.073572887,286559.892252984,4641817.419747107,1.2,221,12,1,12-4,[]
TX,111.181783821,292548.231348156,4641848.702821723,1.2,2255,12,1,46-1,[]
TX,111.181852483,291468.569514864,4642361.469067512,1.2,2568,12,1,75-5,[]
TX,111.360191312,298012.281267815,4632569.300363484,1.2,286,12,1,128-17,[]
TX,111.403602029,291963.769899672,4642584.512628663,1.2,1714,12,1,31-3,[]
TX,111.803368259,289940.651804455,4642816.161064721,1.2,1430,11,1,270-25,[]
TX,111.813590409,292532.760556242,4642923.962229772,1.2,2482,12,1,7-4,[]
TX,112.17855253,273644.808831928,4630664.937631078,1.2,1202,12,1,241-24,[]
TX,112.191147528,289698.592887561,4647170.705596988,1.2,2122,12,1,367-25,[]
TX,112.234144109,291258.58194868,4639594.271963746,1.2,1627,12,1,303-24,[]
TX,112.368770612,291688.976095873,4640073.587018877,1.2,1093,12,1,231-24,[]
TX,112.501720874,292752.479633458,4636373.931145645,1.2,502,12,1,149-5,[]
TX,112.576794721,289674.289519271,4642418.702380329,1.2,297,9,1,128-6,[]
TX,112.721112939,291859.735334255,4642559.235317807,1.2,2173,12,1,39-24,[]
TX,112.768404338,296805.924500645,4649719.766824033,1.2,2378,12,1,56-10,[]
TX,112.868764292,291441.268225958,4636441.109627464,1.2,1187,12,1,24-26,[]
TX,112.892074995,291064.096848758,4644058.516498631,1.2,64,12,1,103-3,[]
TX,112.91523636,290674.574722457,4641291.873592669,1.2,1622,7,1,301-27,[]
TX,113.039034072,287118.549175395,4636557.263256209,1.2,434,12,1,141-11,[]
TX,113.254868368,273688.025470852,4630625.828866941,1.2,947,12,1,206-26,[]
TX,113.529511428,292416.886978447,4637357.421042147,1.2,643,12,1,163-24,[]
TX,113.646849207,292405.26822291,4637333.880496177,1.2,24,12,1,101-12,[]
TX,113.772295779,289318.861090101,4634317.512428143,1.2,812,12,1,187-7,[]
TX,113.940449966,291159.274765559,4641968.070925645,1.2,1784,10,1,320-13,[]
TX,113.974176441,290230.461042157,4646650.17022214,1.2,1969,12,1,341-4,[]
TX,114.159250758,291888.550861176,4642577.197227602,1.2,568,12,1,155-3,[]
TX,114.175784203,292524.40299958,4642836.825589823,1.2,33,12,1,101-20,[]
TX,114.289713691,292092.02783581,4642633.232713615,1.2,128,12,1,109-27,[]
TX,114.297583879,288815.316913694,4641804.950656883,1.2,572,8,1,157-17,[]
TX,114.698906977,291921.314727528,4642575.104409185,1.2,2547,12,1,73-29,[]
TX,114.72853065,292792.928233555,4642142.777234615,1.2,760,12,1,182-18,[]
TX,114.788054878,289669.772600733,4642149.777621726,1.2,2333,9,1,51-12,[]
TX,114.833970317,292838.227568596,4642210.740960573,1.2,1279,12,1,253-28,[]
TX,114.852103658,286001.287168593,4634423.296726441,1.2,775,12,1,184-13,[]
TX,114.906968735,292840.911166878,4641928.397715934,1.2,2650,12,1,84-17,[]
TX,115.022609947,291121.91079495,4641147.151818173,1.2,93,7,1,106-23,[]
TX,115.074015323,288956.881841492,4636757.117660385,1.2,169,12,1,111-28,[]
TX,115.116559282,292408.542223835,4637352.0990438,1.2,328,12,1,130-5,[]
TX,115.181078146,287464.591728315,4641213.618430728,1.2,807,12,1,187-3,[]
TX,115.198160605,291930.927991195,4639144.407914075,1.2,917,12,1,202-27,[]
TX,115.240503328,291619.040413978,4641736.921736893,1.2,880,11,1,198-25,[]
TX,115.31323562,289935.67215794,4634393.409809308,1.2,79,12,1,104-7,[]
TX,115.346406864,296174.574410057,4639331.030770544,1.2,988,12,1,214-6,[]
TX,115.50715068,291146.048786064,4642480.394171264,1.2,190,12,1,113-25,[]
TX,115.510628262,289467.053020088,4643910.557284696,1.2,1208,12,1,242-12,[]
TX,115.523473529,289707.158463183,4647157.76400725,1.2,681,12,1,171-26,[]
TX,115.540309351,301219.966436732,4645176.026195657,1.2,121,12,1,109-19,[]
TX,115.646457708,291893.473087596,4642576.306901522,1.2,1599,12,1,298-5,[]
TX,115.711887545,293713.131472941,4645353.183938211,1.2,2260,12,1,46-19,[]
TX,115.815223844,292679.067117471,4643999.4729386,1.2,1157,12,1,239-21,[]
TX,115.846862317,291135.720156132,4641951.625917972,1.2,669,10,1,169-10,[]
TX,115.90856081,289507.448273998,4642590.154498442,1.2,364,11,1,137-4,[]
TX,116.06180429,292069.485635975,4640662.251371142,1.2,916,12,1,202-26,[]
TX,116.117675684,291492.427280238,4642515.730179517,1.2,186,12,1,113-12,[]
TX,116.173329358,290996.100457881,4639050.233279414,1.2,1032,12,1,222-27,[]
TX,116.225213691,290322.512956861,4640879.539568311,1.2,2298,7,1,48-25,[]
TX,116.432590786,278663.837315803,4632485.582896254,1.2,244,12,1,124-16,[]
TX,116.439605182,290658.720292689,4640614.719885245,1.2,3,7,1,100-13,[]
TX,116.445278474,290321.418023793,4636962.996019153,1.2,861,12,1,195-7,[]
TX,116.697494493,295509.419209221,4642456.217724179,1.2,2077,7,1,361-17,[]
TX,116.701495734,294213.533741611,4645073.143015741,1.2,2337,12,1,51-16,[]
TX,116.806781733,289945.977275308,4634407.176882125,1.2,2434,12,1,61-5,[]
TX,117.030414203,293614.245437888,4651058.741505837,1.2,1355,12,1,261-9,[]
TX,117.098832888,290078.257186259,4643304.388662161,1.2,1472,12,1,275-5,[]
TX,117.230997696,273705.725834362,4630708.159683565,1.2,1534,12,1,287-8,[]
TX,117.286727506,286681.99949656,4645120.008746005,1.2,542,12,1,152-27,[]
TX,117.347450905,291203.442902462,4641248.543792245,1.2,1027,10,1,221-9,[]
TX,117.489384402,291810.762786039,4642301.500695565,1.2,1618,12,1,301-23,[]
TX,117.513009845,289066.096270323,4638754.64715903,1.2,2189,12,1,41-11,[]
TX,117.697047321,291532.920472227,4640978.43194759,1.2,2358,9,1,53-21,[]
TX,117.734316896,287576.510730313,4641416.065880674,1.2,2103,12,1,363-20,[]
TX,117.92923087,292410.979406018,4641887.566863216,1.2,1250,12,1,248-3,[]
TX,117.954403263,292017.15797334,4643035.122062958,1.2,2553,12,1,73-7,[]
TX,118.090506448,291000.491297591,4641962.480648229,1.2,306,10,1,129-25,[]
TX,118.105707239,290826.199420001,4636923.003268207,1.2,1765,12,1,317-3,[]
TX,118.378253426,291040.84551662,4644001.125673873,1.2,2757,12,1,97-14,[]
TX,118.407873536,292204.534740138,4642141.301847757,1.2,410,12,1,140-10,[]
TX,118.410336279,291870.890230256,4642557.3922471,1.2,453,12,1,145-14,[]
TX,118.65401484,290955.171252529,4644789.540203301,1.2,181,12,1,112-5,[]
TX,118.732541123,271843.5995598,4630655.238289509,1.2,2057,12,1,358-11,[]
TX,118.831744235,288835.345960954,4645510.109296646,1.2,313,12,1,130-14,[]
TX,118.850384331,291109.632520978,4641943.15271804,1.2,159,10,1,110-27,[]
TX,118.904888008,291136.396382342,4640291.495991945,1.2,2033,9,1,353-20,[]
TX,119.030810533,290982.356731766,4639053.738401465,1.2,2145,12,1,369-21,[]
TX,119.053256363,290476.692055677,4640621.843843678,1.2,723,7,1,178-5,[]
TX,119.068317945,289840.868523958,4641914.117026742,1.2,1864,7,1,332-25,[]
TX,119.107547559,293247.229676229,4640223.80372696,1.2,979,12,1,214-1,[]
TX,119.268212585,290356.032785118,4641447.474254254,1.2,1796,7,1,321-21,[]
TX,119.42414442,291184.12269878,4641310.907616654,1.2,2108,8,1,363-28,[]
TX,119.529479803,291726.375637159,4642150.282853422,1.2,674,12,1,171-12,[]
TX,119.6167394,289136.629678215,4642458.32210199,1.2,1341,11,1,260-5,[]
TX,119.84825093,291932.994555346,4642601.151180277,1.2,148,12,1,11-7,[]
TX,119.913390335,273717.628650061,4630649.686443219,1.2,1988,12,1,347-24,[]
TX,120.077400928,293311.388182773,4644304.604861435,1.2,2377,12,1,55-7,[]
TX,120.215575351,290473.198508769,4640621.706457898,1.2,933,7,1,204-22,[]
TX,120.326546306,291839.951820396,4641910.328411371,1.2,600,12,1,159-20,[]
TX,120.341268771,290470.125877826,4640623.765448858,1.2,2233,7,1,44-12,[]
TX,120.35798075,290177.29295656,4641000.791510441,1.2,1057,7,1,226-22,[]
TX,120.541845418,292120.799881979,4642617.756202294,1.2,1972,12,1,341-7,[]
TX,120.570741402,292675.08851369,4642372.272098185,1.2,2766,12,1,97-25,[]
TX,120.668623945,289443.37247135,4646156.885967558,1.2,2545,12,1,72-6,[]
TX,120.779283023,292137.197656882,4643131.469497658,1.2,882,12,1,198-27,[]
TX,120.838103451,269652.896554986,4628480.903717611,1.2,717,12,1,176-25,[]
TX,121.022915903,276411.272884524,4626963.138845452,1.2,1272,12,1,253-11,[]
TX,121.16374746,291961.469310614,4642573.258866089,1.2,2770,12,1,97-3,[]
TX,121.183318646,291428.90803638,4642060.756044214,1.2,951,10,1,206-9,[]
TX,121.362567121,291132.441204211,4641198.880597555,1.2,617,9,1,162-11,[]
TX,121.654508473,293241.610845205,4640211.073830498,1.2,1701,12,1,31-15,[]
TX,121.975429977,291044.918423052,4644059.202498952,1.2,37,12,1,101-26,[]
TX,122.039672239,289226.090892611,4642070.667536303,1.2,584,9,1,158-13,[]
TX,122.254529345,291880.704699412,4642561.178485571,1.2,2677,12,1,87-12,[]
TX,122.257795284,293386.4564398,4640739.127000052,1.2,2039,12,1,353-5,[]
TX,122.284250598,292630.007776921,4641339.498290971,1.2,99,12,1,107-10,[]
TX,122.409753469,292207.870073617,4642682.32939116,1.2,2494,12,1,70-4,[]
TX,122.423768919,289340.671683037,4643097.274323377,1.2,593,12,1,158-8,[]
TX,122.708636714,288530.925002091,4641574.643458116,1.2,574,9,1,157-19,[]
TX,122.85813914,289751.139865932,4635467.82327559,1.2,1141,12,1,238-13,[]
TX,122.946294134,291648.92108716,4642120.775405631,1.2,1189,12,1,24-28,[]
TX,122.996142223,288106.3234601,4641345.916201859,1.2,2248,10,1,45-29,[]
TX,123.005104992,289225.97386084,4642068.118198969,1.2,705,9,1,174-4,[]
TX,123.092912697,284071.261216818,4643171.516752464,1.2,1802,12,1,322-1,[]
TX,123.284160355,292477.630575937,4643508.007776802,1.2,1365,12,1,264-18,[]
TX,123.404794318,273698.813985801,4630623.021599855,1.2,447,12,1,143-25,[]
TX,123.641541604,283693.234769621,4640212.52104998,1.2,1634,12,1,304-21,[]
TX,123.66174709,295635.087117997,4645558.378067847,1.2,2284,12,1,47-27,[]
TX,124.02430144,289448.55919144,4641740.762973077,1.2,2454,7,1,67-16,"[['RX_GW', 124.139298171, 2454, 7, 1, 868.1, -118.257114851, '00:00:00:00:00:02']]"
TX,124.132975405,292191.476218023,4642189.876922341,1.2,280,12,1,127-3,[]
TX,124.24503915,290960.154860106,4639217.232912692,1.2,808,12,1,187-30,[]
TX,124.249664564,291624.583197757,4642140.522852248,1.2,1896,12,1,335-6,[]
TX,124.319478766,285379.653784124,4633147.581771358,1.2,206,12,1,119-12,[]
TX,124.536045152,293293.740050431,4643991.335234825,1.2,2724,12,1,93-4,[]
TX,124.641480628,290808.295499081,4642022.210527989,1.2,1152,9,1,239-14,[]
TX,124.714382095,287862.432599962,4638044.822120928,1.2,255,12,1,124-7,[]
TX,124.967542405,292942.161460801,4640320.488802527,1.2,641,12,1,163-20,[]
TX,125.139629591,289311.512794613,4639807.090186495,1.2,2120,9,1,367-21,[]
TX,125.15121436,286691.856890438,4641706.706607274,1.2,188,12,1,113-14,[]
TX,125.325586313,291894.853597496,4641963.318046585,1.2,2,11,1,100-12,[]
TX,125.795913433,292708.873912356,4641828.125931996,1.2,2326,12,1,50-4,[]
TX,126.144884,291670.909083046,4642149.771402291,1.2,2351,12,1,51-5,[]
TX,126.205827424,291572.218616763,4640983.072008984,1.2,376,10,1,138-25,[]
TX,126.700788818,295553.435550845,4646797.630327224,1.2,2025,12,1,351-5,[]
TX,126.705930976,273695.986044437,4630615.713091524,1.2,1298,12,1,254-28,[]
TX,126.822230098,291043.881990465,4644017.266147443,1.2,777,12,1,184-26,[]
TX,127.052607556,287628.258567447,4644412.073484227,1.2,1591,12,1,297-7,[]
TX,127.371048157,290488.627611709,4640795.161384096,1.2,452,7,1,145-13,"[['RX_GW', 127.486043476, 452, 7, 1, 868.1, -111.187956318, '00:00:00:00:00:02']]"
TX,127.391054573,292779.446411762,4642165.88349246,1.2,16,12,1,100-3,[]
TX,127.602920527,294857.6960053,4640668.129979952,1.2,759,9,1,182-11,[]
TX,127.604606966,291705.765739908,4642128.927462856,1.2,2230,12,1,43-7,[]
TX,127.699500522,292894.822242982,4643879.659959436,1.2,1621,12,1,301-26,[]
TX,127.879812172,290225.91466803,4640009.437937864,1.2,2213,8,1,43-13,[]
TX,127.884939801,292803.273098936,4641978.301052943,1.2,2293,12,1,48-11,[]
TX,128.056217295,291098.029343508,4643459.51801417,1.2,57,12,1,103-1,[]
TX,128.083359226,293867.162805114,4640150.328428209,1.2,2666,12,1,84-6,[]
TX,128.334413583,292046.649084384,4642109.13438928,1.2,1739,12,1,311-4,[]
TX,128.365100081,293342.531622603,4651800.609370403,1.2,2507,12,1,71-19,[]
TX,128.39860709,290099.256534226,4642973.753778891,1.2,2095,12,1,363-1,[]
TX,128.536533758,292566.052796972,4641350.229427014,1.2,1139,12,1,237-9,[]
TX,128.660814268,290356.636319897,4641438.950136269,1.2,2274,7,1,47-16,[]
TX,128.723931749,291436.594097547,4641318.577098942,1.2,1041,9,1,223-25,[]
TX,128.749428032,269654.774022617,4628484.606497143,1.2,1558,12,1,290-19,[]
TX,128.824639691,292672.631348435,4643690.168272045,1.2,1697,12,1,31-11,[]
TX,129.29493971,295152.789662075,4642724.135100842,1.2,2172,7,1,39-23,"[['RX_GW', 129.409937058, 2172, 7, 1, 868.1, -122.529512081, '00:00:00:00:00:04']]"
TX,129.380320853,295143.594161565,4642700.29260667,1.2,2107,8,1,363-27,[]
TX,129.467545037,290689.443619003,4641307.555600579,1.2,1909,7,1,337-11,[]
TX,129.882643864,298734.872119908,4636226.25518104,1.2,295,12,1,128-4,[]
TX,129.903691732,292063.287397073,4642067.499827111,1.2,1742,12,1,311-7,[]
TX,129.957747676,290308.462980915,4647109.201931864,1.2,152,12,1,110-13,[]
TX,130.316626561,290657.169411513,4640619.787444077,1.2,2158,7,1,371-26,"[['RX_GW', 130.431622592, 2158, 7, 1, 868.1, -116.596609293, '00:00:00:00:00:02']]"
TX,130.605334524,288963.971423365,4643756.127671524,1.2,2730,12,1,95-12,[]
TX,130.63301625,291185.545196895,4641318.261983534,1.2,2061,8,1,358-17,"[['RX_GW', 130.840430084, 2061, 8, 1, 868.1, -126.904569189, '00:00:00:00:00:02']]"
TX,130.644905211,290030.248180051,4645860.69114734,1.2,1761,12,1,317-18,[]
TX,130.686639128,295654.070019969,4645550.056936514,1.2,1847,12,1,330-27,[]
TX,130.695507462,292603.666861459,4643919.104989436,1.2,780,12,1,185-18,[]
TX,130.845476481,290339.831175453,4636190.929677552,1.2,1305,12,1,256-1,[]
TX,130.903260136,292432.744845911,4641530.312288701,1.2,1199,12,1,241-12,[]
TX,130.941431465,293709.848576637,4645352.554733513,1.2,2722,12,1,93-3,[]
TX,131.136533053,294157.678185646,4640428.09495589,1.2,816,12,1,188-4,[]
TX,131.236712168,286680.431458576,4641704.121110483,1.2,1685,12,1,309-2,[]
TX,131.392518344,292689.625732651,4641818.172853244,1.2,1102,12,1,231-8,[]
TX,131.415453607,291922.409687297,4642581.178492568,1.2,287,12,1,128-18,[]
TX,131.463892907,290672.589117823,4641296.67702838,1.2,1488,7,1,28-24,[]
TX,131.526459208,290027.963574991,4640702.628847664,1.2,528,7,1,151-3,[]
TX,131.602450942,288187.159120376,4642507.330016183,1.2,1177,12,1,24-14,[]
TX,131.713167577,295147.199142015,4642755.725124809,1.2,786,7,1,185-6,[]
TX,131.861276581,292729.933373456,4641838.823834935,1.2,75,12,1,104-3,[]
TX,132.155548452,291483.277454795,4642060.371231772,1.2,671,12,1,169-26,[]
TX,132.244814887,287911.771577178,4644099.154626922,1.2,1857,12,1,332-13,[]
TX,132.249532641,292165.60492789,4642171.041365637,1.2,953,12,1,209-12,[]
TX,132.337380439,291917.491833788,4640518.021164988,1.2,834,12,1,190-29,[]
TX,132.435461423,291696.402036709,4640137.689129897,1.2,2334,10,1,51-13,[]
TX,132.510352614,292589.618052907,4641498.480857987,1.2,247,12,1,124-21,[]
TX,132.989211325,289608.366523752,4643577.462917732,1.2,2745,12,1,96-19,[]
TX,133.016540172,290463.426318162,4642868.160642467,1.2,2731,12,1,95-16,[]
TX,133.052060933,290064.761230989,4642389.047333803,1.2,1695,9,1,31-1,[]
TX,133.164265984,290678.803038162,4642167.501429659,1.2,1964,10,1,341-18,[]
TX,133.301819448,290193.76005157,4643839.673481071,1.2,134,12,1,109-5,[]
TX,133.449913854,291710.529092817,4642780.246127126,1.2,2561,12,1,75-21,[]
TX,133.556911437,289359.900541776,4642543.229366463,1.2,2707,9,1,93-1,"[['RX_GW', 133.928678743, 2707, 9, 1, 868.1, -128.126141116, '00:00:00:00:00:02']]"
TX,133.596161447,293755.994412394,4640686.137463615,1.2,2310,10,1,50-12,[]
TX,133.739456166,293917.064838888,4639445.088916007,1.2,1727,12,1,310-29,[]
TX,133.895261504,291958.618825677,4641716.87137743,1.2,1243,12,1,246-27,[]
TX,133.992280711,290058.970353563,4642388.293900112,1.2,1397,9,1,268-29,[]
TX,133.996236201,291125.544582405,4641459.226437424,1.2,511,9,1,150-30,[]
TX,134.159542644,290187.072127519,4643361.433098096,1.2,1442,12,1,273-20,[]
TX,134.300773808,289900.72093318,4641319.863475632,1.2,693,7,1,172-5,[]
TX,134.332821597,288817.364799324,4636327.7607307,1.2,2153,12,1,371-21,[]
TX,134.401631438,301801.635296831,4643838.195107851,1.2,2495,12,1,70-5,[]
TX,134.473426703,289226.699529472,4638685.938654942,1.2,1692,12,1,309-5,[]
TX,134.635912767,291032.70125521,4640560.425431166,1.2,1990,7,1,347-26,[]
TX,134.652782605,292728.558058862,4642094.236683506,1.2,2775,12,1,97-8,[]
TX,134.667354754,294414.34668481,4643065.475022758,1.2,1572,11,1,293-18,"[['RX_GW', 136.148114512, 1572, 11, 1, 868.1, -134.906442062, '00:00:00:00:00:04']]"
TX,134.745236329,293748.146617177,4645290.658354092,1.2,2717,12,1,93-25,[]
TX,134.835314481,292499.663995984,4642271.333696015,1.2,2004,12,1,349-12,[]
TX,134.988733282,289816.305030269,4643142.060258183,1.2,1449,12,1,274-12,[]
TX,135.061308204,291053.335258238,4644039.134368384,1.2,1038,12,1,223-22,[]
TX,135.255555047,290663.184353678,4641624.444563843,1.2,1643,8,1,305-15,[]
TX,135.31424339,290507.657355712,4640904.637003855,1.2,1829,7,1,326-20,[]
TX,135.363104649,290872.036618432,4642268.491371282,1.2,2113,12,1,367-12,[]
TX,135.454572242,292165.744070037,4641781.549333675,1.2,63,12,1,103-29,[]
TX,135.514849654,285866.4221219,4634279.052278092,1.2,1207,12,1,242-10,[]
TX,135.59823297,291056.371630184,4639240.243593027,1.2,1172,12,1,24-1,[]
TX,135.721597617,291169.286306096,4638604.505603064,1.2,722,12,1,178-4,[]
TX,135.930702223,291952.823140731,4642598.26714038,1.2,2732,12,1,95-18,[]
TX,135.937724093,290729.863213191,4642212.52747306,1.2,325,10,1,130-28,[]
TX,135.96889311,290170.183348296,4641371.332867304,1.2,1304,7,1,254-7,[]
TX,136.135808242,291505.92391831,4636434.284881074,1.2,1581,12,1,293-7,[]
TX,136.325128203,291645.307555045,4638392.407250882,1.2,1353,12,1,261-28,[]
TX,136.329467305,292530.566235676,4642901.176627371,1.2,1058,12,1,226-23,[]
TX,136.341903744,287769.712365366,4637355.953553468,1.2,2399,12,1,57-11,[]
TX,136.413539055,292734.723644759,4642285.79080613,1.2,1248,12,1,248-20,[]
TX,136.422121705,290478.49692419,4640634.612255236,1.2,1839,7,1,330-14,[]
TX,136.464161701,286994.222394263,4640996.790771702,1.2,2448,12,1,66-3,[]
TX,136.528906668,292161.5821613,4642942.645630561,1.2,2392,12,1,56-3,[]
TX,136.543540423,271848.243456434,4630701.119413161,1.2,1559,12,1,290-2,[]
TX,136.62477937,299741.343456492,4630064.131486886,1.2,986,12,1,214-4,[]
TX,136.640719725,290349.294273793,4635209.321947274,1.2,1633,12,1,304-20,[]
TX,136.844143984,288972.753022708,4642605.043730858,1.2,779,11,1,185-17,[]
TX,136.897353705,295140.520839205,4640709.572739135,1.2,866,7,1,197-20,[]
TX,136.900104925,291586.762693612,4642662.618408059,1.2,552,12,1,153-21,[]
TX,136.914875027,290672.079272142,4633736.058407591,1.2,2110,12,1,363-6,[]
TX,137.129663192,273677.399352475,4630694.534203478,1.2,1477,12,1,279-12,[]
TX,137.16311013,290004.826607659,4635377.549415242,1.2,1206,12,1,241-28,[]
TX,137.221962688,289333.685084096,4634592.313787286,1.2,1819,12,1,324-24,[]
TX,137.226355924,291032.698314082,4644048.808685054,1.2,829,12,1,190-17,[]
TX,137.244623933,292479.540665386,4643106.482570753,1.2,374,12,1,138-23,[]
TX,137.397628179,290949.743212744,4642002.267299904,1.2,782,10,1,185-20,"[['RX_GW', 138.057138635, 782, 10, 1, 868.1, -130.346003522, '00:00:00:00:00:02']]"
TX,137.466594551,288656.684876181,4642693.741168329,1.2,768,12,1,182-5,[]
TX,137.683695423,287528.491919627,4641959.264429999,1.2,910,12,1,202-13,[]
TX,137.705365438,273696.891906245,4630611.208465934,1.2,1926,12,1,339-14,[]
TX,137.808384342,291984.440475375,4643707.455078322,1.2,234,12,1,121-5,[]
TX,137.81496225,292796.309906355,4642131.126644375,1.2,968,12,1,21-27,[]
TX,137.878124923,293830.610381799,4639998.177908053,1.2,2203,12,1,42-13,[]
TX,137.889373926,289267.138179965,4634417.364393134,1.2,965,12,1,21-24,[]
TX,137.972124479,290380.026636851,4641808.227569994,1.2,2464,7,1,68-1,[]
TX,138.002334466,290459.351542755,4641594.946980791,1.2,1354,7,1,261-8,[]
TX,138.07757637,291764.25565143,4641033.200400026,1.2,192,10,1,113-27,"[['RX_GW', 138.737087948, 192, 10, 1, 868.1, -130.745430253, '00:00:00:00:00:02']]"
TX,138.265621163,290292.159842702,4647015.609671036,1.2,1222,12,1,244-26,[]
TX,138.688835978,290064.791451734,4642395.780557971,1.2,2689,9,1,88-23,[]
TX,139.0005091,292314.887692153,4642054.064604271,1.2,1161,12,1,239-25,[]
TX,139.015420436,291040.510275023,4644045.599991821,1.2,2716,12,1,93-21,[]
TX,139.043160975,293528.612665991,4642101.807615059,1.2,2269,12,1,47-11,[]
TX,139.35372063,285698.279465841,4633557.688968003,1.2,747,12,1,181-25,[]
TX,139.432389825,291690.42053158,4642131.239909459,1.2,357,12,1,137-25,[]
TX,139.49852479,292373.826517984,4641798.26675837,1.2,1614,12,1,301-12,[]
TX,139.544551778,292745.032361574,4642100.953125289,1.2,1079,12,1,229-4,[]
TX,139.595291702,291868.904413803,4641643.987310776,1.2,1831,12,1,326-3,[]
TX,139.699234291,290646.971779251,4633359.111889449,1.2,1128,12,1,234-7,[]
TX,139.749036279,290990.617017878,4640926.638045484,1.2,2577,7,1,76-23,[]
TX,139.777680876,291243.668632153,4641238.16936015,1.2,2405,9,1,58-17,[]
TX,139.821876348,283027.773838814,4634181.322085314,1.2,2167,12,1,374-29,[]
TX,140.166457871,291056.388167685,4644016.768931018,1.2,142,12,1,11-21,[]
TX,140.394328302,290941.295129445,4641751.054912376,1.2,2365,9,1,54-22,[]
TX,140.473612658,291676.80480487,4641288.125907864,1.2,903,12,1,201-24,[]
TX,140.79528092,294407.321769163,4642793.703865475,1.2,2540,11,1,72-28,"[['RX_GW', 142.276040073, 2540, 11, 1, 868.1, -134.931488191, '00:00:00:00:00:04']]"
TX,140.926743394,286586.095419364,4634470.034508596,1.2,2214,12,1,43-16,[]
TX,141.026234704,293261.692598255,4639502.74763666,1.2,1865,12,1,332-26,[]
TX,141.053401711,289017.368676826,4641910.216977539,1.2,1024,8,1,221-24,[]
TX,141.058734767,290354.580016019,4641428.438159829,1.2,1950,7,1,340-18,[]
TX,141.107928578,285570.913764739,4641173.01883474,1.2,1809,12,1,322-4,[]
TX,141.258968036,292959.675305833,4643934.64422699,1.2,1652,12,1,305-25,[]
TX,141.363836895,287970.184786206,4634527.339064059,1.2,2302,12,1,48-8,[]
TX,141.484155209,290780.566375552,4640271.395438762,1.2,433,9,1,141-10,[]
TX,141.593528504,292767.389725766,4642168.451930291,1.2,2049,12,1,357-19,[]
TX,141.684681635,292132.126725099,4641847.092635478,1.2,1494,12,1,281-3,[]
TX,141.871109281,292188.744452826,4642172.981471349,1.2,1626,12,1,303-20,[]
TX,141.908662094,294863.011340432,4638887.354710097,1.2,1587,12,1,294-27,[]
TX,141.921955794,273115.23856254,4629909.916433722,1.2,500,12,1,149-2,[]
TX,142.223020778,288240.478854379,4634797.855158315,1.2,1046,12,1,225-26,[]
TX,142.401681681,291541.409262998,4642075.557992891,1.2,2192,12,1,41-14,[]
TX,142.691654963,290236.266765272,4642590.388891554,1.2,1312,11,1,256-16,[]
TX,142.741342329,292721.826226178,4641693.519681348,1.2,2743,12,1,96-17,[]
TX,142.909534863,290450.230467914,4639204.308255675,1.2,2535,10,1,72-21,[]
TX,142.982640988,273034.539237395,4629899.833697528,1.2,1920,12,1,338-5,[]
TX,142.999841352,285690.725450836,4649821.995332173,1.2,626,12,1,162-29,[]
TX,143.081764402,289704.886685763,4641852.167257438,1.2,696,7,1,173-22,[]
TX,143.173352554,289718.615256511,4647166.195253244,1.2,2165,12,1,372-27,[]
TX,143.221414599,296673.205558693,4634483.967210876,1.2,606,12,1,160-19,[]
TX,143.525651086,295124.025874352,4642725.490339818,1.2,467,7,1,147-25,[]
TX,143.536198035,292074.610125957,4641792.701019723,1.2,803,12,1,187-19,[]
TX,143.57761337,289659.267658648,4643507.448916676,1.2,288,12,1,128-19,[]
TX,143.628407287,290755.438849343,4643069.215321878,1.2,425,12,1,140-26,[]
TX,143.934435825,273668.254830267,4630726.413325612,1.2,1903,12,1,336-30,[]
TX,144.105192803,292185.134011246,4642222.991672351,1.2,1849,12,1,330-3,[]
TX,144.183470353,291635.092704597,4640905.323938802,1.2,1982,11,1,344-6,[]
TX,144.261472766,289974.344516359,4637451.095266487,1.2,601,12,1,159-21,[]
TX,144.444507417,290656.408926931,4646621.490257139,1.2,2522,12,1,71-7,[]
TX,144.468280661,291848.478581317,4642245.703205688,1.2,2100,12,1,363-16,[]
TX,144.504470507,294357.779768773,4644249.26318445,1.2,1612,12,1,301-10,[]
TX,144.520718618,295564.831928305,4646063.576384046,1.2,2267,12,1,47-1,[]
TX,144.72498945,295155.393151676,4646250.314330442,1.2,551,12,1,153-20,[]
TX,144.882596967,288973.208971469,4642612.26908816,1.2,1458,11,1,274-30,[]
TX,144.887227131,293752.84081945,4644252.60047962,1.2,2451,12,1,66-6,[]
TX,145.054643152,293636.162023391,4643463.163857976,1.2,77,12,1,104-5,[]
TX,145.198165788,294316.837428337,4641472.306431569,1.2,1257,9,1,249-20,[]
TX,145.328116237,289341.853481014,4640518.231698094,1.2,1227,7,1,245-12,[]
TX,145.431819243,285741.345430833,4634064.145028096,1.2,2003,12,1,349-10,[]
TX,145.442258066,290196.703763617,4642432.551370495,1.2,2016,11,1,349-5,[]
TX,145.478247096,291473.946805103,4642058.61558709,1.2,520,12,1,151-20,[]
TX,145.524467078,291189.829210387,4644742.056273685,1.2,1078,12,1,229-3,[]
TX,145.632536707,290732.046109804,4641519.874344879,1.2,1366,8,1,264-19,[]
TX,145.851692263,291208.526596943,4636218.816031562,1.2,1635,12,1,304-29,[]
TX,146.040685539,291525.587015222,4641533.115467605,1.2,2028,9,1,353-1,[]
TX,146.045157773,292860.510616787,4641911.404485342,1.2,2187,12,1,40-28,[]
TX,146.048233652,293471.675194862,4642660.303696879,1.2,2486,12,1,70-1,[]
TX,146.157489321,292331.182144605,4637438.46481184,1.2,1912,12,1,337-24,[]
TX,146.297939151,290586.752942853,4643062.282604448,1.2,371,12,1,138-18,[]
TX,146.391868998,292781.3740162,4642169.998681318,1.2,1895,12,1,335-5,[]
TX,146.417757136,292664.078011942,4642385.133297794,1.2,1371,12,1,264-6,[]
TX,146.667952138,292179.554123141,4641892.99492016,1.2,2126,12,1,367-4,[]
TX,146.767945314,290670.008048996,4641927.72018889,1.2,1709,7,1,31-24,[]
TX,146.797337716,288087.50470791,4645571.681370194,1.2,76,12,1,104-4,[]
TX,146.890350792,290838.67706628,4642274.31886437,1.2,2681,12,1,87-25,[]
TX,146.92182037,289488.230173441,4635071.797735387,1.2,1947,12,1,340-13,[]
TX,146.974495954,291851.263669294,4642577.170971873,1.2,1790,12,1,320-28,[]
TX,146.981990284,291913.592736685,4642579.56790946,1.2,496,12,1,149-1,[]
TX,147.023726715,290695.67522472,4641303.592563815,1.2,2436,7,1,61-7,[]
TX,147.10526727,290823.093732891,4635881.738868681,1.2,354,12,1,137-20,[]
TX,147.128220764,291850.019368811,4642542.016723632,1.2,168,12,1,111-27,[]
TX,147.17175686,291015.254355031,4641802.922031181,1.2,88,10,1,106-11,[]
TX,147.194368163,292327.207168197,4642052.043032176,1.2,1759,12,1,317-16,[]
TX,147.322545699,290481.211372871,4640727.61808348,1.2,2116,7,1,367-17,[]
TX,147.381609551,287696.69785153,4642100.605376476,1.2,178,12,1,112-3,[]
TX,147.535739417,290744.301376257,4642880.648021045,1.2,399,12,1,14-16,[]
TX,147.539127522,291192.702300526,4641301.63278128,1.2,2412,8,1,58-6,[]
TX,147.570857148,295035.286294141,4638064.168065622,1.2,363,12,1,137-30,[]
TX,147.624328384,285926.232832014,4635497.934604052,1.2,103,12,1,107-14,[]
TX,147.965719685,291056.522283477,4643352.263314437,1.2,1779,12,1,318-5,[]
TX,148.079718044,291948.352377519,4642588.898192563,1.2,1309,12,1,256-13,[]
TX,148.095244961,289589.726373945,4638768.994532474,1.2,1237,12,1,246-12,[]
TX,148.111870607,287087.559791884,4632460.912212758,1.2,171,12,1,112-17,[]
TX,148.149089751,292670.44924912,4640529.507630923,1.2,898,12,1,201-11,[]
TX,148.184506577,290344.065507153,4637081.467696484,1.2,207,12,1,119-13,[]
TX,148.491064013,289948.142259294,4634410.832319604,1.2,1539,12,1,288-20,[]
TX,148.623793202,292451.344841157,4641533.704506058,1.2,2306,12,1,49-8,[]
TX,148.651194483,291845.818096485,4642817.309067819,1.2,2308,12,1,50-1,[]
TX,148.781966079,292478.92448698,4641898.140791849,1.2,256,12,1,125-10,[]
TX,148.989552373,294311.299246602,4639950.529163146,1.2,2418,12,1,59-5,[]
TX,149.21009688,273692.11788792,4630623.776961281,1.2,2195,12,1,41-26,[]
TX,149.311669696,295939.40459303,4636546.075563228,1.2,349,12,1,137-16,[]
TX,149.419733737,291149.701445833,4641369.873711869,1.2,143,8,1,11-29,"[['RX_GW', 149.627147517, 143, 8, 1, 868.1, -126.668253037, '00:00:00:00:00:02']]"
TX,149.452379575,289601.790275032,4643159.345413384,1.2,232,12,1,121-30,[]
TX,149.539197726,291441.720086422,4642047.937739461,1.2,1523,12,1,287-23,[]
TX,149.619262227,292182.407316688,4642175.356027951,1.2,2312,12,1,50-14,[]
TX,150.158016763,291891.430892828,4636838.585316071,1.2,348,12,1,137-15,[]
TX,150.159411582,290818.981066631,4642285.931297515,1.2,633,10,1,163-12,"[['RX_GW', 150.818922528, 633, 10, 1, 868.1, -132.777006838, '00:00:00:00:00:02']]"
TX,150.479471776,291995.725707034,4644019.332321255,1.2,2718,12,1,93-26,[]
TX,150.497711287,290733.968140037,4642905.711421356,1.2,1816,12,1,324-10,[]
TX,150.6992997,288046.878737025,4647088.705420463,1.2,1226,12,1,245-11,[]
TX,150.721257634,294040.40406714,4642825.461894085,1.2,2437,12,1,62-11,[]
TX,150.840177218,293320.532434046,4644284.713715938,1.2,1554,12,1,29-9,[]
TX,150.95455835,290032.222938369,4642373.21746195,1.2,2364,10,1,54-14,"[['RX_GW', 151.61406876, 2364, 10, 1, 868.1, -130.365338274, '00:00:00:00:00:02']]"
TX,151.557538105,292801.170685645,4640495.226801603,1.2,1758,12,1,317-15,[]
TX,151.596955822,290959.004791478,4639067.027884698,1.2,2421,12,1,60-17,[]
TX,151.631692387,299741.464217041,4630058.662056958,1.2,1797,12,1,321-3,[]
TX,151.711955539,290691.706125701,4635728.762473528,1.2,1400,12,1,268-5,[]
TX,151.772740545,293222.626032929,4642652.890073114,1.2,955,12,1,209-14,[]
TX,151.826728247,286377.902258754,4640680.531298837,1.2,1333,12,1,259-4,[]
TX,151.914676557,298765.292211678,4631178.187562656,1.2,1233,12,1,245-27,[]
TX,152.031647768,291625.855870385,4644127.444524529,1.2,701,12,1,174-18,[]
TX,152.058644413,283319.331230724,4632885.058610301,1.2,1311,12,1,256-15,[]
TX,152.105520767,292525.376026066,4642914.916762616,1.2,2511,12,1,71-24,[]
TX,152.135578134,295042.262403929,4642854.54496464,1.2,119,8,1,109-17,[]
TX,152.287531568,294880.912773802,4642655.117918217,1.2,1474,9,1,275-7,[]
TX,152.324832855,291729.545654256,4642162.795603612,1.2,2683,12,1,87-27,[]
TX,152.410786482,290339.527580302,4642040.718214878,1.2,1437,8,1,270-7,[]
TX,152.478171329,290848.442414066,4642276.112055261,1.2,1495,10,1,282-17,[]
TX,152.515911688,291168.688645313,4641347.117459428,1.2,595,8,1,159-15,[]
TX,152.568246339,297277.76516828,4646220.299189972,1.2,214,12,1,12-18,[]
TX,152.606603676,292682.442478692,4642050.76162543,1.2,1231,12,1,245-25,[]
TX,152.74223943,294669.415057179,4643026.293530879,1.2,2475,11,1,68-7,[]
TX,152.834740651,291066.237459388,4641638.841267204,1.2,2361,9,1,53-5,[]
TX,153.036677542,294234.993326701,4641313.19866795,1.2,2085,11,1,361-6,[]
TX,153.152775428,292675.18298637,4642047.279754802,1.2,67,12,1,103-5,[]
TX,153.158467718,273728.540373566,4630672.220803852,1.2,163,12,1,111-12,[]
TX,153.173723761,291449.530588498,4641306.929486034,1.2,1462,9,1,275-15,[]
TX,153.636367189,292900.249585828,4641236.996702027,1.2,2632,12,1,82-6,[]
TX,153.678591937,290073.145327319,4642397.816021597,1.2,2288,9,1,47-4,[]
TX,153.748966399,298862.919249545,4644419.043755814,1.2,833,12,1,190-21,[]
TX,153.956671786,291686.051191823,4642814.621210149,1.2,1118,12,1,233-26,[]
TX,154.513970655,274535.741610754,4630856.928247796,1.2,1869,12,1,332-4,[]
TX,154.602263392,290416.060134242,4641809.110022045,1.2,302,7,1,129-13,[]
TX,154.609460094,288955.017914466,4642632.328193056,1.2,436,11,1,141-13,[]
TX,154.700956884,272867.052549666,4629813.295227475,1.2,2066,12,1,358-24,[]
TX,155.187240075,290420.85462349,4639731.831898049,1.2,268,9,1,126-13,"[['RX_GW', 155.559005809, 268, 9, 1, 868.1, -127.773480403, '00:00:00:00:00:02']]"
TX,155.305896607,286710.017696482,4645120.037150942,1.2,1391,12,1,267-28,[]
TX,155.384337813,290854.548211884,4642283.405421389,1.2,2363,10,1,53-7,[]
TX,155.430799333,286669.94113796,4645067.780073159,1.2,668,12,1,167-7,[]
TX,155.744567861,291021.101807337,4641568.77706004,1.2,570,9,1,155-5,"[['RX_GW', 156.116333561, 570, 9, 1, 868.1, -127.343208685, '00:00:00:00:00:02']]"
TX,156.019698398,293790.675030811,4644262.08573319,1.2,2279,12,1,47-20,[]
TX,156.038551185,291259.308519866,4636302.976385335,1.2,1955,12,1,340-27,[]
TX,156.111158866,291994.841971819,4641732.044433903,1.2,421,12,1,140-20,[]
TX,156.143737509,292517.695224531,4642817.104436529,1.2,2621,12,1,82-13,[]
TX,156.14967483,290485.21993204,4640831.85343926,1.2,592,7,1,158-28,"[['RX_GW', 156.264670116, 592, 7, 1, 868.1, -110.852271389, '00:00:00:00:00:02']]"
TX,156.256543402,292670.979847152,4643712.032224831,1.2,2020,12,1,351-17,[]
TX,156.548974048,285639.491467042,4641240.98464737,1.2,1732,12,1,310-7,[]
TX,156.566749481,291091.326966089,4642359.050382755,1.2,647,12,1,163-28,[]
TX,156.633236138,283936.091212791,4632951.288051892,1.2,278,12,1,127-20,[]
TX,156.650376572,291238.587347448,4641252.581490903,1.2,2410,9,1,58-4,[]
TX,156.779446431,290384.097926521,4641821.457264263,1.2,505,7,1,150-17,[]
TX,156.871537987,293701.651930097,4644272.832300168,1.2,1415,12,1,269-4,[]
TX,156.960093636,290357.604954033,4637226.030348064,1.2,1893,12,1,335-21,[]
TX,156.993565302,292525.523331039,4642919.419158349,1.2,533,12,1,151-8,[]
TX,157.083167571,290716.524428808,4642158.039238894,1.2,414,9,1,140-14,[]
TX,157.141910606,291823.348153028,4641052.373226084,1.2,818,12,1,188-6,[]
TX,157.186850531,293455.073262975,4643368.519543633,1.2,236,12,1,121-7,[]
TX,157.225931226,286654.999422301,4641703.082082046,1.2,978,12,1,211-28,[]
TX,157.287544504,291682.172687657,4642115.623857456,1.2,1183,12,1,24-20,[]
TX,157.91642462,291473.401223093,4635931.841716789,1.2,1420,12,1,270-11,[]
TX,157.999614734,291223.501366606,4642270.573293538,1.2,888,12,1,199-26,[]
TX,158.072517527,288492.055916553,4635158.805376083,1.2,2481,12,1,7-3,[]
TX,158.148552359,292506.061884362,4642901.762771175,1.2,437,12,1,141-14,[]
TX,158.193750447,293673.273294234,4642595.311436976,1.2,2002,12,1,348-7,[]
TX,158.24189205,273655.378722948,4630684.108762493,1.2,2047,12,1,357-17,[]
TX,158.283867715,290980.51451213,4641959.911156731,1.2,871,10,1,197-6,[]
TX,158.514563057,291014.117812104,4641912.668341852,1.2,2648,9,1,84-15,[]
TX,158.578447621,291824.077269583,4642545.953138073,1.2,576,12,1,157-21,[]
TX,158.720762844,290090.409021403,4640914.458594482,1.2,2121,7,1,367-23,[]
TX,158.799196088,291138.818891595,4639424.160218138,1.2,1126,11,1,234-5,[]
TX,159.113821595,292642.721185499,4642006.015381198,1.2,2573,12,1,76-11,[]
TX,159.248985309,291392.445839926,4643126.114683553,1.2,587,12,1,158-23,[]
TX,159.401182028,292977.334721824,4640865.936216502,1.2,1689,12,1,309-3,[]
TX,159.425237812,289835.195106139,4639644.664980733,1.2,2702,9,1,91-30,[]
TX,159.531206028,292530.081864428,4643808.355649928,1.2,455,12,1,145-25,[]
TX,159.664573639,291043.721415069,4641145.261192228,1.2,1119,9,1,233-9,[]
TX,160.006639263,273672.853255346,4630679.751207631,1.2,1978,12,1,344-29,[]
TX,160.056834363,293061.285451864,4642161.808971045,1.2,2232,12,1,44-11,[]
TX,160.270877936,292673.822624403,4643719.305911603,1.2,2532,12,1,72-18,[]
TX,160.420984557,292112.477337936,4643193.136585135,1.2,653,12,1,163-7,[]
TX,160.504835584,291636.181338486,4644618.982586711,1.2,1768,12,1,317-6,[]
TX,160.552726847,292418.629338498,4643560.074814085,1.2,695,12,1,172-7,[]
TX,160.583076183,291838.289068842,4641946.719819535,1.2,1862,11,1,332-22,[]
TX,160.673567005,289776.403971049,4645709.602382802,1.2,1151,12,1,239-13,[]
TX,160.8751221,289226.266836472,4642375.915527376,1.2,2620,10,1,82-12,[]
TX,161.035036736,289085.786900989,4642472.003198483,1.2,2550,11,1,73-4,[]
TX,161.083041505,290197.778213147,4635356.685731946,1.2,1249,12,1,248-21,[]
TX,161.088725064,290259.849746746,4647123.472770413,1.2,2533,12,1,72-19,[]
TX,161.192144134,292817.722245437,4641981.132184397,1.2,458,12,1,145-28,[]
TX,161.195286789,289437.405889168,4635059.279071694,1.2,2455,12,1,67-18,[]
TX,161.268941439,271822.48442219,4630672.165066924,1.2,1934,12,1,339-26,[]
TX,161.370046125,290389.896244572,4642330.971776148,1.2,679,10,1,171-24,[]
TX,161.510522988,286454.950621697,4642770.25348549,1.2,465,12,1,147-14,[]
TX,161.79405296,273712.75073241,4630638.968193164,1.2,2184,12,1,40-25,[]
TX,161.807688292,290143.60562346,4643595.634029123,1.2,1500,12,1,282-3,[]
TX,161.845578407,290709.797234998,4641304.712434636,1.2,334,7,1,131-11,[]
TX,162.029651506,291743.913555022,4641526.948034473,1.2,94,12,1,106-24,[]
TX,162.140374147,290074.927791003,4644386.80488514,1.2,976,12,1,211-26,[]
TX,162.250787776,292904.661537184,4640431.067395919,1.2,1670,12,1,308-11,[]
TX,162.293422119,292756.426034532,4642026.298820447,1.2,755,12,1,181-7,[]
TX,162.296701818,292333.404456432,4642039.686855877,1.2,2027,12,1,351-7,[]
TX,162.352973238,286709.393032817,4645119.764674884,1.2,238,12,1,122-19,[]
TX,162.432007534,292666.485671451,4641784.375078241,1.2,477,12,1,148-17,[]
TX,162.439574857,289790.360374106,4635454.773151754,1.2,2576,12,1,76-22,[]
TX,162.452707833,288370.26144707,4638653.971491867,1.2,85,12,1,105-3,[]
TX,162.540327782,290657.204253263,4641308.898040806,1.2,2254,7,1,45-7,[]
TX,162.666266442,290101.847847041,4642422.1771058,1.2,863,9,1,197-17,[]
TX,163.255615825,292280.030809357,4642339.841860916,1.2,1086,12,1,231-13,[]
TX,163.379348228,291815.270740476,4641607.006308964,1.2,2776,11,1,97-9,[]
TX,163.605384349,288966.722119583,4642977.208996635,1.2,1922,12,1,339-10,[]
TX,164.129616818,291532.253745841,4641324.09828707,1.2,1318,10,1,256-24,[]
TX,164.152727612,295070.615930136,4642852.144997889,1.2,2329,8,1,50-7,[]
TX,164.386238016,289992.774228809,4637691.28336355,1.2,165,12,1,111-14,[]
TX,164.430834912,291880.095899113,4641951.891419698,1.2,532,12,1,151-7,[]
TX,164.592501855,292988.734173462,4642954.139875651,1.2,1065,12,1,226-4,[]
TX,164.681340533,296533.509391012,4645847.354983248,1.2,259,12,1,125-13,[]
TX,164.699835413,292977.940684113,4642277.552720158,1.2,2510,12,1,71-21,[]
TX,164.801828441,291838.111214178,4642457.65546656,1.2,420,12,1,140-2,[]
TX,165.05379908,291875.882684349,4642383.003482426,1.2,845,12,1,194-22,[]
TX,165.100040366,291977.127488713,4643979.764373038,1.2,719,12,1,176-28,[]
TX,165.110830111,291720.909248991,4641496.139808492,1.2,1077,12,1,229-21,[]
TX,165.189556442,290315.468006648,4636944.668079772,1.2,2300,12,1,48-27,[]
TX,165.229290227,290620.296214501,4641503.388001598,1.2,2157,7,1,371-25,[]
TX,165.292479931,290963.883667632,4640762.228204254,1.2,1502,8,1,282-5,[]
TX,165.300860717,291594.535766156,4642678.509244639,1.2,131,12,1,109-3,[]
TX,165.368373528,291233.984941521,4644163.218233633,1.2,2521,12,1,71-6,[]
TX,165.507493011,291231.962704047,4642277.317412168,1.2,1361,12,1,262-9,[]
TX,165.519345721,290171.969205608,4635338.483247056,1.2,1142,12,1,238-14,[]
TX,165.571173126,292307.765669467,4642043.532161498,1.2,2104,12,1,363-24,[]
TX,165.649584716,295630.685588599,4645584.55448325,1.2,2347,12,1,51-27,[]
TX,165.69418273,280063.469023834,4632616.008880599,1.2,1717,12,1,31-5,[]
TX,165.703089969,290679.484725834,4641303.377894673,1.2,1389,7,1,267-26,[]
TX,165.740432537,289890.230682069,4633915.239865151,1.2,1629,12,1,303-29,[]
TX,165.859752986,291282.327126274,4642395.814935403,1.2,2739,12,1,95-30,[]
TX,165.881924797,290378.031701963,4641809.909309402,1.2,2682,7,1,87-26,[]
TX,165.97074748,292330.095390602,4642052.270297042,1.2,261,12,1,125-24,[]
TX,166.331556857,290127.182146397,4636891.404441367,1.2,1613,12,1,301-11,[]
TX,166.374305474,291817.701183512,4641044.008017337,1.2,967,12,1,21-26,[]
TX,166.442895568,287814.418656448,4638505.879127282,1.2,1132,12,1,237-13,[]
TX,166.48262663,290930.76827079,4642116.497843407,1.2,2169,11,1,39-11,[]
TX,166.524603412,288504.985056272,4635175.500448648,1.2,1743,12,1,313-11,[]
TX,166.575592138,292806.382712541,4641311.568997812,1.2,1163,12,1,239-27,[]
TX,166.766283029,294406.696161794,4642822.67215259,1.2,28,12,1,101-16,[]
TX,166.860673741,295036.29583481,4642939.080289163,1.2,1684,9,1,309-19,[]
TX,166.879802781,292817.556612215,4641605.175621287,1.2,2141,12,1,369-17,[]
TX,166.925084688,291673.740200904,4642112.463756244,1.2,2391,12,1,56-28,[]
TX,166.943720314,292141.230772634,4642222.069512405,1.2,1971,12,1,341-6,[]
TX,167.042325587,291835.736356227,4642494.624990974,1.2,2420,12,1,60-14,[]
TX,167.213715538,291385.420276959,4641409.598585355,1.2,2673,10,1,85-27,[]
TX,167.362403662,293316.162184454,4639857.397843665,1.2,1686,12,1,309-20,[]
TX,167.79156411,291279.227104242,4642368.152333735,1.2,398,12,1,14-15,[]
TX,167.886769543,295173.610886322,4642739.282824886,1.2,2759,7,1,97-18,[]
TX,167.984489407,290639.701437624,4646618.771362024,1.2,2512,12,1,71-25,[]
TX,167.995307232,293479.218859396,4644109.178920749,1.2,2692,12,1,88-28,[]
TX,168.373617045,290944.364920021,4641210.219603715,1.2,92,7,1,106-22,[]
TX,168.402882741,291552.043325878,4640946.214932922,1.2,660,9,1,167-18,[]
TX,168.443001046,281895.019355665,4632784.262930041,1.2,2154,12,1,371-22,[]
TX,168.44672324,292430.551523736,4641571.913645049,1.2,241,12,1,124-12,[]
TX,168.662816817,292287.708438621,4642041.586316242,1.2,6,12,1,100-18,[]
TX,168.783650199,292743.175406788,4643107.875201765,1.2,471,12,1,147-8,[]
TX,168.803324273,293707.440327048,4645337.822737644,1.2,733,12,1,179-7,[]
TX,168.87065366,288186.859407413,4643906.982053848,1.2,2433,12,1,61-4,[]
TX,168.889622676,290741.641666857,4642894.172079213,1.2,1640,12,1,305-12,[]
TX,168.898973248,293769.490132186,4639708.331768734,1.2,2199,12,1,41-9,[]
TX,168.916825515,290667.750519576,4641600.197231688,1.2,2160,7,1,371-28,[]
TX,169.110966607,289311.490643258,4639753.79630116,1.2,990,9,1,215-10,[]
TX,169.118810672,290833.758889479,4642775.910938993,1.2,394,11,1,139-25,[]
TX,169.296077176,289306.903735995,4634644.592382886,1.2,205,12,1,119-11,[]
TX,169.334008503,290451.092453149,4645193.132634404,1.2,1771,12,1,318-16,[]
TX,169.485914509,291939.936421966,4642584.955007792,1.2,550,12,1,153-2,[]
TX,169.548692313,291696.221968337,4642121.225516381,1.2,2693,12,1,91-15,[]
TX,169.659912071,290949.497996558,4639028.456764034,1.2,686,12,1,172-19,[]
TX,169.680791742,290552.368506378,4643201.651934659,1.2,2222,12,1,43-25,[]
TX,169.72381752,291111.30538915,4641359.651309015,1.2,101,9,1,107-12,[]
TX,169.806719925,276744.130132714,4632265.480432162,1.2,1363,12,1,264-16,[]
TX,169.903424112,290465.247884888,4641508.619987031,1.2,2592,7,1,79-6,[]
TX,170.030935706,273712.958413854,4630653.062905214,1.2,208,12,1,119-23,[]
TX,170.097820013,292323.948258676,4642053.570437131,1.2,1723,12,1,310-19,[]
TX,170.138397507,292221.028652212,4643547.874842063,1.2,580,12,1,157-7,[]
TX,170.460912761,289358.067733554,4634303.57333193,1.2,2101,12,1,363-19,[]
TX,170.519833701,273684.983370193,4630637.513980523,1.2,1491,12,1,28-27,[]
TX,170.711332747,290930.317639939,4643937.987955603,1.2,1224,12,1,244-28,[]
TX,170.783575326,291451.538172792,4642030.574037509,1.2,1521,10,1,287-21,"[['RX_GW', 171.443087091, 1521, 10, 1, 868.1, -132.435551965, '00:00:00:00:00:02']]"
TX,171.001110032,291837.409965944,4642548.027105671,1.2,940,12,1,206-10,[]
TX,171.033078961,295024.21752839,4647216.103941858,1.2,2480,12,1,7-21,[]
TX,171.038992674,291739.815935353,4642808.931163156,1.2,1193,12,1,24-4,[]
TX,171.181181051,273673.352184092,4630624.585868347,1.2,1566,12,1,290-7,[]
TX,171.50340189,295121.210907429,4642732.827617136,1.2,1794,7,1,321-19,"[['RX_GW', 171.618399315, 1794, 7, 1, 868.1, -122.895909834, '00:00:00:00:00:04']]"
TX,171.626289048,291064.978181791,4644021.971981008,1.2,1537,12,1,288-18,[]
TX,171.707068736,289196.286702336,4642523.210140849,1.2,1713,11,1,31-29,"[['RX_GW', 173.187828189, 1713, 11, 1, 868.1, -133.776103123, '00:00:00:00:00:02']]"
TX,171.889020724,291981.814456574,4643717.572989594,1.2,2476,12,1,7-17,[]
TX,171.975923392,289979.408749776,4634431.15651853,1.2,585,12,1,158-14,[]
TX,172.0505889,291618.049014567,4644594.072598458,1.2,2038,12,1,353-4,[]
TX,172.414834998,289320.428117001,4639763.226756501,1.2,1244,9,1,246-28,[]
TX,172.43234668,272971.594249758,4629866.254574684,1.2,2441,12,1,62-27,[]
TX,172.904982595,288936.393302,4642809.715327854,1.2,1974,12,1,344-19,[]
TX,172.927189471,288416.803074452,4642395.927067369,1.2,440,12,1,141-24,[]
TX,172.937413577,292163.375161549,4643612.448269899,1.2,972,12,1,211-13,[]
TX,173.491741131,291734.192637214,4638630.710470819,1.2,1505,12,1,284-10,[]
TX,173.554829694,291210.345227946,4640411.40981552,1.2,1603,8,1,3-11,[]
TX,173.591132417,290745.80778712,4642882.908556606,1.2,2161,12,1,372-22,[]
TX,173.70184919,291838.741093853,4642546.12944899,1.2,1351,12,1,261-26,[]
TX,173.736255647,291994.993239444,4643717.428352494,1.2,2563,12,1,75-23,[]
TX,173.884715784,293317.020282729,4644298.377725215,1.2,1691,12,1,309-4,[]
TX,174.136466677,290640.714574241,4641085.833280736,1.2,2114,7,1,367-13,[]
TX,174.32571602,291493.778526479,4641989.599270144,1.2,218,10,1,12-29,[]
TX,174.466833749,287429.053561471,4634247.510244734,1.2,2224,12,1,43-28,[]
TX,174.504571384,288574.188559967,4643683.953890028,1.2,296,12,1,128-5,[]
TX,174.537579809,290537.232292416,4643246.903666124,1.2,503,12,1,150-15,[]
TX,174.592802234,291386.781708571,4641399.734408379,1.2,657,10,1,167-15,[]
TX,174.600212256,292587.05093912,4641153.274355086,1.2,596,12,1,159-16,[]
TX,174.613690916,292534.132766031,4642918.94314567,1.2,2484,12,1,7-6,[]
TX,174.614925291,288312.429642294,4638810.182414671,1.2,1268,12,1,250-4,[]
TX,174.765863328,292559.054368738,4639041.374744935,1.2,1265,12,1,250-20,[]
TX,174.799736975,291074.456784337,4644031.270279226,1.2,1362,12,1,264-15,[]
TX,175.000582542,295196.826022072,4645342.062391546,1.2,2272,12,1,47-14,[]
TX,175.044589212,292163.37735872,4639347.068858408,1.2,2185,12,1,40-26,[]
TX,175.067277349,281929.684743149,4632790.396400756,1.2,591,12,1,158-27,[]
TX,175.146572601,274912.532483545,4631102.490863416,1.2,991,12,1,215-11,[]
TX,175.275180199,291816.739477913,4644172.309502414,1.2,605,12,1,160-1,[]
TX,175.353982316,282901.450331137,4632858.076189609,1.2,1485,12,1,28-12,[]
TX,175.638620306,287224.736294746,4634215.584022907,1.2,1933,12,1,339-25,[]
TX,175.698899325,289290.073578467,4644420.077023384,1.2,2483,12,1,7-5,[]
TX,175.770077053,290358.825140006,4641449.64185516,1.2,795,7,1,186-25,[]
TX,175.798555688,288287.223036043,4634841.597251949,1.2,1211,12,1,242-27,[]
TX,175.849096052,294051.483753947,4641447.031267802,1.2,331,10,1,130-8,"[['RX_GW', 176.508607152, 331, 10, 1, 868.1, -130.789065024, '00:00:00:00:00:04']]"
TX,175.886497293,289183.664934333,4642515.109638453,1.2,1718,11,1,31-6,[]
TX,175.948382354,292527.392858969,4642917.099769169,1.2,1721,12,1,310-17,[]
TX,175.986038056,295125.738116554,4642730.035455572,1.2,2603,7,1,8-6,[]
TX,176.22645459,291989.68663326,4643707.401749643,1.2,231,12,1,121-3,[]
TX,176.251455014,292705.754383244,4637148.357515441,1.2,303,12,1,129-14,[]
TX,176.26960442,291865.521120335,4642568.573808641,1.2,9,12,1,100-21,[]
TX,176.289074115,290389.392494303,4645804.543298989,1.2,1776,12,1,318-21,[]
TX,176.312810688,290378.013842766,4641808.57597376,1.2,391,7,1,139-14,[]
TX,176.425106193,290393.952956418,4644038.583946386,1.2,1212,12,1,242-28,[]
TX,176.440177485,289740.128424828,4641833.583233273,1.2,851,8,1,194-28,[]
TX,176.464873856,287153.86304604,4634215.644769693,1.2,1801,12,1,321-7,[]
TX,176.633755383,291185.363476595,4641320.006947187,1.2,1694,8,1,309-7,[]
TX,176.731526237,289812.978498044,4639581.495348034,1.2,517,7,1,151-12,[]
TX,176.947618486,291707.336461771,4642749.728469152,1.2,2516,12,1,71-29,[]
TX,176.968961676,289945.143017951,4634408.418589746,1.2,1981,12,1,344-5,[]
TX,177.201623133,291528.42174103,4642077.668050346,1.2,2684,12,1,87-28,[]
TX,177.231826904,291833.219986385,4642483.017225925,1.2,2479,12,1,7-20,[]
TX,177.405103761,291495.184192388,4643822.864880095,1.2,2307,12,1,49-9,[]
TX,177.498394697,292227.074781981,4643035.410194965,1.2,937,12,1,204-26,[]
TX,177.609828822,292330.089979433,4642039.886719014,1.2,823,12,1,19-4,[]
TX,177.695492645,299797.429057952,4645120.907855457,1.2,2215,12,1,43-17,[]
TX,177.6980054,285081.388751616,4633386.86515564,1.2,2442,12,1,62-28,[]
TX,177.840457598,295609.634917486,4645559.328643081,1.2,1434,12,1,270-4,[]
TX,177.894668607,289952.232808871,4634412.482677691,1.2,2040,12,1,353-6,[]
TX,178.0529962,291703.234096595,4642125.102729383,1.2,1159,12,1,239-23,[]
TX,178.06754914,290828.184787587,4639358.970037828,1.2,1064,11,1,226-3,[]
TX,178.083109935,289540.052393486,4641829.21493186,1.2,720,7,1,178-18,[]
TX,178.155879945,291324.748832771,4633992.916872636,1.2,2186,12,1,40-27,[]
TX,178.38460065,302167.50918672,4640956.202034061,1.2,774,12,1,184-12,[]
TX,178.400194553,290950.680740732,4639030.702102819,1.2,1977,12,1,344-21,[]
TX,178.637023702,291419.701697687,4642063.638473897,1.2,792,10,1,186-22,[]
TX,178.659955472,290657.791656948,4641181.759797611,1.2,2695,7,1,91-17,[]
TX,178.739249817,290853.109522132,4642284.921463741,1.2,2471,10,1,68-3,[]
TX,178.825378905,289406.308492147,4641535.568610099,1.2,2251,7,1,45-4,[]
TX,178.833163529,291685.238144664,4642124.914168416,1.2,2637,12,1,83-2,[]
TX,178.928868173,273689.901883773,4630653.321491693,1.2,1147,12,1,238-28,[]
TX,178.953852463,292523.569709274,4642908.258333061,1.2,1693,12,1,309-6,[]
TX,179.056852926,290301.717090529,4642210.25269834,1.2,2400,9,1,57-12,"[['RX_GW', 179.428618929, 2400, 9, 1, 868.1, -127.993287869, '00:00:00:00:00:02']]"
TX,179.356547819,289713.062340624,4639215.418661534,1.2,1241,10,1,246-23,[]
TX,179.516632049,295690.742906287,4643042.477163779,1.2,1795,9,1,321-20,"[['RX_GW', 179.888398012, 1795, 9, 1, 868.1, -129.02982045, '00:00:00:00:00:04']]"
TX,179.825049779,290220.595288539,4636607.511986549,1.2,1916,12,1,338-19,[]
TX,179.950368527,287772.410557086,4645632.123981382,1.2,868,12,1,197-3,[]
TX,180.010306612,291870.435565,4642564.777492275,1.2,763,12,1,182-22,[]
TX,180.026193602,282977.145615671,4640408.126686323,1.2,1307,12,1,256-11,[]
TX,180.205722451,291850.203544033,4642549.583061247,1.2,1136,12,1,237-26,[]
TX,180.221035002,290197.046165342,4647344.044381215,1.2,396,12,1,139-27,[]
TX,180.533461098,290827.508044773,4641303.620351768,1.2,1871,7,1,332-6,[]
TX,180.593554247,294714.006510229,4642497.497021112,1.2,262,8,1,125-25,"[['RX_GW', 180.800967973, 262, 8, 1, 868.1, -125.403788712, '00:00:00:00:00:04']]"
TX,180.762819037,293940.699131145,4648867.340552137,1.2,2348,12,1,51-28,[]
TX,180.94975714,292772.450186019,4641534.441358917,1.2,1674,12,1,308-22,[]
TX,180.952403237,289989.544451446,4647053.05853309,1.2,1760,12,1,317-17,[]
TX,181.140775204,273708.847619058,4630708.782579411,1.2,2220,12,1,43-21,[]
TX,181.28888819,289719.301389129,4647163.7167928,1.2,73,12,1,104-20,[]
TX,181.404659392,289221.054570295,4642072.538379119,1.2,1213,9,1,244-10,[]
TX,181.438267403,290079.788482371,4642388.796899612,1.2,260,9,1,125-14,[]
TX,181.525528886,295628.536889246,4645564.967680244,1.2,2273,12,1,47-15,[]
TX,181.558636846,290649.831872375,4639942.575570479,1.2,1068,7,1,226-7,[]
TX,181.574470262,291984.758879348,4643702.183775532,1.2,2088,12,1,362-18,[]
TX,181.575231758,291390.114313238,4652286.870628049,1.2,2084,12,1,361-5,[]
TX,181.672396182,290646.441506256,4633744.890824912,1.2,971,12,1,211-12,[]
TX,182.023270279,299211.631804279,4633157.539309416,1.2,629,12,1,162-6,[]
TX,182.187882972,291879.306898023,4642563.806934745,1.2,540,12,1,152-25,[]
TX,182.189004471,292691.007251451,4641814.954048163,1.2,1959,12,1,340-6,[]
TX,182.255098435,292017.618583889,4643590.138747848,1.2,445,12,1,143-14,[]
TX,182.322148984,273693.368655663,4630647.449467074,1.2,1146,12,1,238-27,[]
TX,182.411902547,289621.485429772,4637903.937868853,1.2,534,12,1,151-9,[]
TX,182.460116234,294402.649416696,4642675.282595458,1.2,1468,10,1,275-20,[]
TX,182.471932483,291700.512914835,4642141.848719805,1.2,2679,12,1,87-14,[]
TX,182.491127671,294015.202274506,4641018.931873553,1.2,2502,10,1,71-14,[]
TX,182.725337754,291942.697480451,4642584.176125888,1.2,115,12,1,109-13,[]
TX,182.761756497,291681.244126704,4640050.047276895,1.2,762,12,1,182-21,[]
TX,182.768170958,291126.001105824,4642467.57386313,1.2,889,12,1,200-10,[]
TX,183.055182773,288186.812601748,4643927.043614243,1.2,1022,12,1,221-14,[]
TX,183.078217571,292764.140713003,4641354.717756528,1.2,2009,12,1,349-20,[]
TX,183.117684253,281679.857316145,4632759.95686535,1.2,610,12,1,160-3,[]
TX,183.181189326,293358.270665418,4642708.989202251,1.2,54,12,1,102-5,[]
TX,183.395763404,291667.806963541,4642108.137880342,1.2,2558,12,1,75-18,[]
TX,183.512177218,290008.387827025,4643467.612652104,1.2,1772,12,1,318-17,[]
TX,183.610161042,291921.575473294,4642571.793199688,1.2,2469,12,1,68-21,[]
TX,183.613077246,293302.248143492,4644311.901604036,1.2,1532,12,1,287-6,[]
TX,183.700982879,293570.865227281,4643768.365038271,1.2,772,12,1,182-9,[]
TX,183.755485858,291508.117069258,4642443.686680201,1.2,2423,12,1,60-25,[]
TX,183.77327079,292189.000115971,4649625.510190076,1.2,1484,12,1,28-11,[]
TX,183.914521861,293761.094998513,4643579.022391718,1.2,1171,12,1,239-9,[]
TX,184.074671191,289856.26957112,4643040.09132822,1.2,1526,12,1,287-26,[]
TX,184.078161485,290960.461225369,4641189.709269454,1.2,1337,7,1,260-19,[]
TX,184.141469514,290322.734666159,4640361.466671215,1.2,397,7,1,139-28,[]
TX,184.234281983,292523.715582498,4642916.010508115,1.2,2387,12,1,56-23,[]
TX,184.40848064,290872.541084957,4642313.04147187,1.2,1540,11,1,288-21,[]
TX,184.440433644,291047.152255171,4640499.867142712,1.2,2196,9,1,41-27,[]
TX,184.575074885,290342.8080583,4641426.317811383,1.2,1274,7,1,253-13,[]
TX,184.633726557,291177.969188598,4641381.429272377,1.2,741,9,1,181-19,[]
TX,184.671606545,290061.02361876,4642388.700997517,1.2,1888,9,1,335-15,[]
TX,184.719170774,289870.968039452,4642995.667469427,1.2,485,12,1,148-25,[]
TX,184.830901758,291097.244048495,4642462.509779585,1.2,891,12,1,200-13,[]
TX,185.002702423,291611.446155016,4641707.7793075,1.2,2491,12,1,70-20,[]
TX,185.175917464,291824.072693678,4642550.980984652,1.2,800,12,1,186-9,[]
TX,185.265151838,293792.360539228,4643619.515074089,1.2,1894,12,1,335-4,[]
TX,185.365509906,288274.696538264,4641310.454815488,1.2,1942,10,1,339-8,"[['RX_GW', 186.025021175, 1942, 10, 1, 868.1, -131.707702931, '00:00:00:00:00:02']]"
TX,185.52705622,290671.061833834,4641303.674037178,1.2,1736,7,1,311-20,[]
TX,185.658428658,284806.058655467,4633030.21701468,1.2,2422,12,1,60-20,[]
TX,185.70174927,295253.619318915,4645386.472673164,1.2,1886,12,1,334-7,[]
TX,185.935214412,287913.927158947,4643986.333635481,1.2,2751,12,1,96-6,[]
TX,185.983586726,289649.303438925,4641970.005777584,1.2,213,8,1,12-17,[]
TX,186.01639678,289721.946549044,4641852.931394581,1.2,1602,7,1,3-10,[]
TX,186.509144025,289937.162627577,4634393.167034695,1.2,730,12,1,179-21,[]
TX,186.624092263,291223.376710157,4642256.114943547,1.2,273,12,1,127-1,[]
TX,186.655353481,291987.07551458,4643711.765574836,1.2,2569,12,1,75-6,[]
TX,187.028043996,292189.824805657,4642933.738020913,1.2,491,12,1,148-5,[]
TX,187.031294708,292024.644868819,4641767.529406731,1.2,771,12,1,182-8,[]
TX,187.13410148,291286.329727369,4641402.52685705,1.2,2490,10,1,70-2,[]
TX,187.235126678,271649.250507541,4630637.512295139,1.2,1636,12,1,304-30,[]
TX,187.274460506,291403.318267595,4641344.390123843,1.2,1598,9,1,298-4,[]
TX,187.412684103,289224.713311467,4642068.620056879,1.2,2635,9,1,82-9,[]
TX,187.706068331,293802.648024039,4639638.060188496,1.2,1675,12,1,308-23,[]
TX,187.728236999,293784.41547608,4639694.664320371,1.2,1028,12,1,222-12,[]
TX,187.846990761,293716.010566256,4645357.687648173,1.2,545,12,1,152-9,[]
TX,187.880885433,293527.108313411,4641010.059678341,1.2,2105,12,1,363-25,[]
TX,188.187729949,292300.953312228,4642053.100308738,1.2,8,12,1,100-20,[]
TX,188.348620519,288843.661092347,4643630.165643711,1.2,431,12,1,140-6,[]
TX,188.386728773,290410.041725504,4641833.11158752,1.2,2699,7,1,91-21,[]
TX,188.39162164,291840.103501903,4645294.542792352,1.2,2331,12,1,51-10,[]
TX,188.405548662,293374.726338317,4640937.927352672,1.2,486,12,1,148-26,[]
TX,188.523590451,290778.268356724,4635834.332627798,1.2,1586,12,1,294-26,[]
TX,188.611998439,290492.875145553,4636381.547140962,1.2,608,12,1,160-20,[]
TX,188.655213299,286831.844397793,4645144.790015012,1.2,2514,12,1,71-27,[]
TX,188.737583173,291062.884793437,4644031.12416403,1.2,180,12,1,112-4,[]
TX,188.856801153,291516.844049884,4642068.951974389,1.2,2083,12,1,361-4,[]
TX,188.946434436,289330.476556141,4634311.950085474,1.2,2174,12,1,39-25,[]
TX,189.272834004,291242.018583938,4641281.822524393,1.2,317,9,1,130-20,"[['RX_GW', 189.644599992, 317, 9, 1, 868.1, -128.302944362, '00:00:00:00:00:02']]"
TX,189.384990998,297474.221413205,4636574.339318125,1.2,1030,12,1,222-14,[]
TX,189.412078726,292189.912247269,4641675.66257445,1.2,961,12,1,21-11,[]
TX,189.448535606,292324.181089638,4642046.123160914,1.2,820,12,1,19-1,[]
TX,189.927135525,292553.807535567,4641852.940549942,1.2,2539,12,1,72-27,[]
TX,189.981406674,293529.000709068,4641585.6759818,1.2,575,12,1,157-20,[]
TX,190.178155446,292088.822559397,4640580.090856258,1.2,1841,12,1,330-18,[]
TX,190.243600092,289650.771334773,4641938.212580374,1.2,424,7,1,140-25,[]
TX,190.287509253,290473.92209744,4645043.357502935,1.2,970,12,1,211-11,[]
TX,190.428131681,292230.53203689,4638860.046976188,1.2,2671,12,1,85-13,[]
TX,190.631936479,290083.756589044,4645117.631971362,1.2,1883,12,1,334-4,[]
TX,190.64602108,289018.330938617,4643553.912910667,1.2,2194,12,1,41-25,[]
TX,190.711349986,297208.947271872,4646514.657955655,1.2,1755,12,1,315-5,[]
TX,190.740146155,291188.44102058,4641315.839167622,1.2,86,8,1,105-4,[]
TX,190.743956708,290887.29782868,4640715.043323693,1.2,1767,8,1,317-5,[]
TX,190.96706545,292650.142378716,4641760.466329419,1.2,1083,12,1,231-10,[]
TX,191.0946529,291028.389072056,4640574.065113697,1.2,683,7,1,171-28,[]
TX,191.127887427,290413.024951868,4641810.245607208,1.2,535,7,1,152-10,[]
TX,191.190112654,291045.150052113,4641119.205905156,1.2,1798,9,1,321-4,[]
TX,191.190209115,292402.12836605,4637331.44552225,1.2,2449,12,1,66-4,[]
TX,191.228318557,295625.10343027,4642519.615346064,1.2,756,7,1,181-8,"[['RX_GW', 191.343314769, 756, 7, 1, 868.1, -122.689122468, '00:00:00:00:00:04']]"
TX,191.260129348,293116.132033765,4643552.057697739,1.2,2182,12,1,40-14,[]
TX,191.33929517,291521.783014624,4642065.275090242,1.2,2384,12,1,56-19,[]
TX,191.394989567,290619.302105916,4642237.991855542,1.2,1110,9,1,232-4,[]
TX,191.49774465,285109.026522573,4633411.486377567,1.2,2123,12,1,367-27,[]
TX,191.612681433,291111.286284701,4642465.641748256,1.2,1638,12,1,305-10,[]
TX,191.79637064,290748.530220874,4642883.301929033,1.2,2345,12,1,51-25,[]
TX,191.931907069,291801.420889065,4640767.260223305,1.2,1056,10,1,226-21,[]
TX,192.037510951,289314.643755752,4634329.491445261,1.2,1789,12,1,320-27,[]
TX,192.093693175,285896.128811047,4641166.732170212,1.2,1121,12,1,234-19,[]
TX,192.125657354,290070.299802396,4642404.175784623,1.2,1576,9,1,293-21,[]
TX,192.182198952,291842.118795136,4642552.919718854,1.2,1645,12,1,305-17,[]
TX,192.210489693,292491.003971225,4641910.077769217,1.2,2183,12,1,40-24,[]
TX,192.268588229,291956.947986541,4642588.082595235,1.2,120,12,1,109-18,[]
TX,192.548845696,291124.86305352,4641154.863869896,1.2,1604,7,1,3-12,[]
TX,192.618843043,291712.335882668,4642812.752897343,1.2,2508,12,1,71-2,[]
TX,192.663553933,294396.067852978,4643070.498856046,1.2,1153,12,1,239-17,[]
TX,192.911192734,291181.009823623,4635652.069785478,1.2,2063,12,1,358-20,[]
TX,192.994097094,286940.861588951,4641575.686116756,1.2,1431,12,1,270-26,[]
TX,193.116779175,271803.621780261,4630673.055211069,1.2,1200,12,1,241-13,[]
TX,193.463034494,289647.977730286,4641935.913589539,1.2,798,7,1,186-28,[]
TX,193.507065891,291811.249622618,4639285.887054848,1.2,2242,12,1,45-17,[]
TX,193.58196742,292432.365274194,4641761.60292017,1.2,655,12,1,166-8,[]
TX,193.67988335,289709.395658497,4642801.715303857,1.2,1811,12,1,322-6,[]
TX,193.681465714,299778.587763863,4630312.048663112,1.2,417,12,1,140-17,[]
TX,193.72566419,287037.492803798,4631085.742355637,1.2,920,12,1,203-12,[]
TX,193.76621116,292746.201914376,4641857.682911093,1.2,2072,12,1,358-6,[]
TX,193.868284934,290869.647544108,4642268.503795666,1.2,56,12,1,102-7,[]
TX,194.03714809,292477.923710402,4642906.635210394,1.2,1293,12,1,254-21,[]
TX,194.206895817,293204.781772125,4640438.161606684,1.2,1918,12,1,338-3,[]
TX,194.43670624,288586.46092866,4643548.994639666,1.2,931,12,1,204-13,[]
TX,194.504450391,291198.288450764,4641307.137914733,1.2,1665,9,1,306-3,[]
TX,194.637282957,292325.561788679,4642057.204534807,1.2,1708,12,1,31-21,[]
TX,194.716448989,296617.149262744,4643187.91680616,1.2,1070,10,1,226-9,[]
TX,194.739430701,291584.269085535,4641389.121252861,1.2,1321,10,1,256-27,[]
TX,194.7522752,290483.485227887,4640635.888866549,1.2,1702,7,1,31-16,[]
TX,194.887850255,289951.796965413,4634416.637022885,1.2,1783,12,1,320-11,[]
TX,194.999169898,292067.379707189,4640502.695646024,1.2,263,12,1,125-26,[]
TX,195.020931415,291031.884107276,4640433.986122895,1.2,333,9,1,131-10,[]
TX,195.023917398,291388.140177425,4642045.707881285,1.2,1192,12,1,24-30,[]
TX,195.027078424,290354.998517925,4640377.340242618,1.2,1666,7,1,306-5,[]
TX,195.589337144,291247.724574509,4643216.445711574,1.2,2598,12,1,8-20,[]
TX,195.595481149,292568.017622139,4641829.737780876,1.2,518,12,1,151-17,[]
TX,195.619949043,282393.747035044,4639174.838014186,1.2,1845,12,1,330-25,[]
TX,195.62089564,293238.295704105,4644217.092025171,1.2,2311,12,1,50-13,[]
TX,195.667912321,273736.753082859,4630647.113998707,1.2,1908,12,1,337-10,[]
TX,195.685650245,290494.39164289,4639925.238082542,1.2,2129,7,1,367-7,"[['RX_GW', 195.80064748, 2129, 7, 1, 868.1, -123.742827518, '00:00:00:00:00:02']]"
TX,195.816563775,292510.25400449,4642913.343289895,1.2,44,12,1,101-7,[]
TX,195.887925835,291209.192716542,4631944.901662218,1.2,2406,12,1,58-18,[]
TX,196.067404463,290818.288311813,4640546.189444192,1.2,4,7,1,100-14,"[['RX_GW', 196.182401084, 4, 7, 1, 868.1, -121.924507425, '00:00:00:00:00:02']]"
TX,196.068357346,288002.256903205,4634562.459538163,1.2,1203,12,1,241-25,[]
TX,196.076020571,293024.669686415,4643324.313351418,1.2,1040,12,1,223-24,[]
TX,196.089509708,291312.658973299,4642014.092473543,1.2,479,12,1,148-19,[]
TX,196.194785579,289268.569968302,4639200.177365161,1.2,1818,11,1,324-13,"[['RX_GW', 197.675545224, 1818, 11, 1, 868.1, -133.844722546, '00:00:00:00:00:02']]"
TX,196.195932223,291388.843224952,4641391.870730221,1.2,55,9,1,102-6,[]
TX,196.206975591,291485.662600331,4636489.064356854,1.2,1104,12,1,232-17,[]
TX,196.280006558,293207.632805693,4642037.728234214,1.2,1107,11,1,232-20,"[['RX_GW', 197.760768468, 1107, 11, 1, 868.1, -134.622173084, '00:00:00:00:00:04']]"
TX,196.386799553,290747.362690799,4642890.688063812,1.2,1653,12,1,305-26,[]
TX,196.400366572,290479.422629663,4644582.627045473,1.2,122,12,1,109-2,[]
TX,196.732800901,285597.841553724,4641197.416658172,1.2,952,12,1,209-11,[]
TX,196.746171713,291184.745155776,4644884.220541802,1.2,1435,12,1,270-5,[]
TX,196.784261877,292483.041899233,4643067.092688979,1.2,1740,12,1,311-5,[]
TX,196.940709758,292415.824274908,4641851.303135783,1.2,2664,12,1,84-4,[]
TX,196.992096415,294855.191081031,4646061.795961283,1.2,2513,12,1,71-26,[]
TX,197.067072822,289835.485734144,4643475.78889258,1.2,1111,12,1,232-5,[]
TX,197.114224871,289860.552775451,4639378.720733595,1.2,2297,10,1,48-24,[]
TX,197.27963154,296748.879613926,4646471.518739725,1.2,2355,12,1,53-18,[]
TX,197.284205056,291414.062465659,4643119.787037432,1.2,183,12,1,112-7,[]
TX,197.390979332,291132.855200669,4642475.190210805,1.2,840,12,1,190-7,[]
TX,197.729724605,288851.805466449,4641724.936272476,1.2,2518,8,1,71-30,"[['RX_GW', 197.937138671, 2518, 8, 1, 868.1, -124.699888372, '00:00:00:00:00:02']]"
TX,197.752518354,294058.283441629,4644067.805116857,1.2,2382,12,1,56-14,[]
TX,197.825611975,291632.537937458,4644615.6295711,1.2,1872,12,1,332-7,[]
TX,197.86325231,291117.57708045,4643609.903502222,1.2,2557,12,1,75-14,[]
TX,197.935720223,290835.513858114,4642284.503451399,1.2,1443,10,1,273-21,"[['RX_GW', 198.595231195, 1443, 10, 1, 868.1, -132.864796883, '00:00:00:00:00:02']]"
TX,197.969008604,291052.811922859,4641358.661847387,1.2,904,8,1,201-25,[]
TX,198.007149897,285133.501797937,4633416.025833479,1.2,2118,12,1,367-19,[]
TX,198.07821887,290995.417753404,4640691.053344606,1.2,1976,8,1,344-20,[]
TX,198.176643024,275589.95158412,4631583.233765978,1.2,1270,12,1,250-6,[]
TX,198.607898808,293210.784802655,4643915.14482663,1.2,442,12,1,141-26,[]
TX,198.653350379,292631.573371116,4641781.172707277,1.2,787,12,1,185-7,[]
TX,198.678223678,290181.101113002,4635346.535436162,1.2,1245,12,1,248-17,[]
TX,198.843376864,290098.426940206,4642397.294191195,1.2,50,9,1,102-20,"[['RX_GW', 199.215143361, 50, 9, 1, 868.1, -129.545592139, '00:00:00:00:00:02']]"
TX,198.937586317,291122.822575971,4641127.298352946,1.2,2135,7,1,368-18,[]
TX,198.96266595,290979.588815857,4641321.693348575,1.2,1487,8,1,28-14,[]
TX,199.015072755,291854.458636008,4642558.461744426,1.2,2493,12,1,70-3,[]
TX,199.053987977,295251.566576414,4648798.843154707,1.2,2708,12,1,93-10,[]
TX,199.233177499,290360.470227573,4642025.239299754,1.2,650,9,1,163-4,"[['RX_GW', 199.604942972, 650, 9, 1, 868.1, -128.749962732, '00:00:00:00:00:02']]"
TX,199.253091924,292705.820883115,4641843.803081052,1.2,1035,12,1,223-12,[]
TX,199.272501829,291756.241407083,4642523.914342711,1.2,386,12,1,138-9,[]
TX,199.277693231,289007.299152441,4634922.421329004,1.2,372,12,1,138-21,[]
TX,199.318713289,289898.883987233,4641675.688486116,1.2,1620,7,1,301-25,[]
TX,199.513348145,290466.952775063,4641377.003589059,1.2,2580,7,1,76-26,[]
TX,199.903102121,290005.794886928,4642939.142961463,1.2,874,11,1,198-11,"[['RX_GW', 201.383862403, 874, 11, 1, 868.1, -134.278275553, '00:00:00:00:00:02']]"
TX,199.90793331,295000.425476405,4642708.655032797,1.2,1463,9,1,275-16,[]
TX,200.209199251,292307.35410512,4642053.558805994,1.2,14,12,1,100-27,[]
TX,200.423111856,292329.742941156,4642050.238216395,1.2,875,12,1,198-12,[]
TX,200.440921865,291782.427269903,4641041.222877892,1.2,636,12,1,163-15,[]
TX,200.5077797,290293.504240444,4641970.241710289,1.2,1720,8,1,310-1,[]
TX,200.762885869,291740.07244793,4642786.765794985,1.2,2352,12,1,51-6,[]
TX,200.762992738,288776.928086656,4634110.586920004,1.2,1863,12,1,332-24,[]
TX,200.787831112,283161.591030873,4633574.980475672,1.2,1902,12,1,336-29,[]
TX,200.87542899,291196.58270129,4641970.59697726,1.2,2613,10,1,81-12,[]
TX,201.162676476,290378.820071683,4642633.781954026,1.2,1601,11,1,298-7,[]
TX,201.308495475,288336.480542299,4634917.26492872,1.2,2525,12,1,72-11,[]
TX,201.487718734,286695.898039871,4641690.238397737,1.2,1835,12,1,326-7,[]
TX,201.489879868,292906.068089733,4643887.230081403,1.2,2712,12,1,93-18,[]
TX,201.700160385,290765.61237529,4641511.391009835,1.2,1647,8,1,305-19,"[['RX_GW', 201.907573261, 1647, 8, 1, 868.1, -126.299924544, '00:00:00:00:00:02']]"
TX,201.797846721,295734.479173742,4646032.416860321,1.2,2604,12,1,8-7,[]
TX,201.930390182,294875.1404672,4646789.583886249,1.2,100,12,1,107-11,[]
TX,201.967458242,272874.771704366,4629819.293244208,1.2,997,12,1,215-24,[]
TX,202.128131231,291835.077913579,4642449.655647577,1.2,2432,12,1,61-30,[]
TX,202.386861526,291882.285373798,4641630.574281075,1.2,347,12,1,137-14,[]
TX,202.448223486,291937.175189082,4642224.357447701,1.2,1762,12,1,317-19,[]
TX,202.705986789,291108.216399894,4641070.671521812,1.2,1966,9,1,341-20,[]
TX,202.911709925,292334.988445107,4649975.371370186,1.2,1750,12,1,315-18,[]
TX,203.032190709,295656.338968234,4641977.770584193,1.2,1148,7,1,239-10,"[['RX_GW', 203.147185115, 1148, 7, 1, 868.1, -100.470360063, '00:00:00:00:00:04']]"
TX,203.056111614,289177.663960858,4642517.516682946,1.2,716,11,1,176-10,[]
TX,203.109533467,273732.88544706,4630500.226005507,1.2,1313,12,1,256-17,[]
TX,203.161201895,292331.651039003,4642041.72327099,1.2,2332,12,1,51-11,[]
TX,203.565826276,274246.78009745,4630662.260191718,1.2,1808,12,1,322-3,[]
TX,203.763811658,291199.6635308,4641311.944045512,1.2,1011,9,1,22-27,[]
TX,203.791283766,291849.465413069,4641056.248602347,1.2,1316,12,1,256-2,[]
TX,203.844771487,290989.151718792,4639049.887729738,1.2,853,12,1,195-18,[]
TX,203.915662554,292689.574661312,4640509.330166177,1.2,642,12,1,163-21,[]
TX,203.983320791,290685.172901283,4646600.54814555,1.2,2506,12,1,71-18,[]
TX,203.99871262,292953.904253622,4640320.365218624,1.2,1106,12,1,232-19,[]
TX,204.009901833,290637.059808271,4642980.915030791,1.2,84,12,1,105-21,[]
TX,204.138863915,292612.958113762,4641982.85888908,1.2,2323,12,1,50-29,[]
TX,204.176802437,291469.117503082,4642073.511899021,1.2,1130,12,1,237-11,[]
TX,204.244037457,290086.132056979,4634575.904842522,1.2,590,12,1,158-26,[]
TX,204.308001509,290668.488370299,4641612.651054597,1.2,1019,7,1,221-10,[]
TX,204.455354047,291777.070595733,4640418.304540013,1.2,1156,11,1,239-20,[]
TX,204.51477888,293361.265298413,4646630.538011507,1.2,743,12,1,181-21,[]
TX,204.691235971,291835.590050779,4642544.659551164,1.2,2663,12,1,84-30,[]
TX,204.818682536,291873.121956512,4641642.264849108,1.2,316,12,1,130-19,[]
TX,204.903452219,291010.830227718,4639217.448864013,1.2,2292,12,1,48-10,[]
TX,204.953185545,291587.469221121,4643877.004578216,1.2,708,12,1,174-7,[]
TX,205.048621341,292452.373540954,4641595.714358071,1.2,941,12,1,206-11,[]
TX,205.051197239,271574.504889499,4630625.265052794,1.2,522,12,1,151-22,[]
TX,205.104256854,292662.861710218,4641794.018228882,1.2,74,12,1,104-21,[]
TX,205.199635862,298201.742014772,4636330.664489395,1.2,307,12,1,129-27,[]
TX,205.454026636,293185.719812974,4640510.806317695,1.2,2431,12,1,61-3,[]
TX,205.609644289,290864.975140281,4644928.154190992,1.2,469,12,1,147-27,[]
TX,205.610716824,291934.689857133,4642231.420247114,1.2,2653,12,1,84-2,[]
TX,205.92594953,290361.564880659,4641804.257305828,1.2,661,7,1,167-19,[]
TX,205.977528133,289428.026409974,4646181.363133447,1.2,1683,12,1,309-18,[]
TX,206.004970276,292840.899202392,4641300.167952878,1.2,1535,12,1,287-9,[]
TX,206.027517876,292857.841155337,4641911.460200262,1.2,1103,12,1,231-9,[]
TX,206.032931747,290403.650271314,4642856.106714654,1.2,1173,12,1,24-10,[]
TX,206.048142248,291931.739617227,4642584.604566889,1.2,1251,12,1,248-4,[]
TX,206.066915826,290027.761365529,4641531.656897367,1.2,2435,7,1,61-6,[]
TX,206.092312644,291855.177933463,4641087.042603546,1.2,2615,12,1,81-14,[]
TX,206.197504626,289667.462416664,4643508.318149599,1.2,1682,12,1,309-17,[]
TX,206.20484445,292327.310649048,4642328.998051199,1.2,672,12,1,171-10,[]
TX,206.234431172,290075.743142605,4643297.056454558,1.2,291,12,1,128-21,[]
TX,206.438839188,290696.70032851,4644617.468921399,1.2,2536,12,1,72-24,[]
TX,206.459408729,290731.178155788,4642235.931736869,1.2,299,10,1,129-10,[]
TX,206.638602791,291195.86441444,4639557.123044685,1.2,1214,10,1,244-11,[]
TX,206.742348685,288015.015365324,4634567.975987399,1.2,46,12,1,102-17,[]
TX,206.748784031,289469.318957776,4633152.658684542,1.2,1931,12,1,339-23,[]
TX,206.935525718,291662.165200492,4642107.980539405,1.2,645,12,1,163-26,[]
TX,206.987724302,291073.941303723,4643640.044214784,1.2,2633,12,1,82-7,[]
TX,207.017743601,291986.308630303,4643716.078845355,1.2,377,12,1,138-26,[]
TX,207.148853267,290685.503511428,4641302.192664991,1.2,146,7,1,11-5,[]
TX,207.264828079,290067.979663331,4642381.972018447,1.2,252,10,1,124-30,[]
TX,207.282352124,273705.00419205,4630638.034429708,1.2,1493,12,1,281-20,[]
TX,207.308253883,291988.058017045,4643701.655703315,1.2,2562,12,1,75-22,[]
TX,207.309403182,290898.256348598,4644232.137999838,1.2,69,12,1,103-7,[]
TX,207.33778773,292396.605927419,4644098.133172952,1.2,1650,12,1,305-21,[]
TX,207.474227728,291157.244253036,4638950.200924628,1.2,2614,12,1,81-13,[]
TX,207.619522857,273651.091010783,4630637.417828465,1.2,2006,12,1,349-14,[]
TX,207.699402468,288224.253152712,4632732.042204555,1.2,2669,12,1,85-11,[]
TX,207.82512278,302322.522005296,4645074.738250778,1.2,89,12,1,106-12,[]
TX,207.832635061,291070.110219981,4644031.09385082,1.2,217,12,1,12-21,[]
TX,207.864199424,291679.407160915,4642110.499552131,1.2,2389,12,1,56-26,[]
TX,207.925470021,289926.38790687,4634608.5699299,1.2,1515,12,1,287-13,[]
TX,207.968378243,293298.879157434,4648002.72002091,1.2,1490,12,1,28-26,[]
TX,208.147585996,271590.911820398,4630608.852981677,1.2,621,12,1,162-2,[]
TX,208.206175851,292685.47906166,4641807.90052944,1.2,1963,12,1,341-17,[]
TX,208.360087927,291431.057290734,4642700.740977718,1.2,198,12,1,115-14,[]
TX,208.437303419,272826.807532377,4629739.143178989,1.2,1679,12,1,308-27,[]
TX,208.465751391,277496.080630424,4632381.31932102,1.2,827,12,1,190-15,[]
TX,208.645244827,289973.948579047,4637827.813098744,1.2,1260,12,1,249-6,[]
TX,208.685353492,293231.996203784,4643149.224245852,1.2,1405,12,1,269-16,[]
TX,208.838310311,292157.684249874,4642193.204253353,1.2,356,12,1,137-24,[]
TX,208.982199446,294972.785801471,4642819.053694971,1.2,646,9,1,163-27,[]
TX,209.022398776,293308.619961919,4644293.883672384,1.2,1073,12,1,229-18,[]
TX,209.032721998,292235.535811076,4641923.658054817,1.2,788,12,1,186-10,[]
TX,209.177338543,292848.860543001,4641926.129039605,1.2,30,12,1,101-18,[]
TX,209.371716144,290508.078113044,4642161.819782034,1.2,1176,9,1,24-13,[]
TX,209.402815521,292709.003332344,4641824.990601056,1.2,156,12,1,110-24,[]
TX,209.624360548,294666.480394422,4645238.026831034,1.2,1793,12,1,321-18,[]
TX,209.632941382,290664.253452196,4641301.482535351,1.2,2244,7,1,45-19,[]
TX,209.83579672,288443.963396879,4644862.070026203,1.2,2128,12,1,367-6,[]
TX,209.894058703,291039.769576877,4644008.181720788,1.2,2501,12,1,71-13,[]
TX,209.976063127,289211.437887583,4642072.788746598,1.2,326,9,1,130-3,[]
TX,209.993859026,290637.937194823,4646616.816243502,1.2,2001,12,1,348-6,[]
TX,210.030109152,286175.355845351,4631416.938778833,1.2,350,12,1,137-17,[]
TX,210.145999097,291566.634457753,4641381.874932462,1.2,1649,10,1,305-20,"[['RX_GW', 210.805510228, 1649, 10, 1, 868.1, -132.412366745, '00:00:00:00:00:02']]"
TX,210.171389979,288511.375384336,4635175.500235113,1.2,266,12,1,126-11,[]
TX,210.174434286,291895.812244424,4641648.401048889,1.2,2578,12,1,76-24,[]
TX,210.195719292,290877.922579781,4638596.582015552,1.2,710,12,1,175-19,[]
TX,210.196212218,290622.759387973,4636939.532133398,1.2,711,12,1,175-20,[]
TX,210.24529448,291561.267096506,4639876.109371435,1.2,362,12,1,137-3,[]
TX,210.330549615,292804.490206501,4641971.008374633,1.2,736,12,1,181-12,[]
TX,210.602894706,291395.27530309,4641386.249545582,1.2,1390,9,1,267-27,[]
TX,211.050691059,291744.604251902,4639532.107454238,1.2,1571,12,1,293-17,[]
TX,211.135195036,289974.963280559,4646328.510044924,1.2,2277,12,1,47-19,[]
TX,211.200680194,290805.283336649,4638130.438703701,1.2,2737,12,1,95-28,[]
TX,211.247722091,295067.320655702,4646053.435200595,1.2,2052,12,1,357-4,[]
TX,211.283049859,291988.463681838,4642600.679882983,1.2,1393,12,1,268-18,[]
TX,211.460782048,292511.098963019,4642890.544401555,1.2,842,12,1,194-11,[]
TX,211.492746018,291833.915590315,4642459.572841305,1.2,799,12,1,186-8,[]
TX,211.586516678,291128.700862556,4641173.966268268,1.2,1924,7,1,339-12,[]
TX,211.642650985,288982.039110474,4642525.737272903,1.2,1575,12,1,293-20,[]
TX,211.759687994,289798.507950743,4643229.885005564,1.2,1856,12,1,332-12,[]
TX,211.88903718,291069.411527183,4644044.871943928,1.2,2721,12,1,93-29,[]
TX,211.933879666,290060.647864685,4642394.230642732,1.2,1426,9,1,270-21,[]
TX,211.955824677,296022.160126378,4645751.666176797,1.2,2335,12,1,51-14,[]
TX,211.977520676,291038.788563797,4644011.915888107,1.2,2319,12,1,50-25,[]
TX,212.007425142,288046.11595787,4638496.414363602,1.2,41,12,1,101-4,[]
TX,212.101230238,289146.726103352,4638600.751006186,1.2,1398,12,1,268-3,[]
TX,212.254164356,292401.884336138,4637318.387168416,1.2,1007,12,1,22-14,[]
TX,212.358912795,290799.785111372,4635873.718197658,1.2,1937,12,1,339-3,[]
TX,212.507723993,291917.723207856,4642575.550652551,1.2,2309,12,1,50-11,[]
TX,212.682770899,271823.882993506,4630238.057383026,1.2,1282,12,1,254-11,[]
TX,212.849814973,287582.368389414,4644035.939160878,1.2,785,12,1,185-5,[]
TX,212.936033609,291690.415325464,4642749.761432049,1.2,211,12,1,119-26,[]
TX,212.980026169,292382.311793299,4639693.885558396,1.2,2212,12,1,43-11,[]
TX,213.012861438,292715.239659848,4641826.435767999,1.2,1456,12,1,274-29,[]
TX,213.080504308,291508.898518354,4642447.590654659,1.2,2694,12,1,91-16,[]
TX,213.198250565,293821.207399473,4640806.196673219,1.2,2543,11,1,72-4,[]
TX,213.230544154,292622.164832531,4642383.23992504,1.2,1247,12,1,248-19,[]
TX,213.310315359,290855.759261187,4642265.601688825,1.2,1071,12,1,229-1,[]
TX,213.772922257,289971.136699534,4637825.487767239,1.2,1410,12,1,269-20,[]
TX,213.842171868,271680.721834187,4630736.330898848,1.2,1962,12,1,340-9,[]
TX,214.038819009,273689.201137308,4630631.813679773,1.2,2198,12,1,41-8,[]
TX,214.050049922,290872.578240828,4642267.695085493,1.2,1114,12,1,233-10,[]
TX,214.209716104,292652.652172029,4641757.028502148,1.2,2585,12,1,79-17,[]
TX,214.286091032,273684.960092442,4630638.312874422,1.2,1590,12,1,297-6,[]
TX,214.602818581,292159.849564236,4642187.024697433,1.2,290,12,1,128-20,[]
TX,214.632638251,291188.567691046,4644134.788153897,1.2,1504,12,1,282-7,[]
TX,215.620501886,288224.191853406,4634757.974934723,1.2,1080,12,1,229-5,[]
TX,215.656818858,291344.044229762,4642017.600542316,1.2,2761,11,1,97-20,[]
TX,215.668720113,291473.667025099,4642307.744281198,1.2,130,12,1,109-29,[]
TX,215.745196252,289179.188466173,4643473.200702238,1.2,1174,12,1,24-11,[]
TX,215.885226499,291806.73611681,4641571.321804079,1.2,1852,11,1,330-7,[]
TX,216.207720937,290103.00542972,4643306.959536647,1.2,2754,12,1,97-11,[]
TX,216.214227041,292832.303034159,4643548.90039842,1.2,2450,12,1,66-5,[]
TX,216.217995615,290860.310321286,4642315.382543454,1.2,1541,11,1,288-3,[]
TX,216.349909734,291925.942274919,4641996.512107277,1.2,2054,11,1,357-6,[]
TX,216.351998923,291139.708584728,4644446.13776725,1.2,757,12,1,181-9,[]
TX,216.377738841,291496.571004394,4641330.142418031,1.2,543,10,1,152-28,[]
TX,216.465254506,291736.463567785,4636669.266759646,1.2,1054,12,1,226-19,[]
TX,216.487002682,289552.235589868,4642039.889170057,1.2,2622,8,1,82-22,[]
TX,216.492533271,291561.583384077,4641380.127076974,1.2,2403,10,1,57-28,[]
TX,216.497762392,292394.372439527,4637334.601225719,1.2,257,12,1,125-11,[]
TX,216.526548922,291223.388745098,4642262.098569263,1.2,2386,12,1,56-21,[]
TX,216.620504962,291064.439200333,4643336.616205758,1.2,2725,12,1,93-5,[]
TX,216.62356743,289170.87099261,4642523.871105582,1.2,2162,11,1,372-23,[]
TX,216.627204687,287135.348783373,4634224.114865399,1.2,1345,12,1,261-11,[]
TX,217.278275823,291412.115171118,4641332.442479923,1.2,1155,9,1,239-19,"[['RX_GW', 217.650042403, 1155, 9, 1, 868.1, -129.749361614, '00:00:00:00:00:02']]"
TX,217.28797613,291654.982069742,4642823.698155783,1.2,2356,12,1,53-19,[]
TX,217.326028995,284121.25934083,4632967.220794059,1.2,739,12,1,181-17,[]
TX,217.573476549,291751.79002331,4640312.248708121,1.2,1164,12,1,239-28,[]
TX,218.083872241,295142.585775119,4642715.622614974,1.2,1101,7,1,231-7,"[['RX_GW', 218.198869581, 1101, 7, 1, 868.1, -122.4884266, '00:00:00:00:00:04']]"
TX,218.164115976,291240.108016875,4641286.872249964,1.2,1605,10,1,3-13,"[['RX_GW', 218.823625973, 1605, 10, 1, 868.1, -131.711028111, '00:00:00:00:00:02']]"
TX,218.187346491,290980.152611156,4640711.454638566,1.2,2700,7,1,91-29,[]
TX,218.39717683,287091.047881259,4641490.418374424,1.2,1663,12,1,306-19,[]
TX,218.468925925,291870.068750946,4642570.378579464,1.2,1190,12,1,24-29,[]
TX,218.581945627,282314.515983763,4637039.037493512,1.2,2225,12,1,43-29,[]
TX,218.73732733,292210.304549716,4643469.286092387,1.2,2749,12,1,96-4,[]
TX,218.829852788,292986.955774558,4642110.403454875,1.2,2452,12,1,67-1,[]
TX,218.834245744,291773.83989145,4640434.20327125,1.2,1181,11,1,24-19,"[['RX_GW', 220.315005533, 1181, 11, 1, 868.1, -133.651928334, '00:00:00:00:00:02']]"
TX,218.914881193,290999.453067422,4639056.416290496,1.2,1439,12,1,273-17,[]
TX,218.936419891,282738.134799541,4632834.579822432,1.2,2134,12,1,368-17,[]
TX,219.024752862,288888.503991662,4638686.009717194,1.2,1236,12,1,246-11,[]
TX,219.082363222,292176.08333329,4642666.362325467,1.2,2551,12,1,73-5,[]
TX,219.248435274,290415.886219367,4641806.931137509,1.2,1359,7,1,262-28,[]
TX,219.289064666,291686.396434323,4642112.117839806,1.2,567,12,1,155-29,[]
TX,219.450929701,273700.72412314,4630610.83440241,1.2,776,12,1,184-14,[]
TX,219.455243448,285256.166071504,4633089.875326741,1.2,994,12,1,215-14,[]
TX,219.489331183,291125.234422558,4641201.572692644,1.2,2729,9,1,95-11,[]
TX,219.781150439,291984.436973856,4643722.760563443,1.2,914,12,1,202-24,[]
TX,219.932776001,287916.986047688,4642154.974289009,1.2,1413,12,1,269-3,[]
TX,220.012046876,293431.893821521,4643992.72387744,1.2,2283,12,1,47-26,[]
TX,220.156725727,279790.482792511,4632593.684855815,1.2,1987,12,1,347-14,[]
TX,220.560508146,290400.582734443,4640851.071529782,1.2,1810,7,1,322-5,"[['RX_GW', 220.675503144, 1810, 7, 1, 868.1, -107.826605078, '00:00:00:00:00:02']]"
TX,220.795361191,292084.122155942,4640576.899855997,1.2,2465,12,1,68-17,[]
TX,220.855047958,288761.030704627,4643566.359145653,1.2,429,12,1,140-3,[]
TX,220.872475332,289981.84034812,4637837.349677177,1.2,2641,12,1,83-7,[]
TX,220.873763491,290692.90071141,4641306.891008966,1.2,1339,7,1,260-21,[]
TX,220.947640891,274717.836222791,4630972.511844999,1.2,1898,12,1,336-17,[]
TX,221.013706077,292701.752904687,4641820.42092773,1.2,2591,12,1,79-5,[]
TX,221.083047679,291152.09713505,4641366.854179371,1.2,2138,8,1,368-21,[]
TX,221.140159945,289996.204385519,4643400.466169108,1.2,1752,12,1,315-20,[]
TX,221.182692448,292522.716979985,4642898.692029835,1.2,548,12,1,153-18,[]
TX,221.474991079,286379.716170631,4643051.680575033,1.2,219,12,1,12-3,[]
TX,221.552868183,292236.934159388,4643097.968632849,1.2,2211,12,1,43-10,[]
TX,221.602965494,293484.990927695,4645634.87641576,1.2,752,12,1,181-4,[]
TX,221.613046828,289813.430289548,4642682.332480036,1.2,1066,11,1,226-5,[]
TX,221.658041236,291621.081299596,4642706.197154638,1.2,1716,12,1,31-4,[]
TX,221.68073503,291040.004056734,4639141.400811876,1.2,2219,12,1,43-20,[]
TX,221.778763139,290853.343033123,4642286.391874289,1.2,702,10,1,174-19,[]
TX,221.937811016,291585.29664881,4636542.901839848,1.2,1013,12,1,220-14,[]
TX,221.960101921,295535.49202655,4642516.14909431,1.2,667,7,1,167-6,[]
TX,222.097390097,293766.471750974,4643566.020470288,1.2,239,12,1,122-6,[]
TX,222.241584264,289219.000600508,4642074.736600463,1.2,2155,9,1,371-23,[]
TX,222.319001202,291973.08817523,4641711.685898533,1.2,2268,12,1,47-10,[]
TX,222.431760506,291097.188517075,4642460.907468387,1.2,831,12,1,190-19,[]
TX,222.450856228,295316.541978869,4640734.261798905,1.2,90,7,1,106-13,[]
TX,222.533477769,290746.085758225,4635701.602780498,1.2,2401,12,1,57-13,[]
TX,223.10029401,289212.035169183,4642073.189769592,1.2,459,9,1,145-8,[]
TX,223.355860276,285430.166100369,4641819.279055585,1.2,2068,12,1,358-26,[]
TX,223.476740108,290969.549036748,4640744.989362415,1.2,15,8,1,100-28,"[['RX_GW', 223.684153045, 15, 8, 1, 868.1, -124.728461771, '00:00:00:00:00:02']]"
TX,223.49583164,273653.432503057,4630635.628044013,1.2,1263,12,1,250-18,[]
TX,223.49967118,290578.019330783,4642344.332590427,1.2,886,9,1,199-23,[]
TX,223.507136732,291918.172880012,4642578.789369707,1.2,586,12,1,158-22,[]
TX,223.569166032,273675.921940338,4630621.819600763,1.2,1564,12,1,290-5,[]
TX,223.645551995,291941.429159384,4642593.474871074,1.2,744,12,1,181-22,[]
TX,223.832407467,292335.249638282,4642047.930493802,1.2,1853,12,1,330-8,[]
TX,223.836560491,291820.841635088,4642419.275088562,1.2,896,12,1,200-27,[]
TX,223.86622754,290998.033271109,4639110.506281834,1.2,1563,11,1,290-4,[]
TX,223.869301743,293050.650853205,4643308.910614355,1.2,1639,12,1,305-11,[]
TX,224.02617291,294288.461952387,4643110.530489578,1.2,1813,11,1,323-3,"[['RX_GW', 225.506933069, 1813, 11, 1, 868.1, -133.745164276, '00:00:00:00:00:04']]"
TX,224.185795996,288854.665690094,4643707.256203354,1.2,1550,12,1,29-25,[]
TX,224.224432171,291722.147484215,4636115.787943699,1.2,644,12,1,163-25,[]
TX,224.241114045,289758.373873939,4637897.787540359,1.2,2643,12,1,84-10,[]
TX,224.269111349,290679.078230308,4642990.207489726,1.2,337,11,1,131-24,[]
TX,224.28632261,292684.145299302,4641821.051554607,1.2,1246,12,1,248-18,[]
TX,224.312583882,292326.390424323,4642056.046331656,1.2,1165,12,1,239-3,[]
TX,224.349172009,294652.548405592,4643351.466601653,1.2,2713,10,1,93-19,[]
TX,224.424383598,289176.137209619,4642515.413892545,1.2,2444,11,1,66-18,[]
TX,224.435131084,294501.625897663,4645329.160223831,1.2,2719,12,1,93-27,[]
TX,224.456923056,292364.472878666,4641979.679533374,1.2,2659,12,1,84-27,[]
TX,224.581725339,296598.713575336,4645894.771369818,1.2,869,12,1,197-4,[]
TX,224.59662997,273704.367342771,4630619.216484943,1.2,200,12,1,115-25,[]
TX,224.678618748,292328.09367277,4642045.470696185,1.2,1854,12,1,330-9,[]
TX,224.7496507,291987.706618695,4643702.095001007,1.2,151,12,1,110-12,[]
TX,224.844731313,291913.459798611,4642364.77473184,1.2,1253,12,1,248-6,[]
TX,224.972539696,288494.488263238,4642830.92138246,1.2,393,12,1,139-24,[]
TX,225.107518518,289700.931590152,4647185.532049624,1.2,1751,12,1,315-19,[]
TX,225.210432578,284884.675505965,4641577.736220032,1.2,1940,12,1,339-6,[]
TX,225.345104344,289281.368039659,4638778.247922381,1.2,673,12,1,171-11,[]
TX,225.364822492,282722.62005065,4640451.608533383,1.2,1577,12,1,293-29,[]
TX,225.598995276,292082.28328356,4641772.306242016,1.2,114,12,1,109-12,[]
TX,225.802211455,289891.724784554,4642959.358191769,1.2,34,11,1,101-21,[]
TX,225.820449709,295127.856315706,4642701.486957763,1.2,899,8,1,201-13,"[['RX_GW', 226.027863042, 899, 8, 1, 868.1, -125.820825467, '00:00:00:00:00:04']]"
TX,225.94088523,289218.463881886,4642080.838406506,1.2,1993,9,1,347-8,[]
TX,226.069097831,291611.252589835,4636569.222210565,1.2,140,12,1,11-19,[]
TX,226.124692413,290608.851667969,4643898.393901263,1.2,2320,12,1,50-26,[]
TX,226.327674807,293906.950650159,4643695.530242334,1.2,2317,12,1,50-21,[]
TX,226.410671159,289492.528415212,4644821.061205368,1.2,1061,12,1,226-26,[]
TX,226.477834234,292377.839196446,4642919.074636655,1.2,2531,12,1,72-17,[]
TX,226.492906434,287915.137934967,4643998.594395345,1.2,1380,12,1,266-27,[]
TX,226.571446896,292545.183967857,4642599.069208276,1.2,1346,12,1,261-12,[]
TX,226.609437874,290465.048710132,4641371.351955598,1.2,1722,7,1,310-18,[]
TX,226.646793364,291033.390038215,4644015.306812072,1.2,2473,12,1,68-4,[]
TX,226.68292768,289943.396648707,4634404.778300293,1.2,1980,12,1,344-4,[]
TX,226.745594423,289466.005749743,4642447.040494784,1.2,2652,9,1,84-19,[]
TX,226.80476249,292124.883822561,4642827.857319979,1.2,1906,12,1,336-6,[]
TX,226.946074679,273652.077934574,4630639.357051412,1.2,1669,12,1,308-10,[]
TX,227.099275411,293309.9318405,4648333.04763262,1.2,2526,12,1,72-12,[]
TX,227.282266545,290749.228627507,4642865.753991361,1.2,735,12,1,181-11,[]
TX,227.434722754,290817.236247211,4643099.538414129,1.2,1876,12,1,334-16,[]
TX,227.644804341,290144.105717572,4635341.133248512,1.2,2606,12,1,80-18,[]
TX,227.77604225,291110.252896197,4642466.096963802,1.2,1406,12,1,269-17,[]
TX,227.845947605,291948.371159975,4642573.948601068,1.2,2548,12,1,73-3,[]
TX,227.850432343,294989.255525581,4643235.020341386,1.2,2098,11,1,363-13,"[['RX_GW', 229.331191479, 2098, 11, 1, 868.1, -134.042905957, '00:00:00:00:00:04']]"
TX,227.879024133,291856.570832233,4641086.770350204,1.2,1053,12,1,226-18,[]
TX,227.926419747,291047.412930555,4641114.18369213,1.2,2035,9,1,353-29,[]
TX,227.972112856,295669.639551786,4636695.514993919,1.2,2301,12,1,48-28,[]
TX,228.352796565,281599.19027323,4632736.625222919,1.2,1288,12,1,254-17,[]
TX,228.434825016,289599.773197844,4637958.36089044,1.2,1476,12,1,279-11,[]
TX,228.49361492,292663.941309672,4641779.064378831,1.2,1580,12,1,293-4,[]
TX,228.614151303,290878.457583285,4642329.356884781,1.2,2367,11,1,54-24,[]
TX,228.834748337,289983.464223122,4637810.024065232,1.2,1616,12,1,301-14,[]
TX,228.883698514,290121.417289149,4644935.603998743,1.2,281,12,1,127-4,[]
TX,228.909022201,292497.361670649,4641355.222618511,1.2,1310,12,1,256-14,[]
TX,229.31747781,283303.349201055,4632888.842128941,1.2,1824,12,1,326-16,[]
TX,229.608150841,287905.06254647,4644002.416765936,1.2,275,12,1,127-18,[]
TX,229.610474374,295151.514962736,4641775.882171562,1.2,1291,7,1,254-2,"[['RX_GW', 229.725469721, 1291, 7, 1, 868.1, -109.676326318, '00:00:00:00:00:04']]"
TX,229.648744819,289217.383570178,4642517.487306825,1.2,692,11,1,172-4,[]
TX,229.69514124,294386.814816537,4643074.25222414,1.2,1764,12,1,317-21,[]
TX,229.701812467,291517.627142379,4642443.470185286,1.2,2419,12,1,60-11,[]
TX,229.902018145,293277.195361732,4640226.345941818,1.2,2282,12,1,47-25,[]
TX,230.167664488,290057.62863203,4645132.056025891,1.2,1753,12,1,315-21,[]
TX,230.196930114,291993.07091842,4643718.157175438,1.2,2556,12,1,75-13,[]
TX,230.328745396,272372.244503716,4629643.951716934,1.2,87,12,1,106-10,[]
TX,230.400001356,292175.986630293,4643554.248868928,1.2,2549,12,1,73-30,[]
TX,230.552824552,291666.01279703,4642112.822927847,1.2,126,12,1,109-25,[]
TX,230.573830581,291993.531171622,4643714.14273678,1.2,974,12,1,211-24,[]
TX,230.614913573,289341.458577049,4634313.268279186,1.2,199,12,1,115-24,[]
TX,230.654850619,291985.825183144,4643707.64476013,1.2,224,12,1,121-1,[]
TX,230.898373347,292402.900837223,4637323.245744687,1.2,649,12,1,163-30,[]
TX,231.032918196,291255.53752772,4642203.788575222,1.2,2697,11,1,91-19,[]
TX,231.041728625,291323.149637108,4640043.375181823,1.2,1917,11,1,338-21,[]
TX,231.083743615,293782.18149484,4646503.331799117,1.2,905,12,1,201-26,[]
TX,231.19375596,291201.500611196,4639549.174287736,1.2,2658,10,1,84-26,"[['RX_GW', 231.853267638, 2658, 10, 1, 868.1, -132.272975505, '00:00:00:00:00:02']]"
TX,231.294046763,273549.530662862,4631097.270179836,1.2,924,12,1,203-25,[]
TX,231.420050732,290994.570148634,4643677.364404546,1.2,2524,12,1,72-10,[]
TX,231.638451428,291491.947967468,4643036.228262302,1.2,2379,12,1,56-11,[]
TX,231.806450759,290123.905493858,4642413.159816674,1.2,324,9,1,130-27,[]
TX,232.044332885,292285.406675364,4636331.36417838,1.2,17,12,1,100-4,[]
TX,232.221226674,290478.835409992,4639776.685873776,1.2,1416,9,1,269-5,[]
TX,232.294842139,291028.99265883,4641934.114131447,1.2,1667,9,1,306-6,[]
TX,232.39606941,287499.812828641,4640813.549553875,1.2,2180,12,1,40-12,[]
TX,232.720596251,291951.733228024,4642593.899416687,1.2,1741,12,1,311-6,[]
TX,232.727149363,291763.847234905,4640249.984675522,1.2,867,12,1,197-21,[]
TX,232.908171099,292840.073963072,4642194.918376776,1.2,2758,12,1,97-17,[]
TX,232.995489859,296751.581153461,4646468.130787514,1.2,1731,12,1,310-6,[]
TX,233.000939703,288572.461791394,4640574.617282231,1.2,68,8,1,103-6,[]
TX,233.042103721,291823.001657236,4642544.207399438,1.2,2018,12,1,349-8,[]
TX,233.074892051,290378.039251138,4641815.79290281,1.2,2144,7,1,369-20,[]
TX,233.313371247,291897.086516468,4641976.815106701,1.2,2762,11,1,97-21,[]
TX,233.700884601,291531.264055867,4642070.971718876,1.2,1754,12,1,315-4,[]
TX,233.922055865,291248.407763299,4641261.057270211,1.2,539,9,1,152-14,[]
TX,233.937763273,289009.230169177,4643792.500554322,1.2,43,12,1,101-6,[]
TX,233.974477897,292396.120759674,4643046.776905345,1.2,1133,12,1,237-14,[]
TX,233.977131188,290067.467094262,4642385.239099668,1.2,2649,9,1,84-16,[]
TX,233.995103037,292698.455333578,4641816.669713894,1.2,1378,12,1,266-25,[]
TX,234.012921218,299739.057630695,4630057.048064212,1.2,1592,12,1,298-17,[]
TX,234.229977945,289932.326092617,4634389.428614552,1.2,1567,12,1,291-3,[]
TX,234.312889291,292094.313901019,4640661.949266721,1.2,565,12,1,155-20,[]
TX,234.791585182,291171.760692888,4641934.24572756,1.2,2381,11,1,56-13,[]
TX,234.944125141,289725.365955283,4633425.995924858,1.2,2424,12,1,60-4,[]
TX,234.979128599,291731.918266761,4642143.412971006,1.2,2265,12,1,46-5,[]
TX,235.031820318,284547.195673962,4633009.054014037,1.2,1907,12,1,336-7,[]
TX,235.253349,290341.135801456,4643767.533503662,1.2,403,12,1,14-20,[]
TX,235.281754922,292639.8239806,4642401.000716395,1.2,2688,12,1,88-22,[]
TX,235.520656776,291030.596395974,4640587.17841437,1.2,506,7,1,150-19,"[['RX_GW', 235.635654019, 506, 7, 1, 868.1, -121.630554359, '00:00:00:00:00:02']]"
TX,235.606486212,292527.75065286,4642521.651092254,1.2,1787,12,1,320-25,[]
TX,235.622751295,292524.663182761,4642823.070409627,1.2,1259,12,1,249-5,[]
TX,235.727241153,293039.545791105,4642611.842460901,1.2,957,12,1,209-25,[]
TX,235.971978349,289942.455473844,4634397.091946882,1.2,1711,12,1,31-27,[]
TX,235.985044689,289520.721262292,4633154.828820842,1.2,1357,12,1,262-11,[]
TX,236.009376377,291797.437470794,4642551.825162201,1.2,1347,12,1,261-13,[]
TX,236.020110452,293395.595283063,4642915.714944023,1.2,70,12,1,104-17,[]
TX,236.084021279,294793.664145854,4643798.417148354,1.2,1914,12,1,337-26,[]
TX,236.096919353,291911.677201591,4642849.516481452,1.2,1769,12,1,317-7,[]
TX,236.157854884,290636.231844372,4646622.184806989,1.2,102,12,1,107-13,[]
TX,236.433418974,290345.675688731,4643386.760077248,1.2,1447,12,1,273-7,[]
TX,236.4425549,288827.331499361,4642733.421359226,1.2,526,12,1,151-27,[]
TX,236.723161474,291709.554222407,4642124.878560631,1.2,689,12,1,172-29,[]
TX,236.889814951,293584.94492351,4643440.717564263,1.2,1402,12,1,268-7,[]
TX,237.073436684,290958.83647253,4641185.458051186,1.2,1757,7,1,315-7,[]
TX,237.265158689,290919.521938012,4642156.504642647,1.2,1607,12,1,3-24,[]
TX,237.30441722,290836.357752804,4642305.572023754,1.2,1524,11,1,287-24,[]
TX,237.479863803,303004.509300592,4636671.873051492,1.2,1478,12,1,279-13,[]
TX,237.540122426,290749.884046216,4642872.889476066,1.2,408,12,1,14-7,[]
TX,237.546140493,291862.31551258,4642563.717483771,1.2,879,12,1,198-23,[]
TX,237.546921896,290555.756360223,4636598.105354405,1.2,713,12,1,175-30,[]
TX,237.599592451,292479.530440717,4641949.181246262,1.2,329,12,1,130-6,[]
TX,237.825691226,290101.03288657,4642429.747179669,1.2,2164,9,1,372-25,[]
TX,237.855551688,293965.153640442,4644322.07969863,1.2,1766,12,1,317-4,[]
TX,237.866724416,286814.642379357,4641669.473082079,1.2,1411,12,1,269-21,[]
TX,238.160773817,292941.672809503,4644218.862088222,1.2,1877,12,1,334-17,[]
TX,238.755188803,289337.633696055,4634309.714481275,1.2,2439,12,1,62-14,[]
TX,238.840661518,292304.197717682,4642036.74058933,1.2,821,12,1,19-2,[]
TX,238.8788128,277962.616970228,4632434.210418351,1.2,2253,12,1,45-6,[]
TX,238.978520363,289957.869250592,4642376.05395813,1.2,1606,9,1,3-14,[]
TX,239.024008325,292350.042102723,4643621.066579917,1.2,124,12,1,109-21,[]
TX,239.041451905,290131.020058727,4635352.750852796,1.2,1582,12,1,294-11,[]
TX,239.180742308,290445.593714578,4641376.615007292,1.2,246,7,1,124-19,[]
TX,239.261537363,291856.015931939,4641951.556975691,1.2,2250,12,1,45-30,[]
TX,239.340875433,291710.510493085,4642121.234147702,1.2,638,12,1,163-17,[]
TX,239.366319749,291055.740656871,4641936.478314606,1.2,1681,9,1,309-1,[]
TX,239.917116496,289181.84622362,4642524.538583289,1.2,1553,11,1,29-28,[]
TX,239.94540549,291043.838044295,4639156.678489052,1.2,1672,12,1,308-13,[]
TX,240.152383328,290808.520555657,4638169.721765761,1.2,1480,12,1,279-24,[]
TX,240.174862965,291022.319737792,4641816.697293693,1.2,2026,10,1,351-6,[]
TX,240.187911633,291787.943757115,4642595.230194418,1.2,352,12,1,137-19,[]
TX,240.293023148,292653.582306587,4643664.011393135,1.2,1325,12,1,256-6,[]
TX,240.463099655,290845.313863059,4642807.828372721,1.2,1938,11,1,339-4,[]
TX,240.57849898,295171.064563733,4645322.894456546,1.2,549,12,1,153-19,[]
TX,240.750747308,291524.181770148,4642707.535877727,1.2,1286,12,1,254-15,[]
TX,240.776849813,290887.73493244,4639823.810245677,1.2,355,8,1,137-21,[]
TX,241.013544362,291247.738502175,4640837.91064272,1.2,1322,9,1,256-29,[]
TX,241.109976836,292410.852243336,4637347.400213574,1.2,1215,12,1,244-12,[]
TX,241.152970273,290186.551688379,4636771.221595573,1.2,925,12,1,203-26,[]
TX,241.457777568,292537.267792247,4641699.545761453,1.2,251,12,1,124-3,[]
TX,241.575185965,291136.728835745,4642472.284568398,1.2,893,12,1,200-24,[]
TX,241.738505191,291035.687694973,4644037.552650716,1.2,932,12,1,204-14,[]
TX,241.945184982,292349.5872352,4637502.966083877,1.2,1008,12,1,22-24,[]
TX,242.088694277,289949.130039779,4634482.673730494,1.2,659,12,1,167-17,[]
TX,242.096376851,290686.934136338,4641295.034867404,1.2,1724,7,1,310-2,[]
TX,242.231644709,289440.222776558,4646166.60987043,1.2,1881,12,1,334-21,[]
TX,242.264800446,293771.632174541,4643339.77640929,1.2,2209,12,1,42-28,[]
TX,242.393804788,292528.35770719,4642922.812048337,1.2,2413,12,1,58-7,[]
TX,242.461466587,273689.458340856,4630633.09847449,1.2,2059,12,1,358-13,[]
TX,242.639346087,289717.462584714,4647164.324091077,1.2,547,12,1,153-17,[]
TX,242.768601047,290694.274111021,4641292.808165841,1.2,48,7,1,102-19,[]
TX,242.861151302,291507.143902888,4642690.748916061,1.2,161,12,1,111-10,[]
TX,242.992891986,292579.086919723,4641381.889839523,1.2,981,12,1,214-19,[]
TX,243.058957172,292780.21328685,4642484.739143994,1.2,982,12,1,214-2,[]
TX,243.097709856,291983.412283935,4643701.435308755,1.2,117,12,1,109-15,[]
TX,243.174942741,293708.273676271,4643543.056790382,1.2,2353,12,1,51-7,[]
TX,243.300413481,295620.239620465,4645562.158918864,1.2,2278,12,1,47-2,[]
TX,243.365399707,273714.423235405,4630613.897844269,1.2,616,12,1,162-10,[]
TX,243.431890274,290878.970143954,4644910.465799202,1.2,1878,12,1,334-18,[]
TX,243.573864773,291014.176354332,4644022.527037433,1.2,258,12,1,125-12,[]
TX,243.646371522,289972.632800815,4637697.242709732,1.2,336,12,1,131-14,[]
TX,243.650652509,289939.079744668,4634421.200829929,1.2,439,12,1,141-23,[]
TX,243.703311679,289805.289055951,4639563.965242976,1.2,523,7,1,151-23,[]
TX,243.717296536,292499.302205024,4642837.553058367,1.2,2093,12,1,362-6,[]
TX,243.858460714,291066.644461945,4641098.918224059,1.2,2685,9,1,88-11,[]
TX,244.019277802,291785.844004045,4639803.204630394,1.2,1306,12,1,256-10,[]
TX,244.274895477,289945.200249287,4634405.960862624,1.2,1230,12,1,245-24,[]
TX,244.30617276,291297.034332364,4641718.936027874,1.2,2752,10,1,96-7,[]
TX,244.374411443,290612.273086081,4639273.850595032,1.2,731,10,1,179-29,[]
TX,244.534921963,291835.125879338,4642507.445031387,1.2,2515,12,1,71-28,[]
TX,244.65935195,291912.348285459,4642582.091130206,1.2,915,12,1,202-25,[]
TX,244.67030626,290032.303335194,4642351.696514658,1.2,1432,10,1,270-27,[]
TX,244.721864327,289286.316897189,4641954.232010072,1.2,1281,8,1,254-10,[]
TX,244.892810736,273690.648871511,4630611.766541269,1.2,1927,12,1,339-17,[]
TX,245.060986367,291681.625257961,4642101.708717464,1.2,631,12,1,163-10,[]
TX,245.20397305,291171.041208557,4641256.651024012,1.2,895,10,1,200-26,[]
TX,245.208626893,291234.112398174,4643222.409348922,1.2,841,12,1,194-10,[]
TX,245.249535122,292291.676752625,4642701.316405727,1.2,2287,12,1,47-30,[]
TX,245.301781134,290356.547575651,4641812.454258029,1.2,658,7,1,167-16,[]
TX,245.445604471,290181.480877893,4642796.990122811,1.2,2458,10,1,67-20,[]
TX,245.513228342,292889.915595968,4642625.911569986,1.2,507,12,1,150-20,[]
TX,245.650561502,290751.079282406,4635780.261038193,1.2,1791,12,1,320-8,[]
TX,245.686791022,290626.764869633,4642447.062453017,1.2,2398,9,1,56-9,[]
TX,245.750399473,292636.93568089,4641771.510693175,1.2,1548,12,1,29-14,[]
TX,245.865135719,286690.35350328,4641702.47156276,1.2,2235,12,1,44-14,[]
TX,245.902206922,291518.935428331,4641339.325352963,1.2,525,10,1,151-25,[]
TX,246.040110889,291180.480494501,4643548.806061307,1.2,228,12,1,121-2,[]
TX,246.126518257,292346.763962328,4642349.934263598,1.2,516,12,1,151-11,[]
TX,246.337119591,291240.442715165,4642284.66240679,1.2,839,12,1,190-6,[]
TX,246.372755836,291028.220347754,4640439.354858982,1.2,536,9,2,152-11,[]
TX,246.863255591,282947.94335698,4640400.723787365,1.2,1703,12,1,31-17,[]
TX,246.948669423,287668.430955076,4644581.144051806,1.2,1499,12,1,282-21,[]
TX,247.264158267,291869.731811576,4642570.200545218,1.2,670,12,1,169-24,[]
TX,247.317790226,287276.409720985,4634223.281762621,1.2,2443,12,1,66-17,[]
TX,247.700191876,291303.8951177,4642405.506317583,1.2,1555,12,1,290-1,[]
TX,247.731972981,292396.167951468,4637313.994334238,1.2,36,12,1,101-25,[]
TX,247.926195168,292000.091939894,4643705.266985923,1.2,2357,12,1,53-20,[]
TX,248.414718841,292203.39077825,4638749.163705514,1.2,1547,12,1,29-13,[]
TX,248.437544581,291050.206000349,4644012.274270712,1.2,2239,12,1,44-27,[]
TX,248.462474047,271621.794689535,4630623.402036656,1.2,1568,12,2,291-4,[]
TX,248.663966688,292721.375443745,4641839.695534664,1.2,1509,12,1,284-25,[]
TX,248.725177984,290407.585844299,4635143.600031408,1.2,1901,12,1,336-21,[]
TX,248.776890138,290422.351515302,4642323.599501359,1.2,91,10,1,106-14,[]
TX,248.804293864,273689.458617376,4630618.172259695,1.2,1589,12,1,297-17,[]
TX,248.833899376,290551.913950969,4643464.959767708,1.2,569,12,1,155-30,[]
TX,248.874031232,292410.143352759,4637349.106330333,1.2,634,12,1,163-13,[]
TX,248.913103422,291927.346517772,4642584.094884172,1.2,501,12,2,149-4,[]
TX,248.970171247,291557.992059618,4641383.079900428,1.2,767,10,1,182-4,[]
TX,248.977170066,294980.548556381,4642683.601957673,1.2,1518,9,1,287-18,[]
TX,248.984966145,290223.214621085,4642431.562028557,1.2,1373,11,1,266-10,[]
TX,249.051318271,291974.95753474,4642593.963858557,1.2,321,12,1,130-24,[]
TX,249.071815658,290347.700412466,4641808.392172944,1.2,2042,7,1,356-25,[]
TX,249.085651107,290923.095302393,4644330.035460613,1.2,338,12,1,131-25,[]
TX,249.308419892,292329.206803604,4642046.378393834,1.2,1184,12,1,24-21,[]
TX,249.322398882,292193.168189769,4641897.560532358,1.2,245,12,1,124-18,[]
TX,249.435269805,290553.063497098,4641013.091959399,1.2,294,7,1,128-30,[]
TX,249.488354286,291888.826063447,4641628.911986983,1.2,2466,12,1,68-18,[]
TX,249.719351237,290083.927292529,4642401.960598756,1.2,2024,9,1,351-21,[]
TX,249.748286476,292714.750004705,4641829.097436595,1.2,519,12,1,151-18,[]
TX,249.795954361,273729.25949141,4630645.549330396,1.2,1673,12,1,308-14,[]
TX,249.796711108,291832.492044538,4642544.114938391,1.2,1255,12,1,249-15,[]
TX,249.846754145,292601.954991285,4643532.81181763,1.2,1970,12,1,341-5,[]
TX,250.109751737,282190.320583525,4637415.315152278,1.2,428,12,1,140-29,[]
TX,250.264527917,292994.368999007,4642936.132328579,1.2,675,12,1,171-13,[]
TX,250.275455964,286675.528856986,4641702.521287486,1.2,2240,12,1,44-28,[]
TX,250.335962341,296704.657660017,4642730.43542613,1.2,2617,10,1,81-25,[]
TX,250.349850876,271898.707411923,4630635.885732176,1.2,2216,12,1,43-18,[]
TX,250.518967376,292125.029444668,4643228.413238977,1.2,22,12,1,101-1,[]
TX,250.547279211,292680.421455242,4641803.122274892,1.2,1096,12,1,231-27,[]
TX,250.675466386,291842.642514443,4641064.280414754,1.2,566,12,1,155-21,[]
TX,250.746183948,291678.950682348,4642228.197042497,1.2,1781,12,1,318-7,[]
TX,250.773718361,292079.849018103,4640514.927157581,1.2,253,12,1,124-4,[]
TX,250.914946242,290450.908507549,4643610.327975496,1.2,2581,12,1,76-27,[]
TX,251.060407823,289339.245834688,4634320.326950206,1.2,2081,12,1,361-21,[]
TX,251.072809687,291863.711387081,4642569.180998363,1.2,2523,12,1,72-1,[]
TX,251.083712867,291750.458349215,4642826.919853309,1.2,2744,12,1,96-18,[]
TX,251.096891106,291903.379065066,4641674.514434813,1.2,578,12,1,157-4,[]
TX,251.476281906,292088.964907593,4642797.758269719,1.2,1944,12,1,340-10,[]
TX,251.756971042,290952.333900658,4640843.054092637,1.2,392,8,1,139-22,[]
TX,252.102919862,290967.036092423,4640462.626177412,1.2,847,9,1,194-24,[]
TX,252.148429008,290367.117954404,4641831.747912603,1.2,172,7,2,112-18,[]
TX,252.580996052,293671.688166604,4640893.918928611,1.2,1508,12,1,284-24,[]
TX,252.651362133,292677.562018055,4642028.808874041,1.2,495,12,1,148-9,[]
TX,252.692796606,291982.722984683,4643712.112922513,1.2,2607,12,1,80-19,[]
TX,252.788207186,289230.632259482,4642431.542233886,1.2,304,11,1,129-22,[]
TX,252.865858119,294135.255455309,4647411.55774268,1.2,2771,12,1,97-4,[]
TX,252.931229702,291836.851382821,4642572.960403631,1.2,946,12,1,206-25,[]
TX,253.026955729,290676.340941218,4641295.597329117,1.2,1712,7,2,31-28,[]
TX,253.216901189,296272.00019596,4644372.941237447,1.2,2023,12,2,351-20,[]
TX,253.240165294,290469.812813659,4643856.506047836,1.2,766,12,1,182-3,[]
TX,253.302191381,289666.048171037,4643509.844089474,1.2,1698,12,1,31-12,[]
TX,253.349750162,302368.712775422,4639318.572321999,1.2,415,12,1,140-15,[]
TX,253.457033219,274238.08108199,4630961.34400292,1.2,1746,12,1,313-25,[]
TX,253.534182565,290548.810286617,4642304.171655611,1.2,444,11,1,141-28,[]
TX,253.666997599,292642.951753282,4642621.768609106,1.2,2178,12,1,40-10,[]
TX,253.74185135,289889.824920351,4633908.46460517,1.2,1625,12,1,303-18,[]
TX,253.836639146,288237.704784196,4634056.202140435,1.2,954,12,2,209-13,[]
TX,253.896113748,291955.258569185,4642592.067083438,1.2,884,12,2,199-11,[]
TX,254.133824016,291721.08025508,4641511.887908743,1.2,620,12,1,162-19,[]
TX,254.167681179,291925.678463021,4641663.395628713,1.2,2266,12,1,46-6,[]
TX,254.295072588,290690.148954344,4641316.270282376,1.2,2031,7,2,353-19,[]
TX,254.406603778,292948.752379845,4643550.52719211,1.2,2259,12,1,46-18,[]
TX,254.580079566,291731.529902575,4642157.01936092,1.2,1195,12,1,24-6,[]
TX,254.734299887,273658.728042368,4630702.656772735,1.2,1583,12,1,294-12,[]
TX,254.822447896,290349.157118344,4630431.912846499,1.2,1932,12,1,339-24,[]
TX,254.831970381,295933.807666029,4642562.825080295,1.2,237,7,2,122-17,[]
TX,254.858548406,284307.800469967,4632994.004501279,1.2,49,12,1,102-2,[]
TX,254.91535997,291120.069703972,4642464.164343094,1.2,894,12,1,200-25,[]
TX,254.963233213,291971.007889697,4642687.179959533,1.2,2010,12,1,349-21,[]
TX,254.964445445,291177.452137592,4641384.711789628,1.2,2005,9,1,349-13,[]
TX,255.025287309,286821.599660989,4641681.035940651,1.2,62,12,1,103-21,[]
TX,255.352027042,286934.34470091,4641592.855864194,1.2,938,12,2,204-27,[]
TX,255.39876244,291788.527446103,4642525.182296082,1.2,137,12,1,11-1,[]
TX,255.407112633,292058.851144703,4644170.543397959,1.2,2395,12,1,56-6,[]
TX,255.516869678,291901.462385651,4642569.617002917,1.2,687,12,1,172-20,[]
TX,255.598628652,288439.430617093,4641417.76102317,1.2,1403,9,1,269-1,[]
TX,255.657075735,291071.448413778,4641931.267734225,1.2,1034,9,1,223-11,[]
TX,255.7467269,293628.865550029,4636383.418411206,1.2,1117,12,1,233-14,[]
TX,255.8729683,292685.615959729,4642008.744711628,1.2,1082,12,2,229-7,[]
TX,256.041294163,289708.417804034,4638981.147034179,1.2,276,12,1,127-19,[]
TX,256.210993833,289191.194234277,4642152.347066122,1.2,2704,9,1,91-5,[]
TX,256.271630619,291757.788955312,4642828.529577215,1.2,2262,12,1,46-21,[]
TX,256.29380285,294115.463705901,4647404.045345426,1.2,2519,12,1,71-4,[]
TX,256.398783188,286696.244915906,4641698.021919262,1.2,2696,12,1,91-18,[]
TX,256.622954196,292190.440722857,4641899.243485572,1.2,104,12,1,107-22,[]
TX,256.749460311,294091.619412909,4643865.932861478,1.2,2275,12,1,47-17,[]
TX,256.884744305,291759.709351521,4641534.01100838,1.2,1143,12,1,238-24,[]
TX,256.899829007,273598.078150789,4630247.300017879,1.2,1295,12,1,254-25,[]
TX,256.92960069,290131.407130926,4636819.373915937,1.2,1489,12,1,28-25,[]
TX,256.933977371,290675.439305225,4641326.044564063,1.2,2106,7,1,363-26,[]
TX,256.935035257,292427.678178226,4641841.249964781,1.2,175,12,2,112-20,[]
TX,256.955049756,290716.884928964,4635799.871785505,1.2,2241,12,1,45-1,[]
TX,256.97505106,288028.294168726,4643108.604201559,1.2,1026,12,2,221-8,[]
TX,257.082438346,291210.270943161,4641289.042131142,1.2,389,9,1,139-12,[]
TX,257.239673288,292544.880931433,4637205.809138569,1.2,1320,12,1,256-26,[]
TX,257.301741563,303175.233403505,4636762.598576785,1.2,411,12,1,140-11,[]
TX,257.30724086,289995.799991414,4643458.299752475,1.2,1775,12,1,318-20,[]
TX,257.491883998,290521.438000279,4644918.243053822,1.2,2509,12,1,71-20,[]
TX,257.535373295,294294.602935835,4639033.540527772,1.2,2051,12,1,357-3,[]
TX,257.657027615,290114.113387116,4642774.011759062,1.2,400,11,1,14-17,[]
TX,257.665002158,291733.725242101,4642153.416084891,1.2,2261,12,1,46-2,[]
TX,257.730831254,286834.632376909,4634324.198952663,1.2,2488,12,1,70-18,[]
TX,257.742035903,292069.30129675,4641796.680707332,1.2,1890,12,1,335-19,[]
TX,257.83628538,297836.867654494,4633693.450799884,1.2,1923,12,1,339-11,[]
TX,257.901915824,291774.257313389,4639892.857017825,1.2,2765,12,1,97-24,[]
TX,257.906142329,289572.248417555,4641585.344801604,1.2,1076,7,1,229-20,[]
TX,258.01439168,290223.082248476,4644663.723253405,1.2,2741,12,1,95-6,[]
TX,258.038706325,295156.6826949,4642740.696503392,1.2,2321,7,1,50-27,"[['RX_GW', 258.153703716, 2321, 7, 1, 868.1, -122.734191754, '00:00:00:00:00:04']]"
TX,258.062251442,292520.45450703,4642925.076691031,1.2,31,12,1,101-19,[]
TX,258.593830649,291832.735380568,4642553.048461995,1.2,2218,12,1,43-2,[]
TX,258.613021716,289614.331565891,4643517.713856574,1.2,1996,12,1,348-18,[]
TX,258.680225142,290965.014610475,4640762.131184285,1.2,2048,8,2,357-18,"[['RX_GW', 258.887638055, 2048, 8, 2, 868.1, -124.59993079, '00:00:00:00:00:02']]"
TX,258.702016158,290578.594074401,4643072.77699919,1.2,2014,12,1,349-26,[]
TX,258.776942413,290562.578746863,4630475.609644778,1.2,2296,12,1,48-14,[]
TX,258.796592621,293709.473668824,4643657.706079381,1.2,476,12,2,148-14,[]
TX,258.810989636,291790.212457549,4640260.064131418,1.2,513,12,1,150-5,[]
TX,258.820318957,288742.132962562,4643565.662607145,1.2,7,12,2,100-19,[]
TX,258.839106172,291699.322015101,4643908.747244017,1.2,230,12,1,121-29,[]
TX,258.957580957,290431.057269491,4643858.143696479,1.2,39,12,1,101-29,[]
TX,259.097112201,291135.883690907,4644731.196775943,1.2,1834,12,1,326-6,[]
TX,259.098545705,288466.348479542,4635147.679207715,1.2,2132,12,2,368-15,[]
TX,259.214088231,288419.40940878,4642884.752912334,1.2,1021,12,1,221-13,[]
TX,259.764134515,291831.170578965,4642546.082468759,1.2,451,12,2,145-12,[]
TX,259.870948538,295177.12027043,4646430.176582567,1.2,2343,12,1,51-21,[]
TX,259.892620578,290857.37902634,4642306.425743092,1.2,416,11,1,140-16,[]
TX,259.921834236,292397.595116452,4637299.249974411,1.2,630,12,1,163-1,[]
TX,260.228177507,295087.528290911,4646533.860417036,1.2,1329,12,2,259-19,[]
TX,260.320266207,290355.066601183,4643806.142911932,1.2,155,12,1,110-23,[]
TX,260.39654118,290978.953438494,4640881.170742591,1.2,1778,7,1,318-4,[]
TX,260.409655716,293850.830128489,4643669.411260231,1.2,835,12,1,190-3,[]
TX,260.471562989,294962.154064372,4638280.650592793,1.2,1999,12,1,348-21,[]
TX,260.489164637,290379.323830591,4641811.257500116,1.2,790,7,1,186-12,[]
TX,260.503901072,292266.411539225,4638875.928139696,1.2,553,12,1,153-29,[]
TX,260.56438391,290515.438761111,4647228.055080246,1.2,1544,12,1,29-10,[]
TX,260.712226021,292150.538434065,4642193.877330084,1.2,432,12,1,140-7,[]
TX,260.823569621,290834.365620154,4642259.588710172,1.2,890,12,1,200-12,[]
TX,261.004039479,291247.411103954,4642277.708657176,1.2,926,12,1,203-27,[]
TX,261.06129759,290765.414209242,4639803.473198407,1.2,1280,9,1,254-1,[]
TX,261.107455763,291804.324863966,4642859.178214894,1.2,2686,12,2,88-13,[]
TX,261.152841597,292829.539044694,4641924.564069167,1.2,1368,12,1,264-3,[]
TX,261.347419386,292340.778220828,4641559.889086585,1.2,2538,12,1,72-26,[]
TX,261.357664657,271796.370506753,4630034.08066129,1.2,1170,12,1,239-8,[]
TX,261.421283305,292899.860665846,4642833.969441697,1.2,1386,12,1,267-14,[]
TX,261.452775863,291140.225256126,4642475.819100318,1.2,1921,12,1,338-6,[]
TX,261.551450566,293775.39421377,4646501.137958188,1.2,2772,12,1,97-5,[]
TX,261.592461759,283013.440995455,4632861.022951261,1.2,1745,12,2,313-14,[]
TX,261.634610923,288833.35445927,4636039.871250092,1.2,2390,12,1,56-27,[]
TX,261.826736587,271809.993062273,4630650.088950046,1.2,1404,12,1,269-15,[]
TX,261.971641678,288182.951101522,4643888.581300781,1.2,277,12,1,127-2,[]
TX,261.977609664,290072.939019874,4641521.483367705,1.2,738,7,1,181-14,"[['RX_GW', 262.092605235, 738, 7, 1, 868.1, -112.34965406, '00:00:00:00:00:02']]"
TX,261.989142115,297930.835495982,4632677.269905217,1.2,1506,12,1,284-22,[]
TX,262.070662204,294751.831911861,4644000.490995116,1.2,1983,12,1,346-2,[]
TX,262.156758883,291168.683937905,4642199.613014676,1.2,1597,12,1,298-3,[]
TX,262.209610347,292223.668220986,4641917.796703896,1.2,624,12,1,162-27,[]
TX,262.359340412,289659.666385971,4645633.232157877,1.2,2314,12,1,50-17,[]
TX,262.405812759,292422.433198289,4641880.692338846,1.2,423,12,1,140-24,[]
TX,262.462962393,290032.812051918,4641530.667276355,1.2,2073,7,1,358-7,[]
TX,262.479070596,293064.663750499,4641848.87920476,1.2,512,12,1,150-4,[]
TX,262.489043245,291269.672658931,4642408.305194894,1.2,688,12,1,172-21,[]
TX,262.687282459,291022.880030926,4639049.321642399,1.2,51,12,1,102-21,[]
TX,263.01483831,291184.005196506,4640435.429494873,1.2,359,8,1,137-27,[]
TX,263.285953915,278158.830913195,4632358.087939495,1.2,1486,12,1,28-13,[]
TX,263.471684884,294819.774536068,4647342.422706212,1.2,728,12,1,179-2,[]
TX,263.839612663,292192.170272461,4642167.849987754,1.2,1628,12,1,303-26,[]
TX,263.940164423,289449.054187862,4635453.424020017,1.2,1936,12,1,339-28,[]
TX,263.987330931,273674.635993521,4630622.554357229,1.2,1557,12,1,290-18,[]
TX,264.051737758,291922.293149883,4642576.789869716,1.2,141,12,1,11-2,[]
TX,264.208356699,290502.967989393,4640637.883032143,1.2,609,7,1,160-21,[]
TX,264.222585889,286449.489662503,4642154.29121051,1.2,1292,12,1,254-20,[]
TX,264.229610203,289770.953752126,4645994.741562744,1.2,2638,12,1,83-20,[]
TX,264.650131214,273721.577525349,4630655.854087344,1.2,215,12,1,12-2,[]
TX,264.681733312,291546.280369183,4641100.600977261,1.2,531,11,2,151-6,[]
TX,264.737806693,291055.938651254,4644020.456231744,1.2,390,12,1,139-13,[]
TX,264.795667952,291177.030699264,4641967.472260626,1.2,2374,10,1,55-4,"[['RX_GW', 265.455178871, 2374, 10, 1, 868.1, -130.907516374, '00:00:00:00:00:02']]"
TX,264.828535421,286546.824902069,4644686.11948977,1.2,1383,12,1,267-11,[]
TX,265.00064901,293034.93423581,4641764.366502619,1.2,751,12,1,181-3,[]
TX,265.258069842,292836.673504218,4642168.538762115,1.2,1105,12,1,232-18,[]
TX,265.285221761,291829.643314871,4640793.98475302,1.2,150,10,1,110-11,[]
TX,265.478237303,289847.818197406,4643031.028508961,1.2,1707,12,1,31-20,[]
TX,265.520478186,289892.717690826,4643942.09761198,1.2,1033,12,1,223-10,[]
TX,265.633351204,292743.926508051,4641891.655912319,1.2,493,12,1,148-7,[]
TX,265.662212124,291757.254187477,4639540.552044402,1.2,969,12,1,21-28,[]
TX,265.72641548,294607.003074693,4647544.44200443,1.2,2339,12,1,51-18,[]
TX,266.00495822,290766.61955683,4641523.033923456,1.2,2099,8,1,363-15,[]
TX,266.16384676,291101.621327129,4642470.205747027,1.2,136,12,2,109-7,[]
TX,266.262903339,292367.191779413,4642163.160694804,1.2,1954,12,1,340-26,[]
TX,266.413180812,290198.600722724,4644251.048736361,1.2,1020,12,1,221-12,[]
TX,266.416344352,289751.635916341,4645778.550070836,1.2,466,12,1,147-24,[]
TX,266.416633458,290678.956052418,4641294.287727739,1.2,1846,7,1,330-26,[]
TX,266.486651899,292072.971881306,4642058.913737184,1.2,2256,12,1,46-15,[]
TX,266.600762366,291951.8828866,4642586.653778166,1.2,2143,12,1,369-19,[]
TX,266.607003322,291718.565112204,4642048.042170136,1.2,1664,11,1,306-20,[]
TX,266.634348863,292894.36978541,4642827.373808388,1.2,383,12,1,138-6,[]
TX,266.67674544,291329.022235156,4642008.413768766,1.2,1930,12,1,339-22,[]
TX,266.738578424,291621.393505706,4644623.404170687,1.2,2340,12,2,51-19,[]
TX,266.744191544,292433.33665143,4637337.615687344,1.2,1006,12,1,22-13,[]
TX,266.808842144,289191.316345194,4642067.182121679,1.2,2753,9,1,97-10,[]
TX,266.879028735,290089.457994958,4642398.30979132,1.2,1450,9,2,274-15,[]
TX,266.984090278,289946.64324632,4634411.171053266,1.2,2742,12,2,95-7,[]
TX,267.089661032,289855.772637265,4635425.566418866,1.2,999,12,2,215-26,[]
TX,267.092100404,292281.586388936,4641979.201477766,1.2,1848,12,1,330-28,[]
TX,267.263580879,292407.731187344,4637333.985022099,1.2,1710,12,1,31-26,[]
TX,267.280939173,286695.599668297,4641695.532962284,1.2,1700,12,1,31-14,[]
TX,267.331241351,289983.059917718,4637837.74759802,1.2,1832,12,1,326-4,[]
TX,267.336390424,290689.531147147,4641291.380979855,1.2,305,7,1,129-23,[]
TX,267.396658896,291109.024564198,4641362.040198971,1.2,1961,9,1,340-8,[]
TX,267.439838831,292287.944060532,4644279.769534616,1.2,2069,12,1,358-27,[]
TX,267.710491126,290166.389495601,4643698.552683697,1.2,2710,12,1,93-16,[]
TX,267.862297514,291881.384460174,4641939.420723648,1.2,464,12,2,147-13,[]
TX,267.912712722,291873.671840701,4642560.854606401,1.2,936,12,1,204-25,[]
TX,267.957640424,289217.959959811,4642526.583960101,1.2,2075,11,1,359-1,[]
TX,268.003514439,291157.983149124,4644473.134679033,1.2,2720,12,2,93-28,[]
TX,268.365755868,275171.29940506,4631277.526102004,1.2,998,12,1,215-25,[]
TX,268.449089963,290533.044442639,4643020.220713539,1.2,1585,12,2,294-25,[]
TX,268.528804707,273702.942745767,4630607.069840703,1.2,993,12,1,215-13,[]
TX,268.666670467,289306.636305447,4634330.268924513,1.2,162,12,1,111-11,[]
TX,268.674320491,291239.145665362,4641261.875236359,1.2,809,9,1,187-4,[]
TX,268.677123469,289742.471021595,4642828.19511064,1.2,475,10,1,148-12,[]
TX,268.736086179,288736.645838513,4642560.306623957,1.2,2467,11,1,68-19,[]
TX,268.745942147,292417.715678839,4640577.50312688,1.2,1364,12,2,264-17,[]
TX,268.765885174,293205.639606461,4643113.380347722,1.2,529,12,1,151-4,[]
TX,268.92116776,290019.763507251,4641537.535995333,1.2,524,7,1,151-24,[]
TX,269.07718104,290710.125018751,4641177.862932842,1.2,557,7,1,153-5,[]
TX,269.235967472,290548.163338851,4641779.10331293,1.2,1081,7,1,229-6,[]
TX,269.330099742,291880.152402566,4642549.36842631,1.2,555,12,1,153-30,[]
TX,269.489910372,290647.694029995,4642890.118811743,1.2,2376,12,1,55-6,[]
TX,269.603565213,294147.882317693,4645001.378389792,1.2,2202,12,1,42-12,[]
TX,269.611515099,292219.686861428,4638912.247720883,1.2,1429,12,1,270-24,[]
TX,269.716260326,288123.901634152,4643055.605927799,1.2,2246,12,1,45-20,[]
TX,269.748532401,290024.01064926,4641174.148852767,1.2,1737,7,1,311-21,[]
TX,269.782565653,288497.159423348,4643145.302181949,1.2,1448,12,1,274-11,[]
TX,269.848905836,292662.287534102,4643697.749645364,1.2,1116,12,1,233-13,[]
TX,269.85916326,291723.596726952,4642165.375678117,1.2,2227,12,1,43-4,[]
TX,270.07713369,293093.557581604,4641184.527179479,1.2,1542,12,2,288-4,[]
TX,270.342172689,292389.502208645,4637317.578370976,1.2,637,12,1,163-16,[]
TX,270.349127154,291517.447749528,4636507.275682434,1.2,921,12,1,203-13,[]
TX,270.365200642,292322.753932614,4642052.77565443,1.2,497,12,1,149-15,[]
TX,270.408576714,271825.171772865,4630667.99823027,1.2,1973,12,1,344-18,[]
TX,270.654592569,290288.392726889,4635914.205482794,1.2,197,12,1,115-13,[]
TX,270.668503874,291850.557698463,4642550.371578304,1.2,832,12,1,190-20,[]
TX,270.680722385,291070.460806462,4644027.339808322,1.2,1662,12,1,306-18,[]
TX,270.739850987,281898.294349405,4632767.35229859,1.2,2234,12,1,44-13,[]
TX,270.869886721,289337.030067093,4645251.946289688,1.2,1696,12,1,31-10,[]
TX,270.879605399,292392.550480363,4641788.896209768,1.2,483,12,1,148-23,[]
TX,270.917610366,291851.612661779,4642537.589620687,1.2,2764,12,2,97-23,[]
TX,271.056561702,274371.250853131,4630723.200742127,1.2,1584,12,1,294-24,[]
TX,271.429462674,291688.423802277,4642153.967319041,1.2,1367,12,1,264-21,[]
TX,271.478449952,292078.390030518,4640518.800325925,1.2,195,12,2,115-11,[]
TX,271.554788337,289578.716964274,4642210.108358561,1.2,1948,9,1,340-14,[]
TX,271.572203209,289328.73174297,4634320.017026256,1.2,1749,12,1,315-17,[]
TX,271.947001145,292182.718289055,4642180.98218127,1.2,367,12,1,137-7,[]
TX,272.011466226,273679.75685496,4630562.258162607,1.2,2231,12,1,44-10,[]
TX,272.025908944,289353.306463578,4642351.34021699,1.2,382,10,1,138-5,[]
TX,272.13780582,290326.884092349,4643558.629507961,1.2,2074,12,1,358-8,[]
TX,272.161611753,290978.226558112,4636333.719854028,1.2,2492,12,1,70-21,[]
TX,272.164912826,292135.17872678,4642572.362147403,1.2,2574,12,1,76-13,[]
TX,272.282546347,297443.208688438,4647011.109897432,1.2,2166,12,2,372-28,[]
TX,272.392648937,292428.619232227,4642919.912493967,1.2,929,12,1,204-11,[]
TX,272.519580347,289783.626877593,4643502.227391477,1.2,5,12,2,100-17,[]
TX,272.548626035,292508.179077234,4642860.412438345,1.2,441,12,1,141-25,[]
TX,272.556244626,292317.363042961,4637466.96584882,1.2,1951,12,1,340-22,[]
TX,272.568800718,290500.761215882,4642106.223800469,1.2,1498,9,1,282-20,[]
TX,272.653133039,286135.010941565,4638229.493521262,1.2,203,12,2,115-28,[]
TX,272.709975373,285436.490227641,4641002.529800152,1.2,2656,12,1,84-24,[]
TX,272.712957931,272192.909431056,4629700.77786706,1.2,1294,12,2,254-24,[]
TX,272.727596431,290681.650139844,4642771.49931808,1.2,1037,12,2,223-14,[]
TX,272.757577095,291905.438616519,4641094.230736387,1.2,2755,12,2,97-12,[]
TX,272.766985799,291744.507847962,4639481.636570954,1.2,2446,12,1,66-20,[]
TX,272.771107809,291247.478211057,4641286.402267452,1.2,677,10,1,171-22,[]
TX,272.842624516,291708.860388993,4642169.960332142,1.2,1440,12,2,273-18,[]
TX,272.940291367,290342.029894319,4641849.483718472,1.2,2236,7,2,44-24,[]
TX,273.034743085,289606.348221165,4643583.459068778,1.2,810,12,2,187-5,[]
TX,273.201486637,292526.286260567,4642907.207783229,1.2,1874,12,1,332-9,[]
TX,273.236006878,292307.705379667,4642108.234374581,1.2,765,12,1,182-24,[]
TX,273.368499558,290079.422989873,4641524.227501159,1.2,712,7,1,175-29,[]
TX,273.396348223,299716.589968128,4618514.506481851,1.2,412,12,1,140-12,[]
TX,273.414990555,291798.916994905,4636767.06242861,1.2,1774,12,1,318-19,[]
TX,273.54648481,287213.566596895,4645691.476432925,1.2,907,12,1,202-10,[]
TX,273.559987526,290668.168675467,4633789.605351239,1.2,714,12,2,175-4,[]
TX,273.575612065,291929.24726791,4642580.486350668,1.2,147,12,1,11-6,[]
TX,273.692087416,300206.573444852,4637453.798666004,1.2,923,12,1,203-24,[]
TX,273.853024924,291760.740134745,4642631.238727044,1.2,2013,12,1,349-25,[]
TX,273.926424625,295421.486202572,4640770.103535889,1.2,167,7,1,111-26,"[['RX_GW', 274.041421377, 167, 7, 1, 868.1, -121.800461942, '00:00:00:00:00:04']]"
TX,273.990669681,289812.591344526,4641760.122606337,1.2,1060,7,1,226-25,[]
TX,274.017912826,288006.346712978,4629155.832382848,1.2,805,12,2,187-21,[]
TX,274.106756458,290144.361506067,4643409.773712121,1.2,1656,12,2,305-3,[]
TX,274.662027594,288118.454792046,4641931.324361545,1.2,706,12,2,174-5,[]
TX,274.699053409,292628.385824479,4641992.916074319,1.2,1350,12,1,261-25,[]
TX,274.744535155,289575.230044926,4645588.84036948,1.2,698,12,1,173-26,[]
TX,274.854571388,290982.254527602,4641951.129833364,1.2,2665,10,1,84-5,[]
TX,274.94480797,295157.67040987,4642742.287995449,1.2,2325,7,2,50-30,"[['RX_GW', 275.059805364, 2325, 7, 2, 868.1, -122.749262701, '00:00:00:00:00:04']]"
TX,275.002474617,285630.249776239,4643786.799630051,1.2,1814,12,1,323-5,[]
TX,275.016548601,287556.376608092,4641397.388019847,1.2,1055,12,1,226-20,[]
TX,275.035904722,291635.511428351,4642109.827421878,1.2,1254,12,1,248-7,[]
TX,275.098075256,291700.436939661,4642123.689057278,1.2,127,12,1,109-26,[]
TX,275.16565092,290220.535595387,4641185.701283951,1.2,427,7,2,140-28,[]
TX,275.225155476,292283.277896779,4637720.519035918,1.2,949,12,2,206-28,[]
TX,275.267091173,291067.329262344,4644032.826149603,1.2,2709,12,1,93-15,[]
TX,275.321278908,292336.844414993,4642038.32875441,1.2,58,12,2,103-17,[]
TX,275.448824324,292322.627571688,4642046.04805355,1.2,254,12,1,124-6,[]
TX,275.522168425,287684.258018509,4643199.015084134,1.2,1191,12,1,24-3,[]
TX,275.577148543,297942.126764184,4640984.277849724,1.2,1197,12,1,241-10,[]
TX,275.755148114,291856.822958994,4642560.232975027,1.2,341,12,1,131-8,[]
TX,275.81930977,292312.030790292,4642054.622809829,1.2,1168,12,1,239-6,[]
TX,275.82421479,284283.142862895,4632992.418211341,1.2,2733,12,1,95-19,[]
TX,275.829729315,291839.740643526,4642547.949269249,1.2,332,12,1,130-9,[]
TX,275.858949756,292837.413978876,4641942.364167225,1.2,2660,12,2,84-28,[]
TX,275.904049349,291764.709865015,4644103.708227286,1.2,1423,12,1,270-18,[]
TX,276.118626527,272284.440387464,4627693.069531696,1.2,2062,12,2,358-18,[]
TX,276.129690053,279775.15853161,4628685.317670955,1.2,992,12,1,215-12,[]
TX,276.141742881,290094.844474928,4642399.031072655,1.2,1842,9,1,330-19,[]
TX,276.163187702,285481.95686875,4641008.685147708,1.2,1631,12,1,304-18,[]
TX,276.231738123,291378.931068127,4642030.214102025,1.2,2359,12,1,53-3,[]
TX,276.257619932,292257.57619112,4636532.328109014,1.2,2159,12,2,371-27,[]
TX,276.276402423,292444.131639591,4641514.844682746,1.2,597,12,1,159-17,[]
TX,276.354906913,290631.731904332,4642300.491872523,1.2,1690,9,1,309-30,[]
TX,276.413755769,292790.177199819,4641123.868625457,1.2,2438,12,1,62-12,[]
TX,276.449593467,296713.641235527,4635324.695023401,1.2,118,12,2,109-16,[]
TX,276.470912179,293769.39271869,4641700.558222502,1.2,623,11,1,162-25,[]
TX,276.616163373,290867.412569638,4642259.893184411,1.2,862,12,1,197-15,[]
TX,276.667225162,271688.072625038,4630729.121458936,1.2,1299,12,1,254-29,[]
TX,276.691966683,282750.27265779,4632847.173700879,1.2,1262,12,2,250-17,[]
TX,276.735618212,291066.154202048,4642051.645488744,1.2,492,10,1,148-6,[]
TX,276.809342782,289931.203650224,4634390.015986248,1.2,1804,12,1,322-18,[]
TX,276.839747229,286579.987338157,4641699.200733683,1.2,1965,12,1,341-19,[]
TX,276.861274796,290843.540650098,4642275.78540456,1.2,2150,10,2,371-14,[]
TX,276.985067851,286596.332109475,4641701.984892855,1.2,78,12,2,104-6,[]
TX,276.997813376,288955.004700555,4642633.181569402,1.2,1287,11,1,254-16,[]
TX,277.078829489,287992.656926562,4643149.259564088,1.2,707,12,2,174-6,[]
TX,277.109472485,286648.611433447,4641143.020112538,1.2,345,12,1,137-12,[]
TX,277.129230937,292774.986457319,4642126.104882041,1.2,753,12,1,181-5,[]
TX,277.256090279,290689.732296414,4641292.447620857,1.2,604,7,1,159-6,[]
TX,277.287505654,290250.234515653,4643366.811114977,1.2,189,12,1,113-24,[]
TX,277.375900371,299743.576540328,4630057.577568722,1.2,1512,12,1,284-28,[]
TX,277.438782459,291386.586160282,4641407.701974087,1.2,95,10,1,106-25,[]
TX,277.458725752,292846.005125445,4641169.73915767,1.2,343,12,2,137-1,[]
TX,277.695213249,292836.752092939,4641922.861267608,1.2,1369,12,1,264-4,[]
TX,277.751108112,292315.30359616,4642053.756040235,1.2,154,12,1,110-22,[]
TX,277.786883088,292106.514771065,4641863.441983899,1.2,860,12,2,195-6,[]
TX,277.883111499,291047.690244144,4644014.84325038,1.2,2313,12,1,50-16,[]
TX,277.907528193,290988.535962825,4639064.584501039,1.2,1687,12,1,309-21,[]
TX,277.944490877,291191.143919125,4640433.90357179,1.2,2012,8,2,349-24,[]
TX,277.946180274,291901.48494539,4642571.392996578,1.2,310,12,2,130-11,[]
TX,278.41515075,292655.845169812,4641752.70865815,1.2,1036,12,2,223-13,[]
TX,278.472093125,289735.796803315,4641852.893296828,1.2,1112,7,1,232-6,[]
TX,278.537123417,291873.294145936,4642835.57280976,1.2,1088,12,2,231-17,[]
TX,278.696281525,293022.700335105,4640938.165286356,1.2,108,12,2,107-26,[]
TX,278.736272076,290860.840241039,4642269.029817401,1.2,856,12,1,195-21,[]
TX,278.891130538,289942.865436369,4634390.348124517,1.2,1719,12,1,31-7,[]
TX,278.901217042,296607.728497272,4645913.384013156,1.2,18,12,1,100-5,[]
TX,278.940009819,290376.503576495,4641817.104321419,1.2,639,7,1,163-18,[]
TX,279.002647924,289322.431003288,4639763.268251731,1.2,153,9,1,110-14,[]
TX,279.00959289,292335.717570214,4642038.826186679,1.2,2102,12,1,363-2,[]
TX,279.061032213,291168.762065515,4641346.226000233,1.2,1880,8,1,334-20,[]
TX,279.202018066,293233.367001134,4643098.699043168,1.2,726,12,1,179-18,[]
TX,279.222036497,290334.025964688,4641868.854713694,1.2,419,7,1,140-19,[]
TX,279.262423582,292279.354037681,4642333.294386316,1.2,2087,12,1,362-17,[]
TX,279.300592432,292821.314251975,4641982.963464889,1.2,562,12,2,155-18,[]
TX,279.303673192,295651.340352103,4645577.282060496,1.2,2258,12,2,46-17,[]
TX,279.453941836,289114.708901067,4642467.703640055,1.2,499,11,1,149-18,[]
TX,279.46097572,293728.802771786,4636082.041627928,1.2,1169,12,1,239-7,[]
TX,279.498875964,291512.421918098,4641501.106742674,1.2,2499,11,1,71-11,[]
TX,279.518385157,290692.254995809,4641309.241166239,1.2,289,7,2,128-2,[]
TX,279.740851741,290351.38430941,4641806.616546315,1.2,906,7,1,201-27,[]
TX,279.758268289,291070.217107943,4644011.516022776,1.2,27,12,1,101-15,[]
TX,279.770610502,288055.85040808,4646206.819651123,1.2,801,12,1,187-17,[]
TX,279.782802261,295167.902948483,4645320.668374472,1.2,2286,12,1,47-3,[]
TX,279.87795349,290003.799286618,4643280.489329658,1.2,1657,12,1,305-4,[]
TX,279.88791182,290850.869718536,4642266.684517095,1.2,1048,12,1,226-11,[]
TX,279.889369294,291899.700024989,4642569.965296424,1.2,944,12,1,206-14,[]
TX,279.893584274,295128.381848157,4642714.406142172,1.2,318,8,1,130-21,[]
TX,279.914840289,288421.876264421,4637795.187494575,1.2,2082,12,2,361-3,[]
TX,279.949245701,292545.736003861,4642582.616907163,1.2,2477,12,1,7-18,[]
TX,280.149032145,288868.157865215,4635098.610055954,1.2,194,12,1,115-10,[]
TX,280.413165415,290466.449199047,4640689.124180216,1.2,1336,7,1,260-18,"[['RX_GW', 280.52816077, 1336, 7, 1, 868.1, -109.892954441, '00:00:00:00:00:02']]"
TX,280.541220994,296120.474324032,4646943.038885329,1.2,1531,12,1,287-5,[]
TX,280.650463224,295635.813536852,4645570.515615472,1.2,2338,12,2,51-17,[]
TX,280.690229936,290343.419099147,4640380.481552238,1.2,1433,7,1,270-3,"[['RX_GW', 280.805225618, 1433, 7, 1, 868.1, -110.928411094, '00:00:00:00:00:02']]"
TX,280.698913239,291995.187290416,4643714.674471907,1.2,229,12,1,121-20,[]
TX,280.714910934,291915.94089858,4640832.008522641,1.2,1166,12,2,239-4,[]
TX,280.787507375,288218.415544711,4643358.744267447,1.2,2570,12,1,75-8,[]
TX,280.912728474,289323.888247025,4634313.550178469,1.2,53,12,1,102-4,[]
TX,281.162047752,293092.008326326,4643028.48839006,1.2,1651,12,2,305-24,[]
TX,281.259999658,295957.891302808,4642559.186499834,1.2,1452,7,2,274-18,[]
TX,281.341047231,292104.975537054,4640603.91502804,1.2,1799,12,2,321-5,[]
TX,281.383016828,291764.337435408,4644108.898764149,1.2,2249,12,1,45-3,[]
TX,281.538453315,286091.727770348,4641576.438188516,1.2,1986,12,2,347-13,[]
TX,281.588694772,273684.807520433,4630633.148040254,1.2,2459,12,1,67-21,[]
TX,281.813705367,291666.619160613,4642140.50195124,1.2,1179,12,1,24-16,[]
TX,282.004165266,290101.004176241,4645130.155470657,1.2,19,12,1,100-6,[]
TX,282.064520001,291927.663397099,4642582.842507863,1.2,1182,12,1,24-2,[]
TX,282.165708149,273695.286243501,4630606.746656125,1.2,852,12,2,194-8,[]
TX,282.179027631,292670.412523132,4642646.035681803,1.2,204,12,1,119-10,[]
TX,282.195130659,290603.921101191,4642837.271257479,1.2,2723,12,2,93-30,[]
TX,282.283595091,290982.180557343,4640744.864942843,1.2,582,8,1,158-11,[]
TX,282.316624471,291998.922122223,4643712.279025444,1.2,913,12,1,202-23,[]
TX,282.364811196,291375.962759247,4641404.574629907,1.2,2612,10,1,81-11,[]
TX,282.391417174,292465.678194529,4643112.329287893,1.2,1194,12,1,24-5,[]
TX,282.412310047,291007.952218477,4640379.968732432,1.2,1014,7,1,220-24,[]
TX,282.667341408,290958.801437835,4641314.549173434,1.2,474,8,1,148-11,[]
TX,282.779580908,278382.745556541,4632510.898548231,1.2,1002,12,2,215-9,[]
TX,282.803297415,282875.794621715,4632861.433130872,1.2,1985,12,2,347-12,[]
TX,282.958749042,290123.182331591,4643344.93575217,1.2,1009,12,1,22-25,[]
TX,283.044246834,290373.285614238,4641809.321054959,1.2,1823,7,1,326-15,[]
TX,283.24036829,292102.294564614,4642240.988425503,1.2,242,12,1,124-13,[]
TX,283.352341092,273698.079109375,4630639.824175829,1.2,2414,12,1,59-17,[]
TX,283.376549985,293806.801236451,4643629.519208252,1.2,2270,12,1,47-12,[]
TX,283.399222825,291995.606546849,4643707.226428804,1.2,2571,12,1,75-9,[]
TX,283.407258905,292421.260724241,4643505.028183319,1.2,554,12,1,153-3,[]
TX,283.561660763,293876.966992883,4640240.583909517,1.2,450,12,1,145-11,[]
TX,283.575552791,289349.808201392,4640263.692106386,1.2,877,7,1,198-14,[]
TX,283.621578541,296753.382602269,4652106.773010869,1.2,742,12,2,181-20,[]
TX,283.625881582,290999.877213173,4641117.809570192,1.2,1421,8,1,270-13,[]
TX,283.662558068,291401.195472208,4641328.276077685,1.2,2579,9,1,76-25,[]
TX,283.692738438,290060.391886562,4641518.822203942,1.2,1221,7,1,244-25,[]
TX,283.741366734,290372.590368561,4641826.89687704,1.2,2245,7,2,45-2,[]
TX,283.817871109,290359.246762258,4641448.968363157,1.2,1952,7,1,340-23,[]
TX,283.88362351,290431.560799764,4642321.090445061,1.2,1530,10,1,287-4,[]
TX,283.96373076,292181.59609902,4641361.496497427,1.2,116,12,1,109-14,[]
TX,284.286116164,275342.318383007,4631407.679794513,1.2,1855,12,1,332-10,[]
TX,284.375586402,295135.870021093,4642708.288374468,1.2,1003,8,2,22-10,[]
TX,284.398060406,293405.376337791,4643283.610670232,1.2,2327,12,2,50-5,[]
TX,284.557652456,292691.149262572,4641811.64719028,1.2,1319,12,2,256-25,[]
TX,284.685858016,291060.504697649,4641620.527971737,1.2,1744,9,1,313-12,[]
TX,284.68639334,272066.672513623,4630347.425555232,1.2,220,12,1,12-30,[]
TX,284.766497011,284442.383412094,4632908.826946803,1.2,2133,12,2,368-16,[]
TX,284.807690661,292691.250505303,4641811.605142252,1.2,2587,12,1,79-19,[]
TX,284.834621807,294888.054698516,4647342.88501861,1.2,727,12,2,179-19,[]
TX,284.877771346,289214.781223589,4642523.104563547,1.2,1827,11,2,326-19,[]
TX,284.943309179,293258.25588248,4649669.808864088,1.2,2610,12,2,80-7,[]
TX,285.068627701,289686.806819237,4642412.438121988,1.2,1642,10,1,305-14,[]
TX,285.188209665,292239.844845392,4638539.799788175,1.2,1525,12,1,287-25,[]
TX,285.194028103,289668.922889584,4635501.794309485,1.2,1314,12,1,256-18,[]
TX,285.203558467,290671.491915787,4641308.492974537,1.2,1875,7,1,334-15,[]
TX,285.238285747,290706.637920327,4641305.169214346,1.2,1256,7,2,249-16,[]
TX,285.283955661,288102.618752075,4643048.729940822,1.2,2342,12,1,51-20,[]
TX,285.303430665,288965.255824313,4642637.358987014,1.2,1043,11,1,223-27,[]
TX,285.326017771,295159.108652619,4642734.047466659,1.2,2594,7,2,8-16,[]
TX,285.456672275,290421.715542262,4644155.990457405,1.2,112,12,2,109-10,[]
TX,285.503118481,292111.390703827,4640363.689431456,1.2,227,11,1,121-19,[]
TX,285.518961274,273660.809193292,4630678.6393509,1.2,2204,12,2,42-14,[]
TX,285.620915938,292767.295129601,4643149.605165639,1.2,2344,12,1,51-24,[]
TX,285.622226379,290942.039576692,4644485.362464821,1.2,1445,12,2,273-5,[]
TX,285.623099214,288746.798138358,4637753.810794335,1.2,1269,12,1,250-5,[]
TX,285.625659606,271572.231867219,4630635.411784125,1.2,2205,12,1,42-24,[]
TX,285.737865286,287903.563549743,4633357.515123139,1.2,2756,12,1,97-13,[]
TX,285.830480221,291990.79189557,4643711.927078653,1.2,2554,12,1,75-11,[]
TX,285.970523599,292324.806716752,4637643.680584539,1.2,409,12,1,140-1,[]
TX,286.109351881,299751.186811641,4630062.289394295,1.2,1220,12,1,244-24,[]
TX,286.16549925,290355.97460192,4639901.609487453,1.2,2667,7,1,84-7,[]
TX,286.181568337,271631.30402792,4630656.288742635,1.2,1565,12,1,290-6,[]
TX,286.204965652,289170.092563562,4642840.533094217,1.2,2456,11,1,67-19,[]
TX,286.267895378,273662.321210388,4630629.978368525,1.2,1198,12,1,241-11,[]
TX,286.351292315,290374.818687003,4641810.215614385,1.2,2600,7,1,8-3,[]
TX,286.46334237,290795.667521816,4643802.05545223,1.2,872,12,1,197-7,[]
TX,286.470599911,290865.86876276,4642265.279368955,1.2,375,12,1,138-24,[]
TX,286.473398978,290347.486698258,4644426.904216051,1.2,819,12,1,188-7,[]
TX,286.549347965,292529.859901334,4642917.126521144,1.2,1867,12,1,332-28,[]
TX,286.724729519,290516.772640196,4637404.580423924,1.2,1596,12,1,298-21,[]
TX,286.856412113,290166.906107905,4635345.335478023,1.2,1267,12,2,250-3,[]
TX,286.85840719,299775.251032263,4630295.086075227,1.2,2460,12,1,67-3,[]
TX,286.871068282,285555.250258327,4641148.294761901,1.2,191,12,2,113-26,[]
TX,286.941154544,290722.890506868,4641174.986817106,1.2,2349,7,2,51-3,[]
TX,286.952752086,286703.9353265,4645132.858318479,1.2,1388,12,2,267-25,[]
TX,287.095604514,292261.07385469,4641955.739489912,1.2,456,12,1,145-26,[]
TX,287.230312459,288977.059745259,4642602.549063041,1.2,1025,12,2,221-27,[]
TX,287.339542914,292701.886541812,4641810.31228589,1.2,1994,12,1,347-9,[]
TX,287.344019619,294222.961844514,4643958.883439616,1.2,2582,12,1,76-28,[]
TX,287.477041549,295618.686246887,4645558.813108071,1.2,2280,12,2,47-21,[]
TX,287.653820433,293375.604702696,4645693.665799306,1.2,2690,12,1,88-25,[]
TX,287.728791981,291524.688291803,4641148.123211253,1.2,1264,11,2,250-19,[]
TX,287.740919308,291626.853409584,4644625.791467593,1.2,2163,12,1,372-24,[]
TX,287.867982959,292528.516646458,4642909.480167265,1.2,308,12,1,129-28,[]
TX,288.041939449,283159.516854014,4632882.116414636,1.2,1394,12,1,268-19,[]
TX,288.214827233,277939.198829317,4632421.687939469,1.2,1939,12,2,339-5,[]
TX,288.514215781,290487.739236162,4640798.948778095,1.2,47,7,1,102-18,[]
TX,288.73215432,292671.83189035,4641801.035546495,1.2,1091,12,2,231-21,[]
TX,288.89542706,292816.539020163,4641108.797563904,1.2,504,12,1,150-16,[]
TX,289.039998343,291485.635482328,4643824.097369159,1.2,2698,12,2,91-20,[]
TX,289.154552115,290343.89004888,4640857.545864032,1.2,1051,7,2,226-14,[]
TX,289.398089435,286710.910604368,4641386.927988118,1.2,559,12,2,153-7,[]
TX,289.400674867,294105.584199536,4650345.734429948,1.2,1473,12,1,275-6,[]
TX,289.478277673,289803.489531111,4638764.345913052,1.2,26,12,1,101-14,[]
TX,289.546692824,295369.188824953,4644105.012163211,1.2,109,12,2,107-27,[]
TX,289.63929432,291068.682047916,4644033.788184355,1.2,235,12,2,121-6,[]
TX,289.680866327,289556.950446825,4641614.429074591,1.2,2117,7,1,367-18,[]
TX,289.692932636,290986.034367931,4640734.02072841,1.2,2407,7,1,58-20,[]
TX,289.703015577,298674.021048433,4631325.775295393,1.2,1817,12,1,324-11,[]
TX,289.738942162,291771.015451897,4642823.897323701,1.2,66,12,1,103-4,[]
TX,289.90160739,291243.869294506,4641256.475637172,1.2,1615,9,1,301-13,"[['RX_GW', 290.273373361, 1615, 9, 1, 868.1, -128.232883808, '00:00:00:00:00:02']]"
TX,289.924142976,290813.726351966,4643137.480358503,1.2,23,12,1,101-10,[]
TX,289.969994852,295134.506451413,4642701.885460326,1.2,223,8,1,12-7,"[['RX_GW', 290.177408175, 223, 8, 1, 868.1, -125.772437985, '00:00:00:00:00:04']]"
TX,290.115099864,291672.261472087,4644352.154755593,1.2,2746,12,2,96-20,[]
TX,290.170763655,292398.360459091,4642186.218644212,1.2,1052,12,1,226-17,[]
TX,290.217811839,291693.731162214,4642120.965938423,1.2,2370,12,1,55-19,[]
TX,290.287616401,290860.635648963,4642314.240528737,1.2,1536,11,1,288-17,"[['RX_GW', 291.768375492, 1536, 11, 1, 868.1, -133.300556818, '00:00:00:00:00:02']]"
TX,290.385346044,291778.869323331,4639824.657529572,1.2,1782,12,1,320-10,[]
TX,290.522120625,290368.090941073,4641445.755344664,1.2,1949,7,2,340-17,[]
TX,290.571875879,271638.135356919,4630625.126590783,1.2,1935,12,1,339-27,[]
TX,290.598703502,291685.392927481,4642134.432543142,1.2,1941,12,2,339-7,[]
TX,290.6899308,284548.60519154,4633007.080310619,1.2,2257,12,1,46-16,[]
TX,290.775412037,271615.967297959,4630637.664466584,1.2,2226,12,1,43-3,[]
TX,290.79302996,283446.875269477,4633821.465160866,1.2,339,12,1,131-26,[]
TX,290.796542955,291984.013877596,4642602.921594002,1.2,2426,12,1,61-18,[]
TX,290.869972133,290143.943777533,4635341.803685495,1.2,270,12,1,126-26,[]
TX,290.870393184,291876.834399987,4642555.217548593,1.2,942,12,1,206-12,[]
TX,291.040356186,297398.206698743,4645210.350653257,1.2,2330,12,1,51-1,[]
TX,291.085718489,291662.91850836,4636632.643417793,1.2,1302,12,1,254-5,[]
TX,291.195479307,292068.32151515,4643671.077866958,1.2,1925,12,1,339-13,[]
TX,291.199771959,296997.787036443,4641804.564722839,1.2,613,10,1,160-6,"[['RX_GW', 291.859281802, 613, 10, 1, 868.1, -130.744326823, '00:00:00:00:00:04']]"
TX,291.231148498,292595.035119131,4641477.252389232,1.2,2030,12,1,353-18,[]
TX,291.328537975,295640.8078902,4645565.389432365,1.2,1015,12,1,220-25,[]
TX,291.512369046,291751.555803485,4641030.360625909,1.2,2181,10,1,40-13,[]
TX,291.652353541,286377.865619534,4640698.838732264,1.2,663,12,1,167-21,[]
TX,291.768101413,289792.491658095,4635454.776309156,1.2,2634,12,1,82-8,[]
TX,291.812330763,292737.971282413,4641855.398567978,1.2,1344,12,1,261-10,[]
TX,291.822922147,288144.361335302,4634686.037380621,1.2,773,12,2,184-10,[]
TX,292.071744182,295125.689763117,4642694.802054906,1.2,1726,8,1,310-21,"[['RX_GW', 292.2791575, 1726, 8, 1, 868.1, -125.744598049, '00:00:00:00:00:04']]"
TX,292.183794587,292355.282949724,4641998.061672545,1.2,1409,12,1,269-2,[]
TX,292.214311212,293069.223058049,4635000.147341543,1.2,1327,12,1,259-17,[]
TX,292.463132001,290098.643705978,4642395.649169479,1.2,1175,9,1,24-12,"[['RX_GW', 292.834898492, 1175, 9, 1, 868.1, -129.52540841, '00:00:00:00:00:02']]"
TX,292.533972986,291825.118672266,4644504.118620088,1.2,640,12,1,163-19,[]
TX,292.537648904,293615.096552716,4641914.150419822,1.2,1063,12,2,226-28,[]
TX,292.541992792,290367.683428954,4641795.741147563,1.2,1225,7,1,245-10,[]
TX,292.588291982,285638.803389271,4631624.87028112,1.2,1747,12,1,313-27,[]
TX,292.625822375,290296.051896627,4641424.661576382,1.2,1573,7,1,293-19,[]
TX,292.630956221,291577.303829442,4642157.528020924,1.2,1659,12,1,305-7,[]
TX,292.681016567,292418.471906518,4637344.513650799,1.2,635,12,2,163-14,[]
TX,292.811289174,289843.70993821,4641187.602898081,1.2,1623,7,1,301-28,[]
TX,293.064567669,293760.706826454,4644223.602443296,1.2,1617,12,1,301-22,[]
TX,293.153952918,290059.976780936,4642388.487407008,1.2,1417,9,1,269-6,"[['RX_GW', 293.525719374, 1417, 9, 1, 868.1, -129.39433215, '00:00:00:00:00:02']]"
TX,293.211653006,295283.39589509,4642471.470282082,1.2,1730,7,2,310-4,[]
TX,293.229763883,289448.055078887,4638057.5293177,1.2,1239,12,1,246-14,[]
TX,293.27988972,292531.545135138,4642912.267355708,1.2,139,12,2,11-18,[]
TX,293.304474234,294209.32294912,4647271.089745222,1.2,2336,12,1,51-15,[]
TX,293.316754555,289414.408684266,4642058.070459542,1.2,2148,8,2,369-6,[]
TX,293.383273068,292491.953341757,4641653.436306146,1.2,859,12,1,195-5,[]
TX,293.452158114,290393.193316702,4645902.452627295,1.2,1085,12,2,231-12,[]
TX,293.560499088,273817.793397032,4630344.684272813,1.2,1396,12,2,268-21,[]
TX,293.562279935,280539.007549933,4632651.468777917,1.2,2528,12,1,72-14,[]
TX,293.606911825,290173.295738292,4635339.01591293,1.2,210,12,1,119-25,[]
TX,293.667559558,292519.977593151,4640550.33589108,1.2,571,12,2,155-6,[]
TX,294.011411176,292306.434710027,4642050.770550323,1.2,353,12,1,137-2,[]
TX,294.038249294,287518.322074274,4646123.907917427,1.2,2505,12,2,71-17,[]
TX,294.107989704,289944.518987191,4642288.724436848,1.2,1910,9,1,337-12,[]
TX,294.136095222,271829.076308734,4630670.124810523,1.2,1905,12,2,336-5,[]
TX,294.173499869,289974.989358082,4641580.332840415,1.2,209,7,1,119-24,[]
TX,294.217804432,286707.487964784,4645114.326479511,1.2,919,12,2,203-10,[]
TX,294.266099018,286435.279674393,4642892.100645072,1.2,1497,12,1,282-19,[]
TX,294.273381496,294404.427403581,4642763.717822645,1.2,2371,11,1,55-20,[]
TX,294.356200989,292305.960863484,4642053.353011006,1.2,656,12,1,166-9,[]
TX,294.481287349,292323.356578859,4642052.722268001,1.2,2354,12,1,53-17,[]
TX,294.519166499,273696.145012092,4630623.591851693,1.2,1676,12,1,308-24,[]
TX,294.523108368,291993.631175794,4643705.76105467,1.2,864,12,1,197-18,[]
TX,294.540223657,291876.113289965,4641927.607469468,1.2,897,12,1,201-10,[]
TX,294.551913758,290726.685411967,4637678.727195933,1.2,1188,12,1,24-27,[]
TX,294.592638896,291071.446738221,4639303.332170757,1.2,1899,12,2,336-18,[]
TX,294.910103061,286688.373165612,4645110.253421778,1.2,463,12,2,147-12,[]
TX,294.940434742,294415.020618703,4646452.440700192,1.2,2394,12,2,56-5,[]
TX,295.086340647,299749.341499558,4630061.873228501,1.2,989,12,1,214-7,[]
TX,295.117794397,289297.881108497,4633820.309188508,1.2,222,12,2,12-6,[]
TX,295.131695245,291748.578413876,4639555.632863181,1.2,1570,12,2,293-1,[]
TX,295.380726937,293710.002795861,4645350.016494994,1.2,1840,12,2,330-17,[]
TX,295.588980774,280852.249836588,4632695.509471402,1.2,265,12,1,125-28,[]
TX,295.592903376,285364.041469563,4633224.633995496,1.2,900,12,2,201-14,[]
TX,295.616527061,288938.738664163,4642679.872698065,1.2,602,12,1,159-4,[]
TX,295.64381847,288742.674668104,4642542.454704952,1.2,778,11,1,184-27,[]
TX,295.741359869,292613.302078056,4641484.68905619,1.2,248,12,1,124-24,[]
TX,295.802488393,291660.679220401,4642111.523727959,1.2,1728,12,1,310-3,[]
TX,295.871847318,299742.320108238,4630059.396910476,1.2,2304,12,1,49-10,[]
TX,295.94800314,278635.660627522,4632489.732077847,1.2,2415,12,2,59-18,[]
TX,296.115077448,291850.371267035,4642553.094297253,1.2,2768,12,1,97-27,[]
TX,296.122011338,292697.888547912,4641838.114545232,1.2,2076,12,2,359-2,[]
TX,296.277076471,291023.852268588,4641945.657118561,1.2,457,9,2,145-27,[]
TX,296.33660696,287973.311167841,4641810.67035535,1.2,1134,12,2,237-24,[]
TX,296.38354926,290859.869122086,4642271.079232651,1.2,164,12,1,111-13,[]
TX,296.408906055,290954.765233028,4642276.429955265,1.2,2760,12,1,97-19,[]
TX,296.587814278,292199.897728244,4643221.941190371,1.2,11,12,2,100-24,[]
TX,296.66134168,291511.586363899,4642076.415361507,1.2,612,12,1,160-5,[]
TX,296.84762647,289784.926829194,4635422.841348591,1.2,2221,12,2,43-24,[]
TX,296.853170275,291220.912789146,4644158.718700621,1.2,110,12,1,107-28,[]
TX,296.958794344,292791.388239831,4640723.079835776,1.2,1145,12,1,238-26,[]
TX,297.206822219,290694.453858561,4641312.050142126,1.2,283,7,2,127-6,[]
TX,297.2145733,293816.341772915,4642855.018789394,1.2,579,11,1,157-6,[]
TX,297.298706439,292081.577884044,4643144.751136124,1.2,830,12,2,190-18,[]
TX,297.303335703,289317.699312635,4639758.860064577,1.2,166,9,1,111-24,[]
TX,297.324618684,271608.177792847,4630637.203943602,1.2,995,12,1,215-22,[]
TX,297.454162051,275840.286687536,4631766.20987738,1.2,1915,12,1,337-27,[]
TX,297.574231166,288986.521512789,4641750.469330164,1.2,193,9,2,113-28,[]
TX,297.611660953,287562.427901267,4636641.3986608,1.2,927,12,1,203-28,[]
TX,297.613444063,289500.19357633,4635479.54152294,1.2,1425,12,1,270-20,[]
TX,297.613947606,289032.405454535,4641842.680760087,1.2,2130,9,1,367-8,[]
TX,297.629061815,295454.586689846,4639220.818576417,1.2,2055,12,2,357-7,[]
TX,297.877272581,287457.756962386,4641217.374850627,1.2,2527,12,1,72-13,[]
TX,298.047137096,273706.487134845,4630649.469956781,1.2,1218,12,1,244-22,[]
TX,298.110944616,291075.629014663,4644044.563840074,1.2,704,12,1,174-21,[]
TX,298.115751179,292879.965733261,4642362.554514518,1.2,912,12,2,202-22,[]
TX,298.289068589,288218.093398468,4649925.978977932,1.2,461,12,1,147-10,[]
TX,298.309877159,286649.675514742,4641130.560297794,1.2,1514,12,2,287-12,[]
TX,298.345273722,290433.803686215,4630428.883996095,1.2,1451,12,1,274-17,[]
TX,298.394514556,273711.40359514,4630647.79522551,1.2,83,12,2,105-20,[]
TX,298.425438039,292677.8052805,4641780.811352464,1.2,96,12,1,106-26,[]
TX,298.442239914,292327.271297804,4642050.714736356,1.2,849,12,1,194-26,[]
TX,298.488033396,290352.215067657,4641056.835867024,1.2,1289,7,1,254-18,[]
TX,298.508251425,290311.034835556,4640352.931786568,1.2,561,7,2,155-17,[]
TX,298.562949453,290306.340608107,4646512.446367086,1.2,2303,12,1,48-9,[]
TX,298.565235617,272134.638069783,4630139.369993179,1.2,2032,12,1,353-2,[]
TX,298.577882513,292317.65018215,4642051.977969771,1.2,1960,12,1,340-7,[]
TX,298.640386709,290197.777421804,4643361.035173855,1.2,848,12,2,194-25,[]
TX,298.64616583,288223.487085967,4638159.907235667,1.2,1446,12,1,273-6,[]
TX,298.659658599,282802.29867011,4640387.628491798,1.2,472,12,1,147-9,[]
TX,298.667867696,289910.111214464,4640884.314221478,1.2,2119,7,1,367-20,[]
TX,298.688758473,291228.218807948,4642276.205169151,1.2,2750,12,1,96-5,[]
TX,298.707848748,291043.914660155,4641923.055376192,1.2,2670,9,1,85-12,[]
TX,298.834163476,292770.412212047,4642489.374971944,1.2,2589,12,1,79-21,[]
TX,298.89535646,294131.01997099,4647411.942426511,1.2,1866,12,2,332-27,[]
TX,298.901298612,290876.716101664,4642257.363428848,1.2,1830,12,1,326-21,[]
TX,298.902461017,292544.948820225,4642936.804634502,1.2,149,12,2,110-10,[]
TX,298.90674161,290230.972012476,4642584.61150817,1.2,1323,11,1,256-4,[]
TX,298.941274983,289315.999846358,4639753.548659708,1.2,1551,9,1,29-26,[]
TX,299.01335086,295122.805918869,4642698.712190583,1.2,1381,8,2,266-28,[]
TX,299.025361097,292847.197263125,4641930.210085744,1.2,1517,12,2,287-17,[]
TX,299.261459858,291100.951267272,4641217.172536442,1.2,865,10,1,197-19,"[['RX_GW', 299.920969345, 865, 10, 1, 868.1, -130.57507949, '00:00:00:00:00:02']]"
TX,299.262895818,290748.956266793,4641531.909018119,1.2,1654,8,1,305-28,[]
TX,299.322585589,290678.933907458,4641307.726097678,1.2,1461,7,1,275-1,[]
TX,299.329176419,290960.725575817,4641191.208497682,1.2,2599,7,1,8-21,[]
TX,299.359005937,289942.861616315,4634398.484444504,1.2,1820,12,1,324-26,[]
TX,299.397238594,294601.677805758,4644526.000561505,1.2,435,12,1,141-12,[]
TX,299.456146123,293120.074009206,4643520.868745856,1.2,2263,12,1,46-3,[]
TX,299.476029325,294857.284411651,4644942.716780254,1.2,1957,12,1,340-3,[]
TX,299.496961925,285608.698882732,4647187.385613179,1.2,1422,12,2,270-17,[]
TX,299.499060813,287750.505924694,4641453.961410918,1.2,366,12,2,137-6,[]
TX,299.574989977,293718.451774437,4645085.111701557,1.2,484,12,2,148-24,[]
TX,299.658809376,288959.422682269,4643632.73554185,1.2,1223,12,1,244-27,[]
TX,299.813802647,283557.698915607,4634246.586279918,1.2,12,12,1,100-25,[]
TX,299.833737678,291201.13584648,4639566.669072596,1.2,2555,10,1,75-12,[]
TX,299.84409737,289946.575313917,4642803.597789564,1.2,2034,11,2,353-21,[]
TX,299.958544448,293707.077106352,4645344.532999897,1.2,2409,12,2,58-3,[]
TX,300.681255306,290916.028222368,4638778.553100485,1.2,718,12,2,176-27,[]
TX,300.838557697,292723.135976337,4642063.210221648,1.2,1464,12,2,275-17,[]
TX,300.900093819,291045.245409691,4641730.497657593,1.2,1510,10,2,284-26,[]
TX,301.048718199,291984.617979351,4643701.147204832,1.2,240,12,2,124-1,[]
TX,301.503205955,290434.058323142,4642339.295997505,1.2,2096,10,2,363-10,[]
TX,301.522411142,291402.960089303,4641313.190611682,1.2,826,9,2,19-7,[]
TX,301.535740945,293243.947826503,4640220.533126206,1.2,1067,12,2,226-6,[]
TX,301.744567082,290613.327574795,4643881.570568227,1.2,2602,12,2,8-5,[]
TX,301.757991756,295076.531560547,4642775.479218567,1.2,781,7,2,185-19,[]
TX,301.791412141,273717.753389678,4630626.454947528,1.2,1290,12,2,254-19,[]
TX,301.791581522,293867.169589156,4643667.254536271,1.2,2291,12,2,47-7,[]
TX,301.996620754,295618.081535192,4645550.317843468,1.2,2285,12,2,47-29,[]
TX,302.656286082,292347.993823688,4642142.243268123,1.2,1149,12,2,239-11,[]
TX,303.30512731,289762.037840122,4641666.427949232,1.2,1300,7,2,254-3,[]
TX,303.420299066,291981.007829453,4643722.010473189,1.2,1519,12,2,287-19,[]
TX,303.602944477,289645.483921163,4643604.463943456,1.2,1825,12,2,326-17,[]
TX,303.672673019,292314.680012612,4641462.01211759,1.2,1630,12,2,304-17,[]
TX,303.784485534,294900.370823503,4644416.105303404,1.2,1296,12,2,254-26,[]
TX,303.806243821,273677.785369253,4630631.341934545,1.2,1992,12,2,347-28,[]
TX,303.847250807,285941.613751706,4650885.203727148,1.2,59,12,2,103-18,[]
TX,304.046440084,290917.558814055,4643954.413859997,1.2,184,12,2,113-10,[]
TX,304.181879506,290532.331739213,4635542.966985526,1.2,2060,12,2,358-14,[]
TX,304.187065295,292312.225037479,4642289.481305695,1.2,2125,12,2,367-3,[]
TX,304.272334945,292077.456700962,4640561.237759267,1.2,1140,12,2,238-10,[]
TX,304.802635722,292766.271779564,4642002.246422567,1.2,2078,12,2,361-18,[]
TX,304.89061124,292698.390058194,4641847.584538695,1.2,2542,12,2,72-3,[]
TX,304.898827207,292695.261633614,4641812.347016505,1.2,1884,12,2,334-5,[]
TX,304.967052106,295123.902357194,4642709.811039465,1.2,2773,8,2,97-6,[]
TX,305.190211697,290859.755169237,4638496.717387214,1.2,373,12,2,138-22,[]
TX,305.801521287,292903.561215341,4641899.934861016,1.2,1178,12,2,24-15,[]
TX,305.861826683,285136.558673189,4633063.027405755,1.2,309,12,2,130-10,[]
TX,306.132945601,292159.32857224,4642196.232156703,1.2,902,12,2,201-23,[]
TX,306.280770588,289262.84486181,4642517.60935615,1.2,1815,12,2,323-7,[]
TX,306.321632991,289828.804182974,4641729.809827415,1.2,1401,7,2,268-6,[]
TX,306.480342525,289002.547451609,4636132.946578203,1.2,922,12,2,203-14,[]
TX,306.603471808,291850.158873282,4641939.110018689,1.2,2136,12,2,368-19,[]
TX,306.751177766,291808.328399948,4641569.213112878,1.2,1770,11,2,318-15,[]
TX,306.874061412,291833.34715824,4641597.894604948,1.2,1217,11,2,244-14,[]
TX,307.031468507,297004.289729645,4642887.533729615,1.2,2041,10,2,353-7,[]
TX,307.114050743,292717.896120585,4643717.266953645,1.2,2644,12,2,84-11,[]
TX,307.41886749,286623.422378032,4645450.445931328,1.2,1513,12,2,287-11,[]
TX,307.420846884,291398.017566275,4642104.289568949,1.2,850,10,2,194-27,[]
TX,308.312352103,291049.934791642,4642324.981929723,1.2,822,12,2,19-3,[]
TX,309.077530738,291251.949467467,4640375.104507021,1.2,1511,8,2,284-27,"[['RX_GW', 309.284944924, 1511, 8, 2, 868.1, -125.550986432, '00:00:00:00:00:02']]"
TX,309.235604186,291577.562374456,4642158.529351269,1.2,1885,12,2,334-6,[]
TX,309.436691247,288977.367093398,4643974.700035256,1.2,2362,12,2,53-6,[]
TX,309.702204832,287702.257494981,4621656.82664814,1.2,959,12,2,209-27,[]
TX,309.762519202,291745.806817419,4639645.477586255,1.2,2375,12,2,55-5,[]
TX,309.968449503,292043.680312333,4641774.529907524,1.2,351,12,2,137-18,[]
TX,310.499838273,273924.176158607,4630417.527276334,1.2,1017,12,2,220-27,[]
TX,310.725244654,271658.680209793,4630618.120223244,1.2,2210,12,2,43-1,[]
TX,310.942622693,291036.792671236,4644004.873019421,1.2,750,12,2,181-28,[]
TX,310.956919954,290163.365857987,4647005.449769182,1.2,950,12,2,206-8,[]
TX,310.973300077,273711.991918862,4630616.052019391,1.2,1045,12,2,225-25,[]
TX,311.302740197,290861.76447883,4642280.64623626,1.2,1879,10,2,334-19,[]
TX,311.404524848,290959.245008655,4640546.548168019,1.2,1062,8,2,226-27,[]
TX,311.567608087,291759.210073409,4642530.833501388,1.2,622,12,2,162-24,[]
TX,311.98408277,291027.262983786,4641950.238793449,1.2,1680,9,2,308-28,[]
TX,312.04445295,290464.802117487,4640617.03670444,1.2,607,7,2,160-2,[]
TX,312.244660171,291856.894265145,4642557.82411953,1.2,2631,12,2,82-5,[]
TX,312.289884486,289704.997329884,4639291.622311711,1.2,2043,10,2,356-27,[]
TX,312.37086718,289194.45909808,4644486.265666547,1.2,2360,12,2,53-4,[]
TX,312.789300303,291099.594071535,4639047.494983607,1.2,1453,12,2,274-2,[]
TX,312.872623245,289919.214891897,4638067.009113749,1.2,1108,12,2,232-21,[]
TX,313.209803008,290762.091920367,4641518.608749055,1.2,2151,8,2,371-19,[]
TX,313.528350836,291024.345110598,4640958.835213112,1.2,1326,8,2,256-7,[]
TX,313.881832714,292781.186113022,4642163.013342413,1.2,1837,12,2,330-11,[]
TX,313.966180625,292329.413792615,4642047.199060822,1.2,342,12,2,131-9,[]
TX,314.39543119,291909.8633829,4641663.812976574,1.2,1822,12,2,326-1,[]
TX,314.395664008,302580.383089142,4642871.604674774,1.2,870,12,2,197-5,[]
TX,314.945533513,290916.686402521,4641180.661366698,1.2,2457,7,2,67-2,[]
TX,315.016252963,291126.555070394,4642470.034119686,1.2,2324,12,2,50-3,[]
TX,315.735905834,293521.69011141,4643984.980852835,1.2,21,12,2,100-8,[]
TX,315.776133006,289736.782915861,4643337.210582284,1.2,588,12,2,158-24,[]
TX,316.07167896,286278.793473588,4634552.399028533,1.2,748,12,2,181-26,[]
TX,316.201710962,295574.936266524,4645582.331385481,1.2,1016,12,2,220-26,[]
TX,316.529788595,293802.75651755,4639679.220728941,1.2,1335,12,2,259-6,[]
TX,316.615695633,290133.276870794,4635349.884446037,1.2,509,12,2,150-29,[]
TX,316.677057705,273720.704816193,4630628.272829161,1.2,2462,12,2,67-4,[]
TX,316.734057697,291853.353925515,4642555.632586978,1.2,909,12,2,202-12,[]
TX,316.840736126,290051.683420687,4642387.917983458,1.2,558,9,2,153-6,[]
TX,317.279262586,290082.608869818,4645146.830110499,1.2,1459,12,2,274-6,[]
TX,317.891585318,289721.480346267,4642409.511074132,1.2,2019,10,2,349-9,[]
TX,318.032279601,290060.964323838,4635333.463842861,1.2,2007,12,2,349-17,[]
TX,318.261701534,291623.731078575,4644278.861800119,1.2,71,12,2,104-18,[]
TX,318.470338354,292658.067307688,4641767.397891196,1.2,761,12,2,182-19,[]
TX,318.502176269,273003.165530015,4624632.915206895,1.2,1556,12,2,290-17,[]
TX,318.752176324,291731.150289913,4642150.325122055,1.2,2639,12,2,83-21,[]
TX,318.828640528,292362.920686728,4637412.746199044,1.2,2315,12,2,50-18,[]
TX,319.264169219,291041.215168883,4644017.638616699,1.2,794,12,2,186-24,[]
TX,319.294406419,294052.294844545,4645645.864185362,1.2,1334,12,2,259-5,[]
TX,319.398942618,291980.911332529,4643709.757028502,1.2,2567,12,2,75-4,[]
TX,319.475786139,289961.169210797,4647066.3414955,1.2,1851,12,2,330-6,[]
TX,319.582949689,290689.914892837,4641291.796382108,1.2,1122,7,2,234-20,[]
TX,319.646063171,289949.71065486,4634413.410440522,1.2,1843,12,2,330-20,[]
TX,319.926125612,291183.376627786,4641967.919687615,1.2,271,10,2,126-8,[]
TX,320.364899419,293244.273519021,4640207.463872169,1.2,1706,12,2,31-2,[]
TX,320.783315152,288190.910437131,4643903.790998418,1.2,724,12,2,178-6,[]
TX,320.931530107,286027.013475793,4640235.785297241,1.2,40,12,2,101-3,[]
TX,321.203979773,290798.880719808,4642277.820500999,1.2,1655,10,2,305-29,"[['RX_GW', 321.863490661, 1655, 10, 2, 868.1, -132.574831553, '00:00:00:00:00:02']]"
TX,321.476122661,291686.990138907,4636105.215189738,1.2,666,12,2,167-5,[]
TX,321.559161269,292399.26456155,4641912.503269309,1.2,1167,12,2,239-5,[]
TX,321.63936303,291019.157504855,4644015.821767176,1.2,2714,12,2,93-2,[]
TX,321.699277332,291469.033625665,4636710.998974332,1.2,2152,12,2,371-20,[]
TX,321.853570488,292312.885223503,4642051.77955333,1.2,843,12,2,194-12,[]
TX,321.919933721,292079.470114769,4641785.798137927,1.2,443,12,2,141-27,[]
TX,322.09668421,295113.844856657,4642668.680574923,1.2,2086,8,2,361-7,"[['RX_GW', 322.304097473, 2086, 8, 2, 868.1, -125.476801143, '00:00:00:00:00:04']]"
TX,322.226670376,290389.97231848,4644471.715469081,1.2,2000,12,2,348-4,[]
TX,322.271762089,290293.534511495,4641969.066798221,1.2,2611,8,2,81-10,[]
TX,322.411007315,290213.685279504,4640178.641692235,1.2,1229,7,2,245-14,[]
TX,322.55264787,292208.626505349,4649701.219681639,1.2,1773,12,2,318-18,[]
TX,323.071820256,291626.084444978,4642207.140100243,1.2,2079,12,2,361-19,[]
TX,323.19056838,291947.702532078,4642594.893831048,1.2,837,12,2,190-4,[]
TX,323.28521139,292790.574665571,4642170.119759982,1.2,2170,12,2,39-14,[]
TX,323.44241336,287523.345258567,4641299.477031605,1.2,1805,12,2,322-19,[]
TX,323.461493174,293206.358483758,4642042.864356416,1.2,1315,11,2,256-19,[]
TX,323.488230879,291036.123546275,4641122.235458798,1.2,81,9,2,105-18,[]
TX,323.498011616,291502.129657167,4642535.257845396,1.2,514,12,2,150-6,[]
TX,323.599552899,290669.095441703,4641180.723318174,1.2,490,7,2,148-4,[]
TX,323.789813201,291096.810282559,4642468.867119247,1.2,177,12,2,112-29,[]
TX,323.877691802,291680.935409463,4642114.483396953,1.2,2206,12,2,42-25,[]
TX,323.927358802,291179.984199815,4635304.823204055,1.2,2201,12,2,42-11,[]
TX,324.455818821,293015.599148976,4651458.089524412,1.2,346,12,2,137-13,[]
TX,324.458111691,291672.836618554,4642119.497236473,1.2,1943,12,2,339-9,[]
TX,324.513550352,292645.286768423,4641760.835961115,1.2,958,12,2,209-26,[]
TX,324.534494695,290563.525528071,4637458.643531759,1.2,1882,12,2,334-3,[]
TX,324.596803822,291067.062469751,4644026.445895787,1.2,2706,12,2,91-7,[]
TX,324.599076623,291392.846374277,4642164.372086489,1.2,335,10,2,131-12,"[['RX_GW', 325.258588516, 335, 10, 2, 868.1, -132.974457507, '00:00:00:00:00:02']]"
TX,325.520642851,291292.511354858,4638106.378229661,1.2,1201,12,2,241-14,[]
TX,325.702017298,288271.827488791,4629843.215106827,1.2,1807,12,2,322-21,[]
TX,325.853954905,290356.044198503,4640378.08342127,1.2,2468,7,2,68-20,"[['RX_GW', 325.968950618, 2468, 7, 2, 868.1, -115.246088915, '00:00:00:00:00:02']]"
TX,326.41978991,292401.60486711,4636808.410728092,1.2,1074,12,2,229-19,[]
TX,326.575863279,290676.467903982,4641301.71869529,1.2,975,7,2,211-25,"[['RX_GW', 326.690859517, 975, 7, 2, 868.1, -118.218816106, '00:00:00:00:00:02']]"
TX,326.734820235,293240.992203462,4639406.152409253,1.2,2369,12,2,55-18,[]
TX,326.844373509,294145.777115069,4647405.691654801,1.2,1913,12,2,337-25,[]
TX,327.319640311,291242.537123472,4641251.234065257,1.2,662,9,2,167-20,[]
TX,327.430949495,292409.609950298,4637278.685452322,1.2,2373,12,2,55-3,[]
TX,327.534547334,290083.611732814,4642387.60439467,1.2,1418,9,2,269-7,[]
TX,327.654826834,290485.830751712,4640633.817594424,1.2,1997,7,2,348-19,[]
TX,327.748568303,291022.301036504,4644011.566035948,1.2,2316,12,2,50-2,[]
TX,327.852169391,292297.750104076,4642275.53242573,1.2,2487,12,2,70-17,[]
TX,328.099241534,291056.520980171,4642067.871157006,1.2,652,10,2,163-6,[]
TX,328.255964445,289188.074520449,4642513.679149562,1.2,1826,11,2,326-18,[]
TX,328.538587258,298462.224376195,4646490.460120992,1.2,1945,12,2,340-11,[]
TX,328.871172975,291020.187997366,4644019.108070502,1.2,2237,12,2,44-25,[]
TX,328.927281884,290502.969075223,4643376.383341777,1.2,2586,12,2,79-18,[]
TX,328.932148155,292457.977564851,4643494.815947194,1.2,1094,12,2,231-25,[]
TX,329.023949557,273554.093019579,4630599.891870815,1.2,804,12,2,187-20,[]
TX,329.246134115,292317.281661438,4642042.770379857,1.2,1399,12,2,268-30,[]
TX,329.683863414,292994.235277027,4640272.876086322,1.2,2368,12,2,55-17,[]
TX,329.980751589,292583.147179408,4643851.47779814,1.2,1127,12,2,234-6,[]
TX,330.128165396,289227.572209778,4642064.233711245,1.2,1897,9,2,336-1,[]
TX,330.326706356,292262.696420294,4642937.813180159,1.2,838,12,2,190-5,[]
TX,330.53917947,290344.015542279,4642835.66782927,1.2,98,12,2,106-28,[]
TX,330.757065441,286345.413373075,4641694.11169216,1.2,1407,12,2,269-18,[]
TX,330.856930248,291417.321258966,4642042.932822231,1.2,482,12,2,148-22,[]
TX,331.280858754,294133.450142024,4647404.692808048,1.2,226,12,2,121-18,[]
TX,331.30484957,290696.358142092,4641306.349468478,1.2,1099,7,2,231-5,[]
TX,331.449263329,271828.369835864,4630657.958080413,1.2,1210,12,2,242-24,[]
TX,331.572676999,290865.202711997,4642269.760187986,1.2,1338,12,2,260-20,[]
TX,331.711545678,290979.760720018,4640403.025210802,1.2,2642,8,2,84-1,[]
TX,331.75876433,292441.906331453,4637242.962663497,1.2,327,12,2,130-4,[]
TX,331.92432051,289598.175738574,4643541.708046098,1.2,789,12,2,186-11,[]
TX,332.048192182,292396.701343018,4637318.173957336,1.2,1010,12,2,22-26,[]
TX,332.473138742,299748.895221798,4630074.54527546,1.2,985,12,2,214-3,[]
TX,332.577576803,291142.581805542,4644705.596497721,1.2,330,12,2,130-7,[]
TX,332.746252565,291684.374636519,4642381.643331595,1.2,764,11,2,182-23,[]
TX,332.776038682,292242.094728992,4638824.75819063,1.2,488,12,2,148-28,[]
TX,332.796421454,291753.157823747,4639558.444745438,1.2,2011,12,2,349-23,[]
TX,332.987062864,294902.089235187,4644995.21974923,1.2,1858,12,2,332-14,[]
TX,332.989960974,292642.077802788,4642017.518703863,1.2,956,12,2,209-24,[]
TX,333.178001412,291277.37385197,4641404.947696747,1.2,709,10,2,175-18,"[['RX_GW', 333.837511651, 709, 10, 2, 868.1, -130.667347161, '00:00:00:00:00:02']]"
TX,333.185115916,291710.275045944,4642415.812426746,1.2,2489,12,2,70-19,[]
TX,333.224421006,290192.728430668,4636594.500319526,1.2,135,12,2,109-6,[]
TX,333.261703042,290518.652009394,4641371.637676648,1.2,1800,7,2,321-6,[]
TX,333.500384723,290792.818355531,4642024.718547149,1.2,2552,9,2,73-6,[]
TX,333.538491936,291705.934282926,4642121.652293023,1.2,1186,12,2,24-25,[]
TX,333.550258086,287541.674680257,4641390.890445767,1.2,2056,12,2,358-10,[]
TX,333.605016364,299739.284350468,4630053.33436851,1.2,301,12,2,129-12,[]
TX,333.747761383,291025.136792819,4644010.715401474,1.2,1543,12,2,288-5,[]
TX,333.777768939,295130.450524641,4642702.607332631,1.2,2625,8,2,82-25,"[['RX_GW', 333.985182271, 2625, 8, 2, 868.1, -125.815487024, '00:00:00:00:00:04']]"
TX,333.918718669,293829.964131534,4640615.834568183,1.2,404,12,2,14-21,[]
TX,333.957262819,295618.250807356,4642130.76288632,1.2,654,7,2,166-10,[]
TX,334.170759193,292419.989354026,4637267.629190442,1.2,1005,12,2,22-12,[]
TX,334.183056038,291632.71298195,4642847.586312022,1.2,413,12,2,140-13,[]
TX,334.207189913,289739.564056255,4633437.297386099,1.2,2738,12,2,95-29,[]
TX,334.389908585,290646.896357857,4646621.413781903,1.2,2504,12,2,71-16,[]
TX,334.701436125,293196.446639868,4641994.615501617,1.2,107,12,2,107-25,[]
TX,334.903996582,291301.456464719,4644575.560028859,1.2,934,12,2,204-23,[]
TX,335.095901644,291038.387308971,4641125.957994426,1.2,82,9,2,105-19,[]
TX,335.122844494,292868.642983445,4643517.412810931,1.2,1465,12,2,275-18,[]
TX,335.510988927,289939.864267329,4634407.875978339,1.2,267,12,2,126-12,[]
TX,335.617067256,290236.456528795,4642358.254110791,1.2,573,9,2,157-18,[]
TX,335.731936221,291775.589644505,4641548.771100378,1.2,2156,11,2,371-24,[]
TX,335.745289104,288739.822370833,4642562.599448325,1.2,1455,11,2,274-26,[]
TX,335.911532153,289055.447687961,4647277.343222601,1.2,1,12,2,100-11,[]
TX,335.925925994,287806.607787729,4628727.785816727,1.2,125,12,2,109-24,[]
TX,335.935461993,292893.506232151,4640445.732319891,1.2,174,12,2,112-2,[]
TX,335.971582117,291748.371356516,4643995.853681274,1.2,2478,12,2,7-19,[]
TX,336.088025996,289967.359442991,4642746.722190737,1.2,282,11,2,127-5,[]
TX,336.145832177,290635.621342307,4639779.02342203,1.2,2645,9,2,84-12,[]
TX,336.155519079,290059.658106491,4634502.240329234,1.2,1004,12,2,22-11,[]
TX,336.402876916,291068.175385696,4644043.665604715,1.2,173,12,2,112-19,[]
TX,336.772334068,290412.049818561,4643951.765713813,1.2,381,12,2,138-4,[]
TX,336.879985225,292520.616030878,4642913.954363256,1.2,2546,12,2,72-7,[]
TX,337.314147624,286557.92533299,4641830.238706403,1.2,201,12,2,115-26,[]
TX,337.421002439,292895.920548539,4639099.380558785,1.2,973,12,2,211-14,[]
TX,337.456230669,287350.748406721,4641829.424003204,1.2,1324,12,2,256-5,[]
TX,337.834051778,293566.568129877,4642130.590095033,1.2,196,11,2,115-12,"[['RX_GW', 339.314812556, 196, 11, 2, 868.1, -134.76321558, '00:00:00:00:00:04']]"
TX,337.859094015,290991.517494939,4639053.81492337,1.2,2534,12,2,72-20,[]
TX,338.029483253,291352.180251533,4641423.439228198,1.2,589,10,2,158-25,[]
TX,338.274430323,291994.099170299,4643700.260563435,1.2,618,12,2,162-13,[]
TX,338.42158267,292825.071934334,4640668.454062472,1.2,676,12,2,171-14,[]
TX,338.458181956,291899.054312932,4641661.367579581,1.2,1833,12,2,326-5,[]
TX,338.494612478,290046.298170832,4640961.958128843,1.2,1049,7,2,226-12,[]
TX,338.552670323,291663.232154695,4642392.236880001,1.2,129,12,2,109-28,[]
TX,338.674076996,293486.972767599,4639961.875319174,1.2,1644,12,2,305-16,[]
TX,338.801555909,291954.671725278,4642592.838283112,1.2,943,12,2,206-13,[]
TX,338.887552441,292265.600487337,4638877.73707671,1.2,480,12,2,148-20,[]
TX,338.889954683,291758.224307577,4639719.870126806,1.2,1785,12,2,320-14,[]
TX,338.911456624,289832.674458608,4638672.801274566,1.2,2654,12,2,84-20,[]
TX,339.107074451,290358.131881164,4641812.339219793,1.2,887,7,2,199-24,[]
TX,339.127303449,292030.361978371,4640521.643181873,1.2,494,12,2,148-8,[]
TX,339.128784182,292189.723859959,4643419.574426181,1.2,1967,12,2,341-21,[]
TX,339.181227978,291914.763696243,4642578.403437408,1.2,828,12,2,190-16,[]
TX,339.246590931,293703.104805621,4645351.228295412,1.2,784,12,2,185-4,[]
TX,339.322848406,291832.220301815,4642550.874276361,1.2,2149,12,2,369-7,[]
TX,339.389243476,289001.749228211,4635005.550374789,1.2,2402,12,2,57-25,[]
TX,339.512289818,289230.097042239,4642517.206158491,1.2,2397,11,2,56-8,[]
TX,339.650798905,292699.463567428,4641838.56816409,1.2,1084,12,2,231-11,[]
TX,339.715453939,292454.65440722,4641382.664939978,1.2,1891,12,2,335-2,[]
TX,339.937565798,290230.056519638,4645895.351696481,1.2,2564,12,2,75-24,[]
TX,339.952185095,292717.68370855,4643726.923775107,1.2,737,12,2,181-13,[]
TX,339.972584165,291056.439824948,4644020.887395283,1.2,2630,12,2,82-4,[]
TX,340.077967349,294026.204310729,4640588.798170631,1.2,665,11,2,167-4,[]
TX,340.080311404,290889.624161261,4642256.461700646,1.2,2680,12,2,87-24,[]
TX,340.125199507,292647.075730548,4642009.509376804,1.2,2472,12,2,68-30,[]
TX,340.476428388,289146.512261458,4642827.018781769,1.2,740,11,2,181-18,[]
TX,340.506725253,291192.959416982,4640424.563497539,1.2,2017,8,2,349-6,[]
TX,340.657075395,293231.356693398,4640205.662479178,1.2,691,12,2,172-30,[]
TX,340.987070807,290476.937252721,4640623.722121472,1.2,1859,7,2,332-17,[]
TX,341.184202015,287907.822186732,4643989.26564311,1.2,1113,12,2,232-7,[]
TX,341.217928028,292530.538782823,4642707.105280213,1.2,537,12,2,152-12,[]
TX,341.22393423,287686.775830838,4640711.286660079,1.2,2065,12,2,358-23,[]
TX,341.252251301,291153.744939053,4632074.630778508,1.2,1482,12,2,279-9,[]
TX,341.270249276,290063.12699964,4642378.02173461,1.2,2046,10,2,356-9,[]
TX,341.286620651,295545.148466404,4638039.420913721,1.2,1252,12,2,248-5,[]
TX,341.296690564,278928.982396781,4632506.248561176,1.2,715,12,2,175-5,[]
TX,341.315210469,290737.238956616,4642899.770952915,1.2,2575,12,2,76-14,[]
TX,341.331204787,294602.230306731,4643974.879144802,1.2,1735,11,2,311-19,[]
TX,341.474550805,293370.703035114,4648954.809082022,1.2,1228,12,2,245-13,[]
TX,341.541030362,295738.499226516,4645479.962525963,1.2,1995,12,2,348-17,[]
TX,341.707338382,294166.33235488,4642782.54610607,1.2,2497,11,2,70-7,[]
TX,341.779159932,293176.233526019,4643083.246597801,1.2,300,12,2,129-11,[]
TX,341.84831972,295639.485794248,4645558.350570514,1.2,2290,12,2,47-6,[]
TX,341.928447556,292451.196263918,4641823.375846791,1.2,2097,12,2,363-12,[]
TX,341.94821734,290960.500226983,4642013.466261393,1.2,298,10,2,128-7,[]
TX,341.970547795,289944.68849902,4634403.03229927,1.2,1594,12,2,298-19,[]
TX,342.061852589,282118.639942332,4637659.952443403,1.2,1095,12,2,231-26,[]
TX,342.146023458,292312.577224043,4642048.154806584,1.2,1844,12,2,330-21,[]
TX,342.198267958,290737.329897578,4642350.262722405,1.2,358,11,2,137-26,[]
TX,342.20218664,294386.132620869,4644780.396941805,1.2,60,12,2,103-19,[]
TX,342.230486137,291640.425851877,4643918.269499606,1.2,1668,12,2,306-7,[]
TX,342.426744216,291011.247464733,4641912.69154263,1.2,449,9,2,145-10,[]
TX,342.56488341,292458.368543733,4642797.25871837,1.2,264,12,2,125-27,[]
TX,342.613380235,288813.132945623,4634198.059319361,1.2,769,12,2,182-6,[]
TX,342.915267618,291029.606803263,4639121.515662988,1.2,1734,12,2,311-18,[]
TX,343.362999725,289037.644142683,4641822.629890454,1.2,1436,9,2,270-6,[]
TX,343.374354259,290003.694338982,4641547.115107807,1.2,758,7,2,182-10,[]
TX,343.565313223,286591.096814258,4641688.625006639,1.2,1609,12,2,3-26,[]
TX,343.653714349,289831.193064032,4643472.309833189,1.2,1135,12,2,237-25,[]
TX,343.665687502,290841.466967544,4636935.561038043,1.2,1120,12,2,234-17,[]
TX,343.689731727,293455.644029942,4641376.078126478,1.2,2247,12,2,45-21,[]
TX,344.001832292,299749.882230992,4630075.517049843,1.2,984,12,2,214-21,[]
TX,344.020892839,291126.262763566,4641180.576819163,1.2,132,9,2,109-30,[]
TX,344.040558684,292301.278107279,4641586.191250267,1.2,1574,12,2,293-2,[]
TX,344.199259353,289050.435537151,4637210.311840334,1.2,1235,12,2,246-10,[]
TX,344.347669242,292058.48261849,4641795.616329989,1.2,939,12,2,204-28,[]
TX,344.399132923,285113.857453016,4632608.399136915,1.2,1342,12,2,260-6,[]
TX,344.440195131,289205.227249118,4642517.255315941,1.2,1828,11,2,326-2,[]
TX,344.522530665,289671.734555994,4642154.938987159,1.2,1860,9,2,332-19,[]
TX,344.575719976,291749.33119261,4640281.890629098,1.2,2626,12,2,82-26,[]
TX,344.684125555,289572.273738332,4642052.071796866,1.2,2678,8,2,87-13,[]
TX,344.813817522,291358.798310754,4642021.974773573,1.2,797,11,2,186-27,[]
TX,344.83893543,291198.658562842,4636227.137607262,1.2,2572,12,2,76-10,[]
TX,344.990288366,291994.118971829,4643722.075512998,1.2,379,12,2,138-28,[]
TX,345.364412542,291620.760662446,4642867.655181985,1.2,754,12,2,181-6,[]
TX,345.40690209,291107.62920917,4642352.059265007,1.2,170,12,2,112-1,[]
TX,345.578724565,291236.728372114,4641283.24691048,1.2,806,9,2,187-29,[]
TX,345.662749904,290359.079572284,4640368.997469691,1.2,2193,7,2,41-24,[]
TX,345.675977104,291870.727758119,4642856.822141417,1.2,311,12,2,130-12,[]
TX,345.763990556,285526.139273533,4633263.648847381,1.2,1552,12,2,29-27,[]
TX,345.945382133,294334.967926681,4643864.740269973,1.2,538,12,2,152-13,[]
TX,346.133775153,292108.784999819,4642638.359942168,1.2,2748,12,2,96-3,[]
TX,346.194874938,291183.257292815,4641310.621664082,1.2,2636,8,2,83-17,[]
TX,346.554254192,294967.935726437,4642686.683934198,1.2,1533,9,2,287-7,"[['RX_GW', 346.926019789, 1533, 9, 2, 868.1, -127.15774141, '00:00:00:00:00:04']]"
TX,346.606271213,275682.051605812,4626345.084235156,1.2,2605,12,2,80-17,[]
TX,346.685825539,291076.944079532,4644037.905860134,1.2,2498,12,2,71-10,[]
TX,346.863055864,290163.447789835,4635332.574170117,1.2,963,12,2,21-13,[]
TX,347.058911401,292539.669446043,4641356.456303085,1.2,1072,12,2,229-17,[]
TX,347.329588526,289594.012641616,4641930.857668609,1.2,446,8,2,143-24,[]
TX,347.624747038,290856.263557443,4642307.07081712,1.2,1538,11,2,288-19,[]
TX,347.70741392,290303.935691073,4641929.072641863,1.2,2067,7,2,358-25,[]
TX,347.818499042,287123.420715682,4632985.282617551,1.2,250,12,2,124-29,[]
TX,347.836328164,282594.752435665,4636750.774208575,1.2,1803,12,2,322-17,[]
TX,347.888865435,289881.166363384,4642383.147805383,1.2,314,10,2,130-17,[]
TX,348.068036615,290951.896016744,4642039.847445332,1.2,966,10,2,21-25,[]
TX,348.295311989,292828.504649006,4641932.994087294,1.2,2295,12,2,48-13,[]
TX,348.30059707,290016.607879152,4640039.153155262,1.2,2090,8,2,362-20,[]
TX,348.309291848,294300.051172247,4639031.697900755,1.2,881,12,2,198-26,[]
TX,348.376096921,292137.788490841,4642149.79325565,1.2,422,12,2,140-21,[]
TX,348.721503313,292107.785166837,4642221.393586824,1.2,65,12,2,103-30,[]
TX,348.725181342,293129.826130952,4640654.631859078,1.2,1352,12,2,261-27,[]
TX,348.748117343,291980.091644277,4643740.251959709,1.2,1610,12,2,3-27,[]
TX,349.207225335,289951.952075206,4642831.406918124,1.2,824,12,2,19-5,[]
TX,349.207335954,288974.831244027,4642579.454724909,1.2,29,12,2,101-17,[]
TX,349.330952069,290724.072460164,4647240.420459538,1.2,1209,12,2,242-13,[]
TX,349.414040561,291254.748119173,4642395.961054948,1.2,2140,12,2,368-6,[]
TX,349.440280487,296256.766502441,4635473.710235639,1.2,619,12,2,162-17,[]
TX,349.956940641,291034.407775751,4644015.163995422,1.2,844,12,2,194-14,[]
TX,350.448249831,289482.614668311,4639019.102064171,1.2,454,12,2,145-24,[]
TX,350.475112781,292912.405820136,4642217.864551237,1.2,1646,12,2,305-18,[]
TX,350.522223605,292262.882868661,4638906.36709467,1.2,2623,12,2,82-23,[]
TX,350.660783253,285530.516587022,4641136.819521833,1.2,1786,12,2,320-24,[]
TX,350.709009381,290890.114427036,4638734.649171013,1.2,1561,12,2,290-21,[]
TX,350.817416927,294073.193335007,4642821.302240662,1.2,157,12,2,110-25,[]
TX,350.903866813,291184.017787719,4641313.949326828,1.2,1608,8,2,3-25,[]
TX,351.054794241,292259.567858007,4641948.289794131,1.2,2537,12,2,72-25,[]
TX,351.094064144,290379.461926897,4641798.393561875,1.2,279,7,2,127-21,[]
TX,351.095164632,291831.48367945,4642545.906499418,1.2,2127,12,2,367-5,[]
TX,351.87961501,292238.852792763,4643065.313667289,1.2,2711,12,2,93-17,[]
TX,351.892706023,291993.23924536,4643721.284813543,1.2,1492,12,2,28-28,[]
TX,351.931324378,291679.279094068,4642120.743270143,1.2,360,12,2,137-28,[]
TX,352.020324694,292868.388515193,4642223.858150708,1.2,1979,12,2,344-3,[]
TX,352.027451633,290273.233127459,4647455.395814063,1.2,426,12,2,140-27,[]
TX,352.028774546,291231.492582862,4638757.284432744,1.2,682,12,2,171-27,[]
TX,352.310821028,273705.857090913,4630712.059580389,1.2,2229,12,2,43-6,[]
TX,352.665262489,291754.052891293,4638619.822759539,1.2,1012,12,2,22-28,[]
TX,352.995516301,292731.748994184,4641843.525426894,1.2,1349,12,2,261-24,[]
TX,353.002468889,295663.828777842,4645566.849113586,1.2,2271,12,2,47-13,[]
TX,353.01135718,290211.825221721,4640200.760713913,1.2,216,7,2,12-20,[]
TX,353.130845172,290477.462540787,4640621.987829859,1.2,2726,7,2,93-6,[]
TX,353.147476704,287765.189949306,4645628.534190197,1.2,1763,12,2,317-20,[]
TX,353.186251376,290446.35105698,4640573.539055478,1.2,344,7,2,137-10,[]
TX,353.27981968,273721.58454026,4630660.751750734,1.2,1579,12,2,293-30,[]
TX,353.516178792,291859.208496509,4640747.582332612,1.2,796,10,2,186-26,"[['RX_GW', 354.175690695, 796, 10, 2, 868.1, -132.667528021, '00:00:00:00:00:02']]"
TX,353.554855488,290345.465275015,4640363.788309335,1.2,685,7,2,172-18,[]
TX,353.709578775,289526.731283364,4642593.677755713,1.2,2735,11,2,95-21,[]
TX,353.99235562,295610.4596982,4645554.122271451,1.2,2276,12,2,47-18,[]
TX,354.39925086,295682.660802532,4642555.112225424,1.2,817,7,2,188-5,[]
TX,354.40962311,271953.404654217,4630600.118056819,1.2,1806,12,2,322-20,[]
TX,354.597345044,271650.146622087,4629639.490690738,1.2,2070,12,2,358-4,[]
TX,354.637193913,293445.105633327,4643936.803951629,1.2,1756,12,2,315-6,[]
TX,354.996729428,290290.800636189,4642157.733236561,1.2,1266,8,2,250-21,"[['RX_GW', 355.204143242, 1266, 8, 2, 868.1, -126.447453989, '00:00:00:00:00:02']]"
TX,355.057054824,290756.205265157,4643847.477393975,1.2,1039,12,2,223-23,[]
TX,355.294214655,273693.664000372,4630589.744118566,1.2,1301,12,2,254-4,[]
TX,355.385006764,292890.24433768,4642631.231713818,1.2,690,12,2,172-3,[]
TX,355.589604432,286687.092797896,4645817.078614894,1.2,1385,12,2,267-13,[]
TX,355.677751139,301212.277059027,4641407.820453569,1.2,1154,12,2,239-18,[]
TX,355.846250538,292233.128224766,4639459.964785973,1.2,746,12,2,181-24,[]
TX,355.999696072,294128.521951571,4647408.184017495,1.2,1688,12,2,309-29,[]
TX,356.055683514,291684.009418383,4642821.935049429,1.2,1661,12,2,306-16,[]
TX,356.34785691,290747.868997904,4642887.329291815,1.2,1360,12,2,262-8,[]
TX,356.404064148,291875.950118346,4639206.771016563,1.2,2703,12,2,91-4,[]
TX,356.515846002,290339.080957423,4641417.752528662,1.2,2252,7,2,45-5,[]
TX,356.783480558,291774.084445915,4639829.619859101,1.2,648,12,2,163-29,[]
TX,356.831313084,290170.387044983,4645099.009690105,1.2,577,12,2,157-3,[]
TX,356.848819259,291847.918888386,4642552.608787493,1.2,369,12,2,138-12,[]
TX,357.017478484,290957.201668109,4644364.526519956,1.2,61,12,2,103-20,[]
TX,357.124302844,292800.985615334,4643141.539555962,1.2,158,12,2,110-26,[]
TX,357.181394476,292512.091155923,4642277.779039717,1.2,1075,12,2,229-2,[]
TX,357.245538578,292262.378851822,4643879.061538074,1.2,2176,12,2,39-27,[]
TX,357.328264926,290999.531750714,4639060.932659246,1.2,1705,12,2,31-19,[]
TX,357.403602029,291963.769899672,4642584.512628663,1.2,1714,12,2,31-3,[]
TX,357.473312535,291179.263963911,4641960.74933104,1.2,269,10,2,126-14,[]
TX,357.63844817,273721.580197732,4630652.556394399,1.2,212,12,2,12-1,[]
TX,357.696672773,289896.166814999,4642464.316523617,1.2,1457,10,2,274-3,[]
TX,357.776678252,292692.992307712,4641825.073780172,1.2,1100,12,2,231-6,[]
TX,357.868230764,291016.040468857,4644907.172271284,1.2,603,12,2,159-5,[]
TX,357.909047011,291434.23394252,4642048.300364523,1.2,2289,12,2,47-5,[]
TX,357.91756685,292734.204684078,4643857.242895357,1.2,2299,12,2,48-26,[]
TX,358.110143661,290610.024122566,4633582.741024037,1.2,1528,12,2,287-28,[]
TX,358.378253426,291040.84551662,4644001.125673873,1.2,2757,12,2,97-14,[]
TX,358.830313419,290730.30190818,4641302.299285045,1.2,627,7,2,162-3,"[['RX_GW', 358.945309817, 627, 7, 2, 868.1, -119.274734502, '00:00:00:00:00:02']]"
TX,358.991091235,273705.781106537,4630640.859845417,1.2,680,12,2,171-25,[]
TX,359.049426652,291617.391036138,4642864.945536824,1.2,1000,12,2,215-27,[]
TX,359.113010009,272007.047901099,4630574.118239435,1.2,1887,12,2,335-1,[]
TX,359.136507812,292085.003799817,4640665.928697111,1.2,2238,12,2,44-26,[]
TX,359.175784203,292524.40299958,4642836.825589823,1.2,33,12,2,101-20,[]
TX,359.227570618,289938.24466641,4634403.110709051,1.2,2408,12,2,58-21,[]
TX,359.374313001,290040.91338036,4643477.229555057,1.2,1777,12,2,318-3,[]
TX,359.380439485,289788.014795942,4634655.462266238,1.2,1593,12,2,298-18,[]
TX,359.445278474,290321.418023793,4636962.996019153,1.2,861,12,2,195-7,[]
TX,359.468484277,290727.665318771,4641179.976692238,1.2,583,7,2,158-12,[]
TX,359.493319245,299495.667082845,4640784.505053794,1.2,1283,12,2,254-12,[]
TX,359.529511428,292416.886978447,4637357.421042147,1.2,643,12,2,163-24,[]
TX,359.567050274,288098.62739492,4647129.951056375,1.2,2701,12,2,91-3,[]
TX,359.621057399,291525.591718147,4642443.119053118,1.2,384,12,2,138-7,[]
TX,359.734316896,287576.510730313,4641416.065880674,1.2,2103,12,2,363-20,[]
TX,360.064526983,292307.360902472,4643341.394314404,1.2,1273,12,2,253-12,[]
TX,360.291562004,293305.135748404,4644289.632675917,1.2,1549,12,2,29-24,[]
TX,360.322638601,273699.355781905,4630637.381546027,1.2,202,12,2,115-27,[]
TX,360.564445757,291842.816775239,4642548.996588837,1.2,560,12,2,155-1,[]
TX,360.569053122,291760.787438138,4642644.255857483,1.2,2530,12,2,72-16,[]
TX,360.630853783,290565.573329212,4643792.770787869,1.2,233,12,2,121-4,[]
TX,360.922269481,294782.827578587,4644781.105893144,1.2,918,12,2,202-28,[]
TX,360.931036759,291717.005535356,4642163.974479964,1.2,123,12,2,109-20,[]
TX,360.952094202,273714.892119475,4630631.427951107,1.2,1392,12,2,268-17,[]
TX,361.163478769,294558.258102663,4643355.160662224,1.2,1738,12,2,311-3,[]
TX,361.201160869,291127.990430281,4641239.321882774,1.2,80,10,2,105-17,[]
TX,361.348740053,291920.013115143,4642586.777200315,1.2,2131,12,2,367-9,[]
TX,361.521320888,292466.164404005,4637296.378410346,1.2,1330,12,2,259-20,[]
TX,361.542170323,292530.920799192,4641892.634529271,1.2,2651,12,2,84-18,[]
TX,361.592663528,290737.507539701,4642906.743014555,1.2,544,12,2,152-8,[]
TX,361.603864903,289452.523927283,4635058.890509696,1.2,187,12,2,113-13,[]
TX,361.661076695,289991.585544831,4641595.331334512,1.2,2430,7,2,61-29,[]
TX,361.730771597,291221.786385841,4641302.90354922,1.2,2372,9,2,55-21,"[['RX_GW', 362.102537541, 2372, 9, 2, 868.1, -127.327966913, '00:00:00:00:00:02']]"
TX,361.771603588,289697.056186615,4645671.233197707,1.2,515,12,2,150-7,[]
TX,361.845204139,289859.886873199,4638388.201110155,1.2,1481,12,2,279-27,[]
TX,361.868764292,291441.268225958,4636441.109627464,1.2,1187,12,2,24-26,[]
TX,361.951498975,288758.772723753,4642581.164883633,1.2,2541,11,2,72-29,[]
TX,362.116559282,292408.542223835,4637352.0990438,1.2,328,12,2,130-5,[]
TX,362.564637217,288179.982253011,4643889.459033356,1.2,1527,12,2,287-27,[]
TX,362.787412682,292946.978764553,4644327.453500546,1.2,1348,12,2,261-14,[]
TX,363.043917243,281150.563421242,4632716.66961506,1.2,2736,12,2,95-26,[]
TX,363.108146242,291012.8026179,4641814.0364082,1.2,2618,10,2,82-10,"[['RX_GW', 363.767656412, 2618, 10, 2, 868.1, -131.859921246, '00:00:00:00:00:02']]"
TX,363.31323562,289935.67215794,4634393.409809308,1.2,79,12,2,104-7,[]
TX,363.374028326,296132.762603029,4643127.882680449,1.2,2624,9,2,82-24,[]
TX,363.531175082,294137.59784532,4647413.915073081,1.2,2566,12,2,75-27,[]
TX,363.714063404,289327.898287183,4634318.695873102,1.2,2447,12,2,66-21,[]
TX,363.762990561,291931.749301085,4642579.436178895,1.2,791,12,2,186-13,[]
TX,363.847506231,289449.563075284,4646133.577161242,1.2,1343,12,2,260-7,[]
TX,363.856918408,290697.928915208,4641289.143154302,1.2,2037,7,2,353-30,[]
TX,363.924698889,290519.490083377,4641365.35045201,1.2,1428,7,2,270-23,[]
TX,363.929818206,291951.272105052,4642589.009652663,1.2,2089,12,2,362-19,[]
TX,363.93087049,293764.57016154,4641451.659380586,1.2,1044,12,2,223-28,[]
TX,364.116714048,293127.254407099,4642307.827778501,1.2,2597,12,2,8-19,[]
TX,364.16025569,286396.259576172,4641703.834051592,1.2,1377,12,2,266-24,[]
TX,364.161642467,299729.608801955,4630070.424486614,1.2,438,12,2,141-22,[]
TX,364.24468361,291033.855344789,4644024.95941742,1.2,462,12,2,147-11,[]
TX,364.32942112,292363.302246589,4641994.940526987,1.2,1968,12,2,341-3,[]
TX,364.388594999,291042.107050597,4644009.41907971,1.2,35,12,2,101-24,[]
TX,364.444860384,294083.44703472,4646779.271868101,1.2,729,12,2,179-20,[]
TX,364.558730333,293062.299392753,4642342.570172084,1.2,2517,12,2,71-3,[]
TX,364.590456483,292475.700090254,4641381.936820943,1.2,697,12,2,173-25,[]
TX,364.704744951,292266.164334862,4641960.960196896,1.2,1158,12,2,239-22,[]
TX,364.883637293,291488.720457747,4641984.836750872,1.2,1196,10,2,24-7,[]
TX,364.940449966,291159.274765559,4641968.070925645,1.2,1784,10,2,320-13,[]
TX,365.293774603,294961.391831406,4642707.020158928,1.2,1466,9,2,275-19,[]
TX,365.611637537,301074.710764522,4635967.935444605,1.2,2188,12,2,41-10,[]
TX,365.636642219,290089.123354925,4640899.972509945,1.2,930,7,2,204-12,[]
TX,365.71388564,286895.600689384,4640881.49983129,1.2,2208,12,2,42-27,[]
TX,365.738451698,294384.418588424,4643081.698100531,1.2,614,12,2,160-7,[]
TX,365.792952877,282389.304608231,4636715.728743642,1.2,2503,12,2,71-15,[]
TX,365.837108583,288057.160828563,4639092.67717388,1.2,312,12,2,130-13,[]
TX,365.852103658,286001.287168593,4634423.296726441,1.2,775,12,2,184-13,[]
TX,365.936845122,292391.914147698,4643087.242108944,1.2,1624,12,2,303-17,[]
TX,366.016278478,295117.973174154,4642698.444822005,1.2,2646,8,2,84-13,[]
TX,366.053590072,299511.208924243,4633782.894220032,1.2,1419,12,2,270-10,[]
TX,366.257795284,293386.4564398,4640739.127000052,1.2,2039,12,2,353-5,[]
TX,366.321847288,290865.220875944,4642263.079226016,1.2,2388,12,2,56-25,[]
TX,366.339389165,291868.984094352,4642545.214531805,1.2,2661,12,2,84-29,[]
TX,366.358801212,293120.707645983,4649793.859599208,1.2,2147,12,2,369-5,[]
TX,366.520508333,290863.719223187,4642270.66274109,1.2,1641,12,2,305-13,[]
TX,366.547116451,291987.302067812,4643710.74048044,1.2,664,12,2,167-3,[]
TX,366.644146062,296015.454271971,4641678.380429599,1.2,2593,7,2,8-15,"[['RX_GW', 366.759140591, 2593, 7, 2, 868.1, -98.738488053, '00:00:00:00:00:04']]"
TX,366.704773874,295079.861414116,4642764.362414924,1.2,2045,7,2,356-8,[]
TX,366.89342991,291412.224139928,4647982.78403215,1.2,1180,12,2,24-18,[]
TX,366.985523885,293519.780863792,4643973.937807452,1.2,319,12,2,130-22,[]
TX,367.107091717,291126.655838397,4641420.155910517,1.2,1838,9,2,330-12,[]
TX,367.374448706,289455.071179977,4635441.932713063,1.2,2728,12,2,95-1,[]
TX,367.374969837,285485.142817866,4641071.504001825,1.2,1475,12,2,279-10,[]
TX,367.399943258,289887.540446883,4641941.302436523,1.2,625,7,2,162-28,[]
TX,367.439605182,290658.720292689,4640614.719885245,1.2,3,7,2,100-13,[]
TX,367.494305767,291113.625068848,4641126.302906017,1.2,1277,9,2,253-25,[]
TX,367.65865846,292276.83194001,4642011.612453154,1.2,598,12,2,159-18,[]
TX,367.806913063,271454.003224688,4630513.202295041,1.2,2137,12,2,368-20,[]
TX,367.945121551,290446.838553028,4641383.342560012,1.2,651,7,2,163-5,[]
TX,368.017945328,291742.533700484,4642039.490031257,1.2,632,11,2,163-11,[]
TX,368.152501826,292188.860161508,4643527.81445422,1.2,2171,12,2,39-22,[]
TX,368.240037624,290230.220500723,4641472.392096329,1.2,1989,7,2,347-25,[]
TX,368.567669982,291467.093699325,4642255.123522874,1.2,1658,11,2,305-6,[]
TX,368.582974184,290551.967775659,4643008.86891521,1.2,111,12,2,109-1,[]
TX,368.638189136,290391.585456756,4635320.038778314,1.2,2191,12,2,41-13,[]
TX,368.66490595,273718.969829275,4630625.436766098,1.2,401,12,2,14-18,[]
TX,368.795954308,292717.904512996,4642040.746582568,1.2,1372,12,2,264-7,[]
TX,368.959929049,291343.349957932,4636341.185705834,1.2,2715,12,2,93-20,[]
TX,369.052343839,292179.257973106,4637090.312455528,1.2,2417,12,2,59-3,[]
TX,369.352998731,291870.8409321,4642566.770106209,1.2,564,12,2,155-2,[]
TX,369.578136647,292015.992255821,4642616.021399973,1.2,745,12,2,181-23,[]
TX,369.654391129,273678.76829765,4630642.926655821,1.2,615,12,2,162-1,[]
TX,369.769610016,290179.119717281,4635342.522038863,1.2,388,12,2,139-11,[]
TX,369.881926169,290700.698048551,4641318.00350603,1.2,2036,7,2,353-3,[]
TX,369.896254891,289151.363823568,4642595.784273121,1.2,1444,11,2,273-4,[]
TX,370.033490661,294970.927544486,4643400.578279494,1.2,405,12,2,14-3,[]
TX,370.08379494,291023.252581559,4644007.03435794,1.2,2500,12,2,71-12,[]
TX,370.197486267,289406.530434568,4645433.41634466,1.2,508,12,2,150-21,[]
TX,370.259323697,291123.858707386,4641185.118680495,1.2,1150,9,2,239-12,[]
TX,370.501720874,292752.479633458,4636373.931145645,1.2,502,12,2,149-5,[]
TX,370.74532126,291491.149036388,4642505.490896853,1.2,498,12,2,149-16,[]
TX,370.83523104,290982.950139382,4640898.207653078,1.2,1911,7,2,337-13,[]
TX,370.877149314,292605.573622018,4641991.380287902,1.2,2769,12,2,97-28,[]
TX,370.925680262,286748.969649044,4645121.036623647,1.2,1522,12,2,287-22,[]
TX,370.935358642,291058.979421306,4644041.647639959,1.2,1356,12,2,262-10,[]
TX,371.098126841,283054.726191931,4632876.021393589,1.2,138,12,2,11-17,[]
TX,371.833970317,292838.227568596,4642210.740960573,1.2,1279,12,2,253-28,[]
TX,371.862856827,284042.961201939,4640234.750899434,1.2,38,12,2,101-28,[]
TX,372.026863819,295541.564797213,4645524.885942425,1.2,402,12,2,14-19,[]
TX,372.195414766,292676.622831971,4643703.655875295,1.2,20,12,2,100-7,[]
TX,372.255682363,289954.23585431,4634419.690586099,1.2,1850,12,2,330-4,[]
TX,372.286727506,286681.99949656,4645120.008746005,1.2,542,12,2,152-27,[]
TX,372.351992838,288377.418640799,4637276.881559245,1.2,815,12,2,188-3,[]
TX,372.379345272,290602.49795072,4633568.894541973,1.2,1137,12,2,237-28,[]
TX,372.423585948,291899.883078514,4641339.534974069,1.2,481,12,2,148-21,[]
TX,372.60465402,295138.049017445,4642694.796373476,1.2,2767,8,2,97-26,[]
TX,372.805829699,289255.969175384,4642507.923830627,1.2,1704,12,2,31-18,[]
TX,372.822904797,291300.926545802,4641988.328222552,1.2,2672,12,2,85-14,[]
TX,372.878561567,291966.046008514,4643688.274858532,1.2,964,12,2,21-14,[]
TX,372.950958141,273692.44835423,4630636.964468542,1.2,2596,12,2,8-18,[]
TX,372.955988577,290810.457313958,4642275.641414279,1.2,1671,10,2,308-12,[]
TX,373.228499841,291535.005864125,4642158.184224583,1.2,2763,12,2,97-22,[]
TX,373.379164027,292128.444609784,4640834.149274044,1.2,1138,12,2,237-8,[]
TX,373.608916069,291522.789509311,4642069.449456484,1.2,1678,12,2,308-26,[]
TX,373.644905211,290030.248180051,4645860.69114734,1.2,1761,12,2,317-18,[]
TX,373.646457708,291893.473087596,4642576.306901522,1.2,1599,12,2,298-5,[]
TX,373.726158971,293323.201582803,4644286.52252501,1.2,2197,12,2,41-28,[]
TX,373.734227548,290730.988567814,4647058.492254069,1.2,1395,12,2,268-20,[]
TX,373.769167365,292891.884283339,4642205.776919848,1.2,2168,12,2,39-10,[]
TX,373.791764172,297536.601286844,4640925.724165695,1.2,1870,10,2,332-5,[]
TX,373.951463316,292689.085327621,4642110.362382485,1.2,2655,12,2,84-21,[]
TX,373.994615853,288349.839377088,4642479.971344011,1.2,182,12,2,112-6,[]
TX,374.005104992,289225.97386084,4642068.118198969,1.2,705,9,2,174-4,[]
TX,374.296205972,292713.295314409,4641826.094937461,1.2,527,12,2,151-28,[]
TX,374.33565591,292306.136308594,4637660.367605321,1.2,546,12,2,153-1,[]
TX,374.341268771,290470.125877826,4640623.765448858,1.2,2233,7,2,44-12,[]
TX,374.493261681,290705.410290531,4641298.333891658,1.2,2668,7,2,85-10,[]
TX,374.526736325,296516.597228901,4643812.615196101,1.2,1050,12,2,226-13,[]
TX,374.532560163,291955.174717101,4642597.382439439,1.2,145,12,2,11-4,[]
TX,374.602450942,288187.159120376,4642507.330016183,1.2,1177,12,2,24-14,[]
TX,374.677043545,291569.246197998,4642088.811318145,1.2,2217,12,2,43-19,[]
TX,374.712469764,290509.605024192,4639983.808329741,1.2,2053,9,2,357-5,[]
TX,374.718354662,289940.484341612,4634395.129014887,1.2,1733,12,2,311-17,[]
TX,374.745668318,295586.161055867,4645585.51215201,1.2,1029,12,2,222-13,[]
TX,374.884719458,287842.593680342,4638481.092057818,1.2,1242,12,2,246-25,[]
TX,375.181262841,291605.132303519,4640993.889596043,1.2,858,10,2,195-4,[]
TX,375.214770498,295526.393469447,4642407.620514493,1.2,700,7,2,174-17,[]
TX,375.366887481,289934.260134826,4634403.866503962,1.2,2560,12,2,75-20,[]
TX,375.404249005,291918.19212393,4642589.388446968,1.2,878,12,2,198-22,[]
TX,375.478385303,299744.441772378,4630056.370902188,1.2,987,12,2,214-5,[]
TX,375.516578614,291996.433939854,4643713.429867642,1.2,2565,12,2,75-26,[]
TX,375.5482309,291845.790731122,4642551.586226612,1.2,948,12,2,206-27,[]
TX,375.707908849,291182.336751816,4641306.22720395,1.2,2008,8,2,349-19,[]
TX,376.295330167,290667.761452948,4641292.852817421,1.2,448,7,2,143-26,"[['RX_GW', 376.410326365, 448, 7, 2, 868.1, -121.918643132, '00:00:00:00:00:02']]"
TX,376.487082681,293053.390168669,4644013.400097715,1.2,1427,12,2,270-22,[]
TX,376.544132636,298251.72050358,4644897.756278316,1.2,2416,12,2,59-20,[]
TX,377.243558417,289625.633936217,4643507.79952819,1.2,2179,12,2,40-11,[]
TX,377.36308189,291943.029816072,4634311.178659149,1.2,556,12,2,153-4,[]
TX,377.413539055,292734.723644759,4642285.79080613,1.2,1248,12,2,248-20,[]
TX,377.495967192,272367.950016381,4629929.786755824,1.2,996,12,2,215-23,[]
TX,377.593825681,293707.067220144,4645350.03795102,1.2,105,12,2,107-23,[]
TX,377.773173267,292536.378739769,4641905.679717419,1.2,1889,12,2,335-16,[]
TX,377.806334813,290688.607596499,4641305.552239855,1.2,285,7,2,128-1,[]
TX,377.819245336,293837.330533704,4640791.094671521,1.2,2619,11,2,82-11,[]
TX,377.930702223,291952.823140731,4642598.26714038,1.2,2732,12,2,95-18,[]
TX,378.173177811,290732.847085294,4641175.18305866,1.2,365,7,2,137-5,[]
TX,378.301819448,290193.76005157,4643839.673481071,1.2,134,12,2,109-5,[]
TX,378.504796874,295703.62755514,4642552.56128115,1.2,2601,7,2,8-4,[]
TX,378.564913741,273760.954771413,4630433.577163465,1.2,1471,12,2,275-4,[]
TX,378.637367732,290989.622201257,4639061.335643025,1.2,1031,12,2,222-24,[]
TX,378.66379078,291841.859249856,4641931.991781764,1.2,25,12,2,101-13,[]
TX,378.686639128,295654.070019969,4645550.056936514,1.2,1847,12,2,330-27,[]
TX,378.794305387,289791.419065778,4641765.391453656,1.2,106,7,2,107-24,[]
TX,378.838103451,269652.896554986,4628480.903717611,1.2,717,12,2,176-25,[]
TX,378.867183228,290545.838248989,4640986.380215765,1.2,1047,7,2,226-10,[]
TX,378.957747676,290308.462980915,4647109.201931864,1.2,152,12,2,110-13,[]
TX,379.090506448,291000.491297591,4641962.480648229,1.2,306,10,2,129-25,[]
TX,379.230997696,273705.725834362,4630708.159683565,1.2,1534,12,2,287-8,[]
TX,379.355519317,290883.276757279,4644271.147675944,1.2,315,12,2,130-18,[]
TX,379.360405481,291607.763381815,4641417.904382103,1.2,1097,10,2,231-3,[]
TX,379.433695477,289222.304739893,4642515.931908691,1.2,2380,11,2,56-12,[]
TX,379.635912767,291032.70125521,4640560.425431166,1.2,1990,7,2,347-26,[]
TX,379.686607118,290572.396517084,4642298.040219916,1.2,2590,9,2,79-4,[]
TX,379.810037426,290683.969216892,4641292.571409721,1.2,1546,7,2,29-12,[]
TX,379.843564255,275375.058860512,4631426.540180885,1.2,684,12,2,172-17,[]
TX,379.902609276,292277.941340585,4641978.924095252,1.2,2463,12,2,67-5,[]
TX,379.961784739,287388.926505976,4630692.861743946,1.2,1788,12,2,320-26,[]
TX,380.034523904,291239.664630463,4639675.791625776,1.2,406,11,2,14-4,[]
TX,380.047119317,292119.28129597,4643204.424105455,1.2,1467,12,2,275-2,[]
TX,380.087039625,289948.936330937,4634407.179089716,1.2,473,12,2,148-10,[]
TX,380.314173035,289225.034142683,4642051.624210381,1.2,2111,9,2,363-7,[]
TX,380.38561609,294370.549597698,4643074.813617307,1.2,1219,12,2,244-23,[]
TX,380.402253696,290753.570194029,4644502.088904377,1.2,1438,12,2,270-8,[]
TX,380.521639445,273691.716588172,4630617.375596532,1.2,368,12,2,138-11,[]
TX,380.532669927,290680.021662129,4641294.345558044,1.2,52,7,2,102-3,[]
TX,380.576848697,290202.779293243,4646782.363928327,1.2,908,12,2,202-11,[]
TX,380.68534401,277585.408427823,4632396.982140749,1.2,1991,12,2,347-27,[]
TX,380.779283023,292137.197656882,4643131.469497658,1.2,882,12,2,198-27,[]
TX,380.784750377,292384.751227749,4637304.844864147,1.2,322,12,2,130-25,[]
TX,381.113720308,291965.661215839,4642592.411810152,1.2,2474,12,2,68-6,[]
TX,381.205104646,295624.559535085,4645564.601615685,1.2,2281,12,2,47-24,[]
TX,381.299241319,291641.067489694,4644614.579697051,1.2,611,12,2,160-4,[]
TX,381.625620896,292672.621167292,4641797.174594723,1.2,1092,12,2,231-22,[]
TX,381.6593155,291685.977289221,4641481.4099139,1.2,1715,12,2,31-30,[]
TX,381.706405889,290854.712270477,4638444.75043923,1.2,1297,12,2,254-27,[]
TX,381.706431432,287905.752888614,4634491.975059765,1.2,2322,12,2,50-28,[]
TX,382.065695331,295126.788331179,4642702.63994438,1.2,340,8,2,131-27,[]
TX,382.353332618,287907.495729451,4643924.970884187,1.2,385,12,2,138-8,[]
TX,382.485497867,290509.630471511,4634656.208647897,1.2,521,12,2,151-21,[]
TX,382.54705578,295134.601643013,4642690.343193453,1.2,487,8,2,148-27,[]
TX,382.550220725,292066.963145665,4640543.930886012,1.2,1276,12,2,253-24,[]
TX,382.769712815,289714.5231019,4635236.267819627,1.2,1892,12,2,335-20,[]
TX,382.850373275,291068.614704256,4644048.027861591,1.2,901,12,2,201-22,[]
TX,382.956095211,291125.229626382,4642468.619720154,1.2,2440,12,2,62-26,[]
TX,383.464161701,286994.222394263,4640996.790771702,1.2,2448,12,2,66-3,[]
TX,383.525651086,295124.025874352,4642725.490339818,1.2,467,7,2,147-25,"[['RX_GW', 383.640648485, 467, 7, 2, 868.1, -122.772593295, '00:00:00:00:00:04']]"
TX,383.711664886,296711.42704988,4635032.884755965,1.2,320,12,2,130-23,[]
TX,383.743295793,292507.586089952,4637231.70279578,1.2,2318,12,2,50-24,[]
TX,383.824639691,292672.631348435,4643690.168272045,1.2,1697,12,2,31-11,[]
TX,383.874209705,291984.958842,4643711.610598709,1.2,2396,12,2,56-7,[]
TX,383.901434128,291162.686368897,4643247.109517281,1.2,1090,12,2,231-20,[]
TX,383.997776532,290074.646997722,4641524.185867554,1.2,1956,7,2,340-28,[]
TX,384.074245233,292389.842197605,4637293.970442543,1.2,274,12,2,127-17,[]
TX,384.106719757,289221.130919143,4642077.05635534,1.2,1611,9,2,3-28,[]
TX,384.189378904,292757.103967641,4640824.632987408,1.2,1748,12,2,313-28,[]
TX,384.773282198,291069.154869625,4641935.210405109,1.2,2228,9,2,43-5,[]
TX,384.785547616,292440.846521098,4641386.959179264,1.2,185,12,2,113-11,[]
TX,384.846862317,291135.720156132,4641951.625917972,1.2,669,10,2,169-10,[]
TX,385.026234704,293261.692598255,4639502.74763666,1.2,1865,12,2,332-26,[]
TX,385.054643152,293636.162023391,4643463.163857976,1.2,77,12,2,104-5,[]
TX,385.065110674,291025.129544343,4641956.766401916,1.2,825,9,2,19-6,[]
TX,385.092912697,284071.261216818,4643171.516752464,1.2,1802,12,2,322-1,[]
TX,385.127717724,287901.970149968,4643983.235035736,1.2,1109,12,2,232-3,[]
TX,385.143567812,271621.833437283,4630622.946426146,1.2,1792,12,2,320-9,[]
TX,385.16374746,291961.469310614,4642573.258866089,1.2,2770,12,2,97-3,[]
TX,385.218244599,287820.609852677,4639251.014888002,1.2,1308,12,2,256-12,[]
TX,385.289713691,292092.02783581,4642633.232713615,1.2,128,12,2,109-27,[]
TX,385.316626561,290657.169411513,4640619.787444077,1.2,2158,7,2,371-26,[]
TX,385.359539348,287904.082607203,4643948.571427069,1.2,811,12,2,187-6,[]
TX,385.368770612,291688.976095873,4640073.587018877,1.2,1093,12,2,231-24,[]
TX,385.378439015,289827.045555689,4638591.992244205,1.2,1285,12,2,254-14,[]
TX,385.397628179,290949.743212744,4642002.267299904,1.2,782,10,2,185-20,[]
TX,385.465338858,293389.777074612,4641519.449124723,1.2,1904,12,2,336-4,[]
TX,385.63892474,288558.442356583,4637564.264113661,1.2,1408,12,2,269-19,[]
TX,385.713167577,295147.199142015,4642755.725124809,1.2,786,7,2,185-6,[]
TX,385.892074995,291064.096848758,4644058.516498631,1.2,64,12,2,103-3,[]
TX,385.955701385,273691.526079179,4630600.759959905,1.2,846,12,2,194-23,[]
TX,386.510628262,289467.053020088,4643910.557284696,1.2,1208,12,2,242-12,[]
TX,386.517749488,292333.387222842,4642048.238718021,1.2,678,12,2,171-23,[]
TX,386.739456166,293917.064838888,4639445.088916007,1.2,1727,12,2,310-29,[]
TX,386.79435912,290469.975297117,4635468.608501155,1.2,1569,12,2,291-5,[]
TX,387.171191238,295116.789949232,4642698.479493182,1.2,1328,8,2,259-18,[]
TX,387.232358934,291943.680922086,4641702.862278802,1.2,160,12,2,110-28,[]
TX,387.258316379,273694.746215345,4630628.445604924,1.2,628,12,2,162-4,[]
TX,387.268212585,290356.032785118,4641447.474254254,1.2,1796,7,2,321-21,[]
TX,387.391348837,299746.439272322,4630059.74665084,1.2,581,12,2,158-10,[]
TX,387.432590786,278663.837315803,4632485.582896254,1.2,244,12,2,124-16,[]
TX,387.812014396,289935.643854097,4637963.955507313,1.2,1087,12,2,231-14,[]
TX,387.812338066,282392.917221601,4632810.659124029,1.2,2200,12,2,42-10,[]
TX,387.969162046,288840.194560414,4641814.474678743,1.2,2058,8,2,358-12,"[['RX_GW', 388.176576326, 2058, 8, 2, 868.1, -126.603492594, '00:00:00:00:00:02']]"
TX,388.039672239,289226.090892611,4642070.667536303,1.2,584,9,2,158-13,[]
TX,388.17855253,273644.808831928,4630664.937631078,1.2,1202,12,2,241-24,[]
TX,388.480762852,291573.556114769,4640980.716655044,1.2,2139,10,2,368-4,"[['RX_GW', 389.140273785, 2139, 10, 2, 868.1, -132.210474724, '00:00:00:00:00:02']]"
TX,388.767945314,290670.008048996,4641927.72018889,1.2,1709,7,2,31-24,[]
TX,388.835822084,289359.908836154,4634339.148827074,1.2,813,12,2,188-20,[]
TX,388.836085038,291043.102779425,4640474.802625332,1.2,594,9,2,158-9,[]
TX,388.989211325,289608.366523752,4643577.462917732,1.2,2745,12,2,96-19,[]
TX,389.036772564,273707.393723785,4630610.482525631,1.2,1284,12,2,254-13,[]
TX,389.158609917,293711.478640644,4645354.421340112,1.2,802,12,2,187-18,[]
TX,389.244814887,287911.771577178,4644099.154626922,1.2,1857,12,2,332-13,[]
TX,389.511953125,291897.35570515,4642568.126206215,1.2,2071,12,2,358-5,[]
TX,389.796942834,292746.485558687,4641892.159233577,1.2,1131,12,2,237-12,[]
TX,389.974495954,291851.263669294,4642577.170971873,1.2,1790,12,2,320-28,[]
TX,389.999841352,285690.725450836,4649821.995332173,1.2,626,12,2,162-29,[]
TX,390.002503216,291948.373602151,4642586.182883187,1.2,2628,12,2,82-28,[]
TX,390.054588882,291992.951084066,4643710.388995869,1.2,2705,12,2,91-6,[]
TX,390.363836895,287970.184786206,4634527.339064059,1.2,2302,12,2,48-8,[]
TX,390.49852479,292373.826517984,4641798.26675837,1.2,1614,12,2,301-12,[]
TX,390.553088577,301144.163430234,4640692.353743412,1.2,1370,12,2,264-5,[]
TX,390.55930216,290716.99696019,4642159.973991074,1.2,179,9,2,112-30,[]
TX,390.839292312,289186.509878707,4643003.126857357,1.2,2662,12,2,84-3,[]
TX,390.906968735,292840.911166878,4641928.397715934,1.2,2650,12,2,84-17,[]
TX,390.944636199,287736.079972915,4643432.379033367,1.2,1204,12,2,241-26,[]
TX,390.956115758,290686.949479563,4641311.002665307,1.2,1340,7,2,260-4,[]
TX,391.053256363,290476.692055677,4640621.843843678,1.2,723,7,2,178-5,[]
TX,391.068317945,289840.868523958,4641914.117026742,1.2,1864,7,2,332-25,[]
TX,391.191933913,290575.174905393,4643874.362160347,1.2,1441,12,2,273-19,[]
TX,391.224638801,289546.740682028,4642591.245960735,1.2,911,11,2,202-14,[]
TX,391.275339743,291090.774815224,4643472.49821459,1.2,2050,12,2,357-20,[]
TX,391.307089977,292371.795345343,4641995.126141185,1.2,2294,12,2,48-12,[]
TX,391.340823599,291180.905750115,4641319.984119555,1.2,2445,8,2,66-19,[]
TX,391.38014314,271851.752470931,4630651.508542228,1.2,1560,12,2,290-20,[]
TX,391.380320853,295143.594161565,4642700.29260667,1.2,2107,8,2,363-27,[]
TX,391.409030105,290666.334789363,4641287.429688087,1.2,530,7,2,151-5,[]
TX,391.454572242,292165.744070037,4641781.549333675,1.2,63,12,2,103-29,[]
TX,391.536198035,292074.610125957,4641792.701019723,1.2,803,12,2,187-19,[]
TX,391.6167394,289136.629678215,4642458.32210199,1.2,1341,11,2,260-5,[]
TX,391.65401484,290955.171252529,4644789.540203301,1.2,181,12,2,112-5,[]
TX,391.875124517,290999.219039621,4641879.290320835,1.2,1384,9,2,267-12,[]
TX,392.002924127,292709.236270608,4637162.820841047,1.2,1470,12,2,275-3,[]
TX,392.198911054,291869.745948577,4642556.135520197,1.2,885,12,2,199-12,[]
TX,392.214349109,291991.428681018,4643710.413632575,1.2,395,12,2,139-26,[]
TX,392.398482661,290812.771939775,4643139.545688358,1.2,478,12,2,148-18,[]
TX,392.437829241,297981.338166154,4642036.052291328,1.2,2177,12,2,39-28,[]
TX,392.447407511,289459.166639319,4643118.19676887,1.2,32,12,2,101-2,[]
TX,392.83508413,289860.727469289,4641697.457661517,1.2,1958,7,2,340-4,[]
TX,393.210946978,291207.903365867,4631942.914624082,1.2,1303,12,2,254-6,[]
TX,393.222375455,293194.244059292,4640193.075305706,1.2,721,12,2,178-3,[]
TX,393.336367687,295169.400009415,4637591.896188604,1.2,699,12,2,173-27,[]
TX,393.390312124,293170.528329615,4640549.32695761,1.2,2393,12,2,56-4,[]
TX,393.391858993,289512.108363044,4642803.563787599,1.2,2022,10,2,351-19,[]
TX,393.478247096,291473.946805103,4642058.61558709,1.2,520,12,2,151-20,[]
TX,393.564289233,290901.066930004,4642264.986048547,1.2,1069,10,2,226-8,[]
TX,393.565817702,287802.70403928,4631750.548488172,1.2,1929,12,2,339-19,[]
TX,393.596955822,290959.004791478,4639067.027884698,1.2,2421,12,2,60-17,[]
TX,393.636679745,291598.097881674,4640978.636399712,1.2,2021,10,2,351-18,[]
TX,393.729438212,285755.293716435,4634089.149853315,1.2,1562,12,2,290-3,[]
TX,393.876331771,291872.496289159,4636210.707794436,1.2,980,12,2,214-18,[]
TX,393.966588338,299550.283462327,4647945.303726678,1.2,2328,12,2,50-6,[]
TX,393.985347965,290719.647660586,4641302.662522945,1.2,1123,7,2,234-21,[]
TX,394.183318646,291428.90803638,4642060.756044214,1.2,951,10,2,206-9,[]
TX,394.35372063,285698.279465841,4633557.688968003,1.2,747,12,2,181-25,[]
TX,394.711625829,301461.474110039,4645396.497638946,1.2,2496,12,2,70-6,[]
TX,394.749036279,290990.617017878,4640926.638045484,1.2,2577,7,2,76-23,[]
TX,394.849961819,287923.171408955,4643538.863124277,1.2,928,12,2,204-10,[]
TX,394.914971385,291989.483715679,4643720.204290492,1.2,225,12,2,121-17,[]
TX,394.940321508,291075.209849533,4641069.223276592,1.2,1379,9,2,266-26,[]
TX,395.121145767,287331.451911781,4645741.907452749,1.2,1529,12,2,287-3,[]
TX,395.314208641,289224.531866767,4642072.205016036,1.2,1619,9,2,301-24,[]
TX,395.320026037,297760.474348603,4636657.811643439,1.2,1115,12,2,233-12,[]
TX,395.415453607,291922.409687297,4642581.178492568,1.2,287,12,2,128-18,[]
TX,395.82582629,291525.604403498,4641466.079945161,1.2,2115,11,2,367-14,[]
TX,395.882464329,290723.571789745,4644567.879329904,1.2,1234,12,2,245-28,[]
TX,395.921343884,294956.634700371,4647144.510893675,1.2,2687,12,2,88-14,[]
TX,396.02493588,292791.35303297,4642769.424287065,1.2,1725,12,2,310-20,[]
TX,396.197276767,292641.462453183,4642036.38453928,1.2,361,12,2,137-29,[]
TX,396.242970513,293321.827244436,4644269.345447841,1.2,2691,12,2,88-27,[]
TX,396.258968036,292959.675305833,4643934.64422699,1.2,1652,12,2,305-25,[]
TX,396.548974048,285639.491467042,4641240.98464737,1.2,1732,12,2,310-7,[]
TX,396.602263392,290416.060134242,4641809.110022045,1.2,302,7,2,129-13,[]
TX,396.650376572,291238.587347448,4641252.581490903,1.2,2410,9,2,58-4,[]
TX,396.711098697,295117.794253223,4642703.38211576,1.2,1331,8,2,259-21,"[['RX_GW', 396.918512053, 1331, 8, 2, 868.1, -125.929524406, '00:00:00:00:00:04']]"
TX,396.908662094,294863.011340432,4638887.354710097,1.2,1587,12,2,294-27,[]
TX,397.149089751,292670.44924912,4640529.507630923,1.2,898,12,2,201-11,[]
TX,397.304832479,292728.043369403,4641857.247000284,1.2,783,12,2,185-3,[]
TX,397.404794318,273698.813985801,4630623.021599855,1.2,447,12,2,143-25,[]
TX,397.498978053,292739.633160153,4642044.682511024,1.2,2647,12,2,84-14,[]
TX,397.690338862,292568.163950241,4643001.188937051,1.2,2264,12,2,46-4,[]
TX,397.75612669,291307.425937523,4641410.197766941,1.2,1160,10,2,239-24,[]
TX,397.803404217,290454.40283585,4642874.351487379,1.2,1595,12,2,298-20,[]
TX,398.039034072,287118.549175395,4636557.263256209,1.2,434,12,2,141-11,[]
TX,398.159411582,290818.981066631,4642285.931297515,1.2,633,10,2,163-12,[]
TX,398.401631438,301801.635296831,4643838.195107851,1.2,2495,12,2,70-5,[]
TX,398.573404174,290082.786622173,4641528.087525019,1.2,2091,7,2,362-3,"[['RX_GW', 398.688399773, 2091, 7, 2, 868.1, -112.600460177, '00:00:00:00:00:02']]"
TX,398.704252,290971.644289168,4643235.992996527,1.2,489,12,2,148-3,[]
TX,398.79528092,294407.321769163,4642793.703865475,1.2,2540,11,2,72-28,[]
TX,398.80327385,295097.239254184,4642706.419025072,1.2,468,8,2,147-26,[]
TX,398.892786434,287579.988212728,4633414.119786061,1.2,1483,12,2,28-10,[]
TX,398.946186307,292393.652214363,4641920.209804998,1.2,876,12,2,198-13,[]
TX,398.999584344,291109.9375769,4642468.134226845,1.2,1637,12,2,305-1,[]
TX,399.103739939,292165.751821742,4643997.573550177,1.2,1946,12,2,340-12,[]
TX,399.155548452,291483.277454795,4642060.371231772,1.2,671,12,2,169-26,[]
TX,399.24189205,273655.378722948,4630684.108762493,1.2,2047,12,2,357-17,[]
TX,399.325586313,291894.853597496,4641963.318046585,1.2,2,11,2,100-12,[]
TX,399.35798075,290177.29295656,4641000.791510441,1.2,1057,7,2,226-22,[]
TX,399.410336279,291870.890230256,4642557.3922471,1.2,453,12,2,145-14,[]
TX,399.468280661,291848.478581317,4642245.703205688,1.2,2100,12,2,363-16,[]
TX,399.935834312,292300.698337892,4637664.044335862,1.2,1261,12,2,249-7,[]
TX,399.937724093,290729.863213191,4642212.52747306,1.2,325,10,2,130-28,[]
TX,399.984032803,286441.513451825,4644460.708557447,1.2,1382,12,2,267-10,[]
TX,400.273818791,291475.973243543,4639031.948101237,1.2,2595,12,2,8-17,[]
TX,400.401681681,291541.409262998,4642075.557992891,1.2,2192,12,2,41-14,[]
TX,400.536533758,292566.052796972,4641350.229427014,1.2,1139,12,2,237-9,[]
TX,400.646849207,292405.26822291,4637333.880496177,1.2,24,12,2,101-12,[]
TX,400.684681635,292132.126725099,4641847.092635478,1.2,1494,12,2,281-3,[]
TX,400.701495734,294213.533741611,4645073.143015741,1.2,2337,12,2,51-16,[]
TX,400.705424871,275869.314814438,4632087.202131514,1.2,2588,12,2,79-20,[]
TX,400.72853065,292792.928233555,4642142.777234615,1.2,760,12,2,182-18,[]
TX,400.772035557,291104.961855449,4642463.555870443,1.2,892,12,2,200-14,[]
TX,400.913390335,273717.628650061,4630649.686443219,1.2,1988,12,2,347-24,[]
TX,400.940382766,291439.71035353,4642027.711538408,1.2,418,12,2,140-18,[]
TX,401.187175294,291532.302296484,4640974.723695037,1.2,510,9,2,150-3,[]
TX,401.31424339,290507.657355712,4640904.637003855,1.2,1829,7,2,326-20,[]
TX,401.346406864,296174.574410057,4639331.030770544,1.2,988,12,2,214-6,[]
TX,401.423284644,294026.015443993,4644505.848458475,1.2,732,12,2,179-30,[]
TX,401.452379575,289601.790275032,4643159.345413384,1.2,232,12,2,121-30,[]
TX,401.492699336,291864.531510978,4641965.979233739,1.2,1868,12,2,332-3,[]
TX,401.51138862,291342.508823574,4642013.276087211,1.2,2676,11,2,87-11,[]
TX,401.735409707,292660.916166139,4641767.692850395,1.2,945,12,2,206-24,[]
TX,401.76016809,292146.629085081,4642966.5562241,1.2,2124,12,2,367-28,[]
TX,401.806781733,289945.977275308,4634407.176882125,1.2,2434,12,2,61-5,[]
TX,402.056217295,291098.029343508,4643459.51801417,1.2,57,12,2,103-1,[]
TX,402.127350731,291831.585636313,4642546.956409305,1.2,2544,12,2,72-5,[]
TX,402.240503328,291619.040413978,4641736.921736893,1.2,880,11,2,198-25,[]
TX,402.254529345,291880.704699412,4642561.178485571,1.2,2677,12,2,87-12,[]
TX,402.314109525,292664.951563613,4641777.405776487,1.2,1729,12,2,310-30,[]
TX,402.376969491,291045.341276245,4642329.325300244,1.2,1900,12,2,336-19,[]
TX,402.43188603,292988.812768857,4642280.760916327,1.2,2350,12,2,51-4,[]
TX,402.455604118,294395.987128471,4642711.777959474,1.2,2627,10,2,82-27,[]
TX,402.471261428,292308.667857198,4642052.150543559,1.2,793,12,2,186-23,[]
TX,402.533894222,291232.274462101,4639735.595656919,1.2,883,11,2,198-28,[]
TX,402.584566777,290204.341758096,4641471.701644761,1.2,2529,7,2,72-15,[]
TX,402.616664131,295137.459778958,4642708.367871813,1.2,2305,8,2,49-11,[]
TX,402.946294134,291648.92108716,4642120.775405631,1.2,1189,12,2,24-28,[]
TX,403.040685539,291525.587015222,4641533.115467605,1.2,2028,9,2,353-1,[]
TX,403.181852483,291468.569514864,4642361.469067512,1.2,2568,12,2,75-5,[]
TX,403.329467305,292530.566235676,4642901.176627371,1.2,1058,12,2,226-23,[]
TX,403.352514173,291612.377564281,4641418.465481994,1.2,1578,10,2,293-3,[]
TX,403.536045152,293293.740050431,4643991.335234825,1.2,2724,12,2,93-4,[]
TX,403.649556947,288180.127357854,4643894.658196568,1.2,1023,12,2,221-22,[]
TX,403.650798366,294127.563972629,4647415.166127181,1.2,2383,12,2,56-17,[]
TX,403.705930976,273695.986044437,4630615.713091524,1.2,1298,12,2,254-28,[]
TX,403.789876123,291065.879981084,4644028.178278,1.2,1545,12,2,29-11,[]
TX,403.822230098,291043.881990465,4644017.266147443,1.2,777,12,2,184-26,[]
TX,403.91523636,290674.574722457,4641291.873592669,1.2,1622,7,2,301-27,[]
TX,403.956588417,292544.114845767,4641873.376368154,1.2,770,12,2,182-7,[]
TX,404.125058434,285514.072514932,4633252.919478606,1.2,1632,12,2,304-19,[]
TX,404.186850531,293455.073262975,4643368.519543633,1.2,236,12,2,121-7,[]
TX,404.386766827,291312.786619582,4642010.342055568,1.2,2485,12,2,7-7,[]
TX,404.633236138,283936.091212791,4632951.288051892,1.2,278,12,2,127-20,[]
TX,404.6790473,292571.537872822,4641393.390414941,1.2,2453,12,2,67-15,[]
TX,404.777680876,291243.668632153,4641238.16936015,1.2,2405,9,2,58-17,[]
TX,404.897353705,295140.520839205,4640709.572739135,1.2,866,7,2,197-20,[]
TX,404.900104925,291586.762693612,4642662.618408059,1.2,552,12,2,153-21,[]
TX,405.173329358,290996.100457881,4639050.233279414,1.2,1032,12,2,222-27,[]
TX,405.268941439,271822.48442219,4630672.165066924,1.2,1934,12,2,339-26,[]
TX,405.270877936,292673.822624403,4643719.305911603,1.2,2532,12,2,72-18,[]
TX,405.297939151,290586.752942853,4643062.282604448,1.2,371,12,2,138-18,[]
TX,405.325128203,291645.307555045,4638392.407250882,1.2,1353,12,2,261-28,[]
TX,405.386238016,289992.774228809,4637691.28336355,1.2,165,12,2,111-14,[]
TX,405.570741402,292675.08851369,4642372.272098185,1.2,2766,12,2,97-25,[]
TX,405.574756429,290330.844311738,4643687.962373755,1.2,977,12,2,211-27,[]
TX,405.878523717,292775.479725437,4641225.896917715,1.2,1089,12,2,231-18,[]
TX,405.92182037,289488.230173441,4635071.797735387,1.2,1947,12,2,340-13,[]
TX,405.980279149,290859.484290411,4642263.087148281,1.2,2175,12,2,39-26,[]
TX,406.083041505,290197.778213147,4635356.685731946,1.2,1249,12,2,248-21,[]
TX,406.117675684,291492.427280238,4642515.730179517,1.2,186,12,2,113-12,[]
TX,406.135578134,295042.262403929,4642854.54496464,1.2,119,8,2,109-17,[]
TX,406.150177856,295124.088363003,4642696.424999558,1.2,854,8,2,195-19,[]
TX,406.215393671,290318.396625793,4641434.962138823,1.2,814,7,2,188-21,[]
TX,406.490164163,291050.489367227,4644046.036362195,1.2,133,12,2,109-4,[]
TX,406.531206028,292530.081864428,4643808.355649928,1.2,455,12,2,145-25,[]
TX,406.695507462,292603.666861459,4643919.104989436,1.2,780,12,2,185-18,[]
TX,406.696336913,291048.126440115,4644024.426565981,1.2,176,12,2,112-21,[]
TX,406.752170879,291722.990722768,4642154.576873477,1.2,1460,12,2,274-7,[]
TX,406.774371284,285868.99020006,4643370.76707238,1.2,1042,12,2,223-26,[]
TX,406.887086038,284472.418618308,4632921.682276747,1.2,1278,12,2,253-26,[]
TX,406.935046737,295146.128711709,4642733.561078466,1.2,323,7,2,130-26,"[['RX_GW', 407.050044124, 323, 7, 2, 868.1, -122.713533891, '00:00:00:00:00:04']]"
TX,406.954403263,292017.15797334,4643035.122062958,1.2,2553,12,2,73-7,[]
TX,406.964686148,289988.347285341,4637704.685261063,1.2,599,12,2,159-19,[]
TX,407.02430144,289448.55919144,4641740.762973077,1.2,2454,7,2,67-16,"[['RX_GW', 407.139298171, 2454, 7, 2, 868.1, -118.257114851, '00:00:00:00:00:02']]"
TX,407.297583879,288815.316913694,4641804.950656883,1.2,572,8,2,157-17,"[['RX_GW', 407.504998204, 572, 8, 2, 868.1, -126.777907717, '00:00:00:00:00:02']]"
TX,407.540327782,290657.204253263,4641308.898040806,1.2,2254,7,2,45-7,"[['RX_GW', 407.655323975, 2254, 7, 2, 868.1, -121.884259789, '00:00:00:00:00:02']]"
TX,407.63301625,291185.545196895,4641318.261983534,1.2,2061,8,2,358-17,[]
TX,407.667691008,292316.088484616,4642055.557138108,1.2,935,12,2,204-24,[]
TX,407.721112939,291859.735334255,4642559.235317807,1.2,2173,12,2,39-24,[]
TX,407.723931749,291436.594097547,4641318.577098942,1.2,1041,9,2,223-25,[]
TX,408.107547559,293247.229676229,4640223.80372696,1.2,979,12,2,214-1,[]
TX,408.117867825,290030.13776396,4641537.457644376,1.2,2094,7,2,362-7,[]
TX,408.228397431,288904.4528996,4643045.38274961,1.2,2675,11,2,87-10,[]
TX,408.297982712,287925.210246498,4643283.532957484,1.2,2609,12,2,80-6,[]
TX,408.40562535,286710.172044385,4645132.408600749,1.2,1387,12,2,267-24,[]
TX,408.863738316,287400.753191466,4641203.691625271,1.2,1660,12,2,306-15,[]
TX,408.890350792,290838.67706628,4642274.31886437,1.2,2681,12,2,87-25,[]
TX,409.159542644,290187.072127519,4643361.433098096,1.2,1442,12,2,273-20,[]
TX,409.173352554,289718.615256511,4647166.195253244,1.2,2165,12,2,372-27,[]
TX,409.40107315,290074.899123207,4642395.659863775,1.2,2411,9,2,58-5,[]
TX,409.409753469,292207.870073617,4642682.32939116,1.2,2494,12,2,70-4,[]
TX,409.589599956,289211.316085158,4642072.685410673,1.2,703,9,2,174-20,[]
TX,409.772295779,289318.861090101,4634317.512428143,1.2,812,12,2,187-7,[]
TX,410.21009688,273692.11788792,4630623.776961281,1.2,2195,12,2,41-26,[]
TX,410.688835978,290064.791451734,4642395.780557971,1.2,2689,9,2,88-23,"[['RX_GW', 411.06060246, 2689, 9, 2, 868.1, -129.49013891, '00:00:00:00:00:02']]"
TX,410.887227131,293752.84081945,4644252.60047962,1.2,2451,12,2,66-6,[]
TX,410.895892141,292816.963726011,4642795.40968646,1.2,1424,12,2,270-19,[]
TX,410.941431465,293709.848576637,4645352.554733513,1.2,2722,12,2,93-3,[]
TX,411.163861437,291470.556036106,4641022.154956069,1.2,470,9,2,147-28,"[['RX_GW', 411.535628025, 470, 9, 2, 868.1, -128.650126941, '00:00:00:00:00:02']]"
TX,411.192755546,271649.296741547,4629213.613088843,1.2,1821,12,2,324-28,[]
TX,411.221962688,289333.685084096,4634592.313787286,1.2,1819,12,2,324-24,[]
TX,411.225213691,290322.512956861,4640879.539568311,1.2,2298,7,2,48-25,[]
TX,411.331639168,291805.35746302,4642560.675436848,1.2,2774,12,2,97-7,[]
TX,411.369833278,291019.996170725,4644036.103297579,1.2,749,12,2,181-27,[]
TX,411.711144722,291470.488741694,4642353.254806643,1.2,42,12,2,101-5,[]
TX,411.975429977,291044.918423052,4644059.202498952,1.2,37,12,2,101-26,[]
TX,412.019281616,291731.739508071,4642794.384071168,1.2,2520,12,2,71-5,[]
TX,412.022915903,276411.272884524,4626963.138845452,1.2,1272,12,2,253-11,[]
TX,412.046482229,288182.641772487,4643895.438269647,1.2,2427,12,2,61-19,[]
TX,412.074078487,289789.689041636,4645719.934630278,1.2,734,12,2,181-10,[]
TX,412.352973238,286709.393032817,4645119.764674884,1.2,238,12,2,122-19,[]
TX,412.42414442,291184.12269878,4641310.907616654,1.2,2108,8,2,363-28,[]
TX,412.593528504,292767.389725766,4642168.451930291,1.2,2049,12,2,357-19,[]
TX,412.598858953,292336.597707047,4642039.902369834,1.2,249,12,2,124-26,[]
TX,412.745236329,293748.146617177,4645290.658354092,1.2,2717,12,2,93-25,[]
TX,412.870287787,273655.237034565,4630693.543770444,1.2,1516,12,2,287-14,[]
TX,412.988055854,290000.905863236,4642947.267426291,1.2,1374,11,2,266-11,[]
TX,413.083359226,293867.162805114,4640150.328428209,1.2,2666,12,2,84-6,[]
TX,413.088725064,290259.849746746,4647123.472770413,1.2,2533,12,2,72-19,[]
TX,413.17175686,291015.254355031,4641802.922031181,1.2,88,10,2,106-11,[]
TX,413.373617045,290944.364920021,4641210.219603715,1.2,92,7,2,106-22,[]
TX,413.63117505,292453.161035661,4641829.060384595,1.2,2428,12,2,61-20,[]
TX,413.845578407,290709.797234998,4641304.712434636,1.2,334,7,2,131-11,[]
TX,414.07757637,291764.25565143,4641033.200400026,1.2,192,10,2,113-27,[]
TX,414.152564232,290866.303634405,4642261.318991737,1.2,1496,12,2,282-18,[]
TX,414.305896607,286710.017696482,4645120.037150942,1.2,1391,12,2,267-28,[]
TX,414.315445243,282778.327843047,4635265.407999879,1.2,1144,12,2,238-25,[]
TX,414.439329326,289679.339670005,4638747.543840721,1.2,2640,12,2,83-3,[]
TX,414.489384402,291810.762786039,4642301.500695565,1.2,1618,12,2,301-23,[]
TX,414.654508473,293241.610845205,4640211.073830498,1.2,1701,12,2,31-15,[]
TX,414.698906977,291921.314727528,4642575.104409185,1.2,2547,12,2,73-29,[]
TX,414.721257634,294040.40406714,4642825.461894085,1.2,2437,12,2,62-11,[]
TX,414.813224385,292310.570738758,4642049.97343874,1.2,293,12,2,128-3,[]
TX,414.879812172,290225.91466803,4640009.437937864,1.2,2213,8,2,43-13,[]
TX,414.99190376,284480.958163802,4632934.48497063,1.2,1059,12,2,226-24,[]
TX,415.422791271,273692.943409398,4630650.380711325,1.2,962,12,2,21-12,[]
TX,415.681340533,296533.509391012,4645847.354983248,1.2,259,12,2,125-13,[]
TX,415.711332747,290930.317639939,4643937.987955603,1.2,1224,12,2,244-28,[]
TX,415.924238309,292945.849255382,4642300.244608496,1.2,1162,12,2,239-26,[]
TX,416.341903744,287769.712365366,4637355.953553468,1.2,2399,12,2,57-11,[]
TX,416.417540799,290852.082522455,4642269.126050437,1.2,1503,12,2,282-6,[]
TX,416.60578974,291110.528670126,4643704.463867827,1.2,2727,12,2,93-7,[]
TX,416.659912071,290949.497996558,4639028.456764034,1.2,686,12,2,172-19,[]
TX,416.7435041,273674.892717379,4630702.987963847,1.2,1588,12,2,294-28,[]
TX,416.920444165,292372.728333819,4644008.432602895,1.2,960,12,2,21-10,[]
TX,417.058644413,283319.331230724,4632885.058610301,1.2,1311,12,2,256-15,[]
TX,417.324832855,291729.545654256,4642162.795603612,1.2,2683,12,2,87-27,[]
TX,417.328116237,289341.853481014,4640518.231698094,1.2,1227,7,2,245-12,[]
TX,417.479391561,290895.367287591,4642022.11132793,1.2,2223,10,2,43-27,[]
TX,417.500644509,271671.664305591,4630674.67643056,1.2,1375,12,2,266-13,[]
TX,417.569734557,290752.187050552,4641514.762098579,1.2,1001,8,2,215-8,[]
TX,417.984911992,290638.804463774,4646623.659212055,1.2,1780,12,2,318-6,[]
TX,417.993122617,292823.139393186,4641945.763733095,1.2,2385,12,2,56-20,[]
TX,418.381609551,287696.69785153,4642100.605376476,1.2,178,12,2,112-3,[]
TX,418.432007534,292666.485671451,4641784.375078241,1.2,477,12,2,148-17,[]
TX,418.466833749,287429.053561471,4634247.510244734,1.2,2224,12,2,43-28,[]
TX,418.561105912,292327.922379542,4642038.724872425,1.2,2734,12,2,95-2,[]
TX,418.568246339,297277.76516828,4646220.299189972,1.2,214,12,2,12-18,[]
TX,418.570857148,295035.286294141,4638064.168065622,1.2,363,12,2,137-30,[]
TX,418.594932635,293565.817771677,4642139.751008907,1.2,370,11,2,138-13,"[['RX_GW', 420.075693422, 370, 11, 2, 868.1, -134.784923407, '00:00:00:00:00:04']]"
TX,418.726662313,289646.814813079,4643503.910858401,1.2,2747,12,2,96-21,[]
TX,418.996236201,291125.544582405,4641459.226437424,1.2,511,9,2,150-30,[]
TX,419.001272954,288471.343582065,4642431.648506978,1.2,873,12,2,198-10,[]
TX,419.050728934,291231.09102634,4641298.621330219,1.2,1648,10,2,305-2,[]
TX,419.105707239,290826.199420001,4636923.003268207,1.2,1765,12,2,317-3,[]
TX,419.322545699,290481.211372871,4640727.61808348,1.2,2116,7,2,367-17,[]
TX,419.435461423,291696.402036709,4640137.689129897,1.2,2334,10,2,51-13,[]
TX,419.544551778,292745.032361574,4642100.953125289,1.2,1079,12,2,229-4,[]
TX,419.609460094,288955.017914466,4642632.328193056,1.2,436,11,2,141-13,[]
TX,419.632536707,290732.046109804,4641519.874344879,1.2,1366,8,2,264-19,[]
TX,419.779446431,290384.097926521,4641821.457264263,1.2,505,7,2,150-17,[]
TX,419.917002494,291967.125125456,4642595.545584038,1.2,144,12,2,11-3,[]
TX,419.947618486,291707.336461771,4642749.728469152,1.2,2516,12,2,71-29,[]
TX,419.990357175,291189.15490942,4644892.450273595,1.2,1953,12,2,340-25,[]
TX,420.038992674,291739.815935353,4642808.931163156,1.2,1193,12,2,24-4,[]
TX,420.18722447,294469.720015604,4641327.925318602,1.2,1520,8,2,287-20,"[['RX_GW', 420.394638276, 1520, 8, 2, 868.1, -126.575139614, '00:00:00:00:00:04']]"
TX,420.226355924,291032.698314082,4644048.808685054,1.2,829,12,2,190-17,[]
TX,420.276852311,291046.392383479,4641931.83515047,1.2,1975,9,2,344-2,[]
TX,420.484155209,290780.566375552,4640271.395438762,1.2,433,9,2,141-10,[]
TX,420.519833701,273684.983370193,4630637.513980523,1.2,1491,12,2,28-27,[]
TX,420.566749481,291091.326966089,4642359.050382755,1.2,647,12,2,163-28,[]
TX,420.623793202,292451.344841157,4641533.704506058,1.2,2306,12,2,49-8,[]
TX,421.043160975,293528.612665991,4642101.807615059,1.2,2269,12,2,47-11,[]
TX,421.105192803,292185.134011246,4642222.991672351,1.2,1849,12,2,330-3,[]
TX,421.194368163,292327.207168197,4642052.043032176,1.2,1759,12,2,317-16,[]
TX,421.317931134,273692.631165041,4630615.051547823,1.2,1928,12,2,339-18,[]
TX,421.391868998,292781.3740162,4642169.998681318,1.2,1895,12,2,335-5,[]
TX,421.507493011,291231.962704047,4642277.317412168,1.2,1361,12,2,262-9,[]
TX,421.756458857,273661.41748603,4630680.841078949,1.2,2207,12,2,42-26,[]
TX,422.025383279,295106.972870716,4645229.469469442,1.2,2080,12,2,361-20,[]
TX,422.054700341,291814.840750264,4642874.690551529,1.2,1998,12,2,348-20,[]
TX,422.058734767,290354.580016019,4641428.438159829,1.2,1950,7,2,340-18,[]
TX,422.107199947,291181.093181504,4641937.705632191,1.2,272,11,2,126-9,[]
TX,422.444507417,290656.408926931,4646621.490257139,1.2,2522,12,2,71-7,[]
TX,422.510352614,292589.618052907,4641498.480857987,1.2,247,12,2,124-21,[]
TX,422.541082497,291092.593971001,4641960.639745699,1.2,1258,9,2,249-3,[]
TX,422.597059587,292630.648945634,4641771.955141919,1.2,1275,12,2,253-14,[]
TX,422.660814268,290356.636319897,4641438.950136269,1.2,2274,7,2,47-16,[]
TX,422.797337716,288087.50470791,4645571.681370194,1.2,76,12,2,104-4,[]
TX,422.819224157,292518.028743613,4641901.46556948,1.2,836,12,2,190-30,[]
TX,422.909534863,290450.230467914,4639204.308255675,1.2,2535,10,2,72-21,[]
TX,423.065576166,291765.365996752,4642640.995806466,1.2,855,12,2,195-20,[]
TX,423.100695537,291664.376050922,4642108.098484308,1.2,2629,12,2,82-3,[]
TX,423.326510555,291812.665763174,4642487.88437404,1.2,1185,12,2,24-24,[]
TX,423.391054573,292779.446411762,4642165.88349246,1.2,16,12,2,100-3,[]
TX,423.392741096,290825.590737097,4636930.745217401,1.2,1125,12,2,234-4,[]
TX,423.473612658,291676.80480487,4641288.125907864,1.2,903,12,2,201-24,[]
TX,423.679470321,290861.060913292,4642273.576091793,1.2,1501,12,2,282-4,[]
TX,423.680791742,290552.368506378,4643201.651934659,1.2,2222,12,2,43-25,[]
TX,423.917878766,289942.656909783,4634416.721126938,1.2,2044,12,2,356-28,[]
TX,424.030810533,290982.356731766,4639053.738401465,1.2,2145,12,2,369-21,[]
TX,424.184506577,290344.065507153,4637081.467696484,1.2,207,12,2,119-13,[]
TX,424.300860717,291594.535766156,4642678.509244639,1.2,131,12,2,109-3,[]
TX,424.734421083,291027.930883868,4641958.145775631,1.2,1699,9,2,31-13,[]
TX,424.750034513,292686.689689013,4641828.383075917,1.2,1469,12,2,275-21,[]
TX,424.801851855,291586.771790573,4639897.411550846,1.2,1240,12,2,246-22,[]
TX,424.843911635,289248.791392387,4638757.365172711,1.2,1129,12,2,237-10,[]
TX,424.92923087,292410.979406018,4641887.566863216,1.2,1250,12,2,248-3,[]
TX,424.94975714,292772.450186019,4641534.441358917,1.2,1674,12,2,308-22,[]
TX,425.06754914,290828.184787587,4639358.970037828,1.2,1064,11,2,226-3,[]
TX,425.15121436,286691.856890438,4641706.706607274,1.2,188,12,2,113-14,[]
TX,425.187240075,290420.85462349,4639731.831898049,1.2,268,9,2,126-13,[]
TX,425.229389253,273712.564963844,4630618.0265884,1.2,2404,12,2,57-8,[]
TX,425.345812645,289512.226381624,4644179.259479329,1.2,541,12,2,152-26,[]
TX,425.424439187,292604.75588195,4637191.421961659,1.2,2674,12,2,85-28,[]
TX,425.485914509,291939.936421966,4642584.955007792,1.2,550,12,2,153-2,[]
TX,425.501987346,294398.621149417,4645740.669324672,1.2,694,12,2,172-6,[]
TX,425.651194483,291845.818096485,4642817.309067819,1.2,2308,12,2,50-1,[]
TX,425.79156411,291279.227104242,4642368.152333735,1.2,398,12,2,14-15,[]
TX,426.06180429,292069.485635975,4640662.251371142,1.2,916,12,2,202-26,[]
TX,426.078217571,292764.140713003,4641354.717756528,1.2,2009,12,2,349-20,[]
TX,426.111158866,291994.841971819,4641732.044433903,1.2,421,12,2,140-20,[]
TX,426.143737509,292517.695224531,4642817.104436529,1.2,2621,12,2,82-13,[]
TX,426.155879945,291324.748832771,4633992.916872636,1.2,2186,12,2,40-27,[]
TX,426.197935261,292081.865431998,4640535.185898028,1.2,1873,12,2,332-8,[]
TX,426.284250598,292630.007776921,4641339.498290971,1.2,99,12,2,107-10,[]
TX,426.886769543,295173.610886322,4642739.282824886,1.2,2759,7,2,97-18,[]
TX,426.986038056,295125.738116554,4642730.035455572,1.2,2603,7,2,8-6,[]
TX,427.14967483,290485.21993204,4640831.85343926,1.2,592,7,2,158-28,[]
TX,427.392518344,292689.625732651,4641818.172853244,1.2,1102,12,2,231-8,[]
TX,427.540309351,301219.966436732,4645176.026195657,1.2,121,12,2,109-19,[]
TX,427.613077246,293302.248143492,4644311.901604036,1.2,1532,12,2,287-6,[]
TX,427.705365438,273696.891906245,4630611.208465934,1.2,1926,12,2,339-14,[]
TX,427.711887545,293713.131472941,4645353.183938211,1.2,2260,12,2,46-19,[]
TX,427.711955539,290691.706125701,4635728.762473528,1.2,1400,12,2,268-5,[]
TX,428.006639263,273672.853255346,4630679.751207631,1.2,1978,12,2,344-29,[]
TX,428.117684253,281679.857316145,4632759.95686535,1.2,610,12,2,160-3,[]
TX,428.311669696,295939.40459303,4636546.075563228,1.2,349,12,2,137-16,[]
TX,428.319478766,285379.653784124,4633147.581771358,1.2,206,12,2,119-12,[]
TX,428.331556857,290127.182146397,4636891.404441367,1.2,1613,12,2,301-11,[]
TX,428.430799333,286669.94113796,4645067.780073159,1.2,668,12,2,167-7,[]
TX,428.552726847,292418.629338498,4643560.074814085,1.2,695,12,2,172-7,[]
TX,428.561667802,273697.858059722,4630698.260775352,1.2,1479,12,2,279-14,[]
TX,428.698899325,289290.073578467,4644420.077023384,1.2,2483,12,2,7-5,[]
TX,428.871537987,293701.651930097,4644272.832300168,1.2,1415,12,2,269-4,[]
TX,428.880885433,293527.108313411,4641010.059678341,1.2,2105,12,2,363-25,[]
TX,428.886497293,289183.664934333,4642515.109638453,1.2,1718,11,2,31-6,"[['RX_GW', 430.36725674, 1718, 11, 2, 868.1, -133.755912025, '00:00:00:00:00:02']]"
TX,428.946434436,289330.476556141,4634311.950085474,1.2,2174,12,2,39-25,[]
TX,428.996142223,288106.3234601,4641345.916201859,1.2,2248,10,2,45-29,[]
TX,429.205827424,291572.218616763,4640983.072008984,1.2,376,10,2,138-25,[]
TX,429.213715538,291385.420276959,4641409.598585355,1.2,2673,10,2,85-27,[]
TX,429.225885794,287208.930498731,4635334.400106747,1.2,1232,12,2,245-26,[]
TX,429.287531568,294880.912773802,4642655.117918217,1.2,1474,9,2,275-7,[]
TX,429.526459208,290027.963574991,4640702.628847664,1.2,528,7,2,151-3,[]
TX,429.554829694,291210.345227946,4640411.40981552,1.2,1603,8,2,3-11,[]
TX,429.993565302,292525.523331039,4642919.419158349,1.2,533,12,2,151-8,[]
TX,430.138397507,292221.028652212,4643547.874842063,1.2,580,12,2,157-7,[]
TX,430.348620519,288843.661092347,4643630.165643711,1.2,431,12,2,140-6,[]
TX,430.632932685,291904.009070731,4641664.433287055,1.2,2470,12,2,68-29,[]
TX,430.666266442,290101.847847041,4642422.1771058,1.2,863,9,2,197-17,[]
TX,430.856969182,290867.532133539,4642273.279039688,1.2,563,12,2,155-19,[]
TX,430.871109281,292188.744452826,4642172.981471349,1.2,1626,12,2,303-20,[]
TX,430.884939801,292803.273098936,4641978.301052943,1.2,2293,12,2,48-11,[]
TX,431.029143389,290240.612424541,4635213.843631288,1.2,284,12,2,127-7,[]
TX,431.030414203,293614.245437888,4651058.741505837,1.2,1355,12,2,261-9,[]
TX,431.097533847,291747.672985025,4639646.760088498,1.2,2608,12,2,80-5,[]
TX,431.422121705,290478.49692419,4640634.612255236,1.2,1839,7,2,330-14,[]
TX,431.428980614,291666.430352606,4642118.543415072,1.2,243,12,2,124-15,[]
TX,432.074015323,288956.881841492,4636757.117660385,1.2,169,12,2,111-28,[]
TX,432.144884,291670.909083046,4642149.771402291,1.2,2351,12,2,51-5,[]
TX,432.198160605,291930.927991195,4639144.407914075,1.2,917,12,2,202-27,[]
TX,432.326546306,291839.951820396,4641910.328411371,1.2,600,12,2,159-20,[]
TX,432.33929517,291521.783014624,4642065.275090242,1.2,2384,12,2,56-19,[]
TX,432.353982316,282901.450331137,4632858.076189609,1.2,1485,12,2,28-12,[]
TX,432.526170686,292306.509417158,4651178.556665834,1.2,1332,12,2,259-3,[]
TX,432.604606966,291705.765739908,4642128.927462856,1.2,2230,12,2,43-7,[]
TX,432.742111715,294356.512990663,4642738.293617198,1.2,1836,11,2,330-10,"[['RX_GW', 434.222870885, 1836, 11, 2, 868.1, -134.98682825, '00:00:00:00:00:04']]"
TX,432.833163529,291685.238144664,4642124.914168416,1.2,2637,12,2,83-2,[]
TX,432.865578518,291493.515655616,4647261.224300363,1.2,725,12,2,178-7,[]
TX,432.927589508,291989.61392982,4643706.016013226,1.2,378,12,2,138-27,[]
TX,433.005865452,289234.754602589,4642073.514100996,1.2,10,9,2,100-22,[]
TX,433.157279307,288878.889867364,4640033.814825791,1.2,1238,8,2,246-13,[]
TX,433.317659776,290084.938614764,4640915.485720087,1.2,2112,7,2,367-11,"[['RX_GW', 433.43265371, 2112, 7, 2, 868.1, -85.851247445, '00:00:00:00:00:02']]"
TX,433.507065891,291811.249622618,4639285.887054848,1.2,2242,12,2,45-17,[]
TX,433.772740545,293222.626032929,4642652.890073114,1.2,955,12,2,209-14,[]
TX,433.882643864,298734.872119908,4636226.25518104,1.2,295,12,2,128-4,[]
TX,433.968961676,289945.143017951,4634408.418589746,1.2,1981,12,2,344-5,[]
TX,433.972124479,290380.026636851,4641808.227569994,1.2,2464,7,2,68-1,[]
TX,434.01910749,292895.669386051,4642200.250793482,1.2,2657,12,2,84-25,[]
TX,434.221414599,296673.205558693,4634483.967210876,1.2,606,12,2,160-19,[]
TX,434.248985309,291392.445839926,4643126.114683553,1.2,587,12,2,158-23,[]
TX,434.256543402,292670.979847152,4643712.032224831,1.2,2020,12,2,351-17,[]
TX,434.412684103,289224.713311467,4642068.620056879,1.2,2635,9,2,82-9,[]
TX,434.844143984,288972.753022708,4642605.043730858,1.2,779,11,2,185-17,[]
TX,434.965719685,291056.522283477,4643352.263314437,1.2,1779,12,2,318-5,[]
TX,434.981406674,293529.000709068,4641585.6759818,1.2,575,12,2,157-20,[]
TX,435.181783821,292548.231348156,4641848.702821723,1.2,2255,12,2,46-1,[]
TX,435.409930768,290332.510540543,4636226.173481907,1.2,2346,12,2,51-26,[]
TX,435.449913854,291710.529092817,4642780.246127126,1.2,2561,12,2,75-21,[]
TX,435.460912761,289358.067733554,4634303.57333193,1.2,2101,12,2,363-19,[]
TX,435.463892907,290672.589117823,4641296.67702838,1.2,1488,7,2,28-24,[]
TX,435.633726557,291177.969188598,4641381.429272377,1.2,741,9,2,181-19,[]
TX,435.640719725,290349.294273793,4635209.321947274,1.2,1633,12,2,304-20,[]
TX,435.748966399,298862.919249545,4644419.043755814,1.2,833,12,2,190-21,[]
TX,435.908507186,292661.651121564,4641768.444341278,1.2,2015,12,2,349-4,[]
TX,435.927189471,288416.803074452,4642395.927067369,1.2,440,12,2,141-24,[]
TX,435.960409022,288769.926663778,4642590.460926272,1.2,2190,11,2,41-12,[]
TX,436.097820013,292323.948258676,4642053.570437131,1.2,1723,12,2,310-19,[]
TX,436.284160355,292477.630575937,4643508.007776802,1.2,1365,12,2,264-18,[]
TX,436.513009845,289066.096270323,4638754.64715903,1.2,2189,12,2,41-11,[]
TX,436.680944617,279860.218793243,4632602.732539261,1.2,1414,12,2,269-30,[]
TX,436.798555688,288287.223036043,4634841.597251949,1.2,1211,12,2,242-27,[]
TX,436.840457598,295609.634917486,4645559.328643081,1.2,1434,12,2,270-4,[]
TX,436.882596967,288973.208971469,4642612.26908816,1.2,1458,11,2,274-30,[]
TX,436.926743394,286586.095419364,4634470.034508596,1.2,2214,12,2,43-16,[]
TX,436.937413577,292163.375161549,4643612.448269899,1.2,972,12,2,211-13,[]
TX,436.96889311,290170.183348296,4641371.332867304,1.2,1304,7,2,254-7,[]
TX,437.042325587,291835.736356227,4642494.624990974,1.2,2420,12,2,60-14,[]
TX,437.053401711,289017.368676826,4641910.216977539,1.2,1024,8,2,221-24,[]
TX,437.068357346,288002.256903205,4634562.459538163,1.2,1203,12,2,241-25,[]
TX,437.073572887,286559.892252984,4641817.419747107,1.2,221,12,2,12-4,[]
TX,437.09121492,289332.249226902,4634310.295805476,1.2,1018,12,2,220-28,[]
TX,437.204258887,291743.884571476,4641675.787459917,1.2,45,12,2,102-1,[]
TX,437.252356301,271513.086673913,4630595.118695401,1.2,1812,12,2,322-7,[]
TX,437.414834998,289320.428117001,4639763.226756501,1.2,1244,9,2,246-28,[]
TX,437.50340189,295121.210907429,4642732.827617136,1.2,1794,7,2,321-19,[]
TX,437.721527198,292968.223224689,4642891.311235321,1.2,2142,12,2,369-18,[]
TX,437.982640988,273034.539237395,4629899.833697528,1.2,1920,12,2,338-5,[]
TX,438.073835308,291230.806379887,4642280.861121913,1.2,72,12,2,104-19,[]
TX,438.168489835,294201.761840672,4650475.184829473,1.2,2146,12,2,369-4,[]
TX,438.296701818,292333.404456432,4642039.686855877,1.2,2027,12,2,351-7,[]
TX,438.337380439,291917.491833788,4640518.021164988,1.2,834,12,2,190-29,[]
TX,438.400515384,295137.149158412,4642686.860444044,1.2,13,8,2,100-26,"[['RX_GW', 438.607928659, 13, 8, 2, 868.1, -125.537502171, '00:00:00:00:00:04']]"
TX,438.408284065,271581.68196469,4630137.303318108,1.2,1984,12,2,347-10,[]
TX,438.668623945,289443.37247135,4646156.885967558,1.2,2545,12,2,72-6,[]
TX,438.861276581,292729.933373456,4641838.823834935,1.2,75,12,2,104-3,[]
TX,439.136533053,294157.678185646,4640428.09495589,1.2,816,12,2,188-4,[]
TX,439.356125714,290833.226676798,4642267.900501378,1.2,407,12,2,14-6,[]
TX,439.365100081,293342.531622603,4651800.609370403,1.2,2507,12,2,71-19,[]
TX,439.457511815,284944.299565555,4642821.735065991,1.2,2092,12,2,362-5,[]
TX,439.667952138,292179.554123141,4641892.99492016,1.2,2126,12,2,367-4,[]
TX,440.063022504,290685.218492271,4641297.718792126,1.2,2243,7,2,45-18,[]
TX,440.222441371,292244.360706793,4642097.903430354,1.2,292,12,2,128-29,[]
TX,440.229351999,287684.246857538,4634341.468199782,1.2,1677,12,2,308-25,[]
TX,440.265621163,290292.159842702,4647015.609671036,1.2,1222,12,2,244-26,[]
TX,440.347450905,291203.442902462,4641248.543792245,1.2,1027,10,2,221-9,[]
TX,440.497711287,290733.968140037,4642905.711421356,1.2,1816,12,2,324-10,[]
TX,440.548845696,291124.86305352,4641154.863869896,1.2,1604,7,2,3-12,[]
TX,440.743956708,290887.29782868,4640715.043323693,1.2,1767,8,2,317-5,[]
TX,441.13410148,291286.329727369,4641402.52685705,1.2,2490,10,2,70-2,[]
TX,441.136466677,290640.714574241,4641085.833280736,1.2,2114,7,2,367-13,[]
TX,441.181078146,287464.591728315,4641213.618430728,1.2,807,12,2,187-3,[]
TX,441.39073006,273683.236834608,4630717.415906949,1.2,2064,12,2,358-21,[]
TX,441.637282957,292325.561788679,4642057.204534807,1.2,1708,12,2,31-21,[]
TX,441.681465714,299778.587763863,4630312.048663112,1.2,417,12,2,140-17,[]
TX,441.846617895,293333.604883118,4639542.385382051,1.2,1861,12,2,332-21,[]
TX,441.997961685,292543.471536816,4642937.192041134,1.2,1124,12,2,234-3,[]
TX,442.113821595,292642.721185499,4642006.015381198,1.2,2573,12,2,76-11,[]
TX,442.201623133,291528.42174103,4642077.668050346,1.2,2684,12,2,87-28,[]
TX,442.284433533,291905.211259893,4642604.267203949,1.2,2584,12,2,76-9,[]
TX,442.384745174,291728.797617887,4642147.751551198,1.2,2559,12,2,75-19,[]
TX,442.439574857,289790.360374106,4635454.773151754,1.2,2576,12,2,76-22,[]
TX,442.491741131,291734.192637214,4638630.710470819,1.2,1505,12,2,284-10,[]
TX,442.572636226,291860.471973333,4642565.602793771,1.2,1412,12,2,269-29,[]
TX,442.602126303,289877.71969305,4642982.317572607,1.2,1454,12,2,274-20,[]
TX,442.641541604,283693.234769621,4640212.52104998,1.2,1634,12,2,304-21,[]
TX,442.659955472,290657.791656948,4641181.759797611,1.2,2695,7,2,91-17,[]
TX,442.66174709,295635.087117997,4645558.378067847,1.2,2284,12,2,47-27,[]
TX,442.6980054,285081.388751616,4633386.86515564,1.2,2442,12,2,62-28,[]
TX,442.732541123,271843.5995598,4630655.238289509,1.2,2057,12,2,358-11,[]
TX,442.762819037,293940.699131145,4648867.340552137,1.2,2348,12,2,51-28,[]
TX,443.022609947,291121.91079495,4641147.151818173,1.2,93,7,2,106-23,[]
TX,443.127887427,290413.024951868,4641810.245607208,1.2,535,7,2,152-10,[]
TX,443.152727612,295070.615930136,4642852.144997889,1.2,2329,8,2,50-7,[]
TX,443.261472766,289974.344516359,4637451.095266487,1.2,601,12,2,159-21,[]
TX,443.360191312,298012.281267815,4632569.300363484,1.2,286,12,2,128-17,[]
TX,443.575592138,292806.382712541,4641311.568997812,1.2,1163,12,2,239-27,[]
TX,443.618843043,291712.335882668,4642812.752897343,1.2,2508,12,2,71-2,[]
TX,443.62477937,299741.343456492,4630064.131486886,1.2,986,12,2,214-4,[]
TX,443.637023702,291419.701697687,4642063.638473897,1.2,792,10,2,186-22,[]
TX,443.683323303,291582.744949412,4644175.732511332,1.2,1205,12,2,241-27,[]
TX,443.683695423,287528.491919627,4641959.264429999,1.2,910,12,2,202-13,[]
TX,443.898973248,293769.490132186,4639708.331768734,1.2,2199,12,2,41-9,[]
TX,443.904888008,291136.396382342,4640291.495991945,1.2,2033,9,2,353-20,[]
TX,443.914676557,298765.292211678,4631178.187562656,1.2,1233,12,2,245-27,[]
TX,444.141910606,291823.348153028,4641052.373226084,1.2,818,12,2,188-6,[]
TX,444.153249665,288995.584523923,4643702.515756656,1.2,380,12,2,138-3,[]
TX,444.259377673,289217.450029162,4642074.988019967,1.2,387,9,2,139-10,[]
TX,444.700788818,295553.435550845,4646797.630327224,1.2,2025,12,2,351-5,[]
TX,444.943720314,292141.230772634,4642222.069512405,1.2,1971,12,2,341-6,[]
TX,444.999614734,291223.501366606,4642270.573293538,1.2,888,12,2,199-26,[]
TX,445.172003095,291409.135347829,4642051.497328156,1.2,2429,12,2,61-21,[]
TX,445.269550723,295382.318392714,4642521.584588765,1.2,460,8,2,145-9,"[['RX_GW', 445.476963144, 460, 8, 2, 868.1, -124.331941728, '00:00:00:00:00:04']]"
TX,445.362403662,293316.162184454,4639857.397843665,1.2,1686,12,2,309-20,[]
TX,445.38460065,302167.50918672,4640956.202034061,1.2,774,12,2,184-12,[]
TX,445.384990998,297474.221413205,4636574.339318125,1.2,1030,12,2,222-14,[]
TX,445.455354047,291777.070595733,4640418.304540013,1.2,1156,11,2,239-20,[]
TX,445.59823297,291056.371630184,4639240.243593027,1.2,1172,12,2,24-1,[]
TX,445.673567005,289776.403971049,4645709.602382802,1.2,1151,12,2,239-13,[]
TX,445.699009606,292487.093795774,4641900.170316962,1.2,1216,12,2,244-13,[]
TX,445.850384331,291109.632520978,4641943.15271804,1.2,159,10,2,110-27,[]
TX,445.856801153,291516.844049884,4642068.951974389,1.2,2083,12,2,361-4,[]
TX,446.002702423,291611.446155016,4641707.7793075,1.2,2491,12,2,70-20,[]
TX,446.077400928,293311.388182773,4644304.604861435,1.2,2377,12,2,55-7,[]
TX,446.193750447,293673.273294234,4642595.311436976,1.2,2002,12,2,348-7,[]
TX,446.195286789,289437.405889168,4635059.279071694,1.2,2455,12,2,67-18,[]
TX,446.334413583,292046.649084384,4642109.13438928,1.2,1739,12,2,311-4,[]
TX,446.400366572,290479.422629663,4644582.627045473,1.2,122,12,2,109-2,[]
TX,446.411902547,289621.485429772,4637903.937868853,1.2,534,12,2,151-9,[]
TX,446.568978269,271556.485378448,4630611.070694568,1.2,1507,12,2,284-23,[]
TX,446.609644289,290864.975140281,4644928.154190992,1.2,469,12,2,147-27,[]
TX,446.697047321,291532.920472227,4640978.43194759,1.2,2358,9,2,53-21,[]
TX,446.6992997,288046.878737025,4647088.705420463,1.2,1226,12,2,245-11,[]
TX,446.744567861,291021.101807337,4641568.77706004,1.2,570,9,2,155-5,[]
TX,446.825378905,289406.308492147,4641535.568610099,1.2,2251,7,2,45-4,[]
TX,446.987724302,291073.941303723,4643640.044214784,1.2,2633,12,2,82-7,[]
TX,447.05379908,291875.882684349,4642383.003482426,1.2,845,12,2,194-22,[]
TX,447.111870607,287087.559791884,4632460.912212758,1.2,171,12,2,112-17,[]
TX,447.24503915,290960.154860106,4639217.232912692,1.2,808,12,2,187-30,[]
TX,447.251455014,292705.754383244,4637148.357515441,1.2,303,12,2,129-14,[]
TX,447.356847787,290592.285330879,4635596.493599402,1.2,1919,12,2,338-4,[]
TX,447.419777798,293514.981294978,4642172.905782901,1.2,1600,12,2,298-6,[]
TX,447.443001046,281895.019355665,4632784.262930041,1.2,2154,12,2,371-22,[]
TX,447.537579809,290537.232292416,4643246.903666124,1.2,503,12,2,150-15,[]
TX,447.626354553,292949.066347491,4642258.3408553,1.2,2029,12,2,353-17,[]
TX,447.739285761,288697.514148273,4635211.989594516,1.2,2740,12,2,95-5,[]
TX,447.816563775,292510.25400449,4642913.343289895,1.2,44,12,2,101-7,[]
TX,447.834740651,291066.237459388,4641638.841267204,1.2,2361,9,2,53-5,[]
TX,447.934435825,273668.254830267,4630726.413325612,1.2,1903,12,2,336-30,[]
TX,448.048142248,291931.739617227,4642584.604566889,1.2,1251,12,2,248-4,[]
TX,448.061308204,291053.335258238,4644039.134368384,1.2,1038,12,2,223-22,[]
TX,448.072517527,288492.055916553,4635158.805376083,1.2,2481,12,2,7-3,[]
TX,448.442258066,290196.703763617,4642432.551370495,1.2,2016,11,2,349-5,[]
TX,448.464873856,287153.86304604,4634215.644769693,1.2,1801,12,2,321-7,[]
TX,448.491064013,289948.142259294,4634410.832319604,1.2,1539,12,2,288-20,[]
TX,448.641480628,290808.295499081,4642022.210527989,1.2,1152,9,2,239-14,[]
TX,448.756624539,290661.320318738,4641495.199836395,1.2,2109,7,2,363-29,[]
TX,448.989552373,294311.299246602,4639950.529163146,1.2,2418,12,2,59-5,[]
TX,449.036996121,287531.123854283,4641952.080371215,1.2,2616,12,2,81-24,[]
TX,449.33778773,292396.605927419,4644098.133172952,1.2,1650,12,2,305-21,[]
TX,449.359152953,286614.821286183,4644781.248679793,1.2,1376,12,2,266-14,[]
TX,449.389178723,291525.892261626,4642068.955357195,1.2,113,12,2,109-11,[]
TX,449.479471776,291995.725707034,4644019.332321255,1.2,2718,12,2,93-26,[]
TX,449.614925291,288312.429642294,4638810.182414671,1.2,1268,12,2,250-4,[]
TX,450.129616818,291532.253745841,4641324.09828707,1.2,1318,10,2,256-24,[]
TX,450.308001509,290668.488370299,4641612.651054597,1.2,1019,7,2,221-10,"[['RX_GW', 450.422998348, 1019, 7, 2, 868.1, -116.799746392, '00:00:00:00:00:02']]"
TX,450.473426703,289226.699529472,4638685.938654942,1.2,1692,12,2,309-5,[]
TX,450.487718734,286695.898039871,4641690.238397737,1.2,1835,12,2,326-7,[]
TX,450.524603412,288504.985056272,4635175.500448648,1.2,1743,12,2,313-11,[]
TX,450.922904212,290306.88837382,4639309.224807774,1.2,2583,10,2,76-8,[]
TX,450.928868173,273689.901883773,4630653.321491693,1.2,1147,12,2,238-28,[]
TX,450.960093636,290357.604954033,4637226.030348064,1.2,1893,12,2,335-21,[]
TX,450.984489407,290639.701437624,4646618.771362024,1.2,2512,12,2,71-25,[]
TX,451.015420436,291040.510275023,4644045.599991821,1.2,2716,12,2,93-21,[]
TX,451.20484445,292327.310649048,4642328.998051199,1.2,672,12,2,171-10,[]
TX,451.440433644,291047.152255171,4640499.867142712,1.2,2196,9,2,41-27,[]
TX,451.595291702,291868.904413803,4641643.987310776,1.2,1831,12,2,326-3,[]
TX,451.611998439,290492.875145553,4636381.547140962,1.2,608,12,2,160-20,[]
TX,451.719170774,289870.968039452,4642995.667469427,1.2,485,12,2,148-25,[]
TX,451.762992738,288776.928086656,4634110.586920004,1.2,1863,12,2,332-24,[]
TX,451.783650199,292743.175406788,4643107.875201765,1.2,471,12,2,147-8,[]
TX,451.916825515,290667.750519576,4641600.197231688,1.2,2160,7,2,371-28,[]
TX,452.128220764,291850.019368811,4642542.016723632,1.2,168,12,2,111-27,[]
TX,452.191147528,289698.592887561,4647170.705596988,1.2,2122,12,2,367-25,[]
TX,452.244037457,290086.132056979,4634575.904842522,1.2,590,12,2,158-26,[]
TX,452.379348228,291815.270740476,4641607.006308964,1.2,2776,11,2,97-9,[]
TX,452.475629023,289181.633990691,4642152.934056884,1.2,2461,9,2,67-30,[]
TX,452.528906668,292161.5821613,4642942.645630561,1.2,2392,12,2,56-3,[]
TX,452.807688292,290143.60562346,4643595.634029123,1.2,1500,12,2,282-3,[]
TX,452.832635061,291070.110219981,4644031.09385082,1.2,217,12,2,12-21,[]
TX,452.895261504,291958.618825677,4641716.87137743,1.2,1243,12,2,246-27,[]
TX,453.031647768,291625.855870385,4644127.444524529,1.2,701,12,2,174-18,[]
TX,453.450310779,292786.634069122,4644133.543980666,1.2,0,12,2,100-10,[]
TX,453.664573639,291043.721415069,4641145.261192228,1.2,1119,9,2,233-9,"[['RX_GW', 454.036338874, 1119, 9, 2, 868.1, -128.850588893, '00:00:00:00:00:02']]"
TX,453.737583173,291062.884793437,4644031.12416403,1.2,180,12,2,112-4,[]
TX,454.038551185,291259.308519866,4636302.976385335,1.2,1955,12,2,340-27,[]
TX,454.159250758,291888.550861176,4642577.197227602,1.2,568,12,2,155-3,[]
TX,454.410786482,290339.527580302,4642040.718214878,1.2,1437,8,2,270-7,[]
TX,454.602183009,299741.327060622,4630050.71235131,1.2,857,12,2,195-3,[]
TX,454.788054878,289669.772600733,4642149.777621726,1.2,2333,9,2,51-12,[]
TX,454.90856081,289507.448273998,4642590.154498442,1.2,364,11,2,137-4,[]
TX,454.993859026,290637.937194823,4646616.816243502,1.2,2001,12,2,348-6,[]
TX,455.293422119,292756.426034532,4642026.298820447,1.2,755,12,2,181-7,[]
TX,455.535739417,290744.301376257,4642880.648021045,1.2,399,12,2,14-16,[]
TX,455.619949043,282393.747035044,4639174.838014186,1.2,1845,12,2,330-25,[]
TX,455.638995335,291625.532796863,4642848.837775473,1.2,2425,12,2,61-17,[]
TX,455.708636714,288530.925002091,4641574.643458116,1.2,574,9,2,157-19,[]
TX,455.844771487,290989.151718792,4639049.887729738,1.2,853,12,2,195-18,[]
TX,455.930390182,294875.1404672,4646789.583886249,1.2,100,12,2,107-11,[]
TX,455.955824677,296022.160126378,4645751.666176797,1.2,2335,12,2,51-14,[]
TX,455.980367701,293334.86035553,4640169.385152702,1.2,983,12,2,214-20,[]
TX,456.056111614,289177.663960858,4642517.516682946,1.2,716,11,2,176-10,[]
TX,456.254868368,273688.025470852,4630625.828866941,1.2,947,12,2,206-26,[]
TX,456.384337813,290854.548211884,4642283.405421389,1.2,2363,10,2,53-7,[]
TX,457.286091032,273684.960092442,4630638.312874422,1.2,1590,12,2,297-6,[]
TX,457.471932483,291700.512914835,4642141.848719805,1.2,2679,12,2,87-14,[]
TX,457.667912321,273736.753082859,4630647.113998707,1.2,1908,12,2,337-10,[]
TX,457.894668607,289952.232808871,4634412.482677691,1.2,2040,12,2,353-6,[]
TX,457.903547071,291882.066216519,4642562.350419491,1.2,2366,12,2,54-23,[]
TX,457.903691732,292063.287397073,4642067.499827111,1.2,1742,12,2,311-7,[]
TX,457.977528133,289428.026409974,4646181.363133447,1.2,1683,12,2,309-18,[]
TX,458.056834363,293061.285451864,4642161.808971045,1.2,2232,12,2,44-11,[]
TX,458.22645459,291989.68663326,4643707.401749643,1.2,231,12,2,121-3,[]
TX,458.283867715,290980.51451213,4641959.911156731,1.2,871,10,2,197-6,[]
TX,458.576742957,291836.994424669,4642553.854805804,1.2,97,12,2,106-27,[]
TX,458.82512278,302322.522005296,4645074.738250778,1.2,89,12,2,106-12,[]
TX,458.914521861,293761.094998513,4643579.022391718,1.2,1171,12,2,239-9,[]
TX,459.028043996,292189.824805657,4642933.738020913,1.2,491,12,2,148-5,[]
TX,459.048621341,292452.373540954,4641595.714358071,1.2,941,12,2,206-11,[]
TX,459.190112654,291045.150052113,4641119.205905156,1.2,1798,9,2,321-4,[]
TX,459.236712168,286680.431458576,4641704.121110483,1.2,1685,12,2,309-2,[]
TX,459.243600092,289650.771334773,4641938.212580374,1.2,424,7,2,140-25,[]
TX,459.332821597,288817.364799324,4636327.7607307,1.2,2153,12,2,371-21,[]
TX,459.420984557,292112.477337936,4643193.136585135,1.2,653,12,2,163-7,[]
TX,459.529479803,291726.375637159,4642150.282853422,1.2,674,12,2,171-12,[]
TX,459.62356743,289170.87099261,4642523.871105582,1.2,2162,11,2,372-23,[]
TX,459.731526237,289812.978498044,4639581.495348034,1.2,517,7,2,151-12,[]
TX,459.739249817,290853.109522132,4642284.921463741,1.2,2471,10,2,68-3,[]
TX,459.762885869,291740.07244793,4642786.765794985,1.2,2352,12,2,51-6,[]
TX,459.86169063,292705.582669146,4643705.337878599,1.2,430,12,2,140-5,[]
TX,459.935525718,291662.165200492,4642107.980539405,1.2,645,12,2,163-26,[]
TX,460.187346491,290980.152611156,4640711.454638566,1.2,2700,7,2,91-29,"[['RX_GW', 460.302343472, 2700, 7, 2, 868.1, -123.92080591, '00:00:00:00:00:02']]"
TX,460.235126678,271649.250507541,4630637.512295139,1.2,1636,12,2,304-30,[]
TX,460.249664564,291624.583197757,4642140.522852248,1.2,1896,12,2,335-6,[]
TX,460.26960442,291865.521120335,4642568.573808641,1.2,9,12,2,100-21,[]
TX,460.487002682,289552.235589868,4642039.889170057,1.2,2622,8,2,82-22,"[['RX_GW', 460.694416181, 2622, 8, 2, 868.1, -125.836832446, '00:00:00:00:00:02']]"
TX,460.49774465,285109.026522573,4633411.486377567,1.2,2123,12,2,367-27,[]
TX,460.50715068,291146.048786064,4642480.394171264,1.2,190,12,2,113-25,[]
TX,460.600212256,292587.05093912,4641153.274355086,1.2,596,12,2,159-16,[]
TX,460.697494493,295509.419209221,4642456.217724179,1.2,2077,7,2,361-17,[]
TX,460.729724605,288851.805466449,4641724.936272476,1.2,2518,8,2,71-30,"[['RX_GW', 460.937138671, 2518, 8, 2, 868.1, -124.699888372, '00:00:00:00:00:02']]"
TX,460.903102121,290005.794886928,4642939.142961463,1.2,874,11,2,198-11,[]
TX,461.223020778,288240.478854379,4634797.855158315,1.2,1046,12,2,225-26,[]
TX,461.318713289,289898.883987233,4641675.688486116,1.2,1620,7,2,301-25,"[['RX_GW', 461.433709341, 1620, 7, 2, 868.1, -118.823382464, '00:00:00:00:00:02']]"
TX,461.377738841,291496.571004394,4641330.142418031,1.2,543,10,2,152-28,[]
TX,461.402882741,291552.043325878,4640946.214932922,1.2,660,9,2,167-18,[]
TX,461.48262663,290930.76827079,4642116.497843407,1.2,2169,11,2,39-11,[]
TX,461.691654963,290236.266765272,4642590.388891554,1.2,1312,11,2,256-16,[]
TX,461.81496225,292796.309906355,4642131.126644375,1.2,968,12,2,21-27,[]
TX,461.889373926,289267.138179965,4634417.364393134,1.2,965,12,2,21-24,[]
TX,461.950368527,287772.410557086,4645632.123981382,1.2,868,12,2,197-3,[]
TX,461.974176441,290230.461042157,4646650.17022214,1.2,1969,12,2,341-4,[]
TX,462.0005091,292314.887692153,4642054.064604271,1.2,1161,12,2,239-25,[]
TX,462.0505889,291618.049014567,4644594.072598458,1.2,2038,12,2,353-4,[]
TX,462.080504308,291508.898518354,4642447.590654659,1.2,2694,12,2,91-16,[]
TX,462.139629591,289311.512794613,4639807.090186495,1.2,2120,9,2,367-21,[]
TX,462.255555047,290663.184353678,4641624.444563843,1.2,1643,8,2,305-15,[]
TX,462.300773808,289900.72093318,4641319.863475632,1.2,693,7,2,172-5,[]
TX,462.49864036,290994.328470508,4641137.030478359,1.2,1358,8,2,262-25,[]
TX,462.513348145,290466.952775063,4641377.003589059,1.2,2580,7,2,76-26,[]
TX,462.602365662,295617.42386179,4645556.227294893,1.2,2341,12,2,51-2,[]
TX,462.778763139,290853.343033123,4642286.391874289,1.2,702,10,2,174-19,[]
TX,462.842171868,271680.721834187,4630736.330898848,1.2,1962,12,2,340-9,[]
TX,462.85813914,289751.139865932,4635467.82327559,1.2,1141,12,2,238-13,[]
TX,463.022398776,293308.619961919,4644293.883672384,1.2,1073,12,2,229-18,[]
TX,463.076020571,293024.669686415,4643324.313351418,1.2,1040,12,2,223-24,[]
TX,463.140159945,289996.204385519,4643400.466169108,1.2,1752,12,2,315-20,[]
TX,463.171389979,288511.375384336,4635175.500235113,1.2,266,12,2,126-11,[]
TX,463.215575351,290473.198508769,4640621.706457898,1.2,933,7,2,204-22,[]
TX,463.386861526,291882.285373798,4641630.574281075,1.2,347,12,2,137-14,[]
TX,463.407873536,292204.534740138,4642141.301847757,1.2,410,12,2,140-10,[]
TX,463.504571384,288574.188559967,4643683.953890028,1.2,296,12,2,128-5,[]
TX,463.609828822,292330.089979433,4642039.886719014,1.2,823,12,2,19-4,[]
TX,463.755485858,291508.117069258,4642443.686680201,1.2,2423,12,2,60-25,[]
TX,463.835314481,292499.663995984,4642271.333696015,1.2,2004,12,2,349-12,[]
TX,464.038819009,273689.201137308,4630631.813679773,1.2,2198,12,2,41-8,[]
TX,464.209716104,292652.652172029,4641757.028502148,1.2,2585,12,2,79-17,[]
TX,464.298310014,290219.49522369,4642722.526142928,1.2,1098,10,2,231-4,[]
TX,464.371048157,290488.627611709,4640795.161384096,1.2,452,7,2,145-13,[]
TX,464.514849654,285866.4221219,4634279.052278092,1.2,1207,12,2,242-10,[]
TX,464.815223844,292679.067117471,4643999.4729386,1.2,1157,12,2,239-21,[]
TX,464.816170764,292779.816489304,4642013.477049181,1.2,1317,12,2,256-21,[]
TX,465.158016763,291891.430892828,4636838.585316071,1.2,348,12,2,137-15,[]
TX,465.322148984,273693.368655663,4630647.449467074,1.2,1146,12,2,238-27,[]
TX,465.33241339,273681.195803084,4630604.218099177,1.2,1271,12,2,250-7,[]
TX,465.43234668,272971.594249758,4629866.254574684,1.2,2441,12,2,62-27,[]
TX,465.513970655,274535.741610754,4630856.928247796,1.2,1869,12,2,332-4,[]
TX,465.801828441,291838.111214178,4642457.65546656,1.2,420,12,2,140-2,[]
TX,465.904982595,288936.393302,4642809.715327854,1.2,1974,12,2,344-19,[]
TX,466.0529962,291703.234096595,4642125.102729383,1.2,1159,12,2,239-23,[]
TX,466.39860709,290099.256534226,4642973.753778891,1.2,2095,12,2,363-1,[]
TX,466.400194553,290950.680740732,4639030.702102819,1.2,1977,12,2,344-21,[]
TX,466.466594551,288656.684876181,4642693.741168329,1.2,768,12,2,182-5,[]
TX,466.576794721,289674.289519271,4642418.702380329,1.2,297,9,2,128-6,[]
TX,466.653350379,292631.573371116,4641781.172707277,1.2,787,12,2,185-7,[]
TX,466.921955794,273115.23856254,4629909.916433722,1.2,500,12,2,149-2,[]
TX,466.937586317,291122.822575971,4641127.298352946,1.2,2135,7,2,368-18,[]
TX,467.345104344,289281.368039659,4638778.247922381,1.2,673,12,2,171-11,[]
TX,467.401182028,292977.334721824,4640865.936216502,1.2,1689,12,2,309-3,[]
TX,467.556911437,289359.900541776,4642543.229366463,1.2,2707,9,2,93-1,[]
TX,467.799736975,291074.456784337,4644031.270279226,1.2,1362,12,2,264-15,[]
TX,467.878124923,293830.610381799,4639998.177908053,1.2,2203,12,2,42-13,[]
TX,467.914875027,290672.079272142,4633736.058407591,1.2,2110,12,2,363-6,[]
TX,468.052607556,287628.258567447,4644412.073484227,1.2,1591,12,2,297-7,[]
TX,468.200680194,290805.283336649,4638130.438703701,1.2,2737,12,2,95-28,[]
TX,468.231826904,291833.219986385,4642483.017225925,1.2,2479,12,2,7-20,[]
TX,468.234144109,291258.58194868,4639594.271963746,1.2,1627,12,2,303-24,[]
TX,468.541845418,292120.799881979,4642617.756202294,1.2,1972,12,2,341-7,[]
TX,468.699500522,292894.822242982,4643879.659959436,1.2,1621,12,2,301-26,[]
TX,468.806719925,276744.130132714,4632265.480432162,1.2,1363,12,2,264-16,[]
TX,468.813590409,292532.760556242,4642923.962229772,1.2,2482,12,2,7-4,[]
TX,468.851692263,291208.526596943,4636218.816031562,1.2,1635,12,2,304-29,[]
TX,468.967542405,292942.161460801,4640320.488802527,1.2,641,12,2,163-20,[]
TX,469.016540172,290463.426318162,4642868.160642467,1.2,2731,12,2,95-16,[]
TX,469.051197239,271574.504889499,4630625.265052794,1.2,522,12,2,151-22,[]
TX,469.147585996,271590.911820398,4630608.852981677,1.2,621,12,2,162-2,[]
TX,469.272501829,291756.241407083,4642523.914342711,1.2,386,12,2,138-9,[]
TX,469.287544504,291682.172687657,4642115.623857456,1.2,1183,12,2,24-20,[]
TX,469.504470507,294357.779768773,4644249.26318445,1.2,1612,12,2,301-10,[]
TX,469.610474374,295151.514962736,4641775.882171562,1.2,1291,7,2,254-2,[]
TX,469.749428032,269654.774022617,4628484.606497143,1.2,1558,12,2,290-19,[]
TX,469.768404338,296805.924500645,4649719.766824033,1.2,2378,12,2,56-10,[]
TX,469.808384342,291984.440475375,4643707.455078322,1.2,234,12,2,121-5,[]
TX,469.831744235,288835.345960954,4645510.109296646,1.2,313,12,2,130-14,[]
TX,469.937811016,291585.29664881,4636542.901839848,1.2,1013,12,2,220-14,[]
TX,470.035036736,289085.786900989,4642472.003198483,1.2,2550,11,2,73-4,[]
TX,470.067277349,281929.684743149,4632790.396400756,1.2,591,12,2,158-27,[]
TX,470.079718044,291948.352377519,4642588.898192563,1.2,1309,12,2,256-13,[]
TX,470.362567121,291132.441204211,4641198.880597555,1.2,617,9,2,162-11,[]
TX,470.442895568,287814.418656448,4638505.879127282,1.2,1132,12,2,237-13,[]
TX,470.519345721,290171.969205608,4635338.483247056,1.2,1142,12,2,238-14,[]
TX,470.571173126,292307.765669467,4642043.532161498,1.2,2104,12,2,363-24,[]
TX,470.803368259,289940.651804455,4642816.161064721,1.2,1430,11,2,270-25,[]
TX,470.953185545,291587.469221121,4643877.004578216,1.2,708,12,2,174-7,[]
TX,470.982199446,294972.785801471,4642819.053694971,1.2,646,9,2,163-27,"[['RX_GW', 471.353965395, 646, 9, 2, 868.1, -128.394639872, '00:00:00:00:00:04']]"
TX,471.019698398,293790.675030811,4644262.08573319,1.2,2279,12,2,47-20,[]
TX,471.069097831,291611.252589835,4636569.222210565,1.2,140,12,2,11-19,[]
TX,471.145999097,291566.634457753,4641381.874932462,1.2,1649,10,2,305-20,[]
TX,471.423768919,289340.671683037,4643097.274323377,1.2,593,12,2,158-8,[]
TX,471.619262227,292182.407316688,4642175.356027951,1.2,2312,12,2,50-14,[]
TX,472.098832888,290078.257186259,4643304.388662161,1.2,1472,12,2,275-5,[]
TX,472.355860276,285430.166100369,4641819.279055585,1.2,2068,12,2,358-26,[]
TX,472.460116234,294402.649416696,4642675.282595458,1.2,1468,10,2,275-20,[]
TX,472.596161447,293755.994412394,4640686.137463615,1.2,2310,10,2,50-12,[]
TX,472.772922257,289971.136699534,4637825.487767239,1.2,1410,12,2,269-20,[]
TX,472.821876348,283027.773838814,4634181.322085314,1.2,2167,12,2,374-29,[]
TX,472.84825093,291932.994555346,4642601.151180277,1.2,148,12,2,11-7,[]
TX,472.967458242,272874.771704366,4629819.293244208,1.2,997,12,2,215-24,[]
TX,473.01639678,289721.946549044,4641852.931394581,1.2,1602,7,2,3-10,[]
TX,473.055182773,288186.812601748,4643927.043614243,1.2,1022,12,2,221-14,[]
TX,473.109533467,273732.88544706,4630500.226005507,1.2,1313,12,2,256-17,[]
TX,473.432389825,291690.42053158,4642131.239909459,1.2,357,12,2,137-25,[]
TX,473.523473529,289707.158463183,4647157.76400725,1.2,681,12,2,171-26,[]
TX,473.558636846,290649.831872375,4639942.575570479,1.2,1068,7,2,226-7,[]
TX,473.602818581,292159.849564236,4642187.024697433,1.2,290,12,2,128-20,[]
TX,473.632941382,290664.253452196,4641301.482535351,1.2,2244,7,2,45-19,[]
TX,473.741342329,292721.826226178,4641693.519681348,1.2,2743,12,2,96-17,[]
TX,474.083167571,290716.524428808,4642158.039238894,1.2,414,9,2,140-14,"[['RX_GW', 474.454933965, 414, 9, 2, 868.1, -127.797046469, '00:00:00:00:00:02']]"
TX,474.107928578,285570.913764739,4641173.01883474,1.2,1809,12,2,322-4,[]
TX,474.152775428,292675.18298637,4642047.279754802,1.2,67,12,2,103-5,[]
TX,474.164265984,290678.803038162,4642167.501429659,1.2,1964,10,2,341-18,[]
TX,474.230544154,292622.164832531,4642383.23992504,1.2,1247,12,2,248-19,[]
TX,474.586516678,291128.700862556,4641173.966268268,1.2,1924,7,2,339-12,"[['RX_GW', 474.70151419, 1924, 7, 2, 868.1, -123.189460098, '00:00:00:00:00:02']]"
TX,474.662816817,292287.708438621,4642041.586316242,1.2,6,12,2,100-18,[]
TX,474.700956884,272867.052549666,4629813.295227475,1.2,2066,12,2,358-24,[]
TX,474.995307232,293479.218859396,4644109.178920749,1.2,2692,12,2,88-28,[]
TX,475.509144025,289937.162627577,4634393.167034695,1.2,730,12,2,179-21,[]
TX,475.592802234,291386.781708571,4641399.734408379,1.2,657,10,2,167-15,"[['RX_GW', 476.252312811, 657, 10, 2, 868.1, -131.240766809, '00:00:00:00:00:02']]"
TX,475.83579672,288443.963396879,4644862.070026203,1.2,2128,12,2,367-6,[]
TX,476.095244961,289589.726373945,4638768.994532474,1.2,1237,12,2,246-12,[]
TX,476.265151838,293792.360539228,4643619.515074089,1.2,1894,12,2,335-4,[]
TX,476.282266545,290749.228627507,4642865.753991361,1.2,735,12,2,181-11,[]
TX,476.374305474,291817.701183512,4641044.008017337,1.2,967,12,2,21-26,[]
TX,476.44672324,292430.551523736,4641571.913645049,1.2,241,12,2,124-12,[]
TX,476.721597617,291169.286306096,4638604.505603064,1.2,722,12,2,178-4,[]
TX,477.020931415,291031.884107276,4640433.986122895,1.2,333,9,2,131-10,[]
TX,477.173723761,291449.530588498,4641306.929486034,1.2,1462,9,2,275-15,[]
TX,477.264828079,290067.979663331,4642381.972018447,1.2,252,10,2,124-30,[]
TX,477.312583882,292326.390424323,4642056.046331656,1.2,1165,12,2,239-3,[]
TX,477.417757136,292664.078011942,4642385.133297794,1.2,1371,12,2,264-6,[]
TX,477.565826276,274246.78009745,4630662.260191718,1.2,1808,12,2,322-3,[]
TX,477.592501855,292988.734173462,4642954.139875651,1.2,1065,12,2,226-4,[]
TX,477.727241153,293039.545791105,4642611.842460901,1.2,957,12,2,209-25,[]
TX,478.221035002,290197.046165342,4647344.044381215,1.2,396,12,2,139-27,[]
TX,478.474991079,286379.716170631,4643051.680575033,1.2,219,12,2,12-3,[]
TX,478.515911688,291168.688645313,4641347.117459428,1.2,595,8,2,159-15,[]
TX,478.706068331,293802.648024039,4639638.060188496,1.2,1675,12,2,308-23,[]
TX,478.720762844,290090.409021403,4640914.458594482,1.2,2121,7,2,367-23,[]
TX,478.72498945,295155.393151676,4646250.314330442,1.2,551,12,2,153-20,[]
TX,478.836560491,291820.841635088,4642419.275088562,1.2,896,12,2,200-27,[]
TX,478.849096052,294051.483753947,4641447.031267802,1.2,331,10,2,130-8,[]
TX,479.000939703,288572.461791394,4640574.617282231,1.2,68,8,2,103-6,"[['RX_GW', 479.208353934, 68, 8, 2, 868.1, -126.540344985, '00:00:00:00:00:02']]"
TX,479.118810672,290833.758889479,4642775.910938993,1.2,394,11,2,139-25,[]
TX,479.454026636,293185.719812974,4640510.806317695,1.2,2431,12,2,61-3,[]
TX,479.624328384,285926.232832014,4635497.934604052,1.2,103,12,2,107-14,[]
TX,479.946074679,273652.077934574,4630639.357051412,1.2,1669,12,2,308-10,[]
TX,480.042103721,291823.001657236,4642544.207399438,1.2,2018,12,2,349-8,[]
TX,480.234431172,290075.743142605,4643297.056454558,1.2,291,12,2,128-21,[]
TX,480.30441722,290836.357752804,4642305.572023754,1.2,1524,11,2,287-24,[]
TX,480.583076183,291838.289068842,4641946.719819535,1.2,1862,11,2,332-22,[]
TX,480.589337144,291247.724574509,4643216.445711574,1.2,2598,12,2,8-20,[]
TX,480.602920527,294857.6960053,4640668.129979952,1.2,759,9,2,182-11,"[['RX_GW', 480.974686505, 759, 9, 2, 868.1, -129.960509006, '00:00:00:00:00:04']]"
TX,480.619522857,273651.091010783,4630637.417828465,1.2,2006,12,2,349-14,[]
TX,480.727149363,291763.847234905,4640249.984675522,1.2,867,12,2,197-21,[]
TX,480.752518354,294058.283441629,4644067.805116857,1.2,2382,12,2,56-14,[]
TX,480.806450759,290123.905493858,4642413.159816674,1.2,324,9,2,130-27,[]
TX,480.8751221,289226.266836472,4642375.915527376,1.2,2620,10,2,82-12,[]
TX,480.879024133,291856.570832233,4641086.770350204,1.2,1053,12,2,226-18,[]
TX,480.96706545,292650.142378716,4641760.466329419,1.2,1083,12,2,231-10,[]
TX,480.979128599,291731.918266761,4642143.412971006,1.2,2265,12,2,46-5,[]
TX,480.992280711,290058.970353563,4642388.293900112,1.2,1397,9,2,268-29,[]
TX,481.140374147,290074.927791003,4644386.80488514,1.2,976,12,2,211-26,[]
TX,481.29493971,295152.789662075,4642724.135100842,1.2,2172,7,2,39-23,"[['RX_GW', 481.409937058, 2172, 7, 2, 868.1, -122.529512081, '00:00:00:00:00:04']]"
TX,481.312810688,290378.013842766,4641808.57597376,1.2,391,7,2,139-14,[]
TX,481.363104649,290872.036618432,4642268.491371282,1.2,2113,12,2,367-12,[]
TX,481.610716824,291934.689857133,4642231.420247114,1.2,2653,12,2,84-2,[]
TX,481.655353481,291987.07551458,4643711.765574836,1.2,2569,12,2,75-6,[]
TX,481.881924797,290378.031701963,4641809.909309402,1.2,2682,7,2,87-26,[]
TX,482.132975405,292191.476218023,4642189.876922341,1.2,280,12,2,127-3,[]
TX,482.146572601,274912.532483545,4631102.490863416,1.2,991,12,2,215-11,[]
TX,482.166457871,291056.388167685,4644016.768931018,1.2,142,12,2,11-21,[]
TX,482.410671159,289492.528415212,4644821.061205368,1.2,1061,12,2,226-26,[]
TX,482.467545037,290689.443619003,4641307.555600579,1.2,1909,7,2,337-11,[]
TX,482.539127522,291192.702300526,4641301.63278128,1.2,2412,8,2,58-6,[]
TX,482.678223678,290181.101113002,4635346.535436162,1.2,1245,12,2,248-17,[]
TX,482.742348685,288015.015365324,4634567.975987399,1.2,46,12,2,102-17,[]
TX,482.791585182,291171.760692888,4641934.24572756,1.2,2381,11,2,56-13,"[['RX_GW', 484.272344006, 2381, 11, 2, 868.1, -134.816546851, '00:00:00:00:00:02']]"
TX,482.869301743,293050.650853205,4643308.910614355,1.2,1639,12,2,305-11,[]
TX,483.048233652,293471.675194862,4642660.303696879,1.2,2486,12,2,70-1,[]
TX,483.225931226,286654.999422301,4641703.082082046,1.2,978,12,2,211-28,[]
TX,483.465254506,291736.463567785,4636669.266759646,1.2,1054,12,2,226-19,[]
TX,483.678591937,290073.145327319,4642397.816021597,1.2,2288,9,2,47-4,[]
TX,483.68292768,289943.396648707,4634404.778300293,1.2,1980,12,2,344-4,[]
TX,483.7496507,291987.706618695,4643702.095001007,1.2,151,12,2,110-12,[]
TX,483.781150439,291984.436973856,4643722.760563443,1.2,914,12,2,202-24,[]
TX,483.818682536,291873.121956512,4641642.264849108,1.2,316,12,2,130-19,[]
TX,483.879802781,292817.556612215,4641605.175621287,1.2,2141,12,2,369-17,[]
TX,483.903260136,292432.744845911,4641530.312288701,1.2,1199,12,2,241-12,[]
TX,484.027078424,290354.998517925,4640377.340242618,1.2,1666,7,2,306-5,[]
TX,484.052060933,290064.761230989,4642389.047333803,1.2,1695,9,2,31-1,[]
TX,484.105520767,292525.376026066,4642914.916762616,1.2,2511,12,2,71-24,[]
TX,484.209199251,292307.35410512,4642053.558805994,1.2,14,12,2,100-27,[]
TX,484.334008503,290451.092453149,4645193.132634404,1.2,1771,12,2,318-16,[]
TX,484.366319749,291055.740656871,4641936.478314606,1.2,1681,9,2,309-1,"[['RX_GW', 484.738086288, 1681, 9, 2, 868.1, -129.493206586, '00:00:00:00:00:02']]"
TX,484.405548662,293374.726338317,4640937.927352672,1.2,486,12,2,148-26,[]
TX,484.4425549,288827.331499361,4642733.421359226,1.2,526,12,2,151-27,[]
TX,484.608150841,287905.06254647,4644002.416765936,1.2,275,12,2,127-18,[]
TX,484.67030626,290032.303335194,4642351.696514658,1.2,1432,10,2,270-27,[]
TX,484.714382095,287862.432599962,4638044.822120928,1.2,255,12,2,124-7,[]
TX,484.72566419,287037.492803798,4631085.742355637,1.2,920,12,2,203-12,[]
TX,484.956671786,291686.051191823,4642814.621210149,1.2,1118,12,2,233-26,[]
TX,485.045157773,292860.510616787,4641911.404485342,1.2,2187,12,2,40-28,[]
TX,485.058957172,292780.21328685,4642484.739143994,1.2,982,12,2,214-2,[]
TX,485.07821887,290995.417753404,4640691.053344606,1.2,1976,8,2,344-20,[]
TX,485.135808242,291505.92391831,4636434.284881074,1.2,1581,12,2,293-7,[]
TX,485.249535122,292291.676752625,4642701.316405727,1.2,2287,12,2,47-30,[]
TX,485.460782048,292511.098963019,4642890.544401555,1.2,842,12,2,194-11,[]
TX,485.523590451,290778.268356724,4635834.332627798,1.2,1586,12,2,294-26,[]
TX,485.533477769,290746.085758225,4635701.602780498,1.2,2401,12,2,57-13,[]
TX,485.795913433,292708.873912356,4641828.125931996,1.2,2326,12,2,50-4,[]
TX,485.945184982,292349.5872352,4637502.966083877,1.2,1008,12,2,22-24,[]
TX,486.023726715,290695.67522472,4641303.592563815,1.2,2436,7,2,61-7,[]
TX,486.176802437,291469.117503082,4642073.511899021,1.2,1130,12,2,237-11,[]
TX,486.206975591,291485.662600331,4636489.064356854,1.2,1104,12,2,232-17,[]
TX,486.210432578,284884.675505965,4641577.736220032,1.2,1940,12,2,339-6,[]
TX,486.255098435,292017.618583889,4643590.138747848,1.2,445,12,2,143-14,[]
TX,486.278275823,291412.115171118,4641332.442479923,1.2,1155,9,2,239-19,[]
TX,486.282352124,273705.00419205,4630638.034429708,1.2,1493,12,2,281-20,[]
TX,486.340875433,291710.510493085,4642121.234147702,1.2,638,12,2,163-17,[]
TX,486.365509906,288274.696538264,4641310.454815488,1.2,1942,10,2,339-8,[]
TX,486.543540423,271848.243456434,4630701.119413161,1.2,1559,12,2,290-2,[]
TX,486.605334524,288963.971423365,4643756.127671524,1.2,2730,12,2,95-12,[]
TX,486.605384349,288966.722119583,4642977.208996635,1.2,1922,12,2,339-10,[]
TX,486.652782605,292728.558058862,4642094.236683506,1.2,2775,12,2,97-8,[]
TX,486.705986789,291108.216399894,4641070.671521812,1.2,1966,9,2,341-20,[]
TX,486.77327079,292189.000115971,4649625.510190076,1.2,1484,12,2,28-11,[]
TX,486.861151302,291507.143902888,4642690.748916061,1.2,161,12,2,111-10,[]
TX,486.86325231,291117.57708045,4643609.903502222,1.2,2557,12,2,75-14,[]
TX,486.931907069,291801.420889065,4640767.260223305,1.2,1056,10,2,226-21,[]
TX,487.074671191,289856.26957112,4643040.09132822,1.2,1526,12,2,287-26,[]
TX,487.0946529,291028.389072056,4640574.065113697,1.2,683,7,2,171-28,[]
TX,487.104256854,292662.861710218,4641794.018228882,1.2,74,12,2,104-21,[]
TX,487.16311013,290004.826607659,4635377.549415242,1.2,1206,12,2,241-28,[]
TX,487.574470262,291984.758879348,4643702.183775532,1.2,2088,12,2,362-18,[]
TX,487.711349986,297208.947271872,4646514.657955655,1.2,1755,12,2,315-5,[]
TX,487.766283029,294406.696161794,4642822.67215259,1.2,28,12,2,101-16,[]
TX,487.911709925,292334.988445107,4649975.371370186,1.2,1750,12,2,315-18,[]
TX,488.036677542,294234.993326701,4641313.19866795,1.2,2085,11,2,361-6,[]
TX,488.081764402,289704.886685763,4641852.167257438,1.2,696,7,2,173-22,"[['RX_GW', 488.196761142, 696, 7, 2, 868.1, -121.956701391, '00:00:00:00:00:02']]"
TX,488.083872241,295142.585775119,4642715.622614974,1.2,1101,7,2,231-7,[]
TX,488.116779175,271803.621780261,4630673.055211069,1.2,1200,12,2,241-13,[]
TX,488.129663192,273677.399352475,4630694.534203478,1.2,1477,12,2,279-12,[]
TX,488.140775204,273708.847619058,4630708.782579411,1.2,2220,12,2,43-21,[]
TX,488.157489321,292331.182144605,4637438.46481184,1.2,1912,12,2,337-24,[]
TX,488.164115976,291240.108016875,4641286.872249964,1.2,1605,10,2,3-13,[]
TX,488.249532641,292165.60492789,4642171.041365637,1.2,953,12,2,209-12,[]
TX,488.349172009,294652.548405592,4643351.466601653,1.2,2713,10,2,93-19,[]
TX,488.394328302,290941.295129445,4641751.054912376,1.2,2365,9,2,54-22,[]
TX,488.526548922,291223.388745098,4642262.098569263,1.2,2386,12,2,56-21,[]
TX,488.699234291,290646.971779251,4633359.111889449,1.2,1128,12,2,234-7,[]
TX,488.77604225,291110.252896197,4642466.096963802,1.2,1406,12,2,269-17,[]
TX,488.829852788,292986.955774558,4642110.403454875,1.2,2452,12,2,67-1,[]
TX,488.845476481,290339.831175453,4636190.929677552,1.2,1305,12,2,256-1,[]
TX,488.992096415,294855.191081031,4646061.795961283,1.2,2513,12,2,71-26,[]
TX,489.007149897,285133.501797937,4633416.025833479,1.2,2118,12,2,367-19,[]
TX,489.029651506,291743.913555022,4641526.948034473,1.2,94,12,2,106-24,[]
TX,489.053987977,295251.566576414,4648798.843154707,1.2,2708,12,2,93-10,[]
TX,489.125657354,290070.299802396,4642404.175784623,1.2,1576,9,2,293-21,[]
TX,489.308253883,291988.058017045,4643701.655703315,1.2,2562,12,2,75-22,[]
TX,489.440177485,289740.128424828,4641833.583233273,1.2,851,8,2,194-28,[]
TX,489.440921865,291782.427269903,4641041.222877892,1.2,636,12,2,163-15,[]
TX,489.620501886,288224.191853406,4634757.974934723,1.2,1080,12,2,229-5,[]
TX,489.628407287,290755.438849343,4643069.215321878,1.2,425,12,2,140-26,[]
TX,489.667354754,294414.34668481,4643065.475022758,1.2,1572,11,2,293-18,"[['RX_GW', 491.148114512, 1572, 11, 2, 868.1, -134.906442062, '00:00:00:00:00:04']]"
TX,489.95455835,290032.222938369,4642373.21746195,1.2,2364,10,2,54-14,[]
TX,490.10526727,290823.093732891,4635881.738868681,1.2,354,12,2,137-20,[]
TX,490.244623933,292479.540665386,4643106.482570753,1.2,374,12,2,138-23,[]
TX,490.631692387,299741.464217041,4630058.662056958,1.2,1797,12,2,321-3,[]
TX,490.642650985,288982.039110474,4642525.737272903,1.2,1575,12,2,293-20,[]
TX,490.685353492,293231.996203784,4643149.224245852,1.2,1405,12,2,269-16,[]
TX,490.889622676,290741.641666857,4642894.172079213,1.2,1640,12,2,305-12,[]
TX,490.988733282,289816.305030269,4643142.060258183,1.2,1449,12,2,274-12,[]
TX,491.001110032,291837.409965944,4642548.027105671,1.2,940,12,2,206-10,[]
TX,491.189556442,290315.468006648,4636944.668079772,1.2,2300,12,2,48-27,[]
TX,491.281754922,292639.8239806,4642401.000716395,1.2,2688,12,2,88-22,[]
TX,491.434722754,290817.236247211,4643099.538414129,1.2,1876,12,2,334-16,[]
TX,491.498394697,292227.074781981,4643035.410194965,1.2,937,12,2,204-26,[]
TX,491.507723993,291917.723207856,4642575.550652551,1.2,2309,12,2,50-11,[]
TX,491.975923392,289979.408749776,4634431.15651853,1.2,585,12,2,158-14,[]
TX,492.206895817,293204.781772125,4640438.161606684,1.2,1918,12,2,338-3,[]
TX,492.269111349,290679.078230308,4642990.207489726,1.2,337,11,2,131-24,[]
TX,492.31747781,283303.349201055,4632888.842128941,1.2,1824,12,2,326-16,[]
TX,492.707068736,289196.286702336,4642523.210140849,1.2,1713,11,2,31-29,[]
TX,492.746183948,291678.950682348,4642228.197042497,1.2,1781,12,2,318-7,[]
TX,492.825611975,291632.537937458,4644615.6295711,1.2,1872,12,2,332-7,[]
TX,492.849814973,287582.368389414,4644035.939160878,1.2,785,12,2,185-5,[]
TX,493.195932223,291388.843224952,4641391.870730221,1.2,55,9,2,102-6,[]
TX,493.28797613,291654.982069742,4642823.698155783,1.2,2356,12,2,53-19,[]
TX,493.425106193,290393.952956418,4644038.583946386,1.2,1212,12,2,242-28,[]
TX,493.431819243,285741.345430833,4634064.145028096,1.2,2003,12,2,349-10,[]
TX,493.431890274,290878.970143954,4644910.465799202,1.2,1878,12,2,334-18,[]
TX,493.58196742,292432.365274194,4641761.60292017,1.2,655,12,2,166-8,[]
TX,493.595481149,292568.017622139,4641829.737780876,1.2,518,12,2,151-17,[]
TX,494.002334466,290459.351542755,4641594.946980791,1.2,1354,7,2,261-8,"[['RX_GW', 494.117330801, 1354, 7, 2, 868.1, -121.103447246, '00:00:00:00:00:02']]"
TX,494.138863915,292612.958113762,4641982.85888908,1.2,2323,12,2,50-29,[]
TX,494.198165788,294316.837428337,4641472.306431569,1.2,1257,9,2,249-20,[]
TX,494.638620306,287224.736294746,4634215.584022907,1.2,1933,12,2,339-25,[]
TX,494.663966688,292721.375443745,4641839.695534664,1.2,1509,12,2,284-25,[]
TX,494.685650245,290494.39164289,4639925.238082542,1.2,2129,7,2,367-7,"[['RX_GW', 494.80064748, 2129, 7, 2, 868.1, -123.742827518, '00:00:00:00:00:02']]"
TX,494.90793331,295000.425476405,4642708.655032797,1.2,1463,9,2,275-16,"[['RX_GW', 495.279698903, 1463, 9, 2, 868.1, -127.137384465, '00:00:00:00:00:04']]"
TX,494.911192734,291181.009823623,4635652.069785478,1.2,2063,12,2,358-20,[]
TX,495.023270279,299211.631804279,4633157.539309416,1.2,629,12,2,162-6,[]
TX,495.110830111,291720.909248991,4641496.139808492,1.2,1077,12,2,229-21,[]
TX,495.183470353,291635.092704597,4640905.323938802,1.2,1982,11,2,344-6,[]
TX,495.578447621,291824.077269583,4642545.953138073,1.2,576,12,2,157-21,[]
TX,495.799196088,291138.818891595,4639424.160218138,1.2,1126,11,2,234-5,[]
TX,495.925084688,291673.740200904,4642112.463756244,1.2,2391,12,2,56-28,[]
TX,496.027517876,292857.841155337,4641911.460200262,1.2,1103,12,2,231-9,[]
TX,496.033078961,295024.21752839,4647216.103941858,1.2,2480,12,2,7-21,[]
TX,496.231644709,289440.222776558,4646166.60987043,1.2,1881,12,2,334-21,[]
TX,496.274895477,289945.200249287,4634405.960862624,1.2,1230,12,2,245-24,[]
TX,496.524467078,291189.829210387,4644742.056273685,1.2,1078,12,2,229-3,[]
TX,496.932776001,287916.986047688,4642154.974289009,1.2,1413,12,2,269-3,[]
TX,497.009376377,291797.437470794,4642551.825162201,1.2,1347,12,2,261-13,[]
TX,497.030935706,273712.958413854,4630653.062905214,1.2,208,12,2,119-23,[]
TX,497.275180199,291816.739477913,4644172.309502414,1.2,605,12,2,160-1,[]
TX,497.488354286,291888.826063447,4641628.911986983,1.2,2466,12,2,68-18,[]
TX,497.865135719,286690.35350328,4641702.47156276,1.2,2235,12,2,44-14,[]
TX,498.056852926,290301.717090529,4642210.25269834,1.2,2400,9,2,57-12,"[['RX_GW', 498.428618929, 2400, 9, 2, 868.1, -127.993287869, '00:00:00:00:00:02']]"
TX,498.349909734,291925.942274919,4641996.512107277,1.2,2054,11,2,357-6,[]
TX,498.995103037,292698.455333578,4641816.669713894,1.2,1378,12,2,266-25,[]
TX,499.030109152,286175.355845351,4631416.938778833,1.2,350,12,2,137-17,[]
TX,499.060407823,289339.245834688,4634320.326950206,1.2,2081,12,2,361-21,[]
TX,499.268588229,291956.947986541,4642588.082595235,1.2,120,12,2,109-18,[]
TX,499.28888819,289719.301389129,4647163.7167928,1.2,73,12,2,104-20,[]
TX,499.394989567,290619.302105916,4642237.991855542,1.2,1110,9,2,232-4,[]
TX,499.5077797,290293.504240444,4641970.241710289,1.2,1720,8,2,310-1,[]
TX,499.57761337,289659.267658648,4643507.448916676,1.2,288,12,2,128-19,[]
TX,499.671606545,290061.02361876,4642388.700997517,1.2,1888,9,2,335-15,[]
TX,499.725337754,291942.697480451,4642584.176125888,1.2,115,12,2,109-13,[]
TX,499.781966079,292478.92448698,4641898.140791849,1.2,256,12,2,125-10,[]
TX,499.783575326,291451.538172792,4642030.574037509,1.2,1521,10,2,287-21,[]
TX,499.826728247,286377.902258754,4640680.531298837,1.2,1333,12,2,259-4,[]
TX,499.850432343,294989.255525581,4643235.020341386,1.2,2098,11,2,363-13,[]
TX,499.91642462,291473.401223093,4635931.841716789,1.2,1420,12,2,270-11,[]
TX,499.947640891,274717.836222791,4630972.511844999,1.2,1898,12,2,336-17,[]
TX,500.004970276,292840.899202392,4641300.167952878,1.2,1535,12,2,287-9,[]
TX,500.109751737,282190.320583525,4637415.315152278,1.2,428,12,2,140-29,[]
TX,500.177338543,292848.860543001,4641926.129039605,1.2,30,12,2,101-18,[]
TX,500.255615825,292280.030809357,4642339.841860916,1.2,1086,12,2,231-13,[]
TX,500.335962341,296704.657660017,4642730.43542613,1.2,2617,10,2,81-25,[]
TX,500.452707833,288370.26144707,4638653.971491867,1.2,85,12,2,105-3,[]
TX,500.539197726,291441.720086422,4642047.937739461,1.2,1523,12,2,287-23,[]
TX,500.557538105,292801.170685645,4640495.226801603,1.2,1758,12,2,317-15,[]
TX,500.692796606,291982.722984683,4643712.112922513,1.2,2607,12,2,80-19,[]
TX,500.873763491,290692.90071141,4641306.891008966,1.2,1339,7,2,260-21,[]
TX,500.936419891,282738.134799541,4632834.579822432,1.2,2134,12,2,368-17,[]
TX,501.158467718,273728.540373566,4630672.220803852,1.2,163,12,2,111-12,[]
TX,501.207720937,290103.00542972,4643306.959536647,1.2,2754,12,2,97-11,[]
TX,501.419733737,291149.701445833,4641369.873711869,1.2,143,8,2,11-29,[]
TX,501.424383598,289176.137209619,4642515.413892545,1.2,2444,11,2,66-18,[]
TX,501.520718618,295564.831928305,4646063.576384046,1.2,2267,12,2,47-1,[]
TX,501.593554247,294714.006510229,4642497.497021112,1.2,262,8,2,125-25,[]
TX,501.599592451,292479.530440717,4641949.181246262,1.2,329,12,2,130-6,[]
TX,501.636367189,292900.249585828,4641236.996702027,1.2,2632,12,2,82-6,[]
TX,501.981990284,291913.592736685,4642579.56790946,1.2,496,12,2,149-1,[]
TX,502.240165294,290469.812813659,4643856.506047836,1.2,766,12,2,182-3,[]
TX,502.272834004,291242.018583938,4641281.822524393,1.2,317,9,2,130-20,[]
TX,502.372755836,291028.220347754,4640439.354858982,1.2,536,9,3,152-11,[]
TX,502.407112633,292058.851144703,4644170.543397959,1.2,2395,12,2,56-6,[]
TX,502.448535606,292324.181089638,4642046.123160914,1.2,820,12,2,19-1,[]
TX,502.492533271,291561.583384077,4641380.127076974,1.2,2403,10,2,57-28,[]
TX,502.575185965,291136.728835745,4642472.284568398,1.2,893,12,2,200-24,[]
TX,502.613021716,289614.331565891,4643517.713856574,1.2,1996,12,2,348-18,[]
TX,502.822447896,290349.157118344,4630431.912846499,1.2,1932,12,2,339-24,[]
TX,502.840177218,293320.532434046,4644284.713715938,1.2,1554,12,2,29-9,[]
TX,502.87542899,291196.58270129,4641970.59697726,1.2,2613,10,2,81-12,[]
TX,502.935214412,287913.927158947,4643986.333635481,1.2,2751,12,2,96-6,[]
TX,502.948382354,292527.392858969,4642917.099769169,1.2,1721,12,2,310-17,[]
TX,502.969008604,291052.811922859,4641358.661847387,1.2,904,8,2,201-25,[]
TX,502.983320791,290685.172901283,4646600.54814555,1.2,2506,12,2,71-18,[]
TX,503.032721998,292235.535811076,4641923.658054817,1.2,788,12,2,186-10,[]
TX,503.083109935,289540.052393486,4641829.21493186,1.2,720,7,2,178-18,[]
TX,503.126518257,292346.763962328,4642349.934263598,1.2,516,12,2,151-11,[]
TX,503.233177499,290360.470227573,4642025.239299754,1.2,650,9,2,163-4,[]
TX,503.265158689,290919.521938012,4642156.504642647,1.2,1607,12,2,3-24,[]
TX,503.740432537,289890.230682069,4633915.239865151,1.2,1629,12,2,303-29,[]
TX,504.214227041,292832.303034159,4643548.90039842,1.2,2450,12,2,66-5,[]
TX,504.280006558,293207.632805693,4642037.728234214,1.2,1107,11,2,232-20,"[['RX_GW', 505.760768468, 1107, 11, 2, 868.1, -134.622173084, '00:00:00:00:00:04']]"
TX,504.285953915,278158.830913195,4632358.087939495,1.2,1486,12,2,28-13,[]
TX,504.308419892,292329.206803604,4642046.378393834,1.2,1184,12,2,24-21,[]
TX,504.330549615,292804.490206501,4641971.008374633,1.2,736,12,2,181-12,[]
TX,504.371716144,290508.078113044,4642161.819782034,1.2,1176,9,2,24-13,[]
TX,504.393804788,292528.35770719,4642922.812048337,1.2,2413,12,2,58-7,[]
TX,504.400001356,292175.986630293,4643554.248868928,1.2,2549,12,2,73-30,[]
TX,504.40848064,290872.541084957,4642313.04147187,1.2,1540,11,2,288-21,[]
TX,504.425237812,289835.195106139,4639644.664980733,1.2,2702,9,2,91-30,[]
TX,504.478171329,290848.442414066,4642276.112055261,1.2,1495,10,2,282-17,[]
TX,504.546921896,290555.756360223,4636598.105354405,1.2,713,12,2,175-30,[]
TX,504.839612663,292192.170272461,4642167.849987754,1.2,1628,12,2,303-26,[]
TX,504.860673741,295036.29583481,4642939.080289163,1.2,1684,9,2,309-19,[]
TX,504.935720223,290835.513858114,4642284.503451399,1.2,1443,10,2,273-21,[]
TX,504.978520363,289957.869250592,4642376.05395813,1.2,1606,9,2,3-14,[]
TX,505.097709856,291983.412283935,4643701.435308755,1.2,117,12,2,109-15,[]
TX,505.124692413,290608.851667969,4643898.393901263,1.2,2320,12,2,50-26,[]
TX,505.513228342,292889.915595968,4642625.911569986,1.2,507,12,2,150-20,[]
TX,505.740146155,291188.44102058,4641315.839167622,1.2,86,8,2,105-4,[]
TX,505.745196252,289179.188466173,4643473.200702238,1.2,1174,12,2,24-11,[]
TX,505.832407467,292335.249638282,4642047.930493802,1.2,1853,12,2,330-8,[]
TX,505.926419747,291047.412930555,4641114.18369213,1.2,2035,9,2,353-29,[]
TX,505.957580957,290431.057269491,4643858.143696479,1.2,39,12,2,101-29,[]
TX,506.067072822,289835.485734144,4643475.78889258,1.2,1111,12,2,232-5,[]
TX,506.260129348,293116.132033765,4643552.057697739,1.2,2182,12,2,40-14,[]
TX,506.283049859,291988.463681838,4642600.679882983,1.2,1393,12,2,268-18,[]
TX,506.328745396,272372.244503716,4629643.951716934,1.2,87,12,2,106-10,[]
TX,506.462474047,271621.794689535,4630623.402036656,1.2,1568,12,3,291-4,[]
TX,506.516632049,295690.742906287,4643042.477163779,1.2,1795,9,2,321-20,[]
TX,506.575231758,291390.114313238,4652286.870628049,1.2,2084,12,2,361-5,[]
TX,506.645244827,289973.948579047,4637827.813098744,1.2,1260,12,2,249-6,[]
TX,506.70174927,295253.619318915,4645386.472673164,1.2,1886,12,2,334-7,[]
TX,506.74223943,294669.415057179,4643026.293530879,1.2,2475,11,2,68-7,[]
TX,506.750747308,291524.181770148,4642707.535877727,1.2,1286,12,2,254-15,[]
TX,506.756971042,290952.333900658,4640843.054092637,1.2,392,8,2,139-22,[]
TX,506.889020724,291981.814456574,4643717.572989594,1.2,2476,12,2,7-17,[]
TX,506.992891986,292579.086919723,4641381.889839523,1.2,981,12,2,214-19,[]
TX,507.01483831,291184.005196506,4640435.429494873,1.2,359,8,2,137-27,[]
TX,507.051318271,291974.95753474,4642593.963858557,1.2,321,12,2,130-24,[]
TX,507.066915826,290027.761365529,4641531.656897367,1.2,2435,7,2,61-6,[]
TX,507.067404463,290818.288311813,4640546.189444192,1.2,4,7,2,100-14,[]
TX,507.070662204,294751.831911861,4644000.490995116,1.2,1983,12,2,346-2,[]
TX,507.327674807,293906.950650159,4643695.530242334,1.2,2317,12,2,50-21,[]
TX,507.370046125,290389.896244572,4642330.971776148,1.2,679,10,2,171-24,[]
TX,507.431760506,291097.188517075,4642460.907468387,1.2,831,12,2,190-19,[]
TX,507.452775863,291140.225256126,4642475.819100318,1.2,1921,12,2,338-6,[]
TX,507.518967376,292125.029444668,4643228.413238977,1.2,22,12,2,101-1,[]
TX,507.548692313,291696.221968337,4642121.225516381,1.2,2693,12,2,91-15,[]
TX,507.607003322,291718.565112204,4642048.042170136,1.2,1664,11,2,306-20,[]
TX,507.656818858,291344.044229762,4642017.600542316,1.2,2761,11,2,97-20,[]
TX,507.69418273,280063.469023834,4632616.008880599,1.2,1717,12,2,31-5,[]
TX,507.999169898,292067.379707189,4640502.695646024,1.2,263,12,2,125-26,[]
TX,508.044589212,292163.37735872,4639347.068858408,1.2,2185,12,2,40-26,[]
TX,508.109976836,292410.852243336,4637347.400213574,1.2,1215,12,2,244-12,[]
TX,508.222585889,286449.489662503,4642154.29121051,1.2,1292,12,2,254-20,[]
TX,508.284205056,291414.062465659,4643119.787037432,1.2,183,12,2,112-7,[]
TX,508.606603676,292682.442478692,4642050.76162543,1.2,1231,12,2,245-25,[]
TX,508.765863328,292559.054368738,4639041.374744935,1.2,1265,12,2,250-20,[]
TX,508.887850255,289951.796965413,4634416.637022885,1.2,1783,12,2,320-11,[]
TX,508.898373347,292402.900837223,4637323.245744687,1.2,649,12,2,163-30,[]
TX,509.010306612,291870.435565,4642564.777492275,1.2,763,12,2,182-22,[]
TX,509.089509708,291312.658973299,4642014.092473543,1.2,479,12,2,148-19,[]
TX,509.39162164,291840.103501903,4645294.542792352,1.2,2331,12,2,51-10,[]
TX,509.398783188,286696.244915906,4641698.021919262,1.2,2696,12,2,91-18,[]
TX,509.435269805,290553.063497098,4641013.091959399,1.2,294,7,2,128-30,[]
TX,509.438839188,290696.70032851,4644617.468921399,1.2,2536,12,2,72-24,[]
TX,509.461466587,273689.458340856,4630633.09847449,1.2,2059,12,2,358-13,[]
TX,509.465751391,277496.080630424,4632381.31932102,1.2,827,12,2,190-15,[]
TX,509.736255647,291994.993239444,4643717.428352494,1.2,2563,12,2,75-23,[]
TX,509.933977371,290675.439305225,4641326.044564063,1.2,2106,7,2,363-26,[]
TX,510.026193602,282977.145615671,4640408.126686323,1.2,1307,12,2,256-11,[]
TX,510.026955729,290676.340941218,4641295.597329117,1.2,1712,7,3,31-28,[]
TX,510.128131231,291835.077913579,4642449.655647577,1.2,2432,12,2,61-30,[]
TX,510.274460506,291403.318267595,4641344.390123843,1.2,1598,9,2,298-4,"[['RX_GW', 510.646227069, 1598, 9, 2, 868.1, -129.687167203, '00:00:00:00:00:02']]"
TX,510.32571602,291493.778526479,4641989.599270144,1.2,218,10,2,12-29,[]
TX,510.430834912,291880.095899113,4641951.891419698,1.2,532,12,2,151-7,[]
TX,510.56438391,290515.438761111,4647228.055080246,1.2,1544,12,2,29-10,[]
TX,510.613046828,289813.430289548,4642682.332480036,1.2,1066,11,2,226-5,[]
TX,510.627204687,287135.348783373,4634224.114865399,1.2,1345,12,2,261-11,[]
TX,510.678618748,292328.09367277,4642045.470696185,1.2,1854,12,2,330-9,[]
TX,510.770077053,290358.825140006,4641449.64185516,1.2,795,7,2,186-25,"[['RX_GW', 510.885072799, 795, 7, 2, 868.1, -115.244307148, '00:00:00:00:00:02']]"
TX,510.825691226,290101.03288657,4642429.747179669,1.2,2164,9,2,372-25,[]
TX,510.839106172,291699.322015101,4643908.747244017,1.2,230,12,2,121-29,[]
TX,510.926195168,292000.091939894,4643705.266985923,1.2,2357,12,2,53-20,[]
TX,511.229290227,290620.296214501,4641503.388001598,1.2,2157,7,2,371-25,"[['RX_GW', 511.344286699, 2157, 7, 2, 868.1, -121.822219529, '00:00:00:00:00:02']]"
TX,511.275455964,286675.528856986,4641702.521287486,1.2,2240,12,2,44-28,[]
TX,511.571446896,292545.183967857,4642599.069208276,1.2,1346,12,2,261-12,[]
TX,511.699835413,292977.940684113,4642277.552720158,1.2,2510,12,2,71-21,[]
TX,511.76621116,292746.201914376,4641857.682911093,1.2,2072,12,2,358-6,[]
TX,511.784261877,292483.041899233,4643067.092688979,1.2,1740,12,2,311-5,[]
TX,512.009901833,290637.059808271,4642980.915030791,1.2,84,12,2,105-21,[]
TX,512.148552359,292506.061884362,4642901.762771175,1.2,437,12,2,141-14,[]
TX,512.176643024,275589.95158412,4631583.233765978,1.2,1270,12,2,250-6,[]
TX,512.347419386,292340.778220828,4641559.889086585,1.2,2538,12,2,72-26,[]
TX,512.352796565,281599.19027323,4632736.625222919,1.2,1288,12,2,254-17,[]
TX,512.474227728,291157.244253036,4638950.200924628,1.2,2614,12,2,81-13,[]
TX,512.551450566,293775.39421377,4646501.137958188,1.2,2772,12,2,97-5,[]
TX,512.624092263,291223.376710157,4642256.114943547,1.2,273,12,2,127-1,[]
TX,512.742035903,292069.30129675,4641796.680707332,1.2,1890,12,2,335-19,[]
TX,512.834245744,291773.83989145,4640434.20327125,1.2,1181,11,2,24-19,[]
TX,512.977609664,290072.939019874,4641521.483367705,1.2,738,7,2,181-14,[]
TX,513.510522988,286454.950621697,4642770.25348549,1.2,465,12,2,147-14,[]
TX,513.67988335,289709.395658497,4642801.715303857,1.2,1811,12,2,322-6,[]
TX,513.749460311,294091.619412909,4643865.932861478,1.2,2275,12,2,47-17,[]
TX,513.838310311,292157.684249874,4642193.204253353,1.2,356,12,2,137-24,[]
TX,513.845947605,291948.371159975,4642573.948601068,1.2,2548,12,2,73-3,[]
TX,513.92594953,290361.564880659,4641804.257305828,1.2,661,7,2,167-19,[]
TX,513.937763273,289009.230169177,4643792.500554322,1.2,43,12,2,101-6,[]
TX,513.972112856,295669.639551786,4636695.514993919,1.2,2301,12,2,48-28,[]
TX,514.100040366,291977.127488713,4643979.764373038,1.2,719,12,2,176-28,[]
TX,514.181189326,293358.270665418,4642708.989202251,1.2,54,12,2,102-5,[]
TX,514.296077176,289306.903735995,4634644.592382886,1.2,205,12,2,119-11,[]
TX,514.591132417,290745.80778712,4642882.908556606,1.2,2161,12,2,372-22,[]
TX,514.639346087,289717.462584714,4647164.324091077,1.2,547,12,2,153-17,[]
TX,514.699402468,288224.253152712,4632732.042204555,1.2,2669,12,2,85-11,[]
TX,514.915662554,292689.574661312,4640509.330166177,1.2,642,12,2,163-21,[]
TX,514.96266595,290979.588815857,4641321.693348575,1.2,1487,8,2,28-14,[]
TX,515.03714809,292477.923710402,4642906.635210394,1.2,1293,12,2,254-21,[]
TX,515.189004471,292691.007251451,4641814.954048163,1.2,1959,12,2,340-6,[]
TX,515.198250565,293821.207399473,4640806.196673219,1.2,2543,11,2,72-4,[]
TX,515.289074115,290389.392494303,4645804.543298989,1.2,1776,12,2,318-21,[]
TX,515.439838831,292287.944060532,4644279.769534616,1.2,2069,12,2,358-27,[]
TX,515.49361492,292663.941309672,4641779.064378831,1.2,1580,12,2,293-4,[]
TX,515.525528886,295628.536889246,4645564.967680244,1.2,2273,12,2,47-15,[]
TX,515.533461098,290827.508044773,4641303.620351768,1.2,1871,7,2,332-6,[]
TX,515.703089969,290679.484725834,4641303.377894673,1.2,1389,7,2,267-26,[]
TX,515.712957931,272192.909431056,4629700.77786706,1.2,1294,12,3,254-24,[]
TX,515.716448989,296617.149262744,4643187.91680616,1.2,1070,10,2,226-9,[]
TX,515.87065366,288186.859407413,4643906.982053848,1.2,2433,12,2,61-4,[]
TX,515.97074748,292330.095390602,4642052.270297042,1.2,261,12,2,125-24,[]
TX,516.034743085,289606.348221165,4643583.459068778,1.2,810,12,3,187-5,[]
TX,516.102919862,290967.036092423,4640462.626177412,1.2,847,9,2,194-24,[]
TX,516.141469514,290322.734666159,4640361.466671215,1.2,397,7,2,139-28,[]
TX,516.205722451,291850.203544033,4642549.583061247,1.2,1136,12,2,237-26,[]
TX,516.438267403,290079.788482371,4642388.796899612,1.2,260,9,2,125-14,[]
TX,516.489164637,290379.323830591,4641811.257500116,1.2,790,7,2,186-12,[]
TX,516.649584716,295630.685588599,4645584.55448325,1.2,2347,12,2,51-27,[]
TX,516.768170958,291126.001105824,4642467.57386313,1.2,889,12,2,200-10,[]
TX,516.81930977,292312.030790292,4642054.622809829,1.2,1168,12,2,239-6,[]
TX,516.884715784,293317.020282729,4644298.377725215,1.2,1691,12,2,309-4,[]
TX,516.974477897,292396.120759674,4643046.776905345,1.2,1133,12,2,237-14,[]
TX,517.181181051,273673.352184092,4630624.585868347,1.2,1566,12,2,290-7,[]
TX,517.206175851,292685.47906166,4641807.90052944,1.2,1963,12,2,341-17,[]
TX,517.239673288,292544.880931433,4637205.809138569,1.2,1320,12,2,256-26,[]
TX,517.253091924,292705.820883115,4641843.803081052,1.2,1035,12,2,223-12,[]
TX,517.292479931,290963.883667632,4640762.228204254,1.2,1502,8,2,282-5,[]
TX,517.516869678,291901.462385651,4642569.617002917,1.2,687,12,2,172-20,[]
TX,517.70184919,291838.741093853,4642546.12944899,1.2,1351,12,2,261-26,[]
TX,517.727596431,290681.650139844,4642771.49931808,1.2,1037,12,3,223-14,[]
TX,517.795954361,273729.25949141,4630645.549330396,1.2,1673,12,2,308-14,[]
TX,517.902206922,291518.935428331,4641339.325352963,1.2,525,10,2,151-25,[]
TX,518.349850876,271898.707411923,4630635.885732176,1.2,2216,12,2,43-18,[]
TX,518.395763404,291667.806963541,4642108.137880342,1.2,2558,12,2,75-18,[]
TX,518.405103761,291495.184192388,4643822.864880095,1.2,2307,12,2,49-9,[]
TX,518.504835584,291636.181338486,4644618.982586711,1.2,1768,12,2,317-6,[]
TX,518.514563057,291014.117812104,4641912.668341852,1.2,2648,9,2,84-15,[]
TX,518.559987526,290668.168675467,4633789.605351239,1.2,714,12,3,175-4,[]
TX,518.646793364,291033.390038215,4644015.306812072,1.2,2473,12,2,68-4,[]
TX,518.682770899,271823.882993506,4630238.057383026,1.2,1282,12,2,254-11,[]
TX,518.825049779,290220.595288539,4636607.511986549,1.2,1916,12,2,338-19,[]
TX,518.906142329,289572.248417555,4641585.344801604,1.2,1076,7,2,229-20,[]
TX,519.012046876,293431.893821521,4643992.72387744,1.2,2283,12,2,47-26,[]
TX,519.110966607,289311.490643258,4639753.79630116,1.2,990,9,2,215-10,[]
TX,519.69514124,294386.814816537,4643074.25222414,1.2,1764,12,2,317-21,[]
TX,519.903424112,290465.247884888,4641508.619987031,1.2,2592,7,2,79-6,[]
TX,520.10029401,289212.035169183,4642073.189769592,1.2,459,9,2,145-8,[]
TX,520.192144134,292817.722245437,4641981.132184397,1.2,458,12,2,145-28,[]
TX,520.250787776,292904.661537184,4640431.067395919,1.2,1670,12,2,308-11,[]
TX,520.79405296,273712.75073241,4630638.968193164,1.2,2184,12,2,40-25,[]
TX,520.859752986,291282.327126274,4642395.814935403,1.2,2739,12,2,95-30,[]
TX,520.884744305,291759.709351521,4641534.01100838,1.2,1143,12,2,238-24,[]
TX,520.927135525,292553.807535567,4641852.940549942,1.2,2539,12,2,72-27,[]
TX,521.141742881,290094.844474928,4642399.031072655,1.2,1842,9,2,330-19,[]
TX,521.199635862,298201.742014772,4636330.664489395,1.2,307,12,2,129-27,[]
TX,521.264800446,293771.632174541,4643339.77640929,1.2,2209,12,2,42-28,[]
TX,521.29380285,294115.463705901,4647404.045345426,1.2,2519,12,2,71-4,[]
TX,521.294842139,291028.99265883,4641934.114131447,1.2,1667,9,2,306-6,[]
TX,521.368373528,291233.984941521,4644163.218233633,1.2,2521,12,2,71-6,[]
TX,521.429462674,291688.423802277,4642153.967319041,1.2,1367,12,2,264-21,[]
TX,521.613690916,292534.132766031,4642918.94314567,1.2,2484,12,2,7-6,[]
TX,521.672396182,290646.441506256,4633744.890824912,1.2,971,12,2,211-12,[]
TX,521.776849813,290887.73493244,4639823.810245677,1.2,355,8,2,137-21,[]
TX,521.830901758,291097.244048495,4642462.509779585,1.2,891,12,2,200-13,[]
TX,522.035904722,291635.511428351,4642109.827421878,1.2,1254,12,2,248-7,[]
TX,522.209610347,292223.668220986,4641917.796703896,1.2,624,12,2,162-27,[]
TX,522.39606941,287499.812828641,4640813.549553875,1.2,2180,12,2,40-12,[]
TX,522.607898808,293210.784802655,4643915.14482663,1.2,442,12,2,141-26,[]
TX,522.757577095,291905.438616519,4641094.230736387,1.2,2755,12,3,97-12,[]
TX,522.840661518,292304.197717682,4642036.74058933,1.2,821,12,2,19-2,[]
TX,522.902018145,293277.195361732,4640226.345941818,1.2,2282,12,2,47-25,[]
TX,522.983586726,289649.303438925,4641970.005777584,1.2,213,8,2,12-17,[]
TX,523.041728625,291323.149637108,4640043.375181823,1.2,1917,11,2,338-21,[]
TX,523.301741563,303175.233403505,4636762.598576785,1.2,411,12,2,140-11,[]
TX,523.491127671,294015.202274506,4641018.931873553,1.2,2502,10,2,71-14,[]
TX,523.520478186,289892.717690826,4643942.09761198,1.2,1033,12,2,223-10,[]
TX,523.611515099,292219.686861428,4638912.247720883,1.2,1429,12,2,270-24,[]
TX,523.72381752,291111.30538915,4641359.651309015,1.2,101,9,2,107-12,"[['RX_GW', 524.095583178, 101, 9, 2, 868.1, -127.350702511, '00:00:00:00:00:02']]"
TX,523.751108112,292315.30359616,4642053.756040235,1.2,154,12,2,110-22,[]
TX,523.773718361,292079.849018103,4640514.927157581,1.2,253,12,2,124-4,[]
TX,523.829729315,291839.740643526,4642547.949269249,1.2,332,12,2,130-9,[]
TX,523.839747229,286579.987338157,4641699.200733683,1.2,1965,12,2,341-19,[]
TX,523.960101921,295535.49202655,4642516.14909431,1.2,667,7,2,167-6,[]
TX,524.016548601,287556.376608092,4641397.388019847,1.2,1055,12,2,226-20,[]
TX,524.178155446,292088.822559397,4640580.090856258,1.2,1841,12,2,330-18,[]
TX,524.194785579,289268.569968302,4639200.177365161,1.2,1818,11,2,324-13,[]
TX,524.386799553,290747.362690799,4642890.688063812,1.2,1653,12,2,305-26,[]
TX,524.406603778,292948.752379845,4643550.52719211,1.2,2259,12,2,46-18,[]
TX,524.423111856,292329.742941156,4642050.238216395,1.2,875,12,2,198-12,[]
TX,524.614151303,290878.457583285,4642329.356884781,1.2,2367,11,2,54-24,[]
TX,524.761756497,291681.244126704,4640050.047276895,1.2,762,12,2,182-21,[]
TX,524.91535997,291120.069703972,4642464.164343094,1.2,894,12,2,200-25,[]
TX,524.976063127,289211.437887583,4642072.788746598,1.2,326,9,2,130-3,[]
TX,525.187729949,292300.953312228,4642053.100308738,1.2,8,12,2,100-20,[]
TX,525.217995615,290860.310321286,4642315.382543454,1.2,1541,11,2,288-3,[]
TX,525.24036829,292102.294564614,4642240.988425503,1.2,242,12,2,124-13,[]
TX,525.428131681,292230.53203689,4638860.046976188,1.2,2671,12,2,85-13,[]
TX,525.634348863,292894.36978541,4642827.373808388,1.2,383,12,2,138-6,[]
TX,525.803324273,293707.440327048,4645337.822737644,1.2,733,12,2,179-7,[]
TX,525.823569621,290834.365620154,4642259.588710172,1.2,890,12,2,200-12,[]
TX,525.826736587,271809.993062273,4630650.088950046,1.2,1404,12,2,269-15,[]
TX,525.917116496,289181.84622362,4642524.538583289,1.2,1553,11,2,29-28,[]
TX,526.031294708,292024.644868819,4641767.529406731,1.2,771,12,2,182-8,[]
TX,526.093693175,285896.128811047,4641166.732170212,1.2,1121,12,2,234-19,[]
TX,526.228177507,295087.528290911,4646533.860417036,1.2,1329,12,3,259-19,[]
TX,526.257619932,292257.57619112,4636532.328109014,1.2,2159,12,3,371-27,[]
TX,526.27963154,296748.879613926,4646471.518739725,1.2,2355,12,2,53-18,[]
TX,526.399222825,291995.606546849,4643707.226428804,1.2,2571,12,2,75-9,[]
TX,526.413755769,292790.177199819,4641123.868625457,1.2,2438,12,2,62-12,[]
TX,526.437544581,291050.206000349,4644012.274270712,1.2,2239,12,2,44-27,[]
TX,526.560508146,290400.582734443,4640851.071529782,1.2,1810,7,2,322-5,[]
TX,526.691235971,291835.590050779,4642544.659551164,1.2,2663,12,2,84-30,[]
TX,526.695492645,299797.429057952,4645120.907855457,1.2,2215,12,2,43-17,[]
TX,526.872475332,289981.84034812,4637837.349677177,1.2,2641,12,2,83-7,[]
TX,527.182198952,291842.118795136,4642552.919718854,1.2,1645,12,2,305-17,[]
TX,527.187882972,291879.306898023,4642563.806934745,1.2,540,12,2,152-25,[]
TX,527.229977945,289932.326092617,4634389.428614552,1.2,1567,12,2,291-3,[]
TX,527.624360548,294666.480394422,4645238.026831034,1.2,1793,12,2,321-18,[]
TX,527.631936479,290083.756589044,4645117.631971362,1.2,1883,12,2,334-4,[]
TX,527.64602108,289018.330938617,4643553.912910667,1.2,2194,12,2,41-25,[]
TX,527.700982879,293570.865227281,4643768.365038271,1.2,772,12,2,182-9,[]
TX,527.79637064,290748.530220874,4642883.301929033,1.2,2345,12,2,51-25,[]
TX,527.933879666,290060.647864685,4642394.230642732,1.2,1426,9,2,270-21,[]
TX,528.01439168,290223.082248476,4644663.723253405,1.2,2741,12,2,95-6,[]
TX,528.109351881,299751.186811641,4630062.289394295,1.2,1220,12,2,244-24,[]
TX,528.28632261,292684.145299302,4641821.051554607,1.2,1246,12,2,248-18,[]
TX,528.357664657,271796.370506753,4630034.08066129,1.2,1170,12,2,239-8,[]
TX,528.358912795,290799.785111372,4635873.718197658,1.2,1937,12,2,339-3,[]
TX,528.612681433,291111.286284701,4642465.641748256,1.2,1638,12,2,305-10,[]
TX,528.894058703,291039.769576877,4644008.181720788,1.2,2501,12,2,71-13,[]
TX,528.931229702,291836.851382821,4642572.960403631,1.2,946,12,2,206-25,[]
TX,529.017743601,291986.308630303,4643716.078845355,1.2,377,12,2,138-26,[]
TX,529.037510951,289314.643755752,4634329.491445261,1.2,1789,12,2,320-27,[]
TX,529.161611753,290978.226558112,4636333.719854028,1.2,2492,12,2,70-21,[]
TX,529.352341092,273698.079109375,4630639.824175829,1.2,2414,12,2,59-17,[]
TX,529.46097572,293728.802771786,4636082.041627928,1.2,1169,12,2,239-7,[]
TX,529.626289048,291064.978181791,4644021.971981008,1.2,1537,12,2,288-18,[]
TX,529.662027594,288118.454792046,4641931.324361545,1.2,706,12,3,174-5,[]
TX,529.782802261,295167.902948483,4645320.668374472,1.2,2286,12,2,47-3,[]
TX,529.864199424,291679.407160915,4642110.499552131,1.2,2389,12,2,56-26,[]
TX,529.92960069,290131.407130926,4636819.373915937,1.2,1489,12,2,28-25,[]
TX,529.977170066,294980.548556381,4642683.601957673,1.2,1518,9,2,287-18,"[['RX_GW', 530.34893563, 1518, 9, 2, 868.1, -127.004569106, '00:00:00:00:00:04']]"
TX,530.013706077,292701.752904687,4641820.42092773,1.2,2591,12,2,79-5,[]
TX,530.041939449,283159.516854014,4632882.116414636,1.2,1394,12,2,268-19,[]
TX,530.148429008,290367.117954404,4641831.747912603,1.2,172,7,3,112-18,[]
TX,530.289064666,291686.396434323,4642112.117839806,1.2,567,12,2,155-29,[]
TX,530.365399707,273714.423235405,4630613.897844269,1.2,616,12,2,162-10,[]
TX,530.407258905,292421.260724241,4643505.028183319,1.2,554,12,2,153-3,[]
TX,530.732800901,285597.841553724,4641197.416658172,1.2,952,12,2,209-11,[]
TX,530.820318957,288742.132962562,4643565.662607145,1.2,7,12,3,100-19,[]
TX,530.949245701,292545.736003861,4642582.616907163,1.2,2477,12,2,7-18,[]
TX,531.023917398,291388.140177425,4642045.707881285,1.2,1192,12,2,24-30,[]
TX,531.056561702,274371.250853131,4630723.200742127,1.2,1584,12,2,294-24,[]
TX,531.096919353,291911.677201591,4642849.516481452,1.2,1769,12,2,317-7,[]
TX,531.162676476,290378.820071683,4642633.781954026,1.2,1601,11,2,298-7,[]
TX,531.187911633,291787.943757115,4642595.230194418,1.2,352,12,2,137-19,[]
TX,531.222036497,290334.025964688,4641868.854713694,1.2,419,7,2,140-19,[]
TX,531.280939173,286695.599668297,4641695.532962284,1.2,1700,12,2,31-14,[]
TX,531.282546347,297443.208688438,4647011.109897432,1.2,2166,12,3,372-28,[]
TX,531.633755383,291185.363476595,4641320.006947187,1.2,1694,8,2,309-7,[]
TX,531.865858119,294135.255455309,4647411.55774268,1.2,2771,12,2,97-4,[]
TX,531.924142976,290813.726351966,4643137.480358503,1.2,23,12,2,101-10,[]
TX,531.953852463,292523.569709274,4642908.258333061,1.2,1693,12,2,309-6,[]
TX,531.989142115,297930.835495982,4632677.269905217,1.2,1506,12,2,284-22,[]
TX,532.044332885,292285.406675364,4636331.36417838,1.2,17,12,2,100-4,[]
TX,532.082438346,291210.270943161,4641289.042131142,1.2,389,9,2,139-12,[]
TX,532.083712867,291750.458349215,4642826.919853309,1.2,2744,12,2,96-18,[]
TX,532.089661032,289855.772637265,4635425.566418866,1.2,999,12,3,215-26,[]
TX,532.092312644,291855.177933463,4641087.042603546,1.2,2615,12,2,81-14,[]
TX,532.101230238,289146.726103352,4638600.751006186,1.2,1398,12,2,268-3,[]
TX,532.337119591,291240.442715165,4642284.66240679,1.2,839,12,2,190-6,[]
TX,532.365200642,292322.753932614,4642052.77565443,1.2,497,12,2,149-15,[]
TX,532.448223486,291937.175189082,4642224.357447701,1.2,1762,12,2,317-19,[]
TX,532.49967118,290578.019330783,4642344.332590427,1.2,886,9,2,199-23,"[['RX_GW', 532.871437912, 886, 9, 2, 868.1, -127.645181118, '00:00:00:00:00:02']]"
TX,532.534182565,290548.810286617,4642304.171655611,1.2,444,11,2,141-28,[]
TX,532.622226379,290942.039576692,4644485.362464821,1.2,1445,12,3,273-5,[]
TX,532.662212124,291757.254187477,4639540.552044402,1.2,969,12,2,21-28,[]
TX,533.083743615,293782.18149484,4646503.331799117,1.2,905,12,2,201-26,[]
TX,533.241114045,289758.373873939,4637897.787540359,1.2,2643,12,2,84-10,[]
TX,533.313371247,291897.086516468,4641976.815106701,1.2,2762,11,2,97-21,[]
TX,533.434825016,289599.773197844,4637958.36089044,1.2,1476,12,2,279-11,[]
TX,533.448824324,292322.627571688,4642046.04805355,1.2,254,12,2,124-6,[]
TX,533.497762392,292394.372439527,4637334.601225719,1.2,257,12,2,125-11,[]
TX,533.658428658,284806.058655467,4633030.21701468,1.2,2422,12,2,60-20,[]
TX,533.663553933,294396.067852978,4643070.498856046,1.2,1153,12,2,239-17,[]
TX,533.691966683,282750.27265779,4632847.173700879,1.2,1262,12,3,250-17,[]
TX,533.730831254,286834.632376909,4634324.198952663,1.2,2488,12,2,70-18,[]
TX,533.903452219,291010.830227718,4639217.448864013,1.2,2292,12,2,48-10,[]
TX,533.947001145,292182.718289055,4642180.98218127,1.2,367,12,2,137-7,[]
TX,533.977520676,291038.788563797,4644011.915888107,1.2,2319,12,2,50-25,[]
TX,533.994097094,286940.861588951,4641575.686116756,1.2,1431,12,2,270-26,[]
TX,533.99871262,292953.904253622,4640320.365218624,1.2,1106,12,2,232-19,[]
TX,534.000582542,295196.826022072,4645342.062391546,1.2,2272,12,2,47-14,[]
TX,534.153952918,290059.976780936,4642388.487407008,1.2,1417,9,2,269-6,[]
TX,534.214827233,277939.198829317,4632421.687939469,1.2,1939,12,3,339-5,[]
TX,534.230312459,288977.059745259,4642602.549063041,1.2,1025,12,3,221-27,[]
TX,534.258069842,292836.673504218,4642168.538762115,1.2,1105,12,2,232-18,[]
TX,534.262423582,292279.354037681,4642333.294386316,1.2,2087,12,2,362-17,[]
TX,534.287509253,290473.92209744,4645043.357502935,1.2,970,12,2,211-11,[]
TX,534.341047231,292104.975537054,4640603.91502804,1.2,1799,12,3,321-5,[]
TX,534.416344352,289751.635916341,4645778.550070836,1.2,466,12,2,147-24,[]
TX,534.52705622,290671.061833834,4641303.674037178,1.2,1736,7,2,311-20,[]
TX,534.646371522,289972.632800815,4637697.242709732,1.2,336,12,2,131-14,[]
TX,534.68639334,272066.672513623,4630347.425555232,1.2,220,12,2,12-30,[]
TX,534.807690661,292691.250505303,4641811.605142252,1.2,2587,12,2,79-19,[]
TX,534.952403237,289989.544451446,4647053.05853309,1.2,1760,12,2,317-17,[]
TX,534.97505106,288028.294168726,4643108.604201559,1.2,1026,12,3,221-8,[]
TX,535.032931747,290403.650271314,4642856.106714654,1.2,1173,12,2,24-10,[]
TX,535.117794397,289297.881108497,4633820.309188508,1.2,222,12,3,12-6,[]
TX,535.129690053,279775.15853161,4628685.317670955,1.2,992,12,2,215-12,[]
TX,535.20397305,291171.041208557,4641256.651024012,1.2,895,10,2,200-26,[]
TX,535.208626893,291234.112398174,4643222.409348922,1.2,841,12,2,194-10,[]
TX,535.356547819,289713.062340624,4639215.418661534,1.2,1241,10,2,246-23,[]
TX,535.491883998,290521.438000279,4644918.243053822,1.2,2509,12,2,71-20,[]
TX,535.519166499,273696.145012092,4630623.591851693,1.2,1676,12,2,308-24,[]
TX,535.560499088,273817.793397032,4630344.684272813,1.2,1396,12,3,268-21,[]
TX,535.593830649,291832.735380568,4642553.048461995,1.2,2218,12,2,43-2,[]
TX,535.655213299,286831.844397793,4645144.790015012,1.2,2514,12,2,71-27,[]
TX,536.195719292,290877.922579781,4638596.582015552,1.2,710,12,2,175-19,[]
TX,536.277693231,289007.299152441,4634922.421329004,1.2,372,12,2,138-21,[]
TX,536.30617276,291297.034332364,4641718.936027874,1.2,2752,10,2,96-7,[]
TX,536.339542914,292701.886541812,4641810.31228589,1.2,1994,12,2,347-9,[]
TX,536.462962393,290032.812051918,4641530.667276355,1.2,2073,7,2,358-7,[]
TX,536.470599911,290865.86876276,4642265.279368955,1.2,375,12,2,138-24,[]
TX,536.512177218,290008.387827025,4643467.612652104,1.2,1772,12,2,318-17,[]
TX,536.540223657,291876.113289965,4641927.607469468,1.2,897,12,2,201-10,[]
TX,536.680722385,291070.460806462,4644027.339808322,1.2,1662,12,2,306-18,[]
TX,536.696281525,293022.700335105,4640938.165286356,1.2,108,12,3,107-26,[]
TX,536.866724416,286814.642379357,4641669.473082079,1.2,1411,12,2,269-21,[]
TX,536.94088523,289218.463881886,4642080.838406506,1.2,1993,9,2,347-8,[]
TX,537.097390097,293766.471750974,4643566.020470288,1.2,239,12,2,122-6,[]
TX,537.135195036,289974.963280559,4646328.510044924,1.2,2277,12,2,47-19,[]
TX,537.404659392,289221.054570295,4642072.538379119,1.2,1213,9,2,244-10,[]
TX,537.804293864,273689.458617376,4630618.172259695,1.2,1589,12,2,297-17,[]
TX,537.970523599,292324.806716752,4637643.680584539,1.2,409,12,2,140-1,[]
TX,538.047137096,273706.487134845,4630649.469956781,1.2,1218,12,2,244-22,[]
TX,538.050691059,291744.604251902,4639532.107454238,1.2,1571,12,2,293-17,[]
TX,538.221226674,290478.835409992,4639776.685873776,1.2,1416,9,2,269-5,[]
TX,538.41515075,292655.845169812,4641752.70865815,1.2,1036,12,3,223-13,[]
TX,538.476740108,290969.549036748,4640744.989362415,1.2,15,8,2,100-28,[]
TX,538.588980774,280852.249836588,4632695.509471402,1.2,265,12,2,125-28,[]
TX,538.592903376,285364.041469563,4633224.633995496,1.2,900,12,3,201-14,[]
TX,538.598995276,292082.28328356,4641772.306242016,1.2,114,12,2,109-12,[]
TX,538.609437874,290465.048710132,4641371.351955598,1.2,1722,7,2,310-18,[]
TX,538.667341408,290958.801437835,4641314.549173434,1.2,474,8,2,148-11,[]
TX,538.710491126,290166.389495601,4643698.552683697,1.2,2710,12,2,93-16,[]
TX,538.736272076,290860.840241039,4642269.029817401,1.2,856,12,2,195-21,[]
TX,538.848905836,292662.287534102,4643697.749645364,1.2,1116,12,2,233-13,[]
TX,539.078161485,290960.461225369,4641189.709269454,1.2,1337,7,2,260-19,"[['RX_GW', 539.193158466, 1337, 7, 2, 868.1, -123.284799382, '00:00:00:00:00:02']]"
TX,539.19375596,291201.500611196,4639549.174287736,1.2,2658,10,2,84-26,"[['RX_GW', 539.853267638, 2658, 10, 2, 868.1, -132.272975505, '00:00:00:00:00:02']]"
TX,539.300413481,295620.239620465,4645562.158918864,1.2,2278,12,2,47-2,[]
TX,539.302191381,289666.048171037,4643509.844089474,1.2,1698,12,2,31-12,[]
TX,539.330099742,291880.152402566,4642549.36842631,1.2,555,12,2,153-30,[]
TX,539.365755868,275171.29940506,4631277.526102004,1.2,998,12,2,215-25,[]
TX,539.386728773,290410.041725504,4641833.11158752,1.2,2699,7,2,91-21,[]
TX,539.412078726,292189.912247269,4641675.66257445,1.2,961,12,2,21-11,[]
TX,539.450856228,295316.541978869,4640734.261798905,1.2,90,7,2,106-13,"[['RX_GW', 539.565853208, 90, 7, 2, 868.1, -122.01390254, '00:00:00:00:00:04']]"
TX,539.552868183,292236.934159388,4643097.968632849,1.2,2211,12,2,43-10,[]
TX,539.573830581,291993.531171622,4643714.14273678,1.2,974,12,2,211-24,[]
TX,539.577148543,297942.126764184,4640984.277849724,1.2,1197,12,2,241-10,[]
TX,539.723161474,291709.554222407,4642124.878560631,1.2,689,12,2,172-29,[]
TX,539.750399473,292636.93568089,4641771.510693175,1.2,1548,12,2,29-14,[]
TX,539.8788128,277962.616970228,4632434.210418351,1.2,2253,12,2,45-6,[]
TX,539.914946242,290450.908507549,4643610.327975496,1.2,2581,12,2,76-27,[]
TX,540.00495822,290766.61955683,4641523.033923456,1.2,2099,8,2,363-15,"[['RX_GW', 540.212371122, 2099, 8, 2, 868.1, -126.442726074, '00:00:00:00:00:02']]"
TX,540.039998343,291485.635482328,4643824.097369159,1.2,2698,12,3,91-20,[]
TX,540.082363222,292176.08333329,4642666.362325467,1.2,2551,12,2,73-5,[]
TX,540.174434286,291895.812244424,4641648.401048889,1.2,2578,12,2,76-24,[]
TX,540.234281983,292523.715582498,4642916.010508115,1.2,2387,12,2,56-23,[]
TX,540.235967472,290548.163338851,4641779.10331293,1.2,1081,7,2,229-6,[]
TX,540.295072588,290690.148954344,4641316.270282376,1.2,2031,7,3,353-19,[]
TX,540.33660696,287973.311167841,4641810.67035535,1.2,1134,12,3,237-24,[]
TX,540.437303419,272826.807532377,4629739.143178989,1.2,1679,12,2,308-27,[]
TX,540.452158114,290393.193316702,4645902.452627295,1.2,1085,12,3,231-12,[]
TX,540.458725752,292846.005125445,4641169.73915767,1.2,343,12,3,137-1,[]
TX,540.614913573,289341.458577049,4634313.268279186,1.2,199,12,2,115-24,[]
TX,540.620915938,292767.295129601,4643149.605165639,1.2,2344,12,2,51-24,[]
TX,540.630956221,291577.303829442,4642157.528020924,1.2,1659,12,2,305-7,[]
TX,540.787831112,283161.591030873,4633574.980475672,1.2,1902,12,2,336-29,[]
TX,540.84762647,289784.926829194,4635422.841348591,1.2,2221,12,3,43-24,[]
TX,540.88362351,290431.560799764,4642321.090445061,1.2,1530,10,2,287-4,[]
TX,540.885226499,291806.73611681,4641571.321804079,1.2,1852,11,2,330-7,[]
TX,540.909022201,292497.361670649,4641355.222618511,1.2,1310,12,2,256-14,[]
TX,540.925470021,289926.38790687,4634608.5699299,1.2,1515,12,2,287-13,[]
TX,541.003514439,291157.983149124,4644473.134679033,1.2,2720,12,3,93-28,[]
TX,541.148853267,290685.503511428,4641302.192664991,1.2,146,7,2,11-5,[]
TX,541.157854884,290636.231844372,4646622.184806989,1.2,102,12,2,107-13,[]
TX,541.264527917,292994.368999007,4642936.132328579,1.2,675,12,2,171-13,[]
TX,541.375586402,295135.870021093,4642708.288374468,1.2,1003,8,3,22-10,[]
TX,541.43670624,288586.46092866,4643548.994639666,1.2,931,12,2,204-13,[]
TX,541.520656776,291030.596395974,4640587.17841437,1.2,506,7,2,150-19,[]
TX,541.680225142,290965.014610475,4640762.131184285,1.2,2048,8,3,357-18,[]
TX,541.809342782,289931.203650224,4634390.015986248,1.2,1804,12,2,322-18,[]
TX,541.846990761,293716.010566256,4645357.687648173,1.2,545,12,2,152-9,[]
TX,541.96373076,292181.59609902,4641361.496497427,1.2,116,12,2,109-14,[]
TX,542.182692448,292522.716979985,4642898.692029835,1.2,548,12,2,153-18,[]
TX,542.210489693,292491.003971225,4641910.077769217,1.2,2183,12,2,40-24,[]
TX,542.228318557,295625.10343027,4642519.615346064,1.2,756,7,2,181-8,"[['RX_GW', 542.343314769, 756, 7, 2, 868.1, -122.689122468, '00:00:00:00:00:04']]"
TX,542.262895818,290748.956266793,4641531.909018119,1.2,1654,8,2,305-28,[]
TX,542.344019619,294222.961844514,4643958.883439616,1.2,2582,12,2,76-28,[]
TX,542.463034494,289647.977730286,4641935.913589539,1.2,798,7,2,186-28,[]
TX,542.499060813,287750.505924694,4641453.961410918,1.2,366,12,3,137-6,[]
TX,542.57849898,295171.064563733,4645322.894456546,1.2,549,12,2,153-19,[]
TX,542.610161042,291921.575473294,4642571.793199688,1.2,2469,12,2,68-21,[]
TX,542.734299887,273658.728042368,4630702.656772735,1.2,1583,12,2,294-12,[]
TX,542.7467269,293628.865550029,4636383.418411206,1.2,1117,12,2,233-14,[]
TX,542.776890138,290422.351515302,4642323.599501359,1.2,91,10,2,106-14,[]
TX,542.836639146,288237.704784196,4634056.202140435,1.2,954,12,3,209-13,[]
TX,542.868284934,290869.647544108,4642268.503795666,1.2,56,12,2,102-7,[]
TX,542.952752086,286703.9353265,4645132.858318479,1.2,1388,12,3,267-25,[]
TX,542.957640424,289217.959959811,4642526.583960101,1.2,2075,11,2,359-1,[]
TX,542.968378243,293298.879157434,4648002.72002091,1.2,1490,12,2,28-26,[]
TX,542.977131188,290067.467094262,4642385.239099668,1.2,2649,9,2,84-16,[]
TX,543.133824016,291721.08025508,4641511.887908743,1.2,620,12,2,162-19,[]
TX,543.175917464,291824.072693678,4642550.980984652,1.2,800,12,2,186-9,[]
TX,543.286116164,275342.318383007,4631407.679794513,1.2,1855,12,2,332-10,[]
TX,543.449089963,290533.044442639,4643020.220713539,1.2,1585,12,3,294-25,[]
TX,543.528804707,273702.942745767,4630607.069840703,1.2,993,12,2,215-13,[]
TX,543.712226021,292150.538434065,4642193.877330084,1.2,432,12,2,140-7,[]
TX,543.745594423,289466.005749743,4642447.040494784,1.2,2652,9,2,84-19,[]
TX,543.926424625,295421.486202572,4640770.103535889,1.2,167,7,2,111-26,"[['RX_GW', 544.041421377, 167, 7, 2, 868.1, -121.800461942, '00:00:00:00:00:04']]"
TX,544.107518518,289700.931590152,4647185.532049624,1.2,1751,12,2,315-19,[]
TX,544.225155476,292283.277896779,4637720.519035918,1.2,949,12,3,206-28,[]
TX,544.254164356,292401.884336138,4637318.387168416,1.2,1007,12,2,22-14,[]
TX,544.349750162,302368.712775422,4639318.572321999,1.2,415,12,2,140-15,[]
TX,544.383016828,291764.337435408,4644108.898764149,1.2,2249,12,2,45-3,[]
TX,544.457777568,292537.267792247,4641699.545761453,1.2,251,12,2,124-3,[]
TX,544.492746018,291833.915590315,4642459.572841305,1.2,799,12,2,186-8,[]
TX,544.522411142,291402.960089303,4641313.190611682,1.2,826,9,3,19-7,[]
TX,544.535373295,294294.602935835,4639033.540527772,1.2,2051,12,2,357-3,[]
TX,544.537648904,293615.096552716,4641914.150419822,1.2,1063,12,3,226-28,[]
TX,544.575074885,290342.8080583,4641426.317811383,1.2,1274,7,2,253-13,[]
TX,544.721864327,289286.316897189,4641954.232010072,1.2,1281,8,2,254-10,[]
TX,544.73732733,292210.304549716,4643469.286092387,1.2,2749,12,2,96-4,[]
TX,544.739430701,291584.269085535,4641389.121252861,1.2,1321,10,2,256-27,[]
TX,544.740919308,291626.853409584,4644625.791467593,1.2,2163,12,2,372-24,[]
TX,544.7522752,290483.485227887,4640635.888866549,1.2,1702,7,2,31-16,[]
TX,544.763811658,291199.6635308,4641311.944045512,1.2,1011,9,2,22-27,[]
TX,544.797846721,295734.479173742,4646032.416860321,1.2,2604,12,2,8-7,[]
TX,544.869886721,289337.030067093,4645251.946289688,1.2,1696,12,2,31-10,[]
TX,544.887925835,291209.192716542,4631944.901662218,1.2,2406,12,2,58-18,[]
TX,544.90160739,291243.869294506,4641256.475637172,1.2,1615,9,2,301-13,[]
TX,544.914840289,288421.876264421,4637795.187494575,1.2,2082,12,3,361-3,[]
TX,545.015072755,291854.458636008,4642558.461744426,1.2,2493,12,2,70-3,[]
TX,545.038706325,295156.6826949,4642740.696503392,1.2,2321,7,2,50-27,[]
TX,545.114224871,289860.552775451,4639378.720733595,1.2,2297,10,2,48-24,[]
TX,545.261537363,291856.015931939,4641951.556975691,1.2,2250,12,2,45-30,[]
TX,545.547279211,292680.421455242,4641803.122274892,1.2,1096,12,2,231-27,[]
TX,545.674320491,291239.145665362,4641261.875236359,1.2,809,9,2,187-4,[]
TX,545.695213249,292836.752092939,4641922.861267608,1.2,1369,12,2,264-4,[]
TX,545.735618212,291066.154202048,4642051.645488744,1.2,492,10,2,148-6,[]
TX,545.755188803,289337.633696055,4634309.714481275,1.2,2439,12,2,62-14,[]
TX,545.870948538,295177.12027043,4646430.176582567,1.2,2343,12,2,51-21,[]
TX,545.87795349,290003.799286618,4643280.489329658,1.2,1657,12,2,305-4,[]
TX,546.161201895,292331.651039003,4642041.72327099,1.2,2332,12,2,51-11,[]
TX,546.287505654,290250.234515653,4643366.811114977,1.2,189,12,2,113-24,[]
TX,546.450929701,273700.72412314,4630610.83440241,1.2,776,12,2,184-14,[]
TX,546.573864773,291014.176354332,4644022.527037433,1.2,258,12,2,125-12,[]
TX,546.650463224,295635.813536852,4645570.515615472,1.2,2338,12,3,51-17,[]
TX,546.834621807,294888.054698516,4647342.88501861,1.2,727,12,3,179-19,[]
TX,547.020110452,293395.595283063,4642915.714944023,1.2,70,12,2,104-17,[]
TX,547.024008325,292350.042102723,4643621.066579917,1.2,124,12,2,109-21,[]
TX,547.040110889,291180.480494501,4643548.806061307,1.2,228,12,2,121-2,[]
TX,547.16565092,290220.535595387,4641185.701283951,1.2,427,7,3,140-28,[]
TX,547.317790226,287276.409720985,4634223.281762621,1.2,2443,12,2,66-17,[]
TX,547.383273068,292491.953341757,4641653.436306146,1.2,859,12,2,195-5,[]
TX,547.632638251,291188.567691046,4644134.788153897,1.2,1504,12,2,282-7,[]
TX,547.648744819,289217.383570178,4642517.487306825,1.2,692,11,2,172-4,[]
TX,547.650652509,289939.079744668,4634421.200829929,1.2,439,12,2,141-23,[]
TX,547.728236999,293784.41547608,4639694.664320371,1.2,1028,12,2,222-12,[]
TX,547.88903718,291069.411527183,4644044.871943928,1.2,2721,12,2,93-29,[]
TX,547.940291367,290342.029894319,4641849.483718472,1.2,2236,7,3,44-24,[]
TX,548.248435274,290415.886219367,4641806.931137509,1.2,1359,7,2,262-28,[]
TX,548.259999658,295957.891302808,4642559.186499834,1.2,1452,7,3,274-18,[]
TX,548.312889291,292094.313901019,4640661.949266721,1.2,565,12,2,155-20,[]
TX,548.390979332,291132.855200669,4642475.190210805,1.2,840,12,2,190-7,[]
TX,548.504450391,291198.288450764,4641307.137914733,1.2,1665,9,2,306-3,[]
TX,548.580996052,293671.688166604,4640893.918928611,1.2,1508,12,2,284-24,[]
TX,548.688758473,291228.218807948,4642276.205169151,1.2,2750,12,2,96-5,[]
TX,548.796711108,291832.492044538,4642544.114938391,1.2,1255,12,2,249-15,[]
TX,549.032190709,295656.338968234,4641977.770584193,1.2,1148,7,2,239-10,[]
TX,549.294046763,273549.530662862,4631097.270179836,1.2,924,12,2,203-25,[]
TX,549.309403182,290898.256348598,4644232.137999838,1.2,69,12,2,103-7,[]
TX,549.342172689,292389.502208645,4637317.578370976,1.2,637,12,2,163-16,[]
TX,549.581945627,282314.515983763,4637039.037493512,1.2,2225,12,2,43-29,[]
TX,549.653820433,293375.604702696,4645693.665799306,1.2,2690,12,2,88-25,[]
TX,549.716260326,288123.901634152,4643055.605927799,1.2,2246,12,2,45-20,[]
TX,550.041451905,290131.020058727,4635352.750852796,1.2,1582,12,2,294-11,[]
TX,550.062251442,292520.45450703,4642925.076691031,1.2,31,12,2,101-19,[]
TX,550.190209115,292402.12836605,4637331.44552225,1.2,2449,12,2,66-4,[]
TX,550.247722091,295067.320655702,4646053.435200595,1.2,2052,12,2,357-4,[]
TX,550.316754555,289414.408684266,4642058.070459542,1.2,2148,8,3,369-6,[]
TX,550.456923056,292364.472878666,4641979.679533374,1.2,2659,12,2,84-27,[]
TX,550.478237303,289847.818197406,4643031.028508961,1.2,1707,12,2,31-20,[]
TX,550.486651899,292072.971881306,4642058.913737184,1.2,2256,12,2,46-15,[]
TX,550.489879868,292906.068089733,4643887.230081403,1.2,2712,12,2,93-18,[]
TX,550.62089564,293238.295704105,4644217.092025171,1.2,2311,12,2,50-13,[]
TX,550.65935195,291912.348285459,4642582.091130206,1.2,915,12,2,202-25,[]
TX,550.662558068,291401.195472208,4641328.276077685,1.2,2579,9,2,76-25,[]
TX,550.677123469,289742.471021595,4642828.19511064,1.2,475,10,2,148-12,[]
TX,550.762519202,291745.806817419,4639645.477586255,1.2,2375,12,3,55-5,[]
TX,550.802211455,289891.724784554,4642959.358191769,1.2,34,11,2,101-21,[]
TX,550.862297514,291881.384460174,4641939.420723648,1.2,464,12,3,147-13,[]
TX,550.940009819,290376.503576495,4641817.104321419,1.2,639,7,2,163-18,[]
TX,550.969994852,295134.506451413,4642701.885460326,1.2,223,8,2,12-7,"[['RX_GW', 551.177408175, 223, 8, 2, 868.1, -125.772437985, '00:00:00:00:00:04']]"
TX,550.985067851,286596.332109475,4641701.984892855,1.2,78,12,3,104-6,[]
TX,551.181568337,271631.30402792,4630656.288742635,1.2,1565,12,2,290-6,[]
TX,551.2145733,293816.341772915,4642855.018789394,1.2,579,11,2,157-6,"[['RX_GW', 552.695334179, 579, 11, 2, 868.1, -133.701076135, '00:00:00:00:00:04']]"
TX,551.263580879,292407.731187344,4637333.985022099,1.2,1710,12,2,31-26,[]
TX,551.360087927,291431.057290734,4642700.740977718,1.2,198,12,2,115-14,[]
TX,551.489331183,291125.234422558,4641201.572692644,1.2,2729,9,2,95-11,[]
TX,551.492906434,287915.137934967,4643998.594395345,1.2,1380,12,2,266-27,[]
TX,551.51477888,293361.265298413,4646630.538011507,1.2,743,12,2,181-21,[]
TX,551.622751295,292524.663182761,4642823.070409627,1.2,1259,12,2,249-5,[]
TX,551.746171713,291184.745155776,4644884.220541802,1.2,1435,12,2,270-5,[]
TX,551.812330763,292737.971282413,4641855.398567978,1.2,1344,12,2,261-10,[]
TX,551.82421479,284283.142862895,4632992.418211341,1.2,2733,12,2,95-19,[]
TX,551.980026169,292382.311793299,4639693.885558396,1.2,2212,12,2,43-11,[]
TX,552.00959289,292335.717570214,4642038.826186679,1.2,2102,12,2,363-2,[]
TX,552.457033219,274238.08108199,4630961.34400292,1.2,1746,12,2,313-25,[]
TX,552.459408729,290731.178155788,4642235.931736869,1.2,299,10,2,129-10,[]
TX,552.602894706,291395.27530309,4641386.249545582,1.2,1390,9,2,267-27,[]
TX,552.768101413,289792.491658095,4635454.776309156,1.2,2634,12,2,82-8,[]
TX,553.187065295,292312.225037479,4642289.481305695,1.2,2125,12,3,367-3,[]
TX,553.668720113,291473.667025099,4642307.744281198,1.2,130,12,2,109-29,[]
TX,553.828535421,286546.824902069,4644686.11948977,1.2,1383,12,2,267-11,[]
TX,553.842624516,291708.860388993,4642169.960332142,1.2,1440,12,3,273-18,[]
TX,553.843376864,290098.426940206,4642397.294191195,1.2,50,9,2,102-20,[]
TX,553.94800314,278635.660627522,4632489.732077847,1.2,2415,12,3,59-18,[]
TX,553.985044689,289520.721262292,4633154.828820842,1.2,1357,12,2,262-11,[]
TX,554.084021279,294793.664145854,4643798.417148354,1.2,1914,12,2,337-26,[]
TX,554.214311212,293069.223058049,4635000.147341543,1.2,1327,12,2,259-17,[]
TX,554.266099018,286435.279674393,4642892.100645072,1.2,1497,12,2,282-19,[]
TX,554.611660953,287562.427901267,4636641.3986608,1.2,927,12,2,203-28,[]
TX,554.616163373,290867.412569638,4642259.893184411,1.2,862,12,2,197-15,[]
TX,554.64381847,288742.674668104,4642542.454704952,1.2,778,11,2,184-27,[]
TX,554.74185135,289889.824920351,4633908.46460517,1.2,1625,12,2,303-18,[]
TX,555.046440084,290917.558814055,4643954.413859997,1.2,184,12,3,113-10,[]
TX,555.197504626,289667.462416664,4643508.318149599,1.2,1682,12,2,309-17,[]
TX,555.253349,290341.135801456,4643767.533503662,1.2,403,12,2,14-20,[]
TX,555.409655716,293850.830128489,4643669.411260231,1.2,835,12,2,190-3,[]
TX,555.477834234,292377.839196446,4642919.074636655,1.2,2531,12,2,72-17,[]
TX,555.549347965,292529.859901334,4642917.126521144,1.2,1867,12,2,332-28,[]
TX,555.681255306,290916.028222368,4638778.553100485,1.2,718,12,3,176-27,[]
TX,555.717296536,292499.302205024,4642837.553058367,1.2,2093,12,2,362-6,[]
TX,555.971641678,288182.951101522,4643888.581300781,1.2,277,12,2,127-2,[]
TX,556.031820318,284547.195673962,4633009.054014037,1.2,1907,12,2,336-7,[]
TX,556.217804432,286707.487964784,4645114.326479511,1.2,919,12,3,203-10,[]
TX,556.308495475,288336.480542299,4634917.26492872,1.2,2525,12,2,72-11,[]
TX,556.310315359,290855.759261187,4642265.601688825,1.2,1071,12,2,229-1,[]
TX,556.59662997,273704.367342771,4630619.216484943,1.2,200,12,2,115-25,[]
TX,556.603471808,291850.158873282,4641939.110018689,1.2,2136,12,3,368-19,[]
TX,556.656286082,292347.993823688,4642142.243268123,1.2,1149,12,3,239-11,[]
TX,556.745942147,292417.715678839,4640577.50312688,1.2,1364,12,3,264-17,[]
TX,556.940709758,292415.824274908,4641851.303135783,1.2,2664,12,2,84-4,[]
TX,556.995489859,296751.581153461,4646468.130787514,1.2,1731,12,2,310-6,[]
TX,557.071744182,295125.689763117,4642694.802054906,1.2,1726,8,2,310-21,"[['RX_GW', 557.2791575, 1726, 8, 2, 868.1, -125.744598049, '00:00:00:00:00:04']]"
TX,557.071815658,290347.700412466,4641808.392172944,1.2,2042,7,2,356-25,[]
TX,557.351998923,291139.708584728,4644446.13776725,1.2,757,12,2,181-9,[]
TX,557.356200989,292305.960863484,4642053.353011006,1.2,656,12,2,166-9,[]
TX,557.39717683,287091.047881259,4641490.418374424,1.2,1663,12,2,306-19,[]
TX,557.552824552,291666.01279703,4642112.822927847,1.2,126,12,2,109-25,[]
TX,557.782565653,288497.159423348,4643145.302181949,1.2,1448,12,2,274-11,[]
TX,557.912712722,291873.671840701,4642560.854606401,1.2,936,12,2,204-25,[]
TX,558.041294163,289708.417804034,4638981.147034179,1.2,276,12,2,127-19,[]
TX,558.115099864,291672.261472087,4644352.154755593,1.2,2746,12,3,96-20,[]
TX,558.471562989,294962.154064372,4638280.650592793,1.2,1999,12,2,348-21,[]
TX,558.703015577,298674.021048433,4631325.775295393,1.2,1817,12,2,324-11,[]
TX,558.831970381,295933.807666029,4642562.825080295,1.2,237,7,3,122-17,"[['RX_GW', 558.946966825, 237, 7, 3, 868.1, -123.963777993, '00:00:00:00:00:04']]"
TX,558.917610366,291851.612661779,4642537.589620687,1.2,2764,12,3,97-23,[]
TX,559.096376851,290686.934136338,4641295.034867404,1.2,1724,7,2,310-2,[]
TX,559.280770588,289262.84486181,4642517.60935615,1.2,1815,12,3,323-7,[]
TX,559.503118481,292111.390703827,4640363.689431456,1.2,227,11,2,121-19,[]
TX,559.67674544,291329.022235156,4642008.413768766,1.2,1930,12,2,339-22,[]
TX,559.700884601,291531.264055867,4642070.971718876,1.2,1754,12,2,315-4,[]
TX,559.79302996,283446.875269477,4633821.465160866,1.2,339,12,2,131-26,[]
TX,559.987330931,273674.635993521,4630622.554357229,1.2,1557,12,2,290-18,[]
TX,560.114050743,292717.896120585,4643717.266953645,1.2,2644,12,3,84-11,[]
TX,560.580079566,291731.529902575,4642157.01936092,1.2,1195,12,2,24-6,[]
TX,560.700160385,290765.61237529,4641511.391009835,1.2,1647,8,2,305-19,[]
TX,560.759687994,289798.507950743,4643229.885005564,1.2,1856,12,2,332-12,[]
TX,560.900093819,291045.245409691,4641730.497657593,1.2,1510,10,3,284-26,[]
TX,560.914881193,290999.453067422,4639056.416290496,1.2,1439,12,2,273-17,[]
TX,560.971978349,289942.455473844,4634397.091946882,1.2,1711,12,2,31-27,[]
TX,560.973300077,273711.991918862,4630616.052019391,1.2,1045,12,3,225-25,[]
TX,561.02617291,294288.461952387,4643110.530489578,1.2,1813,11,2,323-3,"[['RX_GW', 562.506933069, 1813, 11, 2, 868.1, -133.745164276, '00:00:00:00:00:04']]"
TX,561.183794587,292355.282949724,4641998.061672545,1.2,1409,12,2,269-2,[]
TX,561.629061815,295454.586689846,4639220.818576417,1.2,2055,12,3,357-7,[]
TX,561.654592569,290288.392726889,4635914.205482794,1.2,197,12,2,115-13,[]
TX,561.658041236,291621.081299596,4642706.197154638,1.2,1716,12,2,31-4,[]
TX,561.725177984,290407.585844299,4635143.600031408,1.2,1901,12,2,336-21,[]
TX,561.741366734,290372.590368561,4641826.89687704,1.2,2245,7,3,45-2,[]
TX,561.748286476,292714.750004705,4641829.097436595,1.2,519,12,2,151-18,[]
TX,561.94540549,291043.838044295,4639156.678489052,1.2,1672,12,2,308-13,[]
TX,562.072809687,291863.711387081,4642569.180998363,1.2,2523,12,2,72-1,[]
TX,562.85916326,291723.596726952,4642165.375678117,1.2,2227,12,2,43-4,[]
TX,563.024752862,288888.503991662,4638686.009717194,1.2,1236,12,2,246-11,[]
TX,563.050049922,290872.578240828,4642267.695085493,1.2,1114,12,2,233-10,[]
TX,563.099275411,293309.9318405,4648333.04763262,1.2,2526,12,2,72-12,[]
TX,563.272334945,292077.456700962,4640561.237759267,1.2,1140,12,3,238-10,[]
TX,563.312352103,291049.934791642,4642324.981929723,1.2,822,12,3,19-3,[]
TX,563.559161269,292399.26456155,4641912.503269309,1.2,1167,12,3,239-5,[]
TX,563.685858016,291060.504697649,4641620.527971737,1.2,1744,9,2,313-12,[]
TX,563.736086179,288736.645838513,4642560.306623957,1.2,2467,11,2,68-19,[]
TX,563.738505191,291035.687694973,4644037.552650716,1.2,932,12,2,204-14,[]
TX,563.757991756,295076.531560547,4642775.479218567,1.2,781,7,3,185-19,"[['RX_GW', 563.872989379, 781, 7, 3, 868.1, -123.811091199, '00:00:00:00:00:04']]"
TX,563.791283766,291849.465413069,4641056.248602347,1.2,1316,12,2,256-2,[]
TX,563.967052106,295123.902357194,4642709.811039465,1.2,2773,8,3,97-6,"[['RX_GW', 564.17446547, 2773, 8, 3, 868.1, -125.969391156, '00:00:00:00:00:04']]"
TX,564.032918196,291255.53752772,4642203.788575222,1.2,2697,11,2,91-19,[]
TX,564.167664488,290057.62863203,4645132.056025891,1.2,1753,12,2,315-21,[]
TX,564.180742308,290445.593714578,4641376.615007292,1.2,246,7,2,124-19,[]
TX,564.304474234,294209.32294912,4647271.089745222,1.2,2336,12,2,51-15,[]
TX,564.336390424,290689.531147147,4641291.380979855,1.2,305,7,2,129-23,[]
TX,564.376549985,293806.801236451,4643629.519208252,1.2,2270,12,2,47-12,[]
TX,564.404524848,290959.245008655,4640546.548168019,1.2,1062,8,3,226-27,[]
TX,564.414990555,291798.916994905,4636767.06242861,1.2,1774,12,2,318-19,[]
TX,564.421283305,292899.860665846,4642833.969441697,1.2,1386,12,2,267-14,[]
TX,564.488230879,291036.123546275,4641122.235458798,1.2,81,9,3,105-18,[]
TX,564.523108368,291993.631175794,4643705.76105467,1.2,864,12,2,197-18,[]
TX,564.534921963,291835.125879338,4642507.445031387,1.2,2515,12,2,71-28,[]
TX,564.644804341,290144.105717572,4635341.133248512,1.2,2606,12,2,80-18,[]
TX,564.654850619,291985.825183144,4643707.64476013,1.2,224,12,2,121-1,[]
TX,564.791581522,293867.169589156,4643667.254536271,1.2,2291,12,3,47-7,[]
TX,564.80476249,292124.883822561,4642827.857319979,1.2,1906,12,2,336-6,[]
TX,564.855047958,288761.030704627,4643566.359145653,1.2,429,12,2,140-3,[]
TX,564.889814951,293584.94492351,4643440.717564263,1.2,1402,12,2,268-7,[]
TX,564.941154544,290722.890506868,4641174.986817106,1.2,2349,7,3,51-3,[]
TX,565.002647924,289322.431003288,4639763.268251731,1.2,153,9,2,110-14,[]
TX,565.004165266,290101.004176241,4645130.155470657,1.2,19,12,2,100-6,[]
TX,565.007425142,288046.11595787,4638496.414363602,1.2,41,12,2,101-4,[]
TX,565.088694277,289949.130039779,4634482.673730494,1.2,659,12,2,167-17,[]
TX,565.092100404,292281.586388936,4641979.201477766,1.2,1848,12,2,330-28,[]
TX,565.185795996,288854.665690094,4643707.256203354,1.2,1550,12,2,29-25,[]
TX,565.24529448,291561.267096506,4639876.109371435,1.2,362,12,2,137-3,[]
TX,565.455243448,285256.166071504,4633089.875326741,1.2,994,12,2,215-14,[]
TX,565.480342525,289002.547451609,4636132.946578203,1.2,922,12,3,203-14,[]
TX,565.513550352,292645.286768423,4641760.835961115,1.2,958,12,3,209-26,[]
TX,565.728791981,291524.688291803,4641148.123211253,1.2,1264,11,3,250-19,[]
TX,565.748784031,289469.318957776,4633152.658684542,1.2,1931,12,2,339-23,[]
TX,566.326028995,284121.25934083,4632967.220794059,1.2,739,12,2,181-17,[]
TX,566.41886749,286623.422378032,4645450.445931328,1.2,1513,12,3,287-11,[]
TX,566.498011616,291502.129657167,4642535.257845396,1.2,514,12,3,150-6,[]
TX,566.508251425,290311.034835556,4640352.931786568,1.2,561,7,3,155-17,[]
TX,566.557652456,292691.149262572,4641811.64719028,1.2,1319,12,3,256-25,[]
TX,566.638602791,291195.86441444,4639557.123044685,1.2,1214,10,2,244-11,[]
TX,566.702016158,290578.594074401,4643072.77699919,1.2,2014,12,2,349-26,[]
TX,566.944490877,291191.143919125,4640433.90357179,1.2,2012,8,3,349-24,[]
TX,567.095604514,292261.07385469,4641955.739489912,1.2,456,12,2,145-26,[]
TX,567.196212218,290622.759387973,4636939.532133398,1.2,711,12,2,175-20,[]
TX,567.279262586,290082.608869818,4645146.830110499,1.2,1459,12,3,274-6,[]
TX,567.328537975,295640.8078902,4645565.389432365,1.2,1015,12,2,220-25,[]
TX,567.405812759,292422.433198289,4641880.692338846,1.2,423,12,2,140-24,[]
TX,568.012861438,292715.239659848,4641826.435767999,1.2,1456,12,2,274-29,[]
TX,568.194028103,289668.922889584,4635501.794309485,1.2,1314,12,2,256-18,[]
TX,568.293023148,292653.582306587,4643664.011393135,1.2,1325,12,2,256-6,[]
TX,568.302740197,290861.76447883,4642280.64623626,1.2,1879,10,3,334-19,[]
TX,568.322398882,292193.168189769,4641897.560532358,1.2,245,12,2,124-18,[]
TX,568.442239914,292327.271297804,4642050.714736356,1.2,849,12,2,194-26,[]
TX,568.568800718,290500.761215882,4642106.223800469,1.2,1498,9,2,282-20,[]
TX,568.68073503,291040.004056734,4639141.400811876,1.2,2219,12,2,43-20,[]
TX,568.686791022,290626.764869633,4642447.062453017,1.2,2398,9,2,56-9,[]
TX,568.802635722,292766.271779564,4642002.246422567,1.2,2078,12,3,361-18,[]
TX,568.990669681,289812.591344526,4641760.122606337,1.2,1060,7,2,226-25,[]
TX,569.073436684,290958.83647253,4641185.458051186,1.2,1757,7,2,315-7,[]
TX,569.160773817,292941.672809503,4644218.862088222,1.2,1877,12,2,334-17,[]
TX,569.241584264,289219.000600508,4642074.736600463,1.2,2155,9,2,371-23,"[['RX_GW', 569.613350365, 2155, 9, 2, 868.1, -127.271274078, '00:00:00:00:00:02']]"
TX,569.402815521,292709.003332344,4641824.990601056,1.2,156,12,2,110-24,[]
TX,569.634610923,288833.35445927,4636039.871250092,1.2,2390,12,2,56-27,[]
TX,569.764134515,291831.170578965,4642546.082468759,1.2,451,12,3,145-12,[]
TX,569.820449709,295127.856315706,4642701.486957763,1.2,899,8,2,201-13,[]
TX,569.861826683,285136.558673189,4633063.027405755,1.2,309,12,3,130-10,[]
TX,570.051737758,291922.293149883,4642576.789869716,1.2,141,12,2,11-2,[]
TX,570.16384676,291101.621327129,4642470.205747027,1.2,136,12,3,109-7,[]
TX,570.569166032,273675.921940338,4630621.819600763,1.2,1564,12,2,290-5,[]
TX,570.575552791,289349.808201392,4640263.692106386,1.2,877,7,2,198-14,[]
TX,570.855551688,293965.153640442,4644322.07969863,1.2,1766,12,2,317-4,[]
TX,571.122011338,292697.888547912,4641838.114545232,1.2,2076,12,3,359-2,[]
TX,571.154552115,290343.89004888,4640857.545864032,1.2,1051,7,3,226-14,[]
TX,571.156725727,279790.482792511,4632593.684855815,1.2,1987,12,2,347-14,[]
TX,571.435131084,294501.625897663,4645329.160223831,1.2,2719,12,2,93-27,[]
TX,571.654826834,290485.830751712,4640633.817594424,1.2,1997,7,3,348-19,[]
TX,571.667867696,289910.111214464,4640884.314221478,1.2,2119,7,2,367-20,[]
TX,571.766985799,291744.507847962,4639481.636570954,1.2,2446,12,2,66-20,[]
TX,572.149032145,288868.157865215,4635098.610055954,1.2,194,12,2,115-10,[]
TX,572.368499558,290079.422989873,4641524.227501159,1.2,712,7,2,175-29,[]
TX,572.395664008,302580.383089142,4642871.604674774,1.2,870,12,3,197-5,[]
TX,572.572676999,290865.202711997,4642269.760187986,1.2,1338,12,3,260-20,[]
TX,572.620504962,291064.439200333,4643336.616205758,1.2,2725,12,2,93-5,[]
TX,572.659658599,282802.29867011,4640387.628491798,1.2,472,12,2,147-9,[]
TX,572.731972981,292396.167951468,4637313.994334238,1.2,36,12,2,101-25,[]
TX,572.936033609,291690.415325464,4642749.761432049,1.2,211,12,2,119-26,[]
TX,572.996620754,295618.081535192,4645550.317843468,1.2,2285,12,3,47-29,[]
TX,573.038249294,287518.322074274,4646123.907917427,1.2,2505,12,3,71-17,[]
TX,573.040356186,297398.206698743,4645210.350653257,1.2,2330,12,2,51-1,[]
TX,573.13780582,290326.884092349,4643558.629507961,1.2,2074,12,2,358-8,[]
TX,573.174862965,291022.319737792,4641816.697293693,1.2,2026,10,2,351-6,[]
TX,573.375900371,299743.576540328,4630057.577568722,1.2,1512,12,2,284-28,[]
TX,573.534547334,290083.611732814,4642387.60439467,1.2,1418,9,3,269-7,[]
TX,573.602965494,293484.990927695,4645634.87641576,1.2,752,12,2,181-4,[]
TX,573.719351237,290083.927292529,4642401.960598756,1.2,2024,9,2,351-21,[]
TX,573.853170275,291220.912789146,4644158.718700621,1.2,110,12,2,107-28,[]
TX,573.940434742,294415.020618703,4646452.440700192,1.2,2394,12,3,56-5,[]
TX,573.964445445,291177.452137592,4641384.711789628,1.2,2005,9,2,349-13,[]
TX,574.025908944,289353.306463578,4642351.34021699,1.2,382,10,2,138-5,[]
TX,574.224432171,291722.147484215,4636115.787943699,1.2,644,12,2,163-25,[]
TX,574.256090279,290689.732296414,4641292.447620857,1.2,604,7,2,159-6,[]
TX,574.298706439,292081.577884044,4643144.751136124,1.2,830,12,3,190-18,[]
TX,574.322585589,290678.933907458,4641307.726097678,1.2,1461,7,2,275-1,[]
TX,574.606911825,290173.295738292,4635339.01591293,1.2,210,12,2,119-25,[]
TX,574.738578424,291621.393505706,4644623.404170687,1.2,2340,12,3,51-19,[]
TX,574.858460714,291066.644461945,4641098.918224059,1.2,2685,9,2,88-11,[]
TX,574.879028735,290089.457994958,4642398.30979132,1.2,1450,9,3,274-15,[]
TX,574.881832714,292781.186113022,4642163.013342413,1.2,1837,12,3,330-11,[]
TX,575.012921218,299739.057630695,4630057.048064212,1.2,1592,12,2,298-17,[]
TX,575.203558467,290671.491915787,4641308.492974537,1.2,1875,7,2,334-15,"[['RX_GW', 575.318554701, 1875, 7, 2, 868.1, -122.164428761, '00:00:00:00:00:02']]"
TX,575.30724086,289995.799991414,4643458.299752475,1.2,1775,12,2,318-20,[]
TX,575.540122426,290749.884046216,4642872.889476066,1.2,408,12,2,14-7,[]
TX,575.720596251,291951.733228024,4642593.899416687,1.2,1741,12,2,311-6,[]
TX,575.966180625,292329.413792615,4642047.199060822,1.2,342,12,3,131-9,[]
TX,576.145832177,290635.621342307,4639779.02342203,1.2,2645,9,3,84-12,[]
TX,576.214088231,288419.40940878,4642884.752912334,1.2,1021,12,2,221-13,[]
TX,576.277076471,291023.852268588,4641945.657118561,1.2,457,9,3,145-27,[]
TX,576.364811196,291375.962759247,4641404.574629907,1.2,2612,10,2,81-11,[]
TX,576.471684884,294819.774536068,4647342.422706212,1.2,728,12,2,179-2,[]
TX,576.556244626,292317.363042961,4637466.96584882,1.2,1951,12,2,340-22,[]
TX,576.709975373,285436.490227641,4641002.529800152,1.2,2656,12,2,84-24,[]
TX,576.834748337,289983.464223122,4637810.024065232,1.2,1616,12,2,301-14,[]
TX,576.852169391,292297.750104076,4642275.53242573,1.2,2487,12,3,70-17,[]
TX,576.856930248,291417.321258966,4642042.932822231,1.2,482,12,3,148-22,[]
TX,576.85840719,299775.251032263,4630295.086075227,1.2,2460,12,2,67-3,[]
TX,576.921834236,292397.595116452,4637299.249974411,1.2,630,12,2,163-1,[]
TX,576.922055865,291248.407763299,4641261.057270211,1.2,539,9,2,152-14,[]
TX,577.032279601,290060.964323838,4635333.463842861,1.2,2007,12,3,349-17,[]
TX,577.098545705,288466.348479542,4635147.679207715,1.2,2132,12,3,368-15,[]
TX,577.190211697,290859.755169237,4638496.717387214,1.2,373,12,3,138-22,[]
TX,577.364822492,282722.62005065,4640451.608533383,1.2,1577,12,2,293-29,[]
TX,577.468925925,291870.068750946,4642570.378579464,1.2,1190,12,2,24-29,[]
TX,577.573476549,291751.79002331,4640312.248708121,1.2,1164,12,2,239-28,[]
TX,577.657027615,290114.113387116,4642774.011759062,1.2,400,11,2,14-17,[]
TX,577.681733312,291546.280369183,4641100.600977261,1.2,531,11,3,151-6,[]
TX,577.701812467,291517.627142379,4642443.470185286,1.2,2419,12,2,60-11,[]
TX,577.940164423,289449.054187862,4635453.424020017,1.2,1936,12,2,339-28,[]
TX,577.955049756,290716.884928964,4635799.871785505,1.2,2241,12,2,45-1,[]
TX,578.068627701,289686.806819237,4642412.438121988,1.2,1642,10,2,305-14,[]
TX,578.244660171,291856.894265145,4642557.82411953,1.2,2631,12,3,82-5,[]
TX,578.319001202,291973.08817523,4641711.685898533,1.2,2268,12,2,47-10,[]
TX,578.529788595,293802.75651755,4639679.220728941,1.2,1335,12,3,259-6,[]
TX,578.668503874,291850.557698463,4642550.371578304,1.2,832,12,2,190-20,[]
TX,578.863255591,282947.94335698,4640400.723787365,1.2,1703,12,2,31-17,[]
TX,578.874031232,292410.143352759,4637349.106330333,1.2,634,12,2,163-13,[]
TX,578.958749042,290123.182331591,4643344.93575217,1.2,1009,12,2,22-25,[]
TX,579.083047679,291152.09713505,4641366.854179371,1.2,2138,8,2,368-21,[]
TX,579.174942741,293708.273676271,4643543.056790382,1.2,2353,12,2,51-7,[]
TX,579.264158267,291869.731811576,4642570.200545218,1.2,670,12,2,169-24,[]
TX,579.44241336,287523.345258567,4641299.477031605,1.2,1805,12,3,322-19,[]
TX,579.489910372,290647.694029995,4642890.118811743,1.2,2376,12,2,55-6,[]
TX,579.507136732,291918.172880012,4642578.789369707,1.2,586,12,2,158-22,[]
TX,579.744535155,289575.230044926,4645588.84036948,1.2,698,12,2,173-26,[]
TX,579.795361191,292084.122155942,4640576.899855997,1.2,2465,12,2,68-17,[]
TX,579.834163476,292770.412212047,4642489.374971944,1.2,2589,12,2,79-21,[]
TX,579.854571388,290982.254527602,4641951.129833364,1.2,2665,10,2,84-5,[]
TX,579.944125141,289725.365955283,4633425.995924858,1.2,2424,12,2,60-4,[]
TX,580.109472485,286648.611433447,4641143.020112538,1.2,345,12,2,137-12,[]
TX,580.204965652,289170.092563562,4642840.533094217,1.2,2456,11,2,67-19,[]
TX,580.470338354,292658.067307688,4641767.397891196,1.2,761,12,3,182-19,[]
TX,580.476281906,292088.964907593,4642797.758269719,1.2,1944,12,2,340-10,[]
TX,580.499838273,273924.176158607,4630417.527276334,1.2,1017,12,3,220-27,[]
TX,580.538491936,291705.934282926,4642121.652293023,1.2,1186,12,3,24-25,[]
TX,580.538587258,298462.224376195,4646490.460120992,1.2,1945,12,3,340-11,[]
TX,580.575612065,291929.24726791,4642580.486350668,1.2,147,12,2,11-6,[]
TX,580.588694772,273684.807520433,4630633.148040254,1.2,2459,12,2,67-21,[]
TX,580.739850987,281898.294349405,4632767.35229859,1.2,2234,12,2,44-13,[]
TX,580.768601047,290694.274111021,4641292.808165841,1.2,48,7,2,102-19,[]
TX,580.877272581,287457.756962386,4641217.374850627,1.2,2527,12,2,72-13,[]
TX,580.972539696,288494.488263238,4642830.92138246,1.2,393,12,2,139-24,[]
TX,581.167681179,291925.678463021,4641663.395628713,1.2,2266,12,2,46-6,[]
TX,581.316624471,291998.922122223,4643712.279025444,1.2,913,12,2,202-23,[]
TX,581.481287349,292323.356578859,4642052.722268001,1.2,2354,12,2,53-17,[]
TX,581.53917947,290344.015542279,4642835.66782927,1.2,98,12,3,106-28,[]
TX,581.546140493,291862.31551258,4642563.717483771,1.2,879,12,2,198-23,[]
TX,581.581725339,296598.713575336,4645894.771369818,1.2,869,12,2,197-4,[]
TX,581.645551995,291941.429159384,4642593.474871074,1.2,744,12,2,181-22,[]
TX,581.650561502,290751.079282406,4635780.261038193,1.2,1791,12,2,320-8,[]
TX,581.808842144,289191.316345194,4642067.182121679,1.2,2753,9,2,97-10,[]
TX,581.838557697,292723.135976337,4642063.210221648,1.2,1464,12,3,275-17,[]
TX,581.86622754,290998.033271109,4639110.506281834,1.2,1563,11,2,290-4,[]
TX,582.173499869,289974.989358082,4641580.332840415,1.2,209,7,2,119-24,[]
TX,582.208356699,290502.967989393,4640637.883032143,1.2,609,7,2,160-21,[]
TX,582.374411443,290612.273086081,4639273.850595032,1.2,731,10,2,179-29,[]
TX,582.786883088,292106.514771065,4641863.441983899,1.2,860,12,3,195-6,[]
TX,582.853570488,292312.885223503,4642051.77955333,1.2,843,12,3,194-12,[]
TX,583.146023458,292312.577224043,4642048.154806584,1.2,1844,12,3,330-21,[]
TX,583.210993833,289191.194234277,4642152.347066122,1.2,2704,9,2,91-5,[]
TX,583.49583164,273653.432503057,4630635.628044013,1.2,1263,12,2,250-18,[]
TX,583.548626035,292508.179077234,4642860.412438345,1.2,441,12,2,141-25,[]
TX,583.592638896,291071.446738221,4639303.332170757,1.2,1899,12,3,336-18,[]
TX,583.638451428,291491.947967468,4643036.228262302,1.2,2379,12,2,56-11,[]
TX,583.640386709,290197.777421804,4643361.035173855,1.2,848,12,3,194-25,[]
TX,583.844731313,291913.459798611,4642364.77473184,1.2,1253,12,2,248-6,[]
TX,583.891130538,289942.865436369,4634390.348124517,1.2,1719,12,2,31-7,[]
TX,584.048192182,292396.701343018,4637318.173957336,1.2,1010,12,3,22-26,[]
TX,584.074892051,290378.039251138,4641815.79290281,1.2,2144,7,2,369-20,[]
TX,584.115751179,292879.965733261,4642362.554514518,1.2,912,12,3,202-22,[]
TX,584.19056838,291947.702532078,4642594.893831048,1.2,837,12,3,190-4,[]
TX,584.30512731,289762.037840122,4641666.427949232,1.2,1300,7,3,254-3,[]
TX,584.541220994,296120.474324032,4646943.038885329,1.2,1531,12,2,287-5,[]
TX,584.55264787,292208.626505349,4649701.219681639,1.2,1773,12,3,318-18,[]
TX,584.561660763,293876.966992883,4640240.583909517,1.2,450,12,2,145-11,[]
TX,584.734057697,291853.353925515,4642555.632586978,1.2,909,12,3,202-12,[]
TX,584.779159932,293176.233526019,4643083.246597801,1.2,300,12,3,129-11,[]
TX,585.129230937,292774.986457319,4642126.104882041,1.2,753,12,2,181-5,[]
TX,585.229610203,289770.953752126,4645994.741562744,1.2,2638,12,2,83-20,[]
TX,585.262903339,292367.191779413,4642163.160694804,1.2,1954,12,2,340-26,[]
TX,585.538453315,286091.727770348,4641576.438188516,1.2,1986,12,3,347-13,[]
TX,585.789300303,291099.594071535,4639047.494983607,1.2,1453,12,3,274-2,[]
TX,585.926125612,291183.376627786,4641967.919687615,1.2,271,10,3,126-8,[]
TX,586.017912826,288006.346712978,4629155.832382848,1.2,805,12,3,187-21,[]
TX,586.096891106,291903.379065066,4641674.514434813,1.2,578,12,2,157-4,[]
TX,586.420050732,290994.570148634,4643677.364404546,1.2,2524,12,2,72-10,[]
TX,586.454162051,275840.286687536,4631766.20987738,1.2,1915,12,2,337-27,[]
TX,586.476428388,289146.512261458,4642827.018781769,1.2,740,11,3,181-18,[]
TX,586.600762366,291951.8828866,4642586.653778166,1.2,2143,12,2,369-19,[]
TX,586.653133039,286135.010941565,4638229.493521262,1.2,203,12,3,115-28,[]
TX,586.665002158,291733.725242101,4642153.416084891,1.2,2261,12,2,46-2,[]
TX,586.757065441,286345.413373075,4641694.11169216,1.2,1407,12,3,269-18,[]
TX,586.822922147,288144.361335302,4634686.037380621,1.2,773,12,3,184-10,[]
TX,586.83893543,291198.658562842,4636227.137607262,1.2,2572,12,3,76-10,[]
TX,586.883698514,290121.417289149,4644935.603998743,1.2,281,12,2,127-4,[]
TX,587.019277802,291785.844004045,4639803.204630394,1.2,1306,12,2,256-10,[]
TX,587.22393423,287686.775830838,4640711.286660079,1.2,2065,12,3,358-23,[]
TX,587.301781134,290356.547575651,4641812.454258029,1.2,658,7,2,167-16,[]
TX,587.359005937,289942.861616315,4634398.484444504,1.2,1820,12,2,324-26,[]
TX,587.420846884,291398.017566275,4642104.289568949,1.2,850,10,3,194-27,[]
TX,587.458111691,291672.836618554,4642119.497236473,1.2,1943,12,3,339-9,[]
TX,587.518385157,290692.254995809,4641309.241166239,1.2,289,7,3,128-2,[]
TX,587.667225162,271688.072625038,4630729.121458936,1.2,1299,12,2,254-29,[]
TX,587.899829007,273598.078150789,4630247.300017879,1.2,1295,12,2,254-25,[]
TX,587.912728474,289323.888247025,4634313.550178469,1.2,53,12,2,102-4,[]
TX,587.92116776,290019.763507251,4641537.535995333,1.2,524,7,2,151-24,[]
TX,587.970171247,291557.992059618,4641383.079900428,1.2,767,10,2,182-4,[]
TX,588.016252963,291126.555070394,4642470.034119686,1.2,2324,12,3,50-3,[]
TX,588.199771959,296997.787036443,4641804.564722839,1.2,613,10,2,160-6,"[['RX_GW', 588.859281802, 613, 10, 2, 868.1, -130.744326823, '00:00:00:00:00:04']]"
TX,588.474550805,293370.703035114,4648954.809082022,1.2,1228,12,3,245-13,[]
TX,588.479863803,303004.509300592,4636671.873051492,1.2,1478,12,2,279-13,[]
TX,588.503205955,290434.058323142,4642339.295997505,1.2,2096,10,3,363-10,[]
TX,588.54648481,287213.566596895,4645691.476432925,1.2,907,12,2,202-10,[]
TX,588.606486212,292527.75065286,4642521.651092254,1.2,1787,12,2,320-25,[]
TX,588.745289104,288739.822370833,4642562.599448325,1.2,1455,11,3,274-26,[]
TX,588.788207186,289230.632259482,4642431.542233886,1.2,304,11,2,129-22,[]
TX,588.801521287,292903.561215341,4641899.934861016,1.2,1178,12,3,24-15,[]
TX,589.001832292,299749.882230992,4630075.517049843,1.2,984,12,3,214-21,[]
TX,589.011466226,273679.75685496,4630562.258162607,1.2,2231,12,2,44-10,[]
TX,589.391417174,292465.678194529,4643112.329287893,1.2,1194,12,2,24-5,[]
TX,589.433418974,290345.675688731,4643386.760077248,1.2,1447,12,2,273-7,[]
TX,589.625659606,271572.231867219,4630635.411784125,1.2,2205,12,2,42-24,[]
TX,589.684125555,289572.273738332,4642052.071796866,1.2,2678,8,3,87-13,[]
TX,589.703311679,289805.289055951,4639563.965242976,1.2,523,7,2,151-23,[]
TX,589.779580908,278382.745556541,4632510.898548231,1.2,1002,12,3,215-9,[]
TX,589.879605399,292392.550480363,4641788.896209768,1.2,483,12,2,148-23,[]
TX,589.907528193,290988.535962825,4639064.584501039,1.2,1687,12,2,309-21,[]
TX,589.984966145,290223.214621085,4642431.562028557,1.2,1373,11,2,266-10,[]
TX,590.044246834,290373.285614238,4641809.321054959,1.2,1823,7,2,326-15,[]
TX,590.061852589,282118.639942332,4637659.952443403,1.2,1095,12,3,231-26,[]
TX,590.077530738,291251.949467467,4640375.104507021,1.2,1511,8,3,284-27,[]
TX,590.196930114,291993.07091842,4643718.157175438,1.2,2556,12,2,75-13,[]
TX,590.438782459,291386.586160282,4641407.701974087,1.2,95,10,2,106-25,[]
TX,590.541992792,290367.683428954,4641795.741147563,1.2,1225,7,2,245-10,[]
TX,590.617067256,290236.456528795,4642358.254110791,1.2,573,9,3,157-18,[]
TX,590.699053409,292628.385824479,4641992.916074319,1.2,1350,12,2,261-25,[]
TX,590.806243821,273677.785369253,4630631.341934545,1.2,1992,12,3,347-28,[]
TX,590.863055864,290163.447789835,4635332.574170117,1.2,963,12,3,21-13,[]
TX,590.869972133,290143.943777533,4635341.803685495,1.2,270,12,2,126-26,[]
TX,590.88791182,290850.869718536,4642266.684517095,1.2,1048,12,2,226-11,[]
TX,590.892810736,273690.648871511,4630611.766541269,1.2,1927,12,2,339-17,[]
TX,590.935035257,292427.678178226,4641841.249964781,1.2,175,12,3,112-20,[]
TX,591.060986367,291681.625257961,4642101.708717464,1.2,631,12,2,163-10,[]
TX,591.16549925,290355.97460192,4639901.609487453,1.2,2667,7,2,84-7,[]
TX,591.178001412,291277.37385197,4641404.947696747,1.2,709,10,3,175-18,[]
TX,591.195130659,290603.921101191,4642837.271257479,1.2,2723,12,3,93-30,[]
TX,591.672673019,292314.680012612,4641462.01211759,1.2,1630,12,3,304-17,[]
TX,591.699277332,291469.033625665,4636710.998974332,1.2,2152,12,3,371-20,[]
TX,591.772334068,290412.049818561,4643951.765713813,1.2,381,12,3,138-4,[]
TX,591.783315152,288190.910437131,4643903.790998418,1.2,724,12,3,178-6,[]
TX,591.784485534,294900.370823503,4644416.105303404,1.2,1296,12,3,254-26,[]
TX,591.796542955,291984.013877596,4642602.921594002,1.2,2426,12,2,61-18,[]
TX,591.8729683,292685.615959729,4642008.744711628,1.2,1082,12,3,229-7,[]
TX,591.877771346,289214.781223589,4642523.104563547,1.2,1827,11,3,326-19,[]
TX,591.883111499,291047.690244144,4644014.84325038,1.2,2313,12,2,50-16,[]
TX,591.984090278,289946.64324632,4634411.171053266,1.2,2742,12,3,95-7,[]
TX,592.085651107,290923.095302393,4644330.035460613,1.2,338,12,2,131-25,[]
TX,592.136095222,271829.076308734,4630670.124810523,1.2,1905,12,3,336-5,[]
TX,592.156758883,291168.683937905,4642199.613014676,1.2,1597,12,2,298-3,[]
TX,592.322848406,291832.220301815,4642550.874276361,1.2,2149,12,3,369-7,[]
TX,592.414718841,292203.39077825,4638749.163705514,1.2,1547,12,2,29-13,[]
TX,592.554788337,289578.716964274,4642210.108358561,1.2,1948,9,2,340-14,[]
TX,592.575863279,290676.467903982,4641301.71869529,1.2,975,7,3,211-25,[]
TX,592.633351204,292743.926508051,4641891.655912319,1.2,493,12,2,148-7,[]
TX,592.681016567,292418.471906518,4637344.513650799,1.2,635,12,3,163-14,[]
TX,592.83628538,297836.867654494,4633693.450799884,1.2,1923,12,2,339-11,[]
TX,592.893584274,295128.381848157,4642714.406142172,1.2,318,8,2,130-21,[]
TX,592.89542706,292816.539020163,4641108.797563904,1.2,504,12,2,150-16,[]
TX,592.908171099,292840.073963072,4642194.918376776,1.2,2758,12,2,97-17,[]
TX,592.948669423,287668.430955076,4644581.144051806,1.2,1499,12,2,282-21,[]
TX,593.025361097,292847.197263125,4641930.210085744,1.2,1517,12,3,287-17,[]
TX,593.300592432,292821.314251975,4641982.963464889,1.2,562,12,3,155-18,[]
TX,593.398089435,286710.910604368,4641386.927988118,1.2,559,12,3,153-7,[]
TX,593.489043245,291269.672658931,4642408.305194894,1.2,688,12,2,172-21,[]
TX,593.522168425,287684.258018509,4643199.015084134,1.2,1191,12,2,24-3,[]
TX,593.651362133,292677.562018055,4642028.808874041,1.2,495,12,2,148-9,[]
TX,593.675466386,291842.642514443,4641064.280414754,1.2,566,12,2,155-21,[]
TX,593.725244654,271658.680209793,4630618.120223244,1.2,2210,12,3,43-1,[]
TX,593.828640528,292362.920686728,4637412.746199044,1.2,2315,12,3,50-18,[]
TX,593.833899376,290551.913950969,4643464.959767708,1.2,569,12,2,155-30,[]
TX,593.847250807,285941.613751706,4650885.203727148,1.2,59,12,3,103-18,[]
TX,593.871172975,291020.187997366,4644019.108070502,1.2,2237,12,3,44-25,[]
TX,593.945533513,290916.686402521,4641180.661366698,1.2,2457,7,3,67-2,[]
TX,593.980751589,292583.147179408,4643851.47779814,1.2,1127,12,3,234-6,[]
TX,594.025287309,286821.599660989,4641681.035940651,1.2,62,12,2,103-21,[]
TX,594.164912826,292135.17872678,4642572.362147403,1.2,2574,12,2,76-13,[]
TX,594.231148498,292595.035119131,4641477.252389232,1.2,2030,12,2,353-18,[]
TX,594.498875964,291512.421918098,4641501.106742674,1.2,2499,11,2,71-11,[]
TX,594.582949689,290689.914892837,4641291.796382108,1.2,1122,7,3,234-20,[]
TX,594.735905834,293521.69011141,4643984.980852835,1.2,21,12,3,100-8,[]
TX,595.013544362,291247.738502175,4640837.91064272,1.2,1322,9,2,256-29,"[['RX_GW', 595.385310199, 1322, 9, 2, 868.1, -128.367073791, '00:00:00:00:00:02']]"
TX,595.152383328,290808.520555657,4638169.721765761,1.2,1480,12,2,279-24,[]
TX,595.152970273,290186.551688379,4636771.221595573,1.2,925,12,2,203-26,[]
TX,595.207225335,289951.952075206,4642831.406918124,1.2,824,12,3,19-5,[]
TX,595.216901189,296272.00019596,4644372.941237447,1.2,2023,12,3,351-20,[]
TX,595.261459858,291100.951267272,4641217.172536442,1.2,865,10,2,197-19,[]
TX,595.64616583,288223.487085967,4638159.907235667,1.2,1446,12,2,273-6,[]
TX,595.748532401,290024.01064926,4641174.148852767,1.2,1737,7,2,311-21,"[['RX_GW', 595.863526806, 1737, 7, 2, 868.1, -92.891216553, '00:00:00:00:00:02']]"
TX,595.89061124,292698.390058194,4641847.584538695,1.2,2542,12,3,72-3,[]
TX,596.181879506,290532.331739213,4635542.966985526,1.2,2060,12,3,358-14,[]
TX,596.354906913,290631.731904332,4642300.491872523,1.2,1690,9,2,309-30,"[['RX_GW', 596.726673587, 1690, 9, 2, 868.1, -127.438233668, '00:00:00:00:00:02']]"
TX,596.518961274,273660.809193292,4630678.6393509,1.2,2204,12,3,42-14,[]
TX,596.589604432,286687.092797896,4645817.078614894,1.2,1385,12,3,267-13,[]
TX,596.63936303,291019.157504855,4644015.821767176,1.2,2714,12,3,93-2,[]
TX,596.702204832,287702.257494981,4621656.82664814,1.2,959,12,3,209-27,[]
TX,596.833737678,291201.13584648,4639566.669072596,1.2,2555,10,2,75-12,"[['RX_GW', 597.493249312, 2555, 10, 2, 868.1, -132.140144127, '00:00:00:00:00:02']]"
TX,596.84831972,295639.485794248,4645558.350570514,1.2,2290,12,3,47-6,[]
TX,597.296690564,278928.982396781,4632506.248561176,1.2,715,12,3,175-5,[]
TX,597.309877159,286649.675514742,4641130.560297794,1.2,1514,12,3,287-12,[]
TX,597.475112781,292912.405820136,4642217.864551237,1.2,1646,12,3,305-18,[]
TX,597.479070596,293064.663750499,4641848.87920476,1.2,512,12,2,150-4,[]
TX,597.519580347,289783.626877593,4643502.227391477,1.2,5,12,3,100-17,[]
TX,597.765885174,293205.639606461,4643113.380347722,1.2,529,12,2,151-4,[]
TX,597.776133006,289736.782915861,4643337.210582284,1.2,588,12,3,158-24,[]
TX,597.813802647,283557.698915607,4634246.586279918,1.2,12,12,2,100-25,[]
TX,597.861274796,290843.540650098,4642275.78540456,1.2,2150,10,3,371-14,[]
TX,597.896113748,291955.258569185,4642592.067083438,1.2,884,12,3,199-11,[]
TX,598.004039479,291247.411103954,4642277.708657176,1.2,926,12,2,203-27,[]
TX,598.352027042,286934.34470091,4641592.855864194,1.2,938,12,3,204-27,[]
TX,598.38354926,290859.869122086,4642271.079232651,1.2,164,12,2,111-13,[]
TX,598.650131214,273721.577525349,4630655.854087344,1.2,215,12,2,12-2,[]
TX,598.685825539,291076.944079532,4644037.905860134,1.2,2498,12,3,71-10,[]
TX,598.692087416,300206.573444852,4637453.798666004,1.2,923,12,2,203-24,[]
TX,598.771107809,291247.478211057,4641286.402267452,1.2,677,10,2,171-22,[]
TX,598.913103422,291927.346517772,4642584.094884172,1.2,501,12,3,149-4,[]
TX,599.06129759,290765.414209242,4639803.473198407,1.2,1280,9,2,254-1,[]
TX,599.463099655,290845.313863059,4642807.828372721,1.2,1938,11,2,339-4,[]
TX,599.892620578,290857.37902634,4642306.425743092,1.2,416,11,2,140-16,[]
TX,599.932148155,292457.977564851,4643494.815947194,1.2,1094,12,3,231-25,[]
TX,600.028774546,291231.492582862,4638757.284432744,1.2,682,12,3,171-27,[]
TX,600.186251376,290446.35105698,4640573.539055478,1.2,344,7,3,137-10,"[['RX_GW', 600.301246857, 344, 7, 3, 868.1, -114.775315921, '00:00:00:00:00:02']]"
TX,600.195479307,292068.32151515,4643671.077866958,1.2,1925,12,2,339-13,[]
TX,600.385346044,291778.869323331,4639824.657529572,1.2,1782,12,2,320-10,[]
TX,600.39876244,291788.527446103,4642525.182296082,1.2,137,12,2,11-1,[]
TX,600.445604471,290181.480877893,4642796.990122811,1.2,2458,10,2,67-20,[]
TX,600.622954196,292190.440722857,4641899.243485572,1.2,104,12,2,107-22,[]
TX,600.660783253,285530.516587022,4641136.819521833,1.2,1786,12,3,320-24,[]
TX,600.680866327,289556.950446825,4641614.429074591,1.2,2117,7,2,367-18,[]
TX,600.6899308,284548.60519154,4633007.080310619,1.2,2257,12,2,46-16,[]
TX,600.700191876,291303.8951177,4642405.506317583,1.2,1555,12,2,290-1,[]
TX,600.701436125,293196.446639868,4641994.615501617,1.2,107,12,3,107-25,[]
TX,600.925925994,287806.607787729,4628727.785816727,1.2,125,12,3,109-24,[]
TX,601.132945601,292159.32857224,4642196.232156703,1.2,902,12,3,201-23,[]
TX,601.165708149,273695.286243501,4630606.746656125,1.2,852,12,3,194-8,[]
TX,601.207189913,289739.564056255,4633437.297386099,1.2,2738,12,3,95-29,[]
TX,601.271762089,290293.534511495,4641969.066798221,1.2,2611,8,3,81-10,[]
TX,601.315210469,290737.238956616,4642899.770952915,1.2,2575,12,3,76-14,[]
TX,601.37086718,289194.45909808,4644486.265666547,1.2,2360,12,3,53-4,[]
TX,601.493319245,299495.667082845,4640784.505053794,1.2,1283,12,3,254-12,[]
TX,601.521320888,292466.164404005,4637296.378410346,1.2,1330,12,3,259-20,[]
TX,601.613380235,288813.132945623,4634198.059319361,1.2,769,12,3,182-6,[]
TX,601.776678252,292692.992307712,4641825.073780172,1.2,1100,12,3,231-6,[]
TX,602.133775153,292108.784999819,4642638.359942168,1.2,2748,12,3,96-3,[]
TX,602.598703502,291685.392927481,4642134.432543142,1.2,1941,12,3,339-7,[]
TX,602.625881582,290999.877213173,4641117.809570192,1.2,1421,8,2,270-13,[]
TX,602.63929432,291068.682047916,4644033.788184355,1.2,235,12,3,121-6,[]
TX,602.858548406,284307.800469967,4632994.004501279,1.2,49,12,2,102-2,[]
TX,602.98408277,291027.262983786,4641950.238793449,1.2,1680,9,3,308-28,[]
TX,603.031468507,297004.289729645,4642887.533729615,1.2,2041,10,3,353-7,[]
TX,603.27981968,273721.58454026,4630660.751750734,1.2,1579,12,3,293-30,[]
TX,603.598628652,288439.430617093,4641417.76102317,1.2,1403,9,2,269-1,"[['RX_GW', 603.970395482, 1403, 9, 2, 868.1, -127.802338967, '00:00:00:00:00:02']]"
TX,603.741359869,292613.302078056,4641484.68905619,1.2,248,12,2,124-24,[]
TX,603.776038682,292242.094728992,4638824.75819063,1.2,488,12,3,148-28,[]
TX,603.94480797,295157.67040987,4642742.287995449,1.2,2325,7,3,50-30,[]
TX,604.289884486,289704.997329884,4639291.622311711,1.2,2043,10,3,356-27,"[['RX_GW', 604.94939546, 2043, 10, 3, 868.1, -130.996837985, '00:00:00:00:00:02']]"
TX,604.512289818,289230.097042239,4642517.206158491,1.2,2397,11,3,56-8,[]
TX,605.097112201,291135.883690907,4644731.196775943,1.2,1834,12,2,326-6,[]
TX,605.206822219,290694.453858561,4641312.050142126,1.2,283,7,3,127-6,"[['RX_GW', 605.321818526, 283, 7, 3, 868.1, -118.682629954, '00:00:00:00:00:02']]"
TX,605.267895378,273662.321210388,4630629.978368525,1.2,1198,12,2,241-11,[]
TX,605.326017771,295159.108652619,4642734.047466659,1.2,2594,7,3,8-16,"[['RX_GW', 605.441015138, 2594, 7, 3, 868.1, -122.621980316, '00:00:00:00:00:04']]"
TX,605.347669242,292058.48261849,4641795.616329989,1.2,939,12,3,204-28,[]
TX,605.449263329,271828.369835864,4630657.958080413,1.2,1210,12,3,242-24,[]
TX,605.661076695,289991.585544831,4641595.331334512,1.2,2430,7,3,61-29,[]
TX,605.675977104,291870.727758119,4642856.822141417,1.2,311,12,3,130-12,[]
TX,605.84409737,289946.575313917,4642803.597789564,1.2,2034,11,3,353-21,[]
TX,606.064520001,291927.663397099,4642582.842507863,1.2,1182,12,2,24-2,[]
TX,606.085718489,291662.91850836,4636632.643417793,1.2,1302,12,2,254-5,[]
TX,606.170763655,292398.360459091,4642186.218644212,1.2,1052,12,2,226-17,[]
TX,606.226670376,290389.97231848,4644471.715469081,1.2,2000,12,3,348-4,[]
TX,606.331204787,294602.230306731,4643974.879144802,1.2,1735,11,3,311-19,"[['RX_GW', 607.811966707, 1735, 11, 3, 868.1, -134.143700776, '00:00:00:00:00:04']]"
TX,606.449593467,296713.641235527,4635324.695023401,1.2,118,12,3,109-16,[]
TX,606.599076623,291392.846374277,4642164.372086489,1.2,335,10,3,131-12,[]
TX,606.709578775,289526.731283364,4642593.677755713,1.2,2735,11,3,95-21,[]
TX,606.730771597,291221.786385841,4641302.90354922,1.2,2372,9,3,55-21,[]
TX,606.776942413,290562.578746863,4630475.609644778,1.2,2296,12,2,48-14,[]
TX,606.846754145,292601.954991285,4643532.81181763,1.2,1970,12,2,341-5,[]
TX,607.064567669,293760.706826454,4644223.602443296,1.2,1617,12,2,301-22,[]
TX,607.115077448,291850.371267035,4642553.094297253,1.2,2768,12,2,97-27,[]
TX,607.271630619,291757.788955312,4642828.529577215,1.2,2262,12,2,46-21,[]
TX,607.444860384,294083.44703472,4646779.271868101,1.2,729,12,3,179-20,[]
TX,607.456146123,293120.074009206,4643520.868745856,1.2,2263,12,2,46-3,[]
TX,607.456672275,290421.715542262,4644155.990457405,1.2,112,12,3,109-10,[]
TX,607.463132001,290098.643705978,4642395.649169479,1.2,1175,9,2,24-12,[]
TX,607.470912179,293769.39271869,4641700.558222502,1.2,623,11,2,162-25,[]
TX,607.478277673,289803.489531111,4638764.345913052,1.2,26,12,2,101-14,[]
TX,607.603565213,294147.882317693,4645001.378389792,1.2,2202,12,2,42-12,[]
TX,607.971582117,291748.371356516,4643995.853681274,1.2,2478,12,3,7-19,[]
TX,608.125199507,292647.075730548,4642009.509376804,1.2,2472,12,3,68-30,[]
TX,608.351292315,290374.818687003,4641810.215614385,1.2,2600,7,2,8-3,[]
TX,608.408576714,271825.171772865,4630667.99823027,1.2,1973,12,2,344-18,[]
TX,608.416633458,290678.956052418,4641294.287727739,1.2,1846,7,2,330-26,[]
TX,608.554855488,290345.465275015,4640363.788309335,1.2,685,7,3,172-18,"[['RX_GW', 608.669851219, 685, 7, 3, 868.1, -115.390353595, '00:00:00:00:00:02']]"
TX,608.564445757,291842.816775239,4642548.996588837,1.2,560,12,3,155-1,[]
TX,608.613947606,289032.405454535,4641842.680760087,1.2,2130,9,2,367-8,[]
TX,608.666997599,292642.951753282,4642621.768609106,1.2,2178,12,2,40-10,[]
TX,608.751177766,291808.328399948,4641569.213112878,1.2,1770,11,3,318-15,"[['RX_GW', 610.231937847, 1770, 11, 3, 868.1, -133.452249137, '00:00:00:00:00:02']]"
TX,608.872623245,289919.214891897,4638067.009113749,1.2,1108,12,3,232-21,[]
TX,608.89342991,291412.224139928,4647982.78403215,1.2,1180,12,3,24-18,[]
TX,609.078829489,287992.656926562,4643149.259564088,1.2,707,12,3,174-6,[]
TX,609.488033396,290352.215067657,4641056.835867024,1.2,1289,7,2,254-18,[]
TX,609.503901072,292266.411539225,4638875.928139696,1.2,553,12,2,153-29,[]
TX,609.714910934,291915.94089858,4640832.008522641,1.2,1166,12,3,239-4,[]
TX,609.795667952,291177.030699264,4641967.472260626,1.2,2374,10,2,55-4,[]
TX,609.796592621,293709.473668824,4643657.706079381,1.2,476,12,3,148-14,[]
TX,609.853024924,291760.740134745,4642631.238727044,1.2,2013,12,2,349-25,[]
TX,609.856412113,290166.906107905,4635345.335478023,1.2,1267,12,3,250-3,[]
TX,609.924698889,290519.490083377,4641365.35045201,1.2,1428,7,3,270-23,[]
TX,610.043917243,281150.563421242,4632716.66961506,1.2,2736,12,3,95-26,[]
TX,610.07713369,293093.557581604,4641184.527179479,1.2,1542,12,3,288-4,[]
TX,610.303430665,288965.255824313,4642637.358987014,1.2,1043,11,2,223-27,"[['RX_GW', 611.784190811, 1043, 11, 2, 868.1, -134.710026679, '00:00:00:00:00:02']]"
TX,610.349127154,291517.447749528,4636507.275682434,1.2,921,12,2,203-13,[]
TX,610.533972986,291825.118672266,4644504.118620088,1.2,640,12,2,163-19,[]
TX,610.658809376,288959.422682269,4643632.73554185,1.2,1223,12,2,244-27,[]
TX,610.674076996,293486.972767599,4639961.875319174,1.2,1644,12,3,305-16,[]
TX,610.737806693,291055.938651254,4644020.456231744,1.2,390,12,2,139-13,[]
TX,610.810989636,291790.212457549,4640260.064131418,1.2,513,12,2,150-5,[]
TX,610.941274983,289315.999846358,4639753.548659708,1.2,1551,9,2,29-26,[]
TX,611.236006878,292307.705379667,4642108.234374581,1.2,765,12,2,182-24,[]
TX,611.261701534,291623.731078575,4644278.861800119,1.2,71,12,3,104-18,[]
TX,611.309291848,294300.051172247,4639031.697900755,1.2,881,12,3,198-26,[]
TX,611.436691247,288977.367093398,4643974.700035256,1.2,2362,12,3,53-6,[]
TX,611.478449952,292078.390030518,4640518.800325925,1.2,195,12,3,115-11,[]
TX,611.644146062,296015.454271971,4641678.380429599,1.2,2593,7,3,8-15,"[['RX_GW', 611.759140591, 2593, 7, 3, 868.1, -98.738488053, '00:00:00:00:00:04']]"
TX,611.891585318,289721.480346267,4642409.511074132,1.2,2019,10,3,349-9,"[['RX_GW', 612.5510959, 2019, 10, 3, 868.1, -130.56315532, '00:00:00:00:00:02']]"
TX,611.927281884,290502.969075223,4643376.383341777,1.2,2586,12,3,79-18,[]
TX,611.929818206,291951.272105052,4642589.009652663,1.2,2089,12,3,362-19,[]
TX,612.054794241,292259.567858007,4641948.289794131,1.2,2537,12,3,72-25,[]
TX,612.098075256,291700.436939661,4642123.689057278,1.2,127,12,2,109-26,[]
TX,612.161642467,299729.608801955,4630070.424486614,1.2,438,12,3,141-22,[]
TX,612.201486637,292526.286260567,4642907.207783229,1.2,1874,12,2,332-9,[]
TX,612.264169219,291041.215168883,4644017.638616699,1.2,794,12,3,186-24,[]
TX,612.276402423,292444.131639591,4641514.844682746,1.2,597,12,2,159-17,[]
TX,612.324618684,271608.177792847,4630637.203943602,1.2,995,12,2,215-22,[]
TX,612.562279935,280539.007549933,4632651.468777917,1.2,2528,12,2,72-14,[]
TX,612.571875879,271638.135356919,4630625.126590783,1.2,1935,12,2,339-27,[]
TX,612.770610502,288055.85040808,4646206.819651123,1.2,801,12,2,187-17,[]
TX,612.848819259,291847.918888386,4642552.608787493,1.2,369,12,3,138-12,[]
TX,613.198267958,290737.329897578,4642350.262722405,1.2,358,11,3,137-26,[]
TX,613.320266207,290355.066601183,4643806.142911932,1.2,155,12,2,110-23,[]
TX,613.321278908,292336.844414993,4642038.32875441,1.2,58,12,3,103-17,[]
TX,613.331241351,289983.059917718,4637837.74759802,1.2,1832,12,2,326-4,[]
TX,613.399943258,289887.540446883,4641941.302436523,1.2,625,7,3,162-28,[]
TX,613.537123417,291873.294145936,4642835.57280976,1.2,1088,12,3,231-17,[]
TX,613.567050274,288098.62739492,4647129.951056375,1.2,2701,12,3,91-3,[]
TX,613.75876433,292441.906331453,4637242.962663497,1.2,327,12,3,130-4,[]
TX,613.787507375,288218.415544711,4643358.744267447,1.2,2570,12,2,75-8,[]
TX,613.830480221,291990.79189557,4643711.927078653,1.2,2554,12,2,75-11,[]
TX,613.867982959,292528.516646458,4642909.480167265,1.2,308,12,2,129-28,[]
TX,613.997813376,288955.004700555,4642633.181569402,1.2,1287,11,2,254-16,[]
TX,614.107455763,291804.324863966,4642859.178214894,1.2,2686,12,3,88-13,[]
TX,614.229763883,289448.055078887,4638057.5293177,1.2,1239,12,2,246-14,[]
TX,614.240037624,290230.220500723,4641472.392096329,1.2,1989,7,3,347-25,[]
TX,614.359340412,289659.666385971,4645633.232157877,1.2,2314,12,2,50-17,[]
TX,614.392648937,292428.619232227,4642919.912493967,1.2,929,12,2,204-11,[]
TX,614.554254192,294967.935726437,4642686.683934198,1.2,1533,9,3,287-7,"[['RX_GW', 614.926019789, 1533, 9, 3, 868.1, -127.15774141, '00:00:00:00:00:04']]"
TX,614.564637217,288179.982253011,4643889.459033356,1.2,1527,12,3,287-27,[]
TX,614.687282459,291022.880030926,4639049.321642399,1.2,51,12,2,102-21,[]
TX,614.702017298,288271.827488791,4629843.215106827,1.2,1807,12,3,322-21,[]
TX,614.963233213,291971.007889697,4642687.179959533,1.2,2010,12,2,349-21,[]
TX,615.002474617,285630.249776239,4643786.799630051,1.2,1814,12,2,323-5,[]
TX,615.088025996,289967.359442991,4642746.722190737,1.2,282,11,3,127-5,[]
TX,615.329588526,289594.012641616,4641930.857668609,1.2,446,8,3,143-24,[]
TX,615.413180812,290198.600722724,4644251.048736361,1.2,1020,12,2,221-12,[]
TX,615.468484277,290727.665318771,4641179.976692238,1.2,583,7,3,158-12,[]
TX,615.500384723,290792.818355531,4642024.718547149,1.2,2552,9,3,73-6,[]
TX,615.616527061,288938.738664163,4642679.872698065,1.2,602,12,2,159-4,[]
TX,615.657075735,291071.448413778,4641931.267734225,1.2,1034,9,2,223-11,[]
TX,615.667559558,292519.977593151,4640550.33589108,1.2,571,12,3,155-6,[]
TX,615.792952877,282389.304608231,4636715.728743642,1.2,2503,12,3,71-15,[]
TX,615.901915824,291774.257313389,4639892.857017825,1.2,2765,12,2,97-24,[]
TX,615.918718669,293829.964131534,4640615.834568183,1.2,404,12,3,14-21,[]
TX,615.919933721,292079.470114769,4641785.798137927,1.2,443,12,3,141-27,[]
TX,616.152841597,292829.539044694,4641924.564069167,1.2,1368,12,2,264-3,[]
TX,616.39543119,291909.8633829,4641663.812976574,1.2,1822,12,3,326-1,[]
TX,616.39654118,290978.953438494,4640881.170742591,1.2,1778,7,2,318-4,[]
TX,616.412310047,291007.952218477,4640379.968732432,1.2,1014,7,2,220-24,[]
TX,616.572203209,289328.73174297,4634320.017026256,1.2,1749,12,2,315-17,[]
TX,616.592461759,283013.440995455,4632861.022951261,1.2,1745,12,3,313-14,[]
TX,616.602944477,289645.483921163,4643604.463943456,1.2,1825,12,3,326-17,[]
TX,616.603864903,289452.523927283,4635058.890509696,1.2,187,12,3,113-13,[]
TX,616.605016364,299739.284350468,4630053.33436851,1.2,301,12,3,129-12,[]
TX,617.118626527,272284.440387464,4627693.069531696,1.2,2062,12,3,358-18,[]
TX,617.230486137,291640.425851877,4643918.269499606,1.2,1668,12,3,306-7,[]
TX,617.321632991,289828.804182974,4641729.809827415,1.2,1401,7,3,268-6,[]
TX,617.414040561,291254.748119173,4642395.961054948,1.2,2140,12,3,368-6,[]
TX,617.453941836,289114.708901067,4642467.703640055,1.2,499,11,2,149-18,[]
TX,617.516578614,291996.433939854,4643713.429867642,1.2,2565,12,3,75-26,[]
TX,617.565235617,272134.638069783,4630139.369993179,1.2,2032,12,2,353-2,[]
TX,618.027451633,290273.233127459,4647455.395814063,1.2,426,12,3,140-27,[]
TX,618.106756458,290144.361506067,4643409.773712121,1.2,1656,12,3,305-3,[]
TX,618.162047752,293092.008326326,4643028.48839006,1.2,1651,12,3,305-24,[]
TX,618.188209665,292239.844845392,4638539.799788175,1.2,1525,12,2,287-25,[]
TX,618.345273722,290433.803686215,4630428.883996095,1.2,1451,12,2,274-17,[]
TX,618.389243476,289001.749228211,4635005.550374789,1.2,2402,12,3,57-25,[]
TX,618.455818821,293015.599148976,4651458.089524412,1.2,346,12,3,137-13,[]
TX,618.683863414,292994.235277027,4640272.876086322,1.2,2368,12,3,55-17,[]
TX,618.755148114,291856.822958994,4642560.232975027,1.2,341,12,2,131-8,[]
TX,618.871068282,285555.250258327,4641148.294761901,1.2,191,12,3,113-26,[]
TX,618.901298612,290876.716101664,4642257.363428848,1.2,1830,12,2,326-21,[]
TX,619.08379494,291023.252581559,4644007.03435794,1.2,2500,12,3,71-12,[]
TX,619.16025569,286396.259576172,4641703.834051592,1.2,1377,12,3,266-24,[]
TX,619.181394476,292512.091155923,4642277.779039717,1.2,1075,12,3,229-2,[]
TX,619.396658896,291109.024564198,4641362.040198971,1.2,1961,9,2,340-8,[]
TX,619.552670323,291663.232154695,4642392.236880001,1.2,129,12,3,109-28,[]
TX,619.777768939,295130.450524641,4642702.607332631,1.2,2625,8,3,82-25,"[['RX_GW', 619.985182271, 2625, 8, 3, 868.1, -125.815487024, '00:00:00:00:00:04']]"
TX,619.803297415,282875.794621715,4632861.433130872,1.2,1985,12,3,347-12,[]
TX,619.852103658,286001.287168593,4634423.296726441,1.2,775,12,3,184-13,[]
TX,619.99235562,295610.4596982,4645554.122271451,1.2,2276,12,3,47-18,[]
TX,620.00064901,293034.93423581,4641764.366502619,1.2,751,12,2,181-3,[]
TX,620.179027631,292670.412523132,4642646.035681803,1.2,204,12,2,119-10,[]
TX,620.217928028,292530.538782823,4642707.105280213,1.2,537,12,3,152-12,[]
TX,620.267091173,291067.329262344,4644032.826149603,1.2,2709,12,2,93-15,[]
TX,620.285221761,291829.643314871,4640793.98475302,1.2,150,10,2,110-11,[]
TX,620.40962311,271953.404654217,4630600.118056819,1.2,1806,12,3,322-20,[]
TX,620.472093125,289735.796803315,4641852.893296828,1.2,1112,7,2,232-6,[]
TX,620.588291982,285638.803389271,4631624.87028112,1.2,1747,12,2,313-27,[]
TX,620.615695633,290133.276870794,4635349.884446037,1.2,509,12,3,150-29,[]
TX,620.72641548,294607.003074693,4647544.44200443,1.2,2339,12,2,51-18,[]
TX,620.802488393,291660.679220401,4642111.523727959,1.2,1728,12,2,310-3,[]
TX,620.877691802,291680.935409463,4642114.483396953,1.2,2206,12,3,42-25,[]
TX,620.968449503,292043.680312333,4641774.529907524,1.2,351,12,3,137-18,[]
TX,620.985523885,293519.780863792,4643973.937807452,1.2,319,12,3,130-22,[]
TX,621.071820256,291626.084444978,4642207.140100243,1.2,2079,12,3,361-19,[]
TX,621.205104646,295624.559535085,4645564.601615685,1.2,2281,12,3,47-24,[]
TX,621.294406419,294052.294844545,4645645.864185362,1.2,1334,12,3,259-5,[]
TX,621.398060406,293405.376337791,4643283.610670232,1.2,2327,12,3,50-5,[]
TX,621.408906055,290954.765233028,4642276.429955265,1.2,2760,12,2,97-19,[]
TX,621.582974184,290551.967775659,4643008.86891521,1.2,111,12,3,109-1,[]
TX,621.606271213,275682.051605812,4626345.084235156,1.2,2605,12,3,80-17,[]
TX,621.666670467,289306.636305447,4634330.268924513,1.2,162,12,2,111-11,[]
TX,621.746252565,291684.374636519,4642381.643331595,1.2,764,11,3,182-23,[]
TX,621.870393184,291876.834399987,4642555.217548593,1.2,942,12,2,206-12,[]
TX,621.915267618,291029.606803263,4639121.515662988,1.2,1734,12,3,311-18,[]
TX,621.955988577,290810.457313958,4642275.641414279,1.2,1671,10,3,308-12,[]
TX,622.057054824,290756.205265157,4643847.477393975,1.2,1039,12,3,223-23,[]
TX,622.07718104,290710.125018751,4641177.862932842,1.2,557,7,2,153-5,[]
TX,622.203979773,290798.880719808,4642277.820500999,1.2,1655,10,3,305-29,[]
TX,622.283955661,288102.618752075,4643048.729940822,1.2,2342,12,2,51-20,[]
TX,622.546692824,295369.188824953,4644105.012163211,1.2,109,12,3,107-27,[]
TX,622.748568303,291022.301036504,4644011.566035948,1.2,2316,12,3,50-2,[]
TX,622.91756685,292734.204684078,4643857.242895357,1.2,2299,12,3,48-26,[]
TX,623.068036615,290951.896016744,4642039.847445332,1.2,966,10,3,21-25,[]
TX,623.228499841,291535.005864125,4642158.184224583,1.2,2763,12,3,97-22,[]
TX,623.314173035,289225.034142683,4642051.624210381,1.2,2111,9,3,363-7,[]
TX,623.522120625,290368.090941073,4641445.755344664,1.2,1949,7,3,340-17,[]
TX,624.287616401,290860.635648963,4642314.240528737,1.2,1536,11,2,288-17,"[['RX_GW', 625.768375492, 1536, 11, 2, 868.1, -133.300556818, '00:00:00:00:00:02']]"
TX,624.374354259,290003.694338982,4641547.115107807,1.2,758,7,3,182-10,[]
TX,624.38561609,294370.549597698,4643074.813617307,1.2,1219,12,3,244-23,[]
TX,624.901217042,296607.728497272,4645913.384013156,1.2,18,12,2,100-5,[]
TX,624.904049349,291764.709865015,4644103.708227286,1.2,1423,12,2,270-18,[]
TX,624.911532153,289055.447687961,4647277.343222601,1.2,1,12,3,100-11,[]
TX,625.127303449,292030.361978371,4640521.643181873,1.2,494,12,3,148-8,[]
TX,625.389908585,290646.896357857,4646621.413781903,1.2,2504,12,3,71-16,[]
TX,625.413165415,290466.449199047,4640689.124180216,1.2,1336,7,2,260-18,[]
TX,625.5482309,291845.790731122,4642551.586226612,1.2,948,12,3,206-27,[]
TX,625.574231166,288986.521512789,4641750.469330164,1.2,193,9,3,113-28,[]
TX,625.623099214,288746.798138358,4637753.810794335,1.2,1269,12,2,250-5,[]
TX,625.731936221,291775.589644505,4641548.771100378,1.2,2156,11,3,371-24,[]
TX,625.946180274,291901.48494539,4642571.392996578,1.2,310,12,3,130-11,[]
TX,626.131695245,291748.578413876,4639555.632863181,1.2,1570,12,3,293-1,[]
TX,626.399132923,285113.857453016,4632608.399136915,1.2,1342,12,3,260-6,[]
TX,626.478385303,299744.441772378,4630056.370902188,1.2,987,12,3,214-5,[]
TX,626.514215781,290487.739236162,4640798.948778095,1.2,47,7,2,102-18,[]
TX,626.608916069,291522.789509311,4642069.449456484,1.2,1678,12,3,308-26,[]
TX,626.613444063,289500.19357633,4635479.54152294,1.2,1425,12,2,270-20,[]
TX,626.738451698,294384.418588424,4643081.698100531,1.2,614,12,3,160-7,[]
TX,626.744191544,292433.33665143,4637337.615687344,1.2,1006,12,2,22-13,[]
TX,626.813705367,291666.619160613,4642140.50195124,1.2,1179,12,2,24-16,[]
TX,626.950958141,273692.44835423,4630636.964468542,1.2,2596,12,3,8-18,[]
TX,627.163478769,294558.258102663,4643355.160662224,1.2,1738,12,3,311-3,[]
TX,627.246134115,292317.281661438,4642042.770379857,1.2,1399,12,3,268-30,[]
TX,627.255682363,289954.23585431,4634419.690586099,1.2,1850,12,3,330-4,[]
TX,627.60465402,295138.049017445,4642694.796373476,1.2,2767,8,3,97-26,[]
TX,627.63892474,288558.442356583,4637564.264113661,1.2,1408,12,3,269-19,[]
TX,627.715453939,292454.65440722,4641382.664939978,1.2,1891,12,3,335-2,[]
TX,627.889369294,291899.700024989,4642569.965296424,1.2,944,12,2,206-14,[]
TX,627.93087049,293764.57016154,4641451.659380586,1.2,1044,12,3,223-28,[]
TX,627.956095211,291125.229626382,4642468.619720154,1.2,2440,12,3,62-26,[]
TX,628.231738123,291378.931068127,4642030.214102025,1.2,2359,12,2,53-3,[]
TX,628.270249276,290063.12699964,4642378.02173461,1.2,2046,10,3,356-9,[]
TX,628.476029325,294857.284411651,4644942.716780254,1.2,1957,12,2,340-3,[]
TX,628.692932636,290986.034367931,4640734.02072841,1.2,2407,7,2,58-20,"[['RX_GW', 628.807929623, 2407, 7, 2, 868.1, -123.952555117, '00:00:00:00:00:02']]"
TX,628.775412037,271615.967297959,4630637.664466584,1.2,2226,12,2,43-3,[]
TX,628.991091235,273705.781106537,4630640.859845417,1.2,680,12,3,171-25,[]
TX,629.348740053,291920.013115143,4642586.777200315,1.2,2131,12,3,367-9,[]
TX,629.636642219,290089.123354925,4640899.972509945,1.2,930,7,3,204-12,[]
TX,629.744567082,290613.327574795,4643881.570568227,1.2,2602,12,3,8-5,[]
TX,629.843564255,275375.058860512,4631426.540180885,1.2,684,12,3,172-17,[]
TX,630.707848748,291043.914660155,4641923.055376192,1.2,2670,9,2,85-12,[]
TX,630.874061412,291833.34715824,4641597.894604948,1.2,1217,11,3,244-14,[]
TX,630.958794344,292791.388239831,4640723.079835776,1.2,1145,12,2,238-26,[]
TX,631.053256363,290476.692055677,4640621.843843678,1.2,723,7,3,178-5,[]
TX,631.107074451,290358.131881164,4641812.339219793,1.2,887,7,3,199-24,[]
TX,631.175784203,292524.40299958,4642836.825589823,1.2,33,12,3,101-20,[]
TX,631.396348223,299716.589968128,4618514.506481851,1.2,412,12,2,140-12,[]
TX,631.421002439,292895.920548539,4639099.380558785,1.2,973,12,3,211-14,[]
TX,631.430949495,292409.609950298,4637278.685452322,1.2,2373,12,3,55-3,[]
TX,631.625822375,290296.051896627,4641424.661576382,1.2,1573,7,2,293-19,[]
TX,631.65401484,290955.171252529,4644789.540203301,1.2,181,12,3,112-5,[]
TX,631.707338382,294166.33235488,4642782.54610607,1.2,2497,11,3,70-7,"[['RX_GW', 633.188098151, 2497, 11, 3, 868.1, -133.523936627, '00:00:00:00:00:04']]"
TX,631.89535646,294131.01997099,4647411.942426511,1.2,1866,12,3,332-27,[]
TX,631.937565798,290230.056519638,4645895.351696481,1.2,2564,12,3,75-24,[]
TX,632.061032213,291168.762065515,4641346.226000233,1.2,1880,8,2,334-20,"[['RX_GW', 632.268446025, 1880, 8, 2, 868.1, -126.807649388, '00:00:00:00:00:02']]"
TX,632.095164632,291831.48367945,4642545.906499418,1.2,2127,12,3,367-5,[]
TX,632.510988927,289939.864267329,4634407.875978339,1.2,267,12,3,126-12,[]
TX,632.587814278,292199.897728244,4643221.941190371,1.2,11,12,3,100-24,[]
TX,632.758268289,291070.217107943,4644011.516022776,1.2,27,12,2,101-15,[]
TX,632.805829699,289255.969175384,4642507.923830627,1.2,1704,12,3,31-18,[]
TX,632.830313419,290730.30190818,4641302.299285045,1.2,627,7,3,162-3,[]
TX,632.840736126,290051.683420687,4642387.917983458,1.2,558,9,3,153-6,[]
TX,633.016278478,295117.973174154,4642698.444822005,1.2,2646,8,3,84-13,[]
TX,633.128784182,292189.723859959,4643419.574426181,1.2,1967,12,3,341-21,[]
TX,633.397628179,290949.743212744,4642002.267299904,1.2,782,10,3,185-20,[]
TX,633.398482661,290812.771939775,4643139.545688358,1.2,478,12,3,148-18,[]
TX,633.426744216,291011.247464733,4641912.69154263,1.2,449,9,3,145-10,[]
TX,633.522223605,292262.882868661,4638906.36709467,1.2,2623,12,3,82-23,[]
TX,633.73215432,292671.83189035,4641801.035546495,1.2,1091,12,3,231-21,[]
TX,633.766497011,284442.383412094,4632908.826946803,1.2,2133,12,3,368-16,[]
TX,633.858949756,292837.413978876,4641942.364167225,1.2,2660,12,3,84-28,[]
TX,634.054643152,293636.162023391,4643463.163857976,1.2,77,12,3,104-5,[]
TX,634.064526983,292307.360902472,4643341.394314404,1.2,1273,12,3,253-12,[]
TX,634.217811839,291693.731162214,4642120.965938423,1.2,2370,12,2,55-19,[]
TX,634.296205972,292713.295314409,4641826.094937461,1.2,527,12,3,151-28,[]
TX,634.303673192,295651.340352103,4645577.282060496,1.2,2258,12,3,46-17,[]
TX,634.330952069,290724.072460164,4647240.420459538,1.2,1209,12,3,242-13,[]
TX,634.501720874,292752.479633458,4636373.931145645,1.2,502,12,3,149-5,[]
TX,634.564913741,273760.954771413,4630433.577163465,1.2,1471,12,3,275-4,[]
TX,634.567608087,291759.210073409,4642530.833501388,1.2,622,12,3,162-24,[]
TX,634.593825681,293707.067220144,4645350.03795102,1.2,105,12,3,107-23,[]
TX,634.690229936,290343.419099147,4640380.481552238,1.2,1433,7,2,270-3,[]
TX,634.724729519,290516.772640196,4637404.580423924,1.2,1596,12,2,298-21,[]
TX,634.853954905,290356.044198503,4640378.08342127,1.2,2468,7,3,68-20,[]
TX,634.961784739,287388.926505976,4630692.861743946,1.2,1788,12,3,320-26,[]
TX,635.202018066,293233.367001134,4643098.699043168,1.2,726,12,2,179-18,[]
TX,635.473398978,290347.486698258,4644426.904216051,1.2,819,12,2,188-7,[]
TX,635.487082681,293053.390168669,4644013.400097715,1.2,1427,12,3,270-22,[]
TX,635.707908849,291182.336751816,4641306.22720395,1.2,2008,8,3,349-19,"[['RX_GW', 635.915322661, 2008, 8, 3, 868.1, -126.806732357, '00:00:00:00:00:02']]"
TX,635.740851741,290351.38430941,4641806.616546315,1.2,906,7,2,201-27,[]
TX,635.846862317,291135.720156132,4641951.625917972,1.2,669,10,3,169-10,[]
TX,635.943309179,293258.25588248,4649669.808864088,1.2,2610,12,3,80-7,[]
TX,636.017478484,290957.201668109,4644364.526519956,1.2,61,12,3,103-20,[]
TX,636.048718199,291984.617979351,4643701.147204832,1.2,240,12,3,124-1,[]
TX,636.065695331,295126.788331179,4642702.63994438,1.2,340,8,3,131-27,[]
TX,636.163187702,285481.95686875,4641008.685147708,1.2,1631,12,2,304-18,[]
TX,636.199259353,289050.435537151,4637210.311840334,1.2,1235,12,3,246-10,[]
TX,636.329176419,290960.725575817,4641191.208497682,1.2,2599,7,2,8-21,"[['RX_GW', 636.444173402, 2599, 7, 2, 868.1, -123.296523898, '00:00:00:00:00:02']]"
TX,636.374969837,285485.142817866,4641071.504001825,1.2,1475,12,3,279-10,[]
TX,636.510628262,289467.053020088,4643910.557284696,1.2,1208,12,3,242-12,[]
TX,636.577882513,292317.65018215,4642051.977969771,1.2,1960,12,2,340-7,[]
TX,636.692738438,290060.391886562,4641518.822203942,1.2,1221,7,2,244-25,[]
TX,636.856918408,290697.928915208,4641289.143154302,1.2,2037,7,3,353-30,[]
TX,636.910103061,286688.373165612,4645110.253421778,1.2,463,12,3,147-12,[]
TX,637.110143661,290610.024122566,4633582.741024037,1.2,1528,12,3,287-28,[]
TX,637.20218664,294386.132620869,4644780.396941805,1.2,60,12,3,103-19,[]
TX,637.211653006,295283.39589509,4642471.470282082,1.2,1730,7,3,310-4,"[['RX_GW', 637.326649406, 1730, 7, 3, 868.1, -120.471285461, '00:00:00:00:00:04']]"
TX,637.283595091,290982.180557343,4640744.864942843,1.2,582,8,2,158-11,[]
TX,637.374313001,290040.91338036,4643477.229555057,1.2,1777,12,3,318-3,[]
TX,637.380726937,293710.002795861,4645350.016494994,1.2,1840,12,3,330-17,[]
TX,637.738942162,291771.015451897,4642823.897323701,1.2,66,12,2,103-4,[]
TX,637.747761383,291025.136792819,4644010.715401474,1.2,1543,12,3,288-5,[]
TX,637.90674161,290230.972012476,4642584.61150817,1.2,1323,11,2,256-4,[]
TX,637.94821734,290960.500226983,4642013.466261393,1.2,298,10,3,128-7,[]
TX,638.01335086,295122.805918869,4642698.712190583,1.2,1381,8,3,266-28,"[['RX_GW', 638.220764194, 1381, 8, 3, 868.1, -125.823219556, '00:00:00:00:00:04']]"
TX,638.198911054,291869.745948577,4642556.135520197,1.2,885,12,3,199-12,[]
TX,638.224638801,289546.740682028,4642591.245960735,1.2,911,11,3,202-14,[]
TX,638.268212585,290356.032785118,4641447.474254254,1.2,1796,7,3,321-21,[]
TX,638.289713691,292092.02783581,4642633.232713615,1.2,128,12,3,109-27,[]
TX,638.303335703,289317.699312635,4639758.860064577,1.2,166,9,2,111-24,[]
TX,638.465338858,293389.777074612,4641519.449124723,1.2,1904,12,3,336-4,[]
TX,638.544132636,298251.72050358,4644897.756278316,1.2,2416,12,3,59-20,[]
TX,638.596803822,291067.062469751,4644026.445895787,1.2,2706,12,3,91-7,[]
TX,638.665262489,291754.052891293,4638619.822759539,1.2,1012,12,3,22-28,[]
TX,638.817871109,290359.246762258,4641448.968363157,1.2,1952,7,2,340-23,[]
TX,638.868230764,291016.040468857,4644907.172271284,1.2,603,12,3,159-5,[]
TX,638.902461017,292544.948820225,4642936.804634502,1.2,149,12,3,110-10,[]
TX,638.957262819,295618.250807356,4642130.76288632,1.2,654,7,3,166-10,[]
TX,638.990288366,291994.118971829,4643722.075512998,1.2,379,12,3,138-28,[]
TX,639.293774603,294961.391831406,4642707.020158928,1.2,1466,9,3,275-19,[]
TX,639.400674867,294105.584199536,4650345.734429948,1.2,1473,12,2,275-6,[]
TX,639.611637537,301074.710764522,4635967.935444605,1.2,2188,12,3,41-10,[]
TX,639.63844817,273721.580197732,4630652.556394399,1.2,212,12,3,12-1,[]
TX,639.737865286,287903.563549743,4633357.515123139,1.2,2756,12,2,97-13,[]
TX,639.811289174,289843.70993821,4641187.602898081,1.2,1623,7,2,301-28,"[['RX_GW', 639.926283659, 1623, 7, 2, 868.1, -98.62815576, '00:00:00:00:00:02']]"
TX,639.996729428,290290.800636189,4642157.733236561,1.2,1266,8,3,250-21,"[['RX_GW', 640.204143242, 1266, 8, 3, 868.1, -126.447453989, '00:00:00:00:00:02']]"
TX,640.054588882,291992.951084066,4643710.388995869,1.2,2705,12,3,91-6,[]
TX,640.185115916,291710.275045944,4642415.812426746,1.2,2489,12,3,70-19,[]
TX,640.238285747,290706.637920327,4641305.169214346,1.2,1256,7,3,249-16,"[['RX_GW', 640.353282079, 1256, 7, 3, 868.1, -118.84775803, '00:00:00:00:00:02']]"
TX,640.531175082,294137.59784532,4647413.915073081,1.2,2566,12,3,75-27,[]
TX,640.644905211,290030.248180051,4645860.69114734,1.2,1761,12,3,317-18,[]
TX,640.698913239,291995.187290416,4643714.674471907,1.2,229,12,2,121-20,[]
TX,640.711545678,290979.760720018,4640403.025210802,1.2,2642,8,3,84-1,"[['RX_GW', 640.918958998, 2642, 8, 3, 868.1, -125.057602762, '00:00:00:00:00:02']]"
TX,640.999584344,291109.9375769,4642468.134226845,1.2,1637,12,3,305-1,[]
TX,641.099241534,291056.520980171,4642067.871157006,1.2,652,10,3,163-6,[]
TX,641.107989704,289944.518987191,4642288.724436848,1.2,1910,9,2,337-12,[]
TX,641.380320853,295143.594161565,4642700.29260667,1.2,2107,8,3,363-27,"[['RX_GW', 641.587734157, 2107, 8, 3, 868.1, -125.67648965, '00:00:00:00:00:04']]"
TX,641.621578541,296753.382602269,4652106.773010869,1.2,742,12,3,181-20,[]
TX,641.68534401,277585.408427823,4632396.982140749,1.2,1991,12,3,347-27,[]
TX,641.784750377,292384.751227749,4637304.844864147,1.2,322,12,3,130-25,[]
TX,641.789813201,291096.810282559,4642468.867119247,1.2,177,12,3,112-29,[]
TX,641.822904797,291300.926545802,4641988.328222552,1.2,2672,12,3,85-14,[]
TX,641.859094015,290991.517494939,4639053.81492337,1.2,2534,12,3,72-20,[]
TX,641.952185095,292717.68370855,4643726.923775107,1.2,737,12,3,181-13,[]
TX,642.173177811,290732.847085294,4641175.18305866,1.2,365,7,3,137-5,[]
TX,642.575719976,291749.33119261,4640281.890629098,1.2,2626,12,3,82-26,[]
TX,643.183056038,291632.71298195,4642847.586312022,1.2,413,12,3,140-13,[]
TX,643.46334237,290795.667521816,4643802.05545223,1.2,872,12,2,197-7,[]
TX,643.477041549,295618.686246887,4645558.813108071,1.2,2280,12,3,47-21,[]
TX,643.522530665,289671.734555994,4642154.938987159,1.2,1860,9,3,332-19,[]
TX,643.709009381,290890.114427036,4638734.649171013,1.2,1561,12,3,290-21,[]
TX,643.902609276,292277.941340585,4641978.924095252,1.2,2463,12,3,67-5,[]
TX,643.903866813,291184.017787719,4641313.949326828,1.2,1608,8,3,3-25,[]
TX,643.970547795,289944.68849902,4634403.03229927,1.2,1594,12,3,298-19,[]
TX,643.985347965,290719.647660586,4641302.662522945,1.2,1123,7,3,234-21,[]
TX,644.087039625,289948.936330937,4634407.179089716,1.2,473,12,3,148-10,[]
TX,644.149089751,292670.44924912,4640529.507630923,1.2,898,12,3,201-11,[]
TX,644.171191238,295116.789949232,4642698.479493182,1.2,1328,8,3,259-18,"[['RX_GW', 644.378604581, 1328, 8, 3, 868.1, -125.869525813, '00:00:00:00:00:04']]"
TX,644.197486267,289406.530434568,4645433.41634466,1.2,508,12,3,150-21,[]
TX,644.274430323,291994.099170299,4643700.260563435,1.2,618,12,3,162-13,[]
TX,644.346406864,296174.574410057,4639331.030770544,1.2,988,12,3,214-6,[]
TX,644.445278474,290321.418023793,4636962.996019153,1.2,861,12,3,195-7,[]
TX,644.493261681,290705.410290531,4641298.333891658,1.2,2668,7,3,85-10,[]
TX,644.562949453,290306.340608107,4646512.446367086,1.2,2303,12,2,48-9,[]
TX,644.653714349,289831.193064032,4643472.309833189,1.2,1135,12,3,237-25,[]
TX,644.819245336,293837.330533704,4640791.094671521,1.2,2619,11,3,82-11,"[['RX_GW', 646.300005781, 2619, 11, 3, 868.1, -134.833641493, '00:00:00:00:00:04']]"
TX,644.896254891,289151.363823568,4642595.784273121,1.2,1444,11,3,273-4,[]
TX,644.989960974,292642.077802788,4642017.518703863,1.2,956,12,3,209-24,[]
TX,645.181852483,291468.569514864,4642361.469067512,1.2,2568,12,3,75-5,[]
TX,645.252251301,291153.744939053,4632074.630778508,1.2,1482,12,3,279-9,[]
TX,645.289068589,288218.093398468,4649925.978977932,1.2,461,12,2,147-10,[]
TX,645.336367687,295169.400009415,4637591.896188604,1.2,699,12,3,173-27,[]
TX,645.525651086,295124.025874352,4642725.490339818,1.2,467,7,3,147-25,[]
TX,645.650798905,292699.463567428,4641838.56816409,1.2,1084,12,3,231-11,[]
TX,645.652353541,286377.865619534,4640698.838732264,1.2,663,12,2,167-21,[]
TX,646.052343839,292179.257973106,4637090.312455528,1.2,2417,12,3,59-3,[]
TX,646.245538578,292262.378851822,4643879.061538074,1.2,2176,12,3,39-27,[]
TX,646.280858754,294133.450142024,4647404.692808048,1.2,226,12,3,121-18,[]
TX,646.319640311,291242.537123472,4641251.234065257,1.2,662,9,3,167-20,[]
TX,646.34785691,290747.868997904,4642887.329291815,1.2,1360,12,3,262-8,[]
TX,646.402876916,291068.175385696,4644043.665604715,1.2,173,12,3,112-19,[]
TX,646.599552899,290669.095441703,4641180.723318174,1.2,490,7,3,148-4,[]
TX,646.836328164,282594.752435665,4636750.774208575,1.2,1803,12,3,322-17,[]
TX,646.928447556,292451.196263918,4641823.375846791,1.2,2097,12,3,363-12,[]
TX,646.956115758,290686.949479563,4641311.002665307,1.2,1340,7,3,260-4,[]
TX,646.964686148,289988.347285341,4637704.685261063,1.2,599,12,3,159-19,[]
TX,646.999696072,294128.521951571,4647408.184017495,1.2,1688,12,3,309-29,[]
TX,647.184202015,287907.822186732,4643989.26564311,1.2,1113,12,3,232-7,[]
TX,647.378439015,289827.045555689,4638591.992244205,1.2,1285,12,3,254-14,[]
TX,647.646063171,289949.71065486,4634413.410440522,1.2,1843,12,3,330-20,[]
TX,647.812014396,289935.643854097,4637963.955507313,1.2,1087,12,3,231-14,[]
TX,648.496961925,285608.698882732,4647187.385613179,1.2,1422,12,3,270-17,[]
TX,648.551913758,290726.685411967,4637678.727195933,1.2,1188,12,2,24-27,[]
TX,648.791412141,273717.753389678,4630626.454947528,1.2,1290,12,3,254-19,[]
TX,648.849961819,287923.171408955,4643538.863124277,1.2,928,12,3,204-10,[]
TX,648.871847318,299742.320108238,4630059.396910476,1.2,2304,12,2,49-10,[]
TX,649.090506448,291000.491297591,4641962.480648229,1.2,306,10,3,129-25,[]
TX,649.207335954,288974.831244027,4642579.454724909,1.2,29,12,3,101-17,[]
TX,649.209803008,290762.091920367,4641518.608749055,1.2,2151,8,3,371-19,[]
TX,649.235604186,291577.562374456,4642158.529351269,1.2,1885,12,3,334-6,[]
TX,649.360405481,291607.763381815,4641417.904382103,1.2,1097,10,3,231-3,[]
TX,649.494612478,290046.298170832,4640961.958128843,1.2,1049,7,3,226-12,[]
TX,649.512369046,291751.555803485,4641030.360625909,1.2,2181,10,2,40-13,[]
TX,649.6790473,292571.537872822,4641393.390414941,1.2,2453,12,3,67-15,[]
TX,650.273381496,294404.427403581,4642763.717822645,1.2,2371,11,2,55-20,"[['RX_GW', 651.754140593, 2371, 11, 2, 868.1, -134.744588736, '00:00:00:00:00:04']]"
TX,650.413539055,292734.723644759,4642285.79080613,1.2,1248,12,3,248-20,[]
TX,650.42158267,292825.071934334,4640668.454062472,1.2,676,12,3,171-14,[]
TX,650.448249831,289482.614668311,4639019.102064171,1.2,454,12,3,145-24,[]
TX,650.458181956,291899.054312932,4641661.367579581,1.2,1833,12,3,326-5,[]
TX,650.550220725,292066.963145665,4640543.930886012,1.2,1276,12,3,253-24,[]
TX,650.777680876,291243.668632153,4641238.16936015,1.2,2405,9,3,58-17,[]
TX,651.080311404,290889.624161261,4642256.461700646,1.2,2680,12,3,87-24,[]
TX,651.086340647,299749.341499558,4630061.873228501,1.2,989,12,2,214-7,[]
TX,651.130845172,290477.462540787,4640621.987829859,1.2,2726,7,3,93-6,[]
TX,651.173352554,289718.615256511,4647166.195253244,1.2,2165,12,3,372-27,[]
TX,651.214349109,291991.428681018,4643710.413632575,1.2,395,12,3,139-26,[]
TX,651.27988972,292531.545135138,4642912.267355708,1.2,139,12,3,11-18,[]
TX,651.695507462,292603.666861459,4643919.104989436,1.2,780,12,3,185-18,[]
TX,651.726158971,293323.201582803,4644286.52252501,1.2,2197,12,3,41-28,[]
TX,652.286620651,295545.148466404,4638039.420913721,1.2,1252,12,3,248-5,[]
TX,652.704773874,295079.861414116,4642764.362414924,1.2,2045,7,3,356-8,"[['RX_GW', 652.819771459, 2045, 7, 3, 868.1, -123.640572717, '00:00:00:00:00:04']]"
TX,652.935358642,291058.979421306,4644041.647639959,1.2,1356,12,3,262-10,[]
TX,653.394514556,273711.40359514,4630647.79522551,1.2,83,12,3,105-20,[]
TX,653.420299066,291981.007829453,4643722.010473189,1.2,1519,12,3,287-19,[]
TX,653.440280487,296256.766502441,4635473.710235639,1.2,619,12,3,162-17,[]
TX,653.475786139,289961.169210797,4647066.3414955,1.2,1851,12,3,330-6,[]
TX,653.772295779,289318.861090101,4634317.512428143,1.2,812,12,3,187-7,[]
TX,653.773173267,292536.378739769,4641905.679717419,1.2,1889,12,3,335-16,[]
TX,653.879985225,292520.616030878,4642913.954363256,1.2,2546,12,3,72-7,[]
TX,653.959929049,291343.349957932,4636341.185705834,1.2,2715,12,3,93-20,[]
TX,653.974495954,291851.263669294,4642577.170971873,1.2,1790,12,3,320-28,[]
TX,654.011411176,292306.434710027,4642050.770550323,1.2,353,12,2,137-2,[]
TX,654.058911401,292539.669446043,4641356.456303085,1.2,1072,12,3,229-17,[]
TX,654.224421006,290192.728430668,4636594.500319526,1.2,135,12,3,109-6,[]
TX,654.66134168,291511.586363899,4642076.415361507,1.2,612,12,2,160-5,[]
TX,654.931324378,291679.279094068,4642120.743270143,1.2,360,12,3,137-28,[]
TX,655.246590931,293703.104805621,4645351.228295412,1.2,784,12,3,185-4,[]
TX,655.30484957,290696.358142092,4641306.349468478,1.2,1099,7,3,231-5,[]
TX,655.321847288,290865.220875944,4642263.079226016,1.2,2388,12,3,56-25,[]
TX,655.528350836,291024.345110598,4640958.835213112,1.2,1326,8,3,256-7,[]
TX,656.020324694,292868.388515193,4642223.858150708,1.2,1979,12,3,344-3,[]
TX,656.04445295,290464.802117487,4640617.03670444,1.2,607,7,3,160-2,[]
TX,656.33565591,292306.136308594,4637660.367605321,1.2,546,12,3,153-1,[]
TX,656.398942618,291980.911332529,4643709.757028502,1.2,2567,12,3,75-4,[]
TX,656.425438039,292677.8052805,4641780.811352464,1.2,96,12,2,106-26,[]
TX,656.43188603,292988.812768857,4642280.760916327,1.2,2350,12,3,51-4,[]
TX,656.574989977,293718.451774437,4645085.111701557,1.2,484,12,3,148-24,[]
TX,656.706431432,287905.752888614,4634491.975059765,1.2,2322,12,3,50-28,[]
TX,656.887552441,292265.600487337,4638877.73707671,1.2,480,12,3,148-20,[]
TX,656.898827207,292695.261633614,4641812.347016505,1.2,1884,12,3,334-5,[]
TX,657.110944616,291075.629014663,4644044.563840074,1.2,704,12,2,174-21,[]
TX,657.197276767,292641.462453183,4642036.38453928,1.2,361,12,3,137-29,[]
TX,657.299241319,291641.067489694,4644614.579697051,1.2,611,12,3,160-4,[]
TX,657.439329326,289679.339670005,4638747.543840721,1.2,2640,12,3,83-3,[]
TX,657.535740945,293243.947826503,4640220.533126206,1.2,1067,12,3,226-6,[]
TX,657.711098697,295117.794253223,4642703.38211576,1.2,1331,8,3,259-21,[]
TX,657.878523717,292775.479725437,4641225.896917715,1.2,1089,12,3,231-18,[]
TX,657.956919954,290163.365857987,4647005.449769182,1.2,950,12,3,206-8,[]
TX,657.980279149,290859.484290411,4642263.087148281,1.2,2175,12,3,39-26,[]
TX,657.988055854,290000.905863236,4642947.267426291,1.2,1374,11,3,266-11,[]
TX,658.28521139,292790.574665571,4642170.119759982,1.2,2170,12,3,39-14,[]
TX,658.397238594,294601.677805758,4644526.000561505,1.2,435,12,2,141-12,[]
TX,658.752176324,291731.150289913,4642150.325122055,1.2,2639,12,3,83-21,[]
TX,658.931036759,291717.005535356,4642163.974479964,1.2,123,12,3,109-20,[]
TX,658.931530107,286027.013475793,4640235.785297241,1.2,40,12,3,101-3,[]
TX,659.068317945,289840.868523958,4641914.117026742,1.2,1864,7,3,332-25,"[['RX_GW', 659.183314806, 1864, 7, 3, 868.1, -123.576469382, '00:00:00:00:00:02']]"
TX,659.088725064,290259.849746746,4647123.472770413,1.2,2533,12,3,72-19,[]
TX,659.152501826,292188.860161508,4643527.81445422,1.2,2171,12,3,39-22,[]
TX,659.201160869,291127.990430281,4641239.321882774,1.2,80,10,3,105-17,"[['RX_GW', 659.860670462, 80, 10, 3, 868.1, -130.01441481, '00:00:00:00:00:02']]"
TX,659.270877936,292673.822624403,4643719.305911603,1.2,2532,12,3,72-18,[]
TX,659.657075395,293231.356693398,4640205.662479178,1.2,691,12,3,172-30,[]
TX,659.763990556,285526.139273533,4633263.648847381,1.2,1552,12,3,29-27,[]
TX,659.942622693,291036.792671236,4644004.873019421,1.2,750,12,3,181-28,[]
TX,659.952094202,273714.892119475,4630631.427951107,1.2,1392,12,3,268-17,[]
TX,659.958544448,293707.077106352,4645344.532999897,1.2,2409,12,3,58-3,[]
TX,660.046482229,288182.641772487,4643895.438269647,1.2,2427,12,3,61-19,[]
TX,660.121145767,287331.451911781,4645741.907452749,1.2,1529,12,3,287-3,[]
TX,660.225213691,290322.512956861,4640879.539568311,1.2,2298,7,3,48-25,"[['RX_GW', 660.34020842, 2298, 7, 3, 868.1, -104.242795318, '00:00:00:00:00:02']]"
TX,660.314109525,292664.951563613,4641777.405776487,1.2,1729,12,3,310-30,[]
TX,660.351992838,288377.418640799,4637276.881559245,1.2,815,12,3,188-3,[]
TX,660.40107315,290074.899123207,4642395.659863775,1.2,2411,9,3,58-5,"[['RX_GW', 660.772839634, 2411, 9, 3, 868.1, -129.498660999, '00:00:00:00:00:02']]"
TX,660.473138742,299748.895221798,4630074.54527546,1.2,985,12,3,214-3,[]
TX,660.550258086,287541.674680257,4641390.890445767,1.2,2056,12,3,358-10,[]
TX,660.63117505,292453.161035661,4641829.060384595,1.2,2428,12,3,61-20,[]
TX,660.721257634,294040.40406714,4642825.461894085,1.2,2437,12,3,62-11,[]
TX,660.796421454,291753.157823747,4639558.444745438,1.2,2011,12,3,349-23,[]
TX,660.922269481,294782.827578587,4644781.105893144,1.2,918,12,3,202-28,[]
TX,661.218244599,287820.609852677,4639251.014888002,1.2,1308,12,3,256-12,[]
TX,661.437829241,297981.338166154,4642036.052291328,1.2,2177,12,3,39-28,[]
TX,661.489384402,291810.762786039,4642301.500695565,1.2,1618,12,3,301-23,[]
TX,661.516178792,291859.208496509,4640747.582332612,1.2,796,10,3,186-26,[]
TX,661.578724565,291236.728372114,4641283.24691048,1.2,806,9,3,187-29,[]
TX,661.726662313,289646.814813079,4643503.910858401,1.2,2747,12,3,96-21,[]
TX,661.868764292,291441.268225958,4636441.109627464,1.2,1187,12,3,24-26,[]
TX,661.892706023,291993.23924536,4643721.284813543,1.2,1492,12,3,28-28,[]
TX,662.039034072,287118.549175395,4636557.263256209,1.2,434,12,3,141-11,[]
TX,662.039672239,289226.090892611,4642070.667536303,1.2,584,9,3,158-13,[]
TX,662.107199947,291181.093181504,4641937.705632191,1.2,272,11,3,126-9,[]
TX,662.374028326,296132.762603029,4643127.882680449,1.2,2624,9,3,82-24,"[['RX_GW', 662.745794784, 2624, 9, 3, 868.1, -127.986260148, '00:00:00:00:00:04']]"
TX,662.41978991,292401.60486711,4636808.410728092,1.2,1074,12,3,229-19,[]
TX,662.461493174,293206.358483758,4642042.864356416,1.2,1315,11,3,256-19,[]
TX,662.735409707,292660.916166139,4641767.692850395,1.2,945,12,3,206-24,[]
TX,662.779446431,290384.097926521,4641821.457264263,1.2,505,7,3,150-17,[]
TX,662.806781733,289945.977275308,4634407.176882125,1.2,2434,12,3,61-5,[]
TX,662.889954683,291758.224307577,4639719.870126806,1.2,1785,12,3,320-14,[]
TX,662.935834312,292300.698337892,4637664.044335862,1.2,1261,12,3,249-7,[]
TX,662.951498975,288758.772723753,4642581.164883633,1.2,2541,11,3,72-29,[]
TX,662.989211325,289608.366523752,4643577.462917732,1.2,2745,12,3,96-19,[]
TX,663.07167896,286278.793473588,4634552.399028533,1.2,748,12,3,181-26,[]
TX,663.098126841,283054.726191931,4632876.021393589,1.2,138,12,3,11-17,[]
TX,663.201710962,295574.936266524,4645582.331385481,1.2,1016,12,3,220-26,[]
TX,663.492699336,291864.531510978,4641965.979233739,1.2,1868,12,3,332-3,[]
TX,663.511953125,291897.35570515,4642568.126206215,1.2,2071,12,3,358-5,[]
TX,663.547116451,291987.302067812,4643710.74048044,1.2,664,12,3,167-3,[]
TX,663.569734557,290752.187050552,4641514.762098579,1.2,1001,8,3,215-8,[]
TX,663.667691008,292316.088484616,4642055.557138108,1.2,935,12,3,204-24,[]
TX,663.845204139,289859.886873199,4638388.201110155,1.2,1481,12,3,279-27,[]
TX,663.877149314,292605.573622018,4641991.380287902,1.2,2769,12,3,97-28,[]
TX,663.87961501,292238.852792763,4643065.313667289,1.2,2711,12,3,93-17,[]
TX,664.183318646,291428.90803638,4642060.756044214,1.2,951,10,3,206-9,[]
TX,664.435461423,291696.402036709,4640137.689129897,1.2,2334,10,3,51-13,[]
TX,664.734421083,291027.930883868,4641958.145775631,1.2,1699,9,3,31-13,[]
TX,664.801555909,291954.671725278,4642592.838283112,1.2,943,12,3,206-13,[]
TX,664.834051778,293566.568129877,4642130.590095033,1.2,196,11,3,115-12,[]
TX,665.023949557,273554.093019579,4630599.891870815,1.2,804,12,3,187-20,[]
TX,665.053590072,299511.208924243,4633782.894220032,1.2,1419,12,3,270-10,[]
TX,665.276852311,291046.392383479,4641931.83515047,1.2,1975,9,3,344-2,[]
TX,665.328264926,290999.531750714,4639060.932659246,1.2,1705,12,3,31-19,[]
TX,665.329467305,292530.566235676,4642901.176627371,1.2,1058,12,3,226-23,[]
TX,665.473312535,291179.263963911,4641960.74933104,1.2,269,10,3,126-14,[]
TX,665.684681635,292132.126725099,4641847.092635478,1.2,1494,12,3,281-3,[]
TX,665.887086038,284472.418618308,4632921.682276747,1.2,1278,12,3,253-26,[]
TX,665.987070807,290476.937252721,4640623.722121472,1.2,1859,7,3,332-17,[]
TX,666.70741392,290303.935691073,4641929.072641863,1.2,2067,7,3,358-25,"[['RX_GW', 666.822411008, 2067, 7, 3, 868.1, -120.101408019, '00:00:00:00:00:02']]"
TX,666.769610016,290179.119717281,4635342.522038863,1.2,388,12,3,139-11,[]
TX,666.955701385,273691.526079179,4630600.759959905,1.2,846,12,3,194-23,[]
TX,666.972584165,291056.439824948,4644020.887395283,1.2,2630,12,3,82-4,[]
TX,667.339389165,291868.984094352,4642545.214531805,1.2,2661,12,3,84-29,[]
TX,667.515846002,290339.080957423,4641417.752528662,1.2,2252,7,3,45-5,[]
TX,667.721503313,292107.785166837,4642221.393586824,1.2,65,12,3,103-30,[]
TX,667.927358802,291179.984199815,4635304.823204055,1.2,2201,12,3,42-11,[]
TX,667.944636199,287736.079972915,4643432.379033367,1.2,1204,12,3,241-26,[]
TX,668.100695537,291664.376050922,4642108.098484308,1.2,2629,12,3,82-3,[]
TX,668.316626561,290657.169411513,4640619.787444077,1.2,2158,7,3,371-26,[]
TX,668.409030105,290666.334789363,4641287.429688087,1.2,530,7,3,151-5,[]
TX,668.466833749,287429.053561471,4634247.510244734,1.2,2224,12,3,43-28,[]
TX,668.565817702,287802.70403928,4631750.548488172,1.2,1929,12,3,339-19,[]
TX,668.718354662,289940.484341612,4634395.129014887,1.2,1733,12,3,311-17,[]
TX,669.095901644,291038.387308971,4641125.957994426,1.2,82,9,3,105-19,[]
TX,669.221962688,289333.685084096,4634592.313787286,1.2,1819,12,3,324-24,[]
TX,669.602263392,290416.060134242,4641809.110022045,1.2,302,7,3,129-13,[]
TX,670.049426652,291617.391036138,4642864.945536824,1.2,1000,12,3,215-27,[]
TX,670.320026037,297760.474348603,4636657.811643439,1.2,1115,12,3,233-12,[]
TX,670.322545699,290481.211372871,4640727.61808348,1.2,2116,7,3,367-17,[]
TX,670.455604118,294395.987128471,4642711.777959474,1.2,2627,10,3,82-27,"[['RX_GW', 671.11511514, 2627, 10, 3, 868.1, -130.497241508, '00:00:00:00:00:04']]"
TX,670.677057705,273720.704816193,4630628.272829161,1.2,2462,12,3,67-4,[]
TX,670.795954308,292717.904512996,4642040.746582568,1.2,1372,12,3,264-7,[]
TX,670.954403263,292017.15797334,4643035.122062958,1.2,2553,12,3,73-7,[]
TX,671.195414766,292676.622831971,4643703.655875295,1.2,20,12,3,100-7,[]
TX,671.301819448,290193.76005157,4643839.673481071,1.2,134,12,3,109-5,[]
TX,671.31323562,289935.67215794,4634393.409809308,1.2,79,12,3,104-7,[]
TX,671.624747038,290856.263557443,4642307.07081712,1.2,1538,11,3,288-19,[]
TX,671.711332747,290930.317639939,4643937.987955603,1.2,1224,12,3,244-28,[]
TX,672.094064144,290379.461926897,4641798.393561875,1.2,279,7,3,127-21,[]
TX,672.135578134,295042.262403929,4642854.54496464,1.2,119,8,3,109-17,"[['RX_GW', 672.342992052, 119, 8, 3, 868.1, -124.611828989, '00:00:00:00:00:04']]"
TX,672.411007315,290213.685279504,4640178.641692235,1.2,1229,7,3,245-14,[]
TX,672.553088577,301144.163430234,4640692.353743412,1.2,1370,12,3,264-5,[]
TX,672.66379078,291841.859249856,4641931.991781764,1.2,25,12,3,101-13,[]
TX,672.911456624,289832.674458608,4638672.801274566,1.2,2654,12,3,84-20,[]
TX,673.284250598,292630.007776921,4641339.498290971,1.2,99,12,3,107-10,[]
TX,673.404064148,291875.950118346,4639206.771016563,1.2,2703,12,3,91-4,[]
TX,673.54705578,295134.601643013,4642690.343193453,1.2,487,8,3,148-27,"[['RX_GW', 673.75446907, 487, 8, 3, 868.1, -125.608112141, '00:00:00:00:00:04']]"
TX,673.558730333,293062.299392753,4642342.570172084,1.2,2517,12,3,71-3,[]
TX,673.584566777,290204.341758096,4641471.701644761,1.2,2529,7,3,72-15,[]
TX,673.725181342,293129.826130952,4640654.631859078,1.2,1352,12,3,261-27,[]
TX,673.796942834,292746.485558687,4641892.159233577,1.2,1131,12,3,237-12,[]
TX,673.882464329,290723.571789745,4644567.879329904,1.2,1234,12,3,245-28,[]
TX,674.297939151,290586.752942853,4643062.282604448,1.2,371,12,3,138-18,[]
TX,674.391858993,289512.108363044,4642803.563787599,1.2,2022,10,3,351-19,[]
TX,674.40690209,291107.62920917,4642352.059265007,1.2,170,12,3,112-1,[]
TX,674.561667802,273697.858059722,4630698.260775352,1.2,1479,12,3,279-14,[]
TX,674.824639691,292672.631348435,4643690.168272045,1.2,1697,12,3,31-11,[]
TX,674.987062864,294902.089235187,4644995.21974923,1.2,1858,12,3,332-14,[]
TX,675.092912697,284071.261216818,4643171.516752464,1.2,1802,12,3,322-1,[]
TX,675.128165396,289227.572209778,4642064.233711245,1.2,1897,9,3,336-1,[]
TX,675.39925086,295682.660802532,4642555.112225424,1.2,817,7,3,188-5,[]
TX,675.711144722,291470.488741694,4642353.254806643,1.2,42,12,3,101-5,[]
TX,675.787412682,292946.978764553,4644327.453500546,1.2,1348,12,3,261-14,[]
TX,675.844373509,294145.777115069,4647405.691654801,1.2,1913,12,3,337-25,[]
TX,676.108146242,291012.8026179,4641814.0364082,1.2,2618,10,3,82-10,[]
TX,676.198160605,291930.927991195,4639144.407914075,1.2,917,12,3,202-27,[]
TX,676.494305767,291113.625068848,4641126.302906017,1.2,1277,9,3,253-25,[]
TX,676.767945314,290670.008048996,4641927.72018889,1.2,1709,7,3,31-24,[]
TX,676.862856827,284042.961201939,4640234.750899434,1.2,38,12,3,101-28,[]
TX,677.143567812,271621.833437283,4630622.946426146,1.2,1792,12,3,320-9,[]
TX,677.191933913,290575.174905393,4643874.362160347,1.2,1441,12,3,273-19,[]
TX,677.366887481,289934.260134826,4634403.866503962,1.2,2560,12,3,75-20,[]
TX,677.723931749,291436.594097547,4641318.577098942,1.2,1041,9,3,223-25,[]
TX,677.914971385,291989.483715679,4643720.204290492,1.2,225,12,3,121-17,[]
TX,678.026863819,295541.564797213,4645524.885942425,1.2,402,12,3,14-19,[]
TX,678.348620519,288843.661092347,4643630.165643711,1.2,431,12,3,140-6,[]
TX,678.364899419,293244.273519021,4640207.463872169,1.2,1706,12,3,31-2,[]
TX,678.502176269,273003.165530015,4624632.915206895,1.2,1556,12,3,290-17,[]
TX,678.520642851,291292.511354858,4638106.378229661,1.2,1201,12,3,241-14,[]
TX,678.666266442,290101.847847041,4642422.1771058,1.2,863,9,3,197-17,[]
TX,678.689731727,293455.644029942,4641376.078126478,1.2,2247,12,3,45-21,[]
TX,678.803404217,290454.40283585,4642874.351487379,1.2,1595,12,3,298-20,[]
TX,678.92432051,289598.175738574,4643541.708046098,1.2,789,12,3,186-11,[]
TX,679.002468889,295663.828777842,4645566.849113586,1.2,2271,12,3,47-13,[]
TX,679.210946978,291207.903365867,4631942.914624082,1.2,1303,12,3,254-6,[]
TX,679.213715538,291385.420276959,4641409.598585355,1.2,2673,10,3,85-27,[]
TX,679.376096921,292137.788490841,4642149.79325565,1.2,422,12,3,140-21,[]
TX,679.476122661,291686.990138907,4636105.215189738,1.2,666,12,3,167-5,[]
TX,679.541030362,295738.499226516,4645479.962525963,1.2,1995,12,3,348-17,[]
TX,679.577576803,291142.581805542,4644705.596497721,1.2,330,12,3,130-7,[]
TX,679.711664886,296711.42704988,4635032.884755965,1.2,320,12,3,130-23,[]
TX,679.897353705,295140.520839205,4640709.572739135,1.2,866,7,3,197-20,[]
TX,680.258968036,292959.675305833,4643934.64422699,1.2,1652,12,3,305-25,[]
TX,680.479391561,290895.367287591,4642022.11132793,1.2,2223,10,3,43-27,[]
TX,680.529511428,292416.886978447,4637357.421042147,1.2,643,12,3,163-24,[]
TX,680.633236138,283936.091212791,4632951.288051892,1.2,278,12,3,127-20,[]
TX,680.833970317,292838.227568596,4642210.740960573,1.2,1279,12,3,253-28,[]
TX,680.903996582,291301.456464719,4644575.560028859,1.2,934,12,3,204-23,[]
TX,680.936845122,292391.914147698,4643087.242108944,1.2,1624,12,3,303-17,[]
TX,681.122844494,292868.642983445,4643517.412810931,1.2,1465,12,3,275-18,[]
TX,681.401631438,301801.635296831,4643838.195107851,1.2,2495,12,3,70-5,[]
TX,681.698906977,291921.314727528,4642575.104409185,1.2,2547,12,3,73-29,[]
TX,681.729438212,285755.293716435,4634089.149853315,1.2,1562,12,3,290-3,[]
TX,681.871109281,292188.744452826,4642172.981471349,1.2,1626,12,3,303-20,[]
TX,681.883637293,291488.720457747,4641984.836750872,1.2,1196,10,3,24-7,[]
TX,682.09668421,295113.844856657,4642668.680574923,1.2,2086,8,3,361-7,[]
TX,682.317659776,290084.938614764,4640915.485720087,1.2,2112,7,3,367-11,[]
TX,682.478247096,291473.946805103,4642058.61558709,1.2,520,12,3,151-20,[]
TX,682.519833701,273684.983370193,4630637.513980523,1.2,1491,12,3,28-27,[]
TX,682.534494695,290563.525528071,4637458.643531759,1.2,1882,12,3,334-3,[]
TX,682.677751139,301212.277059027,4641407.820453569,1.2,1154,12,3,239-18,[]
TX,682.696672773,289896.166814999,4642464.316523617,1.2,1457,10,3,274-3,[]
TX,682.732541123,271843.5995598,4630655.238289509,1.2,2057,12,3,358-11,[]
TX,682.76016809,292146.629085081,4642966.5562241,1.2,2124,12,3,367-28,[]
TX,682.884719458,287842.593680342,4638481.092057818,1.2,1242,12,3,246-25,[]
TX,683.077967349,294026.204310729,4640588.798170631,1.2,665,11,3,167-4,[]
TX,683.127717724,287901.970149968,4643983.235035736,1.2,1109,12,3,232-3,[]
TX,683.155519079,290059.658106491,4634502.240329234,1.2,1004,12,3,22-11,[]
TX,683.214770498,295526.393469447,4642407.620514493,1.2,700,7,3,174-17,[]
TX,683.221414599,296673.205558693,4634483.967210876,1.2,606,12,3,160-19,[]
TX,683.242970513,293321.827244436,4644269.345447841,1.2,2691,12,3,88-27,[]
TX,683.314208641,289224.531866767,4642072.205016036,1.2,1619,9,3,301-24,[]
TX,683.662749904,290359.079572284,4640368.997469691,1.2,2193,7,3,41-24,[]
TX,683.762990561,291931.749301085,4642579.436178895,1.2,791,12,3,186-13,[]
TX,683.839292312,289186.509878707,4643003.126857357,1.2,2662,12,3,84-3,[]
TX,683.880885433,293527.108313411,4641010.059678341,1.2,2105,12,3,363-25,[]
TX,683.881926169,290700.698048551,4641318.00350603,1.2,2036,7,3,353-3,[]
TX,684.255964445,289188.074520449,4642513.679149562,1.2,1826,11,3,326-18,[]
TX,684.542170323,292530.920799192,4641892.634529271,1.2,2651,12,3,84-18,[]
TX,684.681465714,299778.587763863,4630312.048663112,1.2,417,12,3,140-17,[]
TX,684.683323303,291582.744949412,4644175.732511332,1.2,1205,12,3,241-27,[]
TX,684.812338066,282392.917221601,4632810.659124029,1.2,2200,12,3,42-10,[]
TX,684.975429977,291044.918423052,4644059.202498952,1.2,37,12,3,101-26,[]
TX,685.352998731,291870.8409321,4642566.770106209,1.2,564,12,3,155-2,[]
TX,685.531206028,292530.081864428,4643808.355649928,1.2,455,12,3,145-25,[]
TX,685.566749481,291091.326966089,4642359.050382755,1.2,647,12,3,163-28,[]
TX,685.618843043,291712.335882668,4642812.752897343,1.2,2508,12,3,71-2,[]
TX,685.712469764,290509.605024192,4639983.808329741,1.2,2053,9,3,357-5,[]
TX,685.734820235,293240.992203462,4639406.152409253,1.2,2369,12,3,55-18,[]
TX,685.756458857,273661.41748603,4630680.841078949,1.2,2207,12,3,42-26,[]
TX,685.771603588,289697.056186615,4645671.233197707,1.2,515,12,3,150-7,[]
TX,685.930702223,291952.823140731,4642598.26714038,1.2,2732,12,3,95-18,[]
TX,685.935461993,292893.506232151,4640445.732319891,1.2,174,12,3,112-2,[]
TX,686.18722447,294469.720015604,4641327.925318602,1.2,1520,8,3,287-20,[]
TX,686.408284065,271581.68196469,4630137.303318108,1.2,1984,12,3,347-10,[]
TX,686.646457708,291893.473087596,4642576.306901522,1.2,1599,12,3,298-5,[]
TX,686.6980054,285081.388751616,4633386.86515564,1.2,2442,12,3,62-28,[]
TX,686.774371284,285868.99020006,4643370.76707238,1.2,1042,12,3,223-26,[]
TX,686.847506231,289449.563075284,4646133.577161242,1.2,1343,12,3,260-7,[]
TX,687.020892839,291126.262763566,4641180.576819163,1.2,132,9,3,109-30,[]
TX,687.02430144,289448.55919144,4641740.762973077,1.2,2454,7,3,67-16,[]
TX,687.038992674,291739.815935353,4642808.931163156,1.2,1193,12,3,24-4,[]
TX,687.193750447,293673.273294234,4642595.311436976,1.2,2002,12,3,348-7,[]
TX,687.230997696,273705.725834362,4630708.159683565,1.2,1534,12,3,287-8,[]
TX,687.376969491,291045.341276245,4642329.325300244,1.2,1900,12,3,336-19,[]
TX,687.417540799,290852.082522455,4642269.126050437,1.2,1503,12,3,282-6,[]
TX,687.565313223,286591.096814258,4641688.625006639,1.2,1609,12,3,3-26,[]
TX,687.65865846,292276.83194001,4642011.612453154,1.2,598,12,3,159-18,[]
TX,687.714063404,289327.898287183,4634318.695873102,1.2,2447,12,3,66-21,[]
TX,687.822230098,291043.881990465,4644017.266147443,1.2,777,12,3,184-26,[]
TX,688.09121492,289332.249226902,4634310.295805476,1.2,1018,12,3,220-28,[]
TX,688.113010009,272007.047901099,4630574.118239435,1.2,1887,12,3,335-1,[]
TX,688.331556857,290127.182146397,4636891.404441367,1.2,1613,12,3,301-11,[]
TX,688.358801212,293120.707645983,4649793.859599208,1.2,2147,12,3,369-5,[]
TX,688.378253426,291040.84551662,4644001.125673873,1.2,2757,12,3,97-14,[]
TX,688.379345272,290602.49795072,4633568.894541973,1.2,1137,12,3,237-28,[]
TX,688.384745174,291728.797617887,4642147.751551198,1.2,2559,12,3,75-19,[]
TX,688.439574857,289790.360374106,4635454.773151754,1.2,2576,12,3,76-22,[]
TX,688.637193913,293445.105633327,4643936.803951629,1.2,1756,12,3,315-6,[]
TX,688.836085038,291043.102779425,4640474.802625332,1.2,594,9,3,158-9,[]
TX,688.945121551,290446.838553028,4641383.342560012,1.2,651,7,3,163-5,[]
TX,688.960409022,288769.926663778,4642590.460926272,1.2,2190,11,3,41-12,[]
TX,688.995516301,292731.748994184,4641843.525426894,1.2,1349,12,3,261-24,[]
TX,689.01135718,290211.825221721,4640200.760713913,1.2,216,7,3,12-20,[]
TX,689.033490661,294970.927544486,4643400.578279494,1.2,405,12,3,14-3,[]
TX,689.040558684,292301.278107279,4641586.191250267,1.2,1574,12,3,293-2,[]
TX,689.105192803,292185.134011246,4642222.991672351,1.2,1849,12,3,330-3,[]
TX,689.124302844,292800.985615334,4643141.539555962,1.2,158,12,3,110-26,[]
TX,689.403602029,291963.769899672,4642584.512628663,1.2,1714,12,3,31-3,[]
TX,689.410336279,291870.890230256,4642557.3922471,1.2,453,12,3,145-14,[]
TX,689.423585948,291899.883078514,4641339.534974069,1.2,481,12,3,148-21,[]
TX,689.616664131,295137.459778958,4642708.367871813,1.2,2305,8,3,49-11,[]
TX,689.667952138,292179.554123141,4641892.99492016,1.2,2126,12,3,367-4,[]
TX,689.875124517,290999.219039621,4641879.290320835,1.2,1384,9,3,267-12,[]
TX,689.906968735,292840.911166878,4641928.397715934,1.2,2650,12,3,84-17,[]
TX,689.935046737,295146.128711709,4642733.561078466,1.2,323,7,3,130-26,[]
TX,690.143737509,292517.695224531,4642817.104436529,1.2,2621,12,3,82-13,[]
TX,690.243558417,289625.633936217,4643507.79952819,1.2,2179,12,3,40-11,[]
TX,690.326510555,291812.665763174,4642487.88437404,1.2,1185,12,3,24-24,[]
TX,690.326706356,292262.696420294,4642937.813180159,1.2,838,12,3,190-5,[]
TX,690.340823599,291180.905750115,4641319.984119555,1.2,2445,8,3,66-19,[]
TX,690.352514173,291612.377564281,4641418.465481994,1.2,1578,10,3,293-3,[]
TX,690.456230669,287350.748406721,4641829.424003204,1.2,1324,12,3,256-5,[]
TX,690.49852479,292373.826517984,4641798.26675837,1.2,1614,12,3,301-12,[]
TX,690.532560163,291955.174717101,4642597.382439439,1.2,145,12,3,11-4,[]
TX,690.537579809,290537.232292416,4643246.903666124,1.2,503,12,3,150-15,[]
TX,690.711955539,290691.706125701,4635728.762473528,1.2,1400,12,3,268-5,[]
TX,691.022609947,291121.91079495,4641147.151818173,1.2,93,7,3,106-23,[]
TX,691.111158866,291994.841971819,4641732.044433903,1.2,421,12,3,140-20,[]
TX,691.17855253,273644.808831928,4630664.937631078,1.2,1202,12,3,241-24,[]
TX,691.310821028,273705.857090913,4630712.059580389,1.2,2229,12,3,43-6,[]
TX,691.317931134,273692.631165041,4630615.051547823,1.2,1928,12,3,339-18,[]
TX,691.491064013,289948.142259294,4634410.832319604,1.2,1539,12,3,288-20,[]
TX,691.532669927,290680.021662129,4641294.345558044,1.2,52,7,3,102-3,[]
TX,691.66490595,273718.969829275,4630625.436766098,1.2,401,12,3,14-18,[]
TX,691.665687502,290841.466967544,4636935.561038043,1.2,1120,12,3,234-17,[]
TX,691.681340533,296533.509391012,4645847.354983248,1.2,259,12,3,125-13,[]
TX,691.686639128,295654.070019969,4645550.056936514,1.2,1847,12,3,330-27,[]
TX,691.748966399,298862.919249545,4644419.043755814,1.2,833,12,3,190-21,[]
TX,691.772035557,291104.961855449,4642463.555870443,1.2,892,12,3,200-14,[]
TX,691.904888008,291136.396382342,4640291.495991945,1.2,2033,9,3,353-20,[]
TX,691.940449966,291159.274765559,4641968.070925645,1.2,1784,10,3,320-13,[]
TX,692.055683514,291684.009418383,4642821.935049429,1.2,1661,12,3,306-16,[]
TX,692.105707239,290826.199420001,4636923.003268207,1.2,1765,12,3,317-3,[]
TX,692.141910606,291823.348153028,4641052.373226084,1.2,818,12,3,188-6,[]
TX,692.170759193,292419.989354026,4637267.629190442,1.2,1005,12,3,22-12,[]
TX,692.261703042,290518.652009394,4641371.637676648,1.2,1800,7,3,321-6,[]
TX,692.315445243,282778.327843047,4635265.407999879,1.2,1144,12,3,238-25,[]
TX,692.385006764,292890.24433768,4642631.231713818,1.2,690,12,3,172-3,[]
TX,692.540327782,290657.204253263,4641308.898040806,1.2,2254,7,3,45-7,[]
TX,692.569053122,291760.787438138,4642644.255857483,1.2,2530,12,3,72-16,[]
TX,692.597345044,271650.146622087,4629639.490690738,1.2,2070,12,3,358-4,[]
TX,692.713167577,295147.199142015,4642755.725124809,1.2,786,7,3,185-6,"[['RX_GW', 692.828165027, 786, 7, 3, 868.1, -123.014859961, '00:00:00:00:00:04']]"
TX,692.748117343,291980.091644277,4643740.251959709,1.2,1610,12,3,3-27,[]
TX,693.054700341,291814.840750264,4642874.690551529,1.2,1998,12,3,348-20,[]
TX,693.158609917,293711.478640644,4645354.421340112,1.2,802,12,3,187-18,[]
TX,693.261472766,289974.344516359,4637451.095266487,1.2,601,12,3,159-21,[]
TX,693.490164163,291050.489367227,4644046.036362195,1.2,133,12,3,109-4,[]
TX,693.589599956,289211.316085158,4642072.685410673,1.2,703,9,3,174-20,[]
TX,693.711887545,293713.131472941,4645353.183938211,1.2,2260,12,3,46-19,[]
TX,693.789876123,291065.879981084,4644028.178278,1.2,1545,12,3,29-11,[]
TX,693.79435912,290469.975297117,4635468.608501155,1.2,1569,12,3,291-5,[]
TX,694.254529345,291880.704699412,4642561.178485571,1.2,2677,12,3,87-12,[]
TX,694.362999725,289037.644142683,4641822.629890454,1.2,1436,9,3,270-6,[]
TX,694.454572242,292165.744070037,4641781.549333675,1.2,63,12,3,103-29,[]
TX,694.578136647,292015.992255821,4642616.021399973,1.2,745,12,3,181-23,[]
TX,694.749036279,290990.617017878,4640926.638045484,1.2,2577,7,3,76-23,[]
TX,694.813817522,291358.798310754,4642021.974773573,1.2,797,11,3,186-27,[]
TX,694.957747676,290308.462980915,4647109.201931864,1.2,152,12,3,110-13,[]
TX,695.06180429,292069.485635975,4640662.251371142,1.2,916,12,3,202-26,[]
TX,695.117684253,281679.857316145,4632759.95686535,1.2,610,12,3,160-3,[]
TX,695.240503328,291619.040413978,4641736.921736893,1.2,880,11,3,198-25,[]
TX,695.273818791,291475.973243543,4639031.948101237,1.2,2595,12,3,8-17,[]
TX,695.380439485,289788.014795942,4634655.462266238,1.2,1593,12,3,298-18,[]
TX,695.980367701,293334.86035553,4640169.385152702,1.2,983,12,3,214-20,[]
TX,695.994615853,288349.839377088,4642479.971344011,1.2,182,12,3,112-6,[]
TX,695.997961685,292543.471536816,4642937.192041134,1.2,1124,12,3,234-3,[]
TX,696.116714048,293127.254407099,4642307.827778501,1.2,2597,12,3,8-19,[]
TX,696.24503915,290960.154860106,4639217.232912692,1.2,808,12,3,187-30,[]
TX,696.286727506,286681.99949656,4645120.008746005,1.2,542,12,3,152-27,[]
TX,696.314147624,286557.92533299,4641830.238706403,1.2,201,12,3,115-26,[]
TX,696.414834998,289320.428117001,4639763.226756501,1.2,1244,9,3,246-28,[]
TX,696.440195131,289205.227249118,4642517.255315941,1.2,1828,11,3,326-2,[]
TX,696.506725253,291192.959416982,4640424.563497539,1.2,2017,8,3,349-6,[]
TX,696.590456483,292475.700090254,4641381.936820943,1.2,697,12,3,173-25,[]
TX,696.621057399,291525.591718147,4642443.119053118,1.2,384,12,3,138-7,[]
TX,696.705365438,273696.891906245,4630611.208465934,1.2,1926,12,3,339-14,[]
TX,696.769167365,292891.884283339,4642205.776919848,1.2,2168,12,3,39-10,[]
TX,696.937724093,290729.863213191,4642212.52747306,1.2,325,10,3,130-28,[]
TX,696.956940641,291034.407775751,4644015.163995422,1.2,844,12,3,194-14,[]
TX,697.029483253,291352.180251533,4641423.439228198,1.2,589,10,3,158-25,[]
TX,697.226355924,291032.698314082,4644048.808685054,1.2,829,12,3,190-17,[]
TX,697.364412542,291620.760662446,4642867.655181985,1.2,754,12,3,181-6,[]
TX,697.548974048,285639.491467042,4641240.98464737,1.2,1732,12,3,310-7,[]
TX,697.791764172,297536.601286844,4640925.724165695,1.2,1870,10,3,332-5,"[['RX_GW', 698.451276332, 1870, 10, 3, 868.1, -132.985022897, '00:00:00:00:00:04']]"
TX,698.006639263,273672.853255346,4630679.751207631,1.2,1978,12,3,344-29,[]
TX,698.065110674,291025.129544343,4641956.766401916,1.2,825,9,3,19-6,[]
TX,698.074078487,289789.689041636,4645719.934630278,1.2,734,12,3,181-10,[]
TX,698.468280661,291848.478581317,4642245.703205688,1.2,2100,12,3,363-16,[]
TX,698.625620896,292672.621167292,4641797.174594723,1.2,1092,12,3,231-22,[]
TX,698.74532126,291491.149036388,4642505.490896853,1.2,498,12,3,149-16,[]
TX,698.888865435,289881.166363384,4642383.147805383,1.2,314,10,3,130-17,[]
TX,698.972124479,290380.026636851,4641808.227569994,1.2,2464,7,3,68-1,[]
TX,699.181227978,291914.763696243,4642578.403437408,1.2,828,12,3,190-16,[]
TX,699.24468361,291033.855344789,4644024.95941742,1.2,462,12,3,147-11,[]
TX,699.520508333,290863.719223187,4642270.66274109,1.2,1641,12,3,305-13,[]
TX,699.59823297,291056.371630184,4639240.243593027,1.2,1172,12,3,24-1,[]
TX,699.636679745,291598.097881674,4640978.636399712,1.2,2021,10,3,351-18,[]
TX,699.697047321,291532.920472227,4640978.43194759,1.2,2358,9,3,53-21,[]
TX,699.699009606,292487.093795774,4641900.170316962,1.2,1216,12,3,244-13,[]
TX,699.82582629,291525.604403498,4641466.079945161,1.2,2115,11,3,367-14,[]
TX,699.917002494,291967.125125456,4642595.545584038,1.2,144,12,3,11-3,[]
TX,699.945382133,294334.967926681,4643864.740269973,1.2,538,12,3,152-13,[]
TX,700.034523904,291239.664630463,4639675.791625776,1.2,406,11,3,14-4,[]
TX,700.113720308,291965.661215839,4642592.411810152,1.2,2474,12,3,68-6,[]
TX,700.136507812,292085.003799817,4640665.928697111,1.2,2238,12,3,44-26,[]
TX,700.152727612,295070.615930136,4642852.144997889,1.2,2329,8,3,50-7,[]
TX,700.269550723,295382.318392714,4642521.584588765,1.2,460,8,3,145-9,[]
TX,700.430799333,286669.94113796,4645067.780073159,1.2,668,12,3,167-7,[]
TX,700.613077246,293302.248143492,4644311.901604036,1.2,1532,12,3,287-6,[]
TX,701.097533847,291747.672985025,4639646.760088498,1.2,2608,12,3,80-5,[]
TX,701.107091717,291126.655838397,4641420.155910517,1.2,1838,9,3,330-12,[]
TX,701.352973238,286709.393032817,4645119.764674884,1.2,238,12,3,122-19,[]
TX,701.452379575,289601.790275032,4643159.345413384,1.2,232,12,3,121-30,[]
TX,701.633726557,291177.969188598,4641381.429272377,1.2,741,9,3,181-19,[]
TX,701.637282957,292325.561788679,4642057.204534807,1.2,1708,12,3,31-21,[]
TX,701.969162046,288840.194560414,4641814.474678743,1.2,2058,8,3,358-12,[]
TX,702.0505889,291618.049014567,4644594.072598458,1.2,2038,12,3,353-4,[]
TX,702.058734767,290354.580016019,4641428.438159829,1.2,1950,7,3,340-18,[]
TX,702.150177856,295124.088363003,4642696.424999558,1.2,854,8,3,195-19,"[['RX_GW', 702.357591181, 854, 8, 3, 868.1, -125.780600394, '00:00:00:00:00:04']]"
TX,702.187346491,290980.152611156,4640711.454638566,1.2,2700,7,3,91-29,[]
TX,702.56488341,292458.368543733,4642797.25871837,1.2,264,12,3,125-27,[]
TX,702.734316896,287576.510730313,4641416.065880674,1.2,2103,12,3,363-20,[]
TX,702.769712815,289714.5231019,4635236.267819627,1.2,1892,12,3,335-20,[]
TX,702.837108583,288057.160828563,4639092.67717388,1.2,312,12,3,130-13,[]
TX,703.172003095,291409.135347829,4642051.497328156,1.2,2429,12,3,61-21,[]
TX,703.296701818,292333.404456432,4642039.686855877,1.2,2027,12,3,351-7,[]
TX,703.30059707,290016.607879152,4640039.153155262,1.2,2090,8,3,362-20,[]
TX,703.368770612,291688.976095873,4640073.587018877,1.2,1093,12,3,231-24,[]
TX,703.433695477,289222.304739893,4642515.931908691,1.2,2380,11,3,56-12,[]
TX,703.548845696,291124.86305352,4641154.863869896,1.2,1604,7,3,3-12,[]
TX,703.602450942,288187.159120376,4642507.330016183,1.2,1177,12,3,24-14,[]
TX,703.651194483,291845.818096485,4642817.309067819,1.2,2308,12,3,50-1,[]
TX,703.921343884,294956.634700371,4647144.510893675,1.2,2687,12,3,88-14,[]
TX,704.155879945,291324.748832771,4633992.916872636,1.2,2186,12,3,40-27,[]
TX,704.244814887,287911.771577178,4644099.154626922,1.2,1857,12,3,332-13,[]
TX,704.257795284,293386.4564398,4640739.127000052,1.2,2039,12,3,353-5,[]
TX,704.259377673,289217.450029162,4642074.988019967,1.2,387,9,3,139-10,[]
TX,704.291562004,293305.135748404,4644289.632675917,1.2,1549,12,3,29-24,[]
TX,704.295330167,290667.761452948,4641292.852817421,1.2,448,7,3,143-26,[]
TX,704.325586313,291894.853597496,4641963.318046585,1.2,2,11,3,100-12,[]
TX,704.32942112,292363.302246589,4641994.940526987,1.2,1968,12,3,341-3,[]
TX,704.423284644,294026.015443993,4644505.848458475,1.2,732,12,3,179-30,[]
TX,704.504796874,295703.62755514,4642552.56128115,1.2,2601,7,3,8-4,[]
TX,704.526459208,290027.963574991,4640702.628847664,1.2,528,7,3,151-3,[]
TX,704.654508473,293241.610845205,4640211.073830498,1.2,1701,12,3,31-15,[]
TX,704.705930976,273695.986044437,4630615.713091524,1.2,1298,12,3,254-28,[]
TX,704.817416927,294073.193335007,4642821.302240662,1.2,157,12,3,110-25,[]
TX,704.818499042,287123.420715682,4632985.282617551,1.2,250,12,3,124-29,[]
TX,704.874209705,291984.958842,4643711.610598709,1.2,2396,12,3,56-7,[]
TX,704.909047011,291434.23394252,4642048.300364523,1.2,2289,12,3,47-5,[]
TX,705.019281616,291731.739508071,4642794.384071168,1.2,2520,12,3,71-5,[]
TX,705.029143389,290240.612424541,4635213.843631288,1.2,284,12,3,127-7,[]
TX,705.192755546,271649.296741547,4629213.613088843,1.2,1821,12,3,324-28,[]
TX,705.194874938,291183.257292815,4641310.621664082,1.2,2636,8,3,83-17,[]
TX,705.227570618,289938.24466641,4634403.110709051,1.2,2408,12,3,58-21,[]
TX,705.356125714,290833.226676798,4642267.900501378,1.2,407,12,3,14-6,[]
TX,705.365100081,293342.531622603,4651800.609370403,1.2,2507,12,3,71-19,[]
TX,705.500644509,271671.664305591,4630674.67643056,1.2,1375,12,3,266-13,[]
TX,705.55930216,290716.99696019,4642159.973991074,1.2,179,9,3,112-30,[]
TX,705.846250538,292233.128224766,4639459.964785973,1.2,746,12,3,181-24,[]
TX,705.91523636,290674.574722457,4641291.873592669,1.2,1622,7,3,301-27,[]
TX,706.040685539,291525.587015222,4641533.115467605,1.2,2028,9,3,353-1,[]
TX,706.295311989,292828.504649006,4641932.994087294,1.2,2295,12,3,48-13,[]
TX,706.39860709,290099.256534226,4642973.753778891,1.2,2095,12,3,363-1,[]
TX,706.903102121,290005.794886928,4642939.142961463,1.2,874,11,3,198-11,[]
TX,706.982640988,273034.539237395,4629899.833697528,1.2,1920,12,3,338-5,[]
TX,707.063022504,290685.218492271,4641297.718792126,1.2,2243,7,3,45-18,[]
TX,707.072517527,288492.055916553,4635158.805376083,1.2,2481,12,3,7-3,[]
TX,707.147476704,287765.189949306,4645628.534190197,1.2,1763,12,3,317-20,[]
TX,707.181262841,291605.132303519,4640993.889596043,1.2,858,10,3,195-4,[]
TX,707.243600092,289650.771334773,4641938.212580374,1.2,424,7,3,140-25,[]
TX,707.391348837,299746.439272322,4630059.74665084,1.2,581,12,3,158-10,[]
TX,707.444507417,290656.408926931,4646621.490257139,1.2,2522,12,3,71-7,[]
TX,707.564289233,290901.066930004,4642264.986048547,1.2,1069,10,3,226-8,[]
TX,707.609460094,288955.017914466,4642632.328193056,1.2,436,11,3,141-13,[]
TX,707.863738316,287400.753191466,4641203.691625271,1.2,1660,12,3,306-15,[]
TX,708.050728934,291231.09102634,4641298.621330219,1.2,1648,10,3,305-2,[]
TX,708.113821595,292642.721185499,4642006.015381198,1.2,2573,12,3,76-11,[]
TX,708.322638601,273699.355781905,4630637.381546027,1.2,202,12,3,115-27,[]
TX,708.337380439,291917.491833788,4640518.021164988,1.2,834,12,3,190-29,[]
TX,708.404794318,273698.813985801,4630623.021599855,1.2,447,12,3,143-25,[]
TX,708.466594551,288656.684876181,4642693.741168329,1.2,768,12,3,182-5,[]
TX,708.484155209,290780.566375552,4640271.395438762,1.2,433,9,3,141-10,[]
TX,708.50715068,291146.048786064,4642480.394171264,1.2,190,12,3,113-25,[]
TX,708.574756429,290330.844311738,4643687.962373755,1.2,977,12,3,211-27,[]
TX,708.679470321,290861.060913292,4642273.576091793,1.2,1501,12,3,282-4,[]
TX,708.838103451,269652.896554986,4628480.903717611,1.2,717,12,3,176-25,[]
TX,709.022398776,293308.619961919,4644293.883672384,1.2,1073,12,3,229-18,[]
TX,709.369833278,291019.996170725,4644036.103297579,1.2,749,12,3,181-27,[]
TX,709.510352614,292589.618052907,4641498.480857987,1.2,247,12,3,124-21,[]
TX,709.630853783,290565.573329212,4643792.770787869,1.2,233,12,3,121-4,[]
TX,710.058644413,283319.331230724,4632885.058610301,1.2,1311,12,3,256-15,[]
TX,710.251455014,292705.754383244,4637148.357515441,1.2,303,12,3,129-14,[]
TX,710.319478766,285379.653784124,4633147.581771358,1.2,206,12,3,119-12,[]
TX,710.638189136,290391.585456756,4635320.038778314,1.2,2191,12,3,41-13,[]
TX,710.659912071,290949.497996558,4639028.456764034,1.2,686,12,3,172-19,[]
TX,710.996236201,291125.544582405,4641459.226437424,1.2,511,9,3,150-30,"[['RX_GW', 711.368002033, 511, 9, 3, 868.1, -127.476675273, '00:00:00:00:00:02']]"
TX,711.002924127,292709.236270608,4637162.820841047,1.2,1470,12,3,275-3,[]
TX,711.017945328,291742.533700484,4642039.490031257,1.2,632,11,3,163-11,[]
TX,711.171389979,288511.375384336,4635175.500235113,1.2,266,12,3,126-11,[]
TX,711.287544504,291682.172687657,4642115.623857456,1.2,1183,12,3,24-20,[]
TX,711.294214655,273693.664000372,4630589.744118566,1.2,1301,12,3,254-4,[]
TX,711.359539348,287904.082607203,4643948.571427069,1.2,811,12,3,187-6,[]
TX,711.384990998,297474.221413205,4636574.339318125,1.2,1030,12,3,222-14,[]
TX,711.450310779,292786.634069122,4644133.543980666,1.2,0,12,3,100-10,[]
TX,711.739456166,293917.064838888,4639445.088916007,1.2,1727,12,3,310-29,[]
TX,711.798555688,288287.223036043,4634841.597251949,1.2,1211,12,3,242-27,[]
TX,711.816563775,292510.25400449,4642913.343289895,1.2,44,12,3,101-7,[]
TX,711.987724302,291073.941303723,4643640.044214784,1.2,2633,12,3,82-7,[]
TX,712.252356301,271513.086673913,4630595.118695401,1.2,1812,12,3,322-7,[]
TX,712.307089977,292371.795345343,4641995.126141185,1.2,2294,12,3,48-12,[]
TX,712.308001509,290668.488370299,4641612.651054597,1.2,1019,7,3,221-10,[]
TX,712.699500522,292894.822242982,4643879.659959436,1.2,1621,12,3,301-26,[]
TX,712.772922257,289971.136699534,4637825.487767239,1.2,1410,12,3,269-20,[]
TX,712.833163529,291685.238144664,4642124.914168416,1.2,2637,12,3,83-2,[]
TX,712.83523104,290982.950139382,4640898.207653078,1.2,1911,7,3,337-13,[]
TX,712.878561567,291966.046008514,4643688.274858532,1.2,964,12,3,21-14,[]
TX,712.920444165,292372.728333819,4644008.432602895,1.2,960,12,3,21-10,[]
TX,713.083359226,293867.162805114,4640150.328428209,1.2,2666,12,3,84-6,[]
TX,713.103739939,292165.751821742,4643997.573550177,1.2,1946,12,3,340-12,[]
TX,713.127887427,290413.024951868,4641810.245607208,1.2,535,7,3,152-10,[]
TX,713.168489835,294201.761840672,4650475.184829473,1.2,2146,12,3,369-4,[]
TX,713.181078146,287464.591728315,4641213.618430728,1.2,807,12,3,187-3,[]
TX,713.422791271,273692.943409398,4630650.380711325,1.2,962,12,3,21-12,[]
TX,713.526736325,296516.597228901,4643812.615196101,1.2,1050,12,3,226-13,[]
TX,713.602183009,299741.327060622,4630050.71235131,1.2,857,12,3,195-3,[]
TX,713.831313084,290170.387044983,4645099.009690105,1.2,577,12,3,157-3,[]
TX,713.86169063,292705.582669146,4643705.337878599,1.2,430,12,3,140-5,[]
TX,713.951463316,292689.085327621,4642110.362382485,1.2,2655,12,3,84-21,[]
TX,714.355519317,290883.276757279,4644271.147675944,1.2,315,12,3,130-18,[]
TX,714.62356743,289170.87099261,4642523.871105582,1.2,2162,11,3,372-23,"[['RX_GW', 716.104326921, 2162, 11, 3, 868.1, -133.896345867, '00:00:00:00:00:02']]"
TX,714.637367732,290989.622201257,4639061.335643025,1.2,1031,12,3,222-24,[]
TX,714.734227548,290730.988567814,4647058.492254069,1.2,1395,12,3,268-20,[]
TX,714.997776532,290074.646997722,4641524.185867554,1.2,1956,7,3,340-28,[]
TX,715.116559282,292408.542223835,4637352.0990438,1.2,328,12,3,130-5,[]
TX,715.259323697,291123.858707386,4641185.118680495,1.2,1150,9,3,239-12,[]
TX,715.341268771,290470.125877826,4640623.765448858,1.2,2233,7,3,44-12,[]
TX,715.388594999,291042.107050597,4644009.41907971,1.2,35,12,3,101-24,[]
TX,715.439605182,290658.720292689,4640614.719885245,1.2,3,7,3,100-13,[]
TX,715.610474374,295151.514962736,4641775.882171562,1.2,1291,7,3,254-2,[]
TX,715.783480558,291774.084445915,4639829.619859101,1.2,648,12,3,163-29,[]
TX,715.785547616,292440.846521098,4641386.959179264,1.2,185,12,3,113-11,[]
TX,715.895892141,292816.963726011,4642795.40968646,1.2,1424,12,3,270-19,[]
TX,716.031647768,291625.855870385,4644127.444524529,1.2,701,12,3,174-18,[]
TX,716.16374746,291961.469310614,4642573.258866089,1.2,2770,12,3,97-3,[]
TX,716.519345721,290171.969205608,4635338.483247056,1.2,1142,12,3,238-14,[]
TX,716.592663528,290737.507539701,4642906.743014555,1.2,544,12,3,152-8,[]
TX,716.677043545,291569.246197998,4642088.811318145,1.2,2217,12,3,43-19,[]
TX,716.704744951,292266.164334862,4641960.960196896,1.2,1158,12,3,239-22,[]
TX,716.794305387,289791.419065778,4641765.391453656,1.2,106,7,3,107-24,[]
TX,716.803368259,289940.651804455,4642816.161064721,1.2,1430,11,3,270-25,[]
TX,717.200680194,290805.283336649,4638130.438703701,1.2,2737,12,3,95-28,[]
TX,717.235126678,271649.250507541,4630637.512295139,1.2,1636,12,3,304-30,[]
TX,717.402253696,290753.570194029,4644502.088904377,1.2,1438,12,3,270-8,[]
TX,717.529479803,291726.375637159,4642150.282853422,1.2,674,12,3,171-12,[]
TX,717.596955822,290959.004791478,4639067.027884698,1.2,2421,12,3,60-17,[]
TX,718.042325587,291835.736356227,4642494.624990974,1.2,2420,12,3,60-14,[]
TX,718.073835308,291230.806379887,4642280.861121913,1.2,72,12,3,104-19,[]
TX,718.157279307,288878.889867364,4640033.814825791,1.2,1238,8,3,246-13,[]
TX,718.186850531,293455.073262975,4643368.519543633,1.2,236,12,3,121-7,[]
TX,718.353332618,287907.495729451,4643924.970884187,1.2,385,12,3,138-8,[]
TX,718.391054573,292779.446411762,4642165.88349246,1.2,16,12,3,100-3,[]
TX,718.464873856,287153.86304604,4634215.644769693,1.2,1801,12,3,321-7,[]
TX,718.485497867,290509.630471511,4634656.208647897,1.2,521,12,3,151-21,[]
TX,718.745668318,295586.161055867,4645585.51215201,1.2,1029,12,3,222-13,[]
TX,718.810037426,290683.969216892,4641292.571409721,1.2,1546,7,3,29-12,"[['RX_GW', 718.925033672, 1546, 7, 3, 868.1, -118.271219094, '00:00:00:00:00:02']]"
TX,718.821876348,283027.773838814,4634181.322085314,1.2,2167,12,3,374-29,[]
TX,718.947618486,291707.336461771,4642749.728469152,1.2,2516,12,3,71-29,[]
TX,718.99190376,284480.958163802,4632934.48497063,1.2,1059,12,3,226-24,[]
TX,719.244037457,290086.132056979,4634575.904842522,1.2,590,12,3,158-26,[]
TX,719.374448706,289455.071179977,4635441.932713063,1.2,2728,12,3,95-1,[]
TX,719.415453607,291922.409687297,4642581.178492568,1.2,287,12,3,128-18,[]
TX,719.495967192,272367.950016381,4629929.786755824,1.2,996,12,3,215-23,[]
TX,719.507493011,291231.962704047,4642277.317412168,1.2,1361,12,3,262-9,[]
TX,719.554829694,291210.345227946,4640411.40981552,1.2,1603,8,3,3-11,[]
TX,719.867183228,290545.838248989,4640986.380215765,1.2,1047,7,3,226-10,[]
TX,719.925680262,286748.969649044,4645121.036623647,1.2,1522,12,3,287-22,[]
TX,719.966588338,299550.283462327,4647945.303726678,1.2,2328,12,3,50-6,[]
TX,719.989552373,294311.299246602,4639950.529163146,1.2,2418,12,3,59-5,[]
TX,720.005865452,289234.754602589,4642073.514100996,1.2,10,9,3,100-22,[]
TX,720.117675684,291492.427280238,4642515.730179517,1.2,186,12,3,113-12,[]
TX,720.668623945,289443.37247135,4646156.885967558,1.2,2545,12,3,72-6,[]
TX,720.744567861,291021.101807337,4641568.77706004,1.2,570,9,3,155-5,[]
TX,720.806913063,271454.003224688,4630513.202295041,1.2,2137,12,3,368-20,[]
TX,720.819224157,292518.028743613,4641901.46556948,1.2,836,12,3,190-30,[]
TX,720.83508413,289860.727469289,4641697.457661517,1.2,1958,7,3,340-4,[]
TX,720.850373275,291068.614704256,4644048.027861591,1.2,901,12,3,201-22,[]
TX,720.943720314,292141.230772634,4642222.069512405,1.2,1971,12,3,341-6,[]
TX,720.94975714,292772.450186019,4641534.441358917,1.2,1674,12,3,308-22,[]
TX,720.979128599,291731.918266761,4642143.412971006,1.2,2265,12,3,46-5,[]
TX,721.026234704,293261.692598255,4639502.74763666,1.2,1865,12,3,332-26,[]
TX,721.138397507,292221.028652212,4643547.874842063,1.2,580,12,3,157-7,[]
TX,721.275339743,291090.774815224,4643472.49821459,1.2,2050,12,3,357-20,[]
TX,721.371048157,290488.627611709,4640795.161384096,1.2,452,7,3,145-13,[]
TX,721.379164027,292128.444609784,4640834.149274044,1.2,1138,12,3,237-8,[]
TX,721.381609551,287696.69785153,4642100.605376476,1.2,178,12,3,112-3,[]
TX,721.507065891,291811.249622618,4639285.887054848,1.2,2242,12,3,45-17,[]
TX,721.649556947,288180.127357854,4643894.658196568,1.2,1023,12,3,221-22,[]
TX,721.6593155,291685.977289221,4641481.4099139,1.2,1715,12,3,31-30,[]
TX,721.886769543,295173.610886322,4642739.282824886,1.2,2759,7,3,97-18,"[['RX_GW', 722.001766904, 2759, 7, 3, 868.1, -122.588594171, '00:00:00:00:00:04']]"
TX,721.903691732,292063.287397073,4642067.499827111,1.2,1742,12,3,311-7,[]
TX,721.908662094,294863.011340432,4638887.354710097,1.2,1587,12,3,294-27,[]
TX,721.993565302,292525.523331039,4642919.419158349,1.2,533,12,3,151-8,[]
TX,722.038819009,273689.201137308,4630631.813679773,1.2,2198,12,3,41-8,[]
TX,722.26960442,291865.521120335,4642568.573808641,1.2,9,12,3,100-21,[]
TX,722.38014314,271851.752470931,4630651.508542228,1.2,1560,12,3,290-20,[]
TX,722.523473529,289707.158463183,4647157.76400725,1.2,681,12,3,171-26,[]
TX,722.571173126,292307.765669467,4642043.532161498,1.2,2104,12,3,363-24,[]
TX,722.593528504,292767.389725766,4642168.451930291,1.2,2049,12,3,357-19,[]
TX,722.598858953,292336.597707047,4642039.902369834,1.2,249,12,3,124-26,[]
TX,722.655353481,291987.07551458,4643711.765574836,1.2,2569,12,3,75-6,[]
TX,722.71388564,286895.600689384,4640881.49983129,1.2,2208,12,3,42-27,[]
TX,722.825378905,289406.308492147,4641535.568610099,1.2,2251,7,3,45-4,[]
TX,722.844143984,288972.753022708,4642605.043730858,1.2,779,11,3,185-17,[]
TX,723.025383279,295106.972870716,4645229.469469442,1.2,2080,12,3,361-20,[]
TX,723.038551185,291259.308519866,4636302.976385335,1.2,1955,12,3,340-27,[]
TX,723.111870607,287087.559791884,4632460.912212758,1.2,171,12,3,112-17,[]
TX,723.284433533,291905.211259893,4642604.267203949,1.2,2584,12,3,76-9,[]
TX,723.460912761,289358.067733554,4634303.57333193,1.2,2101,12,3,363-19,[]
TX,723.544551778,292745.032361574,4642100.953125289,1.2,1079,12,3,229-4,[]
TX,723.691654963,290236.266765272,4642590.388891554,1.2,1312,11,3,256-16,[]
TX,723.719170774,289870.968039452,4642995.667469427,1.2,485,12,3,148-25,[]
TX,723.892074995,291064.096848758,4644058.516498631,1.2,64,12,3,103-3,[]
TX,724.201623133,291528.42174103,4642077.668050346,1.2,2684,12,3,87-28,[]
TX,724.464161701,286994.222394263,4640996.790771702,1.2,2448,12,3,66-3,[]
TX,724.480762852,291573.556114769,4640980.716655044,1.2,2139,10,3,368-4,"[['RX_GW', 725.140273785, 2139, 10, 3, 868.1, -132.210474724, '00:00:00:00:00:02']]"
TX,724.650376572,291238.587347448,4641252.581490903,1.2,2410,9,3,58-4,[]
TX,725.030414203,293614.245437888,4651058.741505837,1.2,1355,12,3,261-9,[]
TX,725.392741096,290825.590737097,4636930.745217401,1.2,1125,12,3,234-4,[]
TX,725.417757136,292664.078011942,4642385.133297794,1.2,1371,12,3,264-6,[]
TX,725.632536707,290732.046109804,4641519.874344879,1.2,1366,8,3,264-19,"[['RX_GW', 725.839949511, 1366, 8, 3, 868.1, -125.897948611, '00:00:00:00:00:02']]"
TX,725.890350792,290838.67706628,4642274.31886437,1.2,2681,12,3,87-25,[]
TX,725.916825515,290667.750519576,4641600.197231688,1.2,2160,7,3,371-28,[]
TX,725.928868173,273689.901883773,4630653.321491693,1.2,1147,12,3,238-28,[]
TX,725.940321508,291075.209849533,4641069.223276592,1.2,1379,9,3,266-26,[]
TX,726.164265984,290678.803038162,4642167.501429659,1.2,1964,10,3,341-18,[]
TX,726.249664564,291624.583197757,4642140.522852248,1.2,1896,12,3,335-6,[]
TX,726.440433644,291047.152255171,4640499.867142712,1.2,2196,9,3,41-27,[]
TX,726.541845418,292120.799881979,4642617.756202294,1.2,1972,12,3,341-7,[]
TX,726.737583173,291062.884793437,4644031.12416403,1.2,180,12,3,112-4,[]
TX,726.75612669,291307.425937523,4641410.197766941,1.2,1160,10,3,239-24,[]
TX,726.783650199,292743.175406788,4643107.875201765,1.2,471,12,3,147-8,[]
TX,726.806450759,290123.905493858,4642413.159816674,1.2,324,9,3,130-27,[]
TX,726.924238309,292945.849255382,4642300.244608496,1.2,1162,12,3,239-26,[]
TX,726.999841352,285690.725450836,4649821.995332173,1.2,626,12,3,162-29,[]
TX,727.051197239,271574.504889499,4630625.265052794,1.2,522,12,3,151-22,[]
TX,727.080504308,291508.898518354,4642447.590654659,1.2,2694,12,3,91-16,[]
TX,727.083041505,290197.778213147,4635356.685731946,1.2,1249,12,3,248-21,[]
TX,727.106719757,289221.130919143,4642077.05635534,1.2,1611,9,3,3-28,[]
TX,727.21009688,273692.11788792,4630623.776961281,1.2,2195,12,3,41-26,[]
TX,727.567669982,291467.093699325,4642255.123522874,1.2,1658,11,3,305-6,[]
TX,727.871537987,293701.651930097,4644272.832300168,1.2,1415,12,3,269-4,[]
TX,728.287531568,294880.912773802,4642655.117918217,1.2,1474,9,3,275-7,[]
TX,728.325128203,291645.307555045,4638392.407250882,1.2,1353,12,3,261-28,[]
TX,728.457511815,284944.299565555,4642821.735065991,1.2,2092,12,3,362-5,[]
TX,728.526548922,291223.388745098,4642262.098569263,1.2,2386,12,3,56-21,[]
TX,728.654391129,273678.76829765,4630642.926655821,1.2,615,12,3,162-1,[]
TX,729.24189205,273655.378722948,4630684.108762493,1.2,2047,12,3,357-17,[]
TX,729.298310014,290219.49522369,4642722.526142928,1.2,1098,10,3,231-4,[]
TX,729.509144025,289937.162627577,4634393.167034695,1.2,730,12,3,179-21,[]
TX,729.536198035,292074.610125957,4641792.701019723,1.2,803,12,3,187-19,[]
TX,729.688835978,290064.791451734,4642395.780557971,1.2,2689,9,3,88-23,[]
TX,729.698899325,289290.073578467,4644420.077023384,1.2,2483,12,3,7-5,[]
TX,729.80327385,295097.239254184,4642706.419025072,1.2,468,8,3,147-26,"[['RX_GW', 730.010687249, 468, 8, 3, 868.1, -126.140778844, '00:00:00:00:00:04']]"
TX,730.248985309,291392.445839926,4643126.114683553,1.2,587,12,3,158-23,[]
TX,730.36308189,291943.029816072,4634311.178659149,1.2,556,12,3,153-4,[]
TX,730.455354047,291777.070595733,4640418.304540013,1.2,1156,11,3,239-20,[]
TX,730.471261428,292308.667857198,4642052.150543559,1.2,793,12,3,186-23,[]
TX,730.635912767,291032.70125521,4640560.425431166,1.2,1990,7,3,347-26,[]
TX,730.706405889,290854.712270477,4638444.75043923,1.2,1297,12,3,254-27,[]
TX,730.876331771,291872.496289159,4636210.707794436,1.2,980,12,3,214-18,[]
TX,730.879812172,290225.91466803,4640009.437937864,1.2,2213,8,3,43-13,[]
TX,731.074245233,292389.842197605,4637293.970442543,1.2,274,12,3,127-17,[]
TX,731.228397431,288904.4528996,4643045.38274961,1.2,2675,11,3,87-10,[]
TX,731.404249005,291918.19212393,4642589.388446968,1.2,878,12,3,198-22,[]
TX,731.434722754,290817.236247211,4643099.538414129,1.2,1876,12,3,334-16,[]
TX,731.51138862,291342.508823574,4642013.276087211,1.2,2676,11,3,87-11,[]
TX,731.513009845,289066.096270323,4638754.64715903,1.2,2189,12,3,41-11,[]
TX,731.576848697,290202.779293243,4646782.363928327,1.2,908,12,3,202-11,[]
TX,731.646849207,292405.26822291,4637333.880496177,1.2,24,12,3,101-12,[]
TX,731.678223678,290181.101113002,4635346.535436162,1.2,1245,12,3,248-17,[]
TX,731.727149363,291763.847234905,4640249.984675522,1.2,867,12,3,197-21,[]
TX,731.886497293,289183.664934333,4642515.109638453,1.2,1718,11,3,31-6,[]
TX,732.005104992,289225.97386084,4642068.118198969,1.2,705,9,3,174-4,[]
TX,732.258316379,273694.746215345,4630628.445604924,1.2,628,12,3,162-4,[]
TX,732.282266545,290749.228627507,4642865.753991361,1.2,735,12,3,181-11,[]
TX,732.400515384,295137.149158412,4642686.860444044,1.2,13,8,3,100-26,"[['RX_GW', 732.607928659, 13, 8, 3, 868.1, -125.537502171, '00:00:00:00:00:04']]"
TX,732.487718734,286695.898039871,4641690.238397737,1.2,1835,12,3,326-7,[]
TX,732.72853065,292792.928233555,4642142.777234615,1.2,760,12,3,182-18,[]
TX,733.195286789,289437.405889168,4635059.279071694,1.2,2455,12,3,67-18,[]
TX,733.222375455,293194.244059292,4640193.075305706,1.2,721,12,3,178-3,[]
TX,733.256543402,292670.979847152,4643712.032224831,1.2,2020,12,3,351-17,[]
TX,733.265621163,290292.159842702,4647015.609671036,1.2,1222,12,3,244-26,[]
TX,733.432590786,278663.837315803,4632485.582896254,1.2,244,12,3,124-16,[]
TX,733.521639445,273691.716588172,4630617.375596532,1.2,368,12,3,138-11,[]
TX,733.696336913,291048.126440115,4644024.426565981,1.2,176,12,3,112-21,[]
TX,733.772740545,293222.626032929,4642652.890073114,1.2,955,12,3,209-14,[]
TX,733.779283023,292137.197656882,4643131.469497658,1.2,882,12,3,198-27,[]
TX,733.79528092,294407.321769163,4642793.703865475,1.2,2540,11,3,72-28,[]
TX,733.901434128,291162.686368897,4643247.109517281,1.2,1090,12,3,231-20,[]
TX,734.065576166,291765.365996752,4642640.995806466,1.2,855,12,3,195-20,[]
TX,734.225931226,286654.999422301,4641703.082082046,1.2,978,12,3,211-28,[]
TX,734.363836895,287970.184786206,4634527.339064059,1.2,2302,12,3,48-8,[]
TX,734.402882741,291552.043325878,4640946.214932922,1.2,660,9,3,167-18,[]
TX,734.463892907,290672.589117823,4641296.67702838,1.2,1488,7,3,28-24,[]
TX,734.536045152,293293.740050431,4643991.335234825,1.2,2724,12,3,93-4,[]
TX,734.750034513,292686.689689013,4641828.383075917,1.2,1469,12,3,275-21,[]
TX,734.773282198,291069.154869625,4641935.210405109,1.2,2228,9,3,43-5,[]
TX,735.38460065,302167.50918672,4640956.202034061,1.2,774,12,3,184-12,[]
TX,735.386766827,291312.786619582,4642010.342055568,1.2,2485,12,3,7-7,[]
TX,735.405548662,293374.726338317,4640937.927352672,1.2,486,12,3,148-26,[]
TX,735.487002682,289552.235589868,4642039.889170057,1.2,2622,8,3,82-22,[]
TX,735.504571384,288574.188559967,4643683.953890028,1.2,296,12,3,128-5,[]
TX,735.816170764,292779.816489304,4642013.477049181,1.2,1317,12,3,256-21,[]
TX,735.946186307,292393.652214363,4641920.209804998,1.2,876,12,3,198-13,[]
TX,735.96889311,290170.183348296,4641371.332867304,1.2,1304,7,3,254-7,[]
TX,736.030810533,290982.356731766,4639053.738401465,1.2,2145,12,3,369-21,[]
TX,736.047119317,292119.28129597,4643204.424105455,1.2,1467,12,3,275-2,[]
TX,736.181783821,292548.231348156,4641848.702821723,1.2,2255,12,3,46-1,[]
TX,736.195932223,291388.843224952,4641391.870730221,1.2,55,9,3,102-6,[]
TX,736.244623933,292479.540665386,4643106.482570753,1.2,374,12,3,138-23,[]
TX,736.297982712,287925.210246498,4643283.532957484,1.2,2609,12,3,80-6,[]
TX,736.609644289,290864.975140281,4644928.154190992,1.2,469,12,3,147-27,[]
TX,736.640719725,290349.294273793,4635209.321947274,1.2,1633,12,3,304-20,[]
TX,736.705424871,275869.314814438,4632087.202131514,1.2,2588,12,3,79-20,[]
TX,736.743295793,292507.586089952,4637231.70279578,1.2,2318,12,3,50-24,[]
TX,736.756624539,290661.320318738,4641495.199836395,1.2,2109,7,3,363-29,"[['RX_GW', 736.871621097, 2109, 7, 3, 868.1, -122.353442632, '00:00:00:00:00:02']]"
TX,736.917878766,289942.656909783,4634416.721126938,1.2,2044,12,3,356-28,[]
TX,736.956588417,292544.114845767,4641873.376368154,1.2,770,12,3,182-7,[]
TX,737.01910749,292895.669386051,4642200.250793482,1.2,2657,12,3,84-25,[]
TX,737.022915903,276411.272884524,4626963.138845452,1.2,1272,12,3,253-11,[]
TX,737.067277349,281929.684743149,4632790.396400756,1.2,591,12,3,158-27,[]
TX,737.079718044,291948.352377519,4642588.898192563,1.2,1309,12,3,256-13,[]
TX,737.155548452,291483.277454795,4642060.371231772,1.2,671,12,3,169-26,[]
TX,737.189378904,292757.103967641,4640824.632987408,1.2,1748,12,3,313-28,[]
TX,737.222441371,292244.360706793,4642097.903430354,1.2,292,12,3,128-29,[]
TX,737.392518344,292689.625732651,4641818.172853244,1.2,1102,12,3,231-8,[]
TX,737.409753469,292207.870073617,4642682.32939116,1.2,2494,12,3,70-4,[]
TX,737.583076183,291838.289068842,4641946.719819535,1.2,1862,11,3,332-22,[]
TX,737.680791742,290552.368506378,4643201.651934659,1.2,2222,12,3,43-25,[]
TX,737.683695423,287528.491919627,4641959.264429999,1.2,910,12,3,202-13,[]
TX,737.711349986,297208.947271872,4646514.657955655,1.2,1755,12,3,315-5,[]
TX,737.806334813,290688.607596499,4641305.552239855,1.2,285,7,3,128-1,[]
TX,737.869301743,293050.650853205,4643308.910614355,1.2,1639,12,3,305-11,[]
TX,737.984911992,290638.804463774,4646623.659212055,1.2,1780,12,3,318-6,[]
TX,738.249532641,292165.60492789,4642171.041365637,1.2,953,12,3,209-12,[]
TX,738.401681681,291541.409262998,4642075.557992891,1.2,2192,12,3,41-14,[]
TX,738.49774465,285109.026522573,4633411.486377567,1.2,2123,12,3,367-27,[]
TX,738.536533758,292566.052796972,4641350.229427014,1.2,1139,12,3,237-9,[]
TX,738.586516678,291128.700862556,4641173.966268268,1.2,1924,7,3,339-12,[]
TX,738.686607118,290572.396517084,4642298.040219916,1.2,2590,9,3,79-4,[]
TX,738.72566419,287037.492803798,4631085.742355637,1.2,920,12,3,203-12,[]
TX,738.930390182,294875.1404672,4646789.583886249,1.2,100,12,3,107-11,[]
TX,739.159250758,291888.550861176,4642577.197227602,1.2,568,12,3,155-3,[]
TX,739.187175294,291532.302296484,4640974.723695037,1.2,510,9,3,150-3,[]
TX,739.206975591,291485.662600331,4636489.064356854,1.2,1104,12,3,232-17,[]
TX,739.232358934,291943.680922086,4641702.862278802,1.2,160,12,3,110-28,[]
TX,739.332821597,288817.364799324,4636327.7607307,1.2,2153,12,3,371-21,[]
TX,739.390312124,293170.528329615,4640549.32695761,1.2,2393,12,3,56-4,[]
TX,739.762885869,291740.07244793,4642786.765794985,1.2,2352,12,3,51-6,[]
TX,740.073572887,286559.892252984,4641817.419747107,1.2,221,12,3,12-4,[]
TX,740.152564232,290866.303634405,4642261.318991737,1.2,1496,12,3,282-18,[]
TX,740.799196088,291138.818891595,4639424.160218138,1.2,1126,11,3,234-5,[]
TX,740.835822084,289359.908836154,4634339.148827074,1.2,813,12,3,188-20,[]
TX,740.967458242,272874.771704366,4629819.293244208,1.2,997,12,3,215-24,[]
TX,740.995103037,292698.455333578,4641816.669713894,1.2,1378,12,3,266-25,[]
TX,741.036772564,273707.393723785,4630610.482525631,1.2,1284,12,3,254-13,[]
TX,741.297583879,288815.316913694,4641804.950656883,1.2,572,8,3,157-17,[]
TX,741.31424339,290507.657355712,4640904.637003855,1.2,1829,7,3,326-20,[]
TX,741.35798075,290177.29295656,4641000.791510441,1.2,1057,7,3,226-22,[]
TX,741.42414442,291184.12269878,4641310.907616654,1.2,2108,8,3,363-28,[]
TX,741.517749488,292333.387222842,4642048.238718021,1.2,678,12,3,171-23,[]
TX,741.62477937,299741.343456492,4630064.131486886,1.2,986,12,3,214-4,[]
TX,742.095244961,289589.726373945,4638768.994532474,1.2,1237,12,3,246-12,[]
TX,742.127350731,291831.585636313,4642546.956409305,1.2,2544,12,3,72-5,[]
TX,742.229351999,287684.246857538,4634341.468199782,1.2,1677,12,3,308-25,[]
TX,742.293422119,292756.426034532,4642026.298820447,1.2,755,12,3,181-7,[]
TX,742.619522857,273651.091010783,4630637.417828465,1.2,2006,12,3,349-14,[]
TX,742.680944617,279860.218793243,4632602.732539261,1.2,1414,12,3,269-30,[]
TX,742.846617895,293333.604883118,4639542.385382051,1.2,1861,12,3,332-21,[]
TX,743.077400928,293311.388182773,4644304.604861435,1.2,2377,12,3,55-7,[]
TX,743.341903744,287769.712365366,4637355.953553468,1.2,2399,12,3,57-11,[]
TX,743.428980614,291666.430352606,4642118.543415072,1.2,243,12,3,124-15,[]
TX,743.595481149,292568.017622139,4641829.737780876,1.2,518,12,3,151-17,[]
TX,743.632941382,290664.253452196,4641301.482535351,1.2,2244,7,3,45-19,[]
TX,743.660814268,290356.636319897,4641438.950136269,1.2,2274,7,3,47-16,[]
TX,744.036996121,287531.123854283,4641952.080371215,1.2,2616,12,3,81-24,[]
TX,744.107547559,293247.229676229,4640223.80372696,1.2,979,12,3,214-1,[]
TX,744.308419892,292329.206803604,4642046.378393834,1.2,1184,12,3,24-21,[]
TX,744.475629023,289181.633990691,4642152.934056884,1.2,2461,9,3,67-30,[]
TX,744.799736975,291074.456784337,4644031.270279226,1.2,1362,12,3,264-15,[]
TX,744.895261504,291958.618825677,4641716.87137743,1.2,1243,12,3,246-27,[]
TX,744.914521861,293761.094998513,4643579.022391718,1.2,1171,12,3,239-9,[]
TX,744.984032803,286441.513451825,4644460.708557447,1.2,1382,12,3,267-10,[]
TX,745.159411582,290818.981066631,4642285.931297515,1.2,633,10,3,163-12,[]
TX,745.442258066,290196.703763617,4642432.551370495,1.2,2016,11,3,349-5,[]
TX,745.474991079,286379.716170631,4643051.680575033,1.2,219,12,3,12-3,[]
TX,745.8751221,289226.266836472,4642375.915527376,1.2,2620,10,3,82-12,[]
TX,745.974176441,290230.461042157,4646650.17022214,1.2,1969,12,3,341-4,[]
TX,746.036677542,294234.993326701,4641313.19866795,1.2,2085,11,3,361-6,[]
TX,746.324832855,291729.545654256,4642162.795603612,1.2,2683,12,3,87-27,[]
TX,746.347450905,291203.442902462,4641248.543792245,1.2,1027,10,3,221-9,[]
TX,746.419733737,291149.701445833,4641369.873711869,1.2,143,8,3,11-29,[]
TX,746.497711287,290733.968140037,4642905.711421356,1.2,1816,12,3,324-10,[]
TX,746.541082497,291092.593971001,4641960.639745699,1.2,1258,9,3,249-3,[]
TX,746.592802234,291386.781708571,4641399.734408379,1.2,657,10,3,167-15,[]
TX,746.721527198,292968.223224689,4642891.311235321,1.2,2142,12,3,369-18,[]
TX,746.79156411,291279.227104242,4642368.152333735,1.2,398,12,3,14-15,[]
TX,746.91642462,291473.401223093,4635931.841716789,1.2,1420,12,3,270-11,[]
TX,747.001272954,288471.343582065,4642431.648506978,1.2,873,12,3,198-10,[]
TX,747.187240075,290420.85462349,4639731.831898049,1.2,268,9,3,126-13,[]
TX,747.207720937,290103.00542972,4643306.959536647,1.2,2754,12,3,97-11,[]
TX,747.286091032,273684.960092442,4630638.312874422,1.2,1590,12,3,297-6,[]
TX,747.28888819,289719.301389129,4647163.7167928,1.2,73,12,3,104-20,[]
TX,747.373617045,290944.364920021,4641210.219603715,1.2,92,7,3,106-22,[]
TX,747.498978053,292739.633160153,4642044.682511024,1.2,2647,12,3,84-14,[]
TX,747.524603412,288504.985056272,4635175.500448648,1.2,1743,12,3,313-11,[]
TX,747.602920527,294857.6960053,4640668.129979952,1.2,759,9,3,182-11,"[['RX_GW', 747.974686505, 759, 9, 3, 868.1, -129.960509006, '00:00:00:00:00:04']]"
TX,747.609828822,292330.089979433,4642039.886719014,1.2,823,12,3,19-4,[]
TX,747.6167394,289136.629678215,4642458.32210199,1.2,1341,11,3,260-5,[]
TX,747.731526237,289812.978498044,4639581.495348034,1.2,517,7,3,151-12,[]
TX,747.778763139,290853.343033123,4642286.391874289,1.2,702,10,3,174-19,[]
TX,747.813224385,292310.570738758,4642049.97343874,1.2,293,12,3,128-3,[]
TX,747.946294134,291648.92108716,4642120.775405631,1.2,1189,12,3,24-28,[]
TX,747.990357175,291189.15490942,4644892.450273595,1.2,1953,12,3,340-25,[]
TX,748.02493588,292791.35303297,4642769.424287065,1.2,1725,12,3,310-20,[]
TX,748.157489321,292331.182144605,4637438.46481184,1.2,1912,12,3,337-24,[]
TX,748.158016763,291891.430892828,4636838.585316071,1.2,348,12,3,137-15,[]
TX,748.163861437,291470.556036106,4641022.154956069,1.2,470,9,3,147-28,[]
TX,748.255615825,292280.030809357,4642339.841860916,1.2,1086,12,3,231-13,[]
TX,748.311669696,295939.40459303,4636546.075563228,1.2,349,12,3,137-16,[]
TX,748.573404174,290082.786622173,4641528.087525019,1.2,2091,7,3,362-3,[]
TX,748.650798366,294127.563972629,4647415.166127181,1.2,2383,12,3,56-17,[]
TX,748.690338862,292568.163950241,4643001.188937051,1.2,2264,12,3,46-4,[]
TX,748.795913433,292708.873912356,4641828.125931996,1.2,2326,12,3,50-4,[]
TX,748.913390335,273717.628650061,4630649.686443219,1.2,1988,12,3,347-24,[]
TX,748.927189471,288416.803074452,4642395.927067369,1.2,440,12,3,141-24,[]
TX,748.946074679,273652.077934574,4630639.357051412,1.2,1669,12,3,308-10,[]
TX,749.002503216,291948.373602151,4642586.182883187,1.2,2628,12,3,82-28,[]
TX,749.104256854,292662.861710218,4641794.018228882,1.2,74,12,3,104-21,[]
TX,749.135808242,291505.92391831,4636434.284881074,1.2,1581,12,3,293-7,[]
TX,749.225885794,287208.930498731,4635334.400106747,1.2,1232,12,3,245-26,[]
TX,749.353982316,282901.450331137,4632858.076189609,1.2,1485,12,3,28-12,[]
TX,749.447407511,289459.166639319,4643118.19676887,1.2,32,12,3,101-2,[]
TX,749.514849654,285866.4221219,4634279.052278092,1.2,1207,12,3,242-10,[]
TX,749.746183948,291678.950682348,4642228.197042497,1.2,1781,12,3,318-7,[]
TX,749.965719685,291056.522283477,4643352.263314437,1.2,1779,12,3,318-5,[]
TX,750.020931415,291031.884107276,4640433.986122895,1.2,333,9,3,131-10,[]
TX,750.042103721,291823.001657236,4642544.207399438,1.2,2018,12,3,349-8,[]
TX,750.159542644,290187.072127519,4643361.433098096,1.2,1442,12,3,273-20,[]
TX,750.340875433,291710.510493085,4642121.234147702,1.2,638,12,3,163-17,[]
TX,750.349909734,291925.942274919,4641996.512107277,1.2,2054,11,3,357-6,[]
TX,750.40562535,286710.172044385,4645132.408600749,1.2,1387,12,3,267-24,[]
TX,750.419777798,293514.981294978,4642172.905782901,1.2,1600,12,3,298-6,[]
TX,750.501987346,294398.621149417,4645740.669324672,1.2,694,12,3,172-6,[]
TX,750.638995335,291625.532796863,4642848.837775473,1.2,2425,12,3,61-17,[]
TX,750.878124923,293830.610381799,4639998.177908053,1.2,2203,12,3,42-13,[]
TX,750.986038056,295125.738116554,4642730.035455572,1.2,2603,7,3,8-6,[]
TX,751.144884,291670.909083046,4642149.771402291,1.2,2351,12,3,51-5,[]
TX,751.328116237,289341.853481014,4640518.231698094,1.2,1227,7,3,245-12,[]
TX,751.701495734,294213.533741611,4645073.143015741,1.2,2337,12,3,51-16,[]
TX,751.711625829,301461.474110039,4645396.497638946,1.2,2496,12,3,70-6,[]
TX,752.076020571,293024.669686415,4643324.313351418,1.2,1040,12,3,223-24,[]
TX,752.189556442,290315.468006648,4636944.668079772,1.2,2300,12,3,48-27,[]
TX,752.35372063,285698.279465841,4633557.688968003,1.2,747,12,3,181-25,[]
TX,752.40848064,290872.541084957,4642313.04147187,1.2,1540,11,3,288-21,[]
TX,752.492533271,291561.583384077,4641380.127076974,1.2,2403,10,3,57-28,[]
TX,752.576794721,289674.289519271,4642418.702380329,1.2,297,9,3,128-6,[]
TX,752.743956708,290887.29782868,4640715.043323693,1.2,1767,8,3,317-5,[]
TX,752.836560491,291820.841635088,4642419.275088562,1.2,896,12,3,200-27,[]
TX,753.002702423,291611.446155016,4641707.7793075,1.2,2491,12,3,70-20,[]
TX,753.06754914,290828.184787587,4639358.970037828,1.2,1064,11,3,226-3,[]
TX,753.083872241,295142.585775119,4642715.622614974,1.2,1101,7,3,231-7,[]
TX,753.285953915,278158.830913195,4632358.087939495,1.2,1486,12,3,28-13,[]
TX,753.435269805,290553.063497098,4641013.091959399,1.2,294,7,3,128-30,[]
TX,753.685353492,293231.996203784,4643149.224245852,1.2,1405,12,3,269-16,[]
TX,753.706068331,293802.648024039,4639638.060188496,1.2,1675,12,3,308-23,[]
TX,753.721112939,291859.735334255,4642559.235317807,1.2,2173,12,3,39-24,[]
TX,753.999614734,291223.501366606,4642270.573293538,1.2,888,12,3,199-26,[]
TX,754.05379908,291875.882684349,4642383.003482426,1.2,845,12,3,194-22,[]
TX,754.136533053,294157.678185646,4640428.09495589,1.2,816,12,3,188-4,[]
TX,754.234144109,291258.58194868,4639594.271963746,1.2,1627,12,3,303-24,[]
TX,754.269111349,290679.078230308,4642990.207489726,1.2,337,11,3,131-24,[]
TX,754.331639168,291805.35746302,4642560.675436848,1.2,2774,12,3,97-7,[]
TX,754.334413583,292046.649084384,4642109.13438928,1.2,1739,12,3,311-4,[]
TX,754.432389825,291690.42053158,4642131.239909459,1.2,357,12,3,137-25,[]
TX,754.462474047,271621.794689535,4630623.402036656,1.2,1568,12,4,291-4,[]
TX,754.610716824,291934.689857133,4642231.420247114,1.2,2653,12,3,84-2,[]
TX,754.63301625,291185.545196895,4641318.261983534,1.2,2061,8,3,358-17,[]
TX,754.704252,290971.644289168,4643235.992996527,1.2,489,12,3,148-3,[]
TX,754.7435041,273674.892717379,4630702.987963847,1.2,1588,12,3,294-28,[]
TX,754.752170879,291722.990722768,4642154.576873477,1.2,1460,12,3,274-7,[]
TX,754.842171868,271680.721834187,4630736.330898848,1.2,1962,12,3,340-9,[]
TX,754.900104925,291586.762693612,4642662.618408059,1.2,552,12,3,153-21,[]
TX,754.903547071,291882.066216519,4642562.350419491,1.2,2366,12,3,54-23,[]
TX,754.957580957,290431.057269491,4643858.143696479,1.2,39,12,3,101-29,[]
TX,754.967542405,292942.161460801,4640320.488802527,1.2,641,12,3,163-20,[]
TX,755.190112654,291045.150052113,4641119.205905156,1.2,1798,9,3,321-4,[]
TX,755.231644709,289440.222776558,4646166.60987043,1.2,1881,12,3,334-21,[]
TX,755.366319749,291055.740656871,4641936.478314606,1.2,1681,9,3,309-1,[]
TX,755.423768919,289340.671683037,4643097.274323377,1.2,593,12,3,158-8,[]
TX,755.504470507,294357.779768773,4644249.26318445,1.2,1612,12,3,301-10,[]
TX,755.613046828,289813.430289548,4642682.332480036,1.2,1066,11,3,226-5,[]
TX,755.673567005,289776.403971049,4645709.602382802,1.2,1151,12,3,239-13,[]
TX,755.729724605,288851.805466449,4641724.936272476,1.2,2518,8,3,71-30,[]
TX,755.882643864,298734.872119908,4636226.25518104,1.2,295,12,3,128-4,[]
TX,756.056217295,291098.029343508,4643459.51801417,1.2,57,12,3,103-1,[]
TX,756.215393671,290318.396625793,4641434.962138823,1.2,814,7,3,188-21,[]
TX,756.274460506,291403.318267595,4641344.390123843,1.2,1598,9,3,298-4,[]
TX,756.304832479,292728.043369403,4641857.247000284,1.2,783,12,3,185-3,[]
TX,756.305896607,286710.017696482,4645120.037150942,1.2,1391,12,3,267-28,[]
TX,756.516632049,295690.742906287,4643042.477163779,1.2,1795,9,3,321-20,[]
TX,756.659955472,290657.791656948,4641181.759797611,1.2,2695,7,3,91-17,"[['RX_GW', 756.774951485, 2695, 7, 3, 868.1, -120.831384654, '00:00:00:00:00:02']]"
TX,756.825611975,291632.537937458,4644615.6295711,1.2,1872,12,3,332-7,[]
TX,756.892786434,287579.988212728,4633414.119786061,1.2,1483,12,3,28-10,[]
TX,756.946434436,289330.476556141,4634311.950085474,1.2,2174,12,3,39-25,[]
TX,757.13410148,291286.329727369,4641402.52685705,1.2,2490,10,3,70-2,"[['RX_GW', 757.793611744, 2490, 10, 3, 868.1, -130.766676736, '00:00:00:00:00:02']]"
TX,757.140374147,290074.927791003,4644386.80488514,1.2,976,12,3,211-26,[]
TX,757.602818581,292159.849564236,4642187.024697433,1.2,290,12,3,128-20,[]
TX,757.605334524,288963.971423365,4643756.127671524,1.2,2730,12,3,95-12,[]
TX,757.826728247,286377.902258754,4640680.531298837,1.2,1333,12,3,259-4,[]
TX,757.856969182,290867.532133539,4642273.279039688,1.2,563,12,3,155-19,[]
TX,757.927589508,291989.61392982,4643706.016013226,1.2,378,12,3,138-27,[]
TX,758.125058434,285514.072514932,4633252.919478606,1.2,1632,12,3,304-19,[]
TX,758.498394697,292227.074781981,4643035.410194965,1.2,937,12,3,204-26,[]
TX,758.528906668,292161.5821613,4642942.645630561,1.2,2392,12,3,56-3,[]
TX,758.602126303,289877.71969305,4642982.317572607,1.2,1454,12,3,274-20,[]
TX,758.667354754,294414.34668481,4643065.475022758,1.2,1572,11,3,293-18,[]
TX,758.742111715,294356.512990663,4642738.293617198,1.2,1836,11,3,330-10,[]
TX,758.940382766,291439.71035353,4642027.711538408,1.2,418,12,3,140-18,[]
TX,759.069097831,291611.252589835,4636569.222210565,1.2,140,12,3,11-19,[]
TX,759.078217571,292764.140713003,4641354.717756528,1.2,2009,12,3,349-20,[]
TX,759.282352124,273705.00419205,4630638.034429708,1.2,1493,12,3,281-20,[]
TX,759.452775863,291140.225256126,4642475.819100318,1.2,1921,12,3,338-6,[]
TX,759.515911688,291168.688645313,4641347.117459428,1.2,595,8,3,159-15,[]
TX,759.559987526,290668.168675467,4633789.605351239,1.2,714,12,4,175-4,[]
TX,759.60578974,291110.528670126,4643704.463867827,1.2,2727,12,3,93-7,[]
TX,759.81496225,292796.309906355,4642131.126644375,1.2,968,12,3,21-27,[]
TX,759.850432343,294989.255525581,4643235.020341386,1.2,2098,11,3,363-13,[]
TX,759.887227131,293752.84081945,4644252.60047962,1.2,2451,12,3,66-6,[]
TX,759.941431465,293709.848576637,4645352.554733513,1.2,2722,12,3,93-3,[]
TX,760.140159945,289996.204385519,4643400.466169108,1.2,1752,12,3,315-20,[]
TX,760.370046125,290389.896244572,4642330.971776148,1.2,679,10,3,171-24,[]
TX,760.422121705,290478.49692419,4640634.612255236,1.2,1839,7,3,330-14,[]
TX,760.708636714,288530.925002091,4641574.643458116,1.2,574,9,3,157-19,"[['RX_GW', 761.080403455, 574, 9, 3, 868.1, -129.632797883, '00:00:00:00:00:02']]"
TX,761.01483831,291184.005196506,4640435.429494873,1.2,359,8,3,137-27,[]
TX,761.440921865,291782.427269903,4641041.222877892,1.2,636,12,3,163-15,[]
TX,761.465254506,291736.463567785,4636669.266759646,1.2,1054,12,3,226-19,[]
TX,761.533894222,291232.274462101,4639735.595656919,1.2,883,11,3,198-28,[]
TX,761.642650985,288982.039110474,4642525.737272903,1.2,1575,12,3,293-20,[]
TX,761.700956884,272867.052549666,4629813.295227475,1.2,2066,12,3,358-24,[]
TX,761.889020724,291981.814456574,4643717.572989594,1.2,2476,12,3,7-17,[]
TX,761.92182037,289488.230173441,4635071.797735387,1.2,1947,12,3,340-13,[]
TX,761.934435825,273668.254830267,4630726.413325612,1.2,1903,12,3,336-30,[]
TX,761.937811016,291585.29664881,4636542.901839848,1.2,1013,12,3,220-14,[]
TX,762.176802437,291469.117503082,4642073.511899021,1.2,1130,12,3,237-11,[]
TX,762.205827424,291572.218616763,4640983.072008984,1.2,376,10,3,138-25,[]
TX,762.206175851,292685.47906166,4641807.90052944,1.2,1963,12,3,341-17,[]
TX,762.355860276,285430.166100369,4641819.279055585,1.2,2068,12,3,358-26,[]
TX,762.424439187,292604.75588195,4637191.421961659,1.2,2674,12,3,85-28,[]
TX,762.845578407,290709.797234998,4641304.712434636,1.2,334,7,3,131-11,[]
TX,762.945184982,292349.5872352,4637502.966083877,1.2,1008,12,3,22-24,[]
TX,762.993122617,292823.139393186,4641945.763733095,1.2,2385,12,3,56-20,[]
TX,763.109976836,292410.852243336,4637347.400213574,1.2,1215,12,3,244-12,[]
TX,763.128220764,291850.019368811,4642542.016723632,1.2,168,12,3,111-27,[]
TX,763.326546306,291839.951820396,4641910.328411371,1.2,600,12,3,159-20,[]
TX,763.602365662,295617.42386179,4645556.227294893,1.2,2341,12,3,51-2,[]
TX,763.607898808,293210.784802655,4643915.14482663,1.2,442,12,3,141-26,[]
TX,763.649584716,295630.685588599,4645584.55448325,1.2,2347,12,3,51-27,[]
TX,763.72381752,291111.30538915,4641359.651309015,1.2,101,9,3,107-12,[]
TX,763.922904212,290306.88837382,4639309.224807774,1.2,2583,10,3,76-8,[]
TX,763.996142223,288106.3234601,4641345.916201859,1.2,2248,10,3,45-29,[]
TX,764.007149897,285133.501797937,4633416.025833479,1.2,2118,12,3,367-19,[]
TX,764.184506577,290344.065507153,4637081.467696484,1.2,207,12,3,119-13,[]
TX,764.268941439,271822.48442219,4630672.165066924,1.2,1934,12,3,339-26,[]
TX,764.300860717,291594.535766156,4642678.509244639,1.2,131,12,3,109-3,[]
TX,764.409930768,290332.510540543,4636226.173481907,1.2,2346,12,3,51-26,[]
TX,764.568978269,271556.485378448,4630611.070694568,1.2,1507,12,3,284-23,[]
TX,764.632932685,291904.009070731,4641664.433287055,1.2,2470,12,3,68-29,[]
TX,764.834740651,291066.237459388,4641638.841267204,1.2,2361,9,3,53-5,[]
TX,764.865578518,291493.515655616,4647261.224300363,1.2,725,12,3,178-7,[]
TX,764.984489407,290639.701437624,4646618.771362024,1.2,2512,12,3,71-25,[]
TX,765.132975405,292191.476218023,4642189.876922341,1.2,280,12,3,127-3,[]
TX,765.164115976,291240.108016875,4641286.872249964,1.2,1605,10,3,3-13,[]
TX,765.173329358,290996.100457881,4639050.233279414,1.2,1032,12,3,222-27,[]
TX,765.209199251,292307.35410512,4642053.558805994,1.2,14,12,3,100-27,[]
TX,765.386238016,289992.774228809,4637691.28336355,1.2,165,12,3,111-14,[]
TX,765.394328302,290941.295129445,4641751.054912376,1.2,2365,9,3,54-22,[]
TX,765.49864036,290994.328470508,4641137.030478359,1.2,1358,8,3,262-25,[]
TX,765.533461098,290827.508044773,4641303.620351768,1.2,1871,7,3,332-6,[]
TX,765.570741402,292675.08851369,4642372.272098185,1.2,2766,12,3,97-25,[]
TX,765.697494493,295509.419209221,4642456.217724179,1.2,2077,7,3,361-17,[]
TX,765.860673741,295036.29583481,4642939.080289163,1.2,1684,9,3,309-19,[]
TX,765.870287787,273655.237034565,4630693.543770444,1.2,1516,12,3,287-14,[]
TX,765.87065366,288186.859407413,4643906.982053848,1.2,2433,12,3,61-4,[]
TX,765.981406674,293529.000709068,4641585.6759818,1.2,575,12,3,157-20,[]
TX,765.992891986,292579.086919723,4641381.889839523,1.2,981,12,3,214-19,[]
TX,766.012046876,293431.893821521,4643992.72387744,1.2,2283,12,3,47-26,[]
TX,766.031294708,292024.644868819,4641767.529406731,1.2,771,12,3,182-8,[]
TX,766.22645459,291989.68663326,4643707.401749643,1.2,231,12,3,121-3,[]
TX,766.6992997,288046.878737025,4647088.705420463,1.2,1226,12,3,245-11,[]
TX,766.914875027,290672.079272142,4633736.058407591,1.2,2110,12,3,363-6,[]
TX,766.926195168,292000.091939894,4643705.266985923,1.2,2357,12,3,53-20,[]
TX,767.01639678,289721.946549044,4641852.931394581,1.2,1602,7,3,3-10,"[['RX_GW', 767.131393509, 1602, 7, 3, 868.1, -121.890819667, '00:00:00:00:00:02']]"
TX,767.089509708,291312.658973299,4642014.092473543,1.2,479,12,3,148-19,[]
TX,767.139629591,289311.512794613,4639807.090186495,1.2,2120,9,3,367-21,"[['RX_GW', 767.511395349, 2120, 9, 3, 868.1, -127.129344008, '00:00:00:00:00:02']]"
TX,767.231826904,291833.219986385,4642483.017225925,1.2,2479,12,3,7-20,[]
TX,767.345104344,289281.368039659,4638778.247922381,1.2,673,12,3,171-11,[]
TX,767.70174927,295253.619318915,4645386.472673164,1.2,1886,12,3,334-7,[]
TX,767.703089969,290679.484725834,4641303.377894673,1.2,1389,7,3,267-26,"[['RX_GW', 767.818086218, 1389, 7, 3, 868.1, -118.296628095, '00:00:00:00:00:02']]"
TX,767.801828441,291838.111214178,4642457.65546656,1.2,420,12,3,140-2,[]
TX,767.85813914,289751.139865932,4635467.82327559,1.2,1141,12,3,238-13,[]
TX,768.117867825,290030.13776396,4641537.457644376,1.2,2094,7,3,362-7,"[['RX_GW', 768.232863426, 2094, 7, 3, 868.1, -112.615714066, '00:00:00:00:00:02']]"
TX,768.33241339,273681.195803084,4630604.218099177,1.2,1271,12,3,250-7,[]
TX,768.937413577,292163.375161549,4643612.448269899,1.2,972,12,3,211-13,[]
TX,769.194368163,292327.207168197,4642052.043032176,1.2,1759,12,3,317-16,[]
TX,769.284160355,292477.630575937,4643508.007776802,1.2,1365,12,3,264-18,[]
TX,769.410671159,289492.528415212,4644821.061205368,1.2,1061,12,3,226-26,[]
TX,769.440177485,289740.128424828,4641833.583233273,1.2,851,8,3,194-28,"[['RX_GW', 769.647590147, 851, 8, 3, 868.1, -125.234673924, '00:00:00:00:00:02']]"
TX,769.561105912,292327.922379542,4642038.724872425,1.2,2734,12,3,95-2,[]
TX,769.605384349,288966.722119583,4642977.208996635,1.2,1922,12,3,339-10,[]
TX,769.611998439,290492.875145553,4636381.547140962,1.2,608,12,3,160-20,[]
TX,769.685650245,290494.39164289,4639925.238082542,1.2,2129,7,3,367-7,"[['RX_GW', 769.80064748, 2129, 7, 3, 868.1, -123.742827518, '00:00:00:00:00:02']]"
TX,769.745236329,293748.146617177,4645290.658354092,1.2,2717,12,3,93-25,[]
TX,769.7496507,291987.706618695,4643702.095001007,1.2,151,12,3,110-12,[]
TX,769.822447896,290349.157118344,4630431.912846499,1.2,1932,12,3,339-24,[]
TX,769.86325231,291117.57708045,4643609.903502222,1.2,2557,12,3,75-14,[]
TX,769.955824677,296022.160126378,4645751.666176797,1.2,2335,12,3,51-14,[]
TX,770.102919862,290967.036092423,4640462.626177412,1.2,847,9,3,194-24,[]
TX,770.152775428,292675.18298637,4642047.279754802,1.2,67,12,3,103-5,[]
TX,770.17175686,291015.254355031,4641802.922031181,1.2,88,10,3,106-11,[]
TX,770.255098435,292017.618583889,4643590.138747848,1.2,445,12,3,143-14,[]
TX,770.294842139,291028.99265883,4641934.114131447,1.2,1667,9,3,306-6,[]
TX,770.328745396,272372.244503716,4629643.951716934,1.2,87,12,3,106-10,[]
TX,770.362567121,291132.441204211,4641198.880597555,1.2,617,9,3,162-11,[]
TX,770.533477769,290746.085758225,4635701.602780498,1.2,2401,12,3,57-13,[]
TX,770.614925291,288312.429642294,4638810.182414671,1.2,1268,12,3,250-4,[]
TX,770.636367189,292900.249585828,4641236.996702027,1.2,2632,12,3,82-6,[]
TX,770.645244827,289973.948579047,4637827.813098744,1.2,1260,12,3,249-6,[]
TX,770.72498945,295155.393151676,4646250.314330442,1.2,551,12,3,153-20,[]
TX,770.773718361,292079.849018103,4640514.927157581,1.2,253,12,3,124-4,[]
TX,770.808384342,291984.440475375,4643707.455078322,1.2,234,12,3,121-5,[]
TX,770.90856081,289507.448273998,4642590.154498442,1.2,364,11,3,137-4,[]
TX,771.07757637,291764.25565143,4641033.200400026,1.2,192,10,3,113-27,[]
TX,771.110966607,289311.490643258,4639753.79630116,1.2,990,9,3,215-10,[]
TX,771.20484445,292327.310649048,4642328.998051199,1.2,672,12,3,171-10,[]
TX,771.467545037,290689.443619003,4641307.555600579,1.2,1909,7,3,337-11,[]
TX,771.571446896,292545.183967857,4642599.069208276,1.2,1346,12,3,261-12,[]
TX,771.90793331,295000.425476405,4642708.655032797,1.2,1463,9,3,275-16,[]
TX,771.908507186,292661.651121564,4641768.444341278,1.2,2015,12,3,349-4,[]
TX,772.001110032,291837.409965944,4642548.027105671,1.2,940,12,3,206-10,[]
TX,772.129616818,291532.253745841,4641324.09828707,1.2,1318,10,3,256-24,[]
TX,772.140775204,273708.847619058,4630708.782579411,1.2,2220,12,3,43-21,[]
TX,772.257619932,292257.57619112,4636532.328109014,1.2,2159,12,4,371-27,[]
TX,772.448535606,292324.181089638,4642046.123160914,1.2,820,12,3,19-1,[]
TX,772.540309351,301219.966436732,4645176.026195657,1.2,121,12,3,109-19,[]
TX,772.543540423,271848.243456434,4630701.119413161,1.2,1559,12,3,290-2,[]
TX,772.565826276,274246.78009745,4630662.260191718,1.2,1808,12,3,322-3,[]
TX,772.570857148,295035.286294141,4638064.168065622,1.2,363,12,3,137-30,[]
TX,772.620501886,288224.191853406,4634757.974934723,1.2,1080,12,3,229-5,[]
TX,772.664573639,291043.721415069,4641145.261192228,1.2,1119,9,3,233-9,"[['RX_GW', 773.036338874, 1119, 9, 3, 868.1, -128.850588893, '00:00:00:00:00:02']]"
TX,772.721597617,291169.286306096,4638604.505603064,1.2,722,12,3,178-4,[]
TX,772.801851855,291586.771790573,4639897.411550846,1.2,1240,12,3,246-22,[]
TX,772.889373926,289267.138179965,4634417.364393134,1.2,965,12,3,21-24,[]
TX,773.089661032,289855.772637265,4635425.566418866,1.2,999,12,4,215-26,[]
TX,773.197935261,292081.865431998,4640535.185898028,1.2,1873,12,3,332-8,[]
TX,773.253091924,292705.820883115,4641843.803081052,1.2,1035,12,3,223-12,[]
TX,773.374305474,291817.701183512,4641044.008017337,1.2,967,12,3,21-26,[]
TX,773.391868998,292781.3740162,4642169.998681318,1.2,1895,12,3,335-5,[]
TX,773.407112633,292058.851144703,4644170.543397959,1.2,2395,12,3,56-6,[]
TX,773.431819243,285741.345430833,4634064.145028096,1.2,2003,12,3,349-10,[]
TX,773.43234668,272971.594249758,4629866.254574684,1.2,2441,12,3,62-27,[]
TX,773.535739417,290744.301376257,4642880.648021045,1.2,399,12,3,14-16,[]
TX,773.739285761,288697.514148273,4635211.989594516,1.2,2740,12,3,95-5,[]
TX,773.770077053,290358.825140006,4641449.64185516,1.2,795,7,3,186-25,[]
TX,773.909534863,290450.230467914,4639204.308255675,1.2,2535,10,3,72-21,[]
TX,773.993859026,290637.937194823,4646616.816243502,1.2,2001,12,3,348-6,[]
TX,774.0005091,292314.887692153,4642054.064604271,1.2,1161,12,3,239-25,[]
TX,774.009376377,291797.437470794,4642551.825162201,1.2,1347,12,3,261-13,[]
TX,774.030935706,273712.958413854,4630653.062905214,1.2,208,12,3,119-23,[]
TX,774.060407823,289339.245834688,4634320.326950206,1.2,2081,12,3,361-21,[]
TX,774.204258887,291743.884571476,4641675.787459917,1.2,45,12,3,102-1,[]
TX,774.260129348,293116.132033765,4643552.057697739,1.2,2182,12,3,40-14,[]
TX,774.283867715,290980.51451213,4641959.911156731,1.2,871,10,3,197-6,[]
TX,774.358912795,290799.785111372,4635873.718197658,1.2,1937,12,3,339-3,[]
TX,774.491741131,291734.192637214,4638630.710470819,1.2,1505,12,3,284-10,[]
TX,774.552726847,292418.629338498,4643560.074814085,1.2,695,12,3,172-7,[]
TX,774.596161447,293755.994412394,4640686.137463615,1.2,2310,10,3,50-12,[]
TX,774.667912321,273736.753082859,4630647.113998707,1.2,1908,12,3,337-10,[]
TX,774.736255647,291994.993239444,4643717.428352494,1.2,2563,12,3,75-23,[]
TX,774.745196252,289179.188466173,4643473.200702238,1.2,1174,12,3,24-11,[]
TX,774.924142976,290813.726351966,4643137.480358503,1.2,23,12,3,101-10,[]
TX,775.153249665,288995.584523923,4643702.515756656,1.2,380,12,3,138-3,[]
TX,775.234431172,290075.743142605,4643297.056454558,1.2,291,12,3,128-21,[]
TX,775.411902547,289621.485429772,4637903.937868853,1.2,534,12,3,151-9,[]
TX,775.594932635,293565.817771677,4642139.751008907,1.2,370,11,3,138-13,[]
TX,775.655213299,286831.844397793,4645144.790015012,1.2,2514,12,3,71-27,[]
TX,775.740432537,289890.230682069,4633915.239865151,1.2,1629,12,3,303-29,[]
TX,775.74223943,294669.415057179,4643026.293530879,1.2,2475,11,3,68-7,[]
TX,775.840457598,295609.634917486,4645559.328643081,1.2,1434,12,3,270-4,[]
TX,775.856801153,291516.844049884,4642068.951974389,1.2,2083,12,3,361-4,[]
TX,775.932776001,287916.986047688,4642154.974289009,1.2,1413,12,3,269-3,[]
TX,776.030109152,286175.355845351,4631416.938778833,1.2,350,12,3,137-17,[]
TX,776.229389253,273712.564963844,4630618.0265884,1.2,2404,12,3,57-8,[]
TX,776.272834004,291242.018583938,4641281.822524393,1.2,317,9,3,130-20,[]
TX,776.465751391,277496.080630424,4632381.31932102,1.2,827,12,3,190-15,[]
TX,776.488354286,291888.826063447,4641628.911986983,1.2,2466,12,3,68-18,[]
TX,776.795954361,273729.25949141,4630645.549330396,1.2,1673,12,3,308-14,[]
TX,776.898973248,293769.490132186,4639708.331768734,1.2,2199,12,3,41-9,[]
TX,776.914676557,298765.292211678,4631178.187562656,1.2,1233,12,3,245-27,[]
TX,776.950368527,287772.410557086,4645632.123981382,1.2,868,12,3,197-3,[]
TX,777.041939449,283159.516854014,4632882.116414636,1.2,1394,12,3,268-19,[]
TX,777.056111614,289177.663960858,4642517.516682946,1.2,716,11,3,176-10,[]
TX,777.058957172,292780.21328685,4642484.739143994,1.2,982,12,3,214-2,[]
TX,777.345812645,289512.226381624,4644179.259479329,1.2,541,12,3,152-26,[]
TX,777.384337813,290854.548211884,4642283.405421389,1.2,2363,10,3,53-7,[]
TX,777.39162164,291840.103501903,4645294.542792352,1.2,2331,12,3,51-10,[]
TX,777.485914509,291939.936421966,4642584.955007792,1.2,550,12,3,153-2,[]
TX,777.568246339,297277.76516828,4646220.299189972,1.2,214,12,3,12-18,[]
TX,777.619949043,282393.747035044,4639174.838014186,1.2,1845,12,3,330-25,[]
TX,777.700788818,295553.435550845,4646797.630327224,1.2,2025,12,3,351-5,[]
TX,777.903452219,291010.830227718,4639217.448864013,1.2,2292,12,3,48-10,[]
TX,778.128131231,291835.077913579,4642449.655647577,1.2,2432,12,3,61-30,[]
TX,778.258069842,292836.673504218,4642168.538762115,1.2,1105,12,3,232-18,[]
TX,778.432007534,292666.485671451,4641784.375078241,1.2,477,12,3,148-17,[]
TX,778.460116234,294402.649416696,4642675.282595458,1.2,1468,10,3,275-20,[]
TX,778.623793202,292451.344841157,4641533.704506058,1.2,2306,12,3,49-8,[]
TX,778.742348685,288015.015365324,4634567.975987399,1.2,46,12,3,102-17,[]
TX,778.843911635,289248.791392387,4638757.365172711,1.2,1129,12,3,237-10,[]
TX,778.882596967,288973.208971469,4642612.26908816,1.2,1458,11,3,274-30,[]
TX,778.92923087,292410.979406018,4641887.566863216,1.2,1250,12,3,248-3,[]
TX,778.960093636,290357.604954033,4637226.030348064,1.2,1893,12,3,335-21,[]
TX,779.043160975,293528.612665991,4642101.807615059,1.2,2269,12,3,47-11,[]
TX,779.526170686,292306.509417158,4651178.556665834,1.2,1332,12,3,259-3,[]
TX,779.593830649,291832.735380568,4642553.048461995,1.2,2218,12,3,43-2,[]
TX,779.597059587,292630.648945634,4641771.955141919,1.2,1275,12,3,253-14,[]
TX,779.803324273,293707.440327048,4645337.822737644,1.2,733,12,3,179-7,[]
TX,779.968961676,289945.143017951,4634408.418589746,1.2,1981,12,3,344-5,[]
TX,779.972112856,295669.639551786,4636695.514993919,1.2,2301,12,3,48-28,[]
TX,780.096919353,291911.677201591,4642849.516481452,1.2,1769,12,3,317-7,[]
TX,780.109533467,273732.88544706,4630500.226005507,1.2,1313,12,3,256-17,[]
TX,780.50340189,295121.210907429,4642732.827617136,1.2,1794,7,3,321-19,"[['RX_GW', 780.618399315, 1794, 7, 3, 868.1, -122.895909834, '00:00:00:00:00:04']]"
TX,780.575592138,292806.382712541,4641311.568997812,1.2,1163,12,3,239-27,[]
TX,780.66174709,295635.087117997,4645558.378067847,1.2,2284,12,3,47-27,[]
TX,780.953185545,291587.469221121,4643877.004578216,1.2,708,12,3,174-7,[]
TX,780.95455835,290032.222938369,4642373.21746195,1.2,2364,10,3,54-14,[]
TX,781.028043996,292189.824805657,4642933.738020913,1.2,491,12,3,148-5,[]
TX,781.083109935,289540.052393486,4641829.21493186,1.2,720,7,3,178-18,[]
TX,781.147585996,271590.911820398,4630608.852981677,1.2,621,12,3,162-2,[]
TX,781.15121436,286691.856890438,4641706.706607274,1.2,188,12,3,113-14,[]
TX,781.214227041,292832.303034159,4643548.90039842,1.2,2450,12,3,66-5,[]
TX,781.230544154,292622.164832531,4642383.23992504,1.2,1247,12,3,248-19,[]
TX,781.240165294,290469.812813659,4643856.506047836,1.2,766,12,3,182-3,[]
TX,781.255555047,290663.184353678,4641624.444563843,1.2,1643,8,3,305-15,"[['RX_GW', 781.462967911, 1643, 8, 3, 868.1, -124.327112091, '00:00:00:00:00:02']]"
TX,781.337119591,291240.442715165,4642284.66240679,1.2,839,12,3,190-6,[]
TX,781.379348228,291815.270740476,4641607.006308964,1.2,2776,11,3,97-9,[]
TX,781.461466587,273689.458340856,4630633.09847449,1.2,2059,12,3,358-13,[]
TX,781.671606545,290061.02361876,4642388.700997517,1.2,1888,9,3,335-15,[]
TX,781.750747308,291524.181770148,4642707.535877727,1.2,1286,12,3,254-15,[]
TX,781.797337716,288087.50470791,4645571.681370194,1.2,76,12,3,104-4,[]
TX,781.825691226,290101.03288657,4642429.747179669,1.2,2164,9,3,372-25,[]
TX,781.838310311,292157.684249874,4642193.204253353,1.2,356,12,3,137-24,[]
TX,781.845947605,291948.371159975,4642573.948601068,1.2,2548,12,3,73-3,[]
TX,781.953852463,292523.569709274,4642908.258333061,1.2,1693,12,3,309-6,[]
TX,781.956671786,291686.051191823,4642814.621210149,1.2,1118,12,3,233-26,[]
TX,781.99871262,292953.904253622,4640320.365218624,1.2,1106,12,3,232-19,[]
TX,782.124692413,290608.851667969,4643898.393901263,1.2,2320,12,3,50-26,[]
TX,782.14967483,290485.21993204,4640831.85343926,1.2,592,7,3,158-28,"[['RX_GW', 782.264670116, 592, 7, 3, 868.1, -110.852271389, '00:00:00:00:00:02']]"
TX,782.27963154,296748.879613926,4646471.518739725,1.2,2355,12,3,53-18,[]
TX,782.592501855,292988.734173462,4642954.139875651,1.2,1065,12,3,226-4,[]
TX,782.595291702,291868.904413803,4641643.987310776,1.2,1831,12,3,326-3,[]
TX,782.730831254,286834.632376909,4634324.198952663,1.2,2488,12,3,70-18,[]
TX,782.921955794,273115.23856254,4629909.916433722,1.2,500,12,3,149-2,[]
TX,783.264527917,292994.368999007,4642936.132328579,1.2,675,12,3,171-13,[]
TX,783.412078726,292189.912247269,4641675.66257445,1.2,961,12,3,21-11,[]
TX,783.473612658,291676.80480487,4641288.125907864,1.2,903,12,3,201-24,[]
TX,783.539127522,291192.702300526,4641301.63278128,1.2,2412,8,3,58-6,[]
TX,783.84825093,291932.994555346,4642601.151180277,1.2,148,12,3,11-7,[]
TX,783.949245701,292545.736003861,4642582.616907163,1.2,2477,12,3,7-18,[]
TX,784.136466677,290640.714574241,4641085.833280736,1.2,2114,7,3,367-13,[]
TX,784.24036829,292102.294564614,4642240.988425503,1.2,242,12,3,124-13,[]
TX,784.289074115,290389.392494303,4645804.543298989,1.2,1776,12,3,318-21,[]
TX,784.641541604,283693.234769621,4640212.52104998,1.2,1634,12,3,304-21,[]
TX,784.700982879,293570.865227281,4643768.365038271,1.2,772,12,3,182-9,[]
TX,784.714382095,287862.432599962,4638044.822120928,1.2,255,12,3,124-7,[]
TX,784.788054878,289669.772600733,4642149.777621726,1.2,2333,9,3,51-12,[]
TX,784.806719925,276744.130132714,4632265.480432162,1.2,1363,12,3,264-16,[]
TX,785.027078424,290354.998517925,4640377.340242618,1.2,1666,7,3,306-5,[]
TX,785.052060933,290064.761230989,4642389.047333803,1.2,1695,9,3,31-1,[]
TX,785.097820013,292323.948258676,4642053.570437131,1.2,1723,12,3,310-19,[]
TX,785.16311013,290004.826607659,4635377.549415242,1.2,1206,12,3,241-28,[]
TX,785.308253883,291988.058017045,4643701.655703315,1.2,2562,12,3,75-22,[]
TX,785.430834912,291880.095899113,4641951.891419698,1.2,532,12,3,151-7,[]
TX,785.473426703,289226.699529472,4638685.938654942,1.2,1692,12,3,309-5,[]
TX,785.5077797,290293.504240444,4641970.241710289,1.2,1720,8,3,310-1,[]
TX,785.520718618,295564.831928305,4646063.576384046,1.2,2267,12,3,47-1,[]
TX,785.604606966,291705.765739908,4642128.927462856,1.2,2230,12,3,43-7,[]
TX,785.641480628,290808.295499081,4642022.210527989,1.2,1152,9,3,239-14,[]
TX,785.678591937,290073.145327319,4642397.816021597,1.2,2288,9,3,47-4,[]
TX,785.840661518,292304.197717682,4642036.74058933,1.2,821,12,3,19-2,[]
TX,785.884939801,292803.273098936,4641978.301052943,1.2,2293,12,3,48-11,[]
TX,786.015072755,291854.458636008,4642558.461744426,1.2,2493,12,3,70-3,[]
TX,786.048142248,291931.739617227,4642584.604566889,1.2,1251,12,3,248-4,[]
TX,786.471932483,291700.512914835,4642141.848719805,1.2,2679,12,3,87-14,[]
TX,786.48262663,290930.76827079,4642116.497843407,1.2,2169,11,3,39-11,[]
TX,786.903424112,290465.247884888,4641508.619987031,1.2,2592,7,3,79-6,[]
TX,786.914946242,290450.908507549,4643610.327975496,1.2,2581,12,3,76-27,[]
TX,786.983320791,290685.172901283,4646600.54814555,1.2,2506,12,3,71-18,[]
TX,787.225155476,292283.277896779,4637720.519035918,1.2,949,12,4,206-28,[]
TX,787.296077176,289306.903735995,4634644.592382886,1.2,205,12,3,119-11,[]
TX,787.33929517,291521.783014624,4642065.275090242,1.2,2384,12,3,56-19,[]
TX,787.478171329,290848.442414066,4642276.112055261,1.2,1495,10,3,282-17,[]
TX,787.516869678,291901.462385651,4642569.617002917,1.2,687,12,3,172-20,[]
TX,787.699835413,292977.940684113,4642277.552720158,1.2,2510,12,3,71-21,[]
TX,787.720762844,290090.409021403,4640914.458594482,1.2,2121,7,3,367-23,[]
TX,787.739249817,290853.109522132,4642284.921463741,1.2,2471,10,3,68-3,[]
TX,787.756971042,290952.333900658,4640843.054092637,1.2,392,8,3,139-22,[]
TX,787.861276581,292729.933373456,4641838.823834935,1.2,75,12,3,104-3,[]
TX,787.92594953,290361.564880659,4641804.257305828,1.2,661,7,3,167-19,[]
TX,787.947001145,292182.718289055,4642180.98218127,1.2,367,12,3,137-7,[]
TX,788.074015323,288956.881841492,4636757.117660385,1.2,169,12,3,111-28,[]
TX,788.4425549,288827.331499361,4642733.421359226,1.2,526,12,3,151-27,[]
TX,788.600212256,292587.05093912,4641153.274355086,1.2,596,12,3,159-16,[]
TX,788.609437874,290465.048710132,4641371.351955598,1.2,1722,7,3,310-18,[]
TX,788.637023702,291419.701697687,4642063.638473897,1.2,792,10,3,186-22,[]
TX,788.839747229,286579.987338157,4641699.200733683,1.2,1965,12,3,341-19,[]
TX,788.926743394,286586.095419364,4634470.034508596,1.2,2214,12,3,43-16,[]
TX,789.037510951,289314.643755752,4634329.491445261,1.2,1789,12,3,320-27,[]
TX,789.055182773,288186.812601748,4643927.043614243,1.2,1022,12,3,221-14,[]
TX,789.068357346,288002.256903205,4634562.459538163,1.2,1203,12,3,241-25,[]
TX,789.070662204,294751.831911861,4644000.490995116,1.2,1983,12,3,346-2,[]
TX,789.356847787,290592.285330879,4635596.493599402,1.2,1919,12,3,338-4,[]
TX,789.442895568,287814.418656448,4638505.879127282,1.2,1132,12,3,237-13,[]
TX,789.638620306,287224.736294746,4634215.584022907,1.2,1933,12,3,339-25,[]
TX,789.741342329,292721.826226178,4641693.519681348,1.2,2743,12,3,96-17,[]
TX,789.829852788,292986.955774558,4642110.403454875,1.2,2452,12,3,67-1,[]
TX,789.844771487,290989.151718792,4639049.887729738,1.2,853,12,3,195-18,[]
TX,790.259999658,295957.891302808,4642559.186499834,1.2,1452,7,4,274-18,[]
TX,790.393804788,292528.35770719,4642922.812048337,1.2,2413,12,3,58-7,[]
TX,790.534182565,290548.810286617,4642304.171655611,1.2,444,11,3,141-28,[]
TX,790.557538105,292801.170685645,4640495.226801603,1.2,1758,12,3,317-15,[]
TX,790.624328384,285926.232832014,4635497.934604052,1.2,103,12,3,107-14,[]
TX,790.652782605,292728.558058862,4642094.236683506,1.2,2775,12,3,97-8,[]
TX,790.981990284,291913.592736685,4642579.56790946,1.2,496,12,3,149-1,[]
TX,791.052607556,287628.258567447,4644412.073484227,1.2,1591,12,3,297-7,[]
TX,791.067404463,290818.288311813,4640546.189444192,1.2,4,7,3,100-14,[]
TX,791.146572601,274912.532483545,4631102.490863416,1.2,991,12,3,215-11,[]
TX,791.162676476,290378.820071683,4642633.781954026,1.2,1601,11,3,298-7,[]
TX,791.28797613,291654.982069742,4642823.698155783,1.2,2356,12,3,53-19,[]
TX,791.416344352,289751.635916341,4645778.550070836,1.2,466,12,3,147-24,[]
TX,791.443001046,281895.019355665,4632784.262930041,1.2,2154,12,3,371-22,[]
TX,791.449913854,291710.529092817,4642780.246127126,1.2,2561,12,3,75-21,[]
TX,791.67030626,290032.303335194,4642351.696514658,1.2,1432,10,3,270-27,[]
TX,791.712957931,272192.909431056,4629700.77786706,1.2,1294,12,4,254-24,[]
TX,791.745594423,289466.005749743,4642447.040494784,1.2,2652,9,3,84-19,[]
TX,791.832635061,291070.110219981,4644031.09385082,1.2,217,12,3,12-21,[]
TX,791.865135719,286690.35350328,4641702.47156276,1.2,2235,12,3,44-14,[]
TX,791.926419747,291047.412930555,4641114.18369213,1.2,2035,9,3,353-29,[]
TX,791.933879666,290060.647864685,4642394.230642732,1.2,1426,9,3,270-21,[]
TX,792.129663192,273677.399352475,4630694.534203478,1.2,1477,12,3,279-12,[]
TX,792.206895817,293204.781772125,4640438.161606684,1.2,1918,12,3,338-3,[]
TX,792.322148984,273693.368655663,4630647.449467074,1.2,1146,12,3,238-27,[]
TX,792.365200642,292322.753932614,4642052.77565443,1.2,497,12,3,149-15,[]
TX,792.476740108,290969.549036748,4640744.989362415,1.2,15,8,3,100-28,[]
TX,792.513970655,274535.741610754,4630856.928247796,1.2,1869,12,3,332-4,[]
TX,792.927135525,292553.807535567,4641852.940549942,1.2,2539,12,3,72-27,[]
TX,793.183470353,291635.092704597,4640905.323938802,1.2,1982,11,3,344-6,[]
TX,793.254164356,292401.884336138,4637318.387168416,1.2,1007,12,3,22-14,[]
TX,793.368373528,291233.984941521,4644163.218233633,1.2,2521,12,3,71-6,[]
TX,793.401182028,292977.334721824,4640865.936216502,1.2,1689,12,3,309-3,[]
TX,793.547279211,292680.421455242,4641803.122274892,1.2,1096,12,3,231-27,[]
TX,793.653820433,293375.604702696,4645693.665799306,1.2,2690,12,3,88-25,[]
TX,793.781966079,292478.92448698,4641898.140791849,1.2,256,12,3,125-10,[]
TX,793.818682536,291873.121956512,4641642.264849108,1.2,316,12,3,130-19,[]
TX,793.831744235,288835.345960954,4645510.109296646,1.2,313,12,3,130-14,[]
TX,793.862297514,291881.384460174,4641939.420723648,1.2,464,12,4,147-13,[]
TX,793.885226499,291806.73611681,4641571.321804079,1.2,1852,11,3,330-7,[]
TX,793.904982595,288936.393302,4642809.715327854,1.2,1974,12,3,344-19,[]
TX,794.056561702,274371.250853131,4630723.200742127,1.2,1584,12,3,294-24,[]
TX,794.093693175,285896.128811047,4641166.732170212,1.2,1121,12,3,234-19,[]
TX,794.153952918,290059.976780936,4642388.487407008,1.2,1417,9,3,269-6,[]
TX,794.278275823,291412.115171118,4641332.442479923,1.2,1155,9,3,239-19,[]
TX,794.412684103,289224.713311467,4642068.620056879,1.2,2635,9,3,82-9,[]
TX,794.489879868,292906.068089733,4643887.230081403,1.2,2712,12,3,93-18,[]
TX,794.762819037,293940.699131145,4648867.340552137,1.2,2348,12,3,51-28,[]
TX,794.865858119,294135.255455309,4647411.55774268,1.2,2771,12,3,97-4,[]
TX,794.911192734,291181.009823623,4635652.069785478,1.2,2063,12,3,358-20,[]
TX,795.053401711,289017.368676826,4641910.216977539,1.2,1024,8,3,221-24,[]
TX,795.135195036,289974.963280559,4646328.510044924,1.2,2277,12,3,47-19,[]
TX,795.228318557,295625.10343027,4642519.615346064,1.2,756,7,3,181-8,"[['RX_GW', 795.343314769, 756, 7, 3, 868.1, -122.689122468, '00:00:00:00:00:04']]"
TX,795.479471776,291995.725707034,4644019.332321255,1.2,2718,12,3,93-26,[]
TX,795.663553933,294396.067852978,4643070.498856046,1.2,1153,12,3,239-17,[]
TX,795.682770899,271823.882993506,4630238.057383026,1.2,1282,12,3,254-11,[]
TX,795.879024133,291856.570832233,4641086.770350204,1.2,1053,12,3,226-18,[]
TX,796.009901833,290637.059808271,4642980.915030791,1.2,84,12,3,105-21,[]
TX,796.048621341,292452.373540954,4641595.714358071,1.2,941,12,3,206-11,[]
TX,796.141469514,290322.734666159,4640361.466671215,1.2,397,7,3,139-28,[]
TX,796.262895818,290748.956266793,4641531.909018119,1.2,1654,8,3,305-28,[]
TX,796.39073006,273683.236834608,4630717.415906949,1.2,2064,12,3,358-21,[]
TX,796.454026636,293185.719812974,4640510.806317695,1.2,2431,12,3,61-3,[]
TX,796.459408729,290731.178155788,4642235.931736869,1.2,299,10,3,129-10,[]
TX,796.646793364,291033.390038215,4644015.306812072,1.2,2473,12,3,68-4,[]
TX,796.749428032,269654.774022617,4628484.606497143,1.2,1558,12,3,290-19,[]
TX,796.839612663,292192.170272461,4642167.849987754,1.2,1628,12,3,303-26,[]
TX,796.915662554,292689.574661312,4640509.330166177,1.2,642,12,3,163-21,[]
TX,797.032190709,295656.338968234,4641977.770584193,1.2,1148,7,3,239-10,[]
TX,797.035036736,289085.786900989,4642472.003198483,1.2,2550,11,3,73-4,[]
TX,797.092312644,291855.177933463,4641087.042603546,1.2,2615,12,3,81-14,[]
TX,797.32571602,291493.778526479,4641989.599270144,1.2,218,10,3,12-29,[]
TX,797.386861526,291882.285373798,4641630.574281075,1.2,347,12,3,137-14,[]
TX,797.491127671,294015.202274506,4641018.931873553,1.2,2502,10,3,71-14,[]
TX,797.662816817,292287.708438621,4642041.586316242,1.2,6,12,3,100-18,[]
TX,797.749460311,294091.619412909,4643865.932861478,1.2,2275,12,3,47-17,[]
TX,797.834621807,294888.054698516,4647342.88501861,1.2,727,12,4,179-19,[]
TX,797.898373347,292402.900837223,4637323.245744687,1.2,649,12,3,163-30,[]
TX,797.91535997,291120.069703972,4642464.164343094,1.2,894,12,3,200-25,[]
TX,797.988733282,289816.305030269,4643142.060258183,1.2,1449,12,3,274-12,[]
TX,798.117794397,289297.881108497,4633820.309188508,1.2,222,12,4,12-6,[]
TX,798.222585889,286449.489662503,4642154.29121051,1.2,1292,12,3,254-20,[]
TX,798.30441722,290836.357752804,4642305.572023754,1.2,1524,11,3,287-24,[]
TX,798.626354553,292949.066347491,4642258.3408553,1.2,2029,12,3,353-17,[]
TX,799.053987977,295251.566576414,4648798.843154707,1.2,2708,12,3,93-10,[]
TX,799.177338543,292848.860543001,4641926.129039605,1.2,30,12,3,101-18,[]
TX,799.191147528,289698.592887561,4647170.705596988,1.2,2122,12,3,367-25,[]
TX,799.215575351,290473.198508769,4640621.706457898,1.2,933,7,3,204-22,[]
TX,799.409655716,293850.830128489,4643669.411260231,1.2,835,12,3,190-3,[]
TX,799.425106193,290393.952956418,4644038.583946386,1.2,1212,12,3,242-28,[]
TX,799.456923056,292364.472878666,4641979.679533374,1.2,2659,12,3,84-27,[]
TX,799.634348863,292894.36978541,4642827.373808388,1.2,383,12,3,138-6,[]
TX,799.692796606,291982.722984683,4643712.112922513,1.2,2607,12,3,80-19,[]
TX,799.82512278,302322.522005296,4645074.738250778,1.2,89,12,3,106-12,[]
TX,799.894668607,289952.232808871,4634412.482677691,1.2,2040,12,3,353-6,[]
TX,799.902018145,293277.195361732,4640226.345941818,1.2,2282,12,3,47-25,[]
TX,799.935214412,287913.927158947,4643986.333635481,1.2,2751,12,3,96-6,[]
TX,800.015420436,291040.510275023,4644045.599991821,1.2,2716,12,3,93-21,[]
TX,800.044589212,292163.37735872,4639347.068858408,1.2,2185,12,3,40-26,[]
TX,800.074671191,289856.26957112,4643040.09132822,1.2,1526,12,3,287-26,[]
TX,800.110830111,291720.909248991,4641496.139808492,1.2,1077,12,3,229-21,[]
TX,800.145999097,291566.634457753,4641381.874932462,1.2,1649,10,3,305-20,[]
TX,800.214311212,293069.223058049,4635000.147341543,1.2,1327,12,3,259-17,[]
TX,800.265158689,290919.521938012,4642156.504642647,1.2,1607,12,3,3-24,[]
TX,800.31747781,283303.349201055,4632888.842128941,1.2,1824,12,3,326-16,[]
TX,800.330549615,292804.490206501,4641971.008374633,1.2,736,12,3,181-12,[]
TX,800.499060813,287750.505924694,4641453.961410918,1.2,366,12,4,137-6,[]
TX,800.558636846,290649.831872375,4639942.575570479,1.2,1068,7,3,226-7,[]
TX,800.935720223,290835.513858114,4642284.503451399,1.2,1443,10,3,273-21,[]
TX,801.016548601,287556.376608092,4641397.388019847,1.2,1055,12,3,226-20,[]
TX,801.056834363,293061.285451864,4642161.808971045,1.2,2232,12,3,44-11,[]
TX,801.066915826,290027.761365529,4641531.656897367,1.2,2435,7,3,61-6,[]
TX,801.067072822,289835.485734144,4643475.78889258,1.2,1111,12,3,232-5,[]
TX,801.398783188,286696.244915906,4641698.021919262,1.2,2696,12,3,91-18,[]
TX,801.507723993,291917.723207856,4642575.550652551,1.2,2309,12,3,50-11,[]
TX,801.74185135,289889.824920351,4633908.46460517,1.2,1625,12,3,303-18,[]
TX,801.776849813,290887.73493244,4639823.810245677,1.2,355,8,3,137-21,[]
TX,801.807688292,290143.60562346,4643595.634029123,1.2,1500,12,3,282-3,[]
TX,801.977528133,289428.026409974,4646181.363133447,1.2,1683,12,3,309-18,[]
TX,802.000582542,295196.826022072,4645342.062391546,1.2,2272,12,3,47-14,[]
TX,802.029651506,291743.913555022,4641526.948034473,1.2,94,12,3,106-24,[]
TX,802.254868368,273688.025470852,4630625.828866941,1.2,947,12,3,206-26,[]
TX,802.318713289,289898.883987233,4641675.688486116,1.2,1620,7,3,301-25,[]
TX,802.377738841,291496.571004394,4641330.142418031,1.2,543,10,3,152-28,[]
TX,802.400366572,290479.422629663,4644582.627045473,1.2,122,12,3,109-2,[]
TX,802.448824324,292322.627571688,4642046.04805355,1.2,254,12,3,124-6,[]
TX,802.513348145,290466.952775063,4641377.003589059,1.2,2580,7,3,76-26,[]
TX,802.572636226,291860.471973333,4642565.602793771,1.2,1412,12,3,269-29,[]
TX,802.57761337,289659.267658648,4643507.448916676,1.2,288,12,3,128-19,[]
TX,802.762992738,288776.928086656,4634110.586920004,1.2,1863,12,3,332-24,[]
TX,802.87542899,291196.58270129,4641970.59697726,1.2,2613,10,3,81-12,[]
TX,802.909022201,292497.361670649,4641355.222618511,1.2,1310,12,3,256-14,[]
TX,802.911709925,292334.988445107,4649975.371370186,1.2,1750,12,3,315-18,[]
TX,802.983586726,289649.303438925,4641970.005777584,1.2,213,8,3,12-17,[]
TX,803.032721998,292235.535811076,4641923.658054817,1.2,788,12,3,186-10,[]
TX,803.040110889,291180.480494501,4643548.806061307,1.2,228,12,3,121-2,[]
TX,803.083167571,290716.524428808,4642158.039238894,1.2,414,9,3,140-14,[]
TX,803.359152953,286614.821286183,4644781.248679793,1.2,1376,12,3,266-14,[]
TX,803.360191312,298012.281267815,4632569.300363484,1.2,286,12,3,128-17,[]
TX,803.77327079,292189.000115971,4649625.510190076,1.2,1484,12,3,28-11,[]
TX,803.88362351,290431.560799764,4642321.090445061,1.2,1530,10,3,287-4,[]
TX,804.050691059,291744.604251902,4639532.107454238,1.2,1571,12,3,293-17,[]
TX,804.061308204,291053.335258238,4644039.134368384,1.2,1038,12,3,223-22,[]
TX,804.33778773,292396.605927419,4644098.133172952,1.2,1650,12,3,305-21,[]
TX,804.362403662,293316.162184454,4639857.397843665,1.2,1686,12,3,309-20,[]
TX,804.755188803,289337.633696055,4634309.714481275,1.2,2439,12,3,62-14,[]
TX,804.900093819,291045.245409691,4641730.497657593,1.2,1510,10,4,284-26,"[['RX_GW', 805.559603899, 1510, 10, 4, 868.1, -131.496062558, '00:00:00:00:00:02']]"
TX,805.033078961,295024.21752839,4647216.103941858,1.2,2480,12,3,7-21,[]
TX,805.187911633,291787.943757115,4642595.230194418,1.2,352,12,3,137-19,[]
TX,805.223020778,288240.478854379,4634797.855158315,1.2,1046,12,3,225-26,[]
TX,805.29380285,294115.463705901,4647404.045345426,1.2,2519,12,3,71-4,[]
TX,805.300773808,289900.72093318,4641319.863475632,1.2,693,7,3,172-5,[]
TX,805.486651899,292072.971881306,4642058.913737184,1.2,2256,12,3,46-15,[]
TX,805.559161269,292399.26456155,4641912.503269309,1.2,1167,12,4,239-5,[]
TX,805.612681433,291111.286284701,4642465.641748256,1.2,1638,12,3,305-10,[]
TX,805.707068736,289196.286702336,4642523.210140849,1.2,1713,11,3,31-29,[]
TX,805.850384331,291109.632520978,4641943.15271804,1.2,159,10,3,110-27,[]
TX,805.903260136,292432.744845911,4641530.312288701,1.2,1199,12,3,241-12,[]
TX,806.105520767,292525.376026066,4642914.916762616,1.2,2511,12,3,71-24,[]
TX,806.272501829,291756.241407083,4642523.914342711,1.2,386,12,3,138-9,[]
TX,806.363104649,290872.036618432,4642268.491371282,1.2,2113,12,3,367-12,[]
TX,806.573864773,291014.176354332,4644022.527037433,1.2,258,12,3,125-12,[]
TX,806.742035903,292069.30129675,4641796.680707332,1.2,1890,12,3,335-19,[]
TX,806.835314481,292499.663995984,4642271.333696015,1.2,2004,12,3,349-12,[]
TX,807.458725752,292846.005125445,4641169.73915767,1.2,343,12,4,137-1,[]
TX,807.462962393,290032.812051918,4641530.667276355,1.2,2073,7,3,358-7,[]
TX,807.514563057,291014.117812104,4641912.668341852,1.2,2648,9,3,84-15,[]
TX,807.589337144,291247.724574509,4643216.445711574,1.2,2598,12,3,8-20,[]
TX,807.650463224,295635.813536852,4645570.515615472,1.2,2338,12,4,51-17,[]
TX,807.732800901,285597.841553724,4641197.416658172,1.2,952,12,3,209-11,[]
TX,807.931229702,291836.851382821,4642572.960403631,1.2,946,12,3,206-25,[]
TX,808.383016828,291764.337435408,4644108.898764149,1.2,2249,12,3,45-3,[]
TX,808.389178723,291525.892261626,4642068.955357195,1.2,113,12,3,109-11,[]
TX,808.394989567,290619.302105916,4642237.991855542,1.2,1110,9,3,232-4,[]
TX,808.39717683,287091.047881259,4641490.418374424,1.2,1663,12,3,306-19,[]
TX,808.557652456,292691.149262572,4641811.64719028,1.2,1319,12,4,256-25,[]
TX,808.599592451,292479.530440717,4641949.181246262,1.2,329,12,3,130-6,[]
TX,808.628407287,290755.438849343,4643069.215321878,1.2,425,12,3,140-26,[]
TX,808.752518354,294058.283441629,4644067.805116857,1.2,2382,12,3,56-14,[]
TX,808.768404338,296805.924500645,4649719.766824033,1.2,2378,12,3,56-10,[]
TX,809.097390097,293766.471750974,4643566.020470288,1.2,239,12,3,122-6,[]
TX,809.116779175,271803.621780261,4630673.055211069,1.2,1200,12,3,241-13,[]
TX,809.236712168,286680.431458576,4641704.121110483,1.2,1685,12,3,309-2,[]
TX,809.410786482,290339.527580302,4642040.718214878,1.2,1437,8,3,270-7,[]
TX,809.420984557,292112.477337936,4643193.136585135,1.2,653,12,3,163-7,[]
TX,809.52705622,290671.061833834,4641303.674037178,1.2,1736,7,3,311-20,[]
TX,809.69418273,280063.469023834,4632616.008880599,1.2,1717,12,3,31-5,[]
TX,809.748286476,292714.750004705,4641829.097436595,1.2,519,12,3,151-18,[]
TX,810.072809687,291863.711387081,4642569.180998363,1.2,2523,12,3,72-1,[]
TX,810.10526727,290823.093732891,4635881.738868681,1.2,354,12,3,137-20,[]
TX,810.264828079,290067.979663331,4642381.972018447,1.2,252,10,3,124-30,[]
TX,810.492746018,291833.915590315,4642459.572841305,1.2,799,12,3,186-8,[]
TX,810.70184919,291838.741093853,4642546.12944899,1.2,1351,12,3,261-26,[]
TX,810.761756497,291681.244126704,4640050.047276895,1.2,762,12,3,182-21,[]
TX,810.861151302,291507.143902888,4642690.748916061,1.2,161,12,3,111-10,[]
TX,810.948382354,292527.392858969,4642917.099769169,1.2,1721,12,3,310-17,[]
TX,811.012861438,292715.239659848,4641826.435767999,1.2,1456,12,3,274-29,[]
TX,811.195719292,290877.922579781,4638596.582015552,1.2,710,12,3,175-19,[]
TX,811.281754922,292639.8239806,4642401.000716395,1.2,2688,12,3,88-22,[]
TX,811.480342525,289002.547451609,4636132.946578203,1.2,922,12,4,203-14,[]
TX,811.56438391,290515.438761111,4647228.055080246,1.2,1544,12,3,29-10,[]
TX,811.663966688,292721.375443745,4641839.695534664,1.2,1509,12,3,284-25,[]
TX,811.982199446,294972.785801471,4642819.053694971,1.2,646,9,3,163-27,[]
TX,812.045157773,292860.510616787,4641911.404485342,1.2,2187,12,3,40-28,[]
TX,812.0529962,291703.234096595,4642125.102729383,1.2,1159,12,3,239-23,[]
TX,812.194785579,289268.569968302,4639200.177365161,1.2,1818,11,3,324-13,[]
TX,812.209716104,292652.652172029,4641757.028502148,1.2,2585,12,3,79-17,[]
TX,812.2145733,293816.341772915,4642855.018789394,1.2,579,11,3,157-6,[]
TX,812.239673288,292544.880931433,4637205.809138569,1.2,1320,12,3,256-26,[]
TX,812.287505654,290250.234515653,4643366.811114977,1.2,189,12,3,113-24,[]
TX,812.30617276,291297.034332364,4641718.936027874,1.2,2752,10,3,96-7,[]
TX,812.477834234,292377.839196446,4642919.074636655,1.2,2531,12,3,72-17,[]
TX,812.537648904,293615.096552716,4641914.150419822,1.2,1063,12,4,226-28,[]
TX,812.653350379,292631.573371116,4641781.172707277,1.2,787,12,3,185-7,[]
TX,812.668720113,291473.667025099,4642307.744281198,1.2,130,12,3,109-29,[]
TX,812.68292768,289943.396648707,4634404.778300293,1.2,1980,12,3,344-4,[]
TX,812.755485858,291508.117069258,4642443.686680201,1.2,2423,12,3,60-25,[]
TX,812.85916326,291723.596726952,4642165.375678117,1.2,2227,12,3,43-4,[]
TX,812.917610366,291851.612661779,4642537.589620687,1.2,2764,12,4,97-23,[]
TX,812.933977371,290675.439305225,4641326.044564063,1.2,2106,7,3,363-26,[]
TX,813.023270279,299211.631804279,4633157.539309416,1.2,629,12,3,162-6,[]
TX,813.024752862,288888.503991662,4638686.009717194,1.2,1236,12,3,246-11,[]
TX,813.107928578,285570.913764739,4641173.01883474,1.2,1809,12,3,322-4,[]
TX,813.118810672,290833.758889479,4642775.910938993,1.2,394,11,3,139-25,[]
TX,813.400194553,290950.680740732,4639030.702102819,1.2,1977,12,3,344-21,[]
TX,813.576742957,291836.994424669,4642553.854805804,1.2,97,12,3,106-27,[]
TX,813.606603676,292682.442478692,4642050.76162543,1.2,1231,12,3,245-25,[]
TX,813.699234291,290646.971779251,4633359.111889449,1.2,1128,12,3,234-7,[]
TX,813.712226021,292150.538434065,4642193.877330084,1.2,432,12,3,140-7,[]
TX,813.791585182,291171.760692888,4641934.24572756,1.2,2381,11,3,56-13,[]
TX,813.881924797,290378.031701963,4641809.909309402,1.2,2682,7,3,87-26,"[['RX_GW', 813.99692161, 2682, 7, 3, 868.1, -122.947952363, '00:00:00:00:00:02']]"
TX,813.96266595,290979.588815857,4641321.693348575,1.2,1487,8,3,28-14,[]
TX,814.048233652,293471.675194862,4642660.303696879,1.2,2486,12,3,70-1,[]
TX,814.407873536,292204.534740138,4642141.301847757,1.2,410,12,3,140-10,[]
TX,814.813590409,292532.760556242,4642923.962229772,1.2,2482,12,3,7-4,[]
TX,814.829729315,291839.740643526,4642547.949269249,1.2,332,12,3,130-9,[]
TX,814.889622676,290741.641666857,4642894.172079213,1.2,1640,12,3,305-12,[]
TX,814.889814951,293584.94492351,4643440.717564263,1.2,1402,12,3,268-7,[]
TX,814.912712722,291873.671840701,4642560.854606401,1.2,936,12,3,204-25,[]
TX,815.010306612,291870.435565,4642564.777492275,1.2,763,12,3,182-22,[]
TX,815.109751737,282190.320583525,4637415.315152278,1.2,428,12,3,140-29,[]
TX,815.352796565,281599.19027323,4632736.625222919,1.2,1288,12,3,254-17,[]
TX,815.360087927,291431.057290734,4642700.740977718,1.2,198,12,3,115-14,[]
TX,815.67674544,291329.022235156,4642008.413768766,1.2,1930,12,3,339-22,[]
TX,815.734299887,273658.728042368,4630702.656772735,1.2,1583,12,3,294-12,[]
TX,815.784261877,292483.041899233,4643067.092688979,1.2,1740,12,3,311-5,[]
TX,815.849096052,294051.483753947,4641447.031267802,1.2,331,10,3,130-8,"[['RX_GW', 816.508607152, 331, 10, 3, 868.1, -130.789065024, '00:00:00:00:00:04']]"
TX,815.884715784,293317.020282729,4644298.377725215,1.2,1691,12,3,309-4,[]
TX,815.935525718,291662.165200492,4642107.980539405,1.2,645,12,3,163-26,[]
TX,816.180742308,290445.593714578,4641376.615007292,1.2,246,7,3,124-19,[]
TX,816.334008503,290451.092453149,4645193.132634404,1.2,1771,12,3,318-16,[]
TX,816.757991756,295076.531560547,4642775.479218567,1.2,781,7,4,185-19,"[['RX_GW', 816.872989379, 781, 7, 4, 868.1, -123.811091199, '00:00:00:00:00:04']]"
TX,816.768170958,291126.001105824,4642467.57386313,1.2,889,12,3,200-10,[]
TX,816.782565653,288497.159423348,4643145.302181949,1.2,1448,12,3,274-11,[]
TX,816.815223844,292679.067117471,4643999.4729386,1.2,1157,12,3,239-21,[]
TX,816.866724416,286814.642379357,4641669.473082079,1.2,1411,12,3,269-21,[]
TX,817.056852926,290301.717090529,4642210.25269834,1.2,2400,9,3,57-12,"[['RX_GW', 817.428618929, 2400, 9, 3, 868.1, -127.993287869, '00:00:00:00:00:02']]"
TX,817.198250565,293821.207399473,4640806.196673219,1.2,2543,11,3,72-4,"[['RX_GW', 818.679011036, 2543, 11, 3, 868.1, -134.904705963, '00:00:00:00:00:04']]"
TX,817.452707833,288370.26144707,4638653.971491867,1.2,85,12,3,105-3,[]
TX,817.489164637,290379.323830591,4641811.257500116,1.2,790,7,3,186-12,[]
TX,817.578447621,291824.077269583,4642545.953138073,1.2,576,12,3,157-21,[]
TX,817.598995276,292082.28328356,4641772.306242016,1.2,114,12,3,109-12,[]
TX,817.674320491,291239.145665362,4641261.875236359,1.2,809,9,3,187-4,[]
TX,817.873763491,290692.90071141,4641306.891008966,1.2,1339,7,3,260-21,[]
TX,817.94088523,289218.463881886,4642080.838406506,1.2,1993,9,3,347-8,[]
TX,818.002334466,290459.351542755,4641594.946980791,1.2,1354,7,3,261-8,[]
TX,818.161611753,290978.226558112,4636333.719854028,1.2,2492,12,3,70-21,[]
TX,818.19375596,291201.500611196,4639549.174287736,1.2,2658,10,3,84-26,[]
TX,818.256090279,290689.732296414,4641292.447620857,1.2,604,7,3,159-6,[]
TX,818.356547819,289713.062340624,4639215.418661534,1.2,1241,10,3,246-23,[]
TX,818.463034494,289647.977730286,4641935.913589539,1.2,798,7,3,186-28,[]
TX,819.000939703,288572.461791394,4640574.617282231,1.2,68,8,3,103-6,[]
TX,819.027517876,292857.841155337,4641911.460200262,1.2,1103,12,3,231-9,[]
TX,819.114050743,292717.896120585,4643717.266953645,1.2,2644,12,4,84-11,[]
TX,819.185795996,288854.665690094,4643707.256203354,1.2,1550,12,3,29-25,[]
TX,819.308495475,288336.480542299,4634917.26492872,1.2,2525,12,3,72-11,[]
TX,819.351998923,291139.708584728,4644446.13776725,1.2,757,12,3,181-9,[]
TX,819.622751295,292524.663182761,4642823.070409627,1.2,1259,12,3,249-5,[]
TX,819.685858016,291060.504697649,4641620.527971737,1.2,1744,9,3,313-12,[]
TX,819.740146155,291188.44102058,4641315.839167622,1.2,86,8,3,105-4,[]
TX,820.098832888,290078.257186259,4643304.388662161,1.2,1472,12,3,275-5,[]
TX,820.158467718,273728.540373566,4630672.220803852,1.2,163,12,3,111-12,[]
TX,820.221226674,290478.835409992,4639776.685873776,1.2,1416,9,3,269-5,[]
TX,820.365509906,288274.696538264,4641310.454815488,1.2,1942,10,3,339-8,[]
TX,820.535373295,294294.602935835,4639033.540527772,1.2,2051,12,3,357-3,[]
TX,820.77604225,291110.252896197,4642466.096963802,1.2,1406,12,3,269-17,[]
TX,820.969008604,291052.811922859,4641358.661847387,1.2,904,8,3,201-25,[]
TX,820.995307232,293479.218859396,4644109.178920749,1.2,2692,12,3,88-28,[]
TX,821.194028103,289668.922889584,4635501.794309485,1.2,1314,12,3,256-18,[]
TX,821.204965652,289170.092563562,4642840.533094217,1.2,2456,11,3,67-19,[]
TX,821.283049859,291988.463681838,4642600.679882983,1.2,1393,12,3,268-18,[]
TX,821.455243448,285256.166071504,4633089.875326741,1.2,994,12,3,215-14,[]
TX,821.522411142,291402.960089303,4641313.190611682,1.2,826,9,4,19-7,[]
TX,821.974477897,292396.120759674,4643046.776905345,1.2,1133,12,3,237-14,[]
TX,822.07821887,290995.417753404,4640691.053344606,1.2,1976,8,3,344-20,[]
TX,822.20397305,291171.041208557,4641256.651024012,1.2,895,10,3,200-26,[]
TX,822.228177507,295087.528290911,4646533.860417036,1.2,1329,12,4,259-19,[]
TX,822.349850876,271898.707411923,4630635.885732176,1.2,2216,12,3,43-18,[]
TX,823.424383598,289176.137209619,4642515.413892545,1.2,2444,11,3,66-18,"[['RX_GW', 824.905143056, 2444, 11, 3, 868.1, -133.792940581, '00:00:00:00:00:02']]"
TX,823.556911437,289359.900541776,4642543.229366463,1.2,2707,9,3,93-1,[]
TX,823.728236999,293784.41547608,4639694.664320371,1.2,1028,12,3,222-12,[]
TX,823.832407467,292335.249638282,4642047.930493802,1.2,1853,12,3,330-8,[]
TX,823.940434742,294415.020618703,4646452.440700192,1.2,2394,12,4,56-5,[]
TX,823.977520676,291038.788563797,4644011.915888107,1.2,2319,12,3,50-25,[]
TX,823.987330931,273674.635993521,4630622.554357229,1.2,1557,12,3,290-18,[]
TX,823.992096415,294855.191081031,4646061.795961283,1.2,2513,12,3,71-26,[]
TX,824.421283305,292899.860665846,4642833.969441697,1.2,1386,12,3,267-14,[]
TX,824.438267403,290079.788482371,4642388.796899612,1.2,260,9,3,125-14,[]
TX,824.644804341,290144.105717572,4635341.133248512,1.2,2606,12,3,80-18,[]
TX,824.736086179,288736.645838513,4642560.306623957,1.2,2467,11,3,68-19,[]
TX,824.83579672,288443.963396879,4644862.070026203,1.2,2128,12,3,367-6,[]
TX,824.88903718,291069.411527183,4644044.871943928,1.2,2721,12,3,93-29,[]
TX,824.92960069,290131.407130926,4636819.373915937,1.2,1489,12,3,28-25,[]
TX,825.253349,290341.135801456,4643767.533503662,1.2,403,12,3,14-20,[]
TX,825.312810688,290378.013842766,4641808.57597376,1.2,391,7,3,139-14,[]
TX,825.474227728,291157.244253036,4638950.200924628,1.2,2614,12,3,81-13,[]
TX,825.575185965,291136.728835745,4642472.284568398,1.2,893,12,3,200-24,[]
TX,825.608150841,287905.06254647,4644002.416765936,1.2,275,12,3,127-18,[]
TX,825.640386709,290197.777421804,4643361.035173855,1.2,848,12,4,194-25,[]
TX,825.914840289,288421.876264421,4637795.187494575,1.2,2082,12,4,361-3,[]
TX,825.96706545,292650.142378716,4641760.466329419,1.2,1083,12,3,231-10,[]
TX,826.016540172,290463.426318162,4642868.160642467,1.2,2731,12,3,95-16,[]
TX,826.019698398,293790.675030811,4644262.08573319,1.2,2279,12,3,47-20,[]
TX,826.221035002,290197.046165342,4647344.044381215,1.2,396,12,3,139-27,[]
TX,826.312583882,292326.390424323,4642056.046331656,1.2,1165,12,3,239-3,[]
TX,826.404524848,290959.245008655,4640546.548168019,1.2,1062,8,4,226-27,[]
TX,826.513550352,292645.286768423,4641760.835961115,1.2,958,12,4,209-26,[]
TX,826.658041236,291621.081299596,4642706.197154638,1.2,1716,12,3,31-4,[]
TX,826.851692263,291208.526596943,4636218.816031562,1.2,1635,12,3,304-29,[]
TX,826.925084688,291673.740200904,4642112.463756244,1.2,2391,12,3,56-28,[]
TX,826.937586317,291122.822575971,4641127.298352946,1.2,2135,7,3,368-18,[]
TX,827.051318271,291974.95753474,4642593.963858557,1.2,321,12,3,130-24,[]
TX,827.460782048,292511.098963019,4642890.544401555,1.2,842,12,3,194-11,[]
TX,827.523590451,290778.268356724,4635834.332627798,1.2,1586,12,3,294-26,[]
TX,827.624092263,291223.376710157,4642256.114943547,1.2,273,12,3,127-1,[]
TX,827.76621116,292746.201914376,4641857.682911093,1.2,2072,12,3,358-6,[]
TX,827.79405296,273712.75073241,4630638.968193164,1.2,2184,12,3,40-25,[]
TX,827.852169391,292297.750104076,4642275.53242573,1.2,2487,12,4,70-17,[]
TX,827.877272581,287457.756962386,4641217.374850627,1.2,2527,12,3,72-13,[]
TX,827.90160739,291243.869294506,4641256.475637172,1.2,1615,9,3,301-13,"[['RX_GW', 828.273373361, 1615, 9, 3, 868.1, -128.232883808, '00:00:00:00:00:02']]"
TX,827.944490877,291191.143919125,4640433.90357179,1.2,2012,8,4,349-24,[]
TX,827.975923392,289979.408749776,4634431.15651853,1.2,585,12,3,158-14,[]
TX,828.081764402,289704.886685763,4641852.167257438,1.2,696,7,3,173-22,[]
TX,828.083047679,291152.09713505,4641366.854179371,1.2,2138,8,3,368-21,[]
TX,828.114224871,289860.552775451,4639378.720733595,1.2,2297,10,3,48-24,[]
TX,828.148429008,290367.117954404,4641831.747912603,1.2,172,7,4,112-18,[]
TX,828.173723761,291449.530588498,4641306.929486034,1.2,1462,9,3,275-15,[]
TX,828.265151838,293792.360539228,4643619.515074089,1.2,1894,12,3,335-4,[]
TX,828.316754555,289414.408684266,4642058.070459542,1.2,2148,8,4,369-6,"[['RX_GW', 828.524168284, 2148, 8, 4, 868.1, -125.558255036, '00:00:00:00:00:02']]"
TX,828.359005937,289942.861616315,4634398.484444504,1.2,1820,12,3,324-26,[]
TX,828.551450566,293775.39421377,4646501.137958188,1.2,2772,12,3,97-5,[]
TX,828.574470262,291984.758879348,4643702.183775532,1.2,2088,12,3,362-18,[]
TX,828.654850619,291985.825183144,4643707.64476013,1.2,224,12,3,121-1,[]
TX,828.65935195,291912.348285459,4642582.091130206,1.2,915,12,3,202-25,[]
TX,828.856930248,291417.321258966,4642042.932822231,1.2,482,12,4,148-22,[]
TX,829.264158267,291869.731811576,4642570.200545218,1.2,670,12,3,169-24,[]
TX,829.68073503,291040.004056734,4639141.400811876,1.2,2219,12,3,43-20,[]
TX,829.705986789,291108.216399894,4641070.671521812,1.2,1966,9,3,341-20,[]
TX,830.082438346,291210.270943161,4641289.042131142,1.2,389,9,3,139-12,[]
TX,830.126518257,292346.763962328,4642349.934263598,1.2,516,12,3,151-11,[]
TX,830.148552359,292506.061884362,4642901.762771175,1.2,437,12,3,141-14,[]
TX,830.198165788,294316.837428337,4641472.306431569,1.2,1257,9,3,249-20,[]
TX,830.250787776,292904.661537184,4640431.067395919,1.2,1670,12,3,308-11,[]
TX,830.44672324,292430.551523736,4641571.913645049,1.2,241,12,3,124-12,[]
TX,830.457777568,292537.267792247,4641699.545761453,1.2,251,12,3,124-3,[]
TX,830.49967118,290578.019330783,4642344.332590427,1.2,886,9,3,199-23,[]
TX,830.512177218,290008.387827025,4643467.612652104,1.2,1772,12,3,318-17,[]
TX,830.591132417,290745.80778712,4642882.908556606,1.2,2161,12,3,372-22,[]
TX,830.619262227,292182.407316688,4642175.356027951,1.2,2312,12,3,50-14,[]
TX,830.725337754,291942.697480451,4642584.176125888,1.2,115,12,3,109-13,[]
TX,830.820318957,288742.132962562,4643565.662607145,1.2,7,12,4,100-19,[]
TX,831.051737758,291922.293149883,4642576.789869716,1.2,141,12,3,11-2,[]
TX,831.0946529,291028.389072056,4640574.065113697,1.2,683,7,3,171-28,[]
TX,831.274895477,289945.200249287,4634405.960862624,1.2,1230,12,3,245-24,[]
TX,831.386728773,290410.041725504,4641833.11158752,1.2,2699,7,3,91-21,"[['RX_GW', 831.501725702, 2699, 7, 3, 868.1, -123.589396908, '00:00:00:00:00:02']]"
TX,831.646371522,289972.632800815,4637697.242709732,1.2,336,12,3,131-14,[]
TX,831.757577095,291905.438616519,4641094.230736387,1.2,2755,12,4,97-12,[]
TX,831.836639146,288237.704784196,4634056.202140435,1.2,954,12,4,209-13,[]
TX,831.8788128,277962.616970228,4632434.210418351,1.2,2253,12,3,45-6,[]
TX,831.96373076,292181.59609902,4641361.496497427,1.2,116,12,3,109-14,[]
TX,832.101230238,289146.726103352,4638600.751006186,1.2,1398,12,3,268-3,[]
TX,832.39606941,287499.812828641,4640813.549553875,1.2,2180,12,3,40-12,[]
TX,832.438839188,290696.70032851,4644617.468921399,1.2,2536,12,3,72-24,[]
TX,832.442239914,292327.271297804,4642050.714736356,1.2,849,12,3,194-26,[]
TX,832.602894706,291395.27530309,4641386.249545582,1.2,1390,9,3,267-27,[]
TX,832.672673019,292314.680012612,4641462.01211759,1.2,1630,12,4,304-17,[]
TX,832.69514124,294386.814816537,4643074.25222414,1.2,1764,12,3,317-21,[]
TX,832.695492645,299797.429057952,4645120.907855457,1.2,2215,12,3,43-17,[]
TX,832.765863328,292559.054368738,4639041.374744935,1.2,1265,12,3,250-20,[]
TX,832.797846721,295734.479173742,4646032.416860321,1.2,2604,12,3,8-7,[]
TX,832.883698514,290121.417289149,4644935.603998743,1.2,281,12,3,127-4,[]
TX,833.035904722,291635.511428351,4642109.827421878,1.2,1254,12,3,248-7,[]
TX,833.249535122,292291.676752625,4642701.316405727,1.2,2287,12,3,47-30,[]
TX,833.474550805,293370.703035114,4648954.809082022,1.2,1228,12,4,245-13,[]
TX,833.569166032,273675.921940338,4630621.819600763,1.2,1564,12,3,290-5,[]
TX,833.699402468,288224.253152712,4632732.042204555,1.2,2669,12,3,85-11,[]
TX,833.936033609,291690.415325464,4642749.761432049,1.2,211,12,3,119-26,[]
TX,833.940709758,292415.824274908,4641851.303135783,1.2,2664,12,3,84-4,[]
TX,834.023726715,290695.67522472,4641303.592563815,1.2,2436,7,3,61-7,[]
TX,834.214827233,277939.198829317,4632421.687939469,1.2,1939,12,4,339-5,[]
TX,834.229977945,289932.326092617,4634389.428614552,1.2,1567,12,3,291-3,[]
TX,834.261537363,291856.015931939,4641951.556975691,1.2,2250,12,3,45-30,[]
TX,834.437303419,272826.807532377,4629739.143178989,1.2,1679,12,3,308-27,[]
TX,834.631692387,299741.464217041,4630058.662056958,1.2,1797,12,3,321-3,[]
TX,835.29493971,295152.789662075,4642724.135100842,1.2,2172,7,3,39-23,"[['RX_GW', 835.409937058, 2172, 7, 3, 868.1, -122.529512081, '00:00:00:00:00:04']]"
TX,835.518967376,292125.029444668,4643228.413238977,1.2,22,12,3,101-1,[]
TX,835.593554247,294714.006510229,4642497.497021112,1.2,262,8,3,125-25,"[['RX_GW', 835.800967973, 262, 8, 3, 868.1, -125.403788712, '00:00:00:00:00:04']]"
TX,835.936419891,282738.134799541,4632834.579822432,1.2,2134,12,3,368-17,[]
TX,836.205722451,291850.203544033,4642549.583061247,1.2,1136,12,3,237-26,[]
TX,836.572676999,290865.202711997,4642269.760187986,1.2,1338,12,4,260-20,[]
TX,836.64602108,289018.330938617,4643553.912910667,1.2,2194,12,3,41-25,[]
TX,836.665002158,291733.725242101,4642153.416084891,1.2,2261,12,3,46-2,[]
TX,836.727241153,293039.545791105,4642611.842460901,1.2,957,12,3,209-25,[]
TX,836.766283029,294406.696161794,4642822.67215259,1.2,28,12,3,101-16,[]
TX,836.992280711,290058.970353563,4642388.293900112,1.2,1397,9,3,268-29,[]
TX,837.019277802,291785.844004045,4639803.204630394,1.2,1306,12,3,256-10,[]
TX,837.175917464,291824.072693678,4642550.980984652,1.2,800,12,3,186-9,[]
TX,837.181181051,273673.352184092,4630624.585868347,1.2,1566,12,3,290-7,[]
TX,837.208626893,291234.112398174,4643222.409348922,1.2,841,12,3,194-10,[]
TX,837.33660696,287973.311167841,4641810.67035535,1.2,1134,12,4,237-24,[]
TX,837.573476549,291751.79002331,4640312.248708121,1.2,1164,12,3,239-28,[]
TX,837.783575326,291451.538172792,4642030.574037509,1.2,1521,10,3,287-21,[]
TX,837.881832714,292781.186113022,4642163.013342413,1.2,1837,12,4,330-11,[]
TX,837.994097094,286940.861588951,4641575.686116756,1.2,1431,12,3,270-26,[]
TX,838.002647924,289322.431003288,4639763.268251731,1.2,153,9,3,110-14,[]
TX,838.068627701,289686.806819237,4642412.438121988,1.2,1642,10,3,305-14,[]
TX,838.210993833,289191.194234277,4642152.347066122,1.2,2704,9,3,91-5,[]
TX,838.233177499,290360.470227573,4642025.239299754,1.2,650,9,3,163-4,[]
TX,838.81930977,292312.030790292,4642054.622809829,1.2,1168,12,3,239-6,[]
TX,838.82421479,284283.142862895,4632992.418211341,1.2,2733,12,3,95-19,[]
TX,838.859752986,291282.327126274,4642395.814935403,1.2,2739,12,3,95-30,[]
TX,838.931907069,291801.420889065,4640767.260223305,1.2,1056,10,3,226-21,[]
TX,839.032931747,290403.650271314,4642856.106714654,1.2,1173,12,3,24-10,[]
TX,839.166457871,291056.388167685,4644016.768931018,1.2,142,12,3,11-21,[]
TX,839.229290227,290620.296214501,4641503.388001598,1.2,2157,7,3,371-25,[]
TX,839.538491936,291705.934282926,4642121.652293023,1.2,1186,12,4,24-25,[]
TX,839.678618748,292328.09367277,4642045.470696185,1.2,1854,12,3,330-9,[]
TX,839.680225142,290965.014610475,4640762.131184285,1.2,2048,8,4,357-18,[]
TX,839.738578424,291621.393505706,4644623.404170687,1.2,2340,12,4,51-19,[]
TX,839.849814973,287582.368389414,4644035.939160878,1.2,785,12,3,185-5,[]
TX,840.125657354,290070.299802396,4642404.175784623,1.2,1576,9,3,293-21,[]
TX,840.174942741,293708.273676271,4643543.056790382,1.2,2353,12,3,51-7,[]
TX,840.231148498,292595.035119131,4641477.252389232,1.2,2030,12,3,353-18,[]
TX,840.349172009,294652.548405592,4643351.466601653,1.2,2713,10,3,93-19,"[['RX_GW', 841.008684039, 2713, 10, 3, 868.1, -131.390225867, '00:00:00:00:00:04']]"
TX,840.41515075,292655.845169812,4641752.70865815,1.2,1036,12,4,223-13,[]
TX,840.41886749,286623.422378032,4645450.445931328,1.2,1513,12,4,287-11,[]
TX,840.458111691,291672.836618554,4642119.497236473,1.2,1943,12,4,339-9,[]
TX,840.762519202,291745.806817419,4639645.477586255,1.2,2375,12,4,55-5,[]
TX,840.804293864,273689.458617376,4630618.172259695,1.2,1589,12,3,297-17,[]
TX,840.896113748,291955.258569185,4642592.067083438,1.2,884,12,4,199-11,[]
TX,841.004039479,291247.411103954,4642277.708657176,1.2,926,12,3,203-27,[]
TX,841.187065295,292312.225037479,4642289.481305695,1.2,2125,12,4,367-3,[]
TX,841.534547334,290083.611732814,4642387.60439467,1.2,1418,9,4,269-7,"[['RX_GW', 841.906313794, 1418, 9, 4, 868.1, -129.407334852, '00:00:00:00:00:02']]"
TX,841.653133039,286135.010941565,4638229.493521262,1.2,203,12,4,115-28,[]
TX,841.79637064,290748.530220874,4642883.301929033,1.2,2345,12,3,51-25,[]
TX,841.868284934,290869.647544108,4642268.503795666,1.2,56,12,3,102-7,[]
TX,841.879802781,292817.556612215,4641605.175621287,1.2,2141,12,3,369-17,[]
TX,841.917116496,289181.84622362,4642524.538583289,1.2,1553,11,3,29-28,[]
TX,841.978520363,289957.869250592,4642376.05395813,1.2,1606,9,3,3-14,[]
TX,842.077530738,291251.949467467,4640375.104507021,1.2,1511,8,4,284-27,[]
TX,842.115099864,291672.261472087,4644352.154755593,1.2,2746,12,4,96-20,[]
TX,842.164912826,292135.17872678,4642572.362147403,1.2,2574,12,3,76-13,[]
TX,842.183794587,292355.282949724,4641998.061672545,1.2,1409,12,3,269-2,[]
TX,842.295072588,290690.148954344,4641316.270282376,1.2,2031,7,4,353-19,[]
TX,842.319001202,291973.08817523,4641711.685898533,1.2,2268,12,3,47-10,[]
TX,842.406603778,292948.752379845,4643550.52719211,1.2,2259,12,3,46-18,[]
TX,842.468925925,291870.068750946,4642570.378579464,1.2,1190,12,3,24-29,[]
TX,842.548692313,291696.221968337,4642121.225516381,1.2,2693,12,3,91-15,[]
TX,842.626289048,291064.978181791,4644021.971981008,1.2,1537,12,3,288-18,[]
TX,842.656818858,291344.044229762,4642017.600542316,1.2,2761,11,3,97-20,[]
TX,842.701436125,293196.446639868,4641994.615501617,1.2,107,12,4,107-25,[]
TX,842.781150439,291984.436973856,4643722.760563443,1.2,914,12,3,202-24,[]
TX,842.823569621,290834.365620154,4642259.588710172,1.2,890,12,3,200-12,[]
TX,842.941154544,290722.890506868,4641174.986817106,1.2,2349,7,4,51-3,[]
TX,842.952403237,289989.544451446,4647053.05853309,1.2,1760,12,3,317-17,[]
TX,843.01439168,290223.082248476,4644663.723253405,1.2,2741,12,3,95-6,[]
TX,843.028774546,291231.492582862,4638757.284432744,1.2,682,12,4,171-27,[]
TX,843.038706325,295156.6826949,4642740.696503392,1.2,2321,7,3,50-27,"[['RX_GW', 843.153703716, 2321, 7, 3, 868.1, -122.734191754, '00:00:00:00:00:04']]"
TX,843.041451905,290131.020058727,4635352.750852796,1.2,1582,12,3,294-11,[]
TX,843.189004471,292691.007251451,4641814.954048163,1.2,1959,12,3,340-6,[]
TX,843.190211697,290859.755169237,4638496.717387214,1.2,373,12,4,138-22,[]
TX,843.277693231,289007.299152441,4634922.421329004,1.2,372,12,3,138-21,[]
TX,843.302191381,289666.048171037,4643509.844089474,1.2,1698,12,3,31-12,[]
TX,843.452158114,290393.193316702,4645902.452627295,1.2,1085,12,4,231-12,[]
TX,843.46097572,293728.802771786,4636082.041627928,1.2,1169,12,3,239-7,[]
TX,843.470599911,290865.86876276,4642265.279368955,1.2,375,12,3,138-24,[]
TX,843.58196742,292432.365274194,4641761.60292017,1.2,655,12,3,166-8,[]
TX,843.720596251,291951.733228024,4642593.899416687,1.2,1741,12,3,311-6,[]
TX,843.748784031,289469.318957776,4633152.658684542,1.2,1931,12,3,339-23,[]
TX,843.801521287,292903.561215341,4641899.934861016,1.2,1178,12,4,24-15,[]
TX,843.845476481,290339.831175453,4636190.929677552,1.2,1305,12,3,256-1,[]
TX,843.977609664,290072.939019874,4641521.483367705,1.2,738,7,3,181-14,[]
TX,844.023917398,291388.140177425,4642045.707881285,1.2,1192,12,3,24-30,[]
TX,844.210432578,284884.675505965,4641577.736220032,1.2,1940,12,3,339-6,[]
TX,844.399222825,291995.606546849,4643707.226428804,1.2,2571,12,3,75-9,[]
TX,844.428131681,292230.53203689,4638860.046976188,1.2,2671,12,3,85-13,[]
TX,844.429462674,291688.423802277,4642153.967319041,1.2,1367,12,3,264-21,[]
TX,844.438782459,291386.586160282,4641407.701974087,1.2,95,10,3,106-25,[]
TX,844.634610923,288833.35445927,4636039.871250092,1.2,2390,12,3,56-27,[]
TX,844.834245744,291773.83989145,4640434.20327125,1.2,1181,11,3,24-19,[]
TX,844.838557697,292723.135976337,4642063.210221648,1.2,1464,12,4,275-17,[]
TX,844.89061124,292698.390058194,4641847.584538695,1.2,2542,12,4,72-3,[]
TX,844.902206922,291518.935428331,4641339.325352963,1.2,525,10,3,151-25,[]
TX,845.026955729,290676.340941218,4641295.597329117,1.2,1712,7,4,31-28,[]
TX,845.301741563,303175.233403505,4636762.598576785,1.2,411,12,3,140-11,[]
TX,845.347419386,292340.778220828,4641559.889086585,1.2,2538,12,3,72-26,[]
TX,845.556244626,292317.363042961,4637466.96584882,1.2,1951,12,3,340-22,[]
TX,845.560508146,290400.582734443,4640851.071529782,1.2,1810,7,3,322-5,[]
TX,845.561660763,293876.966992883,4640240.583909517,1.2,450,12,3,145-11,[]
TX,845.568800718,290500.761215882,4642106.223800469,1.2,1498,9,3,282-20,[]
TX,845.668503874,291850.557698463,4642550.371578304,1.2,832,12,3,190-20,[]
TX,845.67988335,289709.395658497,4642801.715303857,1.2,1811,12,3,322-6,[]
TX,845.831970381,295933.807666029,4642562.825080295,1.2,237,7,4,122-17,"[['RX_GW', 845.946966825, 237, 7, 4, 868.1, -123.963777993, '00:00:00:00:00:04']]"
TX,845.842624516,291708.860388993,4642169.960332142,1.2,1440,12,4,273-18,[]
TX,845.869972133,290143.943777533,4635341.803685495,1.2,270,12,3,126-26,[]
TX,845.947640891,274717.836222791,4630972.511844999,1.2,1898,12,3,336-17,[]
TX,845.969994852,295134.506451413,4642701.885460326,1.2,223,8,3,12-7,"[['RX_GW', 846.177408175, 223, 8, 3, 868.1, -125.772437985, '00:00:00:00:00:04']]"
TX,846.026193602,282977.145615671,4640408.126686323,1.2,1307,12,3,256-11,[]
TX,846.03714809,292477.923710402,4642906.635210394,1.2,1293,12,3,254-21,[]
TX,846.16384676,291101.621327129,4642470.205747027,1.2,136,12,4,109-7,[]
TX,846.282546347,297443.208688438,4647011.109897432,1.2,2166,12,4,372-28,[]
TX,846.335962341,296704.657660017,4642730.43542613,1.2,2617,10,3,81-25,"[['RX_GW', 846.995472632, 2617, 10, 3, 868.1, -130.672727347, '00:00:00:00:00:04']]"
TX,846.395763404,291667.806963541,4642108.137880342,1.2,2558,12,3,75-18,[]
TX,846.437544581,291050.206000349,4644012.274270712,1.2,2239,12,3,44-27,[]
TX,846.510522988,286454.950621697,4642770.25348549,1.2,465,12,3,147-14,[]
TX,846.613021716,289614.331565891,4643517.713856574,1.2,1996,12,3,348-18,[]
TX,846.630956221,291577.303829442,4642157.528020924,1.2,1659,12,3,305-7,[]
TX,846.776942413,290562.578746863,4630475.609644778,1.2,2296,12,3,48-14,[]
TX,847.145832177,290635.621342307,4639779.02342203,1.2,2645,9,4,84-12,[]
TX,847.157854884,290636.231844372,4646622.184806989,1.2,102,12,3,107-13,[]
TX,847.241584264,289219.000600508,4642074.736600463,1.2,2155,9,3,371-23,[]
TX,847.244660171,291856.894265145,4642557.82411953,1.2,2631,12,4,82-5,[]
TX,847.322848406,291832.220301815,4642550.874276361,1.2,2149,12,4,369-7,[]
TX,847.504835584,291636.181338486,4644618.982586711,1.2,1768,12,3,317-6,[]
TX,847.592903376,285364.041469563,4633224.633995496,1.2,900,12,4,201-14,[]
TX,847.662212124,291757.254187477,4639540.552044402,1.2,969,12,3,21-28,[]
TX,847.662558068,291401.195472208,4641328.276077685,1.2,2579,9,3,76-25,[]
TX,847.710491126,290166.389495601,4643698.552683697,1.2,2710,12,3,93-16,[]
TX,847.820449709,295127.856315706,4642701.486957763,1.2,899,8,3,201-13,"[['RX_GW', 848.027863042, 899, 8, 3, 868.1, -125.820825467, '00:00:00:00:00:04']]"
TX,847.843376864,290098.426940206,4642397.294191195,1.2,50,9,3,102-20,[]
TX,847.870948538,295177.12027043,4646430.176582567,1.2,2343,12,3,51-21,[]
TX,847.908171099,292840.073963072,4642194.918376776,1.2,2758,12,3,97-17,[]
TX,848.13780582,290326.884092349,4643558.629507961,1.2,2074,12,3,358-8,[]
TX,848.230312459,288977.059745259,4642602.549063041,1.2,1025,12,4,221-27,[]
TX,848.364822492,282722.62005065,4640451.608533383,1.2,1577,12,3,293-29,[]
TX,848.425237812,289835.195106139,4639644.664980733,1.2,2702,9,3,91-30,[]
TX,848.431890274,290878.970143954,4644910.465799202,1.2,1878,12,3,334-18,[]
TX,848.534921963,291835.125879338,4642507.445031387,1.2,2515,12,3,71-28,[]
TX,848.607003322,291718.565112204,4642048.042170136,1.2,1664,11,3,306-20,[]
TX,848.611515099,292219.686861428,4638912.247720883,1.2,1429,12,3,270-24,[]
TX,848.622226379,290942.039576692,4644485.362464821,1.2,1445,12,4,273-5,[]
TX,848.63929432,291068.682047916,4644033.788184355,1.2,235,12,4,121-6,[]
TX,848.764134515,291831.170578965,4642546.082468759,1.2,451,12,4,145-12,[]
TX,848.839106172,291699.322015101,4643908.747244017,1.2,230,12,3,121-29,[]
TX,848.840177218,293320.532434046,4644284.713715938,1.2,1554,12,3,29-9,[]
TX,848.912728474,289323.888247025,4634313.550178469,1.2,53,12,3,102-4,[]
TX,849.097709856,291983.412283935,4643701.435308755,1.2,117,12,3,109-15,[]
TX,849.210489693,292491.003971225,4641910.077769217,1.2,2183,12,3,40-24,[]
TX,849.241114045,289758.373873939,4637897.787540359,1.2,2643,12,3,84-10,[]
TX,849.284205056,291414.062465659,4643119.787037432,1.2,183,12,3,112-7,[]
TX,849.298706439,292081.577884044,4643144.751136124,1.2,830,12,4,190-18,[]
TX,849.529788595,293802.75651755,4639679.220728941,1.2,1335,12,4,259-6,[]
TX,849.575231758,291390.114313238,4652286.870628049,1.2,2084,12,3,361-5,[]
TX,849.632638251,291188.567691046,4644134.788153897,1.2,1504,12,3,282-7,[]
TX,850.262903339,292367.191779413,4642163.160694804,1.2,1954,12,3,340-26,[]
TX,850.322585589,290678.933907458,4641307.726097678,1.2,1461,7,3,275-1,[]
TX,850.356200989,292305.960863484,4642053.353011006,1.2,656,12,3,166-9,[]
TX,850.476428388,289146.512261458,4642827.018781769,1.2,740,11,4,181-18,[]
TX,850.513228342,292889.915595968,4642625.911569986,1.2,507,12,3,150-20,[]
TX,850.539197726,291441.720086422,4642047.937739461,1.2,1523,12,3,287-23,[]
TX,850.639346087,289717.462584714,4647164.324091077,1.2,547,12,3,153-17,[]
TX,850.73732733,292210.304549716,4643469.286092387,1.2,2749,12,3,96-4,[]
TX,850.940009819,290376.503576495,4641817.104321419,1.2,639,7,3,163-18,[]
TX,850.960101921,295535.49202655,4642516.14909431,1.2,667,7,3,167-6,[]
TX,850.971978349,289942.455473844,4634397.091946882,1.2,1711,12,3,31-27,[]
TX,850.972539696,288494.488263238,4642830.92138246,1.2,393,12,3,139-24,[]
TX,850.985067851,286596.332109475,4641701.984892855,1.2,78,12,4,104-6,[]
TX,851.032918196,291255.53752772,4642203.788575222,1.2,2697,11,3,91-19,[]
TX,851.064567669,293760.706826454,4644223.602443296,1.2,1617,12,3,301-22,[]
TX,851.074892051,290378.039251138,4641815.79290281,1.2,2144,7,3,369-20,[]
TX,851.098545705,288466.348479542,4635147.679207715,1.2,2132,12,4,368-15,[]
TX,851.138863915,292612.958113762,4641982.85888908,1.2,2323,12,3,50-29,[]
TX,851.16549925,290355.97460192,4639901.609487453,1.2,2667,7,3,84-7,[]
TX,851.302740197,290861.76447883,4642280.64623626,1.2,1879,10,4,334-19,[]
TX,851.826736587,271809.993062273,4630650.088950046,1.2,1404,12,3,269-15,[]
TX,851.848905836,292662.287534102,4643697.749645364,1.2,1116,12,3,233-13,[]
TX,852.034743085,289606.348221165,4643583.459068778,1.2,810,12,4,187-5,[]
TX,852.041728625,291323.149637108,4640043.375181823,1.2,1917,11,3,338-21,[]
TX,852.073436684,290958.83647253,4641185.458051186,1.2,1757,7,3,315-7,[]
TX,852.10029401,289212.035169183,4642073.189769592,1.2,459,9,3,145-8,[]
TX,852.109351881,299751.186811641,4630062.289394295,1.2,1220,12,3,244-24,[]
TX,852.414718841,292203.39077825,4638749.163705514,1.2,1547,12,3,29-13,[]
TX,852.478237303,289847.818197406,4643031.028508961,1.2,1707,12,3,31-20,[]
TX,852.533972986,291825.118672266,4644504.118620088,1.2,640,12,3,163-19,[]
TX,852.55264787,292208.626505349,4649701.219681639,1.2,1773,12,4,318-18,[]
TX,852.599076623,291392.846374277,4642164.372086489,1.2,335,10,4,131-12,[]
TX,852.629061815,295454.586689846,4639220.818576417,1.2,2055,12,4,357-7,[]
TX,852.633351204,292743.926508051,4641891.655912319,1.2,493,12,3,148-7,[]
TX,852.633755383,291185.363476595,4641320.006947187,1.2,1694,8,3,309-7,[]
TX,852.650652509,289939.079744668,4634421.200829929,1.2,439,12,3,141-23,[]
TX,852.672396182,290646.441506256,4633744.890824912,1.2,971,12,3,211-12,[]
TX,852.763811658,291199.6635308,4641311.944045512,1.2,1011,9,3,22-27,[]
TX,852.795667952,291177.030699264,4641967.472260626,1.2,2374,10,3,55-4,[]
TX,852.80476249,292124.883822561,4642827.857319979,1.2,1906,12,3,336-6,[]
TX,852.980751589,292583.147179408,4643851.47779814,1.2,1127,12,4,234-6,[]
TX,853.181189326,293358.270665418,4642708.989202251,1.2,54,12,3,102-5,[]
TX,853.268588229,291956.947986541,4642588.082595235,1.2,120,12,3,109-18,[]
TX,853.695213249,292836.752092939,4641922.861267608,1.2,1369,12,3,264-4,[]
TX,853.813802647,283557.698915607,4634246.586279918,1.2,12,12,3,100-25,[]
TX,854.016252963,291126.555070394,4642470.034119686,1.2,2324,12,4,50-3,[]
TX,854.115751179,292879.965733261,4642362.554514518,1.2,912,12,4,202-22,[]
TX,854.148853267,290685.503511428,4641302.192664991,1.2,146,7,3,11-5,[]
TX,854.199635862,298201.742014772,4636330.664489395,1.2,307,12,3,129-27,[]
TX,854.331204787,294602.230306731,4643974.879144802,1.2,1735,11,4,311-19,[]
TX,854.385346044,291778.869323331,4639824.657529572,1.2,1782,12,3,320-10,[]
TX,854.548626035,292508.179077234,4642860.412438345,1.2,441,12,3,141-25,[]
TX,854.680722385,291070.460806462,4644027.339808322,1.2,1662,12,3,306-18,[]
TX,854.932148155,292457.977564851,4643494.815947194,1.2,1094,12,4,231-25,[]
TX,854.955049756,290716.884928964,4635799.871785505,1.2,2241,12,3,45-1,[]
TX,854.977170066,294980.548556381,4642683.601957673,1.2,1518,9,3,287-18,[]
TX,855.275180199,291816.739477913,4644172.309502414,1.2,605,12,3,160-1,[]
TX,855.436691247,288977.367093398,4643974.700035256,1.2,2362,12,4,53-6,[]
TX,855.524467078,291189.829210387,4644742.056273685,1.2,1078,12,3,229-3,[]
TX,855.721864327,289286.316897189,4641954.232010072,1.2,1281,8,3,254-10,"[['RX_GW', 855.929277958, 1281, 8, 3, 868.1, -124.991265385, '00:00:00:00:00:02']]"
TX,855.739430701,291584.269085535,4641389.121252861,1.2,1321,10,3,256-27,[]
TX,855.855047958,288761.030704627,4643566.359145653,1.2,429,12,3,140-3,[]
TX,855.887850255,289951.796965413,4634416.637022885,1.2,1783,12,3,320-11,[]
TX,855.97074748,292330.095390602,4642052.270297042,1.2,261,12,3,125-24,[]
TX,855.976063127,289211.437887583,4642072.788746598,1.2,326,9,3,130-3,"[['RX_GW', 856.347829236, 326, 9, 3, 868.1, -127.30371841, '00:00:00:00:00:02']]"
TX,855.999169898,292067.379707189,4640502.695646024,1.2,263,12,3,125-26,[]
TX,856.004970276,292840.899202392,4641300.167952878,1.2,1535,12,3,287-9,[]
TX,856.00959289,292335.717570214,4642038.826186679,1.2,2102,12,3,363-2,[]
TX,856.084021279,294793.664145854,4643798.417148354,1.2,1914,12,3,337-26,[]
TX,856.161201895,292331.651039003,4642041.72327099,1.2,2332,12,3,51-11,[]
TX,856.289064666,291686.396434323,4642112.117839806,1.2,567,12,3,155-29,[]
TX,856.376549985,293806.801236451,4643629.519208252,1.2,2270,12,3,47-12,[]
TX,856.431760506,291097.188517075,4642460.907468387,1.2,831,12,3,190-19,[]
TX,856.450929701,273700.72412314,4630610.83440241,1.2,776,12,3,184-14,[]
TX,856.546921896,290555.756360223,4636598.105354405,1.2,713,12,3,175-30,[]
TX,856.735618212,291066.154202048,4642051.645488744,1.2,492,10,3,148-6,[]
TX,856.770610502,288055.85040808,4646206.819651123,1.2,801,12,3,187-17,[]
TX,857.275455964,286675.528856986,4641702.521287486,1.2,2240,12,3,44-28,[]
TX,857.399943258,289887.540446883,4641941.302436523,1.2,625,7,4,162-28,[]
TX,857.405812759,292422.433198289,4641880.692338846,1.2,423,12,3,140-24,[]
TX,857.648744819,289217.383570178,4642517.487306825,1.2,692,11,3,172-4,[]
TX,857.6899308,284548.60519154,4633007.080310619,1.2,2257,12,3,46-16,[]
TX,857.727596431,290681.650139844,4642771.49931808,1.2,1037,12,4,223-14,[]
TX,857.944125141,289725.365955283,4633425.995924858,1.2,2424,12,3,60-4,[]
TX,858.22393423,287686.775830838,4640711.286660079,1.2,2065,12,4,358-23,[]
TX,858.264800446,293771.632174541,4643339.77640929,1.2,2209,12,3,42-28,[]
TX,858.277076471,291023.852268588,4641945.657118561,1.2,457,9,4,145-27,[]
TX,858.344019619,294222.961844514,4643958.883439616,1.2,2582,12,3,76-28,[]
TX,858.372755836,291028.220347754,4640439.354858982,1.2,536,9,4,152-11,[]
TX,858.405103761,291495.184192388,4643822.864880095,1.2,2307,12,3,49-9,[]
TX,858.884744305,291759.709351521,4641534.01100838,1.2,1143,12,3,238-24,[]
TX,858.937763273,289009.230169177,4643792.500554322,1.2,43,12,3,101-6,[]
TX,859.190209115,292402.12836605,4637331.44552225,1.2,2449,12,3,66-4,[]
TX,859.294046763,273549.530662862,4631097.270179836,1.2,924,12,3,203-25,[]
TX,859.413755769,292790.177199819,4641123.868625457,1.2,2438,12,3,62-12,[]
TX,859.49361492,292663.941309672,4641779.064378831,1.2,1580,12,3,293-4,[]
TX,859.610161042,291921.575473294,4642571.793199688,1.2,2469,12,3,68-21,[]
TX,859.716448989,296617.149262744,4643187.91680616,1.2,1070,10,3,226-9,[]
TX,859.891585318,289721.480346267,4642409.511074132,1.2,2019,10,4,349-9,[]
TX,860.085718489,291662.91850836,4636632.643417793,1.2,1302,12,3,254-5,[]
TX,860.129690053,279775.15853161,4628685.317670955,1.2,992,12,3,215-12,[]
TX,860.497762392,292394.372439527,4637334.601225719,1.2,257,12,3,125-11,[]
TX,860.498011616,291502.129657167,4642535.257845396,1.2,514,12,4,150-6,[]
TX,860.617067256,290236.456528795,4642358.254110791,1.2,573,9,4,157-18,[]
TX,860.691966683,282750.27265779,4632847.173700879,1.2,1262,12,4,250-17,[]
TX,860.699053409,292628.385824479,4641992.916074319,1.2,1350,12,3,261-25,[]
TX,860.855551688,293965.153640442,4644322.07969863,1.2,1766,12,3,317-4,[]
TX,860.893584274,295128.381848157,4642714.406142172,1.2,318,8,3,130-21,[]
TX,861.078161485,290960.461225369,4641189.709269454,1.2,1337,7,3,260-19,[]
TX,861.261459858,291100.951267272,4641217.172536442,1.2,865,10,3,197-19,[]
TX,861.43670624,288586.46092866,4643548.994639666,1.2,931,12,3,204-13,[]
TX,861.457033219,274238.08108199,4630961.34400292,1.2,1746,12,3,313-25,[]
TX,861.613947606,289032.405454535,4641842.680760087,1.2,2130,9,3,367-8,[]
TX,861.631936479,290083.756589044,4645117.631971362,1.2,1883,12,3,334-4,[]
TX,861.660783253,285530.516587022,4641136.819521833,1.2,1786,12,4,320-24,[]
TX,861.68639334,272066.672513623,4630347.425555232,1.2,220,12,3,12-30,[]
TX,861.745289104,288739.822370833,4642562.599448325,1.2,1455,11,4,274-26,[]
TX,861.830480221,291990.79189557,4643711.927078653,1.2,2554,12,3,75-11,[]
TX,861.874031232,292410.143352759,4637349.106330333,1.2,634,12,3,163-13,[]
TX,861.968378243,293298.879157434,4648002.72002091,1.2,1490,12,3,28-26,[]
TX,862.047137096,273706.487134845,4630649.469956781,1.2,1218,12,3,244-22,[]
TX,862.152841597,292829.539044694,4641924.564069167,1.2,1368,12,3,264-3,[]
TX,862.222036497,290334.025964688,4641868.854713694,1.2,419,7,3,140-19,"[['RX_GW', 862.337033432, 419, 7, 3, 868.1, -119.288529096, '00:00:00:00:00:02']]"
TX,862.280006558,293207.632805693,4642037.728234214,1.2,1107,11,3,232-20,[]
TX,862.449593467,296713.641235527,4635324.695023401,1.2,118,12,4,109-16,[]
TX,862.519166499,273696.145012092,4630623.591851693,1.2,1676,12,3,308-24,[]
TX,862.980026169,292382.311793299,4639693.885558396,1.2,2212,12,3,43-11,[]
TX,863.004165266,290101.004176241,4645130.155470657,1.2,19,12,3,100-6,[]
TX,863.071815658,290347.700412466,4641808.392172944,1.2,2042,7,3,356-25,[]
TX,863.28632261,292684.145299302,4641821.051554607,1.2,1246,12,3,248-18,[]
TX,863.313371247,291897.086516468,4641976.815106701,1.2,2762,11,3,97-21,[]
TX,863.327674807,293906.950650159,4643695.530242334,1.2,2317,12,3,50-21,[]
TX,863.371716144,290508.078113044,4642161.819782034,1.2,1176,9,3,24-13,[]
TX,863.383273068,292491.953341757,4641653.436306146,1.2,859,12,3,195-5,[]
TX,863.463132001,290098.643705978,4642395.649169479,1.2,1175,9,3,24-12,[]
TX,863.627204687,287135.348783373,4634224.114865399,1.2,1345,12,3,261-11,[]
TX,863.662027594,288118.454792046,4641931.324361545,1.2,706,12,4,174-5,[]
TX,863.84762647,289784.926829194,4635422.841348591,1.2,2221,12,4,43-24,[]
TX,863.8729683,292685.615959729,4642008.744711628,1.2,1082,12,4,229-7,[]
TX,864.044332885,292285.406675364,4636331.36417838,1.2,17,12,3,100-4,[]
TX,864.078829489,287992.656926562,4643149.259564088,1.2,707,12,4,174-6,[]
TX,864.400001356,292175.986630293,4643554.248868928,1.2,2549,12,3,73-30,[]
TX,864.768101413,289792.491658095,4635454.776309156,1.2,2634,12,3,82-8,[]
TX,864.915267618,291029.606803263,4639121.515662988,1.2,1734,12,4,311-18,[]
TX,864.92116776,290019.763507251,4641537.535995333,1.2,524,7,3,151-24,[]
TX,865.289884486,289704.997329884,4639291.622311711,1.2,2043,10,4,356-27,[]
TX,865.328537975,295640.8078902,4645565.389432365,1.2,1015,12,3,220-25,[]
TX,865.518961274,273660.809193292,4630678.6393509,1.2,2204,12,4,42-14,[]
TX,865.525528886,295628.536889246,4645564.967680244,1.2,2273,12,3,47-15,[]
TX,865.613380235,288813.132945623,4634198.059319361,1.2,769,12,4,182-6,[]
TX,865.741366734,290372.590368561,4641826.89687704,1.2,2245,7,4,45-2,"[['RX_GW', 865.856363591, 2245, 7, 4, 868.1, -123.191759459, '00:00:00:00:00:02']]"
TX,865.776890138,290422.351515302,4642323.599501359,1.2,91,10,3,106-14,[]
TX,865.879605399,292392.550480363,4641788.896209768,1.2,483,12,3,148-23,[]
TX,865.899829007,273598.078150789,4630247.300017879,1.2,1295,12,3,254-25,[]
TX,866.062251442,292520.45450703,4642925.076691031,1.2,31,12,3,101-19,[]
TX,866.174434286,291895.812244424,4641648.401048889,1.2,2578,12,3,76-24,[]
TX,866.178155446,292088.822559397,4640580.090856258,1.2,1841,12,3,330-18,[]
TX,866.276402423,292444.131639591,4641514.844682746,1.2,597,12,3,159-17,[]
TX,866.304474234,294209.32294912,4647271.089745222,1.2,2336,12,3,51-15,[]
TX,866.30724086,289995.799991414,4643458.299752475,1.2,1775,12,3,318-20,[]
TX,866.375900371,299743.576540328,4630057.577568722,1.2,1512,12,3,284-28,[]
TX,866.759687994,289798.507950743,4643229.885005564,1.2,1856,12,3,332-12,[]
TX,867.025908944,289353.306463578,4642351.34021699,1.2,382,10,3,138-5,[]
TX,867.100040366,291977.127488713,4643979.764373038,1.2,719,12,3,176-28,[]
TX,867.146023458,292312.577224043,4642048.154806584,1.2,1844,12,4,330-21,[]
TX,867.165708149,273695.286243501,4630606.746656125,1.2,852,12,4,194-8,[]
TX,867.182198952,291842.118795136,4642552.919718854,1.2,1645,12,3,305-17,[]
TX,867.209610347,292223.668220986,4641917.796703896,1.2,624,12,3,162-27,[]
TX,867.255682363,289954.23585431,4634419.690586099,1.2,1850,12,4,330-4,[]
TX,867.321632991,289828.804182974,4641729.809827415,1.2,1401,7,4,268-6,[]
TX,867.390979332,291132.855200669,4642475.190210805,1.2,840,12,3,190-7,[]
TX,867.395664008,302580.383089142,4642871.604674774,1.2,870,12,4,197-5,[]
TX,867.439838831,292287.944060532,4644279.769534616,1.2,2069,12,3,358-27,[]
TX,867.488033396,290352.215067657,4641056.835867024,1.2,1289,7,3,254-18,[]
TX,867.492906434,287915.137934967,4643998.594395345,1.2,1380,12,3,266-27,[]
TX,867.602965494,293484.990927695,4645634.87641576,1.2,752,12,3,181-4,[]
TX,867.681255306,290916.028222368,4638778.553100485,1.2,718,12,4,176-27,[]
TX,867.741359869,292613.302078056,4641484.68905619,1.2,248,12,3,124-24,[]
TX,867.989142115,297930.835495982,4632677.269905217,1.2,1506,12,3,284-22,[]
TX,868.046440084,290917.558814055,4643954.413859997,1.2,184,12,4,113-10,[]
TX,868.083712867,291750.458349215,4642826.919853309,1.2,2744,12,3,96-18,[]
TX,868.129230937,292774.986457319,4642126.104882041,1.2,753,12,3,181-5,[]
TX,868.176643024,275589.95158412,4631583.233765978,1.2,1270,12,3,250-6,[]
TX,868.192144134,292817.722245437,4641981.132184397,1.2,458,12,3,145-28,[]
TX,868.30512731,289762.037840122,4641666.427949232,1.2,1300,7,4,254-3,[]
TX,868.389243476,289001.749228211,4635005.550374789,1.2,2402,12,4,57-25,[]
TX,868.416633458,290678.956052418,4641294.287727739,1.2,1846,7,3,330-26,[]
TX,868.589604432,286687.092797896,4645817.078614894,1.2,1385,12,4,267-13,[]
TX,868.973300077,273711.991918862,4630616.052019391,1.2,1045,12,4,225-25,[]
TX,868.995489859,296751.581153461,4646468.130787514,1.2,1731,12,3,310-6,[]
TX,869.044246834,290373.285614238,4641809.321054959,1.2,1823,7,3,326-15,"[['RX_GW', 869.159243638, 1823, 7, 3, 868.1, -122.900059795, '00:00:00:00:00:02']]"
TX,869.133824016,291721.08025508,4641511.887908743,1.2,620,12,3,162-19,[]
TX,869.407258905,292421.260724241,4643505.028183319,1.2,554,12,3,153-3,[]
TX,869.552824552,291666.01279703,4642112.822927847,1.2,126,12,3,109-25,[]
TX,869.552868183,292236.934159388,4643097.968632849,1.2,2211,12,3,43-10,[]
TX,869.728791981,291524.688291803,4641148.123211253,1.2,1264,11,4,250-19,[]
TX,869.736272076,290860.840241039,4642269.029817401,1.2,856,12,3,195-21,[]
TX,869.7467269,293628.865550029,4636383.418411206,1.2,1117,12,3,233-14,[]
TX,869.796711108,291832.492044538,4642544.114938391,1.2,1255,12,3,249-15,[]
TX,869.808842144,289191.316345194,4642067.182121679,1.2,2753,9,3,97-10,[]
TX,870.317790226,287276.409720985,4634223.281762621,1.2,2443,12,3,66-17,[]
TX,870.330099742,291880.152402566,4642549.36842631,1.2,555,12,3,153-30,[]
TX,870.374411443,290612.273086081,4639273.850595032,1.2,731,10,3,179-29,[]
TX,870.448223486,291937.175189082,4642224.357447701,1.2,1762,12,3,317-19,[]
TX,870.564445757,291842.816775239,4642548.996588837,1.2,560,12,4,155-1,[]
TX,870.580996052,293671.688166604,4640893.918928611,1.2,1508,12,3,284-24,[]
TX,870.703311679,289805.289055951,4639563.965242976,1.2,523,7,3,151-23,[]
TX,871.017743601,291986.308630303,4643716.078845355,1.2,377,12,3,138-26,[]
TX,871.061852589,282118.639942332,4637659.952443403,1.2,1095,12,4,231-26,[]
TX,871.456672275,290421.715542262,4644155.990457405,1.2,112,12,4,109-10,[]
TX,871.623099214,288746.798138358,4637753.810794335,1.2,1269,12,3,250-5,[]
TX,871.677123469,289742.471021595,4642828.19511064,1.2,475,10,3,148-12,[]
TX,871.691235971,291835.590050779,4642544.659551164,1.2,2663,12,3,84-30,[]
TX,871.825049779,290220.595288539,4636607.511986549,1.2,1916,12,3,338-19,[]
TX,871.970171247,291557.992059618,4641383.079900428,1.2,767,10,3,182-4,[]
TX,872.217804432,286707.487964784,4645114.326479511,1.2,919,12,4,203-10,[]
TX,872.235967472,290548.163338851,4641779.10331293,1.2,1081,7,3,229-6,"[['RX_GW', 872.350964479, 1081, 7, 3, 868.1, -122.417990607, '00:00:00:00:00:02']]"
TX,872.331241351,289983.059917718,4637837.74759802,1.2,1832,12,3,326-4,[]
TX,872.357664657,271796.370506753,4630034.08066129,1.2,1170,12,3,239-8,[]
TX,872.365399707,273714.423235405,4630613.897844269,1.2,616,12,3,162-10,[]
TX,872.434825016,289599.773197844,4637958.36089044,1.2,1476,12,3,279-11,[]
TX,872.481287349,292323.356578859,4642052.722268001,1.2,2354,12,3,53-17,[]
TX,872.64381847,288742.674668104,4642542.454704952,1.2,778,11,3,184-27,[]
TX,872.702204832,287702.257494981,4621656.82664814,1.2,959,12,4,209-27,[]
TX,872.872475332,289981.84034812,4637837.349677177,1.2,2641,12,3,83-7,[]
TX,873.312889291,292094.313901019,4640661.949266721,1.2,565,12,3,155-20,[]
TX,873.560499088,273817.793397032,4630344.684272813,1.2,1396,12,4,268-21,[]
TX,873.572203209,289328.73174297,4634320.017026256,1.2,1749,12,3,315-17,[]
TX,873.654826834,290485.830751712,4640633.817594424,1.2,1997,7,4,348-19,[]
TX,873.656286082,292347.993823688,4642142.243268123,1.2,1149,12,4,239-11,[]
TX,873.667867696,289910.111214464,4640884.314221478,1.2,2119,7,3,367-20,[]
TX,873.751108112,292315.30359616,4642053.756040235,1.2,154,12,3,110-22,[]
TX,873.775412037,271615.967297959,4630637.664466584,1.2,2226,12,3,43-3,[]
TX,873.922055865,291248.407763299,4641261.057270211,1.2,539,9,3,152-14,[]
TX,874.032279601,290060.964323838,4635333.463842861,1.2,2007,12,4,349-17,[]
TX,874.136095222,271829.076308734,4630670.124810523,1.2,1905,12,4,336-5,[]
TX,874.217995615,290860.310321286,4642315.382543454,1.2,1541,11,3,288-3,[]
TX,874.280939173,286695.599668297,4641695.532962284,1.2,1700,12,3,31-14,[]
TX,874.500384723,290792.818355531,4642024.718547149,1.2,2552,9,4,73-6,[]
TX,874.636642219,290089.123354925,4640899.972509945,1.2,930,7,4,204-12,[]
TX,874.776038682,292242.094728992,4638824.75819063,1.2,488,12,4,148-28,[]
TX,874.877691802,291680.935409463,4642114.483396953,1.2,2206,12,4,42-25,[]
TX,874.89535646,294131.01997099,4647411.942426511,1.2,1866,12,4,332-27,[]
TX,875.156758883,291168.683937905,4642199.613014676,1.2,1597,12,3,298-3,[]
TX,875.187882972,291879.306898023,4642563.806934745,1.2,540,12,3,152-25,[]
TX,875.196930114,291993.07091842,4643718.157175438,1.2,2556,12,3,75-13,[]
TX,875.375586402,295135.870021093,4642708.288374468,1.2,1003,8,4,22-10,[]
TX,875.430949495,292409.609950298,4637278.685452322,1.2,2373,12,4,55-3,[]
TX,875.507136732,291918.172880012,4642578.789369707,1.2,586,12,3,158-22,[]
TX,875.717296536,292499.302205024,4642837.553058367,1.2,2093,12,3,362-6,[]
TX,875.7522752,290483.485227887,4640635.888866549,1.2,1702,7,3,31-16,[]
TX,875.833737678,291201.13584648,4639566.669072596,1.2,2555,10,3,75-12,[]
TX,875.977131188,290067.467094262,4642385.239099668,1.2,2649,9,3,84-16,[]
TX,875.996620754,295618.081535192,4645550.317843468,1.2,2285,12,4,47-29,[]
TX,876.097112201,291135.883690907,4644731.196775943,1.2,1834,12,3,326-6,[]
TX,876.152970273,290186.551688379,4636771.221595573,1.2,925,12,3,203-26,[]
TX,876.187729949,292300.953312228,4642053.100308738,1.2,8,12,3,100-20,[]
TX,876.292479931,290963.883667632,4640762.228204254,1.2,1502,8,3,282-5,[]
TX,876.322398882,292193.168189769,4641897.560532358,1.2,245,12,3,124-18,[]
TX,876.503901072,292266.411539225,4638875.928139696,1.2,553,12,3,153-29,[]
TX,876.877771346,289214.781223589,4642523.104563547,1.2,1827,11,4,326-19,[]
TX,876.907528193,290988.535962825,4639064.584501039,1.2,1687,12,3,309-21,[]
TX,876.990669681,289812.591344526,4641760.122606337,1.2,1060,7,3,226-25,[]
TX,877.00495822,290766.61955683,4641523.033923456,1.2,2099,8,3,363-15,[]
TX,877.060986367,291681.625257961,4642101.708717464,1.2,631,12,3,163-10,[]
TX,877.404659392,289221.054570295,4642072.538379119,1.2,1213,9,3,244-10,[]
TX,877.413180812,290198.600722724,4644251.048736361,1.2,1020,12,3,221-12,[]
TX,877.445604471,290181.480877893,4642796.990122811,1.2,2458,10,3,67-20,[]
TX,877.581725339,296598.713575336,4645894.771369818,1.2,869,12,3,197-4,[]
TX,877.613690916,292534.132766031,4642918.94314567,1.2,2484,12,3,7-6,[]
TX,877.822922147,288144.361335302,4634686.037380621,1.2,773,12,4,184-10,[]
TX,877.891130538,289942.865436369,4634390.348124517,1.2,1719,12,3,31-7,[]
TX,877.906142329,289572.248417555,4641585.344801604,1.2,1076,7,3,229-20,"[['RX_GW', 878.021138404, 1076, 7, 3, 868.1, -118.458955143, '00:00:00:00:00:02']]"
TX,877.94800314,278635.660627522,4632489.732077847,1.2,2415,12,4,59-18,[]
TX,877.985044689,289520.721262292,4633154.828820842,1.2,1357,12,3,262-11,[]
TX,878.127303449,292030.361978371,4640521.643181873,1.2,494,12,4,148-8,[]
TX,878.473398978,290347.486698258,4644426.904216051,1.2,819,12,3,188-7,[]
TX,878.707908849,291182.336751816,4641306.22720395,1.2,2008,8,4,349-19,[]
TX,878.817871109,290359.246762258,4641448.968363157,1.2,1952,7,3,340-23,[]
TX,878.871172975,291020.187997366,4644019.108070502,1.2,2237,12,4,44-25,[]
TX,878.971582117,291748.371356516,4643995.853681274,1.2,2478,12,4,7-19,[]
TX,879.173499869,289974.989358082,4641580.332840415,1.2,209,7,3,119-24,[]
TX,879.174862965,291022.319737792,4641816.697293693,1.2,2026,10,3,351-6,[]
TX,879.197504626,289667.462416664,4643508.318149599,1.2,1682,12,3,309-17,[]
TX,879.339542914,292701.886541812,4641810.31228589,1.2,1994,12,3,347-9,[]
TX,879.342172689,292389.502208645,4637317.578370976,1.2,637,12,3,163-16,[]
TX,879.603471808,291850.158873282,4641939.110018689,1.2,2136,12,4,368-19,[]
TX,879.666670467,289306.636305447,4634330.268924513,1.2,162,12,3,111-11,[]
TX,879.802211455,289891.724784554,4642959.358191769,1.2,34,11,3,101-21,[]
TX,879.84831972,295639.485794248,4645558.350570514,1.2,2290,12,4,47-6,[]
TX,880.095604514,292261.07385469,4641955.739489912,1.2,456,12,3,145-26,[]
TX,880.141742881,290094.844474928,4642399.031072655,1.2,1842,9,3,330-19,[]
TX,880.402815521,292709.003332344,4641824.990601056,1.2,156,12,3,110-24,[]
TX,880.423111856,292329.742941156,4642050.238216395,1.2,875,12,3,198-12,[]
TX,880.546692824,295369.188824953,4644105.012163211,1.2,109,12,4,107-27,[]
TX,880.554788337,289578.716964274,4642210.108358561,1.2,1948,9,3,340-14,[]
TX,880.577148543,297942.126764184,4640984.277849724,1.2,1197,12,3,241-10,[]
TX,880.600762366,291951.8828866,4642586.653778166,1.2,2143,12,3,369-19,[]
TX,880.614151303,290878.457583285,4642329.356884781,1.2,2367,11,3,54-24,[]
TX,880.620504962,291064.439200333,4643336.616205758,1.2,2725,12,3,93-5,[]
TX,880.667341408,290958.801437835,4641314.549173434,1.2,474,8,3,148-11,[]
TX,880.699277332,291469.033625665,4636710.998974332,1.2,2152,12,4,371-20,[]
TX,880.703015577,298674.021048433,4631325.775295393,1.2,1817,12,3,324-11,[]
TX,880.75876433,292441.906331453,4637242.962663497,1.2,327,12,4,130-4,[]
TX,880.807690661,292691.250505303,4641811.605142252,1.2,2587,12,3,79-19,[]
TX,880.830901758,291097.244048495,4642462.509779585,1.2,891,12,3,200-13,[]
TX,880.870393184,291876.834399987,4642555.217548593,1.2,942,12,3,206-12,[]
TX,880.889369294,291899.700024989,4642569.965296424,1.2,944,12,3,206-14,[]
TX,880.89542706,292816.539020163,4641108.797563904,1.2,504,12,3,150-16,[]
TX,880.948669423,287668.430955076,4644581.144051806,1.2,1499,12,3,282-21,[]
TX,881.088025996,289967.359442991,4642746.722190737,1.2,282,11,4,127-5,[]
TX,881.109472485,286648.611433447,4641143.020112538,1.2,345,12,3,137-12,[]
TX,881.198911054,291869.745948577,4642556.135520197,1.2,885,12,4,199-12,[]
TX,881.499838273,273924.176158607,4630417.527276334,1.2,1017,12,4,220-27,[]
TX,881.520478186,289892.717690826,4643942.09761198,1.2,1033,12,3,223-10,[]
TX,881.573830581,291993.531171622,4643714.14273678,1.2,974,12,3,211-24,[]
TX,881.62089564,293238.295704105,4644217.092025171,1.2,2311,12,3,50-13,[]
TX,881.744567082,290613.327574795,4643881.570568227,1.2,2602,12,4,8-5,[]
TX,881.748532401,290024.01064926,4641174.148852767,1.2,1737,7,3,311-21,[]
TX,881.791283766,291849.465413069,4641056.248602347,1.2,1316,12,3,256-2,[]
TX,881.966180625,292329.413792615,4642047.199060822,1.2,342,12,4,131-9,[]
TX,882.017478484,290957.201668109,4644364.526519956,1.2,61,12,4,103-20,[]
TX,882.020110452,293395.595283063,4642915.714944023,1.2,70,12,3,104-17,[]
TX,882.110143661,290610.024122566,4633582.741024037,1.2,1528,12,4,287-28,[]
TX,882.349750162,302368.712775422,4639318.572321999,1.2,415,12,3,140-15,[]
TX,882.38354926,290859.869122086,4642271.079232651,1.2,164,12,3,111-13,[]
TX,882.588980774,280852.249836588,4632695.509471402,1.2,265,12,3,125-28,[]
TX,882.620915938,292767.295129601,4643149.605165639,1.2,2344,12,3,51-24,[]
TX,882.667559558,292519.977593151,4640550.33589108,1.2,571,12,4,155-6,[]
TX,882.782802261,295167.902948483,4645320.668374472,1.2,2286,12,3,47-3,[]
TX,882.784485534,294900.370823503,4644416.105303404,1.2,1296,12,4,254-26,[]
TX,882.864199424,291679.407160915,4642110.499552131,1.2,2389,12,3,56-26,[]
TX,882.869886721,289337.030067093,4645251.946289688,1.2,1696,12,3,31-10,[]
TX,882.971641678,288182.951101522,4643888.581300781,1.2,277,12,3,127-2,[]
TX,883.122011338,292697.888547912,4641838.114545232,1.2,2076,12,4,359-2,[]
TX,883.203558467,290671.491915787,4641308.492974537,1.2,1875,7,3,334-15,[]
TX,883.229763883,289448.055078887,4638057.5293177,1.2,1239,12,3,246-14,[]
TX,883.351292315,290374.818687003,4641810.215614385,1.2,2600,7,3,8-3,[]
TX,883.386799553,290747.362690799,4642890.688063812,1.2,1653,12,3,305-26,[]
TX,883.528804707,273702.942745767,4630607.069840703,1.2,993,12,3,215-13,[]
TX,883.686791022,290626.764869633,4642447.062453017,1.2,2398,9,3,56-9,"[['RX_GW', 884.058558133, 2398, 9, 3, 868.1, -129.689761343, '00:00:00:00:00:02']]"
TX,883.757065441,286345.413373075,4641694.11169216,1.2,1407,12,4,269-18,[]
TX,883.791581522,293867.169589156,4643667.254536271,1.2,2291,12,4,47-7,[]
TX,883.846990761,293716.010566256,4645357.687648173,1.2,545,12,3,152-9,[]
TX,883.859094015,290991.517494939,4639053.81492337,1.2,2534,12,4,72-20,[]
TX,883.894058703,291039.769576877,4644008.181720788,1.2,2501,12,3,71-13,[]
TX,884.082363222,292176.08333329,4642666.362325467,1.2,2551,12,3,73-5,[]
TX,884.096891106,291903.379065066,4641674.514434813,1.2,578,12,3,157-4,[]
TX,884.40962311,271953.404654217,4630600.118056819,1.2,1806,12,4,322-20,[]
TX,884.450856228,295316.541978869,4640734.261798905,1.2,90,7,3,106-13,[]
TX,884.503118481,292111.390703827,4640363.689431456,1.2,227,11,3,121-19,[]
TX,884.606911825,290173.295738292,4635339.01591293,1.2,210,12,3,119-25,[]
TX,884.856918408,290697.928915208,4641289.143154302,1.2,2037,7,4,353-30,[]
TX,884.902461017,292544.948820225,4642936.804634502,1.2,149,12,4,110-10,[]
TX,884.957640424,289217.959959811,4642526.583960101,1.2,2075,11,3,359-1,[]
TX,884.968449503,292043.680312333,4641774.529907524,1.2,351,12,4,137-18,[]
TX,885.041294163,289708.417804034,4638981.147034179,1.2,276,12,3,127-19,[]
TX,885.065695331,295126.788331179,4642702.63994438,1.2,340,8,4,131-27,"[['RX_GW', 885.273108669, 340, 8, 4, 868.1, -125.845708042, '00:00:00:00:00:04']]"
TX,885.092100404,292281.586388936,4641979.201477766,1.2,1848,12,3,330-28,[]
TX,885.202018066,293233.367001134,4643098.699043168,1.2,726,12,3,179-18,[]
TX,885.247722091,295067.320655702,4646053.435200595,1.2,2052,12,3,357-4,[]
TX,885.248435274,290415.886219367,4641806.931137509,1.2,1359,7,3,262-28,[]
TX,885.391417174,292465.678194529,4643112.329287893,1.2,1194,12,3,24-5,[]
TX,885.477041549,295618.686246887,4645558.813108071,1.2,2280,12,4,47-21,[]
TX,885.588291982,285638.803389271,4631624.87028112,1.2,1747,12,3,313-27,[]
TX,885.605016364,299739.284350468,4630053.33436851,1.2,301,12,4,129-12,[]
TX,885.616163373,290867.412569638,4642259.893184411,1.2,862,12,3,197-15,[]
TX,885.685825539,291076.944079532,4644037.905860134,1.2,2498,12,4,71-10,[]
TX,885.744535155,289575.230044926,4645588.84036948,1.2,698,12,3,173-26,[]
TX,885.750399473,292636.93568089,4641771.510693175,1.2,1548,12,3,29-14,[]
TX,885.840736126,290051.683420687,4642387.917983458,1.2,558,9,4,153-6,[]
TX,885.853570488,292312.885223503,4642051.77955333,1.2,843,12,4,194-12,[]
TX,885.935035257,292427.678178226,4641841.249964781,1.2,175,12,4,112-20,[]
TX,885.985523885,293519.780863792,4643973.937807452,1.2,319,12,4,130-22,[]
TX,885.999584344,291109.9375769,4642468.134226845,1.2,1637,12,4,305-1,[]
TX,886.013706077,292701.752904687,4641820.42092773,1.2,2591,12,3,79-5,[]
TX,886.178001412,291277.37385197,4641404.947696747,1.2,709,10,4,175-18,[]
TX,886.214088231,288419.40940878,4642884.752912334,1.2,1021,12,3,221-13,[]
TX,886.326028995,284121.25934083,4632967.220794059,1.2,739,12,3,181-17,[]
TX,886.352341092,273698.079109375,4630639.824175829,1.2,2414,12,3,59-17,[]
TX,886.365755868,275171.29940506,4631277.526102004,1.2,998,12,3,215-25,[]
TX,886.408576714,271825.171772865,4630667.99823027,1.2,1973,12,3,344-18,[]
TX,886.624360548,294666.480394422,4645238.026831034,1.2,1793,12,3,321-18,[]
TX,886.725177984,290407.585844299,4635143.600031408,1.2,1901,12,3,336-21,[]
TX,886.940164423,289449.054187862,4635453.424020017,1.2,1936,12,3,339-28,[]
TX,886.952752086,286703.9353265,4645132.858318479,1.2,1388,12,4,267-25,[]
TX,886.970523599,292324.806716752,4637643.680584539,1.2,409,12,3,140-1,[]
TX,887.039998343,291485.635482328,4643824.097369159,1.2,2698,12,4,91-20,[]
TX,887.154552115,290343.89004888,4640857.545864032,1.2,1051,7,4,226-14,"[['RX_GW', 887.269546922, 1051, 7, 4, 868.1, -105.388850784, '00:00:00:00:00:02']]"
TX,887.263580879,292407.731187344,4637333.985022099,1.2,1710,12,3,31-26,[]
TX,887.468484277,290727.665318771,4641179.976692238,1.2,583,7,4,158-12,"[['RX_GW', 887.583480507, 583, 7, 4, 868.1, -118.075710474, '00:00:00:00:00:02']]"
TX,887.470338354,292658.067307688,4641767.397891196,1.2,761,12,4,182-19,[]
TX,887.471562989,294962.154064372,4638280.650592793,1.2,1999,12,3,348-21,[]
TX,887.575074885,290342.8080583,4641426.317811383,1.2,1274,7,3,253-13,[]
TX,887.606486212,292527.75065286,4642521.651092254,1.2,1787,12,3,320-25,[]
TX,887.740851741,290351.38430941,4641806.616546315,1.2,906,7,3,201-27,[]
TX,887.99235562,295610.4596982,4645554.122271451,1.2,2276,12,4,47-18,[]
TX,888.096376851,290686.934136338,4641295.034867404,1.2,1724,7,3,310-2,[]
TX,888.133775153,292108.784999819,4642638.359942168,1.2,2748,12,4,96-3,[]
TX,888.167681179,291925.678463021,4641663.395628713,1.2,2266,12,3,46-6,[]
TX,888.211653006,295283.39589509,4642471.470282082,1.2,1730,7,4,310-4,[]
TX,888.262423582,292279.354037681,4642333.294386316,1.2,2087,12,3,362-17,[]
TX,888.287509253,290473.92209744,4645043.357502935,1.2,970,12,3,211-11,[]
TX,888.508251425,290311.034835556,4640352.931786568,1.2,561,7,4,155-17,[]
TX,888.564637217,288179.982253011,4643889.459033356,1.2,1527,12,4,287-27,[]
TX,888.768601047,290694.274111021,4641292.808165841,1.2,48,7,3,102-19,[]
TX,888.811289174,289843.70993821,4641187.602898081,1.2,1623,7,3,301-28,[]
TX,889.025361097,292847.197263125,4641930.210085744,1.2,1517,12,4,287-17,[]
TX,889.083743615,293782.18149484,4646503.331799117,1.2,905,12,3,201-26,[]
TX,889.24529448,291561.267096506,4639876.109371435,1.2,362,12,3,137-3,[]
TX,889.39543119,291909.8633829,4641663.812976574,1.2,1822,12,4,326-1,[]
TX,889.449089963,290533.044442639,4643020.220713539,1.2,1585,12,4,294-25,[]
TX,889.472093125,289735.796803315,4641852.893296828,1.2,1112,7,3,232-6,[]
TX,889.475112781,292912.405820136,4642217.864551237,1.2,1646,12,4,305-18,[]
TX,889.504450391,291198.288450764,4641307.137914733,1.2,1665,9,3,306-3,[]
TX,889.567050274,288098.62739492,4647129.951056375,1.2,2701,12,4,91-3,[]
TX,889.666997599,292642.951753282,4642621.768609106,1.2,2178,12,3,40-10,[]
TX,889.737806693,291055.938651254,4644020.456231744,1.2,390,12,3,139-13,[]
TX,889.892620578,290857.37902634,4642306.425743092,1.2,416,11,3,140-16,[]
TX,889.913103422,291927.346517772,4642584.094884172,1.2,501,12,4,149-4,[]
TX,889.926125612,291183.376627786,4641967.919687615,1.2,271,10,4,126-8,[]
TX,890.195130659,290603.921101191,4642837.271257479,1.2,2723,12,4,93-30,[]
TX,890.196212218,290622.759387973,4636939.532133398,1.2,711,12,3,175-20,[]
TX,890.205104646,295624.559535085,4645564.601615685,1.2,2281,12,4,47-24,[]
TX,890.341047231,292104.975537054,4640603.91502804,1.2,1799,12,4,321-5,[]
TX,890.491883998,290521.438000279,4644918.243053822,1.2,2509,12,3,71-20,[]
TX,890.49583164,273653.432503057,4630635.628044013,1.2,1263,12,3,250-18,[]
TX,890.514215781,290487.739236162,4640798.948778095,1.2,47,7,3,102-18,[]
TX,890.520656776,291030.596395974,4640587.17841437,1.2,506,7,3,150-19,[]
TX,890.646063171,289949.71065486,4634413.410440522,1.2,1843,12,4,330-20,[]
TX,890.658428658,284806.058655467,4633030.21701468,1.2,2422,12,3,60-20,[]
TX,890.87795349,290003.799286618,4643280.489329658,1.2,1657,12,3,305-4,[]
TX,890.883111499,291047.690244144,4644014.84325038,1.2,2313,12,3,50-16,[]
TX,891.152383328,290808.520555657,4638169.721765761,1.2,1480,12,3,279-24,[]
TX,891.161642467,299729.608801955,4630070.424486614,1.2,438,12,4,141-22,[]
TX,891.181879506,290532.331739213,4635542.966985526,1.2,2060,12,4,358-14,[]
TX,891.51477888,293361.265298413,4646630.538011507,1.2,743,12,3,181-21,[]
TX,891.644146062,296015.454271971,4641678.380429599,1.2,2593,7,4,8-15,[]
TX,892.007425142,288046.11595787,4638496.414363602,1.2,41,12,3,101-4,[]
TX,892.031820318,284547.195673962,4633009.054014037,1.2,1907,12,3,336-7,[]
TX,892.414040561,291254.748119173,4642395.961054948,1.2,2140,12,4,368-6,[]
TX,892.489331183,291125.234422558,4641201.572692644,1.2,2729,9,3,95-11,[]
TX,892.540223657,291876.113289965,4641927.607469468,1.2,897,12,3,201-10,[]
TX,892.738451698,294384.418588424,4643081.698100531,1.2,614,12,4,160-7,[]
TX,892.744191544,292433.33665143,4637337.615687344,1.2,1006,12,3,22-13,[]
TX,892.776133006,289736.782915861,4643337.210582284,1.2,588,12,4,158-24,[]
TX,892.79302996,283446.875269477,4633821.465160866,1.2,339,12,3,131-26,[]
TX,892.805829699,289255.969175384,4642507.923830627,1.2,1704,12,4,31-18,[]
TX,892.853170275,291220.912789146,4644158.718700621,1.2,110,12,3,107-28,[]
TX,892.867982959,292528.516646458,4642909.480167265,1.2,308,12,3,129-28,[]
TX,892.89342991,291412.224139928,4647982.78403215,1.2,1180,12,4,24-18,[]
TX,892.97505106,288028.294168726,4643108.604201559,1.2,1026,12,4,221-8,[]
TX,893.024008325,292350.042102723,4643621.066579917,1.2,124,12,3,109-21,[]
TX,893.352027042,286934.34470091,4641592.855864194,1.2,938,12,4,204-27,[]
TX,893.522120625,290368.090941073,4641445.755344664,1.2,1949,7,4,340-17,"[['RX_GW', 893.637116379, 1949, 7, 4, 868.1, -115.314176938, '00:00:00:00:00:02']]"
TX,893.614913573,289341.458577049,4634313.268279186,1.2,199,12,3,115-24,[]
TX,893.621578541,296753.382602269,4652106.773010869,1.2,742,12,4,181-20,[]
TX,893.695507462,292603.666861459,4643919.104989436,1.2,780,12,4,185-18,[]
TX,893.723161474,291709.554222407,4642124.878560631,1.2,689,12,3,172-29,[]
TX,894.003514439,291157.983149124,4644473.134679033,1.2,2720,12,4,93-28,[]
TX,894.011466226,273679.75685496,4630562.258162607,1.2,2231,12,3,44-10,[]
TX,894.167664488,290057.62863203,4645132.056025891,1.2,1753,12,3,315-21,[]
TX,894.234281983,292523.715582498,4642916.010508115,1.2,2387,12,3,56-23,[]
TX,894.321278908,292336.844414993,4642038.32875441,1.2,58,12,4,103-17,[]
TX,894.421002439,292895.920548539,4639099.380558785,1.2,973,12,4,211-14,[]
TX,894.696281525,293022.700335105,4640938.165286356,1.2,108,12,4,107-26,[]
TX,894.779159932,293176.233526019,4643083.246597801,1.2,300,12,4,129-11,[]
TX,895.054794241,292259.567858007,4641948.289794131,1.2,2537,12,4,72-25,[]
TX,895.099275411,293309.9318405,4648333.04763262,1.2,2526,12,3,72-12,[]
TX,895.182692448,292522.716979985,4642898.692029835,1.2,548,12,3,153-18,[]
TX,895.420050732,290994.570148634,4643677.364404546,1.2,2524,12,3,72-10,[]
TX,895.540122426,290749.884046216,4642872.889476066,1.2,408,12,3,14-7,[]
TX,895.688758473,291228.218807948,4642276.205169151,1.2,2750,12,3,96-5,[]
TX,895.740919308,291626.853409584,4644625.791467593,1.2,2163,12,3,372-24,[]
TX,895.809342782,289931.203650224,4634390.015986248,1.2,1804,12,3,322-18,[]
TX,895.85840719,299775.251032263,4630295.086075227,1.2,2460,12,3,67-3,[]
TX,895.94540549,291043.838044295,4639156.678489052,1.2,1672,12,3,308-13,[]
TX,896.095164632,291831.48367945,4642545.906499418,1.2,2127,12,4,367-5,[]
TX,896.252251301,291153.744939053,4632074.630778508,1.2,1482,12,4,279-9,[]
TX,896.478449952,292078.390030518,4640518.800325925,1.2,195,12,4,115-11,[]
TX,896.57849898,295171.064563733,4645322.894456546,1.2,549,12,3,153-19,[]
TX,896.654592569,290288.392726889,4635914.205482794,1.2,197,12,3,115-13,[]
TX,896.796542955,291984.013877596,4642602.921594002,1.2,2426,12,3,61-18,[]
TX,896.812330763,292737.971282413,4641855.398567978,1.2,1344,12,3,261-10,[]
TX,896.925470021,289926.38790687,4634608.5699299,1.2,1515,12,3,287-13,[]
TX,896.958794344,292791.388239831,4640723.079835776,1.2,1145,12,3,238-26,[]
TX,897.001832292,299749.882230992,4630075.517049843,1.2,984,12,4,214-21,[]
TX,897.267895378,273662.321210388,4630629.978368525,1.2,1198,12,3,241-11,[]
TX,897.389908585,290646.896357857,4646621.413781903,1.2,2504,12,4,71-16,[]
TX,897.683863414,292994.235277027,4640272.876086322,1.2,2368,12,4,55-17,[]
TX,897.745942147,292417.715678839,4640577.50312688,1.2,1364,12,4,264-17,[]
TX,897.746171713,291184.745155776,4644884.220541802,1.2,1435,12,3,270-5,[]
TX,897.858460714,291066.644461945,4641098.918224059,1.2,2685,9,3,88-11,[]
TX,897.88791182,290850.869718536,4642266.684517095,1.2,1048,12,3,226-11,[]
TX,897.926424625,295421.486202572,4640770.103535889,1.2,167,7,3,111-26,[]
TX,897.940291367,290342.029894319,4641849.483718472,1.2,2236,7,4,44-24,[]
TX,898.048192182,292396.701343018,4637318.173957336,1.2,1010,12,4,22-26,[]
TX,898.099241534,291056.520980171,4642067.871157006,1.2,652,10,4,163-6,[]
TX,898.300413481,295620.239620465,4645562.158918864,1.2,2278,12,3,47-2,[]
TX,898.309403182,290898.256348598,4644232.137999838,1.2,69,12,3,103-7,[]
TX,898.43188603,292988.812768857,4642280.760916327,1.2,2350,12,4,51-4,[]
TX,898.552670323,291663.232154695,4642392.236880001,1.2,129,12,4,109-28,[]
TX,898.806243821,273677.785369253,4630631.341934545,1.2,1992,12,4,347-28,[]
TX,899.027451633,290273.233127459,4647455.395814063,1.2,426,12,4,140-27,[]
TX,899.625659606,271572.231867219,4630635.411784125,1.2,2205,12,3,42-24,[]
TX,899.702016158,290578.594074401,4643072.77699919,1.2,2014,12,3,349-26,[]
TX,899.731972981,292396.167951468,4637313.994334238,1.2,36,12,3,101-25,[]
TX,899.810989636,291790.212457549,4640260.064131418,1.2,513,12,3,150-5,[]
TX,899.833899376,290551.913950969,4643464.959767708,1.2,569,12,3,155-30,[]
TX,899.858949756,292837.413978876,4641942.364167225,1.2,2660,12,4,84-28,[]
TX,899.861274796,290843.540650098,4642275.78540456,1.2,2150,10,4,371-14,[]
TX,899.879028735,290089.457994958,4642398.30979132,1.2,1450,9,4,274-15,[]
TX,899.964445445,291177.452137592,4641384.711789628,1.2,2005,9,3,349-13,[]
TX,899.996729428,290290.800636189,4642157.733236561,1.2,1266,8,4,250-21,[]
TX,900.198267958,290737.329897578,4642350.262722405,1.2,358,11,4,137-26,[]
TX,900.274430323,291994.099170299,4643700.260563435,1.2,618,12,4,162-13,[]
TX,900.286116164,275342.318383007,4631407.679794513,1.2,1855,12,3,332-10,[]
TX,900.296690564,278928.982396781,4632506.248561176,1.2,715,12,4,175-5,[]
TX,900.326017771,295159.108652619,4642734.047466659,1.2,2594,7,4,8-16,[]
TX,900.398060406,293405.376337791,4643283.610670232,1.2,2327,12,4,50-5,[]
TX,900.496961925,285608.698882732,4647187.385613179,1.2,1422,12,4,270-17,[]
TX,900.518385157,290692.254995809,4641309.241166239,1.2,289,7,4,128-2,[]
TX,900.787831112,283161.591030873,4633574.980475672,1.2,1902,12,3,336-29,[]
TX,900.795361191,292084.122155942,4640576.899855997,1.2,2465,12,3,68-17,[]
TX,900.828535421,286546.824902069,4644686.11948977,1.2,1383,12,3,267-11,[]
TX,900.863255591,282947.94335698,4640400.723787365,1.2,1703,12,3,31-17,[]
TX,900.902609276,292277.941340585,4641978.924095252,1.2,2463,12,4,67-5,[]
TX,901.107518518,289700.931590152,4647185.532049624,1.2,1751,12,3,315-19,[]
TX,901.303335703,289317.699312635,4639758.860064577,1.2,166,9,3,111-24,[]
TX,901.30484957,290696.358142092,4641306.349468478,1.2,1099,7,4,231-5,[]
TX,901.471684884,294819.774536068,4647342.422706212,1.2,728,12,3,179-2,[]
TX,901.580079566,291731.529902575,4642157.01936092,1.2,1195,12,3,24-6,[]
TX,901.738505191,291035.687694973,4644037.552650716,1.2,932,12,3,204-14,[]
TX,901.773173267,292536.378739769,4641905.679717419,1.2,1889,12,4,335-16,[]
TX,902.050049922,290872.578240828,4642267.695085493,1.2,1114,12,3,233-10,[]
TX,902.54648481,287213.566596895,4645691.476432925,1.2,907,12,3,202-10,[]
TX,902.549347965,292529.859901334,4642917.126521144,1.2,1867,12,3,332-28,[]
TX,902.758268289,291070.217107943,4644011.516022776,1.2,27,12,3,101-15,[]
TX,902.776678252,292692.992307712,4641825.073780172,1.2,1100,12,4,231-6,[]
TX,902.896254891,289151.363823568,4642595.784273121,1.2,1444,11,4,273-4,[]
TX,902.984090278,289946.64324632,4634411.171053266,1.2,2742,12,4,95-7,[]
TX,903.266099018,286435.279674393,4642892.100645072,1.2,1497,12,3,282-19,[]
TX,903.272334945,292077.456700962,4640561.237759267,1.2,1140,12,4,238-10,[]
TX,903.312352103,291049.934791642,4642324.981929723,1.2,822,12,4,19-3,[]
TX,903.354906913,290631.731904332,4642300.491872523,1.2,1690,9,3,309-30,[]
TX,903.479863803,303004.509300592,4636671.873051492,1.2,1478,12,3,279-13,[]
TX,903.487082681,293053.390168669,4644013.400097715,1.2,1427,12,4,270-22,[]
TX,903.489910372,290647.694029995,4642890.118811743,1.2,2376,12,3,55-6,[]
TX,903.700160385,290765.61237529,4641511.391009835,1.2,1647,8,3,305-19,[]
TX,903.748568303,291022.301036504,4644011.566035948,1.2,2316,12,4,50-2,[]
TX,903.83628538,297836.867654494,4633693.450799884,1.2,1923,12,3,339-11,[]
TX,903.872623245,289919.214891897,4638067.009113749,1.2,1108,12,4,232-21,[]
TX,903.98408277,291027.262983786,4641950.238793449,1.2,1680,9,4,308-28,[]
TX,904.06129759,290765.414209242,4639803.473198407,1.2,1280,9,3,254-1,[]
TX,904.625822375,290296.051896627,4641424.661576382,1.2,1573,7,3,293-19,[]
TX,904.667225162,271688.072625038,4630729.121458936,1.2,1299,12,3,254-29,[]
TX,904.716260326,288123.901634152,4643055.605927799,1.2,2246,12,3,45-20,[]
TX,904.828640528,292362.920686728,4637412.746199044,1.2,2315,12,4,50-18,[]
TX,904.887925835,291209.192716542,4631944.901662218,1.2,2406,12,3,58-18,[]
TX,904.924698889,290519.490083377,4641365.35045201,1.2,1428,7,4,270-23,[]
TX,904.94480797,295157.67040987,4642742.287995449,1.2,2325,7,4,50-30,[]
TX,905.088694277,289949.130039779,4634482.673730494,1.2,659,12,3,167-17,[]
TX,905.181568337,271631.30402792,4630656.288742635,1.2,1565,12,3,290-6,[]
TX,905.186251376,290446.35105698,4640573.539055478,1.2,344,7,4,137-10,[]
TX,905.310315359,290855.759261187,4642265.601688825,1.2,1071,12,3,229-1,[]
TX,905.41978991,292401.60486711,4636808.410728092,1.2,1074,12,4,229-19,[]
TX,905.498875964,291512.421918098,4641501.106742674,1.2,2499,11,3,71-11,[]
TX,905.512369046,291751.555803485,4641030.360625909,1.2,2181,10,3,40-13,[]
TX,905.830313419,290730.30190818,4641302.299285045,1.2,627,7,4,162-3,[]
TX,906.088725064,290259.849746746,4647123.472770413,1.2,2533,12,4,72-19,[]
TX,906.098075256,291700.436939661,4642123.689057278,1.2,127,12,3,109-26,[]
TX,906.299241319,291641.067489694,4644614.579697051,1.2,611,12,4,160-4,[]
TX,906.303430665,288965.255824313,4642637.358987014,1.2,1043,11,3,223-27,[]
TX,906.336390424,290689.531147147,4641291.380979855,1.2,305,7,3,129-23,[]
TX,906.398482661,290812.771939775,4643139.545688358,1.2,478,12,4,148-18,[]
TX,906.59662997,273704.367342771,4630619.216484943,1.2,200,12,3,115-25,[]
TX,906.657027615,290114.113387116,4642774.011759062,1.2,400,11,3,14-17,[]
TX,906.914881193,290999.453067422,4639056.416290496,1.2,1439,12,3,273-17,[]
TX,907.16565092,290220.535595387,4641185.701283951,1.2,427,7,4,140-28,"[['RX_GW', 907.280645695, 427, 7, 4, 868.1, -105.388126665, '00:00:00:00:00:02']]"
TX,907.33565591,292306.136308594,4637660.367605321,1.2,546,12,4,153-1,[]
TX,907.44241336,287523.345258567,4641299.477031605,1.2,1805,12,4,322-19,[]
TX,907.554855488,290345.465275015,4640363.788309335,1.2,685,7,4,172-18,[]
TX,907.581945627,282314.515983763,4637039.037493512,1.2,2225,12,3,43-29,[]
TX,907.638602791,291195.86441444,4639557.123044685,1.2,1214,10,3,244-11,[]
TX,907.921834236,292397.595116452,4637299.249974411,1.2,630,12,3,163-1,[]
TX,907.950958141,273692.44835423,4630636.964468542,1.2,2596,12,4,8-18,[]
TX,908.012921218,299739.057630695,4630057.048064212,1.2,1592,12,3,298-17,[]
TX,908.038249294,287518.322074274,4646123.907917427,1.2,2505,12,4,71-17,[]
TX,908.309877159,286649.675514742,4641130.560297794,1.2,1514,12,4,287-12,[]
TX,908.374313001,290040.91338036,4643477.229555057,1.2,1777,12,4,318-3,[]
TX,908.488230879,291036.123546275,4641122.235458798,1.2,81,9,4,105-18,[]
TX,908.575612065,291929.24726791,4642580.486350668,1.2,147,12,3,11-6,[]
TX,908.592638896,291071.446738221,4639303.332170757,1.2,1899,12,4,336-18,[]
TX,908.63936303,291019.157504855,4644015.821767176,1.2,2714,12,4,93-2,[]
TX,908.735409707,292660.916166139,4641767.692850395,1.2,945,12,4,206-24,[]
TX,908.834163476,292770.412212047,4642489.374971944,1.2,2589,12,3,79-21,[]
TX,908.834748337,289983.464223122,4637810.024065232,1.2,1616,12,3,301-14,[]
TX,908.911532153,289055.447687961,4647277.343222601,1.2,1,12,4,100-11,[]
TX,909.611637537,301074.710764522,4635967.935444605,1.2,2188,12,4,41-10,[]
TX,909.765885174,293205.639606461,4643113.380347722,1.2,529,12,3,151-4,[]
TX,909.887552441,292265.600487337,4638877.73707671,1.2,480,12,4,148-20,[]
TX,910.132945601,292159.32857224,4642196.232156703,1.2,902,12,4,201-23,[]
TX,910.208356699,290502.967989393,4640637.883032143,1.2,609,7,3,160-21,[]
TX,910.414990555,291798.916994905,4636767.06242861,1.2,1774,12,3,318-19,[]
TX,910.435131084,294501.625897663,4645329.160223831,1.2,2719,12,3,93-27,[]
TX,910.435461423,291696.402036709,4640137.689129897,1.2,2334,10,4,51-13,[]
TX,910.565817702,287802.70403928,4631750.548488172,1.2,1929,12,4,339-19,[]
TX,911.121145767,287331.451911781,4645741.907452749,1.2,1529,12,4,287-3,[]
TX,911.293023148,292653.582306587,4643664.011393135,1.2,1325,12,3,256-6,[]
TX,911.368499558,290079.422989873,4641524.227501159,1.2,712,7,3,175-29,[]
TX,911.493319245,299495.667082845,4640784.505053794,1.2,1283,12,4,254-12,[]
TX,911.546140493,291862.31551258,4642563.717483771,1.2,879,12,3,198-23,[]
TX,911.575863279,290676.467903982,4641301.71869529,1.2,975,7,4,211-25,[]
TX,911.611660953,287562.427901267,4636641.3986608,1.2,927,12,3,203-28,[]
TX,911.657075735,291071.448413778,4641931.267734225,1.2,1034,9,3,223-11,[]
TX,911.690229936,290343.419099147,4640380.481552238,1.2,1433,7,3,270-3,[]
TX,911.730771597,291221.786385841,4641302.90354922,1.2,2372,9,4,55-21,[]
TX,911.919933721,292079.470114769,4641785.798137927,1.2,443,12,4,141-27,[]
TX,911.941274983,289315.999846358,4639753.548659708,1.2,1551,9,3,29-26,[]
TX,911.957262819,295618.250807356,4642130.76288632,1.2,654,7,4,166-10,"[['RX_GW', 912.07225775, 654, 7, 4, 868.1, -108.923009772, '00:00:00:00:00:04']]"
TX,911.991091235,273705.781106537,4630640.859845417,1.2,680,12,4,171-25,[]
TX,912.238285747,290706.637920327,4641305.169214346,1.2,1256,7,4,249-16,[]
TX,912.303673192,295651.340352103,4645577.282060496,1.2,2258,12,4,46-17,[]
TX,912.347669242,292058.48261849,4641795.616329989,1.2,939,12,4,204-28,[]
TX,912.348740053,291920.013115143,4642586.777200315,1.2,2131,12,4,367-9,[]
TX,912.562279935,280539.007549933,4632651.468777917,1.2,2528,12,3,72-14,[]
TX,912.575552791,289349.808201392,4640263.692106386,1.2,877,7,3,198-14,[]
TX,912.769610016,290179.119717281,4635342.522038863,1.2,388,12,4,139-11,[]
TX,912.772295779,289318.861090101,4634317.512428143,1.2,812,12,4,187-7,[]
TX,912.788207186,289230.632259482,4642431.542233886,1.2,304,11,3,129-22,[]
TX,912.988055854,290000.905863236,4642947.267426291,1.2,1374,11,4,266-11,[]
TX,913.160773817,292941.672809503,4644218.862088222,1.2,1877,12,3,334-17,[]
TX,913.195479307,292068.32151515,4643671.077866958,1.2,1925,12,3,339-13,[]
TX,913.240037624,290230.220500723,4641472.392096329,1.2,1989,7,4,347-25,[]
TX,913.300592432,292821.314251975,4641982.963464889,1.2,562,12,4,155-18,[]
TX,913.320266207,290355.066601183,4643806.142911932,1.2,155,12,3,110-23,[]
TX,913.544132636,298251.72050358,4644897.756278316,1.2,2416,12,4,59-20,[]
TX,913.582974184,290551.967775659,4643008.86891521,1.2,111,12,4,109-1,[]
TX,913.6790473,292571.537872822,4641393.390414941,1.2,2453,12,4,67-15,[]
TX,913.684125555,289572.273738332,4642052.071796866,1.2,2678,8,4,87-13,[]
TX,913.700884601,291531.264055867,4642070.971718876,1.2,1754,12,3,315-4,[]
TX,913.802635722,292766.271779564,4642002.246422567,1.2,2078,12,4,361-18,[]
TX,913.854571388,290982.254527602,4641951.129833364,1.2,2665,10,3,84-5,[]
TX,913.984966145,290223.214621085,4642431.562028557,1.2,1373,11,3,266-10,[]
TX,914.236006878,292307.705379667,4642108.234374581,1.2,765,12,3,182-24,[]
TX,914.289713691,292092.02783581,4642633.232713615,1.2,128,12,4,109-27,[]
TX,914.38561609,294370.549597698,4643074.813617307,1.2,1219,12,4,244-23,[]
TX,914.675977104,291870.727758119,4642856.822141417,1.2,311,12,4,130-12,[]
TX,914.792952877,282389.304608231,4636715.728743642,1.2,2503,12,4,71-15,[]
TX,914.935834312,292300.698337892,4637664.044335862,1.2,1261,12,4,249-7,[]
TX,915.031468507,297004.289729645,4642887.533729615,1.2,2041,10,4,353-7,[]
TX,915.053256363,290476.692055677,4640621.843843678,1.2,723,7,4,178-5,[]
TX,915.216901189,296272.00019596,4644372.941237447,1.2,2023,12,4,351-20,[]
TX,915.226670376,290389.97231848,4644471.715469081,1.2,2000,12,4,348-4,[]
TX,915.437829241,297981.338166154,4642036.052291328,1.2,2177,12,4,39-28,[]
TX,915.578724565,291236.728372114,4641283.24691048,1.2,806,9,4,187-29,[]
TX,915.719351237,290083.927292529,4642401.960598756,1.2,2024,9,3,351-21,[]
TX,916.02617291,294288.461952387,4643110.530489578,1.2,1813,11,3,323-3,[]
TX,916.040356186,297398.206698743,4645210.350653257,1.2,2330,12,3,51-1,[]
TX,916.071744182,295125.689763117,4642694.802054906,1.2,1726,8,3,310-21,[]
TX,916.224432171,291722.147484215,4636115.787943699,1.2,644,12,3,163-25,[]
TX,916.280770588,289262.84486181,4642517.60935615,1.2,1815,12,4,323-7,[]
TX,916.398089435,286710.910604368,4641386.927988118,1.2,559,12,4,153-7,[]
TX,916.598703502,291685.392927481,4642134.432543142,1.2,1941,12,4,339-7,[]
TX,916.763990556,285526.139273533,4633263.648847381,1.2,1552,12,4,29-27,[]
TX,916.967052106,295123.902357194,4642709.811039465,1.2,2773,8,4,97-6,[]
TX,917.08379494,291023.252581559,4644007.03435794,1.2,2500,12,4,71-12,[]
TX,917.107989704,289944.518987191,4642288.724436848,1.2,1910,9,3,337-12,[]
TX,917.156725727,279790.482792511,4632593.684855815,1.2,1987,12,3,347-14,[]
TX,917.163187702,285481.95686875,4641008.685147708,1.2,1631,12,3,304-18,[]
TX,917.173177811,290732.847085294,4641175.18305866,1.2,365,7,4,137-5,[]
TX,917.19056838,291947.702532078,4642594.893831048,1.2,837,12,4,190-4,[]
TX,917.433418974,290345.675688731,4643386.760077248,1.2,1447,12,3,273-7,[]
TX,917.478385303,299744.441772378,4630056.370902188,1.2,987,12,4,214-5,[]
TX,917.588694772,273684.807520433,4630633.148040254,1.2,2459,12,3,67-21,[]
TX,918.279262586,290082.608869818,4645146.830110499,1.2,1459,12,4,274-6,[]
TX,918.494612478,290046.298170832,4640961.958128843,1.2,1049,7,4,226-12,[]
TX,918.650131214,273721.577525349,4630655.854087344,1.2,215,12,3,12-2,[]
TX,918.698913239,291995.187290416,4643714.674471907,1.2,229,12,3,121-20,[]
TX,918.918718669,293829.964131534,4640615.834568183,1.2,404,12,4,14-21,[]
TX,918.925925994,287806.607787729,4628727.785816727,1.2,125,12,4,109-24,[]
TX,918.943309179,293258.25588248,4649669.808864088,1.2,2610,12,4,80-7,[]
TX,919.039034072,287118.549175395,4636557.263256209,1.2,434,12,4,141-11,[]
TX,919.201486637,292526.286260567,4642907.207783229,1.2,1874,12,3,332-9,[]
TX,919.270249276,290063.12699964,4642378.02173461,1.2,2046,10,4,356-9,[]
TX,919.316626561,290657.169411513,4640619.787444077,1.2,2158,7,4,371-26,[]
TX,919.554254192,294967.935726437,4642686.683934198,1.2,1533,9,4,287-7,[]
TX,919.603565213,294147.882317693,4645001.378389792,1.2,2202,12,3,42-12,[]
TX,919.645551995,291941.429159384,4642593.474871074,1.2,744,12,3,181-22,[]
TX,919.681016567,292418.471906518,4637344.513650799,1.2,635,12,4,163-14,[]
TX,919.955701385,273691.526079179,4630600.759959905,1.2,846,12,4,194-23,[]
TX,920.053590072,299511.208924243,4633782.894220032,1.2,1419,12,4,270-10,[]
TX,920.217928028,292530.538782823,4642707.105280213,1.2,537,12,4,152-12,[]
TX,920.235604186,291577.562374456,4642158.529351269,1.2,1885,12,4,334-6,[]
TX,920.328264926,290999.531750714,4639060.932659246,1.2,1705,12,4,31-19,[]
TX,920.478277673,289803.489531111,4638764.345913052,1.2,26,12,3,101-14,[]
TX,920.523108368,291993.631175794,4643705.76105467,1.2,864,12,3,197-18,[]
TX,920.567608087,291759.210073409,4642530.833501388,1.2,622,12,4,162-24,[]
TX,920.701812467,291517.627142379,4642443.470185286,1.2,2419,12,3,60-11,[]
TX,920.812014396,289935.643854097,4637963.955507313,1.2,1087,12,4,231-14,[]
TX,920.903996582,291301.456464719,4644575.560028859,1.2,934,12,4,204-23,[]
TX,921.016278478,295117.973174154,4642698.444822005,1.2,2646,8,4,84-13,[]
TX,921.043917243,281150.563421242,4632716.66961506,1.2,2736,12,4,95-26,[]
TX,921.267091173,291067.329262344,4644032.826149603,1.2,2709,12,3,93-15,[]
TX,921.453941836,289114.708901067,4642467.703640055,1.2,499,11,3,149-18,[]
TX,921.575719976,291749.33119261,4640281.890629098,1.2,2626,12,4,82-26,[]
TX,921.598628652,288439.430617093,4641417.76102317,1.2,1403,9,3,269-1,[]
TX,921.638451428,291491.947967468,4643036.228262302,1.2,2379,12,3,56-11,[]
TX,922.27981968,273721.58454026,4630660.751750734,1.2,1579,12,4,293-30,[]
TX,922.454162051,275840.286687536,4631766.20987738,1.2,1915,12,3,337-27,[]
TX,922.541220994,296120.474324032,4646943.038885329,1.2,1531,12,3,287-5,[]
TX,922.541992792,290367.683428954,4641795.741147563,1.2,1225,7,3,245-10,[]
TX,922.571875879,271638.135356919,4630625.126590783,1.2,1935,12,3,339-27,[]
TX,922.714910934,291915.94089858,4640832.008522641,1.2,1166,12,4,239-4,[]
TX,922.725244654,271658.680209793,4630618.120223244,1.2,2210,12,4,43-1,[]
TX,922.766985799,291744.507847962,4639481.636570954,1.2,2446,12,3,66-20,[]
TX,922.84409737,289946.575313917,4642803.597789564,1.2,2034,11,4,353-21,[]
TX,922.844731313,291913.459798611,4642364.77473184,1.2,1253,12,3,248-6,[]
TX,922.861826683,285136.558673189,4633063.027405755,1.2,309,12,4,130-10,[]
TX,922.956115758,290686.949479563,4641311.002665307,1.2,1340,7,4,260-4,"[['RX_GW', 923.071112041, 1340, 7, 4, 868.1, -118.525318625, '00:00:00:00:00:02']]"
TX,923.07718104,290710.125018751,4641177.862932842,1.2,557,7,3,153-5,"[['RX_GW', 923.192177212, 557, 7, 3, 868.1, -117.679786424, '00:00:00:00:00:02']]"
TX,923.080311404,290889.624161261,4642256.461700646,1.2,2680,12,4,87-24,[]
TX,923.090506448,291000.491297591,4641962.480648229,1.2,306,10,4,129-25,[]
TX,923.392648937,292428.619232227,4642919.912493967,1.2,929,12,3,204-11,[]
TX,923.396348223,299716.589968128,4618514.506481851,1.2,412,12,3,140-12,[]
TX,923.420846884,291398.017566275,4642104.289568949,1.2,850,10,4,194-27,[]
TX,923.479391561,290895.367287591,4642022.11132793,1.2,2223,10,4,43-27,[]
TX,923.709975373,285436.490227641,4641002.529800152,1.2,2656,12,3,84-24,[]
TX,923.721257634,294040.40406714,4642825.461894085,1.2,2437,12,4,62-11,[]
TX,923.796592621,293709.473668824,4643657.706079381,1.2,476,12,4,148-14,[]
TX,924.183318646,291428.90803638,4642060.756044214,1.2,951,10,4,206-9,[]
TX,924.199771959,296997.787036443,4641804.564722839,1.2,613,10,3,160-6,[]
TX,924.397628179,290949.743212744,4642002.267299904,1.2,782,10,4,185-20,[]
TX,924.413539055,292734.723644759,4642285.79080613,1.2,1248,12,4,248-20,[]
TX,924.538587258,298462.224376195,4646490.460120992,1.2,1945,12,4,340-11,[]
TX,924.675466386,291842.642514443,4641064.280414754,1.2,566,12,3,155-21,[]
TX,924.739850987,281898.294349405,4632767.35229859,1.2,2234,12,3,44-13,[]
TX,924.989960974,292642.077802788,4642017.518703863,1.2,956,12,4,209-24,[]
TX,925.071820256,291626.084444978,4642207.140100243,1.2,2079,12,4,361-19,[]
TX,925.16025569,286396.259576172,4641703.834051592,1.2,1377,12,4,266-24,[]
TX,925.191933913,290575.174905393,4643874.362160347,1.2,1441,12,4,273-19,[]
TX,925.364899419,293244.273519021,4640207.463872169,1.2,1706,12,4,31-2,[]
TX,925.582949689,290689.914892837,4641291.796382108,1.2,1122,7,4,234-20,[]
TX,925.613444063,289500.19357633,4635479.54152294,1.2,1425,12,3,270-20,[]
TX,925.658809376,288959.422682269,4643632.73554185,1.2,1223,12,3,244-27,[]
TX,925.735905834,293521.69011141,4643984.980852835,1.2,21,12,4,100-8,[]
TX,926.025287309,286821.599660989,4641681.035940651,1.2,62,12,3,103-21,[]
TX,926.143567812,271621.833437283,4630622.946426146,1.2,1792,12,4,320-9,[]
TX,926.53917947,290344.015542279,4642835.66782927,1.2,98,12,4,106-28,[]
TX,926.60465402,295138.049017445,4642694.796373476,1.2,2767,8,4,97-26,"[['RX_GW', 926.812067317, 2767, 8, 4, 868.1, -125.643167463, '00:00:00:00:00:04']]"
TX,926.709578775,289526.731283364,4642593.677755713,1.2,2735,11,4,95-21,[]
TX,926.76016809,292146.629085081,4642966.5562241,1.2,2124,12,4,367-28,[]
TX,926.786883088,292106.514771065,4641863.441983899,1.2,860,12,4,195-6,[]
TX,926.990288366,291994.118971829,4643722.075512998,1.2,379,12,4,138-28,[]
TX,927.149032145,288868.157865215,4635098.610055954,1.2,194,12,3,115-10,[]
TX,927.271630619,291757.788955312,4642828.529577215,1.2,2262,12,3,46-21,[]
TX,927.286620651,295545.148466404,4638039.420913721,1.2,1252,12,4,248-5,[]
TX,927.37086718,289194.45909808,4644486.265666547,1.2,2360,12,4,53-4,[]
TX,927.565235617,272134.638069783,4630139.369993179,1.2,2032,12,3,353-2,[]
TX,927.847250807,285941.613751706,4650885.203727148,1.2,59,12,4,103-18,[]
TX,928.650561502,290751.079282406,4635780.261038193,1.2,1791,12,3,320-8,[]
TX,928.666266442,290101.847847041,4642422.1771058,1.2,863,9,4,197-17,[]
TX,928.849961819,287923.171408955,4643538.863124277,1.2,928,12,4,204-10,[]
TX,928.945533513,290916.686402521,4641180.661366698,1.2,2457,7,4,67-2,[]
TX,929.203979773,290798.880719808,4642277.820500999,1.2,1655,10,4,305-29,[]
TX,929.321847288,290865.220875944,4642263.079226016,1.2,2388,12,4,56-25,[]
TX,929.364811196,291375.962759247,4641404.574629907,1.2,2612,10,3,81-11,[]
TX,929.522168425,287684.258018509,4643199.015084134,1.2,1191,12,3,24-3,[]
TX,929.64616583,288223.487085967,4638159.907235667,1.2,1446,12,3,273-6,[]
TX,929.771107809,291247.478211057,4641286.402267452,1.2,677,10,3,171-22,[]
TX,929.871068282,285555.250258327,4641148.294761901,1.2,191,12,4,113-26,[]
TX,930.01335086,295122.805918869,4642698.712190583,1.2,1381,8,4,266-28,"[['RX_GW', 930.220764194, 1381, 8, 4, 868.1, -125.823219556, '00:00:00:00:00:04']]"
TX,930.107455763,291804.324863966,4642859.178214894,1.2,2686,12,4,88-13,[]
TX,930.163478769,294558.258102663,4643355.160662224,1.2,1738,12,4,311-3,[]
TX,930.264169219,291041.215168883,4644017.638616699,1.2,794,12,4,186-24,[]
TX,930.644905211,290030.248180051,4645860.69114734,1.2,1761,12,4,317-18,[]
TX,931.00064901,293034.93423581,4641764.366502619,1.2,751,12,3,181-3,[]
TX,931.017912826,288006.346712978,4629155.832382848,1.2,805,12,4,187-21,[]
TX,931.152501826,292188.860161508,4643527.81445422,1.2,2171,12,4,39-22,[]
TX,931.207225335,289951.952075206,4642831.406918124,1.2,824,12,4,19-5,[]
TX,931.316624471,291998.922122223,4643712.279025444,1.2,913,12,3,202-23,[]
TX,931.379345272,290602.49795072,4633568.894541973,1.2,1137,12,4,237-28,[]
TX,931.659658599,282802.29867011,4640387.628491798,1.2,472,12,3,147-9,[]
TX,931.677057705,273720.704816193,4630628.272829161,1.2,2462,12,4,67-4,[]
TX,931.681733312,291546.280369183,4641100.600977261,1.2,531,11,4,151-6,[]
TX,931.956095211,291125.229626382,4642468.619720154,1.2,2440,12,4,62-26,[]
TX,932.188209665,292239.844845392,4638539.799788175,1.2,1525,12,3,287-25,[]
TX,932.314109525,292664.951563613,4641777.405776487,1.2,1729,12,4,310-30,[]
TX,932.324618684,271608.177792847,4630637.203943602,1.2,995,12,3,215-22,[]
TX,932.448249831,289482.614668311,4639019.102064171,1.2,454,12,4,145-24,[]
TX,932.494305767,291113.625068848,4641126.302906017,1.2,1277,9,4,253-25,[]
TX,932.510628262,289467.053020088,4643910.557284696,1.2,1208,12,4,242-12,[]
TX,932.599552899,290669.095441703,4641180.723318174,1.2,490,7,4,148-4,[]
TX,932.674076996,293486.972767599,4639961.875319174,1.2,1644,12,4,305-16,[]
TX,932.772334068,290412.049818561,4643951.765713813,1.2,381,12,4,138-4,[]
TX,932.975429977,291044.918423052,4644059.202498952,1.2,37,12,4,101-26,[]
TX,933.013544362,291247.738502175,4640837.91064272,1.2,1322,9,3,256-29,[]
TX,933.224638801,289546.740682028,4642591.245960735,1.2,911,11,4,202-14,[]
TX,933.358801212,293120.707645983,4649793.859599208,1.2,2147,12,4,369-5,[]
TX,933.479070596,293064.663750499,4641848.87920476,1.2,512,12,3,150-4,[]
TX,933.49852479,292373.826517984,4641798.26675837,1.2,1614,12,4,301-12,[]
TX,933.537123417,291873.294145936,4642835.57280976,1.2,1088,12,4,231-17,[]
TX,933.562949453,290306.340608107,4646512.446367086,1.2,2303,12,3,48-9,[]
TX,933.711332747,290930.317639939,4643937.987955603,1.2,1224,12,4,244-28,[]
TX,933.802488393,291660.679220401,4642111.523727959,1.2,1728,12,3,310-3,[]
TX,933.862856827,284042.961201939,4640234.750899434,1.2,38,12,4,101-28,[]
TX,933.958749042,290123.182331591,4643344.93575217,1.2,1009,12,3,22-25,[]
TX,934.225213691,290322.512956861,4640879.539568311,1.2,2298,7,4,48-25,[]
TX,934.254529345,291880.704699412,4642561.178485571,1.2,2677,12,4,87-12,[]
TX,934.293774603,294961.391831406,4642707.020158928,1.2,1466,9,4,275-19,[]
TX,934.535740945,293243.947826503,4640220.533126206,1.2,1067,12,4,226-6,[]
TX,934.618843043,291712.335882668,4642812.752897343,1.2,2508,12,4,71-2,[]
TX,934.884719458,287842.593680342,4638481.092057818,1.2,1242,12,4,246-25,[]
TX,935.122844494,292868.642983445,4643517.412810931,1.2,1465,12,4,275-18,[]
TX,935.128784182,292189.723859959,4643419.574426181,1.2,1967,12,4,341-21,[]
TX,935.283955661,288102.618752075,4643048.729940822,1.2,2342,12,3,51-20,[]
TX,936.110944616,291075.629014663,4644044.563840074,1.2,704,12,3,174-21,[]
TX,936.162047752,293092.008326326,4643028.48839006,1.2,1651,12,4,305-24,[]
TX,936.175784203,292524.40299958,4642836.825589823,1.2,33,12,4,101-20,[]
TX,936.345273722,290433.803686215,4630428.883996095,1.2,1451,12,3,274-17,[]
TX,936.402876916,291068.175385696,4644043.665604715,1.2,173,12,4,112-19,[]
TX,936.667952138,292179.554123141,4641892.99492016,1.2,2126,12,4,367-4,[]
TX,936.702017298,288271.827488791,4629843.215106827,1.2,1807,12,4,322-21,[]
TX,936.83893543,291198.658562842,4636227.137607262,1.2,2572,12,4,76-10,[]
TX,936.847506231,289449.563075284,4646133.577161242,1.2,1343,12,4,260-7,[]
TX,936.937565798,290230.056519638,4645895.351696481,1.2,2564,12,4,75-24,[]
TX,936.94821734,290960.500226983,4642013.466261393,1.2,298,10,4,128-7,[]
TX,937.326510555,291812.665763174,4642487.88437404,1.2,1185,12,4,24-24,[]
TX,937.380320853,295143.594161565,4642700.29260667,1.2,2107,8,4,363-27,[]
TX,937.449263329,271828.369835864,4630657.958080413,1.2,1210,12,4,242-24,[]
TX,937.463099655,290845.313863059,4642807.828372721,1.2,1938,11,3,339-4,[]
TX,937.516178792,291859.208496509,4640747.582332612,1.2,796,10,4,186-26,[]
TX,937.86622754,290998.033271109,4639110.506281834,1.2,1563,11,3,290-4,[]
TX,938.038992674,291739.815935353,4642808.931163156,1.2,1193,12,4,24-4,[]
TX,938.125199507,292647.075730548,4642009.509376804,1.2,2472,12,4,68-30,[]
TX,938.326706356,292262.696420294,4642937.813180159,1.2,838,12,4,190-5,[]
TX,938.39654118,290978.953438494,4640881.170742591,1.2,1778,7,3,318-4,[]
TX,938.789300303,291099.594071535,4639047.494983607,1.2,1453,12,4,274-2,[]
TX,938.789876123,291065.879981084,4644028.178278,1.2,1545,12,4,29-11,[]
TX,938.813817522,291358.798310754,4642021.974773573,1.2,797,11,4,186-27,[]
TX,938.961784739,287388.926505976,4630692.861743946,1.2,1788,12,4,320-26,[]
TX,939.020324694,292868.388515193,4642223.858150708,1.2,1979,12,4,344-3,[]
TX,939.131695245,291748.578413876,4639555.632863181,1.2,1570,12,4,293-1,[]
TX,939.181394476,292512.091155923,4642277.779039717,1.2,1075,12,4,229-2,[]
TX,939.385006764,292890.24433768,4642631.231713818,1.2,690,12,4,172-3,[]
TX,939.439329326,289679.339670005,4638747.543840721,1.2,2640,12,4,83-3,[]
TX,939.476281906,292088.964907593,4642797.758269719,1.2,1944,12,3,340-10,[]
TX,939.602944477,289645.483921163,4643604.463943456,1.2,1825,12,4,326-17,[]
TX,939.687282459,291022.880030926,4639049.321642399,1.2,51,12,3,102-21,[]
TX,939.91756685,292734.204684078,4643857.242895357,1.2,2299,12,4,48-26,[]
TX,940.065110674,291025.129544343,4641956.766401916,1.2,825,9,4,19-6,[]
TX,940.113010009,272007.047901099,4630574.118239435,1.2,1887,12,4,335-1,[]
TX,940.152727612,295070.615930136,4642852.144997889,1.2,2329,8,4,50-7,[]
TX,940.218244599,287820.609852677,4639251.014888002,1.2,1308,12,4,256-12,[]
TX,940.378439015,289827.045555689,4638591.992244205,1.2,1285,12,4,254-14,[]
TX,940.456146123,293120.074009206,4643520.868745856,1.2,2263,12,3,46-3,[]
TX,940.551913758,290726.685411967,4637678.727195933,1.2,1188,12,3,24-27,[]
TX,940.615695633,290133.276870794,4635349.884446037,1.2,509,12,4,150-29,[]
TX,940.721503313,292107.785166837,4642221.393586824,1.2,65,12,4,103-30,[]
TX,940.875124517,290999.219039621,4641879.290320835,1.2,1384,9,4,267-12,[]
TX,940.931036759,291717.005535356,4642163.974479964,1.2,123,12,4,109-20,[]
TX,941.398942618,291980.911332529,4643709.757028502,1.2,2567,12,4,75-4,[]
TX,941.783315152,288190.910437131,4643903.790998418,1.2,724,12,4,178-6,[]
TX,941.789813201,291096.810282559,4642468.867119247,1.2,177,12,4,112-29,[]
TX,941.858548406,284307.800469967,4632994.004501279,1.2,49,12,3,102-2,[]
TX,942.002474617,285630.249776239,4643786.799630051,1.2,1814,12,3,323-5,[]
TX,942.105192803,292185.134011246,4642222.991672351,1.2,1849,12,4,330-3,[]
TX,942.107199947,291181.093181504,4641937.705632191,1.2,272,11,4,126-9,[]
TX,942.230486137,291640.425851877,4643918.269499606,1.2,1668,12,4,306-7,[]
TX,942.452379575,289601.790275032,4643159.345413384,1.2,232,12,4,121-30,[]
TX,942.491064013,289948.142259294,4634410.832319604,1.2,1539,12,4,288-20,[]
TX,942.734057697,291853.353925515,4642555.632586978,1.2,909,12,4,202-12,[]
TX,942.846754145,292601.954991285,4643532.81181763,1.2,1970,12,3,341-5,[]
TX,942.946180274,291901.48494539,4642571.392996578,1.2,310,12,4,130-11,[]
TX,943.064520001,291927.663397099,4642582.842507863,1.2,1182,12,3,24-2,[]
TX,943.068317945,289840.868523958,4641914.117026742,1.2,1864,7,4,332-25,[]
TX,943.197276767,292641.462453183,4642036.38453928,1.2,361,12,4,137-29,[]
TX,943.226355924,291032.698314082,4644048.808685054,1.2,829,12,4,190-17,[]
TX,943.301819448,290193.76005157,4643839.673481071,1.2,134,12,4,109-5,[]
TX,943.489384402,291810.762786039,4642301.500695565,1.2,1618,12,4,301-23,[]
TX,943.503205955,290434.058323142,4642339.295997505,1.2,2096,10,4,363-10,[]
TX,943.711664886,296711.42704988,4635032.884755965,1.2,320,12,4,130-23,[]
TX,943.843564255,275375.058860512,4631426.540180885,1.2,684,12,4,172-17,[]
TX,943.974495954,291851.263669294,4642577.170971873,1.2,1790,12,4,320-28,[]
TX,944.229610203,289770.953752126,4645994.741562744,1.2,2638,12,3,83-20,[]
TX,944.340823599,291180.905750115,4641319.984119555,1.2,2445,8,4,66-19,[]
TX,944.426744216,291011.247464733,4641912.69154263,1.2,449,9,4,145-10,[]
TX,944.538453315,286091.727770348,4641576.438188516,1.2,1986,12,4,347-13,[]
TX,944.542170323,292530.920799192,4641892.634529271,1.2,2651,12,4,84-18,[]
TX,944.651362133,292677.562018055,4642028.808874041,1.2,495,12,3,148-9,[]
TX,944.751177766,291808.328399948,4641569.213112878,1.2,1770,11,4,318-15,[]
TX,944.853024924,291760.740134745,4642631.238727044,1.2,2013,12,3,349-25,[]
TX,944.874061412,291833.34715824,4641597.894604948,1.2,1217,11,4,244-14,[]
TX,945.150177856,295124.088363003,4642696.424999558,1.2,854,8,4,195-19,"[['RX_GW', 945.357591181, 854, 8, 4, 868.1, -125.780600394, '00:00:00:00:00:04']]"
TX,945.261701534,291623.731078575,4644278.861800119,1.2,71,12,4,104-18,[]
TX,945.271762089,290293.534511495,4641969.066798221,1.2,2611,8,4,81-10,[]
TX,945.374028326,296132.762603029,4643127.882680449,1.2,2624,9,4,82-24,"[['RX_GW', 945.745794784, 2624, 9, 4, 868.1, -127.986260148, '00:00:00:00:00:04']]"
TX,945.718354662,289940.484341612,4634395.129014887,1.2,1733,12,4,311-17,[]
TX,945.734820235,293240.992203462,4639406.152409253,1.2,2369,12,4,55-18,[]
TX,945.801555909,291954.671725278,4642592.838283112,1.2,943,12,4,206-13,[]
TX,946.118626527,272284.440387464,4627693.069531696,1.2,2062,12,4,358-18,[]
TX,946.465338858,293389.777074612,4641519.449124723,1.2,1904,12,4,336-4,[]
TX,946.65401484,290955.171252529,4644789.540203301,1.2,181,12,4,112-5,[]
TX,946.709009381,290890.114427036,4638734.649171013,1.2,1561,12,4,290-21,[]
TX,947.07713369,293093.557581604,4641184.527179479,1.2,1542,12,4,288-4,[]
TX,947.170763655,292398.360459091,4642186.218644212,1.2,1052,12,3,226-17,[]
TX,947.199259353,289050.435537151,4637210.311840334,1.2,1235,12,4,246-10,[]
TX,947.258968036,292959.675305833,4643934.64422699,1.2,1652,12,4,305-25,[]
TX,947.289068589,288218.093398468,4649925.978977932,1.2,461,12,3,147-10,[]
TX,947.301781134,290356.547575651,4641812.454258029,1.2,658,7,3,167-16,[]
TX,947.625620896,292672.621167292,4641797.174594723,1.2,1092,12,4,231-22,[]
TX,947.705930976,273695.986044437,4630615.713091524,1.2,1298,12,4,254-28,[]
TX,947.738942162,291771.015451897,4642823.897323701,1.2,66,12,3,103-4,[]
TX,947.762990561,291931.749301085,4642579.436178895,1.2,791,12,4,186-13,[]
TX,947.904888008,291136.396382342,4640291.495991945,1.2,2033,9,4,353-20,[]
TX,947.940449966,291159.274765559,4641968.070925645,1.2,1784,10,4,320-13,[]
TX,947.956940641,291034.407775751,4644015.163995422,1.2,844,12,4,194-14,[]
TX,948.294406419,294052.294844545,4645645.864185362,1.2,1334,12,4,259-5,[]
TX,948.380726937,293710.002795861,4645350.016494994,1.2,1840,12,4,330-17,[]
TX,948.511953125,291897.35570515,4642568.126206215,1.2,2071,12,4,358-5,[]
TX,948.512289818,289230.097042239,4642517.206158491,1.2,2397,11,4,56-8,[]
TX,948.525651086,295124.025874352,4642725.490339818,1.2,467,7,4,147-25,[]
TX,948.548974048,285639.491467042,4641240.98464737,1.2,1732,12,4,310-7,[]
TX,948.746252565,291684.374636519,4642381.643331595,1.2,764,11,4,182-23,[]
TX,948.779580908,278382.745556541,4632510.898548231,1.2,1002,12,4,215-9,[]
TX,948.892810736,273690.648871511,4630611.766541269,1.2,1927,12,3,339-17,[]
TX,949.086340647,299749.341499558,4630061.873228501,1.2,989,12,3,214-7,[]
TX,949.315210469,290737.238956616,4642899.770952915,1.2,2575,12,4,76-14,[]
TX,949.400674867,294105.584199536,4650345.734429948,1.2,1473,12,3,275-6,[]
TX,949.456230669,287350.748406721,4641829.424003204,1.2,1324,12,4,256-5,[]
TX,949.521320888,292466.164404005,4637296.378410346,1.2,1330,12,4,259-20,[]
TX,949.625881582,290999.877213173,4641117.809570192,1.2,1421,8,3,270-13,[]
TX,949.683323303,291582.744949412,4644175.732511332,1.2,1205,12,4,241-27,[]
TX,949.711144722,291470.488741694,4642353.254806643,1.2,42,12,4,101-5,[]
TX,949.863055864,290163.447789835,4635332.574170117,1.2,963,12,4,21-13,[]
TX,949.917002494,291967.125125456,4642595.545584038,1.2,144,12,4,11-3,[]
TX,949.956919954,290163.365857987,4647005.449769182,1.2,950,12,4,206-8,[]
TX,950.061032213,291168.762065515,4641346.226000233,1.2,1880,8,3,334-20,[]
TX,950.31323562,289935.67215794,4634393.409809308,1.2,79,12,4,104-7,[]
TX,950.537579809,290537.232292416,4643246.903666124,1.2,503,12,4,150-15,[]
TX,950.653714349,289831.193064032,4643472.309833189,1.2,1135,12,4,237-25,[]
TX,951.064526983,292307.360902472,4643341.394314404,1.2,1273,12,4,253-12,[]
TX,951.085651107,290923.095302393,4644330.035460613,1.2,338,12,3,131-25,[]
TX,951.259377673,289217.450029162,4642074.988019967,1.2,387,9,4,139-10,[]
TX,951.489043245,291269.672658931,4642408.305194894,1.2,688,12,3,172-21,[]
TX,951.700191876,291303.8951177,4642405.506317583,1.2,1555,12,3,290-1,[]
TX,951.748966399,298862.919249545,4644419.043755814,1.2,833,12,4,190-21,[]
TX,951.93087049,293764.57016154,4641451.659380586,1.2,1044,12,4,223-28,[]
TX,952.054643152,293636.162023391,4643463.163857976,1.2,77,12,4,104-5,[]
TX,952.574231166,288986.521512789,4641750.469330164,1.2,193,9,4,113-28,"[['RX_GW', 952.945996945, 193, 9, 4, 868.1, -127.450656007, '00:00:00:00:00:02']]"
TX,952.622954196,292190.440722857,4641899.243485572,1.2,104,12,3,107-22,[]
TX,952.680866327,289556.950446825,4641614.429074591,1.2,2117,7,3,367-18,[]
TX,952.692087416,300206.573444852,4637453.798666004,1.2,923,12,3,203-24,[]
TX,952.819245336,293837.330533704,4640791.094671521,1.2,2619,11,4,82-11,[]
TX,952.868230764,291016.040468857,4644907.172271284,1.2,603,12,4,159-5,[]
TX,952.969162046,288840.194560414,4641814.474678743,1.2,2058,8,4,358-12,"[['RX_GW', 953.176576326, 2058, 8, 4, 868.1, -126.603492594, '00:00:00:00:00:02']]"
TX,952.997813376,288955.004700555,4642633.181569402,1.2,1287,11,3,254-16,[]
TX,953.046482229,288182.641772487,4643895.438269647,1.2,2427,12,4,61-19,[]
TX,953.207189913,289739.564056255,4633437.297386099,1.2,2738,12,4,95-29,[]
TX,953.397238594,294601.677805758,4644526.000561505,1.2,435,12,3,141-12,[]
TX,953.404064148,291875.950118346,4639206.771016563,1.2,2703,12,4,91-4,[]
TX,953.519580347,289783.626877593,4643502.227391477,1.2,5,12,4,100-17,[]
TX,953.547116451,291987.302067812,4643710.74048044,1.2,664,12,4,167-3,[]
TX,954.057054824,290756.205265157,4643847.477393975,1.2,1039,12,4,223-23,[]
TX,954.106756458,290144.361506067,4643409.773712121,1.2,1656,12,4,305-3,[]
TX,954.124302844,292800.985615334,4643141.539555962,1.2,158,12,4,110-26,[]
TX,954.217811839,291693.731162214,4642120.965938423,1.2,2370,12,3,55-19,[]
TX,954.246134115,292317.281661438,4642042.770379857,1.2,1399,12,4,268-30,[]
TX,954.336367687,295169.400009415,4637591.896188604,1.2,699,12,4,173-27,[]
TX,954.39876244,291788.527446103,4642525.182296082,1.2,137,12,3,11-1,[]
TX,954.63844817,273721.580197732,4630652.556394399,1.2,212,12,4,12-1,[]
TX,954.659912071,290949.497996558,4639028.456764034,1.2,686,12,4,172-19,[]
TX,954.707338382,294166.33235488,4642782.54610607,1.2,2497,11,4,70-7,"[['RX_GW', 956.188098151, 2497, 11, 4, 868.1, -133.523936627, '00:00:00:00:00:04']]"
TX,954.777680876,291243.668632153,4641238.16936015,1.2,2405,9,4,58-17,[]
TX,954.796942834,292746.485558687,4641892.159233577,1.2,1131,12,4,237-12,[]
TX,954.803297415,282875.794621715,4632861.433130872,1.2,1985,12,4,347-12,[]
TX,954.844373509,294145.777115069,4647405.691654801,1.2,1913,12,4,337-25,[]
TX,954.952094202,273714.892119475,4630631.427951107,1.2,1392,12,4,268-17,[]
TX,954.995516301,292731.748994184,4641843.525426894,1.2,1349,12,4,261-24,[]
TX,955.337380439,291917.491833788,4640518.021164988,1.2,834,12,4,190-29,[]
TX,955.348620519,288843.661092347,4643630.165643711,1.2,431,12,4,140-6,[]
TX,955.374969837,285485.142817866,4641071.504001825,1.2,1475,12,4,279-10,[]
TX,955.564913741,273760.954771413,4630433.577163465,1.2,1471,12,4,275-4,[]
TX,955.706431432,287905.752888614,4634491.975059765,1.2,2322,12,4,50-28,[]
TX,955.848819259,291847.918888386,4642552.608787493,1.2,369,12,4,138-12,[]
TX,956.048718199,291984.617979351,4643701.147204832,1.2,240,12,4,124-1,[]
TX,956.168489835,294201.761840672,4650475.184829473,1.2,2146,12,4,369-4,[]
TX,956.20218664,294386.132620869,4644780.396941805,1.2,60,12,4,103-19,[]
TX,956.329176419,290960.725575817,4641191.208497682,1.2,2599,7,3,8-21,"[['RX_GW', 956.444173402, 2599, 7, 3, 868.1, -123.296523898, '00:00:00:00:00:02']]"
TX,956.444860384,294083.44703472,4646779.271868101,1.2,729,12,4,179-20,[]
TX,956.470912179,293769.39271869,4641700.558222502,1.2,623,11,3,162-25,"[['RX_GW', 957.951672142, 623, 11, 3, 868.1, -134.89902698, '00:00:00:00:00:04']]"
TX,956.531175082,294137.59784532,4647413.915073081,1.2,2566,12,4,75-27,[]
TX,956.548845696,291124.86305352,4641154.863869896,1.2,1604,7,4,3-12,"[['RX_GW', 956.663843182, 1604, 7, 4, 868.1, -123.068193735, '00:00:00:00:00:02']]"
TX,956.732541123,271843.5995598,4630655.238289509,1.2,2057,12,4,358-11,[]
TX,956.822904797,291300.926545802,4641988.328222552,1.2,2672,12,4,85-14,[]
TX,956.959929049,291343.349957932,4636341.185705834,1.2,2715,12,4,93-20,[]
TX,957.09668421,295113.844856657,4642668.680574923,1.2,2086,8,4,361-7,[]
TX,957.107074451,290358.131881164,4641812.339219793,1.2,887,7,4,199-24,[]
TX,957.155519079,290059.658106491,4634502.240329234,1.2,1004,12,4,22-11,[]
TX,957.171191238,295116.789949232,4642698.479493182,1.2,1328,8,4,259-18,[]
TX,957.206822219,290694.453858561,4641312.050142126,1.2,283,7,4,127-6,[]
TX,957.359340412,289659.666385971,4645633.232157877,1.2,2314,12,3,50-17,[]
TX,957.425438039,292677.8052805,4641780.811352464,1.2,96,12,3,106-26,[]
TX,957.603864903,289452.523927283,4635058.890509696,1.2,187,12,4,113-13,[]
TX,957.712469764,290509.605024192,4639983.808329741,1.2,2053,9,4,357-5,[]
TX,957.963233213,291971.007889697,4642687.179959533,1.2,2010,12,3,349-21,[]
TX,958.058644413,283319.331230724,4632885.058610301,1.2,1311,12,4,256-15,[]
TX,958.224421006,290192.728430668,4636594.500319526,1.2,135,12,4,109-6,[]
TX,958.276852311,291046.392383479,4641931.83515047,1.2,1975,9,4,344-2,[]
TX,958.461493174,293206.358483758,4642042.864356416,1.2,1315,11,4,256-19,"[['RX_GW', 959.94225509, 1315, 11, 4, 868.1, -134.636572228, '00:00:00:00:00:04']]"
TX,958.516578614,291996.433939854,4643713.429867642,1.2,2565,12,4,75-26,[]
TX,958.5482309,291845.790731122,4642551.586226612,1.2,948,12,4,206-27,[]
TX,958.791412141,273717.753389678,4630626.454947528,1.2,1290,12,4,254-19,[]
TX,958.794305387,289791.419065778,4641765.391453656,1.2,106,7,4,107-24,[]
TX,958.824639691,292672.631348435,4643690.168272045,1.2,1697,12,4,31-11,[]
TX,958.972584165,291056.439824948,4644020.887395283,1.2,2630,12,4,82-4,[]
TX,959.115077448,291850.371267035,4642553.094297253,1.2,2768,12,3,97-27,[]
TX,959.413165415,290466.449199047,4640689.124180216,1.2,1336,7,3,260-18,[]
TX,959.475786139,289961.169210797,4647066.3414955,1.2,1851,12,4,330-6,[]
TX,959.679470321,290861.060913292,4642273.576091793,1.2,1501,12,4,282-4,[]
TX,959.711545678,290979.760720018,4640403.025210802,1.2,2642,8,4,84-1,[]
TX,959.787507375,288218.415544711,4643358.744267447,1.2,2570,12,3,75-8,[]
TX,959.803368259,289940.651804455,4642816.161064721,1.2,1430,11,4,270-25,[]
TX,959.883637293,291488.720457747,4641984.836750872,1.2,1196,10,4,24-7,[]
TX,959.927281884,290502.969075223,4643376.383341777,1.2,2586,12,4,79-18,[]
TX,960.141910606,291823.348153028,4641052.373226084,1.2,818,12,4,188-6,[]
TX,960.181852483,291468.569514864,4642361.469067512,1.2,2568,12,4,75-5,[]
TX,960.257795284,293386.4564398,4640739.127000052,1.2,2039,12,4,353-5,[]
TX,960.268212585,290356.032785118,4641447.474254254,1.2,1796,7,4,321-21,[]
TX,960.391348837,299746.439272322,4630059.74665084,1.2,581,12,4,158-10,[]
TX,960.455604118,294395.987128471,4642711.777959474,1.2,2627,10,4,82-27,[]
TX,960.616527061,288938.738664163,4642679.872698065,1.2,602,12,3,159-4,[]
TX,960.657075395,293231.356693398,4640205.662479178,1.2,691,12,4,172-30,[]
TX,960.668623945,289443.37247135,4646156.885967558,1.2,2545,12,4,72-6,[]
TX,960.684681635,292132.126725099,4641847.092635478,1.2,1494,12,4,281-3,[]
TX,960.777768939,295130.450524641,4642702.607332631,1.2,2625,8,4,82-25,[]
TX,960.928447556,292451.196263918,4641823.375846791,1.2,2097,12,4,363-12,[]
TX,960.980367701,293334.86035553,4640169.385152702,1.2,983,12,4,214-20,[]
TX,961.309291848,294300.051172247,4639031.697900755,1.2,881,12,4,198-26,[]
TX,961.411007315,290213.685279504,4640178.641692235,1.2,1229,7,4,245-14,[]
TX,961.444507417,290656.408926931,4646621.490257139,1.2,2522,12,4,71-7,[]
TX,961.46334237,290795.667521816,4643802.05545223,1.2,872,12,3,197-7,[]
TX,961.937724093,290729.863213191,4642212.52747306,1.2,325,10,4,130-28,[]
TX,962.319640311,291242.537123472,4641251.234065257,1.2,662,9,4,167-20,"[['RX_GW', 962.691406274, 662, 9, 4, 868.1, -128.196008673, '00:00:00:00:00:02']]"
TX,962.339389165,291868.984094352,4642545.214531805,1.2,2661,12,4,84-29,[]
TX,962.417540799,290852.082522455,4642269.126050437,1.2,1503,12,4,282-6,[]
TX,962.476029325,294857.284411651,4644942.716780254,1.2,1957,12,3,340-3,[]
TX,962.592461759,283013.440995455,4632861.022951261,1.2,1745,12,4,313-14,[]
TX,962.66134168,291511.586363899,4642076.415361507,1.2,612,12,3,160-5,[]
TX,962.711098697,295117.794253223,4642703.38211576,1.2,1331,8,4,259-21,[]
TX,962.766497011,284442.383412094,4632908.826946803,1.2,2133,12,4,368-16,[]
TX,962.853954905,290356.044198503,4640378.08342127,1.2,2468,7,4,68-20,"[['RX_GW', 962.968950618, 2468, 7, 4, 868.1, -115.246088915, '00:00:00:00:00:02']]"
TX,962.878523717,292775.479725437,4641225.896917715,1.2,1089,12,4,231-18,[]
TX,962.929818206,291951.272105052,4642589.009652663,1.2,2089,12,4,362-19,[]
TX,963.111158866,291994.841971819,4641732.044433903,1.2,421,12,4,140-20,[]
TX,963.173352554,289718.615256511,4647166.195253244,1.2,2165,12,4,372-27,[]
TX,963.183056038,291632.71298195,4642847.586312022,1.2,413,12,4,140-13,[]
TX,963.195414766,292676.622831971,4643703.655875295,1.2,20,12,4,100-7,[]
TX,963.207335954,288974.831244027,4642579.454724909,1.2,29,12,4,101-17,[]
TX,963.285221761,291829.643314871,4640793.98475302,1.2,150,10,3,110-11,[]
TX,963.365100081,293342.531622603,4651800.609370403,1.2,2507,12,4,71-19,[]
TX,963.399132923,285113.857453016,4632608.399136915,1.2,1342,12,4,260-6,[]
TX,963.574756429,290330.844311738,4643687.962373755,1.2,977,12,4,211-27,[]
TX,963.74532126,291491.149036388,4642505.490896853,1.2,498,12,4,149-16,[]
TX,963.816563775,292510.25400449,4642913.343289895,1.2,44,12,4,101-7,[]
TX,963.901217042,296607.728497272,4645913.384013156,1.2,18,12,3,100-5,[]
TX,963.954403263,292017.15797334,4643035.122062958,1.2,2553,12,4,73-7,[]
TX,964.243558417,289625.633936217,4643507.79952819,1.2,2179,12,4,40-11,[]
TX,964.294214655,273693.664000372,4630589.744118566,1.2,1301,12,4,254-4,[]
TX,964.423284644,294026.015443993,4644505.848458475,1.2,732,12,4,179-30,[]
TX,964.523473529,289707.158463183,4647157.76400725,1.2,681,12,4,171-26,[]
TX,964.661076695,289991.585544831,4641595.331334512,1.2,2430,7,4,61-29,[]
TX,964.856412113,290166.906107905,4635345.335478023,1.2,1267,12,4,250-3,[]
TX,964.87961501,292238.852792763,4643065.313667289,1.2,2711,12,4,93-17,[]
TX,964.888865435,289881.166363384,4642383.147805383,1.2,314,10,4,130-17,[]
TX,964.921343884,294956.634700371,4647144.510893675,1.2,2687,12,4,88-14,[]
TX,965.346406864,296174.574410057,4639331.030770544,1.2,988,12,4,214-6,[]
TX,965.349127154,291517.447749528,4636507.275682434,1.2,921,12,3,203-13,[]
TX,965.445278474,290321.418023793,4636962.996019153,1.2,861,12,4,195-7,[]
TX,965.571173126,292307.765669467,4642043.532161498,1.2,2104,12,4,363-24,[]
TX,965.63117505,292453.161035661,4641829.060384595,1.2,2428,12,4,61-20,[]
TX,965.65865846,292276.83194001,4642011.612453154,1.2,598,12,4,159-18,[]
TX,965.692932636,290986.034367931,4640734.02072841,1.2,2407,7,3,58-20,[]
TX,965.711887545,293713.131472941,4645353.183938211,1.2,2260,12,4,46-19,[]
TX,965.737865286,287903.563549743,4633357.515123139,1.2,2756,12,3,97-13,[]
TX,965.821876348,283027.773838814,4634181.322085314,1.2,2167,12,4,374-29,[]
TX,965.909047011,291434.23394252,4642048.300364523,1.2,2289,12,4,47-5,[]
TX,966.135578134,295042.262403929,4642854.54496464,1.2,119,8,4,109-17,[]
TX,966.27988972,292531.545135138,4642912.267355708,1.2,139,12,4,11-18,[]
TX,966.430799333,286669.94113796,4645067.780073159,1.2,668,12,4,167-7,[]
TX,966.532669927,290680.021662129,4641294.345558044,1.2,52,7,4,102-3,[]
TX,966.606271213,275682.051605812,4626345.084235156,1.2,2605,12,4,80-17,[]
TX,967.179027631,292670.412523132,4642646.035681803,1.2,204,12,3,119-10,[]
TX,967.273381496,294404.427403581,4642763.717822645,1.2,2371,11,3,55-20,[]
TX,967.283595091,290982.180557343,4640744.864942843,1.2,582,8,3,158-11,[]
TX,967.408284065,271581.68196469,4630137.303318108,1.2,1984,12,4,347-10,[]
TX,967.510988927,289939.864267329,4634407.875978339,1.2,267,12,4,126-12,[]
TX,967.526736325,296516.597228901,4643812.615196101,1.2,1050,12,4,226-13,[]
TX,967.633236138,283936.091212791,4632951.288051892,1.2,278,12,4,127-20,[]
TX,967.646457708,291893.473087596,4642576.306901522,1.2,1599,12,4,298-5,[]
TX,967.705365438,273696.891906245,4630611.208465934,1.2,1926,12,4,339-14,[]
TX,967.73215432,292671.83189035,4641801.035546495,1.2,1091,12,4,231-21,[]
TX,967.871109281,292188.744452826,4642172.981471349,1.2,1626,12,4,303-20,[]
TX,967.927358802,291179.984199815,4635304.823204055,1.2,2201,12,4,42-11,[]
TX,967.952185095,292717.68370855,4643726.923775107,1.2,737,12,4,181-13,[]
TX,967.964686148,289988.347285341,4637704.685261063,1.2,599,12,4,159-19,[]
TX,968.005865452,289234.754602589,4642073.514100996,1.2,10,9,4,100-22,[]
TX,968.149089751,292670.44924912,4640529.507630923,1.2,898,12,4,201-11,[]
TX,968.325586313,291894.853597496,4641963.318046585,1.2,2,11,4,100-12,[]
TX,968.401631438,301801.635296831,4643838.195107851,1.2,2495,12,4,70-5,[]
TX,968.458181956,291899.054312932,4641661.367579581,1.2,1833,12,4,326-5,[]
TX,968.510352614,292589.618052907,4641498.480857987,1.2,247,12,4,124-21,[]
TX,968.63892474,288558.442356583,4637564.264113661,1.2,1408,12,4,269-19,[]
TX,968.654508473,293241.610845205,4640211.073830498,1.2,1701,12,4,31-15,[]
TX,968.985347965,290719.647660586,4641302.662522945,1.2,1123,7,4,234-21,"[['RX_GW', 969.100344332, 1123, 7, 4, 868.1, -119.073972027, '00:00:00:00:00:02']]"
TX,969.108146242,291012.8026179,4641814.0364082,1.2,2618,10,4,82-10,"[['RX_GW', 969.767656412, 2618, 10, 4, 868.1, -131.859921246, '00:00:00:00:00:02']]"
TX,969.34785691,290747.868997904,4642887.329291815,1.2,1360,12,4,262-8,[]
TX,969.638189136,290391.585456756,4635320.038778314,1.2,2191,12,4,41-13,[]
TX,969.707848748,291043.914660155,4641923.055376192,1.2,2670,9,3,85-12,[]
TX,969.72641548,294607.003074693,4647544.44200443,1.2,2339,12,3,51-18,[]
TX,969.993565302,292525.523331039,4642919.419158349,1.2,533,12,4,151-8,[]
TX,970.198160605,291930.927991195,4639144.407914075,1.2,917,12,4,202-27,[]
TX,970.209803008,290762.091920367,4641518.608749055,1.2,2151,8,4,371-19,[]
TX,970.228499841,291535.005864125,4642158.184224583,1.2,2763,12,4,97-22,[]
TX,970.231738123,291378.931068127,4642030.214102025,1.2,2359,12,3,53-3,[]
TX,970.28521139,292790.574665571,4642170.119759982,1.2,2170,12,4,39-14,[]
TX,970.39860709,290099.256534226,4642973.753778891,1.2,2095,12,4,363-1,[]
TX,970.422791271,273692.943409398,4630650.380711325,1.2,962,12,4,21-12,[]
TX,970.613077246,293302.248143492,4644311.901604036,1.2,1532,12,4,287-6,[]
TX,970.935358642,291058.979421306,4644041.647639959,1.2,1356,12,4,262-10,[]
TX,971.157279307,288878.889867364,4640033.814825791,1.2,1238,8,4,246-13,[]
TX,971.214770498,295526.393469447,4642407.620514493,1.2,700,7,4,174-17,[]
TX,971.280858754,294133.450142024,4647404.692808048,1.2,226,12,4,121-18,[]
TX,971.30059707,290016.607879152,4640039.153155262,1.2,2090,8,4,362-20,[]
TX,971.374354259,290003.694338982,4641547.115107807,1.2,758,7,4,182-10,[]
TX,971.561667802,273697.858059722,4630698.260775352,1.2,1479,12,4,279-14,[]
TX,971.565313223,286591.096814258,4641688.625006639,1.2,1609,12,4,3-26,[]
TX,971.633726557,291177.969188598,4641381.429272377,1.2,741,9,4,181-19,[]
TX,971.901915824,291774.257313389,4639892.857017825,1.2,2765,12,3,97-24,[]
TX,972.242970513,293321.827244436,4644269.345447841,1.2,2691,12,4,88-27,[]
TX,972.245538578,292262.378851822,4643879.061538074,1.2,2176,12,4,39-27,[]
TX,972.408906055,290954.765233028,4642276.429955265,1.2,2760,12,3,97-19,[]
TX,972.412310047,291007.952218477,4640379.968732432,1.2,1014,7,3,220-24,[]
TX,972.460912761,289358.067733554,4634303.57333193,1.2,2101,12,4,363-19,[]
TX,972.541845418,292120.799881979,4642617.756202294,1.2,1972,12,4,341-7,[]
TX,972.650798905,292699.463567428,4641838.56816409,1.2,1084,12,4,231-11,[]
TX,972.745668318,295586.161055867,4645585.51215201,1.2,1029,12,4,222-13,[]
TX,972.769167365,292891.884283339,4642205.776919848,1.2,2168,12,4,39-10,[]
TX,972.779446431,290384.097926521,4641821.457264263,1.2,505,7,4,150-17,[]
TX,972.839292312,289186.509878707,4643003.126857357,1.2,2662,12,4,84-3,[]
TX,972.955988577,290810.457313958,4642275.641414279,1.2,1671,10,4,308-12,[]
TX,973.04445295,290464.802117487,4640617.03670444,1.2,607,7,4,160-2,[]
TX,973.058734767,290354.580016019,4641428.438159829,1.2,1950,7,4,340-18,[]
TX,973.193750447,293673.273294234,4642595.311436976,1.2,2002,12,4,348-7,[]
TX,973.359539348,287904.082607203,4643948.571427069,1.2,811,12,4,187-6,[]
TX,973.40690209,291107.62920917,4642352.059265007,1.2,170,12,4,112-1,[]
TX,973.42158267,292825.071934334,4640668.454062472,1.2,676,12,4,171-14,[]
TX,973.812338066,282392.917221601,4632810.659124029,1.2,2200,12,4,42-10,[]
TX,974.042325587,291835.736356227,4642494.624990974,1.2,2420,12,4,60-14,[]
TX,974.052343839,292179.257973106,4637090.312455528,1.2,2417,12,4,59-3,[]
TX,974.213715538,291385.420276959,4641409.598585355,1.2,2673,10,4,85-27,[]
TX,974.273818791,291475.973243543,4639031.948101237,1.2,2595,12,4,8-17,[]
TX,974.755148114,291856.822958994,4642560.232975027,1.2,341,12,3,131-8,[]
TX,974.874209705,291984.958842,4643711.610598709,1.2,2396,12,4,56-7,[]
TX,974.90674161,290230.972012476,4642584.61150817,1.2,1323,11,3,256-4,[]
TX,974.922269481,294782.827578587,4644781.105893144,1.2,918,12,4,202-28,[]
TX,975.023949557,273554.093019579,4630599.891870815,1.2,804,12,4,187-20,[]
TX,975.025383279,295106.972870716,4645229.469469442,1.2,2080,12,4,361-20,[]
TX,975.329588526,289594.012641616,4641930.857668609,1.2,446,8,4,143-24,[]
TX,975.396658896,291109.024564198,4641362.040198971,1.2,1961,9,3,340-8,[]
TX,975.704773874,295079.861414116,4642764.362414924,1.2,2045,7,4,356-8,"[['RX_GW', 975.819771459, 2045, 7, 4, 868.1, -123.640572717, '00:00:00:00:00:04']]"
TX,975.725181342,293129.826130952,4640654.631859078,1.2,1352,12,4,261-27,[]
TX,975.726158971,293323.201582803,4644286.52252501,1.2,2197,12,4,41-28,[]
TX,975.813705367,291666.619160613,4642140.50195124,1.2,1179,12,3,24-16,[]
TX,975.942622693,291036.792671236,4644004.873019421,1.2,750,12,4,181-28,[]
TX,975.946186307,292393.652214363,4641920.209804998,1.2,876,12,4,198-13,[]
TX,976.040685539,291525.587015222,4641533.115467605,1.2,2028,9,4,353-1,[]
TX,976.329467305,292530.566235676,4642901.176627371,1.2,1058,12,4,226-23,[]
TX,976.331556857,290127.182146397,4636891.404441367,1.2,1613,12,4,301-11,[]
TX,976.455818821,293015.599148976,4651458.089524412,1.2,346,12,4,137-13,[]
TX,976.54705578,295134.601643013,4642690.343193453,1.2,487,8,4,148-27,"[['RX_GW', 976.75446907, 487, 8, 4, 868.1, -125.608112141, '00:00:00:00:00:04']]"
TX,976.774371284,285868.99020006,4643370.76707238,1.2,1042,12,4,223-26,[]
TX,976.852103658,286001.287168593,4634423.296726441,1.2,775,12,4,184-13,[]
TX,976.901298612,290876.716101664,4642257.363428848,1.2,1830,12,3,326-21,[]
TX,977.184202015,287907.822186732,4643989.26564311,1.2,1113,12,4,232-7,[]
TX,977.637282957,292325.561788679,4642057.204534807,1.2,1708,12,4,31-21,[]
TX,977.734316896,287576.510730313,4641416.065880674,1.2,2103,12,4,363-20,[]
TX,977.836328164,282594.752435665,4636750.774208575,1.2,1803,12,4,322-17,[]
TX,977.868764292,291441.268225958,4636441.109627464,1.2,1187,12,4,24-26,[]
TX,977.916825515,290667.750519576,4641600.197231688,1.2,2160,7,4,371-28,[]
TX,978.049426652,291617.391036138,4642864.945536824,1.2,1000,12,4,215-27,[]
TX,978.194874938,291183.257292815,4641310.621664082,1.2,2636,8,4,83-17,[]
TX,978.596803822,291067.062469751,4644026.445895787,1.2,2706,12,4,91-7,[]
TX,978.608916069,291522.789509311,4642069.449456484,1.2,1678,12,4,308-26,[]
TX,978.652353541,286377.865619534,4640698.838732264,1.2,663,12,3,167-21,[]
TX,978.726662313,289646.814813079,4643503.910858401,1.2,2747,12,4,96-21,[]
TX,978.756458857,273661.41748603,4630680.841078949,1.2,2207,12,4,42-26,[]
TX,978.886497293,289183.664934333,4642515.109638453,1.2,1718,11,4,31-6,[]
TX,979.022915903,276411.272884524,4626963.138845452,1.2,1272,12,4,253-11,[]
TX,979.201160869,291127.990430281,4641239.321882774,1.2,80,10,4,105-17,[]
TX,979.232358934,291943.680922086,4641702.862278802,1.2,160,12,4,110-28,[]
TX,979.314173035,289225.034142683,4642051.624210381,1.2,2111,9,4,363-7,[]
TX,979.440433644,291047.152255171,4640499.867142712,1.2,2196,9,4,41-27,[]
TX,979.529479803,291726.375637159,4642150.282853422,1.2,674,12,4,171-12,[]
TX,979.715453939,292454.65440722,4641382.664939978,1.2,1891,12,4,335-2,[]
TX,979.846250538,292233.128224766,4639459.964785973,1.2,746,12,4,181-24,[]
TX,979.882464329,290723.571789745,4644567.879329904,1.2,1234,12,4,245-28,[]
TX,979.887086038,284472.418618308,4632921.682276747,1.2,1278,12,4,253-26,[]
TX,979.925680262,286748.969649044,4645121.036623647,1.2,1522,12,4,287-22,[]
TX,980.017945328,291742.533700484,4642039.490031257,1.2,632,11,4,163-11,[]
TX,980.068036615,290951.896016744,4642039.847445332,1.2,966,10,4,21-25,[]
TX,980.197486267,289406.530434568,4645433.41634466,1.2,508,12,4,150-21,[]
TX,980.249664564,291624.583197757,4642140.522852248,1.2,1896,12,4,335-6,[]
TX,980.287616401,290860.635648963,4642314.240528737,1.2,1536,11,3,288-17,[]
TX,980.369833278,291019.996170725,4644036.103297579,1.2,749,12,4,181-27,[]
TX,980.532560163,291955.174717101,4642597.382439439,1.2,145,12,4,11-4,[]
TX,980.724729519,290516.772640196,4637404.580423924,1.2,1596,12,3,298-21,[]
TX,980.734227548,290730.988567814,4647058.492254069,1.2,1395,12,4,268-20,[]
TX,980.749036279,290990.617017878,4640926.638045484,1.2,2577,7,4,76-23,[]
TX,980.783650199,292743.175406788,4643107.875201765,1.2,471,12,4,147-8,[]
TX,980.784750377,292384.751227749,4637304.844864147,1.2,322,12,4,130-25,[]
TX,980.892706023,291993.23924536,4643721.284813543,1.2,1492,12,4,28-28,[]
TX,980.904049349,291764.709865015,4644103.708227286,1.2,1423,12,3,270-18,[]
TX,981.087039625,289948.936330937,4634407.179089716,1.2,473,12,4,148-10,[]
TX,981.187175294,291532.302296484,4640974.723695037,1.2,510,9,4,150-3,[]
TX,981.24189205,273655.378722948,4630684.108762493,1.2,2047,12,4,357-17,[]
TX,981.403602029,291963.769899672,4642584.512628663,1.2,1714,12,4,31-3,[]
TX,981.409753469,292207.870073617,4642682.32939116,1.2,2494,12,4,70-4,[]
TX,981.466594551,288656.684876181,4642693.741168329,1.2,768,12,4,182-5,[]
TX,981.487718734,286695.898039871,4641690.238397737,1.2,1835,12,4,326-7,[]
TX,981.773282198,291069.154869625,4641935.210405109,1.2,2228,9,4,43-5,[]
TX,981.987062864,294902.089235187,4644995.21974923,1.2,1858,12,4,332-14,[]
TX,981.996236201,291125.544582405,4641459.226437424,1.2,511,9,4,150-30,[]
TX,982.026234704,293261.692598255,4639502.74763666,1.2,1865,12,4,332-26,[]
TX,982.029483253,291352.180251533,4641423.439228198,1.2,589,10,4,158-25,[]
TX,982.366887481,289934.260134826,4634403.866503962,1.2,2560,12,4,75-20,[]
TX,982.38460065,302167.50918672,4640956.202034061,1.2,774,12,4,184-12,[]
TX,982.553088577,301144.163430234,4640692.353743412,1.2,1370,12,4,264-5,[]
TX,982.577882513,292317.65018215,4642051.977969771,1.2,1960,12,3,340-7,[]
TX,982.696672773,289896.166814999,4642464.316523617,1.2,1457,10,4,274-3,[]
TX,982.837108583,288057.160828563,4639092.67717388,1.2,312,12,4,130-13,[]
TX,982.880885433,293527.108313411,4641010.059678341,1.2,2105,12,4,363-25,[]
TX,983.095244961,289589.726373945,4638768.994532474,1.2,1237,12,4,246-12,[]
TX,983.330952069,290724.072460164,4647240.420459538,1.2,1209,12,4,242-13,[]
TX,983.752176324,291731.150289913,4642150.325122055,1.2,2639,12,4,83-21,[]
TX,983.83508413,289860.727469289,4641697.457661517,1.2,1958,7,4,340-4,[]
TX,984.117675684,291492.427280238,4642515.730179517,1.2,186,12,4,113-12,[]
TX,984.185115916,291710.275045944,4642415.812426746,1.2,2489,12,4,70-19,[]
TX,984.295330167,290667.761452948,4641292.852817421,1.2,448,7,4,143-26,[]
TX,984.593825681,293707.067220144,4645350.03795102,1.2,105,12,4,107-23,[]
TX,984.846862317,291135.720156132,4641951.625917972,1.2,669,10,4,169-10,[]
TX,985.054700341,291814.840750264,4642874.690551529,1.2,1998,12,4,348-20,[]
TX,985.074078487,289789.689041636,4645719.934630278,1.2,734,12,4,181-10,[]
TX,985.374448706,289455.071179977,4635441.932713063,1.2,2728,12,4,95-1,[]
TX,985.478247096,291473.946805103,4642058.61558709,1.2,520,12,4,151-20,[]
TX,985.554829694,291210.345227946,4640411.40981552,1.2,1603,8,4,3-11,[]
TX,985.577576803,291142.581805542,4644705.596497721,1.2,330,12,4,130-7,[]
TX,985.592663528,290737.507539701,4642906.743014555,1.2,544,12,4,152-8,[]
TX,985.596955822,290959.004791478,4639067.027884698,1.2,2421,12,4,60-17,[]
TX,985.731936221,291775.589644505,4641548.771100378,1.2,2156,11,4,371-24,[]
TX,986.105707239,290826.199420001,4636923.003268207,1.2,1765,12,4,317-3,[]
TX,986.128165396,289227.572209778,4642064.233711245,1.2,1897,9,4,336-1,[]
TX,986.246590931,293703.104805621,4645351.228295412,1.2,784,12,4,185-4,[]
TX,986.295311989,292828.504649006,4641932.994087294,1.2,2295,12,4,48-13,[]
TX,986.317931134,273692.631165041,4630615.051547823,1.2,1928,12,4,339-18,[]
TX,986.322545699,290481.211372871,4640727.61808348,1.2,2116,7,4,367-17,[]
TX,986.401681681,291541.409262998,4642075.557992891,1.2,2192,12,4,41-14,[]
TX,986.409030105,290666.334789363,4641287.429688087,1.2,530,7,4,151-5,[]
TX,986.507065891,291811.249622618,4639285.887054848,1.2,2242,12,4,45-17,[]
TX,986.564289233,290901.066930004,4642264.986048547,1.2,1069,10,4,226-8,[]
TX,986.587814278,292199.897728244,4643221.941190371,1.2,11,12,4,100-24,[]
TX,986.609460094,288955.017914466,4642632.328193056,1.2,436,11,4,141-13,[]
TX,986.816170764,292779.816489304,4642013.477049181,1.2,1317,12,4,256-21,[]
TX,986.945121551,290446.838553028,4641383.342560012,1.2,651,7,4,163-5,"[['RX_GW', 987.060117326, 651, 7, 4, 868.1, -114.175809514, '00:00:00:00:00:02']]"
TX,987.214349109,291991.428681018,4643710.413632575,1.2,395,12,4,139-26,[]
TX,987.291562004,293305.135748404,4644289.632675917,1.2,1549,12,4,29-24,[]
TX,987.471261428,292308.667857198,4642052.150543559,1.2,793,12,4,186-23,[]
TX,987.522223605,292262.882868661,4638906.36709467,1.2,2623,12,4,82-23,[]
TX,987.723931749,291436.594097547,4641318.577098942,1.2,1041,9,4,223-25,[]
TX,987.787412682,292946.978764553,4644327.453500546,1.2,1348,12,4,261-14,[]
TX,988.006639263,273672.853255346,4630679.751207631,1.2,1978,12,4,344-29,[]
TX,988.200680194,290805.283336649,4638130.438703701,1.2,2737,12,4,95-28,[]
TX,988.314208641,289224.531866767,4642072.205016036,1.2,1619,9,4,301-24,[]
TX,988.352514173,291612.377564281,4641418.465481994,1.2,1578,10,4,293-3,[]
TX,988.493261681,290705.410290531,4641298.333891658,1.2,2668,7,4,85-10,[]
TX,988.544551778,292745.032361574,4642100.953125289,1.2,1079,12,4,229-4,[]
TX,988.654391129,273678.76829765,4630642.926655821,1.2,615,12,4,162-1,[]
TX,988.779283023,292137.197656882,4643131.469497658,1.2,882,12,4,198-27,[]
TX,988.91642462,291473.401223093,4635931.841716789,1.2,1420,12,4,270-11,[]
TX,988.924238309,292945.849255382,4642300.244608496,1.2,1162,12,4,239-26,[]
TX,988.927189471,288416.803074452,4642395.927067369,1.2,440,12,4,141-24,[]
TX,989.026863819,295541.564797213,4645524.885942425,1.2,402,12,4,14-19,[]
TX,989.574989977,293718.451774437,4645085.111701557,1.2,484,12,4,148-24,[]
TX,989.692738438,290060.391886562,4641518.822203942,1.2,1221,7,3,244-25,[]
TX,989.8751221,289226.266836472,4642375.915527376,1.2,2620,10,4,82-12,[]
TX,989.997776532,290074.646997722,4641524.185867554,1.2,1956,7,4,340-28,[]
TX,990.379164027,292128.444609784,4640834.149274044,1.2,1138,12,4,237-8,[]
TX,990.68534401,277585.408427823,4632396.982140749,1.2,1991,12,4,347-27,[]
TX,990.879985225,292520.616030878,4642913.954363256,1.2,2546,12,4,72-7,[]
TX,990.889954683,291758.224307577,4639719.870126806,1.2,1785,12,4,320-14,[]
TX,990.931324378,291679.279094068,4642120.743270143,1.2,360,12,4,137-28,[]
TX,990.956588417,292544.114845767,4641873.376368154,1.2,770,12,4,182-7,[]
TX,991.022398776,293308.619961919,4644293.883672384,1.2,1073,12,4,229-18,[]
TX,991.130845172,290477.462540787,4640621.987829859,1.2,2726,7,4,93-6,[]
TX,991.286091032,273684.960092442,4630638.312874422,1.2,1590,12,4,297-6,[]
TX,991.352998731,291870.8409321,4642566.770106209,1.2,564,12,4,155-2,[]
TX,991.464873856,287153.86304604,4634215.644769693,1.2,1801,12,4,321-7,[]
TX,991.550258086,287541.674680257,4641390.890445767,1.2,2056,12,4,358-10,[]
TX,991.806913063,271454.003224688,4630513.202295041,1.2,2137,12,4,368-20,[]
TX,991.943720314,292141.230772634,4642222.069512405,1.2,1971,12,4,341-6,[]
TX,992.092912697,284071.261216818,4643171.516752464,1.2,1802,12,4,322-1,[]
TX,992.157489321,292331.182144605,4637438.46481184,1.2,1912,12,4,337-24,[]
TX,992.186850531,293455.073262975,4643368.519543633,1.2,236,12,4,121-7,[]
TX,992.270877936,292673.822624403,4643719.305911603,1.2,2532,12,4,72-18,[]
TX,992.501720874,292752.479633458,4636373.931145645,1.2,502,12,4,149-5,[]
TX,992.665262489,291754.052891293,4638619.822759539,1.2,1012,12,4,22-28,[]
TX,992.850373275,291068.614704256,4644048.027861591,1.2,901,12,4,201-22,[]
TX,992.910103061,286688.373165612,4645110.253421778,1.2,463,12,4,147-12,[]
TX,993.036772564,273707.393723785,4630610.482525631,1.2,1284,12,4,254-13,[]
TX,993.074245233,292389.842197605,4637293.970442543,1.2,274,12,4,127-17,[]
TX,993.40562535,286710.172044385,4645132.408600749,1.2,1387,12,4,267-24,[]
TX,993.541030362,295738.499226516,4645479.962525963,1.2,1995,12,4,348-17,[]
TX,993.936845122,292391.914147698,4643087.242108944,1.2,1624,12,4,303-17,[]
TX,994.243600092,289650.771334773,4641938.212580374,1.2,424,7,4,140-25,"[['RX_GW', 994.358597157, 424, 7, 4, 868.1, -123.922597976, '00:00:00:00:00:02']]"
TX,994.296205972,292713.295314409,4641826.094937461,1.2,527,12,4,151-28,[]
TX,994.381609551,287696.69785153,4642100.605376476,1.2,178,12,4,112-3,[]
TX,994.394514556,273711.40359514,4630647.79522551,1.2,83,12,4,105-20,[]
TX,994.417757136,292664.078011942,4642385.133297794,1.2,1371,12,4,264-6,[]
TX,994.440280487,296256.766502441,4635473.710235639,1.2,619,12,4,162-17,[]
TX,994.515846002,290339.080957423,4641417.752528662,1.2,2252,7,4,45-5,[]
TX,994.747761383,291025.136792819,4644010.715401474,1.2,1543,12,4,288-5,[]
TX,994.803404217,290454.40283585,4642874.351487379,1.2,1595,12,4,298-20,[]
TX,994.831313084,290170.387044983,4645099.009690105,1.2,577,12,4,157-3,[]
TX,994.897353705,295140.520839205,4640709.572739135,1.2,866,7,4,197-20,[]
TX,994.987070807,290476.937252721,4640623.722121472,1.2,1859,7,4,332-17,[]
TX,995.352973238,286709.393032817,4645119.764674884,1.2,238,12,4,122-19,[]
TX,995.360405481,291607.763381815,4641417.904382103,1.2,1097,10,4,231-3,[]
TX,995.701495734,294213.533741611,4645073.143015741,1.2,2337,12,4,51-16,[]
TX,995.729438212,285755.293716435,4634089.149853315,1.2,1562,12,4,290-3,[]
TX,995.833970317,292838.227568596,4642210.740960573,1.2,1279,12,4,253-28,[]
TX,995.970547795,289944.68849902,4634403.03229927,1.2,1594,12,4,298-19,[]
TX,996.054588882,291992.951084066,4643710.388995869,1.2,2705,12,4,91-6,[]
TX,996.127717724,287901.970149968,4643983.235035736,1.2,1109,12,4,232-3,[]
TX,996.195286789,289437.405889168,4635059.279071694,1.2,2455,12,4,67-18,[]
TX,996.39925086,295682.660802532,4642555.112225424,1.2,817,7,4,188-5,[]
TX,996.650376572,291238.587347448,4641252.581490903,1.2,2410,9,4,58-4,[]
TX,996.72566419,287037.492803798,4631085.742355637,1.2,920,12,4,203-12,[]
TX,996.940321508,291075.209849533,4641069.223276592,1.2,1379,9,4,266-26,[]
TX,997.255964445,289188.074520449,4642513.679149562,1.2,1826,11,4,326-18,"[['RX_GW', 998.736723881, 1826, 11, 4, 868.1, -133.722429971, '00:00:00:00:00:02']]"
TX,997.363836895,287970.184786206,4634527.339064059,1.2,2302,12,4,48-8,[]
TX,997.378253426,291040.84551662,4644001.125673873,1.2,2757,12,4,97-14,[]
TX,997.414834998,289320.428117001,4639763.226756501,1.2,1244,9,4,246-28,[]
TX,997.504470507,294357.779768773,4644249.26318445,1.2,1612,12,4,301-10,[]
TX,997.550220725,292066.963145665,4640543.930886012,1.2,1276,12,4,253-24,[]
TX,997.696336913,291048.126440115,4644024.426565981,1.2,176,12,4,112-21,[]
TX,997.727149363,291763.847234905,4640249.984675522,1.2,867,12,4,197-21,[]
TX,997.772035557,291104.961855449,4642463.555870443,1.2,892,12,4,200-14,[]
TX,997.817416927,294073.193335007,4642821.302240662,1.2,157,12,4,110-25,[]
TX,997.822230098,291043.881990465,4644017.266147443,1.2,777,12,4,184-26,[]
TX,997.871847318,299742.320108238,4630059.396910476,1.2,2304,12,3,49-10,[]
TX,998.02493588,292791.35303297,4642769.424287065,1.2,1725,12,4,310-20,[]
TX,998.058911401,292539.669446043,4641356.456303085,1.2,1072,12,4,229-17,[]
TX,998.098126841,283054.726191931,4632876.021393589,1.2,138,12,4,11-17,[]
TX,998.158016763,291891.430892828,4636838.585316071,1.2,348,12,4,137-15,[]
TX,998.466833749,287429.053561471,4634247.510244734,1.2,2224,12,4,43-28,[]
TX,998.569734557,290752.187050552,4641514.762098579,1.2,1001,8,4,215-8,[]
TX,998.688835978,290064.791451734,4642395.780557971,1.2,2689,9,4,88-23,[]
TX,998.689731727,293455.644029942,4641376.078126478,1.2,2247,12,4,45-21,[]
TX,998.903866813,291184.017787719,4641313.949326828,1.2,1608,8,4,3-25,"[['RX_GW', 999.111280638, 1608, 8, 4, 868.1, -126.864265555, '00:00:00:00:00:02']]"
TX,998.958544448,293707.077106352,4645344.532999897,1.2,2409,12,4,58-3,[]
TX,998.999614734,291223.501366606,4642270.573293538,1.2,888,12,4,199-26,[]
TX,999.002468889,295663.828777842,4645566.849113586,1.2,2271,12,4,47-13,[]
TX,999.40107315,290074.899123207,4642395.659863775,1.2,2411,9,4,58-5,"[['RX_GW', 999.772839634, 2411, 9, 4, 868.1, -129.498660999, '00:00:00:00:00:02']]"
TX,999.405548662,293374.726338317,4640937.927352672,1.2,486,12,4,148-26,[]
TX,999.699009606,292487.093795774,4641900.170316962,1.2,1216,12,4,244-13,[]
TX,999.795954308,292717.904512996,4642040.746582568,1.2,1372,12,4,264-7,[]
TX,999.898827207,292695.261633614,4641812.347016505,1.2,1884,12,4,334-5,[]
TX,999.951498975,288758.772723753,4642581.164883633,1.2,2541,11,4,72-29,[]
TX,1000.297939151,290586.752942853,4643062.282604448,1.2,371,12,4,138-18,[]
TX,1000.650798366,294127.563972629,4647415.166127181,1.2,2383,12,4,56-17,[]
TX,1000.697047321,291532.920472227,4640978.43194759,1.2,2358,9,4,53-21,[]
TX,1000.713167577,295147.199142015,4642755.725124809,1.2,786,7,4,185-6,"[['RX_GW', 1000.828165027, 786, 7, 4, 868.1, -123.014859961, '00:00:00:00:00:04']]"
TX,1000.819224157,292518.028743613,4641901.46556948,1.2,836,12,4,190-30,[]
TX,1000.935461993,292893.506232151,4640445.732319891,1.2,174,12,4,112-2,[]
TX,1000.980279149,290859.484290411,4642263.087148281,1.2,2175,12,4,39-26,[]
TX,1000.999696072,294128.521951571,4647408.184017495,1.2,1688,12,4,309-29,[]
TX,1001.047119317,292119.28129597,4643204.424105455,1.2,1467,12,4,275-2,[]
TX,1001.210946978,291207.903365867,4631942.914624082,1.2,1303,12,4,254-6,[]
TX,1001.473312535,291179.263963911,4641960.74933104,1.2,269,10,4,126-14,[]
TX,1001.507493011,291231.962704047,4642277.317412168,1.2,1361,12,4,262-9,[]
TX,1001.602920527,294857.6960053,4640668.129979952,1.2,759,9,4,182-11,"[['RX_GW', 1001.974686505, 759, 9, 4, 868.1, -129.960509006, '00:00:00:00:00:04']]"
TX,1001.698899325,289290.073578467,4644420.077023384,1.2,2483,12,4,7-5,[]
TX,1001.772922257,289971.136699534,4637825.487767239,1.2,1410,12,4,269-20,[]
TX,1001.80327385,295097.239254184,4642706.419025072,1.2,468,8,4,147-26,[]
TX,1002.155548452,291483.277454795,4642060.371231772,1.2,671,12,4,169-26,[]
TX,1002.170759193,292419.989354026,4637267.629190442,1.2,1005,12,4,22-12,[]
TX,1002.181227978,291914.763696243,4642578.403437408,1.2,828,12,4,190-16,[]
TX,1002.442258066,290196.703763617,4642432.551370495,1.2,2016,11,4,349-5,[]
TX,1002.630853783,290565.573329212,4643792.770787869,1.2,233,12,4,121-4,[]
TX,1003.07167896,286278.793473588,4634552.399028533,1.2,748,12,4,181-26,[]
TX,1003.18722447,294469.720015604,4641327.925318602,1.2,1520,8,4,287-20,"[['RX_GW', 1003.394638276, 1520, 8, 4, 868.1, -126.575139614, '00:00:00:00:00:04']]"
TX,1003.207720937,290103.00542972,4643306.959536647,1.2,2754,12,4,97-11,[]
TX,1003.221414599,296673.205558693,4634483.967210876,1.2,606,12,4,160-19,[]
TX,1003.404794318,273698.813985801,4630623.021599855,1.2,447,12,4,143-25,[]
TX,1003.463892907,290672.589117823,4641296.67702838,1.2,1488,7,4,28-24,[]
TX,1003.520642851,291292.511354858,4638106.378229661,1.2,1201,12,4,241-14,[]
TX,1003.522530665,289671.734555994,4642154.938987159,1.2,1860,9,4,332-19,[]
TX,1003.576848697,290202.779293243,4646782.363928327,1.2,908,12,4,202-11,[]
TX,1003.686639128,295654.070019969,4645550.056936514,1.2,1847,12,4,330-27,[]
TX,1003.706068331,293802.648024039,4639638.060188496,1.2,1675,12,4,308-23,[]
TX,1003.838103451,269652.896554986,4628480.903717611,1.2,717,12,4,176-25,[]
TX,1003.901434128,291162.686368897,4643247.109517281,1.2,1090,12,4,231-20,[]
TX,1003.946074679,273652.077934574,4630639.357051412,1.2,1669,12,4,308-10,[]
TX,1004.282352124,273705.00419205,4630638.034429708,1.2,1493,12,4,281-20,[]
TX,1004.286727506,286681.99949656,4645120.008746005,1.2,542,12,4,152-27,[]
TX,1004.364412542,291620.760662446,4642867.655181985,1.2,754,12,4,181-6,[]
TX,1004.368770612,291688.976095873,4640073.587018877,1.2,1093,12,4,231-24,[]
TX,1004.415453607,291922.409687297,4642581.178492568,1.2,287,12,4,128-18,[]
TX,1004.439574857,289790.360374106,4635454.773151754,1.2,2576,12,4,76-22,[]
TX,1004.6593155,291685.977289221,4641481.4099139,1.2,1715,12,4,31-30,[]
TX,1004.667691008,292316.088484616,4642055.557138108,1.2,935,12,4,204-24,[]
TX,1005.347450905,291203.442902462,4641248.543792245,1.2,1027,10,4,221-9,"[['RX_GW', 1006.006960749, 1027, 10, 4, 868.1, -131.129471231, '00:00:00:00:00:02']]"
TX,1005.371048157,290488.627611709,4640795.161384096,1.2,452,7,4,145-13,[]
TX,1005.502176269,273003.165530015,4624632.915206895,1.2,1556,12,4,290-17,[]
TX,1005.602263392,290416.060134242,4641809.110022045,1.2,302,7,4,129-13,[]
TX,1005.922904212,290306.88837382,4639309.224807774,1.2,2583,10,4,76-8,[]
TX,1005.986038056,295125.738116554,4642730.035455572,1.2,2603,7,4,8-6,[]
TX,1005.994615853,288349.839377088,4642479.971344011,1.2,182,12,4,112-6,[]
TX,1006.063022504,290685.218492271,4641297.718792126,1.2,2243,7,4,45-18,"[['RX_GW', 1006.178018761, 2243, 7, 4, 868.1, -118.35021643, '00:00:00:00:00:02']]"
TX,1006.095901644,291038.387308971,4641125.957994426,1.2,82,9,4,105-19,[]
TX,1006.420299066,291981.007829453,4643722.010473189,1.2,1519,12,4,287-19,[]
TX,1006.520508333,290863.719223187,4642270.66274109,1.2,1641,12,4,305-13,[]
TX,1006.589599956,289211.316085158,4642072.685410673,1.2,703,9,4,174-20,[]
TX,1006.602183009,299741.327060622,4630050.71235131,1.2,857,12,4,195-3,[]
TX,1006.785547616,292440.846521098,4641386.959179264,1.2,185,12,4,113-11,[]
TX,1006.834051778,293566.568129877,4642130.590095033,1.2,196,11,4,115-12,"[['RX_GW', 1008.314812556, 196, 11, 4, 868.1, -134.76321558, '00:00:00:00:00:04']]"
TX,1006.984032803,286441.513451825,4644460.708557447,1.2,1382,12,4,267-10,[]
TX,1007.094064144,290379.461926897,4641798.393561875,1.2,279,7,4,127-21,[]
TX,1007.244037457,290086.132056979,4634575.904842522,1.2,590,12,4,158-26,[]
TX,1007.269111349,290679.078230308,4642990.207489726,1.2,337,11,4,131-24,[]
TX,1007.498978053,292739.633160153,4642044.682511024,1.2,2647,12,4,84-14,[]
TX,1007.541082497,291092.593971001,4641960.639745699,1.2,1258,9,4,249-3,[]
TX,1007.698906977,291921.314727528,4642575.104409185,1.2,2547,12,4,73-29,[]
TX,1007.767945314,290670.008048996,4641927.72018889,1.2,1709,7,4,31-24,[]
TX,1007.836085038,291043.102779425,4640474.802625332,1.2,594,9,4,158-9,[]
TX,1007.931530107,286027.013475793,4640235.785297241,1.2,40,12,4,101-3,[]
TX,1007.965719685,291056.522283477,4643352.263314437,1.2,1779,12,4,318-5,[]
TX,1008.155879945,291324.748832771,4633992.916872636,1.2,2186,12,4,40-27,[]
TX,1008.228397431,288904.4528996,4643045.38274961,1.2,2675,11,4,87-10,[]
TX,1008.592802234,291386.781708571,4641399.734408379,1.2,657,10,4,167-15,[]
TX,1008.6167394,289136.629678215,4642458.32210199,1.2,1341,11,4,260-5,[]
TX,1008.646849207,292405.26822291,4637333.880496177,1.2,24,12,4,101-12,[]
TX,1008.66379078,291841.859249856,4641931.991781764,1.2,25,12,4,101-13,[]
TX,1008.731526237,289812.978498044,4639581.495348034,1.2,517,7,4,151-12,[]
TX,1008.734421083,291027.930883868,4641958.145775631,1.2,1699,9,4,31-13,[]
TX,1008.744567861,291021.101807337,4641568.77706004,1.2,570,9,4,155-5,[]
TX,1009.011411176,292306.434710027,4642050.770550323,1.2,353,12,3,137-2,[]
TX,1009.077967349,294026.204310729,4640588.798170631,1.2,665,11,4,167-4,"[['RX_GW', 1010.558727584, 665, 11, 4, 868.1, -134.681546274, '00:00:00:00:00:04']]"
TX,1009.079718044,291948.352377519,4642588.898192563,1.2,1309,12,4,256-13,[]
TX,1009.164265984,290678.803038162,4642167.501429659,1.2,1964,10,4,341-18,[]
TX,1009.187346491,290980.152611156,4640711.454638566,1.2,2700,7,4,91-29,[]
TX,1009.225885794,287208.930498731,4635334.400106747,1.2,1232,12,4,245-26,[]
TX,1009.252356301,271513.086673913,4630595.118695401,1.2,1812,12,4,322-7,[]
TX,1009.304832479,292728.043369403,4641857.247000284,1.2,783,12,4,185-3,[]
TX,1009.353332618,287907.495729451,4643924.970884187,1.2,385,12,4,138-8,[]
TX,1009.370046125,290389.896244572,4642330.971776148,1.2,679,10,4,171-24,[]
TX,1009.428980614,291666.430352606,4642118.543415072,1.2,243,12,4,124-15,[]
TX,1009.50715068,291146.048786064,4642480.394171264,1.2,190,12,4,113-25,[]
TX,1009.635912767,291032.70125521,4640560.425431166,1.2,1990,7,4,347-26,[]
TX,1009.878561567,291966.046008514,4643688.274858532,1.2,964,12,4,21-14,[]
TX,1009.900104925,291586.762693612,4642662.618408059,1.2,552,12,4,153-21,[]
TX,1010.083359226,293867.162805114,4640150.328428209,1.2,2666,12,4,84-6,[]
TX,1010.249532641,292165.60492789,4642171.041365637,1.2,953,12,4,209-12,[]
TX,1010.308001509,290668.488370299,4641612.651054597,1.2,1019,7,4,221-10,[]
TX,1010.468280661,291848.478581317,4642245.703205688,1.2,2100,12,4,363-16,[]
TX,1010.526548922,291223.388745098,4642262.098569263,1.2,2386,12,4,56-21,[]
TX,1010.597345044,271650.146622087,4629639.490690738,1.2,2070,12,4,358-4,[]
TX,1010.914521861,293761.094998513,4643579.022391718,1.2,1171,12,4,239-9,[]
TX,1011.089509708,291312.658973299,4642014.092473543,1.2,479,12,4,148-19,[]
TX,1011.09121492,289332.249226902,4634310.295805476,1.2,1018,12,4,220-28,[]
TX,1011.240503328,291619.040413978,4641736.921736893,1.2,880,11,4,198-25,[]
TX,1011.480762852,291573.556114769,4640980.716655044,1.2,2139,10,4,368-4,[]
TX,1011.533894222,291232.274462101,4639735.595656919,1.2,883,11,4,198-28,[]
TX,1011.62356743,289170.87099261,4642523.871105582,1.2,2162,11,4,372-23,[]
TX,1011.92432051,289598.175738574,4643541.708046098,1.2,789,12,4,186-11,[]
TX,1011.947618486,291707.336461771,4642749.728469152,1.2,2516,12,4,71-29,[]
TX,1011.989211325,289608.366523752,4643577.462917732,1.2,2745,12,4,96-19,[]
TX,1012.284433533,291905.211259893,4642604.267203949,1.2,2584,12,4,76-9,[]
TX,1012.351992838,288377.418640799,4637276.881559245,1.2,815,12,4,188-3,[]
TX,1012.528350836,291024.345110598,4640958.835213112,1.2,1326,8,4,256-7,[]
TX,1012.558730333,293062.299392753,4642342.570172084,1.2,2517,12,4,71-3,[]
TX,1012.63301625,291185.545196895,4641318.261983534,1.2,2061,8,4,358-17,[]
TX,1012.945184982,292349.5872352,4637502.966083877,1.2,1008,12,4,22-24,[]
TX,1013.036996121,287531.123854283,4641952.080371215,1.2,2616,12,4,81-24,[]
TX,1013.039672239,289226.090892611,4642070.667536303,1.2,584,9,4,158-13,"[['RX_GW', 1013.411438316, 584, 9, 4, 868.1, -127.173209093, '00:00:00:00:00:02']]"
TX,1013.201710962,295574.936266524,4645582.331385481,1.2,1016,12,4,220-26,[]
TX,1013.561105912,292327.922379542,4642038.724872425,1.2,2734,12,4,95-2,[]
TX,1013.610716824,291934.689857133,4642231.420247114,1.2,2653,12,4,84-2,[]
TX,1013.890350792,290838.67706628,4642274.31886437,1.2,2681,12,4,87-25,[]
TX,1013.892074995,291064.096848758,4644058.516498631,1.2,64,12,4,103-3,[]
TX,1013.930390182,294875.1404672,4646789.583886249,1.2,100,12,4,107-11,[]
TX,1013.935046737,295146.128711709,4642733.561078466,1.2,323,7,4,130-26,"[['RX_GW', 1014.050044124, 323, 7, 4, 868.1, -122.713533891, '00:00:00:00:00:04']]"
TX,1013.945382133,294334.967926681,4643864.740269973,1.2,538,12,4,152-13,[]
TX,1013.957747676,290308.462980915,4647109.201931864,1.2,152,12,4,110-13,[]
TX,1014.0505889,291618.049014567,4644594.072598458,1.2,2038,12,4,353-4,[]
TX,1014.116714048,293127.254407099,4642307.827778501,1.2,2597,12,4,8-19,[]
TX,1014.275339743,291090.774815224,4643472.49821459,1.2,2050,12,4,357-20,[]
TX,1014.534494695,290563.525528071,4637458.643531759,1.2,1882,12,4,334-3,[]
TX,1014.624747038,290856.263557443,4642307.07081712,1.2,1538,11,4,288-19,[]
TX,1014.70741392,290303.935691073,4641929.072641863,1.2,2067,7,4,358-25,[]
TX,1014.769712815,289714.5231019,4635236.267819627,1.2,1892,12,4,335-20,[]
TX,1014.771603588,289697.056186615,4645671.233197707,1.2,515,12,4,150-7,[]
TX,1014.79435912,290469.975297117,4635468.608501155,1.2,1569,12,4,291-5,[]
TX,1014.798555688,288287.223036043,4634841.597251949,1.2,1211,12,4,242-27,[]
TX,1014.877149314,292605.573622018,4641991.380287902,1.2,2769,12,4,97-28,[]
TX,1014.882643864,298734.872119908,4636226.25518104,1.2,295,12,4,128-4,[]
TX,1014.944636199,287736.079972915,4643432.379033367,1.2,1204,12,4,241-26,[]
TX,1014.997961685,292543.471536816,4642937.192041134,1.2,1124,12,4,234-3,[]
TX,1015.034523904,291239.664630463,4639675.791625776,1.2,406,11,4,14-4,[]
TX,1015.080504308,291508.898518354,4642447.590654659,1.2,2694,12,4,91-16,[]
TX,1015.144884,291670.909083046,4642149.771402291,1.2,2351,12,4,51-5,[]
TX,1015.310821028,273705.857090913,4630712.059580389,1.2,2229,12,4,43-6,[]
TX,1015.391858993,289512.108363044,4642803.563787599,1.2,2022,10,4,351-19,[]
TX,1015.410336279,291870.890230256,4642557.3922471,1.2,453,12,4,145-14,[]
TX,1015.433695477,289222.304739893,4642515.931908691,1.2,2380,11,4,56-12,[]
TX,1015.492699336,291864.531510978,4641965.979233739,1.2,1868,12,4,332-3,[]
TX,1015.528906668,292161.5821613,4642942.645630561,1.2,2392,12,4,56-3,[]
TX,1015.714063404,289327.898287183,4634318.695873102,1.2,2447,12,4,66-21,[]
TX,1015.756624539,290661.320318738,4641495.199836395,1.2,2109,7,4,363-29,[]
TX,1015.845204139,289859.886873199,4638388.201110155,1.2,1481,12,4,279-27,[]
TX,1016.055683514,291684.009418383,4642821.935049429,1.2,1661,12,4,306-16,[]
TX,1016.473138742,299748.895221798,4630074.54527546,1.2,985,12,4,214-3,[]
TX,1016.552726847,292418.629338498,4643560.074814085,1.2,695,12,4,172-7,[]
TX,1016.613046828,289813.430289548,4642682.332480036,1.2,1066,11,4,226-5,"[['RX_GW', 1018.093806269, 1066, 11, 4, 868.1, -133.793100774, '00:00:00:00:00:02']]"
TX,1016.86169063,292705.582669146,4643705.337878599,1.2,430,12,4,140-5,[]
TX,1016.863738316,287400.753191466,4641203.691625271,1.2,1660,12,4,306-15,[]
TX,1016.982640988,273034.539237395,4629899.833697528,1.2,1920,12,4,338-5,[]
TX,1017.02430144,289448.55919144,4641740.762973077,1.2,2454,7,4,67-16,[]
TX,1017.136533053,294157.678185646,4640428.09495589,1.2,816,12,4,188-4,[]
TX,1017.227570618,289938.24466641,4634403.110709051,1.2,2408,12,4,58-21,[]
TX,1017.229351999,287684.246857538,4634341.468199782,1.2,1677,12,4,308-25,[]
TX,1017.465751391,277496.080630424,4632381.31932102,1.2,827,12,4,190-15,[]
TX,1017.578136647,292015.992255821,4642616.021399973,1.2,745,12,4,181-23,[]
TX,1017.584566777,290204.341758096,4641471.701644761,1.2,2529,7,4,72-15,[]
TX,1017.743295793,292507.586089952,4637231.70279578,1.2,2318,12,4,50-24,[]
TX,1017.881926169,290700.698048551,4641318.00350603,1.2,2036,7,4,353-3,[]
TX,1018.019281616,291731.739508071,4642794.384071168,1.2,2520,12,4,71-5,[]
TX,1018.022609947,291121.91079495,4641147.151818173,1.2,93,7,4,106-23,[]
TX,1018.147476704,287765.189949306,4645628.534190197,1.2,1763,12,4,317-20,[]
TX,1018.192755546,271649.296741547,4629213.613088843,1.2,1821,12,4,324-28,[]
TX,1018.307089977,292371.795345343,4641995.126141185,1.2,2294,12,4,48-12,[]
TX,1018.36308189,291943.029816072,4634311.178659149,1.2,556,12,4,153-4,[]
TX,1018.380439485,289788.014795942,4634655.462266238,1.2,1593,12,4,298-18,[]
TX,1018.495967192,272367.950016381,4629929.786755824,1.2,996,12,4,215-23,[]
TX,1018.49774465,285109.026522573,4633411.486377567,1.2,2123,12,4,367-27,[]
TX,1018.51138862,291342.508823574,4642013.276087211,1.2,2676,11,4,87-11,"[['RX_GW', 1019.992148052, 2676, 11, 4, 868.1, -134.761154263, '00:00:00:00:00:02']]"
TX,1018.721112939,291859.735334255,4642559.235317807,1.2,2173,12,4,39-24,[]
TX,1018.752170879,291722.990722768,4642154.576873477,1.2,1460,12,4,274-7,[]
TX,1018.783480558,291774.084445915,4639829.619859101,1.2,648,12,4,163-29,[]
TX,1018.906968735,292840.911166878,4641928.397715934,1.2,2650,12,4,84-17,[]
TX,1019.020931415,291031.884107276,4640433.986122895,1.2,333,9,4,131-10,[]
TX,1019.109976836,292410.852243336,4637347.400213574,1.2,1215,12,4,244-12,[]
TX,1019.143737509,292517.695224531,4642817.104436529,1.2,2621,12,4,82-13,[]
TX,1019.230997696,273705.725834362,4630708.159683565,1.2,1534,12,4,287-8,[]
TX,1019.772740545,293222.626032929,4642652.890073114,1.2,955,12,4,209-14,[]
TX,1019.834740651,291066.237459388,4641638.841267204,1.2,2361,9,4,53-5,[]
TX,1019.856969182,290867.532133539,4642273.279039688,1.2,563,12,4,155-19,[]
TX,1019.932776001,287916.986047688,4642154.974289009,1.2,1413,12,4,269-3,[]
TX,1020.106719757,289221.130919143,4642077.05635534,1.2,1611,9,4,3-28,"[['RX_GW', 1020.478485861, 1611, 9, 4, 868.1, -127.282581874, '00:00:00:00:00:02']]"
TX,1020.221962688,289333.685084096,4634592.313787286,1.2,1819,12,4,324-24,[]
TX,1020.28888819,289719.301389129,4647163.7167928,1.2,73,12,4,104-20,[]
TX,1020.490164163,291050.489367227,4644046.036362195,1.2,133,12,4,109-4,[]
TX,1020.796421454,291753.157823747,4639558.444745438,1.2,2011,12,4,349-23,[]
TX,1020.806781733,289945.977275308,4634407.176882125,1.2,2434,12,4,61-5,[]
TX,1020.83523104,290982.950139382,4640898.207653078,1.2,1911,7,4,337-13,[]
TX,1021.030810533,290982.356731766,4639053.738401465,1.2,2145,12,4,369-21,[]
TX,1021.06180429,292069.485635975,4640662.251371142,1.2,916,12,4,202-26,[]
TX,1021.163861437,291470.556036106,4641022.154956069,1.2,470,9,4,147-28,[]
TX,1021.320026037,297760.474348603,4636657.811643439,1.2,1115,12,4,233-12,[]
TX,1021.341268771,290470.125877826,4640623.765448858,1.2,2233,7,4,44-12,[]
TX,1021.432007534,292666.485671451,4641784.375078241,1.2,477,12,4,148-17,[]
TX,1021.513009845,289066.096270323,4638754.64715903,1.2,2189,12,4,41-11,[]
TX,1021.566749481,291091.326966089,4642359.050382755,1.2,647,12,4,163-28,[]
TX,1021.632941382,290664.253452196,4641301.482535351,1.2,2244,7,4,45-19,[]
TX,1021.903452219,291010.830227718,4639217.448864013,1.2,2292,12,4,48-10,[]
TX,1022.031647768,291625.855870385,4644127.444524529,1.2,701,12,4,174-18,[]
TX,1022.110966607,289311.490643258,4639753.79630116,1.2,990,9,4,215-10,[]
TX,1022.476122661,291686.990138907,4636105.215189738,1.2,666,12,4,167-5,[]
TX,1022.526459208,290027.963574991,4640702.628847664,1.2,528,7,4,151-3,[]
TX,1022.865578518,291493.515655616,4647261.224300363,1.2,725,12,4,178-7,[]
TX,1022.911456624,289832.674458608,4638672.801274566,1.2,2654,12,4,84-20,[]
TX,1022.926195168,292000.091939894,4643705.266985923,1.2,2357,12,4,53-20,[]
TX,1023.268941439,271822.48442219,4630672.165066924,1.2,1934,12,4,339-26,[]
TX,1023.284250598,292630.007776921,4641339.498290971,1.2,99,12,4,107-10,[]
TX,1023.402253696,290753.570194029,4644502.088904377,1.2,1438,12,4,270-8,[]
TX,1023.529511428,292416.886978447,4637357.421042147,1.2,643,12,4,163-24,[]
TX,1023.637193913,293445.105633327,4643936.803951629,1.2,1756,12,4,315-6,[]
TX,1023.677751139,301212.277059027,4641407.820453569,1.2,1154,12,4,239-18,[]
TX,1023.914971385,291989.483715679,4643720.204290492,1.2,225,12,4,121-17,[]
TX,1024.231644709,289440.222776558,4646166.60987043,1.2,1881,12,4,334-21,[]
TX,1024.519345721,290171.969205608,4635338.483247056,1.2,1142,12,4,238-14,[]
TX,1024.570857148,295035.286294141,4638064.168065622,1.2,363,12,4,137-30,[]
TX,1024.662749904,290359.079572284,4640368.997469691,1.2,2193,7,4,41-24,"[['RX_GW', 1024.777745648, 2193, 7, 4, 868.1, -115.498288081, '00:00:00:00:00:02']]"
TX,1024.770077053,290358.825140006,4641449.64185516,1.2,795,7,4,186-25,[]
TX,1024.972124479,290380.026636851,4641808.227569994,1.2,2464,7,4,68-1,"[['RX_GW', 1025.08712129, 2464, 7, 4, 868.1, -122.935516876, '00:00:00:00:00:02']]"
TX,1024.981406674,293529.000709068,4641585.6759818,1.2,575,12,4,157-20,[]
TX,1024.984489407,290639.701437624,4646618.771362024,1.2,2512,12,4,71-25,[]
TX,1025.097533847,291747.672985025,4639646.760088498,1.2,2608,12,4,80-5,[]
TX,1025.100695537,291664.376050922,4642108.098484308,1.2,2629,12,4,82-3,[]
TX,1025.113821595,292642.721185499,4642006.015381198,1.2,2573,12,4,76-11,[]
TX,1025.138397507,292221.028652212,4643547.874842063,1.2,580,12,4,157-7,[]
TX,1025.384745174,291728.797617887,4642147.751551198,1.2,2559,12,4,75-19,[]
TX,1025.604606966,291705.765739908,4642128.927462856,1.2,2230,12,4,43-7,[]
TX,1025.659955472,290657.791656948,4641181.759797611,1.2,2695,7,4,91-17,[]
TX,1025.711955539,290691.706125701,4635728.762473528,1.2,1400,12,4,268-5,[]
TX,1025.967542405,292942.161460801,4640320.488802527,1.2,641,12,4,163-20,[]
TX,1026.038819009,273689.201137308,4630631.813679773,1.2,2198,12,4,41-8,[]
TX,1026.215393671,290318.396625793,4641434.962138823,1.2,814,7,4,188-21,[]
TX,1026.391868998,292781.3740162,4642169.998681318,1.2,1895,12,4,335-5,[]
TX,1026.423585948,291899.883078514,4641339.534974069,1.2,481,12,4,148-21,[]
TX,1026.498394697,292227.074781981,4643035.410194965,1.2,937,12,4,204-26,[]
TX,1026.602450942,288187.159120376,4642507.330016183,1.2,1177,12,4,24-14,[]
TX,1026.616664131,295137.459778958,4642708.367871813,1.2,2305,8,4,49-11,[]
TX,1026.791764172,297536.601286844,4640925.724165695,1.2,1870,10,4,332-5,[]
TX,1026.867183228,290545.838248989,4640986.380215765,1.2,1047,7,4,226-10,[]
TX,1026.920444165,292372.728333819,4644008.432602895,1.2,960,12,4,21-10,[]
TX,1027.072517527,288492.055916553,4635158.805376083,1.2,2481,12,4,7-3,[]
TX,1027.140374147,290074.927791003,4644386.80488514,1.2,976,12,4,211-26,[]
TX,1027.17855253,273644.808831928,4630664.937631078,1.2,1202,12,4,241-24,[]
TX,1027.195932223,291388.843224952,4641391.870730221,1.2,55,9,4,102-6,[]
TX,1027.206175851,292685.47906166,4641807.90052944,1.2,1963,12,4,341-17,[]
TX,1027.519833701,273684.983370193,4630637.513980523,1.2,1491,12,4,28-27,[]
TX,1027.699500522,292894.822242982,4643879.659959436,1.2,1621,12,4,301-26,[]
TX,1027.729724605,288851.805466449,4641724.936272476,1.2,2518,8,4,71-30,"[['RX_GW', 1027.937138671, 2518, 8, 4, 868.1, -124.699888372, '00:00:00:00:00:02']]"
TX,1027.810037426,290683.969216892,4641292.571409721,1.2,1546,7,4,29-12,[]
TX,1028.32942112,292363.302246589,4641994.940526987,1.2,1968,12,4,341-3,[]
TX,1028.500644509,271671.664305591,4630674.67643056,1.2,1375,12,4,266-13,[]
TX,1028.623793202,292451.344841157,4641533.704506058,1.2,2306,12,4,49-8,[]
TX,1028.681465714,299778.587763863,4630312.048663112,1.2,417,12,4,140-17,[]
TX,1028.927589508,291989.61392982,4643706.016013226,1.2,378,12,4,138-27,[]
TX,1029.007149897,285133.501797937,4633416.025833479,1.2,2118,12,4,367-19,[]
TX,1029.073835308,291230.806379887,4642280.861121913,1.2,72,12,4,104-19,[]
TX,1029.317659776,290084.938614764,4640915.485720087,1.2,2112,7,4,367-11,[]
TX,1029.358912795,290799.785111372,4635873.718197658,1.2,1937,12,4,339-3,[]
TX,1029.677043545,291569.246197998,4642088.811318145,1.2,2217,12,4,43-19,[]
TX,1029.736255647,291994.993239444,4643717.428352494,1.2,2563,12,4,75-23,[]
TX,1029.967458242,272874.771704366,4629819.293244208,1.2,997,12,4,215-24,[]
TX,1030.038551185,291259.308519866,4636302.976385335,1.2,1955,12,4,340-27,[]
TX,1030.384990998,297474.221413205,4636574.339318125,1.2,1030,12,4,222-14,[]
TX,1030.440195131,289205.227249118,4642517.255315941,1.2,1828,11,4,326-2,[]
TX,1030.447407511,289459.166639319,4643118.19676887,1.2,32,12,4,101-2,[]
TX,1030.452775863,291140.225256126,4642475.819100318,1.2,1921,12,4,338-6,[]
TX,1030.678223678,290181.101113002,4635346.535436162,1.2,1245,12,4,248-17,[]
TX,1030.940382766,291439.71035353,4642027.711538408,1.2,418,12,4,140-18,[]
TX,1031.152564232,290866.303634405,4642261.318991737,1.2,1496,12,4,282-18,[]
TX,1031.187240075,290420.85462349,4639731.831898049,1.2,268,9,4,126-13,[]
TX,1031.261472766,289974.344516359,4637451.095266487,1.2,601,12,4,159-21,[]
TX,1031.801851855,291586.771790573,4639897.411550846,1.2,1240,12,4,246-22,[]
TX,1031.806450759,290123.905493858,4642413.159816674,1.2,324,9,4,130-27,[]
TX,1031.860673741,295036.29583481,4642939.080289163,1.2,1684,9,4,309-19,"[['RX_GW', 1032.232439925, 1684, 9, 4, 868.1, -128.02729076, '00:00:00:00:00:04']]"
TX,1031.876331771,291872.496289159,4636210.707794436,1.2,980,12,4,214-18,[]
TX,1031.882596967,288973.208971469,4642612.26908816,1.2,1458,11,4,274-30,[]
TX,1031.914676557,298765.292211678,4631178.187562656,1.2,1233,12,4,245-27,[]
TX,1031.924142976,290813.726351966,4643137.480358503,1.2,23,12,4,101-10,[]
TX,1031.995103037,292698.455333578,4641816.669713894,1.2,1378,12,4,266-25,[]
TX,1032.01135718,290211.825221721,4640200.760713913,1.2,216,7,4,12-20,[]
TX,1032.107091717,291126.655838397,4641420.155910517,1.2,1838,9,4,330-12,[]
TX,1032.24503915,290960.154860106,4639217.232912692,1.2,808,12,4,187-30,[]
TX,1032.324832855,291729.545654256,4642162.795603612,1.2,2683,12,4,87-27,[]
TX,1032.48262663,290930.76827079,4642116.497843407,1.2,2169,11,4,39-11,[]
TX,1032.640719725,290349.294273793,4635209.321947274,1.2,1633,12,4,304-20,[]
TX,1032.667354754,294414.34668481,4643065.475022758,1.2,1572,11,4,293-18,"[['RX_GW', 1034.148114512, 1572, 11, 4, 868.1, -134.906442062, '00:00:00:00:00:04']]"
TX,1032.930702223,291952.823140731,4642598.26714038,1.2,2732,12,4,95-18,[]
TX,1033.002503216,291948.373602151,4642586.182883187,1.2,2628,12,4,82-28,[]
TX,1033.146572601,274912.532483545,4631102.490863416,1.2,991,12,4,215-11,[]
TX,1033.16374746,291961.469310614,4642573.258866089,1.2,2770,12,4,97-3,[]
TX,1033.235126678,271649.250507541,4630637.512295139,1.2,1636,12,4,304-30,[]
TX,1033.244623933,292479.540665386,4643106.482570753,1.2,374,12,4,138-23,[]
TX,1033.269550723,295382.318392714,4642521.584588765,1.2,460,8,4,145-9,[]
TX,1033.315445243,282778.327843047,4635265.407999879,1.2,1144,12,4,238-25,[]
TX,1033.376096921,292137.788490841,4642149.79325565,1.2,422,12,4,140-21,[]
TX,1033.465254506,291736.463567785,4636669.266759646,1.2,1054,12,4,226-19,[]
TX,1033.540327782,290657.204253263,4641308.898040806,1.2,2254,7,4,45-7,[]
TX,1033.573404174,290082.786622173,4641528.087525019,1.2,2091,7,4,362-3,[]
TX,1033.806334813,290688.607596499,4641305.552239855,1.2,285,7,4,128-1,[]
TX,1033.813224385,292310.570738758,4642049.97343874,1.2,293,12,4,128-3,[]
TX,1033.825611975,291632.537937458,4644615.6295711,1.2,1872,12,4,332-7,[]
TX,1033.903691732,292063.287397073,4642067.499827111,1.2,1742,12,4,311-7,[]
TX,1034.083041505,290197.778213147,4635356.685731946,1.2,1249,12,4,248-21,[]
TX,1034.083109935,289540.052393486,4641829.21493186,1.2,720,7,4,178-18,[]
TX,1034.20484445,292327.310649048,4642328.998051199,1.2,672,12,4,171-10,[]
TX,1034.21009688,273692.11788792,4630623.776961281,1.2,2195,12,4,41-26,[]
TX,1034.234144109,291258.58194868,4639594.271963746,1.2,1627,12,4,303-24,[]
TX,1034.432389825,291690.42053158,4642131.239909459,1.2,357,12,4,137-25,[]
TX,1034.488354286,291888.826063447,4641628.911986983,1.2,2466,12,4,68-18,[]
TX,1034.531206028,292530.081864428,4643808.355649928,1.2,455,12,4,145-25,[]
TX,1034.850432343,294989.255525581,4643235.020341386,1.2,2098,11,4,363-13,"[['RX_GW', 1036.331191479, 2098, 11, 4, 868.1, -134.042905957, '00:00:00:00:00:04']]"
TX,1034.91523636,290674.574722457,4641291.873592669,1.2,1622,7,4,301-27,[]
TX,1034.92923087,292410.979406018,4641887.566863216,1.2,1250,12,4,248-3,[]
TX,1035.181262841,291605.132303519,4640993.889596043,1.2,858,10,4,195-4,[]
TX,1035.345104344,289281.368039659,4638778.247922381,1.2,673,12,4,171-11,[]
TX,1035.778763139,290853.343033123,4642286.391874289,1.2,702,10,4,174-19,[]
TX,1035.917878766,289942.656909783,4634416.721126938,1.2,2044,12,4,356-28,[]
TX,1036.484155209,290780.566375552,4640271.395438762,1.2,433,9,4,141-10,[]
TX,1036.621057399,291525.591718147,4642443.119053118,1.2,384,12,4,138-7,[]
TX,1036.663553933,294396.067852978,4643070.498856046,1.2,1153,12,4,239-17,[]
TX,1036.66490595,273718.969829275,4630625.436766098,1.2,401,12,4,14-18,[]
TX,1037.033490661,294970.927544486,4643400.578279494,1.2,405,12,4,14-3,[]
TX,1037.097820013,292323.948258676,4642053.570437131,1.2,1723,12,4,310-19,[]
TX,1037.158609917,293711.478640644,4645354.421340112,1.2,802,12,4,187-18,[]
TX,1037.356125714,290833.226676798,4642267.900501378,1.2,407,12,4,14-6,[]
TX,1037.390312124,293170.528329615,4640549.32695761,1.2,2393,12,4,56-4,[]
TX,1037.457511815,284944.299565555,4642821.735065991,1.2,2092,12,4,362-5,[]
TX,1037.492533271,291561.583384077,4641380.127076974,1.2,2403,10,4,57-28,[]
TX,1037.638995335,291625.532796863,4642848.837775473,1.2,2425,12,4,61-17,[]
TX,1037.671606545,290061.02361876,4642388.700997517,1.2,1888,9,4,335-15,[]
TX,1037.903424112,290465.247884888,4641508.619987031,1.2,2592,7,4,79-6,[]
TX,1037.950368527,287772.410557086,4645632.123981382,1.2,868,12,4,197-3,[]
TX,1038.124692413,290608.851667969,4643898.393901263,1.2,2320,12,4,50-26,[]
TX,1038.402882741,291552.043325878,4640946.214932922,1.2,660,9,4,167-18,[]
TX,1038.434722754,290817.236247211,4643099.538414129,1.2,1876,12,4,334-16,[]
TX,1038.535739417,290744.301376257,4642880.648021045,1.2,399,12,4,14-16,[]
TX,1038.55930216,290716.99696019,4642159.973991074,1.2,179,9,4,112-30,[]
TX,1038.567669982,291467.093699325,4642255.123522874,1.2,1658,11,4,305-6,[]
TX,1038.590456483,292475.700090254,4641381.936820943,1.2,697,12,4,173-25,[]
TX,1038.597059587,292630.648945634,4641771.955141919,1.2,1275,12,4,253-14,[]
TX,1038.839612663,292192.170272461,4642167.849987754,1.2,1628,12,4,303-26,[]
TX,1038.988733282,289816.305030269,4643142.060258183,1.2,1449,12,4,274-12,[]
TX,1039.015072755,291854.458636008,4642558.461744426,1.2,2493,12,4,70-3,[]
TX,1039.225155476,292283.277896779,4637720.519035918,1.2,949,12,5,206-28,[]
TX,1039.234431172,290075.743142605,4643297.056454558,1.2,291,12,4,128-21,[]
TX,1039.283867715,290980.51451213,4641959.911156731,1.2,871,10,4,197-6,[]
TX,1039.326546306,291839.951820396,4641910.328411371,1.2,600,12,4,159-20,[]
TX,1039.412078726,292189.912247269,4641675.66257445,1.2,961,12,4,21-11,[]
TX,1039.565826276,274246.78009745,4630662.260191718,1.2,1808,12,4,322-3,[]
TX,1039.749428032,269654.774022617,4628484.606497143,1.2,1558,12,4,290-19,[]
TX,1039.861276581,292729.933373456,4641838.823834935,1.2,75,12,4,104-3,[]
TX,1039.865858119,294135.255455309,4647411.55774268,1.2,2771,12,4,97-4,[]
TX,1039.879024133,291856.570832233,4641086.770350204,1.2,1053,12,4,226-18,[]
TX,1039.90793331,295000.425476405,4642708.655032797,1.2,1463,9,4,275-16,[]
TX,1039.987724302,291073.941303723,4643640.044214784,1.2,2633,12,4,82-7,[]
TX,1040.139629591,289311.512794613,4639807.090186495,1.2,2120,9,4,367-21,[]
TX,1040.39162164,291840.103501903,4645294.542792352,1.2,2331,12,4,51-10,[]
TX,1040.432590786,278663.837315803,4632485.582896254,1.2,244,12,4,124-16,[]
TX,1040.539127522,291192.702300526,4641301.63278128,1.2,2412,8,4,58-6,[]
TX,1040.62477937,299741.343456492,4630064.131486886,1.2,986,12,4,214-4,[]
TX,1040.632932685,291904.009070731,4641664.433287055,1.2,2470,12,4,68-29,[]
TX,1040.903102121,290005.794886928,4642939.142961463,1.2,874,11,4,198-11,[]
TX,1040.951463316,292689.085327621,4642110.362382485,1.2,2655,12,4,84-21,[]
TX,1040.966588338,299550.283462327,4647945.303726678,1.2,2328,12,4,50-6,[]
TX,1041.040558684,292301.278107279,4641586.191250267,1.2,1574,12,4,293-2,[]
TX,1041.048621341,292452.373540954,4641595.714358071,1.2,941,12,4,206-11,[]
TX,1041.103739939,292165.751821742,4643997.573550177,1.2,1946,12,4,340-12,[]
TX,1041.125058434,285514.072514932,4633252.919478606,1.2,1632,12,4,304-19,[]
TX,1041.164115976,291240.108016875,4641286.872249964,1.2,1605,10,4,3-13,[]
TX,1041.322638601,273699.355781905,4630637.381546027,1.2,202,12,4,115-27,[]
TX,1041.374305474,291817.701183512,4641044.008017337,1.2,967,12,4,21-26,[]
TX,1041.407112633,292058.851144703,4644170.543397959,1.2,2395,12,4,56-6,[]
TX,1041.536198035,292074.610125957,4641792.701019723,1.2,803,12,4,187-19,[]
TX,1041.70174927,295253.619318915,4645386.472673164,1.2,1886,12,4,334-7,[]
TX,1041.806719925,276744.130132714,4632265.480432162,1.2,1363,12,4,264-16,[]
TX,1041.934435825,273668.254830267,4630726.413325612,1.2,1903,12,4,336-30,[]
TX,1041.960409022,288769.926663778,4642590.460926272,1.2,2190,11,4,41-12,[]
TX,1041.989552373,294311.299246602,4639950.529163146,1.2,2418,12,4,59-5,[]
TX,1042.002702423,291611.446155016,4641707.7793075,1.2,2491,12,4,70-20,[]
TX,1042.020892839,291126.262763566,4641180.576819163,1.2,132,9,4,109-30,[]
TX,1042.189556442,290315.468006648,4636944.668079772,1.2,2300,12,4,48-27,[]
TX,1042.287544504,291682.172687657,4642115.623857456,1.2,1183,12,4,24-20,[]
TX,1042.341903744,287769.712365366,4637355.953553468,1.2,2399,12,4,57-11,[]
TX,1042.349909734,291925.942274919,4641996.512107277,1.2,2054,11,4,357-6,[]
TX,1042.355860276,285430.166100369,4641819.279055585,1.2,2068,12,4,358-26,[]
TX,1042.386766827,291312.786619582,4642010.342055568,1.2,2485,12,4,7-7,[]
TX,1042.509144025,289937.162627577,4634393.167034695,1.2,730,12,4,179-21,[]
TX,1042.652782605,292728.558058862,4642094.236683506,1.2,2775,12,4,97-8,[]
TX,1042.6980054,285081.388751616,4633386.86515564,1.2,2442,12,4,62-28,[]
TX,1042.797337716,288087.50470791,4645571.681370194,1.2,76,12,4,104-4,[]
TX,1042.846617895,293333.604883118,4639542.385382051,1.2,1861,12,4,332-21,[]
TX,1043.042103721,291823.001657236,4642544.207399438,1.2,2018,12,4,349-8,[]
TX,1043.052607556,287628.258567447,4644412.073484227,1.2,1591,12,4,297-7,[]
TX,1043.117684253,281679.857316145,4632759.95686535,1.2,610,12,4,160-3,[]
TX,1043.172003095,291409.135347829,4642051.497328156,1.2,2429,12,4,61-21,[]
TX,1043.258069842,292836.673504218,4642168.538762115,1.2,1105,12,4,232-18,[]
TX,1043.424439187,292604.75588195,4637191.421961659,1.2,2674,12,4,85-28,[]
TX,1043.431819243,285741.345430833,4634064.145028096,1.2,2003,12,4,349-10,[]
TX,1043.448824324,292322.627571688,4642046.04805355,1.2,254,12,4,124-6,[]
TX,1043.568978269,271556.485378448,4630611.070694568,1.2,1507,12,4,284-23,[]
TX,1043.602818581,292159.849564236,4642187.024697433,1.2,290,12,4,128-20,[]
TX,1043.609828822,292330.089979433,4642039.886719014,1.2,823,12,4,19-4,[]
TX,1043.704252,290971.644289168,4643235.992996527,1.2,489,12,4,148-3,[]
TX,1043.77327079,292189.000115971,4649625.510190076,1.2,1484,12,4,28-11,[]
TX,1043.94975714,292772.450186019,4641534.441358917,1.2,1674,12,4,308-22,[]
TX,1044.17175686,291015.254355031,4641802.922031181,1.2,88,10,4,106-11,[]
TX,1044.272834004,291242.018583938,4641281.822524393,1.2,317,9,4,130-20,[]
TX,1044.274460506,291403.318267595,4641344.390123843,1.2,1598,9,4,298-4,[]
TX,1044.376969491,291045.341276245,4642329.325300244,1.2,1900,12,4,336-19,[]
TX,1044.521639445,273691.716588172,4630617.375596532,1.2,368,12,4,138-11,[]
TX,1044.59823297,291056.371630184,4639240.243593027,1.2,1172,12,4,24-1,[]
TX,1044.641541604,283693.234769621,4640212.52104998,1.2,1634,12,4,304-21,[]
TX,1044.825378905,289406.308492147,4641535.568610099,1.2,2251,7,4,45-4,[]
TX,1044.933879666,290060.647864685,4642394.230642732,1.2,1426,9,4,270-21,[]
TX,1044.957580957,290431.057269491,4643858.143696479,1.2,39,12,4,101-29,[]
TX,1045.050728934,291231.09102634,4641298.621330219,1.2,1648,10,4,305-2,[]
TX,1045.135808242,291505.92391831,4636434.284881074,1.2,1581,12,4,293-7,[]
TX,1045.244814887,287911.771577178,4644099.154626922,1.2,1857,12,4,332-13,[]
TX,1045.311669696,295939.40459303,4636546.075563228,1.2,349,12,4,137-16,[]
TX,1045.598858953,292336.597707047,4642039.902369834,1.2,249,12,4,124-26,[]
TX,1045.655353481,291987.07551458,4643711.765574836,1.2,2569,12,4,75-6,[]
TX,1045.681340533,296533.509391012,4645847.354983248,1.2,259,12,4,125-13,[]
TX,1045.719170774,289870.968039452,4642995.667469427,1.2,485,12,4,148-25,[]
TX,1046.136507812,292085.003799817,4640665.928697111,1.2,2238,12,4,44-26,[]
TX,1046.184506577,290344.065507153,4637081.467696484,1.2,207,12,4,119-13,[]
TX,1046.38014314,271851.752470931,4630651.508542228,1.2,1560,12,4,290-20,[]
TX,1046.454572242,292165.744070037,4641781.549333675,1.2,63,12,4,103-29,[]
TX,1046.485497867,290509.630471511,4634656.208647897,1.2,521,12,4,151-21,[]
TX,1046.517749488,292333.387222842,4642048.238718021,1.2,678,12,4,171-23,[]
TX,1046.665687502,290841.466967544,4636935.561038043,1.2,1120,12,4,234-17,[]
TX,1046.739249817,290853.109522132,4642284.921463741,1.2,2471,10,4,68-3,[]
TX,1046.75612669,291307.425937523,4641410.197766941,1.2,1160,10,4,239-24,[]
TX,1047.297982712,287925.210246498,4643283.532957484,1.2,2609,12,4,80-6,[]
TX,1047.332821597,288817.364799324,4636327.7607307,1.2,2153,12,4,371-21,[]
TX,1047.423768919,289340.671683037,4643097.274323377,1.2,593,12,4,158-8,[]
TX,1047.475629023,289181.633990691,4642152.934056884,1.2,2461,9,4,67-30,[]
TX,1047.504796874,295703.62755514,4642552.56128115,1.2,2601,7,4,8-4,[]
TX,1047.895892141,292816.963726011,4642795.40968646,1.2,1424,12,4,270-19,[]
TX,1048.052060933,290064.761230989,4642389.047333803,1.2,1695,9,4,31-1,[]
TX,1048.159250758,291888.550861176,4642577.197227602,1.2,568,12,4,155-3,[]
TX,1048.261703042,290518.652009394,4641371.637676648,1.2,1800,7,4,321-6,[]
TX,1048.383016828,291764.337435408,4644108.898764149,1.2,2249,12,4,45-3,[]
TX,1048.443001046,281895.019355665,4632784.262930041,1.2,2154,12,4,371-22,[]
TX,1048.547279211,292680.421455242,4641803.122274892,1.2,1096,12,4,231-27,[]
TX,1048.86325231,291117.57708045,4643609.903502222,1.2,2557,12,4,75-14,[]
TX,1048.935720223,290835.513858114,4642284.503451399,1.2,1443,10,4,273-21,[]
TX,1049.116559282,292408.542223835,4637352.0990438,1.2,328,12,4,130-5,[]
TX,1049.225931226,286654.999422301,4641703.082082046,1.2,978,12,4,211-28,[]
TX,1049.248985309,291392.445839926,4643126.114683553,1.2,587,12,4,158-23,[]
TX,1049.254164356,292401.884336138,4637318.387168416,1.2,1007,12,4,22-14,[]
TX,1049.298310014,290219.49522369,4642722.526142928,1.2,1098,10,4,231-4,[]
TX,1049.314147624,286557.92533299,4641830.238706403,1.2,201,12,4,115-26,[]
TX,1049.536533758,292566.052796972,4641350.229427014,1.2,1139,12,4,237-9,[]
TX,1049.642650985,288982.039110474,4642525.737272903,1.2,1575,12,4,293-20,[]
TX,1049.704744951,292266.164334862,4641960.960196896,1.2,1158,12,4,239-22,[]
TX,1050.259323697,291123.858707386,4641185.118680495,1.2,1150,9,4,239-12,[]
TX,1050.569053122,291760.787438138,4642644.255857483,1.2,2530,12,4,72-16,[]
TX,1050.605334524,288963.971423365,4643756.127671524,1.2,2730,12,4,95-12,[]
TX,1050.690338862,292568.163950241,4643001.188937051,1.2,2264,12,4,46-4,[]
TX,1050.740432537,289890.230682069,4633915.239865151,1.2,1629,12,4,303-29,[]
TX,1050.818499042,287123.420715682,4632985.282617551,1.2,250,12,4,124-29,[]
TX,1051.009901833,290637.059808271,4642980.915030791,1.2,84,12,4,105-21,[]
TX,1051.032721998,292235.535811076,4641923.658054817,1.2,788,12,4,186-10,[]
TX,1051.416344352,289751.635916341,4645778.550070836,1.2,466,12,4,147-24,[]
TX,1051.474991079,286379.716170631,4643051.680575033,1.2,219,12,4,12-3,[]
TX,1051.499060813,287750.505924694,4641453.961410918,1.2,366,12,5,137-6,[]
TX,1051.506725253,291192.959416982,4640424.563497539,1.2,2017,8,4,349-6,[]
TX,1051.600212256,292587.05093912,4641153.274355086,1.2,596,12,4,159-16,[]
TX,1051.748117343,291980.091644277,4643740.251959709,1.2,1610,12,4,3-27,[]
TX,1051.829852788,292986.955774558,4642110.403454875,1.2,2452,12,4,67-1,[]
TX,1051.861151302,291507.143902888,4642690.748916061,1.2,161,12,4,111-10,[]
TX,1051.878124923,293830.610381799,4639998.177908053,1.2,2203,12,4,42-13,[]
TX,1051.903547071,291882.066216519,4642562.350419491,1.2,2366,12,4,54-23,[]
TX,1051.99871262,292953.904253622,4640320.365218624,1.2,1106,12,4,232-19,[]
TX,1052.201623133,291528.42174103,4642077.668050346,1.2,2684,12,4,87-28,[]
TX,1052.258316379,273694.746215345,4630628.445604924,1.2,628,12,4,162-4,[]
TX,1052.300860717,291594.535766156,4642678.509244639,1.2,131,12,4,109-3,[]
TX,1052.33778773,292396.605927419,4644098.133172952,1.2,1650,12,4,305-21,[]
TX,1052.400515384,295137.149158412,4642686.860444044,1.2,13,8,4,100-26,[]
TX,1052.409655716,293850.830128489,4643669.411260231,1.2,835,12,4,190-3,[]
TX,1052.440921865,291782.427269903,4641041.222877892,1.2,636,12,4,163-15,[]
TX,1052.543540423,271848.243456434,4630701.119413161,1.2,1559,12,4,290-2,[]
TX,1052.637023702,291419.701697687,4642063.638473897,1.2,792,10,4,186-22,[]
TX,1052.682770899,271823.882993506,4630238.057383026,1.2,1282,12,4,254-11,[]
TX,1052.968961676,289945.143017951,4634408.418589746,1.2,1981,12,4,344-5,[]
TX,1053.01910749,292895.669386051,4642200.250793482,1.2,2657,12,4,84-25,[]
TX,1053.029143389,290240.612424541,4635213.843631288,1.2,284,12,4,127-7,[]
TX,1053.069097831,291611.252589835,4636569.222210565,1.2,140,12,4,11-19,[]
TX,1053.113720308,291965.661215839,4642592.411810152,1.2,2474,12,4,68-6,[]
TX,1053.162676476,290378.820071683,4642633.781954026,1.2,1601,11,4,298-7,[]
TX,1053.189378904,292757.103967641,4640824.632987408,1.2,1748,12,4,313-28,[]
TX,1053.448535606,292324.181089638,4642046.123160914,1.2,820,12,4,19-1,[]
TX,1053.700982879,293570.865227281,4643768.365038271,1.2,772,12,4,182-9,[]
TX,1053.739456166,293917.064838888,4639445.088916007,1.2,1727,12,4,310-29,[]
TX,1053.752518354,294058.283441629,4644067.805116857,1.2,2382,12,4,56-14,[]
TX,1053.979128599,291731.918266761,4642143.412971006,1.2,2265,12,4,46-5,[]
TX,1054.001110032,291837.409965944,4642548.027105671,1.2,940,12,4,206-10,[]
TX,1054.048142248,291931.739617227,4642584.604566889,1.2,1251,12,4,248-4,[]
TX,1054.056217295,291098.029343508,4643459.51801417,1.2,57,12,4,103-1,[]
TX,1054.195719292,290877.922579781,4638596.582015552,1.2,710,12,4,175-19,[]
TX,1054.328116237,289341.853481014,4640518.231698094,1.2,1227,7,4,245-12,[]
TX,1054.362999725,289037.644142683,4641822.629890454,1.2,1436,9,4,270-6,[]
TX,1054.557652456,292691.149262572,4641811.64719028,1.2,1319,12,5,256-25,[]
TX,1054.56488341,292458.368543733,4642797.25871837,1.2,264,12,4,125-27,[]
TX,1054.72498945,295155.393151676,4646250.314330442,1.2,551,12,4,153-20,[]
TX,1054.844143984,288972.753022708,4642605.043730858,1.2,779,11,4,185-17,[]
TX,1054.879812172,290225.91466803,4640009.437937864,1.2,2213,8,4,43-13,[]
TX,1055.002924127,292709.236270608,4637162.820841047,1.2,1470,12,4,275-3,[]
TX,1055.05379908,291875.882684349,4642383.003482426,1.2,845,12,4,194-22,[]
TX,1055.253091924,292705.820883115,4641843.803081052,1.2,1035,12,4,223-12,[]
TX,1055.308253883,291988.058017045,4643701.655703315,1.2,2562,12,4,75-22,[]
TX,1055.513348145,290466.952775063,4641377.003589059,1.2,2580,7,4,76-26,[]
TX,1055.595481149,292568.017622139,4641829.737780876,1.2,518,12,4,151-17,[]
TX,1055.596161447,293755.994412394,4640686.137463615,1.2,2310,10,4,50-12,[]
TX,1055.607898808,293210.784802655,4643915.14482663,1.2,442,12,4,141-26,[]
TX,1055.614925291,288312.429642294,4638810.182414671,1.2,1268,12,4,250-4,[]
TX,1055.636679745,291598.097881674,4640978.636399712,1.2,2021,10,4,351-18,[]
TX,1055.849096052,294051.483753947,4641447.031267802,1.2,331,10,4,130-8,[]
TX,1055.90856081,289507.448273998,4642590.154498442,1.2,364,11,4,137-4,[]
TX,1056.24468361,291033.855344789,4644024.95941742,1.2,462,12,4,147-11,[]
TX,1056.435269805,290553.063497098,4641013.091959399,1.2,294,7,4,128-30,[]
TX,1056.501987346,294398.621149417,4645740.669324672,1.2,694,12,4,172-6,[]
TX,1056.685650245,290494.39164289,4639925.238082542,1.2,2129,7,4,367-7,[]
TX,1056.81496225,292796.309906355,4642131.126644375,1.2,968,12,4,21-27,[]
TX,1056.82582629,291525.604403498,4641466.079945161,1.2,2115,11,4,367-14,[]
TX,1057.204258887,291743.884571476,4641675.787459917,1.2,45,12,4,102-1,[]
TX,1057.222375455,293194.244059292,4640193.075305706,1.2,721,12,4,178-3,[]
TX,1057.296701818,292333.404456432,4642039.686855877,1.2,2027,12,4,351-7,[]
TX,1057.353982316,282901.450331137,4632858.076189609,1.2,1485,12,4,28-12,[]
TX,1057.683695423,287528.491919627,4641959.264429999,1.2,910,12,4,202-13,[]
TX,1057.691654963,290236.266765272,4642590.388891554,1.2,1312,11,4,256-16,[]
TX,1057.947001145,292182.718289055,4642180.98218127,1.2,367,12,4,137-7,[]
TX,1058.031294708,292024.644868819,4641767.529406731,1.2,771,12,4,182-8,[]
TX,1058.033078961,295024.21752839,4647216.103941858,1.2,2480,12,4,7-21,[]
TX,1058.056111614,289177.663960858,4642517.516682946,1.2,716,11,4,176-10,[]
TX,1058.152775428,292675.18298637,4642047.279754802,1.2,67,12,4,103-5,[]
TX,1058.181078146,287464.591728315,4641213.618430728,1.2,807,12,4,187-3,[]
TX,1058.319478766,285379.653784124,4633147.581771358,1.2,206,12,4,119-12,[]
TX,1058.699234291,290646.971779251,4633359.111889449,1.2,1128,12,4,234-7,[]
TX,1058.743956708,290887.29782868,4640715.043323693,1.2,1767,8,4,317-5,"[['RX_GW', 1058.951369393, 1767, 8, 4, 868.1, -125.691232293, '00:00:00:00:00:02']]"
TX,1058.795913433,292708.873912356,4641828.125931996,1.2,2326,12,4,50-4,[]
TX,1058.818682536,291873.121956512,4641642.264849108,1.2,316,12,4,130-19,[]
TX,1058.836560491,291820.841635088,4642419.275088562,1.2,896,12,4,200-27,[]
TX,1058.99190376,284480.958163802,4632934.48497063,1.2,1059,12,4,226-24,[]
TX,1059.056561702,274371.250853131,4630723.200742127,1.2,1584,12,4,294-24,[]
TX,1059.096919353,291911.677201591,4642849.516481452,1.2,1769,12,4,317-7,[]
TX,1059.259999658,295957.891302808,4642559.186499834,1.2,1452,7,5,274-18,[]
TX,1059.411902547,289621.485429772,4637903.937868853,1.2,534,12,4,151-9,[]
TX,1059.504571384,288574.188559967,4643683.953890028,1.2,296,12,4,128-5,[]
TX,1059.609437874,290465.048710132,4641371.351955598,1.2,1722,7,4,310-18,[]
TX,1059.762885869,291740.07244793,4642786.765794985,1.2,2352,12,4,51-6,[]
TX,1059.96889311,290170.183348296,4641371.332867304,1.2,1304,7,4,254-7,[]
TX,1060.388594999,291042.107050597,4644009.41907971,1.2,35,12,4,101-24,[]
TX,1060.400194553,290950.680740732,4639030.702102819,1.2,1977,12,4,344-21,[]
TX,1060.593830649,291832.735380568,4642553.048461995,1.2,2218,12,4,43-2,[]
TX,1061.06754914,290828.184787587,4639358.970037828,1.2,1064,11,4,226-3,[]
TX,1061.140159945,289996.204385519,4643400.466169108,1.2,1752,12,4,315-20,[]
TX,1061.222441371,292244.360706793,4642097.903430354,1.2,292,12,4,128-29,[]
TX,1061.60578974,291110.528670126,4643704.463867827,1.2,2727,12,4,93-7,[]
TX,1061.637367732,290989.622201257,4639061.335643025,1.2,1031,12,4,222-24,[]
TX,1061.686607118,290572.396517084,4642298.040219916,1.2,2590,9,4,79-4,[]
TX,1061.72853065,292792.928233555,4642142.777234615,1.2,760,12,4,182-18,[]
TX,1061.898973248,293769.490132186,4639708.331768734,1.2,2199,12,4,41-9,[]
TX,1061.914875027,290672.079272142,4633736.058407591,1.2,2110,12,4,363-6,[]
TX,1062.053401711,289017.368676826,4641910.216977539,1.2,1024,8,4,221-24,[]
TX,1062.14967483,290485.21993204,4640831.85343926,1.2,592,7,4,158-28,"[['RX_GW', 1062.264670116, 592, 7, 4, 868.1, -110.852271389, '00:00:00:00:00:02']]"
TX,1062.173329358,290996.100457881,4639050.233279414,1.2,1032,12,4,222-27,[]
TX,1062.419777798,293514.981294978,4642172.905782901,1.2,1600,12,4,298-6,[]
TX,1062.476740108,290969.549036748,4640744.989362415,1.2,15,8,4,100-28,"[['RX_GW', 1062.684153045, 15, 8, 4, 868.1, -124.728461771, '00:00:00:00:00:02']]"
TX,1062.583076183,291838.289068842,4641946.719819535,1.2,1862,11,4,332-22,[]
TX,1062.651194483,291845.818096485,4642817.309067819,1.2,2308,12,4,50-1,[]
TX,1062.74223943,294669.415057179,4643026.293530879,1.2,2475,11,4,68-7,[]
TX,1062.776849813,290887.73493244,4639823.810245677,1.2,355,8,4,137-21,"[['RX_GW', 1062.984264091, 355, 8, 4, 868.1, -125.690555247, '00:00:00:00:00:02']]"
TX,1062.946294134,291648.92108716,4642120.775405631,1.2,1189,12,4,24-28,[]
TX,1063.030414203,293614.245437888,4651058.741505837,1.2,1355,12,4,261-9,[]
TX,1063.129616818,291532.253745841,4641324.09828707,1.2,1318,10,4,256-24,"[['RX_GW', 1063.789127787, 1318, 10, 4, 868.1, -130.904104681, '00:00:00:00:00:02']]"
TX,1063.24036829,292102.294564614,4642240.988425503,1.2,242,12,4,124-13,[]
TX,1063.251455014,292705.754383244,4637148.357515441,1.2,303,12,4,129-14,[]
TX,1063.284160355,292477.630575937,4643508.007776802,1.2,1365,12,4,264-18,[]
TX,1063.392518344,292689.625732651,4641818.172853244,1.2,1102,12,4,231-8,[]
TX,1063.516869678,291901.462385651,4642569.617002917,1.2,687,12,4,172-20,[]
TX,1063.593528504,292767.389725766,4642168.451930291,1.2,2049,12,4,357-19,[]
TX,1063.609644289,290864.975140281,4644928.154190992,1.2,469,12,4,147-27,[]
TX,1063.7435041,273674.892717379,4630702.987963847,1.2,1588,12,4,294-28,[]
TX,1063.844771487,290989.151718792,4639049.887729738,1.2,853,12,4,195-18,[]
TX,1063.946434436,289330.476556141,4634311.950085474,1.2,2174,12,4,39-25,[]
TX,1064.065576166,291765.365996752,4642640.995806466,1.2,855,12,4,195-20,[]
TX,1064.104256854,292662.861710218,4641794.018228882,1.2,74,12,4,104-21,[]
TX,1064.140775204,273708.847619058,4630708.782579411,1.2,2220,12,4,43-21,[]
TX,1064.177338543,292848.860543001,4641926.129039605,1.2,30,12,4,101-18,[]
TX,1064.330549615,292804.490206501,4641971.008374633,1.2,736,12,4,181-12,[]
TX,1064.833163529,291685.238144664,4642124.914168416,1.2,2637,12,4,83-2,[]
TX,1065.129663192,273677.399352475,4630694.534203478,1.2,1477,12,4,279-12,[]
TX,1065.264527917,292994.368999007,4642936.132328579,1.2,675,12,4,171-13,[]
TX,1065.355519317,290883.276757279,4644271.147675944,1.2,315,12,4,130-18,[]
TX,1065.35798075,290177.29295656,4641000.791510441,1.2,1057,7,4,226-22,[]
TX,1065.404249005,291918.19212393,4642589.388446968,1.2,878,12,4,198-22,[]
TX,1065.487002682,289552.235589868,4642039.889170057,1.2,2622,8,4,82-22,[]
TX,1065.586516678,291128.700862556,4641173.966268268,1.2,1924,7,4,339-12,[]
TX,1065.700788818,295553.435550845,4646797.630327224,1.2,2025,12,4,351-5,[]
TX,1065.711625829,301461.474110039,4645396.497638946,1.2,2496,12,4,70-6,[]
TX,1065.79528092,294407.321769163,4642793.703865475,1.2,2540,11,4,72-28,[]
TX,1065.826728247,286377.902258754,4640680.531298837,1.2,1333,12,4,259-4,[]
TX,1065.927135525,292553.807535567,4641852.940549942,1.2,2539,12,4,72-27,[]
TX,1066.109751737,282190.320583525,4637415.315152278,1.2,428,12,4,140-29,[]
TX,1066.206895817,293204.781772125,4640438.161606684,1.2,1918,12,4,338-3,[]
TX,1066.32571602,291493.778526479,4641989.599270144,1.2,218,10,4,12-29,[]
TX,1066.52705622,290671.061833834,4641303.674037178,1.2,1736,7,4,311-20,"[['RX_GW', 1066.642052445, 1736, 7, 4, 868.1, -122.102972513, '00:00:00:00:00:02']]"
TX,1066.736086179,288736.645838513,4642560.306623957,1.2,2467,11,4,68-19,"[['RX_GW', 1068.216846526, 2467, 11, 4, 868.1, -134.750836369, '00:00:00:00:00:02']]"
TX,1066.898373347,292402.900837223,4637323.245744687,1.2,649,12,4,163-30,[]
TX,1066.983320791,290685.172901283,4646600.54814555,1.2,2506,12,4,71-18,[]
TX,1067.083872241,295142.585775119,4642715.622614974,1.2,1101,7,4,231-7,[]
TX,1067.10526727,290823.093732891,4635881.738868681,1.2,354,12,4,137-20,[]
TX,1067.111870607,287087.559791884,4632460.912212758,1.2,171,12,4,112-17,[]
TX,1067.181783821,292548.231348156,4641848.702821723,1.2,2255,12,4,46-1,[]
TX,1067.206975591,291485.662600331,4636489.064356854,1.2,1104,12,4,232-17,[]
TX,1067.256543402,292670.979847152,4643712.032224831,1.2,2020,12,4,351-17,[]
TX,1067.325128203,291645.307555045,4638392.407250882,1.2,1353,12,4,261-28,[]
TX,1067.394328302,290941.295129445,4641751.054912376,1.2,2365,9,4,54-22,[]
TX,1067.558636846,290649.831872375,4639942.575570479,1.2,1068,7,4,226-7,[]
TX,1067.610474374,295151.514962736,4641775.882171562,1.2,1291,7,4,254-2,[]
TX,1067.680944617,279860.218793243,4632602.732539261,1.2,1414,12,4,269-30,[]
TX,1068.012046876,293431.893821521,4643992.72387744,1.2,2283,12,4,47-26,[]
TX,1068.028043996,292189.824805657,4642933.738020913,1.2,491,12,4,148-5,[]
TX,1068.051197239,271574.504889499,4630625.265052794,1.2,522,12,4,151-22,[]
TX,1068.093693175,285896.128811047,4641166.732170212,1.2,1121,12,4,234-19,[]
TX,1068.296077176,289306.903735995,4634644.592382886,1.2,205,12,4,119-11,[]
TX,1068.524603412,288504.985056272,4635175.500448648,1.2,1743,12,4,313-11,[]
TX,1068.996142223,288106.3234601,4641345.916201859,1.2,2248,10,4,45-29,"[['RX_GW', 1069.655654066, 2248, 10, 4, 868.1, -132.406988339, '00:00:00:00:00:02']]"
TX,1069.010306612,291870.435565,4642564.777492275,1.2,763,12,4,182-22,[]
TX,1069.127887427,290413.024951868,4641810.245607208,1.2,535,7,4,152-10,[]
TX,1069.256090279,290689.732296414,4641292.447620857,1.2,604,7,4,159-6,[]
TX,1069.462474047,271621.794689535,4630623.402036656,1.2,1568,12,5,291-4,[]
TX,1069.755485858,291508.117069258,4642443.686680201,1.2,2423,12,4,60-25,[]
TX,1069.79156411,291279.227104242,4642368.152333735,1.2,398,12,4,14-15,[]
TX,1069.807688292,290143.60562346,4643595.634029123,1.2,1500,12,4,282-3,[]
TX,1069.85916326,291723.596726952,4642165.375678117,1.2,2227,12,4,43-4,[]
TX,1069.928868173,273689.901883773,4630653.321491693,1.2,1147,12,4,238-28,[]
TX,1069.977528133,289428.026409974,4646181.363133447,1.2,1683,12,4,309-18,[]
TX,1069.987330931,273674.635993521,4630622.554357229,1.2,1557,12,4,290-18,[]
TX,1070.171389979,288511.375384336,4635175.500235113,1.2,266,12,4,126-11,[]
TX,1070.230544154,292622.164832531,4642383.23992504,1.2,1247,12,4,248-19,[]
TX,1070.31424339,290507.657355712,4640904.637003855,1.2,1829,7,4,326-20,[]
TX,1070.449913854,291710.529092817,4642780.246127126,1.2,2561,12,4,75-21,[]
TX,1070.489879868,292906.068089733,4643887.230081403,1.2,2712,12,4,93-18,[]
TX,1070.70184919,291838.741093853,4642546.12944899,1.2,1351,12,4,261-26,[]
TX,1070.721527198,292968.223224689,4642891.311235321,1.2,2142,12,4,369-18,[]
TX,1071.147585996,271590.911820398,4630608.852981677,1.2,621,12,4,162-2,[]
TX,1071.214311212,293069.223058049,4635000.147341543,1.2,1327,12,4,259-17,[]
TX,1071.287531568,294880.912773802,4642655.117918217,1.2,1474,9,4,275-7,"[['RX_GW', 1071.659297266, 1474, 9, 4, 868.1, -127.264344458, '00:00:00:00:00:04']]"
TX,1071.392741096,290825.590737097,4636930.745217401,1.2,1125,12,4,234-4,[]
TX,1071.450310779,292786.634069122,4644133.543980666,1.2,0,12,4,100-10,[]
TX,1071.66174709,295635.087117997,4645558.378067847,1.2,2284,12,4,47-27,[]
TX,1071.745236329,293748.146617177,4645290.658354092,1.2,2717,12,4,93-25,[]
TX,1072.126518257,292346.763962328,4642349.934263598,1.2,516,12,4,151-11,[]
TX,1072.128220764,291850.019368811,4642542.016723632,1.2,168,12,4,111-27,[]
TX,1072.239673288,292544.880931433,4637205.809138569,1.2,1320,12,4,256-26,[]
TX,1072.393804788,292528.35770719,4642922.812048337,1.2,2413,12,4,58-7,[]
TX,1072.515911688,291168.688645313,4641347.117459428,1.2,595,8,4,159-15,"[['RX_GW', 1072.723325501, 595, 8, 4, 868.1, -126.811008835, '00:00:00:00:00:02']]"
TX,1072.575185965,291136.728835745,4642472.284568398,1.2,893,12,4,200-24,[]
TX,1072.598995276,292082.28328356,4641772.306242016,1.2,114,12,4,109-12,[]
TX,1072.662816817,292287.708438621,4642041.586316242,1.2,6,12,4,100-18,[]
TX,1072.697494493,295509.419209221,4642456.217724179,1.2,2077,7,4,361-17,"[['RX_GW', 1072.812490564, 2077, 7, 4, 868.1, -119.269931564, '00:00:00:00:00:04']]"
TX,1072.725337754,291942.697480451,4642584.176125888,1.2,115,12,4,109-13,[]
TX,1073.056834363,293061.285451864,4642161.808971045,1.2,2232,12,4,44-11,[]
TX,1073.081764402,289704.886685763,4641852.167257438,1.2,696,7,4,173-22,[]
TX,1073.102919862,290967.036092423,4640462.626177412,1.2,847,9,4,194-24,[]
TX,1073.222585889,286449.489662503,4642154.29121051,1.2,1292,12,4,254-20,[]
TX,1073.591132417,290745.80778712,4642882.908556606,1.2,2161,12,4,372-22,[]
TX,1073.608150841,287905.06254647,4644002.416765936,1.2,275,12,4,127-18,[]
TX,1073.663966688,292721.375443745,4641839.695534664,1.2,1509,12,4,284-25,[]
TX,1073.909534863,290450.230467914,4639204.308255675,1.2,2535,10,4,72-21,[]
TX,1073.981990284,291913.592736685,4642579.56790946,1.2,496,12,4,149-1,[]
TX,1074.127350731,291831.585636313,4642546.956409305,1.2,2544,12,4,72-5,[]
TX,1074.439605182,290658.720292689,4640614.719885245,1.2,3,7,4,100-13,[]
TX,1074.473426703,289226.699529472,4638685.938654942,1.2,1692,12,4,309-5,[]
TX,1074.485914509,291939.936421966,4642584.955007792,1.2,550,12,4,153-2,[]
TX,1074.668720113,291473.667025099,4642307.744281198,1.2,130,12,4,109-29,[]
TX,1074.741342329,292721.826226178,4641693.519681348,1.2,2743,12,4,96-17,[]
TX,1074.835314481,292499.663995984,4642271.333696015,1.2,2004,12,4,349-12,[]
TX,1074.917610366,291851.612661779,4642537.589620687,1.2,2764,12,5,97-23,[]
TX,1074.94088523,289218.463881886,4642080.838406506,1.2,1993,9,4,347-8,[]
TX,1075.26960442,291865.521120335,4642568.573808641,1.2,9,12,4,100-21,[]
TX,1075.391054573,292779.446411762,4642165.88349246,1.2,16,12,4,100-3,[]
TX,1075.692796606,291982.722984683,4643712.112922513,1.2,2607,12,4,80-19,[]
TX,1075.750034513,292686.689689013,4641828.383075917,1.2,1469,12,4,275-21,[]
TX,1075.822447896,290349.157118344,4630431.912846499,1.2,1932,12,4,339-24,[]
TX,1075.869301743,293050.650853205,4643308.910614355,1.2,1639,12,4,305-11,[]
TX,1076.282266545,290749.228627507,4642865.753991361,1.2,735,12,4,181-11,[]
TX,1076.293422119,292756.426034532,4642026.298820447,1.2,755,12,4,181-7,[]
TX,1076.71388564,286895.600689384,4640881.49983129,1.2,2208,12,4,42-27,[]
TX,1076.730831254,286834.632376909,4634324.198952663,1.2,2488,12,4,70-18,[]
TX,1076.762992738,288776.928086656,4634110.586920004,1.2,1863,12,4,332-24,[]
TX,1076.88362351,290431.560799764,4642321.090445061,1.2,1530,10,4,287-4,[]
TX,1077.073572887,286559.892252984,4641817.419747107,1.2,221,12,4,12-4,[]
TX,1077.077400928,293311.388182773,4644304.604861435,1.2,2377,12,4,55-7,[]
TX,1077.110830111,291720.909248991,4641496.139808492,1.2,1077,12,4,229-21,[]
TX,1077.619522857,273651.091010783,4630637.417828465,1.2,2006,12,4,349-14,[]
TX,1077.87065366,288186.859407413,4643906.982053848,1.2,2433,12,4,61-4,[]
TX,1077.908662094,294863.011340432,4638887.354710097,1.2,1587,12,4,294-27,[]
TX,1077.960093636,290357.604954033,4637226.030348064,1.2,1893,12,4,335-21,[]
TX,1078.0529962,291703.234096595,4642125.102729383,1.2,1159,12,4,239-23,[]
TX,1078.060407823,289339.245834688,4634320.326950206,1.2,2081,12,4,361-21,[]
TX,1078.365509906,288274.696538264,4641310.454815488,1.2,1942,10,4,339-8,[]
TX,1078.533477769,290746.085758225,4635701.602780498,1.2,2401,12,4,57-13,[]
TX,1078.714382095,287862.432599962,4638044.822120928,1.2,255,12,4,124-7,[]
TX,1078.72381752,291111.30538915,4641359.651309015,1.2,101,9,4,107-12,"[['RX_GW', 1079.095583178, 101, 9, 4, 868.1, -127.350702511, '00:00:00:00:00:02']]"
TX,1078.76621116,292746.201914376,4641857.682911093,1.2,2072,12,4,358-6,[]
TX,1078.840457598,295609.634917486,4645559.328643081,1.2,1434,12,4,270-4,[]
TX,1078.856801153,291516.844049884,4642068.951974389,1.2,2083,12,4,361-4,[]
TX,1078.884939801,292803.273098936,4641978.301052943,1.2,2293,12,4,48-11,[]
TX,1078.886769543,295173.610886322,4642739.282824886,1.2,2759,7,4,97-18,[]
TX,1078.903260136,292432.744845911,4641530.312288701,1.2,1199,12,4,241-12,[]
TX,1078.95455835,290032.222938369,4642373.21746195,1.2,2364,10,4,54-14,[]
TX,1078.96373076,292181.59609902,4641361.496497427,1.2,116,12,4,109-14,[]
TX,1079.019698398,293790.675030811,4644262.08573319,1.2,2279,12,4,47-20,[]
TX,1079.067277349,281929.684743149,4632790.396400756,1.2,591,12,4,158-27,[]
TX,1079.07757637,291764.25565143,4641033.200400026,1.2,192,10,4,113-27,[]
TX,1079.214827233,277939.198829317,4632421.687939469,1.2,1939,12,5,339-5,[]
TX,1079.223020778,288240.478854379,4634797.855158315,1.2,1046,12,4,225-26,[]
TX,1079.250787776,292904.661537184,4640431.067395919,1.2,1670,12,4,308-11,[]
TX,1079.257619932,292257.57619112,4636532.328109014,1.2,2159,12,5,371-27,[]
TX,1079.285953915,278158.830913195,4632358.087939495,1.2,1486,12,4,28-13,[]
TX,1079.464161701,286994.222394263,4640996.790771702,1.2,2448,12,4,66-3,[]
TX,1079.602126303,289877.71969305,4642982.317572607,1.2,1454,12,4,274-20,[]
TX,1079.622751295,292524.663182761,4642823.070409627,1.2,1259,12,4,249-5,[]
TX,1079.636367189,292900.249585828,4641236.996702027,1.2,2632,12,4,82-6,[]
TX,1079.699402468,288224.253152712,4632732.042204555,1.2,2669,12,4,85-11,[]
TX,1079.737583173,291062.884793437,4644031.12416403,1.2,180,12,4,112-4,[]
TX,1079.838310311,292157.684249874,4642193.204253353,1.2,356,12,4,137-24,[]
TX,1079.974176441,290230.461042157,4646650.17022214,1.2,1969,12,4,341-4,[]
TX,1080.166457871,291056.388167685,4644016.768931018,1.2,142,12,4,11-21,[]
TX,1080.194785579,289268.569968302,4639200.177365161,1.2,1818,11,4,324-13,[]
TX,1080.255555047,290663.184353678,4641624.444563843,1.2,1643,8,4,305-15,[]
TX,1080.349850876,271898.707411923,4630635.885732176,1.2,2216,12,4,43-18,[]
TX,1080.632536707,290732.046109804,4641519.874344879,1.2,1366,8,4,264-19,[]
TX,1080.649556947,288180.127357854,4643894.658196568,1.2,1023,12,4,221-22,[]
TX,1080.653350379,292631.573371116,4641781.172707277,1.2,787,12,4,185-7,[]
TX,1080.941431465,293709.848576637,4645352.554733513,1.2,2722,12,4,93-3,[]
TX,1080.999841352,285690.725450836,4649821.995332173,1.2,626,12,4,162-29,[]
TX,1081.067404463,290818.288311813,4640546.189444192,1.2,4,7,4,100-14,[]
TX,1081.255615825,292280.030809357,4642339.841860916,1.2,1086,12,4,231-13,[]
TX,1081.366319749,291055.740656871,4641936.478314606,1.2,1681,9,4,309-1,[]
TX,1081.455354047,291777.070595733,4640418.304540013,1.2,1156,11,4,239-20,[]
TX,1081.497711287,290733.968140037,4642905.711421356,1.2,1816,12,4,324-10,[]
TX,1081.680791742,290552.368506378,4643201.651934659,1.2,2222,12,4,43-25,[]
TX,1081.79405296,273712.75073241,4630638.968193164,1.2,2184,12,4,40-25,[]
TX,1081.839747229,286579.987338157,4641699.200733683,1.2,1965,12,4,341-19,[]
TX,1081.948382354,292527.392858969,4642917.099769169,1.2,1721,12,4,310-17,[]
TX,1082.107547559,293247.229676229,4640223.80372696,1.2,979,12,4,214-1,[]
TX,1082.13410148,291286.329727369,4641402.52685705,1.2,2490,10,4,70-2,[]
TX,1082.491741131,291734.192637214,4638630.710470819,1.2,1505,12,4,284-10,[]
TX,1082.831744235,288835.345960954,4645510.109296646,1.2,313,12,4,130-14,[]
TX,1082.85813914,289751.139865932,4635467.82327559,1.2,1141,12,4,238-13,[]
TX,1083.027517876,292857.841155337,4641911.460200262,1.2,1103,12,4,231-9,[]
TX,1083.058957172,292780.21328685,4642484.739143994,1.2,982,12,4,214-2,[]
TX,1083.07821887,290995.417753404,4640691.053344606,1.2,1976,8,4,344-20,[]
TX,1083.783575326,291451.538172792,4642030.574037509,1.2,1521,10,4,287-21,[]
TX,1083.940709758,292415.824274908,4641851.303135783,1.2,2664,12,4,84-4,[]
TX,1084.185795996,288854.665690094,4643707.256203354,1.2,1550,12,4,29-25,[]
TX,1084.209199251,292307.35410512,4642053.558805994,1.2,14,12,4,100-27,[]
TX,1084.254868368,273688.025470852,4630625.828866941,1.2,947,12,4,206-26,[]
TX,1084.711349986,297208.947271872,4646514.657955655,1.2,1755,12,4,315-5,[]
TX,1084.977520676,291038.788563797,4644011.915888107,1.2,2319,12,4,50-25,[]
TX,1084.992096415,294855.191081031,4646061.795961283,1.2,2513,12,4,71-26,[]
TX,1085.005104992,289225.97386084,4642068.118198969,1.2,705,9,4,174-4,[]
TX,1085.01483831,291184.005196506,4640435.429494873,1.2,359,8,4,137-27,[]
TX,1085.078217571,292764.140713003,4641354.717756528,1.2,2009,12,4,349-20,[]
TX,1085.116779175,271803.621780261,4630673.055211069,1.2,1200,12,4,241-13,[]
TX,1085.15121436,286691.856890438,4641706.706607274,1.2,188,12,4,113-14,[]
TX,1085.161611753,290978.226558112,4636333.719854028,1.2,2492,12,4,70-21,[]
TX,1085.221226674,290478.835409992,4639776.685873776,1.2,1416,9,4,269-5,[]
TX,1085.278275823,291412.115171118,4641332.442479923,1.2,1155,9,4,239-19,[]
TX,1085.340875433,291710.510493085,4642121.234147702,1.2,638,12,4,163-17,[]
TX,1085.442239914,292327.271297804,4642050.714736356,1.2,849,12,4,194-26,[]
TX,1085.514563057,291014.117812104,4641912.668341852,1.2,2648,9,4,84-15,[]
TX,1085.595291702,291868.904413803,4641643.987310776,1.2,1831,12,4,326-3,[]
TX,1085.645244827,289973.948579047,4637827.813098744,1.2,1260,12,4,249-6,[]
TX,1085.871537987,293701.651930097,4644272.832300168,1.2,1415,12,4,269-4,[]
TX,1085.984911992,290638.804463774,4646623.659212055,1.2,1780,12,4,318-6,[]
TX,1086.183470353,291635.092704597,4640905.323938802,1.2,1982,11,4,344-6,[]
TX,1086.255098435,292017.618583889,4643590.138747848,1.2,445,12,4,143-14,[]
TX,1086.35372063,285698.279465841,4633557.688968003,1.2,747,12,4,181-25,[]
TX,1086.384337813,290854.548211884,4642283.405421389,1.2,2363,10,4,53-7,[]
TX,1086.56438391,290515.438761111,4647228.055080246,1.2,1544,12,4,29-10,[]
TX,1086.628407287,290755.438849343,4643069.215321878,1.2,425,12,4,140-26,[]
TX,1086.678591937,290073.145327319,4642397.816021597,1.2,2288,9,4,47-4,[]
TX,1086.788054878,289669.772600733,4642149.777621726,1.2,2333,9,4,51-12,[]
TX,1086.820318957,288742.132962562,4643565.662607145,1.2,7,12,5,100-19,[]
TX,1086.832635061,291070.110219981,4644031.09385082,1.2,217,12,4,12-21,[]
TX,1086.834621807,294888.054698516,4647342.88501861,1.2,727,12,5,179-19,[]
TX,1087.159411582,290818.981066631,4642285.931297515,1.2,633,10,4,163-12,[]
TX,1087.197935261,292081.865431998,4640535.185898028,1.2,1873,12,4,332-8,[]
TX,1087.568246339,297277.76516828,4646220.299189972,1.2,214,12,4,12-18,[]
TX,1087.589337144,291247.724574509,4643216.445711574,1.2,2598,12,4,8-20,[]
TX,1087.613021716,289614.331565891,4643517.713856574,1.2,1996,12,4,348-18,[]
TX,1087.955824677,296022.160126378,4645751.666176797,1.2,2335,12,4,51-14,[]
TX,1088.029651506,291743.913555022,4641526.948034473,1.2,94,12,4,106-24,[]
TX,1088.036677542,294234.993326701,4641313.19866795,1.2,2085,11,4,361-6,"[['RX_GW', 1089.517436125, 2085, 11, 4, 868.1, -133.389626403, '00:00:00:00:00:04']]"
TX,1088.229389253,273712.564963844,4630618.0265884,1.2,2404,12,4,57-8,[]
TX,1088.386238016,289992.774228809,4637691.28336355,1.2,165,12,4,111-14,[]
TX,1088.49864036,290994.328470508,4641137.030478359,1.2,1358,8,4,262-25,"[['RX_GW', 1088.706053418, 1358, 8, 4, 868.1, -125.483103591, '00:00:00:00:00:02']]"
TX,1088.536045152,293293.740050431,4643991.335234825,1.2,2724,12,4,93-4,[]
TX,1088.634610923,288833.35445927,4636039.871250092,1.2,2390,12,4,56-27,[]
TX,1088.638620306,287224.736294746,4634215.584022907,1.2,1933,12,4,339-25,[]
TX,1088.653133039,286135.010941565,4638229.493521262,1.2,203,12,5,115-28,[]
TX,1088.660814268,290356.636319897,4641438.950136269,1.2,2274,7,4,47-16,[]
TX,1088.67030626,290032.303335194,4642351.696514658,1.2,1432,10,4,270-27,[]
TX,1088.673567005,289776.403971049,4645709.602382802,1.2,1151,12,4,239-13,[]
TX,1088.825691226,290101.03288657,4642429.747179669,1.2,2164,9,4,372-25,"[['RX_GW', 1089.197457831, 2164, 9, 4, 868.1, -129.9476486, '00:00:00:00:00:02']]"
TX,1088.889373926,289267.138179965,4634417.364393134,1.2,965,12,4,21-24,[]
TX,1089.308419892,292329.206803604,4642046.378393834,1.2,1184,12,4,24-21,[]
TX,1089.334413583,292046.649084384,4642109.13438928,1.2,1739,12,4,311-4,[]
TX,1089.468925925,291870.068750946,4642570.378579464,1.2,1190,12,4,24-29,[]
TX,1089.477834234,292377.839196446,4642919.074636655,1.2,2531,12,4,72-17,[]
TX,1089.492746018,291833.915590315,4642459.572841305,1.2,799,12,4,186-8,[]
TX,1089.69514124,294386.814816537,4643074.25222414,1.2,1764,12,4,317-21,[]
TX,1089.705424871,275869.314814438,4632087.202131514,1.2,2588,12,4,79-20,[]
TX,1089.82512278,302322.522005296,4645074.738250778,1.2,89,12,4,106-12,[]
TX,1089.850384331,291109.632520978,4641943.15271804,1.2,159,10,4,110-27,[]
TX,1090.051737758,291922.293149883,4642576.789869716,1.2,141,12,4,11-2,[]
TX,1090.205827424,291572.218616763,4640983.072008984,1.2,376,10,4,138-25,[]
TX,1090.265621163,290292.159842702,4647015.609671036,1.2,1222,12,4,244-26,[]
TX,1090.572636226,291860.471973333,4642565.602793771,1.2,1412,12,4,269-29,[]
TX,1090.592501855,292988.734173462,4642954.139875651,1.2,1065,12,4,226-4,[]
TX,1090.67674544,291329.022235156,4642008.413768766,1.2,1930,12,4,339-22,[]
TX,1090.706405889,290854.712270477,4638444.75043923,1.2,1297,12,4,254-27,[]
TX,1090.940434742,294415.020618703,4646452.440700192,1.2,2394,12,5,56-5,[]
TX,1091.032931747,290403.650271314,4642856.106714654,1.2,1173,12,4,24-10,[]
TX,1091.145832177,290635.621342307,4639779.02342203,1.2,2645,9,5,84-12,[]
TX,1091.210489693,292491.003971225,4641910.077769217,1.2,2183,12,4,40-24,[]
TX,1091.260129348,293116.132033765,4643552.057697739,1.2,2182,12,4,40-14,[]
TX,1091.283049859,291988.463681838,4642600.679882983,1.2,1393,12,4,268-18,[]
TX,1091.349172009,294652.548405592,4643351.466601653,1.2,2713,10,4,93-19,[]
TX,1091.40848064,290872.541084957,4642313.04147187,1.2,1540,11,4,288-21,[]
TX,1091.42414442,291184.12269878,4641310.907616654,1.2,2108,8,4,363-28,[]
TX,1091.425106193,290393.952956418,4644038.583946386,1.2,1212,12,4,242-28,[]
TX,1091.6992997,288046.878737025,4647088.705420463,1.2,1226,12,4,245-11,[]
TX,1091.707068736,289196.286702336,4642523.210140849,1.2,1713,11,4,31-29,[]
TX,1091.721597617,291169.286306096,4638604.505603064,1.2,722,12,4,178-4,[]
TX,1091.990357175,291189.15490942,4644892.450273595,1.2,1953,12,4,340-25,[]
TX,1092.181181051,273673.352184092,4630624.585868347,1.2,1566,12,4,290-7,[]
TX,1092.373617045,290944.364920021,4641210.219603715,1.2,92,7,4,106-22,"[['RX_GW', 1092.488613993, 92, 7, 4, 868.1, -123.110572409, '00:00:00:00:00:02']]"
TX,1092.470599911,290865.86876276,4642265.279368955,1.2,375,12,4,138-24,[]
TX,1092.50340189,295121.210907429,4642732.827617136,1.2,1794,7,4,321-19,"[['RX_GW', 1092.618399315, 1794, 7, 4, 868.1, -122.895909834, '00:00:00:00:00:04']]"
TX,1092.851692263,291208.526596943,4636218.816031562,1.2,1635,12,4,304-29,[]
TX,1093.409930768,290332.510540543,4636226.173481907,1.2,2346,12,4,51-26,[]
TX,1093.534547334,290083.611732814,4642387.60439467,1.2,1418,9,5,269-7,"[['RX_GW', 1093.906313794, 1418, 9, 5, 868.1, -129.407334852, '00:00:00:00:00:02']]"
TX,1093.559987526,290668.168675467,4633789.605351239,1.2,714,12,5,175-4,[]
TX,1093.701436125,293196.446639868,4641994.615501617,1.2,107,12,5,107-25,[]
TX,1093.703089969,290679.484725834,4641303.377894673,1.2,1389,7,4,267-26,[]
TX,1093.795954361,273729.25949141,4630645.549330396,1.2,1673,12,4,308-14,[]
TX,1094.190112654,291045.150052113,4641119.205905156,1.2,1798,9,4,321-4,"[['RX_GW', 1094.561877876, 1798, 9, 4, 868.1, -128.786653535, '00:00:00:00:00:02']]"
TX,1094.356547819,289713.062340624,4639215.418661534,1.2,1241,10,4,246-23,[]
TX,1094.410671159,289492.528415212,4644821.061205368,1.2,1061,12,4,226-26,[]
TX,1094.422121705,290478.49692419,4640634.612255236,1.2,1839,7,4,330-14,[]
TX,1094.672396182,290646.441506256,4633744.890824912,1.2,971,12,4,211-12,[]
TX,1094.883698514,290121.417289149,4644935.603998743,1.2,281,12,4,127-4,[]
TX,1094.917116496,289181.84622362,4642524.538583289,1.2,1553,11,4,29-28,[]
TX,1094.941154544,290722.890506868,4641174.986817106,1.2,2349,7,5,51-3,[]
TX,1095.074015323,288956.881841492,4636757.117660385,1.2,169,12,4,111-28,[]
TX,1095.076020571,293024.669686415,4643324.313351418,1.2,1040,12,4,223-24,[]
TX,1095.159542644,290187.072127519,4643361.433098096,1.2,1442,12,4,273-20,[]
TX,1095.632638251,291188.567691046,4644134.788153897,1.2,1504,12,4,282-7,[]
TX,1095.644804341,290144.105717572,4635341.133248512,1.2,2606,12,4,80-18,[]
TX,1095.742111715,294356.512990663,4642738.293617198,1.2,1836,11,4,330-10,"[['RX_GW', 1097.222870885, 1836, 11, 4, 868.1, -134.98682825, '00:00:00:00:00:04']]"
TX,1095.799196088,291138.818891595,4639424.160218138,1.2,1126,11,4,234-5,[]
TX,1095.879802781,292817.556612215,4641605.175621287,1.2,2141,12,4,369-17,[]
TX,1095.885226499,291806.73611681,4641571.321804079,1.2,1852,11,4,330-7,[]
TX,1095.926419747,291047.412930555,4641114.18369213,1.2,2035,9,4,353-29,[]
TX,1096.176802437,291469.117503082,4642073.511899021,1.2,1130,12,4,237-11,[]
TX,1096.221035002,290197.046165342,4647344.044381215,1.2,396,12,4,139-27,[]
TX,1096.421283305,292899.860665846,4642833.969441697,1.2,1386,12,4,267-14,[]
TX,1096.513228342,292889.915595968,4642625.911569986,1.2,507,12,4,150-20,[]
TX,1096.705986789,291108.216399894,4641070.671521812,1.2,1966,9,4,341-20,"[['RX_GW', 1097.077752192, 1966, 9, 4, 868.1, -129.675401133, '00:00:00:00:00:02']]"
TX,1096.799736975,291074.456784337,4644031.270279226,1.2,1362,12,4,264-15,[]
TX,1096.835822084,289359.908836154,4634339.148827074,1.2,813,12,4,188-20,[]
TX,1096.953185545,291587.469221121,4643877.004578216,1.2,708,12,4,174-7,[]
TX,1096.975923392,289979.408749776,4634431.15651853,1.2,585,12,4,158-14,[]
TX,1097.0005091,292314.887692153,4642054.064604271,1.2,1161,12,4,239-25,[]
TX,1097.012861438,292715.239659848,4641826.435767999,1.2,1456,12,4,274-29,[]
TX,1097.064567669,293760.706826454,4644223.602443296,1.2,1617,12,4,301-22,[]
TX,1097.298706439,292081.577884044,4643144.751136124,1.2,830,12,5,190-18,[]
TX,1097.331639168,291805.35746302,4642560.675436848,1.2,2774,12,4,97-7,[]
TX,1097.456923056,292364.472878666,4641979.679533374,1.2,2659,12,4,84-27,[]
TX,1097.473612658,291676.80480487,4641288.125907864,1.2,903,12,4,201-24,[]
TX,1097.518967376,292125.029444668,4643228.413238977,1.2,22,12,4,101-1,[]
TX,1097.887227131,293752.84081945,4644252.60047962,1.2,2451,12,4,66-6,[]
TX,1098.043160975,293528.612665991,4642101.807615059,1.2,2269,12,4,47-11,[]
TX,1098.331204787,294602.230306731,4643974.879144802,1.2,1735,11,5,311-19,[]
TX,1098.46097572,293728.802771786,4636082.041627928,1.2,1169,12,4,239-7,[]
TX,1098.534182565,290548.810286617,4642304.171655611,1.2,444,11,4,141-28,[]
TX,1098.559161269,292399.26456155,4641912.503269309,1.2,1167,12,5,239-5,[]
TX,1098.629061815,295454.586689846,4639220.818576417,1.2,2055,12,5,357-7,[]
TX,1098.755188803,289337.633696055,4634309.714481275,1.2,2439,12,4,62-14,[]
TX,1098.784261877,292483.041899233,4643067.092688979,1.2,1740,12,4,311-5,[]
TX,1098.79637064,290748.530220874,4642883.301929033,1.2,2345,12,4,51-25,[]
TX,1098.849814973,287582.368389414,4644035.939160878,1.2,785,12,4,185-5,[]
TX,1098.931907069,291801.420889065,4640767.260223305,1.2,1056,10,4,226-21,[]
TX,1098.956671786,291686.051191823,4642814.621210149,1.2,1118,12,4,233-26,[]
TX,1099.068357346,288002.256903205,4634562.459538163,1.2,1203,12,4,241-25,[]
TX,1099.241584264,289219.000600508,4642074.736600463,1.2,2155,9,4,371-23,[]
TX,1099.264800446,293771.632174541,4643339.77640929,1.2,2209,12,4,42-28,[]
TX,1099.297583879,288815.316913694,4641804.950656883,1.2,572,8,4,157-17,[]
TX,1099.425237812,289835.195106139,4639644.664980733,1.2,2702,9,4,91-30,[]
TX,1099.463034494,289647.977730286,4641935.913589539,1.2,798,7,4,186-28,[]
TX,1099.866724416,286814.642379357,4641669.473082079,1.2,1411,12,4,269-21,[]
TX,1099.937413577,292163.375161549,4643612.448269899,1.2,972,12,4,211-13,[]
TX,1099.940009819,290376.503576495,4641817.104321419,1.2,639,7,4,163-18,[]
TX,1100.053987977,295251.566576414,4648798.843154707,1.2,2708,12,4,93-10,[]
TX,1100.240165294,290469.812813659,4643856.506047836,1.2,766,12,4,182-3,[]
TX,1100.264828079,290067.979663331,4642381.972018447,1.2,252,10,4,124-30,"[['RX_GW', 1100.924338526, 252, 10, 4, 868.1, -130.50646501, '00:00:00:00:00:02']]"
TX,1100.272501829,291756.241407083,4642523.914342711,1.2,386,12,4,138-9,[]
TX,1100.700956884,272867.052549666,4629813.295227475,1.2,2066,12,4,358-24,[]
TX,1100.795667952,291177.030699264,4641967.472260626,1.2,2374,10,4,55-4,[]
TX,1100.944490877,291191.143919125,4640433.90357179,1.2,2012,8,5,349-24,"[['RX_GW', 1101.151904802, 2012, 8, 5, 868.1, -125.790551995, '00:00:00:00:00:02']]"
TX,1100.969994852,295134.506451413,4642701.885460326,1.2,223,8,4,12-7,"[['RX_GW', 1101.177408175, 223, 8, 4, 868.1, -125.772437985, '00:00:00:00:00:04']]"
TX,1101.136466677,290640.714574241,4641085.833280736,1.2,2114,7,4,367-13,[]
TX,1101.305896607,286710.017696482,4645120.037150942,1.2,1391,12,4,267-28,[]
TX,1101.372755836,291028.220347754,4640439.354858982,1.2,536,9,5,152-11,"[['RX_GW', 1101.744521261, 536, 9, 5, 868.1, -128.470012437, '00:00:00:00:00:02']]"
TX,1101.43670624,288586.46092866,4643548.994639666,1.2,931,12,4,204-13,[]
TX,1101.538491936,291705.934282926,4642121.652293023,1.2,1186,12,5,24-25,[]
TX,1102.01639678,289721.946549044,4641852.931394581,1.2,1602,7,4,3-10,"[['RX_GW', 1102.131393509, 1602, 7, 4, 868.1, -121.890819667, '00:00:00:00:00:02']]"
TX,1102.097390097,293766.471750974,4643566.020470288,1.2,239,12,4,122-6,[]
TX,1102.389178723,291525.892261626,4642068.955357195,1.2,113,12,4,109-11,[]
TX,1102.4425549,288827.331499361,4642733.421359226,1.2,526,12,4,151-27,[]
TX,1102.626289048,291064.978181791,4644021.971981008,1.2,1537,12,4,288-18,[]
TX,1102.662212124,291757.254187477,4639540.552044402,1.2,969,12,4,21-28,[]
TX,1102.803324273,293707.440327048,4645337.822737644,1.2,733,12,4,179-7,[]
TX,1102.856930248,291417.321258966,4642042.932822231,1.2,482,12,5,148-22,[]
TX,1102.982199446,294972.785801471,4642819.053694971,1.2,646,9,4,163-27,[]
TX,1103.001272954,288471.343582065,4642431.648506978,1.2,873,12,4,198-10,[]
TX,1103.030109152,286175.355845351,4631416.938778833,1.2,350,12,4,137-17,[]
TX,1103.072809687,291863.711387081,4642569.180998363,1.2,2523,12,4,72-1,[]
TX,1103.274895477,289945.200249287,4634405.960862624,1.2,1230,12,4,245-24,[]
TX,1103.478237303,289847.818197406,4643031.028508961,1.2,1707,12,4,31-20,[]
TX,1103.513970655,274535.741610754,4630856.928247796,1.2,1869,12,4,332-4,[]
TX,1103.561660763,293876.966992883,4640240.583909517,1.2,450,12,4,145-11,[]
TX,1103.575592138,292806.382712541,4641311.568997812,1.2,1163,12,4,239-27,[]
TX,1103.892786434,287579.988212728,4633414.119786061,1.2,1483,12,4,28-10,[]
TX,1103.902018145,293277.195361732,4640226.345941818,1.2,2282,12,4,47-25,[]
TX,1103.913390335,273717.628650061,4630649.686443219,1.2,1988,12,4,347-24,[]
TX,1103.960101921,295535.49202655,4642516.14909431,1.2,667,7,4,167-6,[]
TX,1104.438839188,290696.70032851,4644617.468921399,1.2,2536,12,4,72-24,[]
TX,1104.556244626,292317.363042961,4637466.96584882,1.2,1951,12,4,340-22,[]
TX,1104.808384342,291984.440475375,4643707.455078322,1.2,234,12,4,121-5,[]
TX,1104.84825093,291932.994555346,4642601.151180277,1.2,148,12,4,11-7,[]
TX,1104.895261504,291958.618825677,4641716.87137743,1.2,1243,12,4,246-27,[]
TX,1105.026955729,290676.340941218,4641295.597329117,1.2,1712,7,5,31-28,"[['RX_GW', 1105.141951957, 1712, 7, 5, 868.1, -118.150485627, '00:00:00:00:00:02']]"
TX,1105.040110889,291180.480494501,4643548.806061307,1.2,228,12,4,121-2,[]
TX,1105.107928578,285570.913764739,4641173.01883474,1.2,1809,12,4,322-4,[]
TX,1105.39606941,287499.812828641,4640813.549553875,1.2,2180,12,4,40-12,[]
TX,1105.419733737,291149.701445833,4641369.873711869,1.2,143,8,4,11-29,[]
TX,1105.507723993,291917.723207856,4642575.550652551,1.2,2309,12,4,50-11,[]
TX,1105.708636714,288530.925002091,4641574.643458116,1.2,574,9,4,157-19,[]
TX,1105.829729315,291839.740643526,4642547.949269249,1.2,332,12,4,130-9,[]
TX,1106.067072822,289835.485734144,4643475.78889258,1.2,1111,12,4,232-5,[]
TX,1106.29493971,295152.789662075,4642724.135100842,1.2,2172,7,4,39-23,"[['RX_GW', 1106.409937058, 2172, 7, 4, 868.1, -122.529512081, '00:00:00:00:00:04']]"
TX,1106.514849654,285866.4221219,4634279.052278092,1.2,1207,12,4,242-10,[]
TX,1106.524467078,291189.829210387,4644742.056273685,1.2,1078,12,4,229-3,[]
TX,1106.533461098,290827.508044773,4641303.620351768,1.2,1871,7,4,332-6,[]
TX,1106.557538105,292801.170685645,4640495.226801603,1.2,1758,12,4,317-15,[]
TX,1106.571446896,292545.183967857,4642599.069208276,1.2,1346,12,4,261-12,[]
TX,1106.617067256,290236.456528795,4642358.254110791,1.2,573,9,5,157-18,[]
TX,1106.619949043,282393.747035044,4639174.838014186,1.2,1845,12,4,330-25,[]
TX,1106.879605399,292392.550480363,4641788.896209768,1.2,483,12,4,148-23,[]
TX,1106.936419891,282738.134799541,4632834.579822432,1.2,2134,12,4,368-17,[]
TX,1106.937811016,291585.29664881,4636542.901839848,1.2,1013,12,4,220-14,[]
TX,1107.016540172,290463.426318162,4642868.160642467,1.2,2731,12,4,95-16,[]
TX,1107.236712168,286680.431458576,4641704.121110483,1.2,1685,12,4,309-2,[]
TX,1107.31747781,283303.349201055,4632888.842128941,1.2,1824,12,4,326-16,[]
TX,1107.394989567,290619.302105916,4642237.991855542,1.2,1110,9,4,232-4,[]
TX,1107.440177485,289740.128424828,4641833.583233273,1.2,851,8,4,194-28,[]
TX,1107.646793364,291033.390038215,4644015.306812072,1.2,2473,12,4,68-4,[]
TX,1107.889020724,291981.814456574,4643717.572989594,1.2,2476,12,4,7-17,[]
TX,1108.023270279,299211.631804279,4633157.539309416,1.2,629,12,4,162-6,[]
TX,1108.459408729,290731.178155788,4642235.931736869,1.2,299,10,4,129-10,"[['RX_GW', 1109.118919381, 299, 10, 4, 868.1, -131.205996148, '00:00:00:00:00:02']]"
TX,1108.672673019,292314.680012612,4641462.01211759,1.2,1630,12,5,304-17,[]
TX,1108.727596431,290681.650139844,4642771.49931808,1.2,1037,12,5,223-14,[]
TX,1108.756971042,290952.333900658,4640843.054092637,1.2,392,8,4,139-22,[]
TX,1108.91535997,291120.069703972,4642464.164343094,1.2,894,12,4,200-25,[]
TX,1108.926743394,286586.095419364,4634470.034508596,1.2,2214,12,4,43-16,[]
TX,1108.953852463,292523.569709274,4642908.258333061,1.2,1693,12,4,309-6,[]
TX,1108.978520363,289957.869250592,4642376.05395813,1.2,1606,9,4,3-14,[]
TX,1108.995489859,296751.581153461,4646468.130787514,1.2,1731,12,4,310-6,[]
TX,1109.605384349,288966.722119583,4642977.208996635,1.2,1922,12,4,339-10,[]
TX,1109.685353492,293231.996203784,4643149.224245852,1.2,1405,12,4,269-16,[]
TX,1109.745196252,289179.188466173,4643473.200702238,1.2,1174,12,4,24-11,[]
TX,1109.746183948,291678.950682348,4642228.197042497,1.2,1781,12,4,318-7,[]
TX,1109.748286476,292714.750004705,4641829.097436595,1.2,519,12,4,151-18,[]
TX,1109.843376864,290098.426940206,4642397.294191195,1.2,50,9,4,102-20,[]
TX,1110.282546347,297443.208688438,4647011.109897432,1.2,2166,12,5,372-28,[]
TX,1110.304474234,294209.32294912,4647271.089745222,1.2,2336,12,4,51-15,[]
TX,1110.375900371,299743.576540328,4630057.577568722,1.2,1512,12,4,284-28,[]
TX,1110.424383598,289176.137209619,4642515.413892545,1.2,2444,11,4,66-18,[]
TX,1110.516632049,295690.742906287,4643042.477163779,1.2,1795,9,4,321-20,[]
TX,1110.570741402,292675.08851369,4642372.272098185,1.2,2766,12,4,97-25,[]
TX,1110.912712722,291873.671840701,4642560.854606401,1.2,936,12,4,204-25,[]
TX,1110.92594953,290361.564880659,4641804.257305828,1.2,661,7,4,167-19,[]
TX,1111.035036736,289085.786900989,4642472.003198483,1.2,2550,11,4,73-4,[]
TX,1111.19375596,291201.500611196,4639549.174287736,1.2,2658,10,4,84-26,[]
TX,1111.30512731,289762.037840122,4641666.427949232,1.2,1300,7,5,254-3,[]
TX,1111.576794721,289674.289519271,4642418.702380329,1.2,297,9,4,128-6,[]
TX,1111.6899308,284548.60519154,4633007.080310619,1.2,2257,12,4,46-16,[]
TX,1111.804293864,273689.458617376,4630618.172259695,1.2,1589,12,4,297-17,[]
TX,1111.832407467,292335.249638282,4642047.930493802,1.2,1853,12,4,330-8,[]
TX,1111.911192734,291181.009823623,4635652.069785478,1.2,2063,12,4,358-20,[]
TX,1111.993122617,292823.139393186,4641945.763733095,1.2,2385,12,4,56-20,[]
TX,1112.044589212,292163.37735872,4639347.068858408,1.2,2185,12,4,40-26,[]
TX,1112.141469514,290322.734666159,4640361.466671215,1.2,397,7,4,139-28,[]
TX,1112.161201895,292331.651039003,4642041.72327099,1.2,2332,12,4,51-11,[]
TX,1112.302191381,289666.048171037,4643509.844089474,1.2,1698,12,4,31-12,[]
TX,1112.337119591,291240.442715165,4642284.66240679,1.2,839,12,4,190-6,[]
TX,1112.368373528,291233.984941521,4644163.218233633,1.2,2521,12,4,71-6,[]
TX,1112.377738841,291496.571004394,4641330.142418031,1.2,543,10,4,152-28,[]
TX,1112.540309351,301219.966436732,4645176.026195657,1.2,121,12,4,109-19,[]
TX,1112.749460311,294091.619412909,4643865.932861478,1.2,2275,12,4,47-17,[]
TX,1112.842171868,271680.721834187,4630736.330898848,1.2,1962,12,4,340-9,[]
TX,1112.843911635,289248.791392387,4638757.365172711,1.2,1129,12,4,237-10,[]
TX,1112.8729683,292685.615959729,4642008.744711628,1.2,1082,12,5,229-7,[]
TX,1112.92960069,290131.407130926,4636819.373915937,1.2,1489,12,4,28-25,[]
TX,1113.016548601,287556.376608092,4641397.388019847,1.2,1055,12,4,226-20,[]
TX,1113.048233652,293471.675194862,4642660.303696879,1.2,2486,12,4,70-1,[]
TX,1113.153249665,288995.584523923,4643702.515756656,1.2,380,12,4,138-3,[]
TX,1113.401182028,292977.334721824,4640865.936216502,1.2,1689,12,4,309-3,[]
TX,1113.448223486,291937.175189082,4642224.357447701,1.2,1762,12,4,317-19,[]
TX,1113.727241153,293039.545791105,4642611.842460901,1.2,957,12,4,209-25,[]
TX,1113.738578424,291621.393505706,4644623.404170687,1.2,2340,12,5,51-19,[]
TX,1113.757577095,291905.438616519,4641094.230736387,1.2,2755,12,5,97-12,[]
TX,1113.820449709,295127.856315706,4642701.486957763,1.2,899,8,4,201-13,[]
TX,1113.912728474,289323.888247025,4634313.550178469,1.2,53,12,4,102-4,[]
TX,1113.976063127,289211.437887583,4642072.788746598,1.2,326,9,4,130-3,[]
TX,1114.044332885,292285.406675364,4636331.36417838,1.2,17,12,4,100-4,[]
TX,1114.083167571,290716.524428808,4642158.039238894,1.2,414,9,4,140-14,[]
TX,1114.089661032,289855.772637265,4635425.566418866,1.2,999,12,5,215-26,[]
TX,1114.187911633,291787.943757115,4642595.230194418,1.2,352,12,4,137-19,[]
TX,1114.205722451,291850.203544033,4642549.583061247,1.2,1136,12,4,237-26,[]
TX,1114.301741563,303175.233403505,4636762.598576785,1.2,411,12,4,140-11,[]
TX,1114.319001202,291973.08817523,4641711.685898533,1.2,2268,12,4,47-10,[]
TX,1114.462962393,290032.812051918,4641530.667276355,1.2,2073,7,4,358-7,[]
TX,1114.742035903,292069.30129675,4641796.680707332,1.2,1890,12,4,335-19,[]
TX,1114.983586726,289649.303438925,4641970.005777584,1.2,213,8,4,12-17,"[['RX_GW', 1115.190999904, 213, 8, 4, 868.1, -125.000613078, '00:00:00:00:00:02']]"
TX,1115.032190709,295656.338968234,4641977.770584193,1.2,1148,7,4,239-10,[]
TX,1115.038706325,295156.6826949,4642740.696503392,1.2,2321,7,4,50-27,[]
TX,1115.22393423,287686.775830838,4640711.286660079,1.2,2065,12,5,358-23,[]
TX,1115.399222825,291995.606546849,4643707.226428804,1.2,2571,12,4,75-9,[]
TX,1115.507136732,291918.172880012,4642578.789369707,1.2,586,12,4,158-22,[]
TX,1115.633755383,291185.363476595,4641320.006947187,1.2,1694,8,4,309-7,[]
TX,1115.65935195,291912.348285459,4642582.091130206,1.2,915,12,4,202-25,[]
TX,1115.699835413,292977.940684113,4642277.552720158,1.2,2510,12,4,71-21,[]
TX,1115.921955794,273115.23856254,4629909.916433722,1.2,500,12,4,149-2,[]
TX,1115.933977371,290675.439305225,4641326.044564063,1.2,2106,7,4,363-26,[]
TX,1116.019277802,291785.844004045,4639803.204630394,1.2,1306,12,4,256-10,[]
TX,1116.023917398,291388.140177425,4642045.707881285,1.2,1192,12,4,24-30,[]
TX,1116.198250565,293821.207399473,4640806.196673219,1.2,2543,11,4,72-4,[]
TX,1116.208626893,291234.112398174,4643222.409348922,1.2,841,12,4,194-10,[]
TX,1116.229290227,290620.296214501,4641503.388001598,1.2,2157,7,4,371-25,[]
TX,1116.249535122,292291.676752625,4642701.316405727,1.2,2287,12,4,47-30,[]
TX,1116.265151838,293792.360539228,4643619.515074089,1.2,1894,12,4,335-4,[]
TX,1116.405103761,291495.184192388,4643822.864880095,1.2,2307,12,4,49-9,[]
TX,1116.611998439,290492.875145553,4636381.547140962,1.2,608,12,4,160-20,[]
TX,1116.620501886,288224.191853406,4634757.974934723,1.2,1080,12,4,229-5,[]
TX,1116.734299887,273658.728042368,4630702.656772735,1.2,1583,12,4,294-12,[]
TX,1116.865135719,286690.35350328,4641702.47156276,1.2,2235,12,4,44-14,[]
TX,1116.887850255,289951.796965413,4634416.637022885,1.2,1783,12,4,320-11,[]
TX,1116.90160739,291243.869294506,4641256.475637172,1.2,1615,9,4,301-13,[]
TX,1116.904982595,288936.393302,4642809.715327854,1.2,1974,12,4,344-19,[]
TX,1116.914840289,288421.876264421,4637795.187494575,1.2,2082,12,5,361-3,[]
TX,1117.041939449,283159.516854014,4632882.116414636,1.2,1394,12,4,268-19,[]
TX,1117.16311013,290004.826607659,4635377.549415242,1.2,1206,12,4,241-28,[]
TX,1117.20397305,291171.041208557,4641256.651024012,1.2,895,10,4,200-26,[]
TX,1117.210432578,284884.675505965,4641577.736220032,1.2,1940,12,4,339-6,[]
TX,1117.22645459,291989.68663326,4643707.401749643,1.2,231,12,4,121-3,[]
TX,1117.357664657,271796.370506753,4630034.08066129,1.2,1170,12,4,239-8,[]
TX,1117.360087927,291431.057290734,4642700.740977718,1.2,198,12,4,115-14,[]
TX,1117.664573639,291043.721415069,4641145.261192228,1.2,1119,9,4,233-9,[]
TX,1117.88903718,291069.411527183,4644044.871943928,1.2,2721,12,4,93-29,[]
TX,1117.977131188,290067.467094262,4642385.239099668,1.2,2649,9,4,84-16,"[['RX_GW', 1118.348897636, 2649, 9, 4, 868.1, -129.360662841, '00:00:00:00:00:02']]"
TX,1118.070662204,294751.831911861,4644000.490995116,1.2,1983,12,4,346-2,[]
TX,1118.132975405,292191.476218023,4642189.876922341,1.2,280,12,4,127-3,[]
TX,1118.276402423,292444.131639591,4641514.844682746,1.2,597,12,4,159-17,[]
TX,1118.429462674,291688.423802277,4642153.967319041,1.2,1367,12,4,264-21,[]
TX,1118.442895568,287814.418656448,4638505.879127282,1.2,1132,12,4,237-13,[]
TX,1118.526170686,292306.509417158,4651178.556665834,1.2,1332,12,4,259-3,[]
TX,1118.602365662,295617.42386179,4645556.227294893,1.2,2341,12,4,51-2,[]
TX,1118.613947606,289032.405454535,4641842.680760087,1.2,2130,9,4,367-8,[]
TX,1118.655213299,286831.844397793,4645144.790015012,1.2,2514,12,4,71-27,[]
TX,1118.720762844,290090.409021403,4640914.458594482,1.2,2121,7,4,367-23,[]
TX,1118.911709925,292334.988445107,4649975.371370186,1.2,1750,12,4,315-18,[]
TX,1118.990669681,289812.591344526,4641760.122606337,1.2,1060,7,4,226-25,[]
TX,1119.158467718,273728.540373566,4630672.220803852,1.2,163,12,4,111-12,[]
TX,1119.191147528,289698.592887561,4647170.705596988,1.2,2122,12,4,367-25,[]
TX,1119.194028103,289668.922889584,4635501.794309485,1.2,1314,12,4,256-18,[]
TX,1119.359152953,286614.821286183,4644781.248679793,1.2,1376,12,4,266-14,[]
TX,1119.420984557,292112.477337936,4643193.136585135,1.2,653,12,4,163-7,[]
TX,1119.478171329,290848.442414066,4642276.112055261,1.2,1495,10,4,282-17,[]
TX,1119.480342525,289002.547451609,4636132.946578203,1.2,922,12,5,203-14,[]
TX,1119.649584716,295630.685588599,4645584.55448325,1.2,2347,12,4,51-27,[]
TX,1119.7496507,291987.706618695,4643702.095001007,1.2,151,12,4,110-12,[]
TX,1119.773718361,292079.849018103,4640514.927157581,1.2,253,12,4,124-4,[]
TX,1119.845578407,290709.797234998,4641304.712434636,1.2,334,7,4,131-11,[]
TX,1119.92182037,289488.230173441,4635071.797735387,1.2,1947,12,4,340-13,[]
TX,1119.949245701,292545.736003861,4642582.616907163,1.2,2477,12,4,7-18,[]
TX,1120.002647924,289322.431003288,4639763.268251731,1.2,153,9,4,110-14,[]
TX,1120.109533467,273732.88544706,4630500.226005507,1.2,1313,12,4,256-17,[]
TX,1120.114050743,292717.896120585,4643717.266953645,1.2,2644,12,5,84-11,[]
TX,1120.29380285,294115.463705901,4647404.045345426,1.2,2519,12,4,71-4,[]
TX,1120.347419386,292340.778220828,4641559.889086585,1.2,2538,12,4,72-26,[]
TX,1120.500384723,290792.818355531,4642024.718547149,1.2,2552,9,5,73-6,[]
TX,1120.539197726,291441.720086422,4642047.937739461,1.2,1523,12,4,287-23,[]
TX,1120.667912321,273736.753082859,4630647.113998707,1.2,1908,12,4,337-10,[]
TX,1120.761756497,291681.244126704,4640050.047276895,1.2,762,12,4,182-21,[]
TX,1120.776890138,290422.351515302,4642323.599501359,1.2,91,10,4,106-14,[]
TX,1120.801828441,291838.111214178,4642457.65546656,1.2,420,12,4,140-2,[]
TX,1120.840661518,292304.197717682,4642036.74058933,1.2,821,12,4,19-2,[]
TX,1120.862297514,291881.384460174,4641939.420723648,1.2,464,12,5,147-13,[]
TX,1120.96266595,290979.588815857,4641321.693348575,1.2,1487,8,4,28-14,[]
TX,1121.153952918,290059.976780936,4642388.487407008,1.2,1417,9,4,269-6,"[['RX_GW', 1121.525719374, 1417, 9, 4, 868.1, -129.39433215, '00:00:00:00:00:02']]"
TX,1121.30724086,289995.799991414,4643458.299752475,1.2,1775,12,4,318-20,[]
TX,1121.352796565,281599.19027323,4632736.625222919,1.2,1288,12,4,254-17,[]
TX,1121.650463224,295635.813536852,4645570.515615472,1.2,2338,12,5,51-17,[]
TX,1121.653820433,293375.604702696,4645693.665799306,1.2,2690,12,4,88-25,[]
TX,1121.870287787,273655.237034565,4630693.543770444,1.2,1516,12,4,287-14,[]
TX,1121.89061124,292698.390058194,4641847.584538695,1.2,2542,12,5,72-3,[]
TX,1121.891585318,289721.480346267,4642409.511074132,1.2,2019,10,5,349-9,[]
TX,1122.025908944,289353.306463578,4642351.34021699,1.2,382,10,4,138-5,[]
TX,1122.056852926,290301.717090529,4642210.25269834,1.2,2400,9,4,57-12,[]
TX,1122.176643024,275589.95158412,4631583.233765978,1.2,1270,12,4,250-6,[]
TX,1122.181189326,293358.270665418,4642708.989202251,1.2,54,12,4,102-5,[]
TX,1122.289074115,290389.392494303,4645804.543298989,1.2,1776,12,4,318-21,[]
TX,1122.328745396,272372.244503716,4629643.951716934,1.2,87,12,4,106-10,[]
TX,1122.33241339,273681.195803084,4630604.218099177,1.2,1271,12,4,250-7,[]
TX,1122.386728773,290410.041725504,4641833.11158752,1.2,2699,7,4,91-21,[]
TX,1122.471932483,291700.512914835,4642141.848719805,1.2,2679,12,4,87-14,[]
TX,1122.537648904,293615.096552716,4641914.150419822,1.2,1063,12,5,226-28,[]
TX,1122.739285761,288697.514148273,4635211.989594516,1.2,2740,12,4,95-5,[]
TX,1122.74185135,289889.824920351,4633908.46460517,1.2,1625,12,4,303-18,[]
TX,1122.817871109,290359.246762258,4641448.968363157,1.2,1952,7,4,340-23,"[['RX_GW', 1122.932866854, 1952, 7, 4, 868.1, -115.236471438, '00:00:00:00:00:02']]"
TX,1122.830480221,291990.79189557,4643711.927078653,1.2,2554,12,4,75-11,[]
TX,1122.915267618,291029.606803263,4639121.515662988,1.2,1734,12,5,311-18,[]
TX,1123.431890274,290878.970143954,4644910.465799202,1.2,1878,12,4,334-18,[]
TX,1123.491127671,294015.202274506,4641018.931873553,1.2,2502,10,4,71-14,[]
TX,1123.497762392,292394.372439527,4637334.601225719,1.2,257,12,4,125-11,[]
TX,1123.533972986,291825.118672266,4644504.118620088,1.2,640,12,4,163-19,[]
TX,1123.58196742,292432.365274194,4641761.60292017,1.2,655,12,4,166-8,[]
TX,1123.834245744,291773.83989145,4640434.20327125,1.2,1181,11,4,24-19,[]
TX,1123.972112856,295669.639551786,4636695.514993919,1.2,2301,12,4,48-28,[]
TX,1124.041728625,291323.149637108,4640043.375181823,1.2,1917,11,4,338-21,[]
TX,1124.082363222,292176.08333329,4642666.362325467,1.2,2551,12,4,73-5,[]
TX,1124.098545705,288466.348479542,4635147.679207715,1.2,2132,12,5,368-15,[]
TX,1124.209716104,292652.652172029,4641757.028502148,1.2,2585,12,4,79-17,[]
TX,1124.214227041,292832.303034159,4643548.90039842,1.2,2450,12,4,66-5,[]
TX,1124.322848406,291832.220301815,4642550.874276361,1.2,2149,12,5,369-7,[]
TX,1124.363104649,290872.036618432,4642268.491371282,1.2,2113,12,4,367-12,[]
TX,1124.534921963,291835.125879338,4642507.445031387,1.2,2515,12,4,71-28,[]
TX,1124.594932635,293565.817771677,4642139.751008907,1.2,370,11,4,138-13,"[['RX_GW', 1126.075693422, 370, 11, 4, 868.1, -134.784923407, '00:00:00:00:00:04']]"
TX,1124.620504962,291064.439200333,4643336.616205758,1.2,2725,12,4,93-5,[]
TX,1124.902461017,292544.948820225,4642936.804634502,1.2,149,12,5,110-10,[]
TX,1125.009376377,291797.437470794,4642551.825162201,1.2,1347,12,4,261-13,[]
TX,1125.027078424,290354.998517925,4640377.340242618,1.2,1666,7,4,306-5,[]
TX,1125.202018066,293233.367001134,4643098.699043168,1.2,726,12,4,179-18,[]
TX,1125.228318557,295625.10343027,4642519.615346064,1.2,756,7,4,181-8,[]
TX,1125.294842139,291028.99265883,4641934.114131447,1.2,1667,9,4,306-6,[]
TX,1125.467545037,290689.443619003,4641307.555600579,1.2,1909,7,4,337-11,"[['RX_GW', 1125.582541322, 1909, 7, 4, 868.1, -118.537448756, '00:00:00:00:00:02']]"
TX,1125.551450566,293775.39421377,4646501.137958188,1.2,2772,12,4,97-5,[]
TX,1125.556911437,289359.900541776,4642543.229366463,1.2,2707,9,4,93-1,[]
TX,1125.588980774,280852.249836588,4632695.509471402,1.2,265,12,4,125-28,[]
TX,1125.599592451,292479.530440717,4641949.181246262,1.2,329,12,4,130-6,[]
TX,1125.658041236,291621.081299596,4642706.197154638,1.2,1716,12,4,31-4,[]
TX,1125.902206922,291518.935428331,4641339.325352963,1.2,525,10,4,151-25,[]
TX,1125.992891986,292579.086919723,4641381.889839523,1.2,981,12,4,214-19,[]
TX,1126.117867825,290030.13776396,4641537.457644376,1.2,2094,7,4,362-7,[]
TX,1126.187882972,291879.306898023,4642563.806934745,1.2,540,12,4,152-25,[]
TX,1126.194368163,292327.207168197,4642052.043032176,1.2,1759,12,4,317-16,[]
TX,1126.27963154,296748.879613926,4646471.518739725,1.2,2355,12,4,53-18,[]
TX,1126.376549985,293806.801236451,4643629.519208252,1.2,2270,12,4,47-12,[]
TX,1126.576742957,291836.994424669,4642553.854805804,1.2,97,12,4,106-27,[]
TX,1126.712957931,272192.909431056,4629700.77786706,1.2,1294,12,5,254-24,[]
TX,1126.750747308,291524.181770148,4642707.535877727,1.2,1286,12,4,254-15,[]
TX,1126.914946242,290450.908507549,4643610.327975496,1.2,2581,12,4,76-27,[]
TX,1127.055182773,288186.812601748,4643927.043614243,1.2,1022,12,4,221-14,[]
TX,1127.101230238,289146.726103352,4638600.751006186,1.2,1398,12,4,268-3,[]
TX,1127.174862965,291022.319737792,4641816.697293693,1.2,2026,10,4,351-6,[]
TX,1127.231826904,291833.219986385,4642483.017225925,1.2,2479,12,4,7-20,[]
TX,1127.241114045,289758.373873939,4637897.787540359,1.2,2643,12,4,84-10,[]
TX,1127.379348228,291815.270740476,4641607.006308964,1.2,2776,11,4,97-9,[]
TX,1127.44672324,292430.551523736,4641571.913645049,1.2,241,12,4,124-12,[]
TX,1127.455243448,285256.166071504,4633089.875326741,1.2,994,12,4,215-14,[]
TX,1127.573864773,291014.176354332,4644022.527037433,1.2,258,12,4,125-12,[]
TX,1127.624328384,285926.232832014,4635497.934604052,1.2,103,12,4,107-14,[]
TX,1127.650652509,289939.079744668,4634421.200829929,1.2,439,12,4,141-23,[]
TX,1127.662027594,288118.454792046,4641931.324361545,1.2,706,12,5,174-5,[]
TX,1127.721864327,289286.316897189,4641954.232010072,1.2,1281,8,4,254-10,[]
TX,1127.762819037,293940.699131145,4648867.340552137,1.2,2348,12,4,51-28,[]
TX,1127.845947605,291948.371159975,4642573.948601068,1.2,2548,12,4,73-3,[]
TX,1127.985044689,289520.721262292,4633154.828820842,1.2,1357,12,4,262-11,[]
TX,1128.023726715,290695.67522472,4641303.592563815,1.2,2436,7,4,61-7,[]
TX,1128.037510951,289314.643755752,4634329.491445261,1.2,1789,12,4,320-27,[]
TX,1128.083047679,291152.09713505,4641366.854179371,1.2,2138,8,4,368-21,[]
TX,1128.145999097,291566.634457753,4641381.874932462,1.2,1649,10,4,305-20,[]
TX,1128.190211697,290859.755169237,4638496.717387214,1.2,373,12,5,138-22,[]
TX,1128.345812645,289512.226381624,4644179.259479329,1.2,541,12,4,152-26,[]
TX,1128.351292315,290374.818687003,4641810.215614385,1.2,2600,7,4,8-3,"[['RX_GW', 1128.466289124, 2600, 7, 4, 868.1, -122.927471843, '00:00:00:00:00:02']]"
TX,1128.356847787,290592.285330879,4635596.493599402,1.2,1919,12,4,338-4,[]
TX,1128.362567121,291132.441204211,4641198.880597555,1.2,617,9,4,162-11,[]
TX,1128.365200642,292322.753932614,4642052.77565443,1.2,497,12,4,149-15,[]
TX,1128.385346044,291778.869323331,4639824.657529572,1.2,1782,12,4,320-10,[]
TX,1128.460116234,294402.649416696,4642675.282595458,1.2,1468,10,4,275-20,[]
TX,1128.626354553,292949.066347491,4642258.3408553,1.2,2029,12,4,353-17,[]
TX,1128.64602108,289018.330938617,4643553.912910667,1.2,2194,12,4,41-25,[]
TX,1128.935525718,291662.165200492,4642107.980539405,1.2,645,12,4,163-26,[]
TX,1129.000582542,295196.826022072,4645342.062391546,1.2,2272,12,4,47-14,[]
TX,1129.039998343,291485.635482328,4643824.097369159,1.2,2698,12,5,91-20,[]
TX,1129.125657354,290070.299802396,4642404.175784623,1.2,1576,9,4,293-21,[]
TX,1129.351998923,291139.708584728,4644446.13776725,1.2,757,12,4,181-9,[]
TX,1129.410786482,290339.527580302,4642040.718214878,1.2,1437,8,4,270-7,[]
TX,1129.428131681,292230.53203689,4638860.046976188,1.2,2671,12,4,85-13,[]
TX,1129.460782048,292511.098963019,4642890.544401555,1.2,842,12,4,194-11,[]
TX,1129.678618748,292328.09367277,4642045.470696185,1.2,1854,12,4,330-9,[]
TX,1129.725177984,290407.585844299,4635143.600031408,1.2,1901,12,4,336-21,[]
TX,1129.757065441,286345.413373075,4641694.11169216,1.2,1407,12,5,269-18,[]
TX,1129.974477897,292396.120759674,4643046.776905345,1.2,1133,12,4,237-14,[]
TX,1130.164912826,292135.17872678,4642572.362147403,1.2,2574,12,4,76-13,[]
TX,1130.268588229,291956.947986541,4642588.082595235,1.2,120,12,4,109-18,[]
TX,1130.322148984,273693.368655663,4630647.449467074,1.2,1146,12,4,238-27,[]
TX,1130.360191312,298012.281267815,4632569.300363484,1.2,286,12,4,128-17,[]
TX,1130.400366572,290479.422629663,4644582.627045473,1.2,122,12,4,109-2,[]
TX,1130.592903376,285364.041469563,4633224.633995496,1.2,900,12,5,201-14,[]
TX,1130.622226379,290942.039576692,4644485.362464821,1.2,1445,12,5,273-5,[]
TX,1130.634348863,292894.36978541,4642827.373808388,1.2,383,12,4,138-6,[]
TX,1130.641480628,290808.295499081,4642022.210527989,1.2,1152,9,4,239-14,[]
TX,1130.877272581,287457.756962386,4641217.374850627,1.2,2527,12,4,72-13,[]
TX,1130.908507186,292661.651121564,4641768.444341278,1.2,2015,12,4,349-4,[]
TX,1130.968449503,292043.680312333,4641774.529907524,1.2,351,12,5,137-18,[]
TX,1130.993859026,290637.937194823,4646616.816243502,1.2,2001,12,4,348-6,[]
TX,1131.030935706,273712.958413854,4630653.062905214,1.2,208,12,4,119-23,[]
TX,1131.406603778,292948.752379845,4643550.52719211,1.2,2259,12,4,46-18,[]
TX,1131.476428388,289146.512261458,4642827.018781769,1.2,740,11,5,181-18,[]
TX,1131.560499088,273817.793397032,4630344.684272813,1.2,1396,12,5,268-21,[]
TX,1131.578447621,291824.077269583,4642545.953138073,1.2,576,12,4,157-21,[]
TX,1131.745289104,288739.822370833,4642562.599448325,1.2,1455,11,5,274-26,[]
TX,1131.757991756,295076.531560547,4642775.479218567,1.2,781,7,5,185-19,[]
TX,1132.118810672,290833.758889479,4642775.910938993,1.2,394,11,4,139-25,[]
TX,1132.178001412,291277.37385197,4641404.947696747,1.2,709,10,5,175-18,[]
TX,1132.228177507,295087.528290911,4646533.860417036,1.2,1329,12,5,259-19,[]
TX,1132.523590451,290778.268356724,4635834.332627798,1.2,1586,12,4,294-26,[]
TX,1132.648744819,289217.383570178,4642517.487306825,1.2,692,11,4,172-4,[]
TX,1132.680722385,291070.460806462,4644027.339808322,1.2,1662,12,4,306-18,[]
TX,1132.909022201,292497.361670649,4641355.222618511,1.2,1310,12,4,256-14,[]
TX,1133.105520767,292525.376026066,4642914.916762616,1.2,2511,12,4,71-24,[]
TX,1133.43234668,272971.594249758,4629866.254574684,1.2,2441,12,4,62-27,[]
TX,1133.5077797,290293.504240444,4641970.241710289,1.2,1720,8,4,310-1,"[['RX_GW', 1133.715192917, 1720, 8, 4, 868.1, -124.717420417, '00:00:00:00:00:02']]"
TX,1133.606603676,292682.442478692,4642050.76162543,1.2,1231,12,4,245-25,[]
TX,1133.660783253,285530.516587022,4641136.819521833,1.2,1786,12,5,320-24,[]
TX,1133.728236999,293784.41547608,4639694.664320371,1.2,1028,12,4,222-12,[]
TX,1134.128131231,291835.077913579,4642449.655647577,1.2,2432,12,4,61-30,[]
TX,1134.136095222,271829.076308734,4630670.124810523,1.2,1905,12,5,336-5,[]
TX,1134.454026636,293185.719812974,4640510.806317695,1.2,2431,12,4,61-3,[]
TX,1134.489164637,290379.323830591,4641811.257500116,1.2,790,7,4,186-12,[]
TX,1134.616163373,290867.412569638,4642259.893184411,1.2,862,12,4,197-15,[]
TX,1134.67988335,289709.395658497,4642801.715303857,1.2,1811,12,4,322-6,[]
TX,1135.117794397,289297.881108497,4633820.309188508,1.2,222,12,5,12-6,[]
TX,1135.187065295,292312.225037479,4642289.481305695,1.2,2125,12,5,367-3,[]
TX,1135.33929517,291521.783014624,4642065.275090242,1.2,2384,12,4,56-19,[]
TX,1135.430834912,291880.095899113,4641951.891419698,1.2,532,12,4,151-7,[]
TX,1135.479471776,291995.725707034,4644019.332321255,1.2,2718,12,4,93-26,[]
TX,1136.199635862,298201.742014772,4636330.664489395,1.2,307,12,4,129-27,[]
TX,1136.262423582,292279.354037681,4642333.294386316,1.2,2087,12,4,362-17,[]
TX,1136.405812759,292422.433198289,4641880.692338846,1.2,423,12,4,140-24,[]
TX,1136.413755769,292790.177199819,4641123.868625457,1.2,2438,12,4,62-12,[]
TX,1136.438782459,291386.586160282,4641407.701974087,1.2,95,10,4,106-25,[]
TX,1136.525528886,295628.536889246,4645564.967680244,1.2,2273,12,4,47-15,[]
TX,1136.593554247,294714.006510229,4642497.497021112,1.2,262,8,4,125-25,[]
TX,1136.797846721,295734.479173742,4646032.416860321,1.2,2604,12,4,8-7,[]
TX,1136.801521287,292903.561215341,4641899.934861016,1.2,1178,12,5,24-15,[]
TX,1136.811289174,289843.70993821,4641187.602898081,1.2,1623,7,4,301-28,"[['RX_GW', 1136.926283659, 1623, 7, 4, 868.1, -98.62815576, '00:00:00:00:00:02']]"
TX,1136.980026169,292382.311793299,4639693.885558396,1.2,2212,12,4,43-11,[]
TX,1137.362403662,293316.162184454,4639857.397843665,1.2,1686,12,4,309-20,[]
TX,1137.386799553,290747.362690799,4642890.688063812,1.2,1653,12,4,305-26,[]
TX,1137.707908849,291182.336751816,4641306.22720395,1.2,2008,8,5,349-19,[]
TX,1137.742348685,288015.015365324,4634567.975987399,1.2,46,12,4,102-17,[]
TX,1137.77604225,291110.252896197,4642466.096963802,1.2,1406,12,4,269-17,[]
TX,1137.84762647,289784.926829194,4635422.841348591,1.2,2221,12,5,43-24,[]
TX,1137.859752986,291282.327126274,4642395.814935403,1.2,2739,12,4,95-30,[]
TX,1137.931229702,291836.851382821,4642572.960403631,1.2,946,12,4,206-25,[]
TX,1137.952403237,289989.544451446,4647053.05853309,1.2,1760,12,4,317-17,[]
TX,1138.092312644,291855.177933463,4641087.042603546,1.2,2615,12,4,81-14,[]
TX,1138.175917464,291824.072693678,4642550.980984652,1.2,800,12,4,186-9,[]
TX,1138.7467269,293628.865550029,4636383.418411206,1.2,1117,12,4,233-14,[]
TX,1138.896113748,291955.258569185,4642592.067083438,1.2,884,12,5,199-11,[]
TX,1139.0946529,291028.389072056,4640574.065113697,1.2,683,7,4,171-28,[]
TX,1139.28797613,291654.982069742,4642823.698155783,1.2,2356,12,4,53-19,[]
TX,1139.300773808,289900.72093318,4641319.863475632,1.2,693,7,4,172-5,[]
TX,1139.39073006,273683.236834608,4630717.415906949,1.2,2064,12,4,358-21,[]
TX,1139.458725752,292846.005125445,4641169.73915767,1.2,343,12,5,137-1,[]
TX,1139.461466587,273689.458340856,4630633.09847449,1.2,2059,12,4,358-13,[]
TX,1139.481287349,292323.356578859,4642052.722268001,1.2,2354,12,4,53-17,[]
TX,1139.602894706,291395.27530309,4641386.249545582,1.2,1390,9,4,267-27,[]
TX,1139.768101413,289792.491658095,4635454.776309156,1.2,2634,12,4,82-8,[]
TX,1139.782802261,295167.902948483,4645320.668374472,1.2,2286,12,4,47-3,[]
TX,1139.992280711,290058.970353563,4642388.293900112,1.2,1397,9,4,268-29,"[['RX_GW', 1140.364047167, 1397, 9, 4, 868.1, -129.390981888, '00:00:00:00:00:02']]"
TX,1140.024752862,288888.503991662,4638686.009717194,1.2,1236,12,4,246-11,[]
TX,1140.041451905,290131.020058727,4635352.750852796,1.2,1582,12,4,294-11,[]
TX,1140.083712867,291750.458349215,4642826.919853309,1.2,2744,12,4,96-18,[]
TX,1140.109351881,299751.186811641,4630062.289394295,1.2,1220,12,4,244-24,[]
TX,1140.16549925,290355.97460192,4639901.609487453,1.2,2667,7,4,84-7,[]
TX,1140.520718618,295564.831928305,4646063.576384046,1.2,2267,12,4,47-1,[]
TX,1140.522411142,291402.960089303,4641313.190611682,1.2,826,9,5,19-7,"[['RX_GW', 1140.894177675, 826, 9, 5, 868.1, -129.575757227, '00:00:00:00:00:02']]"
TX,1140.712226021,292150.538434065,4642193.877330084,1.2,432,12,4,140-7,[]
TX,1140.995307232,293479.218859396,4644109.178920749,1.2,2692,12,4,88-28,[]
TX,1141.189004471,292691.007251451,4641814.954048163,1.2,1959,12,4,340-6,[]
TX,1141.280939173,286695.599668297,4641695.532962284,1.2,1700,12,4,31-14,[]
TX,1141.30617276,291297.034332364,4641718.936027874,1.2,2752,10,4,96-7,[]
TX,1141.49361492,292663.941309672,4641779.064378831,1.2,1580,12,4,293-4,[]
TX,1141.680225142,290965.014610475,4640762.131184285,1.2,2048,8,5,357-18,[]
TX,1141.766283029,294406.696161794,4642822.67215259,1.2,28,12,4,101-16,[]
TX,1141.802211455,289891.724784554,4642959.358191769,1.2,34,11,4,101-21,[]
TX,1141.948669423,287668.430955076,4644581.144051806,1.2,1499,12,4,282-21,[]
TX,1141.955049756,290716.884928964,4635799.871785505,1.2,2241,12,4,45-1,[]
TX,1142.24529448,291561.267096506,4639876.109371435,1.2,362,12,4,137-3,[]
TX,1142.731972981,292396.167951468,4637313.994334238,1.2,36,12,4,101-25,[]
TX,1142.732800901,285597.841553724,4641197.416658172,1.2,952,12,4,209-11,[]
TX,1142.738505191,291035.687694973,4644037.552650716,1.2,932,12,4,204-14,[]
TX,1142.900093819,291045.245409691,4641730.497657593,1.2,1510,10,5,284-26,[]
TX,1142.984090278,289946.64324632,4634411.171053266,1.2,2742,12,5,95-7,[]
TX,1143.011466226,273679.75685496,4630562.258162607,1.2,2231,12,4,44-10,[]
TX,1143.017743601,291986.308630303,4643716.078845355,1.2,377,12,4,138-26,[]
TX,1143.050691059,291744.604251902,4639532.107454238,1.2,1571,12,4,293-17,[]
TX,1143.127303449,292030.361978371,4640521.643181873,1.2,494,12,5,148-8,[]
TX,1143.294046763,273549.530662862,4631097.270179836,1.2,924,12,4,203-25,[]
TX,1143.371716144,290508.078113044,4642161.819782034,1.2,1176,9,4,24-13,[]
TX,1143.64381847,288742.674668104,4642542.454704952,1.2,778,11,4,184-27,[]
TX,1143.781966079,292478.92448698,4641898.140791849,1.2,256,12,4,125-10,[]
TX,1144.015420436,291040.510275023,4644045.599991821,1.2,2716,12,4,93-21,[]
TX,1144.097709856,291983.412283935,4643701.435308755,1.2,117,12,4,109-15,[]
TX,1144.135195036,289974.963280559,4646328.510044924,1.2,2277,12,4,47-19,[]
TX,1144.214088231,288419.40940878,4642884.752912334,1.2,1021,12,4,221-13,[]
TX,1144.316754555,289414.408684266,4642058.070459542,1.2,2148,8,5,369-6,[]
TX,1144.318713289,289898.883987233,4641675.688486116,1.2,1620,7,4,301-25,[]
TX,1144.386861526,291882.285373798,4641630.574281075,1.2,347,12,4,137-14,[]
TX,1144.573830581,291993.531171622,4643714.14273678,1.2,974,12,4,211-24,[]
TX,1144.577148543,297942.126764184,4640984.277849724,1.2,1197,12,4,241-10,[]
TX,1144.612681433,291111.286284701,4642465.641748256,1.2,1638,12,4,305-10,[]
TX,1144.695507462,292603.666861459,4643919.104989436,1.2,780,12,5,185-18,[]
TX,1144.958794344,292791.388239831,4640723.079835776,1.2,1145,12,4,238-26,[]
TX,1144.994097094,286940.861588951,4641575.686116756,1.2,1431,12,4,270-26,[]
TX,1145.026193602,282977.145615671,4640408.126686323,1.2,1307,12,4,256-11,[]
TX,1145.222036497,290334.025964688,4641868.854713694,1.2,419,7,4,140-19,[]
TX,1145.322398882,292193.168189769,4641897.560532358,1.2,245,12,4,124-18,[]
TX,1145.421002439,292895.920548539,4639099.380558785,1.2,973,12,5,211-14,[]
TX,1145.55264787,292208.626505349,4649701.219681639,1.2,1773,12,5,318-18,[]
TX,1145.768404338,296805.924500645,4649719.766824033,1.2,2378,12,4,56-10,[]
TX,1145.871172975,291020.187997366,4644019.108070502,1.2,2237,12,5,44-25,[]
TX,1146.007425142,288046.11595787,4638496.414363602,1.2,41,12,4,101-4,[]
TX,1146.244660171,291856.894265145,4642557.82411953,1.2,2631,12,5,82-5,[]
TX,1146.277693231,289007.299152441,4634922.421329004,1.2,372,12,4,138-21,[]
TX,1146.30484957,290696.358142092,4641306.349468478,1.2,1099,7,5,231-5,[]
TX,1146.449089963,290533.044442639,4643020.220713539,1.2,1585,12,5,294-25,[]
TX,1146.667559558,292519.977593151,4640550.33589108,1.2,571,12,5,155-6,[]
TX,1146.745594423,289466.005749743,4642447.040494784,1.2,2652,9,4,84-19,[]
TX,1146.935214412,287913.927158947,4643986.333635481,1.2,2751,12,4,96-6,[]
TX,1147.078829489,287992.656926562,4643149.259564088,1.2,707,12,5,174-6,[]
TX,1147.088694277,289949.130039779,4634482.673730494,1.2,659,12,4,167-17,[]
TX,1147.204965652,289170.092563562,4642840.533094217,1.2,2456,11,4,67-19,"[['RX_GW', 1148.685726111, 2456, 11, 4, 868.1, -134.290445089, '00:00:00:00:00:02']]"
TX,1147.412684103,289224.713311467,4642068.620056879,1.2,2635,9,4,82-9,[]
TX,1147.489331183,291125.234422558,4641201.572692644,1.2,2729,9,4,95-11,[]
TX,1147.573476549,291751.79002331,4640312.248708121,1.2,1164,12,4,239-28,[]
TX,1147.782565653,288497.159423348,4643145.302181949,1.2,1448,12,4,274-11,[]
TX,1147.88791182,290850.869718536,4642266.684517095,1.2,1048,12,4,226-11,[]
TX,1148.01439168,290223.082248476,4644663.723253405,1.2,2741,12,4,95-6,[]
TX,1148.066915826,290027.761365529,4641531.656897367,1.2,2435,7,4,61-6,[]
TX,1148.16384676,291101.621327129,4642470.205747027,1.2,136,12,5,109-7,[]
TX,1148.265158689,290919.521938012,4642156.504642647,1.2,1607,12,4,3-24,[]
TX,1148.342172689,292389.502208645,4637317.578370976,1.2,637,12,4,163-16,[]
TX,1148.518385157,290692.254995809,4641309.241166239,1.2,289,7,5,128-2,[]
TX,1148.567050274,288098.62739492,4647129.951056375,1.2,2701,12,5,91-3,[]
TX,1148.667341408,290958.801437835,4641314.549173434,1.2,474,8,4,148-11,[]
TX,1148.765863328,292559.054368738,4639041.374744935,1.2,1265,12,4,250-20,[]
TX,1148.915662554,292689.574661312,4640509.330166177,1.2,642,12,4,163-21,[]
TX,1149.39717683,287091.047881259,4641490.418374424,1.2,1663,12,4,306-19,[]
TX,1149.41515075,292655.845169812,4641752.70865815,1.2,1036,12,5,223-13,[]
TX,1149.452707833,288370.26144707,4638653.971491867,1.2,85,12,4,105-3,[]
TX,1149.602965494,293484.990927695,4645634.87641576,1.2,752,12,4,181-4,[]
TX,1149.702016158,290578.594074401,4643072.77699919,1.2,2014,12,4,349-26,[]
TX,1149.773173267,292536.378739769,4641905.679717419,1.2,1889,12,5,335-16,[]
TX,1149.893584274,295128.381848157,4642714.406142172,1.2,318,8,4,130-21,[]
TX,1149.906142329,289572.248417555,4641585.344801604,1.2,1076,7,4,229-20,[]
TX,1150.016252963,291126.555070394,4642470.034119686,1.2,2324,12,5,50-3,[]
TX,1150.180742308,290445.593714578,4641376.615007292,1.2,246,7,4,124-19,[]
TX,1150.280006558,293207.632805693,4642037.728234214,1.2,1107,11,4,232-20,[]
TX,1150.398783188,286696.244915906,4641698.021919262,1.2,2696,12,4,91-18,[]
TX,1150.437544581,291050.206000349,4644012.274270712,1.2,2239,12,4,44-27,[]
TX,1150.646371522,289972.632800815,4637697.242709732,1.2,336,12,4,131-14,[]
TX,1150.763811658,291199.6635308,4641311.944045512,1.2,1011,9,4,22-27,[]
TX,1150.952752086,286703.9353265,4645132.858318479,1.2,1388,12,5,267-25,[]
TX,1151.114224871,289860.552775451,4639378.720733595,1.2,2297,10,4,48-24,[]
TX,1151.138863915,292612.958113762,4641982.85888908,1.2,2323,12,4,50-29,[]
TX,1151.148853267,290685.503511428,4641302.192664991,1.2,146,7,4,11-5,[]
TX,1151.438267403,290079.788482371,4642388.796899612,1.2,260,9,4,125-14,[]
TX,1151.812330763,292737.971282413,4641855.398567978,1.2,1344,12,4,261-10,[]
TX,1151.833737678,291201.13584648,4639566.669072596,1.2,2555,10,4,75-12,"[['RX_GW', 1152.493249312, 2555, 10, 4, 868.1, -132.140144127, '00:00:00:00:00:02']]"
TX,1151.889814951,293584.94492351,4643440.717564263,1.2,1402,12,4,268-7,[]
TX,1152.045157773,292860.510616787,4641911.404485342,1.2,2187,12,4,40-28,[]
TX,1152.198267958,290737.329897578,4642350.262722405,1.2,358,11,5,137-26,[]
TX,1152.30441722,290836.357752804,4642305.572023754,1.2,1524,11,4,287-24,[]
TX,1152.404659392,289221.054570295,4642072.538379119,1.2,1213,9,4,244-10,[]
TX,1152.546692824,295369.188824953,4644105.012163211,1.2,109,12,5,107-27,[]
TX,1152.575612065,291929.24726791,4642580.486350668,1.2,147,12,4,11-6,[]
TX,1152.807690661,292691.250505303,4641811.605142252,1.2,2587,12,4,79-19,[]
TX,1152.881832714,292781.186113022,4642163.013342413,1.2,1837,12,5,330-11,[]
TX,1152.894668607,289952.232808871,4634412.482677691,1.2,2040,12,4,353-6,[]
TX,1152.925470021,289926.38790687,4634608.5699299,1.2,1515,12,4,287-13,[]
TX,1153.032918196,291255.53752772,4642203.788575222,1.2,2697,11,4,91-19,[]
TX,1153.133775153,292108.784999819,4642638.359942168,1.2,2748,12,5,96-3,[]
TX,1153.182198952,291842.118795136,4642552.919718854,1.2,1645,12,4,305-17,[]
TX,1153.229977945,289932.326092617,4634389.428614552,1.2,1567,12,4,291-3,[]
TX,1153.235967472,290548.163338851,4641779.10331293,1.2,1081,7,4,229-6,[]
TX,1153.416633458,290678.956052418,4641294.287727739,1.2,1846,7,4,330-26,[]
TX,1153.504835584,291636.181338486,4644618.982586711,1.2,1768,12,4,317-6,[]
TX,1153.611515099,292219.686861428,4638912.247720883,1.2,1429,12,4,270-24,[]
TX,1153.684125555,289572.273738332,4642052.071796866,1.2,2678,8,5,87-13,[]
TX,1153.736272076,290860.840241039,4642269.029817401,1.2,856,12,4,195-21,[]
TX,1153.791581522,293867.169589156,4643667.254536271,1.2,2291,12,5,47-7,[]
TX,1153.937763273,289009.230169177,4643792.500554322,1.2,43,12,4,101-6,[]
TX,1154.247722091,295067.320655702,4646053.435200595,1.2,2052,12,4,357-4,[]
TX,1154.262895818,290748.956266793,4641531.909018119,1.2,1654,8,4,305-28,[]
TX,1154.308495475,288336.480542299,4634917.26492872,1.2,2525,12,4,72-11,[]
TX,1154.430949495,292409.609950298,4637278.685452322,1.2,2373,12,5,55-3,[]
TX,1154.49967118,290578.019330783,4642344.332590427,1.2,886,9,4,199-23,[]
TX,1154.840177218,293320.532434046,4644284.713715938,1.2,1554,12,4,29-9,[]
TX,1154.840736126,290051.683420687,4642387.917983458,1.2,558,9,5,153-6,[]
TX,1155.073436684,290958.83647253,4641185.458051186,1.2,1757,7,4,315-7,[]
TX,1155.287505654,290250.234515653,4643366.811114977,1.2,189,12,4,113-24,[]
TX,1155.364822492,282722.62005065,4640451.608533383,1.2,1577,12,4,293-29,[]
TX,1155.646063171,289949.71065486,4634413.410440522,1.2,1843,12,5,330-20,[]
TX,1155.69418273,280063.469023834,4632616.008880599,1.2,1717,12,4,31-5,[]
TX,1155.735409707,292660.916166139,4641767.692850395,1.2,945,12,5,206-24,[]
TX,1155.828535421,286546.824902069,4644686.11948977,1.2,1383,12,4,267-11,[]
TX,1155.858460714,291066.644461945,4641098.918224059,1.2,2685,9,4,88-11,[]
TX,1155.921834236,292397.595116452,4637299.249974411,1.2,630,12,4,163-1,[]
TX,1155.97074748,292330.095390602,4642052.270297042,1.2,261,12,4,125-24,[]
TX,1155.977609664,290072.939019874,4641521.483367705,1.2,738,7,4,181-14,[]
TX,1156.215575351,290473.198508769,4640621.706457898,1.2,933,7,4,204-22,[]
TX,1156.281754922,292639.8239806,4642401.000716395,1.2,2688,12,4,88-22,[]
TX,1156.437303419,272826.807532377,4629739.143178989,1.2,1679,12,4,308-27,[]
TX,1156.488230879,291036.123546275,4641122.235458798,1.2,81,9,5,105-18,[]
TX,1156.554788337,289578.716964274,4642210.108358561,1.2,1948,9,4,340-14,[]
TX,1156.554855488,290345.465275015,4640363.788309335,1.2,685,7,5,172-18,[]
TX,1156.627204687,287135.348783373,4634224.114865399,1.2,1345,12,4,261-11,[]
TX,1156.665002158,291733.725242101,4642153.416084891,1.2,2261,12,4,46-2,[]
TX,1156.691966683,282750.27265779,4632847.173700879,1.2,1262,12,5,250-17,[]
TX,1156.768170958,291126.001105824,4642467.57386313,1.2,889,12,4,200-10,[]
TX,1156.856918408,290697.928915208,4641289.143154302,1.2,2037,7,5,353-30,[]
TX,1156.907528193,290988.535962825,4639064.584501039,1.2,1687,12,4,309-21,[]
TX,1157.061308204,291053.335258238,4644039.134368384,1.2,1038,12,4,223-22,[]
TX,1157.275180199,291816.739477913,4644172.309502414,1.2,605,12,4,160-1,[]
TX,1157.286116164,275342.318383007,4631407.679794513,1.2,1855,12,4,332-10,[]
TX,1157.327674807,293906.950650159,4643695.530242334,1.2,2317,12,4,50-21,[]
TX,1157.348740053,291920.013115143,4642586.777200315,1.2,2131,12,5,367-9,[]
TX,1157.68073503,291040.004056734,4639141.400811876,1.2,2219,12,4,43-20,[]
TX,1157.80476249,292124.883822561,4642827.857319979,1.2,1906,12,4,336-6,[]
TX,1158.074671191,289856.26957112,4643040.09132822,1.2,1526,12,4,287-26,[]
TX,1158.074892051,290378.039251138,4641815.79290281,1.2,2144,7,4,369-20,[]
TX,1158.217804432,286707.487964784,4645114.326479511,1.2,919,12,5,203-10,[]
TX,1158.658428658,284806.058655467,4633030.21701468,1.2,2422,12,4,60-20,[]
TX,1158.695492645,299797.429057952,4645120.907855457,1.2,2215,12,4,43-17,[]
TX,1158.87542899,291196.58270129,4641970.59697726,1.2,2613,10,4,81-12,[]
TX,1158.889622676,290741.641666857,4642894.172079213,1.2,1640,12,4,305-12,[]
TX,1159.129230937,292774.986457319,4642126.104882041,1.2,753,12,4,181-5,[]
TX,1159.374313001,290040.91338036,4643477.229555057,1.2,1777,12,5,318-3,[]
TX,1159.436691247,288977.367093398,4643974.700035256,1.2,2362,12,5,53-6,[]
TX,1159.607003322,291718.565112204,4642048.042170136,1.2,1664,11,4,306-20,[]
TX,1159.631692387,299741.464217041,4630058.662056958,1.2,1797,12,4,321-3,[]
TX,1159.685858016,291060.504697649,4641620.527971737,1.2,1744,9,4,313-12,[]
TX,1159.791585182,291171.760692888,4641934.24572756,1.2,2381,11,4,56-13,[]
TX,1159.836639146,288237.704784196,4634056.202140435,1.2,954,12,5,209-13,[]
TX,1159.877771346,289214.781223589,4642523.104563547,1.2,1827,11,5,326-19,[]
TX,1159.911532153,289055.447687961,4647277.343222601,1.2,1,12,5,100-11,[]
TX,1160.300413481,295620.239620465,4645562.158918864,1.2,2278,12,4,47-2,[]
TX,1160.312583882,292326.390424323,4642056.046331656,1.2,1165,12,4,239-3,[]
TX,1160.320266207,290355.066601183,4643806.142911932,1.2,155,12,4,110-23,[]
TX,1160.390979332,291132.855200669,4642475.190210805,1.2,840,12,4,190-7,[]
TX,1160.449593467,296713.641235527,4635324.695023401,1.2,118,12,5,109-16,[]
TX,1160.492906434,287915.137934967,4643998.594395345,1.2,1380,12,4,266-27,[]
TX,1160.57761337,289659.267658648,4643507.448916676,1.2,288,12,4,128-19,[]
TX,1160.624092263,291223.376710157,4642256.114943547,1.2,273,12,4,127-1,[]
TX,1160.828640528,292362.920686728,4637412.746199044,1.2,2315,12,5,50-18,[]
TX,1160.858949756,292837.413978876,4641942.364167225,1.2,2660,12,5,84-28,[]
TX,1160.964445445,291177.452137592,4641384.711789628,1.2,2005,9,4,349-13,"[['RX_GW', 1161.336211339, 2005, 9, 4, 868.1, -127.117162606, '00:00:00:00:00:02']]"
TX,1160.99235562,295610.4596982,4645554.122271451,1.2,2276,12,5,47-18,[]
TX,1161.196930114,291993.07091842,4643718.157175438,1.2,2556,12,4,75-13,[]
TX,1161.395664008,302580.383089142,4642871.604674774,1.2,870,12,5,197-5,[]
TX,1161.398060406,293405.376337791,4643283.610670232,1.2,2327,12,5,50-5,[]
TX,1161.457777568,292537.267792247,4641699.545761453,1.2,251,12,4,124-3,[]
TX,1161.546921896,290555.756360223,4636598.105354405,1.2,713,12,4,175-30,[]
TX,1161.603565213,294147.882317693,4645001.378389792,1.2,2202,12,4,42-12,[]
TX,1161.869972133,290143.943777533,4635341.803685495,1.2,270,12,4,126-26,[]
TX,1161.89535646,294131.01997099,4647411.942426511,1.2,1866,12,5,332-27,[]
TX,1162.031820318,284547.195673962,4633009.054014037,1.2,1907,12,4,336-7,[]
TX,1162.38354926,290859.869122086,4642271.079232651,1.2,164,12,4,111-13,[]
TX,1162.404524848,290959.245008655,4640546.548168019,1.2,1062,8,5,226-27,[]
TX,1162.54648481,287213.566596895,4645691.476432925,1.2,907,12,4,202-10,[]
TX,1162.873763491,290692.90071141,4641306.891008966,1.2,1339,7,4,260-21,[]
TX,1162.887925835,291209.192716542,4631944.901662218,1.2,2406,12,4,58-18,[]
TX,1162.936033609,291690.415325464,4642749.761432049,1.2,211,12,4,119-26,[]
TX,1163.041294163,289708.417804034,4638981.147034179,1.2,276,12,4,127-19,[]
TX,1163.312810688,290378.013842766,4641808.57597376,1.2,391,7,4,139-14,[]
TX,1163.40962311,271953.404654217,4630600.118056819,1.2,1806,12,5,322-20,[]
TX,1163.572676999,290865.202711997,4642269.760187986,1.2,1338,12,5,260-20,[]
TX,1163.581725339,296598.713575336,4645894.771369818,1.2,869,12,4,197-4,[]
TX,1163.640386709,290197.777421804,4643361.035173855,1.2,848,12,5,194-25,[]
TX,1163.698913239,291995.187290416,4643714.674471907,1.2,229,12,4,121-20,[]
TX,1163.977170066,294980.548556381,4642683.601957673,1.2,1518,9,4,287-18,"[['RX_GW', 1164.34893563, 1518, 9, 4, 868.1, -127.004569106, '00:00:00:00:00:04']]"
TX,1164.046440084,290917.558814055,4643954.413859997,1.2,184,12,5,113-10,[]
TX,1164.096376851,290686.934136338,4641295.034867404,1.2,1724,7,4,310-2,[]
TX,1164.196212218,290622.759387973,4636939.532133398,1.2,711,12,4,175-20,[]
TX,1164.486651899,292072.971881306,4642058.913737184,1.2,2256,12,4,46-15,[]
TX,1164.881924797,290378.031701963,4641809.909309402,1.2,2682,7,4,87-26,[]
TX,1165.028774546,291231.492582862,4638757.284432744,1.2,682,12,5,171-27,[]
TX,1165.047137096,273706.487134845,4630649.469956781,1.2,1218,12,4,244-22,[]
TX,1165.053590072,299511.208924243,4633782.894220032,1.2,1419,12,5,270-10,[]
TX,1165.122011338,292697.888547912,4641838.114545232,1.2,2076,12,5,359-2,[]
TX,1165.163187702,285481.95686875,4641008.685147708,1.2,1631,12,4,304-18,[]
TX,1165.205104646,295624.559535085,4645564.601615685,1.2,2281,12,5,47-24,[]
TX,1165.347669242,292058.48261849,4641795.616329989,1.2,939,12,5,204-28,[]
TX,1165.458111691,291672.836618554,4642119.497236473,1.2,1943,12,5,339-9,[]
TX,1165.691235971,291835.590050779,4642544.659551164,1.2,2663,12,4,84-30,[]
TX,1165.744535155,289575.230044926,4645588.84036948,1.2,698,12,4,173-26,[]
TX,1165.766985799,291744.507847962,4639481.636570954,1.2,2446,12,4,66-20,[]
TX,1166.004970276,292840.899202392,4641300.167952878,1.2,1535,12,4,287-9,[]
TX,1166.141742881,290094.844474928,4642399.031072655,1.2,1842,9,4,330-19,[]
TX,1166.654850619,291985.825183144,4643707.64476013,1.2,224,12,4,121-1,[]
TX,1166.674320491,291239.145665362,4641261.875236359,1.2,809,9,4,187-4,[]
TX,1166.806243821,273677.785369253,4630631.341934545,1.2,1992,12,5,347-28,[]
TX,1166.830901758,291097.244048495,4642462.509779585,1.2,891,12,4,200-13,[]
TX,1166.853570488,292312.885223503,4642051.77955333,1.2,843,12,5,194-12,[]
TX,1166.884715784,293317.020282729,4644298.377725215,1.2,1691,12,4,309-4,[]
TX,1166.926424625,295421.486202572,4640770.103535889,1.2,167,7,4,111-26,[]
TX,1166.937586317,291122.822575971,4641127.298352946,1.2,2135,7,4,368-18,[]
TX,1166.988055854,290000.905863236,4642947.267426291,1.2,1374,11,5,266-11,[]
TX,1167.183318646,291428.90803638,4642060.756044214,1.2,951,10,5,206-9,[]
TX,1167.588291982,285638.803389271,4631624.87028112,1.2,1747,12,4,313-27,[]
TX,1167.82421479,284283.142862895,4632992.418211341,1.2,2733,12,4,95-19,[]
TX,1167.94540549,291043.838044295,4639156.678489052,1.2,1672,12,4,308-13,[]
TX,1168.157854884,290636.231844372,4646622.184806989,1.2,102,12,4,107-13,[]
TX,1168.395763404,291667.806963541,4642108.137880342,1.2,2558,12,4,75-18,[]
TX,1168.838557697,292723.135976337,4642063.210221648,1.2,1464,12,5,275-17,[]
TX,1169.000939703,288572.461791394,4640574.617282231,1.2,68,8,4,103-6,[]
TX,1169.017478484,290957.201668109,4644364.526519956,1.2,61,12,5,103-20,[]
TX,1169.183794587,292355.282949724,4641998.061672545,1.2,1409,12,4,269-2,[]
TX,1169.302740197,290861.76447883,4642280.64623626,1.2,1879,10,5,334-19,[]
TX,1169.330099742,291880.152402566,4642549.36842631,1.2,555,12,4,153-30,[]
TX,1169.399943258,289887.540446883,4641941.302436523,1.2,625,7,5,162-28,[]
TX,1169.400001356,292175.986630293,4643554.248868928,1.2,2549,12,4,73-30,[]
TX,1169.606486212,292527.75065286,4642521.651092254,1.2,1787,12,4,320-25,[]
TX,1169.620915938,292767.295129601,4643149.605165639,1.2,2344,12,4,51-24,[]
TX,1169.719351237,290083.927292529,4642401.960598756,1.2,2024,9,4,351-21,[]
TX,1169.768601047,290694.274111021,4641292.808165841,1.2,48,7,4,102-19,[]
TX,1169.769610016,290179.119717281,4635342.522038863,1.2,388,12,5,139-11,[]
TX,1169.842624516,291708.860388993,4642169.960332142,1.2,1440,12,5,273-18,[]
TX,1170.195130659,290603.921101191,4642837.271257479,1.2,2723,12,5,93-30,[]
TX,1170.234281983,292523.715582498,4642916.010508115,1.2,2387,12,4,56-23,[]
TX,1170.334008503,290451.092453149,4645193.132634404,1.2,1771,12,4,318-16,[]
TX,1170.414040561,291254.748119173,4642395.961054948,1.2,2140,12,5,368-6,[]
TX,1170.513550352,292645.286768423,4641760.835961115,1.2,958,12,5,209-26,[]
TX,1170.514215781,290487.739236162,4640798.948778095,1.2,47,7,4,102-18,[]
TX,1170.529788595,293802.75651755,4639679.220728941,1.2,1335,12,5,259-6,[]
TX,1170.613444063,289500.19357633,4635479.54152294,1.2,1425,12,4,270-20,[]
TX,1170.613690916,292534.132766031,4642918.94314567,1.2,2484,12,4,7-6,[]
TX,1170.740146155,291188.44102058,4641315.839167622,1.2,86,8,4,105-4,"[['RX_GW', 1170.947559996, 86, 8, 4, 868.1, -126.933121641, '00:00:00:00:00:02']]"
TX,1170.772295779,289318.861090101,4634317.512428143,1.2,812,12,5,187-7,[]
TX,1171.00959289,292335.717570214,4642038.826186679,1.2,2102,12,4,363-2,[]
TX,1171.051318271,291974.95753474,4642593.963858557,1.2,321,12,4,130-24,[]
TX,1171.053256363,290476.692055677,4640621.843843678,1.2,723,7,5,178-5,[]
TX,1171.098832888,290078.257186259,4643304.388662161,1.2,1472,12,4,275-5,[]
TX,1171.339542914,292701.886541812,4641810.31228589,1.2,1994,12,4,347-9,[]
TX,1171.491883998,290521.438000279,4644918.243053822,1.2,2509,12,4,71-20,[]
TX,1171.520656776,291030.596395974,4640587.17841437,1.2,506,7,4,150-19,[]
TX,1171.552868183,292236.934159388,4643097.968632849,1.2,2211,12,4,43-10,[]
TX,1171.68292768,289943.396648707,4634404.778300293,1.2,1980,12,4,344-4,[]
TX,1171.683863414,292994.235277027,4640272.876086322,1.2,2368,12,5,55-17,[]
TX,1172.161642467,299729.608801955,4630070.424486614,1.2,438,12,5,141-22,[]
TX,1172.192144134,292817.722245437,4641981.132184397,1.2,458,12,4,145-28,[]
TX,1172.209610347,292223.668220986,4641917.796703896,1.2,624,12,4,162-27,[]
TX,1172.210993833,289191.194234277,4642152.347066122,1.2,2704,9,4,91-5,[]
TX,1172.2145733,293816.341772915,4642855.018789394,1.2,579,11,4,157-6,[]
TX,1172.289064666,291686.396434323,4642112.117839806,1.2,567,12,4,155-29,[]
TX,1172.463132001,290098.643705978,4642395.649169479,1.2,1175,9,4,24-12,[]
TX,1172.572203209,289328.73174297,4634320.017026256,1.2,1749,12,4,315-17,[]
TX,1172.574470262,291984.758879348,4643702.183775532,1.2,2088,12,4,362-18,[]
TX,1172.575074885,290342.8080583,4641426.317811383,1.2,1274,7,4,253-13,[]
TX,1172.656818858,291344.044229762,4642017.600542316,1.2,2761,11,4,97-20,[]
TX,1172.765885174,293205.639606461,4643113.380347722,1.2,529,12,4,151-4,[]
TX,1172.8788128,277962.616970228,4632434.210418351,1.2,2253,12,4,45-6,[]
TX,1172.902609276,292277.941340585,4641978.924095252,1.2,2463,12,5,67-5,[]
TX,1173.07718104,290710.125018751,4641177.862932842,1.2,557,7,4,153-5,[]
TX,1173.082438346,291210.270943161,4641289.042131142,1.2,389,9,4,139-12,[]
TX,1173.085718489,291662.91850836,4636632.643417793,1.2,1302,12,4,254-5,[]
TX,1173.253349,290341.135801456,4643767.533503662,1.2,403,12,4,14-20,[]
TX,1173.341047231,292104.975537054,4640603.91502804,1.2,1799,12,5,321-5,[]
TX,1173.496961925,285608.698882732,4647187.385613179,1.2,1422,12,5,270-17,[]
TX,1173.709975373,285436.490227641,4641002.529800152,1.2,2656,12,4,84-24,[]
TX,1173.823569621,290834.365620154,4642259.588710172,1.2,890,12,4,200-12,[]
TX,1173.852169391,292297.750104076,4642275.53242573,1.2,2487,12,5,70-17,[]
TX,1174.016278478,295117.973174154,4642698.444822005,1.2,2646,8,5,84-13,"[['RX_GW', 1174.223691819, 2646, 8, 5, 868.1, -125.859274162, '00:00:00:00:00:04']]"
TX,1174.16565092,290220.535595387,4641185.701283951,1.2,427,7,5,140-28,[]
TX,1174.407873536,292204.534740138,4642141.301847757,1.2,410,12,4,140-10,[]
TX,1174.471684884,294819.774536068,4647342.422706212,1.2,728,12,4,179-2,[]
TX,1174.535373295,294294.602935835,4639033.540527772,1.2,2051,12,4,357-3,[]
TX,1174.613380235,288813.132945623,4634198.059319361,1.2,769,12,5,182-6,[]
TX,1174.776133006,289736.782915861,4643337.210582284,1.2,588,12,5,158-24,[]
TX,1174.813590409,292532.760556242,4642923.962229772,1.2,2482,12,4,7-4,[]
TX,1174.899829007,273598.078150789,4630247.300017879,1.2,1295,12,4,254-25,[]
TX,1174.947640891,274717.836222791,4630972.511844999,1.2,1898,12,4,336-17,[]
TX,1175.133824016,291721.08025508,4641511.887908743,1.2,620,12,4,162-19,[]
TX,1175.313371247,291897.086516468,4641976.815106701,1.2,2762,11,4,97-21,[]
TX,1175.389908585,290646.896357857,4646621.413781903,1.2,2504,12,5,71-16,[]
TX,1175.508251425,290311.034835556,4640352.931786568,1.2,561,7,5,155-17,[]
TX,1175.580996052,293671.688166604,4640893.918928611,1.2,1508,12,4,284-24,[]
TX,1175.666670467,289306.636305447,4634330.268924513,1.2,162,12,4,111-11,[]
TX,1175.668503874,291850.557698463,4642550.371578304,1.2,832,12,4,190-20,[]
TX,1175.688758473,291228.218807948,4642276.205169151,1.2,2750,12,4,96-5,[]
TX,1175.7522752,290483.485227887,4640635.888866549,1.2,1702,7,4,31-16,[]
TX,1175.796592621,293709.473668824,4643657.706079381,1.2,476,12,5,148-14,[]
TX,1175.809342782,289931.203650224,4634390.015986248,1.2,1804,12,4,322-18,[]
TX,1175.815223844,292679.067117471,4643999.4729386,1.2,1157,12,4,239-21,[]
TX,1175.846990761,293716.010566256,4645357.687648173,1.2,545,12,4,152-9,[]
TX,1175.853170275,291220.912789146,4644158.718700621,1.2,110,12,4,107-28,[]
TX,1175.892620578,290857.37902634,4642306.425743092,1.2,416,11,4,140-16,[]
TX,1176.03714809,292477.923710402,4642906.635210394,1.2,1293,12,4,254-21,[]
TX,1176.487082681,293053.390168669,4644013.400097715,1.2,1427,12,5,270-22,[]
TX,1176.567608087,291759.210073409,4642530.833501388,1.2,622,12,5,162-24,[]
TX,1176.589604432,286687.092797896,4645817.078614894,1.2,1385,12,5,267-13,[]
TX,1176.667867696,289910.111214464,4640884.314221478,1.2,2119,7,4,367-20,[]
TX,1176.839106172,291699.322015101,4643908.747244017,1.2,230,12,4,121-29,[]
TX,1176.845476481,290339.831175453,4636190.929677552,1.2,1305,12,4,256-1,[]
TX,1177.002334466,290459.351542755,4641594.946980791,1.2,1354,7,4,261-8,[]
TX,1177.148429008,290367.117954404,4641831.747912603,1.2,172,7,5,112-18,[]
TX,1177.148552359,292506.061884362,4642901.762771175,1.2,437,12,4,141-14,[]
TX,1177.272334945,292077.456700962,4640561.237759267,1.2,1140,12,5,238-10,[]
TX,1177.277076471,291023.852268588,4641945.657118561,1.2,457,9,5,145-27,[]
TX,1177.328537975,295640.8078902,4645565.389432365,1.2,1015,12,4,220-25,[]
TX,1177.364899419,293244.273519021,4640207.463872169,1.2,1706,12,5,31-2,[]
TX,1177.437829241,297981.338166154,4642036.052291328,1.2,2177,12,5,39-28,[]
TX,1177.474550805,293370.703035114,4648954.809082022,1.2,1228,12,5,245-13,[]
TX,1177.674076996,293486.972767599,4639961.875319174,1.2,1644,12,5,305-16,[]
TX,1177.844731313,291913.459798611,4642364.77473184,1.2,1253,12,4,248-6,[]
TX,1177.872475332,289981.84034812,4637837.349677177,1.2,2641,12,4,83-7,[]
TX,1177.894058703,291039.769576877,4644008.181720788,1.2,2501,12,4,71-13,[]
TX,1177.969008604,291052.811922859,4641358.661847387,1.2,904,8,4,201-25,[]
TX,1177.971978349,289942.455473844,4634397.091946882,1.2,1711,12,4,31-27,[]
TX,1178.054794241,292259.567858007,4641948.289794131,1.2,2537,12,5,72-25,[]
TX,1178.233177499,290360.470227573,4642025.239299754,1.2,650,9,4,163-4,[]
TX,1178.262903339,292367.191779413,4642163.160694804,1.2,1954,12,4,340-26,[]
TX,1178.375586402,295135.870021093,4642708.288374468,1.2,1003,8,5,22-10,"[['RX_GW', 1178.582999742, 1003, 8, 5, 868.1, -125.851823959, '00:00:00:00:00:04']]"
TX,1178.449263329,271828.369835864,4630657.958080413,1.2,1210,12,5,242-24,[]
TX,1178.73732733,292210.304549716,4643469.286092387,1.2,2749,12,4,96-4,[]
TX,1178.870948538,295177.12027043,4646430.176582567,1.2,2343,12,4,51-21,[]
TX,1179.001832292,299749.882230992,4630075.517049843,1.2,984,12,5,214-21,[]
TX,1179.065695331,295126.788331179,4642702.63994438,1.2,340,8,5,131-27,"[['RX_GW', 1179.273108669, 340, 8, 5, 868.1, -125.845708042, '00:00:00:00:00:04']]"
TX,1179.181568337,271631.30402792,4630656.288742635,1.2,1565,12,4,290-6,[]
TX,1179.267895378,273662.321210388,4630629.978368525,1.2,1198,12,4,241-11,[]
TX,1179.389243476,289001.749228211,4635005.550374789,1.2,2402,12,5,57-25,[]
TX,1179.439838831,292287.944060532,4644279.769534616,1.2,2069,12,4,358-27,[]
TX,1179.681016567,292418.471906518,4637344.513650799,1.2,635,12,5,163-14,[]
TX,1179.681255306,290916.028222368,4638778.553100485,1.2,718,12,5,176-27,[]
TX,1179.86622754,290998.033271109,4639110.506281834,1.2,1563,11,4,290-4,[]
TX,1179.89542706,292816.539020163,4641108.797563904,1.2,504,12,4,150-16,[]
TX,1179.96706545,292650.142378716,4641760.466329419,1.2,1083,12,4,231-10,[]
TX,1180.107518518,289700.931590152,4647185.532049624,1.2,1751,12,4,315-19,[]
TX,1180.479391561,290895.367287591,4642022.11132793,1.2,2223,10,5,43-27,[]
TX,1180.638451428,291491.947967468,4643036.228262302,1.2,2379,12,4,56-11,[]
TX,1180.662558068,291401.195472208,4641328.276077685,1.2,2579,9,4,76-25,[]
TX,1180.716260326,288123.901634152,4643055.605927799,1.2,2246,12,4,45-20,[]
TX,1180.762519202,291745.806817419,4639645.477586255,1.2,2375,12,5,55-5,[]
TX,1180.810989636,291790.212457549,4640260.064131418,1.2,513,12,4,150-5,[]
TX,1180.863255591,282947.94335698,4640400.723787365,1.2,1703,12,4,31-17,[]
TX,1180.879028735,290089.457994958,4642398.30979132,1.2,1450,9,5,274-15,[]
TX,1180.944125141,289725.365955283,4633425.995924858,1.2,2424,12,4,60-4,[]
TX,1181.181879506,290532.331739213,4635542.966985526,1.2,2060,12,5,358-14,[]
TX,1181.383273068,292491.953341757,4641653.436306146,1.2,859,12,4,195-5,[]
TX,1181.541220994,296120.474324032,4646943.038885329,1.2,1531,12,4,287-5,[]
TX,1181.549347965,292529.859901334,4642917.126521144,1.2,1867,12,4,332-28,[]
TX,1181.623099214,288746.798138358,4637753.810794335,1.2,1269,12,4,250-5,[]
TX,1181.657027615,290114.113387116,4642774.011759062,1.2,400,11,4,14-17,[]
TX,1181.685825539,291076.944079532,4644037.905860134,1.2,2498,12,5,71-10,[]
TX,1181.83579672,288443.963396879,4644862.070026203,1.2,2128,12,4,367-6,[]
TX,1181.941274983,289315.999846358,4639753.548659708,1.2,1551,9,4,29-26,[]
TX,1182.004039479,291247.411103954,4642277.708657176,1.2,926,12,4,203-27,[]
TX,1182.083743615,293782.18149484,4646503.331799117,1.2,905,12,4,201-26,[]
TX,1182.203979773,290798.880719808,4642277.820500999,1.2,1655,10,5,305-29,[]
TX,1182.289884486,289704.997329884,4639291.622311711,1.2,2043,10,5,356-27,[]
TX,1182.477041549,295618.686246887,4645558.813108071,1.2,2280,12,5,47-21,[]
TX,1182.510522988,286454.950621697,4642770.25348549,1.2,465,12,4,147-14,[]
TX,1182.677123469,289742.471021595,4642828.19511064,1.2,475,10,4,148-12,[]
TX,1182.699277332,291469.033625665,4636710.998974332,1.2,2152,12,5,371-20,[]
TX,1182.858548406,284307.800469967,4632994.004501279,1.2,49,12,4,102-2,[]
TX,1182.932148155,292457.977564851,4643494.815947194,1.2,1094,12,5,231-25,[]
TX,1183.062251442,292520.45450703,4642925.076691031,1.2,31,12,4,101-19,[]
TX,1183.115099864,291672.261472087,4644352.154755593,1.2,2746,12,5,96-20,[]
TX,1183.122844494,292868.642983445,4643517.412810931,1.2,1465,12,5,275-18,[]
TX,1183.146023458,292312.577224043,4642048.154806584,1.2,1844,12,5,330-21,[]
TX,1183.352027042,286934.34470091,4641592.855864194,1.2,938,12,5,204-27,[]
TX,1183.41886749,286623.422378032,4645450.445931328,1.2,1513,12,5,287-11,[]
TX,1183.450929701,273700.72412314,4630610.83440241,1.2,776,12,4,184-14,[]
TX,1183.474227728,291157.244253036,4638950.200924628,1.2,2614,12,4,81-13,[]
TX,1183.551913758,290726.685411967,4637678.727195933,1.2,1188,12,4,24-27,[]
TX,1183.552670323,291663.232154695,4642392.236880001,1.2,129,12,5,109-28,[]
TX,1183.630956221,291577.303829442,4642157.528020924,1.2,1659,12,4,305-7,[]
TX,1183.654826834,290485.830751712,4640633.817594424,1.2,1997,7,5,348-19,[]
TX,1183.862856827,284042.961201939,4640234.750899434,1.2,38,12,5,101-28,[]
TX,1183.980751589,292583.147179408,4643851.47779814,1.2,1127,12,5,234-6,[]
TX,1183.991091235,273705.781106537,4630640.859845417,1.2,680,12,5,171-25,[]
TX,1184.044246834,290373.285614238,4641809.321054959,1.2,1823,7,4,326-15,[]
TX,1184.08379494,291023.252581559,4644007.03435794,1.2,2500,12,5,71-12,[]
TX,1184.173723761,291449.530588498,4641306.929486034,1.2,1462,9,4,275-15,[]
TX,1184.198911054,291869.745948577,4642556.135520197,1.2,885,12,5,199-12,[]
TX,1184.261459858,291100.951267272,4641217.172536442,1.2,865,10,4,197-19,[]
TX,1184.261537363,291856.015931939,4641951.556975691,1.2,2250,12,4,45-30,[]
TX,1184.358801212,293120.707645983,4649793.859599208,1.2,2147,12,5,369-5,[]
TX,1184.546140493,291862.31551258,4642563.717483771,1.2,879,12,4,198-23,[]
TX,1184.548626035,292508.179077234,4642860.412438345,1.2,441,12,4,141-25,[]
TX,1184.76016809,292146.629085081,4642966.5562241,1.2,2124,12,5,367-28,[]
TX,1184.884744305,291759.709351521,4641534.01100838,1.2,1143,12,4,238-24,[]
TX,1184.908171099,292840.073963072,4642194.918376776,1.2,2758,12,4,97-17,[]
TX,1184.972539696,288494.488263238,4642830.92138246,1.2,393,12,4,139-24,[]
TX,1185.031468507,297004.289729645,4642887.533729615,1.2,2041,10,5,353-7,[]
TX,1185.078161485,290960.461225369,4641189.709269454,1.2,1337,7,4,260-19,[]
TX,1185.174942741,293708.273676271,4643543.056790382,1.2,2353,12,4,51-7,[]
TX,1185.19056838,291947.702532078,4642594.893831048,1.2,837,12,5,190-4,[]
TX,1185.359005937,289942.861616315,4634398.484444504,1.2,1820,12,4,324-26,[]
TX,1185.519166499,273696.145012092,4630623.591851693,1.2,1676,12,4,308-24,[]
TX,1185.619262227,292182.407316688,4642175.356027951,1.2,2312,12,4,50-14,[]
TX,1185.625659606,271572.231867219,4630635.411784125,1.2,2205,12,4,42-24,[]
TX,1185.788207186,289230.632259482,4642431.542233886,1.2,304,11,4,129-22,[]
TX,1185.883111499,291047.690244144,4644014.84325038,1.2,2313,12,4,50-16,[]
TX,1185.887552441,292265.600487337,4638877.73707671,1.2,480,12,5,148-20,[]
TX,1185.999584344,291109.9375769,4642468.134226845,1.2,1637,12,5,305-1,[]
TX,1186.077530738,291251.949467467,4640375.104507021,1.2,1511,8,5,284-27,[]
TX,1186.167681179,291925.678463021,4641663.395628713,1.2,2266,12,4,46-6,[]
TX,1186.321278908,292336.844414993,4642038.32875441,1.2,58,12,5,103-17,[]
TX,1186.328264926,290999.531750714,4639060.932659246,1.2,1705,12,5,31-19,[]
TX,1186.33660696,287973.311167841,4641810.67035535,1.2,1134,12,5,237-24,[]
TX,1186.644146062,296015.454271971,4641678.380429599,1.2,2593,7,5,8-15,"[['RX_GW', 1186.759140591, 2593, 7, 5, 868.1, -98.738488053, '00:00:00:00:00:04']]"
TX,1186.741366734,290372.590368561,4641826.89687704,1.2,2245,7,5,45-2,[]
TX,1186.748568303,291022.301036504,4644011.566035948,1.2,2316,12,5,50-2,[]
TX,1186.751108112,292315.30359616,4642053.756040235,1.2,154,12,4,110-22,[]
TX,1186.925084688,291673.740200904,4642112.463756244,1.2,2391,12,4,56-28,[]
TX,1186.970171247,291557.992059618,4641383.079900428,1.2,767,10,4,182-4,[]
TX,1186.996620754,295618.081535192,4645550.317843468,1.2,2285,12,5,47-29,[]
TX,1187.088025996,289967.359442991,4642746.722190737,1.2,282,11,5,127-5,[]
TX,1187.092100404,292281.586388936,4641979.201477766,1.2,1848,12,4,330-28,[]
TX,1187.33565591,292306.136308594,4637660.367605321,1.2,546,12,5,153-1,[]
TX,1187.352341092,273698.079109375,4630639.824175829,1.2,2414,12,4,59-17,[]
TX,1187.503118481,292111.390703827,4640363.689431456,1.2,227,11,4,121-19,[]
TX,1187.639346087,289717.462584714,4647164.324091077,1.2,547,12,4,153-17,[]
TX,1187.861826683,285136.558673189,4633063.027405755,1.2,309,12,5,130-10,[]
TX,1188.198165788,294316.837428337,4641472.306431569,1.2,1257,9,4,249-20,"[['RX_GW', 1188.56993199, 1257, 9, 4, 868.1, -128.044883885, '00:00:00:00:00:04']]"
TX,1188.264158267,291869.731811576,4642570.200545218,1.2,670,12,4,169-24,[]
TX,1188.560508146,290400.582734443,4640851.071529782,1.2,1810,7,4,322-5,[]
TX,1188.717296536,292499.302205024,4642837.553058367,1.2,2093,12,4,362-6,[]
TX,1188.935834312,292300.698337892,4637664.044335862,1.2,1261,12,5,249-7,[]
TX,1188.94821734,290960.500226983,4642013.466261393,1.2,298,10,5,128-7,"[['RX_GW', 1189.607727848, 298, 10, 5, 868.1, -130.54078554, '00:00:00:00:00:02']]"
TX,1189.096891106,291903.379065066,4641674.514434813,1.2,578,12,4,157-4,[]
TX,1189.097112201,291135.883690907,4644731.196775943,1.2,1834,12,4,326-6,[]
TX,1189.125199507,292647.075730548,4642009.509376804,1.2,2472,12,5,68-30,[]
TX,1189.335962341,296704.657660017,4642730.43542613,1.2,2617,10,4,81-25,"[['RX_GW', 1189.995472632, 2617, 10, 4, 868.1, -130.672727347, '00:00:00:00:00:04']]"
TX,1189.518961274,273660.809193292,4630678.6393509,1.2,2204,12,5,42-14,[]
TX,1189.725244654,271658.680209793,4630618.120223244,1.2,2210,12,5,43-1,[]
TX,1190.356200989,292305.960863484,4642053.353011006,1.2,656,12,4,166-9,[]
TX,1190.374411443,290612.273086081,4639273.850595032,1.2,731,10,4,179-29,[]
TX,1190.414718841,292203.39077825,4638749.163705514,1.2,1547,12,4,29-13,[]
TX,1190.512177218,290008.387827025,4643467.612652104,1.2,1772,12,4,318-17,[]
TX,1190.548692313,291696.221968337,4642121.225516381,1.2,2693,12,4,91-15,[]
TX,1190.569166032,273675.921940338,4630621.819600763,1.2,1564,12,4,290-5,[]
TX,1190.62089564,293238.295704105,4644217.092025171,1.2,2311,12,4,50-13,[]
TX,1190.63929432,291068.682047916,4644033.788184355,1.2,235,12,5,121-6,[]
TX,1190.735618212,291066.154202048,4642051.645488744,1.2,492,10,4,148-6,[]
TX,1190.741359869,292613.302078056,4641484.68905619,1.2,248,12,4,124-24,[]
TX,1190.787831112,283161.591030873,4633574.980475672,1.2,1902,12,4,336-29,[]
TX,1190.808842144,289191.316345194,4642067.182121679,1.2,2753,9,4,97-10,[]
TX,1190.859094015,290991.517494939,4639053.81492337,1.2,2534,12,5,72-20,[]
TX,1190.864199424,291679.407160915,4642110.499552131,1.2,2389,12,4,56-26,[]
TX,1190.872623245,289919.214891897,4638067.009113749,1.2,1108,12,5,232-21,[]
TX,1190.877691802,291680.935409463,4642114.483396953,1.2,2206,12,5,42-25,[]
TX,1191.035904722,291635.511428351,4642109.827421878,1.2,1254,12,4,248-7,[]
TX,1191.173499869,289974.989358082,4641580.332840415,1.2,209,7,4,119-24,[]
TX,1191.296690564,278928.982396781,4632506.248561176,1.2,715,12,5,175-5,[]
TX,1191.491064013,289948.142259294,4634410.832319604,1.2,1539,12,5,288-20,[]
TX,1191.813817522,291358.798310754,4642021.974773573,1.2,797,11,5,186-27,[]
TX,1191.868284934,290869.647544108,4642268.503795666,1.2,56,12,4,102-7,[]
TX,1192.068627701,289686.806819237,4642412.438121988,1.2,1642,10,4,305-14,[]
TX,1192.13780582,290326.884092349,4643558.629507961,1.2,2074,12,4,358-8,[]
TX,1192.182692448,292522.716979985,4642898.692029835,1.2,548,12,4,153-18,[]
TX,1192.211653006,295283.39589509,4642471.470282082,1.2,1730,7,5,310-4,[]
TX,1192.271630619,291757.788955312,4642828.529577215,1.2,2262,12,4,46-21,[]
TX,1192.275455964,286675.528856986,4641702.521287486,1.2,2240,12,4,44-28,[]
TX,1192.312889291,292094.313901019,4640661.949266721,1.2,565,12,4,155-20,[]
TX,1192.336390424,290689.531147147,4641291.380979855,1.2,305,7,4,129-23,[]
TX,1192.452158114,290393.193316702,4645902.452627295,1.2,1085,12,5,231-12,[]
TX,1192.575231758,291390.114313238,4652286.870628049,1.2,2084,12,4,361-5,[]
TX,1192.580079566,291731.529902575,4642157.01936092,1.2,1195,12,4,24-6,[]
TX,1192.791283766,291849.465413069,4641056.248602347,1.2,1316,12,4,256-2,[]
TX,1192.989960974,292642.077802788,4642017.518703863,1.2,956,12,5,209-24,[]
TX,1193.064520001,291927.663397099,4642582.842507863,1.2,1182,12,4,24-2,[]
TX,1193.084021279,294793.664145854,4643798.417148354,1.2,1914,12,4,337-26,[]
TX,1193.100040366,291977.127488713,4643979.764373038,1.2,719,12,4,176-28,[]
TX,1193.165708149,273695.286243501,4630606.746656125,1.2,852,12,5,194-8,[]
TX,1193.187729949,292300.953312228,4642053.100308738,1.2,8,12,4,100-20,[]
TX,1193.201486637,292526.286260567,4642907.207783229,1.2,1874,12,4,332-9,[]
TX,1193.321632991,289828.804182974,4641729.809827415,1.2,1401,7,5,268-6,[]
TX,1193.512369046,291751.555803485,4641030.360625909,1.2,2181,10,4,40-13,[]
TX,1193.614913573,289341.458577049,4634313.268279186,1.2,199,12,4,115-24,[]
TX,1193.633351204,292743.926508051,4641891.655912319,1.2,493,12,4,148-7,[]
TX,1193.656286082,292347.993823688,4642142.243268123,1.2,1149,12,5,239-11,[]
TX,1193.728791981,291524.688291803,4641148.123211253,1.2,1264,11,5,250-19,[]
TX,1193.744191544,292433.33665143,4637337.615687344,1.2,1006,12,4,22-13,[]
TX,1193.830313419,290730.30190818,4641302.299285045,1.2,627,7,5,162-3,[]
TX,1194.115751179,292879.965733261,4642362.554514518,1.2,912,12,5,202-22,[]
TX,1194.28632261,292684.145299302,4641821.051554607,1.2,1246,12,4,248-18,[]
TX,1194.295072588,290690.148954344,4641316.270282376,1.2,2031,7,5,353-19,[]
TX,1194.336367687,295169.400009415,4637591.896188604,1.2,699,12,5,173-27,[]
TX,1194.354906913,290631.731904332,4642300.491872523,1.2,1690,9,4,309-30,[]
TX,1194.380726937,293710.002795861,4645350.016494994,1.2,1840,12,5,330-17,[]
TX,1194.538587258,298462.224376195,4646490.460120992,1.2,1945,12,5,340-11,[]
TX,1194.695213249,292836.752092939,4641922.861267608,1.2,1369,12,4,264-4,[]
TX,1194.739430701,291584.269085535,4641389.121252861,1.2,1321,10,4,256-27,[]
TX,1194.831970381,295933.807666029,4642562.825080295,1.2,237,7,5,122-17,[]
TX,1194.844373509,294145.777115069,4647405.691654801,1.2,1913,12,5,337-25,[]
TX,1194.935035257,292427.678178226,4641841.249964781,1.2,175,12,5,112-20,[]
TX,1194.985067851,286596.332109475,4641701.984892855,1.2,78,12,5,104-6,[]
TX,1195.00495822,290766.61955683,4641523.033923456,1.2,2099,8,4,363-15,[]
TX,1195.039034072,287118.549175395,4636557.263256209,1.2,434,12,5,141-11,[]
TX,1195.152841597,292829.539044694,4641924.564069167,1.2,1368,12,4,264-3,[]
TX,1195.303673192,295651.340352103,4645577.282060496,1.2,2258,12,5,46-17,[]
TX,1195.605016364,299739.284350468,4630053.33436851,1.2,301,12,5,129-12,[]
TX,1195.710491126,290166.389495601,4643698.552683697,1.2,2710,12,4,93-16,[]
TX,1195.874031232,292410.143352759,4637349.106330333,1.2,634,12,4,163-13,[]
TX,1195.990288366,291994.118971829,4643722.075512998,1.2,379,12,5,138-28,[]
TX,1196.149032145,288868.157865215,4635098.610055954,1.2,194,12,4,115-10,[]
TX,1196.231148498,292595.035119131,4641477.252389232,1.2,2030,12,4,353-18,[]
TX,1196.498011616,291502.129657167,4642535.257845396,1.2,514,12,5,150-6,[]
TX,1196.564445757,291842.816775239,4642548.996588837,1.2,560,12,5,155-1,[]
TX,1196.599076623,291392.846374277,4642164.372086489,1.2,335,10,5,131-12,[]
TX,1196.600762366,291951.8828866,4642586.653778166,1.2,2143,12,4,369-19,[]
TX,1196.709578775,289526.731283364,4642593.677755713,1.2,2735,11,5,95-21,[]
TX,1196.770610502,288055.85040808,4646206.819651123,1.2,801,12,4,187-17,[]
TX,1196.966180625,292329.413792615,4642047.199060822,1.2,342,12,5,131-9,[]
TX,1197.191933913,290575.174905393,4643874.362160347,1.2,1441,12,5,273-19,[]
TX,1197.248435274,290415.886219367,4641806.931137509,1.2,1359,7,4,262-28,[]
TX,1197.299241319,291641.067489694,4644614.579697051,1.2,611,12,5,160-4,[]
TX,1197.435131084,294501.625897663,4645329.160223831,1.2,2719,12,4,93-27,[]
TX,1197.503205955,290434.058323142,4642339.295997505,1.2,2096,10,5,363-10,[]
TX,1197.624360548,294666.480394422,4645238.026831034,1.2,1793,12,4,321-18,[]
TX,1197.81930977,292312.030790292,4642054.622809829,1.2,1168,12,4,239-6,[]
TX,1197.853024924,291760.740134745,4642631.238727044,1.2,2013,12,4,349-25,[]
TX,1197.855047958,288761.030704627,4643566.359145653,1.2,429,12,4,140-3,[]
TX,1197.87795349,290003.799286618,4643280.489329658,1.2,1657,12,4,305-4,[]
TX,1197.940164423,289449.054187862,4635453.424020017,1.2,1936,12,4,339-28,[]
TX,1198.230312459,288977.059745259,4642602.549063041,1.2,1025,12,5,221-27,[]
TX,1198.407258905,292421.260724241,4643505.028183319,1.2,554,12,4,153-3,[]
TX,1198.540223657,291876.113289965,4641927.607469468,1.2,897,12,4,201-10,[]
TX,1198.575552791,289349.808201392,4640263.692106386,1.2,877,7,4,198-14,[]
TX,1198.657075735,291071.448413778,4641931.267734225,1.2,1034,9,4,223-11,[]
TX,1198.748784031,289469.318957776,4633152.658684542,1.2,1931,12,4,339-23,[]
TX,1198.957640424,289217.959959811,4642526.583960101,1.2,2075,11,4,359-1,"[['RX_GW', 1200.438399857, 2075, 11, 4, 868.1, -133.713090668, '00:00:00:00:00:02']]"
TX,1198.968378243,293298.879157434,4648002.72002091,1.2,1490,12,4,28-26,[]
TX,1199.124302844,292800.985615334,4643141.539555962,1.2,158,12,5,110-26,[]
TX,1199.240037624,290230.220500723,4641472.392096329,1.2,1989,7,5,347-25,[]
TX,1199.398482661,290812.771939775,4643139.545688358,1.2,478,12,5,148-18,[]
TX,1199.454162051,275840.286687536,4631766.20987738,1.2,1915,12,4,337-27,[]
TX,1199.568800718,290500.761215882,4642106.223800469,1.2,1498,9,4,282-20,[]
TX,1199.611637537,301074.710764522,4635967.935444605,1.2,2188,12,5,41-10,[]
TX,1199.667952138,292179.554123141,4641892.99492016,1.2,2126,12,5,367-4,[]
TX,1199.696281525,293022.700335105,4640938.165286356,1.2,108,12,5,107-26,[]
TX,1199.801555909,291954.671725278,4642592.838283112,1.2,943,12,5,206-13,[]
TX,1199.825049779,290220.595288539,4636607.511986549,1.2,1916,12,4,338-19,[]
