label,timestamp,x,y,z,dev_addr,spreading_factor,framecounter,NODE_ID,receptions
TX,0.125645083,290353.096178519,4643296.963311919,1.2,727,12,1,233-22,[]
TX,0.134072459,289156.51446833,4638662.025170642,1.2,1241,12,1,343-26,[]
TX,0.513356529,290690.866682864,4642815.837580232,1.2,1420,12,1,37-9,[]
TX,0.637932571,290204.403555226,4640799.674885994,1.2,2,7,1,102-28,[]
TX,0.646111772,290349.720416061,4641799.705415361,1.2,1390,7,1,369-10,[]
TX,1.136161721,288981.810744788,4643670.335132844,1.2,487,12,1,200-20,[]
TX,1.269234918,290458.690911166,4641562.207659944,1.2,132,7,1,132-14,[]
TX,1.310798682,288868.506339803,4638533.973051151,1.2,997,12,1,280-16,[]
TX,1.361395205,288416.142551735,4639646.044981446,1.2,40,12,1,111-17,[]
TX,1.610562516,291026.695597349,4641950.440098557,1.2,1131,10,1,311-15,[]
TX,1.637044232,291032.599669374,4641932.942055721,1.2,1680,9,1,89-12,[]
TX,1.696048782,289649.096799335,4645660.456747455,1.2,986,12,1,279-22,[]
TX,1.718805231,291728.005471658,4642157.018934541,1.2,1690,11,1,89-25,[]
TX,1.837816248,291974.194468089,4637376.05788407,1.2,1167,12,1,322-10,[]
TX,1.913963467,291500.184943547,4636496.094144758,1.2,556,12,1,21-2,[]
TX,2.279649505,290319.746819227,4641332.384457339,1.2,1616,7,1,80-14,[]
TX,2.478436826,301805.334676267,4658631.099389678,1.2,1499,12,1,57-20,[]
TX,2.609610823,292265.614175477,4637900.796908529,1.2,404,12,1,193-24,[]
TX,2.886150009,291842.329764263,4642457.125273972,1.2,1355,12,1,362-25,[]
TX,3.345541678,290736.176131377,4641307.01792812,1.2,1639,7,1,83-12,[]
TX,3.368441807,291636.715000634,4638711.659857352,1.2,787,12,1,238-8,[]
TX,3.591089054,290815.754043105,4640325.494520233,1.2,1607,8,1,8-25,[]
TX,4.180310403,292094.54662487,4640663.524777813,1.2,1035,12,1,290-15,[]
TX,4.203761921,294462.732751447,4642673.255649317,1.2,1628,10,1,81-2,"[['RX_GW', 4.863272688, 1628, 10, 1, 868.1, -131.044901087, '00:00:00:00:00:04']]"
TX,4.259771966,287668.566044693,4639590.839485008,1.2,655,12,1,224-15,[]
TX,4.580715543,294916.692653298,4643863.294740513,1.2,834,12,1,245-5,[]
TX,4.587707657,290083.132125915,4640903.023567139,1.2,129,7,1,132-11,[]
TX,4.740116299,290809.300429999,4641296.142888924,1.2,1480,7,1,48-21,[]
TX,5.068679166,273717.916181257,4630633.346091742,1.2,1713,12,1,90-3,[]
TX,5.086980633,291786.826000354,4644542.107749613,1.2,334,12,1,183-23,[]
TX,5.214708062,280730.039307948,4623594.145146355,1.2,283,12,1,170-2,[]
TX,5.310018967,290419.339070179,4641385.737530944,1.2,432,7,1,196-24,[]
TX,5.350051427,290667.880717019,4639701.828168735,1.2,964,9,1,267-20,[]
TX,5.925003702,293176.918044331,4643067.279477138,1.2,704,12,1,229-29,[]
TX,6.025839958,290081.844293902,4641533.973680331,1.2,4,7,1,104-1,"[['RX_GW', 6.140835576, 4, 7, 1, 868.1, -113.881623008, '00:00:00:00:00:02']]"
TX,6.167098223,290391.730168475,4641814.509185397,1.2,1740,7,1,94-27,"[['RX_GW', 6.28209507, 1740, 7, 1, 868.1, -122.790815438, '00:00:00:00:00:02']]"
TX,6.212514939,292155.320145309,4643286.213968241,1.2,776,12,1,238-17,[]
TX,6.393738959,292854.140845783,4638893.115583645,1.2,852,12,1,248-25,[]
TX,6.41589247,289138.641506091,4641945.723036112,1.2,535,8,1,208-26,"[['RX_GW', 6.623306363, 535, 8, 1, 868.1, -126.905518407, '00:00:00:00:00:02']]"
TX,6.479622038,292427.730612758,4641743.338405987,1.2,306,12,1,174-25,[]
TX,6.485546508,292756.03098418,4642108.838275709,1.2,207,12,1,145-22,[]
TX,6.505770504,291983.125392654,4644115.884604404,1.2,406,12,1,193-26,[]
TX,6.650583535,291770.993264444,4642821.258879357,1.2,273,12,1,169-3,[]
TX,6.707801761,300349.278584254,4628916.21410168,1.2,567,12,1,210-19,[]
TX,6.810443689,290707.526302459,4651386.180327146,1.2,770,12,1,236-26,[]
TX,6.815764032,265711.06463714,4649223.827905419,1.2,969,12,1,269-13,[]
TX,6.869394106,295082.723961459,4633535.337557241,1.2,858,12,1,249-1,[]
TX,7.053445271,292526.439837374,4642904.778362881,1.2,1755,12,1,96-15,[]
TX,7.110197045,292745.107443715,4643110.203243748,1.2,108,12,1,122-29,[]
TX,7.143918421,292686.348107687,4641798.789548682,1.2,1155,12,1,321-1,[]
TX,7.162574722,291401.966652548,4641356.93126435,1.2,826,10,1,243-28,[]
TX,7.199252396,292143.087148008,4642213.376910345,1.2,354,12,1,187-1,[]
TX,7.228750061,291720.094694771,4642157.490082823,1.2,1111,11,1,308-30,[]
TX,7.349173917,289118.626709948,4640560.177874827,1.2,1591,7,1,79-12,[]
TX,7.511280701,292639.865128151,4641677.782000273,1.2,1741,12,1,94-28,[]
TX,7.568078365,288881.726576032,4642616.240566458,1.2,550,12,1,209-7,[]
TX,7.616980207,294073.991334703,4639236.405666476,1.2,1115,12,1,308-7,[]
TX,7.643359873,290080.387075592,4640921.457117276,1.2,1712,7,1,90-28,[]
TX,7.990715457,290373.193738364,4642325.546157046,1.2,495,10,1,200-8,[]
TX,8.1832906,289831.345992669,4641197.419398533,1.2,530,7,1,208-21,[]
TX,8.190447628,291834.51377537,4642549.023692086,1.2,854,12,1,248-27,[]
TX,8.806085733,291563.858084665,4644731.076286628,1.2,3,12,1,103-15,[]
TX,8.861481175,292690.029263132,4641798.204682663,1.2,1316,12,1,357-27,[]
TX,8.930854,291012.845769704,4641819.421065432,1.2,1347,8,1,362-10,[]
TX,9.013322711,290259.727767604,4641988.242513705,1.2,71,8,1,115-2,[]
TX,9.086467602,292306.978532188,4636381.455905659,1.2,1099,12,1,300-3,[]
TX,9.488137991,292683.894364526,4641799.902085491,1.2,956,12,1,266-5,[]
TX,9.510799236,291898.330526486,4641655.365032927,1.2,436,12,1,196-28,[]
TX,9.565678841,295613.70827811,4645551.811555872,1.2,350,12,1,185-27,[]
TX,9.956783212,293294.905010849,4637449.751625545,1.2,735,12,1,234-24,[]
TX,10.01398202,290531.33734437,4641101.634669044,1.2,379,7,1,191-26,[]
TX,10.22331629,284971.571145275,4643540.642583797,1.2,208,12,1,147-19,[]
TX,10.316160471,292304.249811408,4642023.921515931,1.2,1493,12,1,53-25,[]
TX,10.470920586,292540.713741755,4640786.685520089,1.2,474,12,1,2-27,[]
TX,10.605811678,290458.725011748,4641740.090767957,1.2,1699,8,1,89-8,[]
TX,10.653287408,290833.615045141,4644921.579077133,1.2,1381,12,1,365-30,[]
TX,10.698022396,287218.338790656,4641781.041067801,1.2,990,12,1,28-18,[]
TX,11.222106016,293385.182424775,4640749.238709668,1.2,1018,12,1,288-27,[]
TX,11.658937024,289212.233205185,4643056.163663629,1.2,1284,12,1,352-17,[]
TX,11.782561859,291216.642600176,4642278.640922935,1.2,1072,12,1,297-29,[]
TX,11.790738197,291028.784375763,4641946.169325448,1.2,1089,10,1,3-3,[]
TX,11.806102086,289659.938756751,4643170.578999988,1.2,1254,12,1,345-17,[]
TX,12.64785601,290146.938913704,4640099.53991088,1.2,1476,7,1,48-17,"[['RX_GW', 12.762852275, 1476, 7, 1, 868.1, -117.90889173, '00:00:00:00:00:02']]"
TX,12.810722124,290361.824704219,4641804.729322005,1.2,775,7,1,238-16,"[['RX_GW', 12.925718898, 775, 7, 1, 868.1, -122.38577823, '00:00:00:00:00:02']]"
TX,13.094708491,288536.921967473,4638290.303141034,1.2,279,12,1,17-22,[]
TX,13.190202401,290976.112137696,4641943.377790459,1.2,1448,8,1,41-22,"[['RX_GW', 13.397616755, 1448, 8, 1, 868.1, -126.800352594, '00:00:00:00:00:02']]"
TX,13.465022458,292312.43142766,4642051.21655093,1.2,1185,12,1,325-23,[]
TX,13.52669399,296205.887130579,4643506.5352244,1.2,56,10,1,113-2,"[['RX_GW', 14.186205739, 56, 10, 1, 868.1, -130.228806284, '00:00:00:00:00:04']]"
TX,13.660382628,280726.852680781,4623593.243935839,1.2,286,12,1,170-27,[]
TX,14.042089069,288493.900842358,4641293.746271409,1.2,257,9,1,157-27,[]
TX,14.102083871,290216.650494709,4641244.861233602,1.2,1229,7,1,342-28,[]
TX,14.1531268,272119.078636686,4630307.012978334,1.2,1050,12,1,295-12,[]
TX,14.333809209,273708.385183156,4630643.673701863,1.2,1032,12,1,290-12,[]
TX,14.344574437,291542.504149099,4641339.923390176,1.2,951,10,1,266-21,[]
TX,14.368527542,290273.445403951,4641997.83517349,1.2,1009,8,1,288-10,[]
TX,14.430640102,284751.114350889,4630149.331554748,1.2,338,12,1,184-18,[]
TX,14.635469658,291642.282707279,4636612.346055174,1.2,34,12,1,106-4,[]
TX,14.789994102,291531.172893602,4641314.184114687,1.2,965,10,1,267-21,[]
TX,14.952003515,290548.642711404,4642662.817737601,1.2,1309,12,1,357-13,[]
TX,15.036940068,292675.136129553,4641430.163319645,1.2,1217,12,1,341-25,[]
TX,15.108599197,290299.582449924,4642172.823218821,1.2,1520,10,1,59-15,[]
TX,15.124217338,289735.078344217,4642805.601189305,1.2,419,11,1,195-26,[]
TX,15.179804167,289195.607456498,4642525.734051416,1.2,291,12,1,172-11,[]
TX,15.31102615,291635.607859696,4644607.38394702,1.2,751,12,1,235-21,[]
TX,15.480178133,284007.356028348,4632499.76796987,1.2,798,12,1,241-20,[]
TX,15.652835777,293692.711592636,4639589.264453309,1.2,268,12,1,169-17,[]
TX,15.911066301,290291.547062624,4641306.993622366,1.2,1600,7,1,79-28,[]
TX,16.182178134,290051.277913431,4642388.88109518,1.2,79,8,1,115-7,"[['RX_GW', 16.38959258, 79, 8, 1, 868.1, -126.026817924, '00:00:00:00:00:02']]"
TX,16.237178579,289889.630609124,4641318.522967112,1.2,938,7,1,262-22,[]
TX,16.548447204,291832.296134669,4642548.079493831,1.2,1052,12,1,295-14,[]
TX,16.696900355,290120.080334756,4642773.526283606,1.2,191,12,1,143-18,[]
TX,16.998138985,289852.403655495,4640568.719859557,1.2,894,7,1,257-23,[]
TX,17.487391884,273669.626857743,4630634.459865694,1.2,421,12,1,195-9,[]
TX,17.642649116,271598.831503529,4630623.41198424,1.2,658,12,1,224-20,[]
TX,17.746565093,299750.612488584,4630069.172570682,1.2,921,12,1,259-9,[]
TX,17.792465025,289936.777916371,4642714.109544644,1.2,1463,10,1,42-8,[]
TX,18.043116562,290380.711615956,4641826.489619357,1.2,1486,7,1,53-11,[]
TX,18.065895223,291531.028854745,4642069.372301818,1.2,1570,12,1,70-24,[]
TX,18.108558903,291239.332860544,4642280.330701571,1.2,1108,10,1,301-8,[]
TX,18.199966495,292070.322060097,4642272.558899552,1.2,1461,12,1,42-6,[]
TX,18.359422222,290654.259517937,4642598.439795743,1.2,1123,12,1,309-16,[]
TX,18.62218037,290326.173153847,4640717.719231014,1.2,1258,7,1,347-17,[]
TX,18.635556561,291962.72224309,4637433.626337601,1.2,1168,12,1,322-12,[]
TX,18.820003982,290344.565195802,4641842.008093583,1.2,301,8,1,174-13,[]
TX,18.844851856,291013.85668997,4641825.735234547,1.2,1602,8,1,79-9,[]
TX,18.971588543,290374.753592747,4641792.894369049,1.2,121,7,1,127-30,[]
TX,19.122426695,291198.406344664,4639567.843289642,1.2,114,10,1,127-12,[]
TX,19.394171711,290064.361494632,4640924.332721669,1.2,980,7,1,273-27,"[['RX_GW', 19.509165579, 980, 7, 1, 868.1, -80.047440179, '00:00:00:00:00:02']]"
TX,19.535248159,291928.902981823,4641677.801824877,1.2,42,12,1,111-19,[]
TX,19.779216245,290564.91355619,4642903.273415863,1.2,1717,12,1,90-8,[]
TX,20.265350866,295127.686561265,4642705.164358369,1.2,574,8,1,212-17,"[['RX_GW', 20.47276421, 574, 8, 1, 868.1, -126.07913035, '00:00:00:00:00:04']]"
TX,20.335697459,294497.65704731,4631913.524290823,1.2,195,12,1,143-21,[]
TX,20.354867082,273702.902203916,4630633.12768291,1.2,868,12,1,250-25,[]
TX,20.988548213,273697.26407396,4630623.782366391,1.2,861,12,1,250-11,[]
TX,21.05351956,290897.006955893,4642259.208304483,1.2,857,10,1,248-9,[]
TX,21.355955056,292503.996700509,4643040.246984188,1.2,1521,12,1,59-23,[]
TX,21.549569694,290404.191096222,4641804.846753143,1.2,1682,7,1,89-14,[]
TX,21.650322341,292301.939516939,4642047.490697769,1.2,501,12,1,202-7,[]
TX,22.486889543,295139.260950517,4642696.497231558,1.2,1129,8,1,311-13,"[['RX_GW', 22.694302843, 1129, 8, 1, 868.1, -125.862807182, '00:00:00:00:00:04']]"
TX,22.563537231,294022.705378846,4641044.169730003,1.2,512,10,1,203-6,[]
TX,22.775811245,293362.181678799,4640075.283239418,1.2,635,12,1,222-22,[]
TX,23.212514428,291132.741635276,4641208.412114337,1.2,461,10,1,2-12,[]
TX,23.41498343,291590.179362521,4644808.695577182,1.2,407,12,1,193-27,[]
TX,23.463885341,290077.115348387,4640919.990648657,1.2,274,7,1,169-30,[]
TX,23.74991843,291740.530103073,4642155.243963246,1.2,1683,11,1,89-17,[]
TX,23.76162732,290740.26388497,4642895.417999724,1.2,686,12,1,228-10,[]
TX,23.801828327,292021.128443474,4643038.928634307,1.2,230,12,1,156-19,[]
TX,24.019997472,292086.704493672,4640535.604900069,1.2,110,12,1,125-8,[]
TX,24.068320264,290380.5025539,4641811.671532989,1.2,745,7,1,235-14,[]
TX,24.187502062,291144.023461165,4641962.925548959,1.2,82,10,1,118-8,[]
TX,24.41514199,290329.731257635,4639630.248064371,1.2,281,9,1,17-8,[]
TX,24.587118605,284713.635844859,4630156.685794314,1.2,342,12,1,184-6,[]
TX,25.150367019,272722.372125193,4629807.97732153,1.2,282,12,1,17-9,[]
TX,25.21099228,291952.701174087,4638206.108114535,1.2,1642,12,1,83-23,[]
TX,25.842531275,292589.867187716,4641495.136667926,1.2,1421,12,1,370-15,[]
TX,26.060048588,291067.868428887,4643535.414267812,1.2,773,12,1,236-7,[]
TX,26.129525349,290083.283804264,4640917.808739332,1.2,1021,7,1,288-9,[]
TX,26.251274943,291530.233197527,4642154.249471948,1.2,321,12,1,178-12,[]
TX,26.288915557,270922.537784163,4644419.900473066,1.2,1174,12,1,322-27,[]
TX,26.530357687,290470.283688314,4641386.515685502,1.2,8,7,1,104-13,[]
TX,27.230301747,292236.848726169,4638606.707603447,1.2,1267,12,1,348-13,[]
TX,27.522013994,291018.527484559,4641791.183626165,1.2,1147,8,1,315-29,"[['RX_GW', 27.72942811, 1147, 8, 1, 868.1, -126.056222377, '00:00:00:00:00:02']]"
TX,27.542974969,290283.791377341,4641305.658871576,1.2,168,7,1,135-7,[]
TX,27.76768626,294853.00403446,4644861.260084077,1.2,164,12,1,135-30,[]
TX,27.989612804,291871.141758182,4642552.644135507,1.2,1277,12,1,351-29,[]
TX,28.109570766,291063.116461693,4642057.064808928,1.2,996,10,1,280-15,[]
TX,28.143198265,290879.631705016,4641185.502668336,1.2,1735,8,1,94-20,[]
TX,28.770542397,290549.773485737,4643181.628110281,1.2,799,12,1,241-21,[]
TX,28.948894567,299736.878371896,4630062.193122083,1.2,731,12,1,234-13,[]
TX,29.011963152,293327.298376205,4643222.697983669,1.2,1488,12,1,53-13,[]
TX,29.130807369,290837.239210341,4642776.346675994,1.2,1728,11,1,94-13,[]
TX,29.260143774,291229.366331876,4642271.659658085,1.2,841,12,1,246-6,[]
TX,29.52384782,291100.403313512,4643113.244700246,1.2,1471,12,1,44-30,[]
TX,29.728431087,290529.696494604,4640937.880167955,1.2,482,7,1,2-7,[]
TX,29.78039393,294212.42242469,4639812.003918413,1.2,1218,12,1,341-26,[]
TX,29.883119956,290684.176274824,4641287.105498829,1.2,344,7,1,185-1,[]
TX,29.921674617,289170.660747733,4642516.55549554,1.2,395,12,1,193-12,[]
TX,29.991346117,292946.809207714,4629924.142173708,1.2,653,12,1,224-13,[]
TX,30.299984082,287757.948875743,4637365.710019097,1.2,1281,12,1,352-14,[]
TX,30.384397744,271638.801053895,4630671.033034568,1.2,870,12,1,250-27,[]
TX,30.585577888,291491.90028882,4645032.617562832,1.2,756,12,1,235-29,[]
TX,30.761345289,290037.167898952,4640353.476748058,1.2,292,7,1,172-12,"[['RX_GW', 30.876340651, 292, 7, 1, 868.1, -111.774372096, '00:00:00:00:00:02']]"
TX,30.775353056,290196.22202241,4639302.64569007,1.2,824,11,1,243-24,[]
TX,31.015393731,292381.082600999,4637320.25858973,1.2,603,12,1,22-17,[]
TX,31.142570748,290568.326497742,4642286.20491063,1.2,1710,10,1,90-24,"[['RX_GW', 31.8020813, 1710, 10, 1, 868.1, -132.339493274, '00:00:00:00:00:02']]"
TX,31.276628539,294037.950660708,4641649.74953614,1.2,792,11,1,240-5,[]
TX,31.408014528,271909.846482332,4630611.810495732,1.2,429,12,1,196-21,[]
TX,31.464309698,291467.292162252,4638069.592680068,1.2,1149,12,1,316-11,[]
TX,31.55761181,292073.685016545,4640458.371497758,1.2,1686,11,1,89-20,[]
TX,31.563522588,293912.534730197,4633602.349482018,1.2,314,12,1,176-5,[]
TX,32.144158493,289183.690804355,4642909.878149861,1.2,360,12,1,188-24,[]
TX,32.276157129,290661.307931564,4641639.014964744,1.2,135,7,1,132-19,[]
TX,32.348002337,311140.755079534,4650905.814174549,1.2,1165,12,1,321-29,[]
TX,32.453784684,290107.539671257,4640895.833961422,1.2,1762,7,1,99-26,[]
TX,32.479319245,292804.770340638,4642209.250513182,1.2,682,12,1,225-6,[]
TX,32.855656168,287499.206849068,4641319.267612809,1.2,1222,12,1,341-9,[]
TX,33.040739496,291125.588844855,4641953.480188066,1.2,387,10,1,191-8,[]
TX,33.135778199,291218.132301726,4641313.113423474,1.2,26,8,1,105-23,[]
TX,33.244136794,290276.463670589,4640902.996146644,1.2,1662,7,1,85-8,[]
TX,33.33676081,292101.856214352,4640397.690404778,1.2,149,12,1,135-15,[]
TX,33.408571092,290414.579474019,4641807.673307738,1.2,1030,7,1,290-10,[]
TX,33.926961095,290884.030695484,4642257.530562577,1.2,1290,10,1,352-24,[]
TX,33.940152954,291828.263145265,4642555.920554901,1.2,935,12,1,262-18,[]
TX,34.300140904,290472.726014177,4640667.63813216,1.2,255,7,1,157-25,[]
TX,34.416810995,291818.609722075,4642552.21836983,1.2,766,12,1,236-20,[]
TX,34.596293255,295125.15365156,4642706.997664408,1.2,576,8,1,212-20,[]
TX,34.68243331,293013.827932652,4642592.490392846,1.2,1695,12,1,89-4,[]
TX,34.79238279,291950.538238786,4641571.982178322,1.2,895,12,1,257-24,[]
TX,34.829088962,289678.43124398,4642083.944147391,1.2,1358,9,1,362-28,[]
TX,34.930838776,289958.773837091,4642782.960507634,1.2,37,12,1,106-7,[]
TX,35.008460511,291844.726373424,4642548.222795901,1.2,1151,12,1,317-1,[]
TX,35.045690622,287250.088207192,4641561.313960547,1.2,1110,12,1,302-8,[]
TX,35.28300173,298152.312030078,4632270.977170004,1.2,914,12,1,259-23,[]
TX,35.508713681,290683.227795588,4642882.999314225,1.2,962,12,1,267-18,[]
TX,35.647994097,293738.681250997,4641354.479847373,1.2,206,12,1,144-8,[]
TX,35.76171264,292147.650404415,4642202.422806917,1.2,1703,12,1,90-14,[]
TX,36.146417636,294292.885435911,4644173.640786237,1.2,971,12,1,273-10,[]
TX,36.230525289,290658.820019552,4640930.243230583,1.2,18,7,1,104-9,[]
TX,36.277882276,291728.67336501,4642146.72286539,1.2,250,11,1,157-13,[]
TX,36.339285866,290109.593063863,4640889.754142094,1.2,256,7,1,157-26,[]
TX,36.63448296,291232.022055488,4641301.040220298,1.2,843,9,1,246-8,[]
TX,36.804478721,290530.453872974,4641369.276718654,1.2,1498,7,1,54-5,[]
TX,36.825585402,297156.913382561,4649791.564668192,1.2,703,12,1,229-15,[]
TX,36.83667927,293074.203767199,4640773.376601784,1.2,1548,12,1,66-26,[]
TX,37.1205858,290345.154966578,4641792.408102995,1.2,1203,7,1,337-17,[]
TX,37.410347578,290475.802815001,4640627.893044075,1.2,378,7,1,191-25,[]
TX,37.542907872,290309.584475079,4636916.836577545,1.2,384,12,1,191-5,[]
TX,37.62529926,296460.932782288,4645777.305335963,1.2,569,12,1,210-23,[]
TX,37.740870204,292525.170981481,4642921.253062349,1.2,1317,12,1,357-28,[]
TX,37.780746691,293372.102751441,4634222.804726809,1.2,807,12,1,241-8,[]
TX,38.315028992,290612.165713227,4641757.759507855,1.2,1154,7,1,318-30,"[['RX_GW', 38.430026068, 1154, 7, 1, 868.1, -122.638814347, '00:00:00:00:00:02']]"
TX,38.587172917,292551.175332714,4646186.342865807,1.2,584,12,1,212-6,[]
TX,38.90151351,290466.94928701,4640621.615273254,1.2,440,7,1,196-6,"[['RX_GW', 39.016508966, 440, 7, 1, 868.1, -114.301496539, '00:00:00:00:00:02']]"
TX,39.043936371,289528.893774045,4641789.853889897,1.2,527,7,1,208-18,"[['RX_GW', 39.158933118, 527, 7, 1, 868.1, -121.995303231, '00:00:00:00:00:02']]"
TX,39.1652573,294348.416303859,4639004.112127922,1.2,1373,12,1,365-20,[]
TX,39.18900463,291118.103979819,4642466.835103462,1.2,493,11,1,200-6,[]
TX,39.370783532,291082.249445731,4642331.008642318,1.2,768,11,1,236-23,[]
TX,39.409533631,291089.767174284,4642348.184129824,1.2,346,11,1,185-23,[]
TX,39.651542447,290290.606716716,4642341.90291536,1.2,200,10,1,143-6,[]
TX,39.746109388,291795.061871678,4642550.69299421,1.2,1285,12,1,352-18,[]
TX,39.95269614,288868.983585952,4635890.53104051,1.2,390,12,1,192-22,[]
TX,40.180160886,291109.277796672,4642483.845377382,1.2,1263,12,1,347-22,[]
TX,40.217163917,291472.709691459,4642248.033886927,1.2,1664,12,1,87-18,[]
TX,41.228918492,289534.539919686,4641793.543933661,1.2,1399,7,1,369-27,[]
TX,41.314424456,290483.989863428,4640640.12683592,1.2,1414,7,1,37-28,[]
TX,41.519406492,291042.268352884,4640478.352112646,1.2,103,8,1,121-9,"[['RX_GW', 41.726819901, 103, 8, 1, 868.1, -125.718207923, '00:00:00:00:00:02']]"
TX,41.525402627,291292.909321274,4644949.409044785,1.2,883,12,1,255-2,[]
TX,41.531861931,290928.025849178,4642101.201561726,1.2,549,11,1,209-6,[]
TX,41.645203149,291868.815625069,4644192.841100536,1.2,363,12,1,188-27,[]
TX,41.701958625,291131.229414733,4643263.206481864,1.2,502,12,1,202-8,[]
TX,41.737540504,291107.267016159,4644209.957642478,1.2,1731,12,1,94-17,[]
TX,41.772637001,290845.959397115,4638652.496976333,1.2,353,12,1,186-21,[]
TX,41.78541633,292308.605126375,4637613.030575859,1.2,76,12,1,115-30,[]
TX,42.097691413,290791.458936081,4644286.231670901,1.2,552,12,1,21-16,[]
TX,42.525204607,285524.679403196,4648510.51753881,1.2,755,12,1,235-28,[]
TX,42.726091664,292315.396219396,4642046.98036052,1.2,1259,12,1,347-18,[]
TX,42.924287223,290346.25687275,4641801.46331888,1.2,547,7,1,209-3,[]
TX,43.110426251,283202.204846732,4653468.272183815,1.2,31,12,1,105-28,[]
TX,43.280380452,290593.465084737,4642833.32049344,1.2,1422,12,1,370-16,[]
TX,43.478725767,290371.4193159,4641307.389643757,1.2,1251,7,1,344-12,[]
TX,43.485069331,297002.848943156,4638969.179502887,1.2,402,12,1,193-21,[]
TX,43.588885913,292522.34252607,4642911.607541869,1.2,246,12,1,156-9,[]
TX,43.657466299,291728.016400682,4642767.722597347,1.2,318,12,1,178-1,[]
TX,43.675905928,291732.937990325,4642141.656852035,1.2,983,11,1,273-9,[]
TX,44.287721955,290941.433186611,4642934.516270382,1.2,1671,12,1,87-30,[]
TX,44.363748055,289518.546548733,4642942.428633759,1.2,785,10,1,238-6,[]
TX,44.367235137,290384.969601763,4635994.582342998,1.2,975,12,1,273-14,[]
TX,44.479395973,292179.166149836,4641380.280630608,1.2,1344,12,1,361-29,[]
TX,44.56516911,292874.830239189,4641512.104824327,1.2,1055,12,1,295-22,[]
TX,44.594718463,290766.156288536,4642768.071062517,1.2,1447,12,1,41-21,[]
TX,44.697679671,292076.150042016,4644248.293862172,1.2,902,12,1,257-5,[]
TX,45.042308761,291240.047414976,4642280.464623451,1.2,1074,10,1,298-1,[]
TX,45.097389812,271570.027806286,4630618.833388915,1.2,1260,12,1,347-19,[]
TX,45.396260065,291570.811810097,4640953.796366182,1.2,638,10,1,222-4,[]
TX,45.458459517,292412.127820606,4641561.433361486,1.2,1269,12,1,348-9,[]
TX,45.506087309,285916.494597832,4641169.848836715,1.2,712,12,1,232-14,[]
TX,45.520375801,287913.8091227,4643975.402432859,1.2,50,12,1,112-13,[]
TX,45.621834623,293361.330100368,4643235.887868345,1.2,954,12,1,266-30,[]
TX,45.776610384,292264.080925725,4636527.492442643,1.2,1696,12,1,89-5,[]
TX,45.878208974,271982.49368836,4630008.743778877,1.2,1036,12,1,290-23,[]
TX,46.072618077,289345.126627327,4642453.088102001,1.2,449,10,1,198-2,[]
TX,46.10969424,290654.966213567,4643073.304118516,1.2,1070,12,1,297-27,[]
TX,46.186278505,298801.980601116,4644350.866824179,1.2,1408,12,1,37-19,[]
TX,46.495948282,292551.500018866,4642934.9456943,1.2,1273,12,1,351-25,[]
TX,46.692998104,290284.307483785,4641979.405396481,1.2,1240,7,1,343-21,[]
TX,46.783812956,294281.114329577,4641983.579454566,1.2,1719,9,1,92-14,"[['RX_GW', 47.155579301, 1719, 9, 1, 868.1, -127.67316363, '00:00:00:00:00:04']]"
TX,47.01203843,290686.31240546,4641313.557329489,1.2,1312,7,1,357-23,[]
TX,47.01564209,293324.625675855,4642689.314746107,1.2,985,12,1,275-30,[]
TX,47.289054476,291825.385230702,4640759.25262647,1.2,1042,11,1,290-29,[]
TX,47.350370755,288327.479152805,4639446.710020385,1.2,86,12,1,119-5,[]
TX,47.425256568,286658.803812337,4645756.227476969,1.2,573,12,1,212-13,[]
TX,47.450138807,290892.036792227,4642715.589036369,1.2,486,11,1,200-19,[]
TX,47.454087382,290083.822388833,4641525.153247388,1.2,5,7,1,104-10,[]
TX,47.552920154,292845.352240713,4641909.539199938,1.2,1101,12,1,300-9,[]
TX,47.995496886,289644.748348478,4643732.908538161,1.2,1582,12,1,74-30,[]
TX,48.156902523,289582.839022997,4642228.038834692,1.2,1637,7,1,81-8,[]
TX,48.511854068,291218.120668689,4642270.897261476,1.2,900,10,1,257-3,[]
TX,48.784677974,292317.113037732,4642044.001554576,1.2,846,12,1,248-11,[]
TX,49.052978656,291476.338805567,4642062.028517785,1.2,1221,11,1,341-29,[]
TX,49.123293468,294030.647807171,4641618.391606976,1.2,791,11,1,240-23,"[['RX_GW', 50.604052567, 791, 11, 1, 868.1, -133.933742894, '00:00:00:00:00:04']]"
TX,49.272148252,289205.889924912,4642229.265875421,1.2,454,9,1,198-7,[]
TX,49.434016082,290858.825926927,4642258.482696184,1.2,754,10,1,235-26,[]
TX,49.483123,290715.534132051,4643001.099868331,1.2,1654,12,1,85-20,[]
TX,49.755275097,289625.001265175,4643160.862480112,1.2,946,12,1,266-17,[]
TX,50.02547449,273698.045352718,4630637.198944289,1.2,663,12,1,224-27,[]
TX,50.091887735,290753.387181208,4642869.287854141,1.2,1655,12,1,85-22,[]
TX,50.186651651,290271.226441875,4642027.575774548,1.2,544,8,1,209-18,[]
TX,50.216299492,290395.619368242,4641321.735089125,1.2,418,7,1,195-25,[]
TX,50.724516378,271827.229541071,4630664.543531347,1.2,1300,12,1,356-17,[]
TX,50.774995554,289867.490893191,4638244.647427952,1.2,1106,12,1,301-6,[]
TX,50.87430302,292292.467960379,4642006.071753098,1.2,1761,12,1,99-25,[]
TX,51.253517661,283966.293517747,4640187.055449322,1.2,302,12,1,174-14,[]
TX,51.272511404,293917.452835233,4638523.354954973,1.2,1583,12,1,76-6,[]
TX,51.274633143,290414.453029613,4641814.403881285,1.2,1638,7,1,83-11,[]
TX,51.62551192,291730.914617858,4642697.43409795,1.2,1159,12,1,321-23,[]
TX,51.656964594,292936.83243357,4641518.824881476,1.2,1274,12,1,351-26,[]
TX,51.867830936,291755.546692843,4642832.799783892,1.2,1137,12,1,315-12,[]
TX,51.994979734,291551.114268714,4642066.41073737,1.2,7,12,1,104-12,[]
TX,52.26615024,288544.634673209,4638776.046547049,1.2,825,12,1,243-25,[]
TX,52.552251431,290229.323036956,4642804.35532146,1.2,492,11,1,200-5,[]
TX,52.600546493,289837.802159829,4638523.4004278,1.2,1417,12,1,37-6,[]
TX,52.833838688,283544.07684347,4634369.378301307,1.2,1133,12,1,313-8,[]
TX,52.922040691,289663.968052538,4641701.791349806,1.2,710,7,1,232-12,[]
TX,53.048798542,292918.759489275,4641858.051836528,1.2,632,12,1,222-2,[]
TX,53.076505274,291042.183002729,4641734.174197978,1.2,925,8,1,260-12,[]
TX,53.113562717,287276.979809339,4644023.551414656,1.2,199,12,1,143-5,[]
TX,53.121769858,292100.89899319,4640615.658266736,1.2,1705,12,1,90-18,[]
TX,53.306871067,290275.101799517,4642021.76230522,1.2,948,8,1,266-19,[]
TX,53.423116545,297566.239174463,4643632.351444689,1.2,178,12,1,14-12,[]
TX,53.432125554,289613.09323244,4644732.704595932,1.2,1528,12,1,59-9,[]
TX,53.470727503,282075.551877262,4638396.6716314,1.2,1225,12,1,342-13,[]
TX,53.472827589,290420.040320739,4641809.932356673,1.2,1280,7,1,352-12,[]
TX,53.475905494,290092.715456881,4640911.117114314,1.2,940,7,1,264-24,[]
TX,53.604494302,299231.110318531,4639003.443104842,1.2,1132,12,1,311-24,[]
TX,54.066437493,289525.054463784,4641793.235235741,1.2,362,7,1,188-26,[]
TX,54.434017772,290264.165228546,4641448.55249302,1.2,763,7,1,236-17,"[['RX_GW', 54.54901334, 763, 7, 1, 868.1, -114.516625969, '00:00:00:00:00:02']]"
TX,54.620736059,295114.656030295,4642718.722153427,1.2,1718,8,1,92-1,"[['RX_GW', 54.828149464, 1718, 8, 1, 868.1, -126.5695889, '00:00:00:00:00:04']]"
TX,54.724588404,292133.065889689,4640648.474961082,1.2,444,12,1,197-25,[]
TX,54.798790462,289681.414884084,4641893.07960006,1.2,1722,7,1,92-2,[]
TX,55.082050957,291070.231958715,4644041.86789283,1.2,1303,12,1,356-21,[]
TX,55.226145448,293740.994456198,4641752.326859569,1.2,184,12,1,14-28,[]
TX,55.278669041,290075.291274471,4640003.489895221,1.2,122,7,1,129-2,[]
TX,55.289379996,290428.55917378,4639991.643818161,1.2,646,7,1,223-4,[]
TX,55.293969647,293268.006321956,4640227.813075777,1.2,290,12,1,172-10,[]
TX,55.357193088,290845.284020402,4642796.954352969,1.2,844,11,1,248-1,[]
TX,55.593466098,292329.556033056,4642046.397804792,1.2,999,12,1,280-29,[]
TX,55.719225664,291708.679375172,4642772.880677232,1.2,244,12,1,156-7,[]
TX,56.225446191,292656.267531839,4642382.920641664,1.2,1204,12,1,337-18,[]
TX,56.378412299,291009.775978917,4639220.195429112,1.2,538,12,1,208-5,[]
TX,56.497669115,292381.672973274,4641789.500007976,1.2,328,12,1,178-26,[]
TX,56.593099532,291150.47802841,4641348.199185885,1.2,993,8,1,28-21,[]
TX,56.618430972,291219.575276859,4642274.33841694,1.2,1071,10,1,297-28,[]
TX,56.725384341,292625.719931804,4641773.600999702,1.2,1649,12,1,85-16,[]
TX,56.870970742,291031.993815745,4641941.326660678,1.2,1282,9,1,352-15,[]
TX,56.886680245,292154.076905008,4642156.789182122,1.2,481,12,1,2-6,[]
TX,56.893773152,290516.345332221,4640858.642510394,1.2,46,7,1,111-30,[]
TX,57.540889635,292116.150448249,4640627.406116348,1.2,430,12,1,196-22,[]
TX,58.037344476,271682.813966441,4630639.127298093,1.2,160,12,1,135-27,[]
TX,58.677024674,291106.220276367,4646174.064084174,1.2,52,12,1,113-16,[]
TX,58.73667498,290472.999880627,4640625.106103331,1.2,1059,7,1,295-8,[]
TX,59.08695976,290349.979549246,4641822.418121201,1.2,1726,7,1,94-10,[]
TX,59.348520833,290266.066325496,4641982.516266091,1.2,289,7,1,172-1,[]
TX,59.395015182,290365.670958662,4641831.064202915,1.2,456,7,1,199-3,[]
TX,59.585490867,290878.808049227,4642275.143930822,1.2,1675,10,1,87-8,[]
TX,60.409699511,291076.169403659,4641547.525148265,1.2,1056,10,1,295-23,"[['RX_GW', 61.069209342, 1056, 10, 1, 868.1, -130.006340738, '00:00:00:00:00:02']]"
TX,60.456334048,290107.821548795,4634700.578128163,1.2,1293,12,1,352-27,[]
TX,60.568119445,289809.821607713,4633943.082732024,1.2,606,12,1,22-22,[]
TX,60.810050728,292656.169807409,4641764.088786688,1.2,1343,12,1,361-28,[]
TX,61.565419148,291247.074118471,4638404.875989506,1.2,539,12,1,208-6,[]
TX,61.619539772,292197.612133906,4643436.488137514,1.2,1462,12,1,42-7,[]
TX,61.653675004,292553.564503216,4641329.074149577,1.2,1708,12,1,90-22,[]
TX,61.722677908,290750.127840786,4642871.770949911,1.2,1536,12,1,61-9,[]
TX,61.834299159,291121.774260551,4642464.957845891,1.2,508,11,1,203-22,[]
TX,61.94864844,298078.888076514,4639314.909586935,1.2,214,12,1,154-3,[]
TX,62.069865365,290470.459170934,4640695.949026192,1.2,510,7,1,203-30,[]
TX,62.241544981,290408.776637163,4643864.849093459,1.2,304,12,1,174-23,[]
TX,62.336953395,290191.854820332,4643176.978829569,1.2,804,12,1,241-5,[]
TX,62.654097246,290702.391245738,4641189.822860288,1.2,877,7,1,253-18,[]
TX,62.737281562,288867.960963583,4639556.240376505,1.2,994,10,1,28-22,[]
TX,62.899469789,289823.699858267,4641207.550530671,1.2,724,7,1,233-19,[]
TX,63.001232665,290075.696747757,4640927.347436768,1.2,1626,7,1,81-18,[]
TX,63.067816481,289532.027742537,4641812.433154293,1.2,272,7,1,169-22,[]
TX,63.102687924,284967.976879832,4643530.080934562,1.2,209,12,1,147-22,[]
TX,63.233204081,291872.613243457,4642552.321405574,1.2,347,12,1,185-24,[]
TX,63.747803647,291731.84634521,4642137.991170959,1.2,1679,11,1,89-11,[]
TX,63.795175792,290074.744083581,4641525.298105668,1.2,1348,7,1,362-11,[]
TX,63.94072601,290094.078275465,4640900.841166148,1.2,988,7,1,279-30,[]
TX,64.054403622,292733.987906798,4641853.191595986,1.2,1143,12,1,315-25,[]
TX,64.090471163,291911.223323412,4642879.546219059,1.2,1634,12,1,81-5,[]
TX,64.165079255,298601.945725026,4631792.021643935,1.2,913,12,1,259-15,[]
TX,64.252942349,289821.452887473,4641119.996163162,1.2,172,7,1,139-5,"[['RX_GW', 64.367936665, 172, 7, 1, 868.1, -96.483541, '00:00:00:00:00:02']]"
TX,64.324913704,295030.056773565,4642885.46864147,1.2,553,9,1,21-17,[]
TX,64.851057806,290081.698079371,4641498.102155139,1.2,832,7,1,245-22,"[['RX_GW', 64.966053307, 832, 7, 1, 868.1, -112.937275101, '00:00:00:00:00:02']]"
TX,64.936963097,296378.850230633,4650038.457225865,1.2,511,12,1,203-4,[]
TX,65.120752119,291704.231880206,4642150.601260046,1.2,707,11,1,232-1,"[['RX_GW', 66.601512791, 707, 11, 1, 868.1, -133.686721824, '00:00:00:00:00:02']]"
TX,65.196143291,288187.482927562,4643627.552405959,1.2,624,12,1,220-4,[]
TX,65.31372177,285828.493403038,4643308.651343146,1.2,1329,12,1,360-28,[]
TX,65.566285289,293006.285251285,4643280.582117024,1.2,1756,12,1,96-2,[]
TX,65.97763049,290349.582281596,4643316.754124642,1.2,1409,12,1,37-20,[]
TX,65.984256874,291654.277922244,4642759.157705911,1.2,749,12,1,235-19,[]
TX,66.106535925,290267.401801246,4641298.278543659,1.2,1619,7,1,80-24,[]
TX,66.38729931,290680.501784033,4641307.503964668,1.2,930,7,1,260-25,[]
TX,66.459980891,291793.049081815,4644108.824532489,1.2,1729,12,1,94-15,[]
TX,66.593222006,290074.515266769,4641521.347735535,1.2,1088,7,1,3-2,[]
TX,66.782076142,291874.25927918,4642842.927801231,1.2,150,12,1,135-16,[]
TX,66.84312888,293959.823062822,4639367.894757715,1.2,156,12,1,135-21,[]
TX,67.012527011,289216.171540557,4642518.572882093,1.2,966,12,1,267-22,[]
TX,67.184671055,290566.23355089,4637458.898557866,1.2,100,12,1,121-13,[]
TX,67.194820772,289988.792942819,4641930.179872431,1.2,691,8,1,228-15,[]
TX,67.712307694,292325.167749388,4642120.277214815,1.2,839,12,1,246-4,[]
TX,67.826004584,295466.415605553,4642515.878564164,1.2,570,7,1,210-8,"[['RX_GW', 67.941000885, 570, 7, 1, 868.1, -123.348201899, '00:00:00:00:00:04']]"
TX,67.923706846,291203.616633241,4641854.494604485,1.2,25,11,1,105-15,[]
TX,67.950896344,289951.352870682,4634421.804954883,1.2,1043,12,1,291-1,[]
TX,67.973669976,290355.125011434,4641805.585445177,1.2,1502,7,1,58-11,[]
TX,67.984016179,290863.462160325,4642270.567206678,1.2,1253,10,1,344-14,[]
TX,68.217845025,291707.13062466,4642125.085447538,1.2,329,11,1,178-27,[]
TX,68.298741221,297536.681810431,4647035.638340349,1.2,451,12,1,198-4,[]
TX,68.391811713,291390.458197472,4641877.539136764,1.2,811,11,1,242-21,[]
TX,68.907543186,290357.893789703,4641811.254835761,1.2,1575,7,1,70-29,[]
TX,68.934230887,291105.697814219,4643097.475764778,1.2,356,12,1,187-16,[]
TX,69.068329261,291169.7799362,4641331.758248057,1.2,649,8,1,223-7,[]
TX,69.623676753,290498.39297982,4640623.936448146,1.2,163,7,1,135-3,"[['RX_GW', 69.738672297, 163, 7, 1, 868.1, -115.124317145, '00:00:00:00:00:02']]"
TX,69.698887294,290673.655903673,4641293.284995404,1.2,38,7,1,106-8,[]
TX,69.772994637,292543.503797519,4643842.567950866,1.2,702,12,1,228-7,[]
TX,69.942148576,290086.720420636,4640911.554862023,1.2,1478,7,1,48-19,"[['RX_GW', 70.057142515, 1478, 7, 1, 868.1, -83.238687813, '00:00:00:00:00:02']]"
TX,70.204710378,288292.287920652,4644150.385670024,1.2,1077,12,1,298-13,[]
TX,70.221372206,291193.246677305,4641295.668884487,1.2,634,8,1,222-21,"[['RX_GW', 70.428786042, 634, 8, 1, 868.1, -125.385526096, '00:00:00:00:00:02']]"
TX,70.668149739,290566.575289496,4641008.288352892,1.2,115,7,1,127-13,"[['RX_GW', 70.783145305, 115, 7, 1, 868.1, -111.19144434, '00:00:00:00:00:02']]"
TX,70.738846555,294776.966370765,4644758.065356374,1.2,1057,12,1,295-6,[]
TX,70.906197756,290207.480847386,4646793.445130708,1.2,409,12,1,193-4,[]
TX,71.025493548,289794.461528506,4638757.353831871,1.2,1226,12,1,342-14,[]
TX,71.606461376,291753.315083378,4639567.663392341,1.2,1714,12,1,90-4,[]
TX,71.659144574,289808.074524697,4641911.471402931,1.2,1697,7,1,89-6,[]
TX,71.735434634,293939.993826063,4638838.054424819,1.2,519,12,1,205-9,[]
TX,72.114764526,290795.661477079,4640282.140440672,1.2,813,7,1,242-3,[]
TX,72.189019391,292499.907457655,4636995.439605565,1.2,1025,12,1,29-19,[]
TX,72.643383105,291636.217996384,4644621.435544861,1.2,743,12,1,235-12,[]
TX,72.890548259,292259.969539441,4638886.479615686,1.2,410,12,1,193-5,[]
TX,73.159449714,292096.489072161,4642730.606461876,1.2,1439,12,1,40-5,[]
TX,73.198801494,298623.129592096,4631407.682962896,1.2,515,12,1,205-18,[]
TX,73.248241105,289979.205444891,4640227.513160486,1.2,728,7,1,234-1,[]
TX,73.304446937,290539.940891653,4642839.293494207,1.2,392,12,1,192-8,[]
TX,73.345224898,290395.013259307,4641813.683248467,1.2,1398,7,1,369-26,[]
TX,73.382311398,291222.283603963,4641389.082974856,1.2,1040,8,1,290-27,[]
TX,73.601712544,292154.230756204,4639539.252364546,1.2,548,12,1,209-4,[]
TX,73.964381586,290500.556604575,4640910.078638341,1.2,383,7,1,191-4,"[['RX_GW', 74.079376905, 383, 7, 1, 868.1, -109.571514125, '00:00:00:00:00:02']]"
TX,74.026233539,290291.287857769,4642852.89820938,1.2,884,11,1,257-10,[]
TX,74.082960097,271625.467432944,4630626.123243275,1.2,666,12,1,224-4,[]
TX,74.297638599,290071.829007359,4640931.919263386,1.2,1393,7,1,369-13,"[['RX_GW', 74.412632496, 1393, 7, 1, 868.1, -81.401332978, '00:00:00:00:00:02']]"
TX,75.028422546,291018.737661146,4641186.512584086,1.2,588,8,1,213-1,"[['RX_GW', 75.235835722, 588, 8, 1, 868.1, -126.758479966, '00:00:00:00:00:02']]"
TX,75.118034874,289953.467364631,4637940.291217605,1.2,415,12,1,194-30,[]
TX,75.366432167,282866.119739204,4646284.031833813,1.2,1201,12,1,334-1,[]
TX,75.69513592,284485.126956732,4633004.837566325,1.2,373,12,1,191-19,[]
TX,76.179380562,290648.92539717,4641166.91879332,1.2,118,7,1,127-27,"[['RX_GW', 76.29437653, 118, 7, 1, 868.1, -116.836895888, '00:00:00:00:00:02']]"
TX,76.671936839,287581.023905238,4641414.867732562,1.2,1068,12,1,297-25,[]
TX,76.800501969,292682.032956558,4643694.149130357,1.2,330,12,1,178-28,[]
TX,76.898694921,290354.213179711,4643799.3227237,1.2,1117,12,1,308-9,[]
TX,77.349330645,294389.625616424,4636762.416223291,1.2,908,12,1,259-10,[]
TX,77.530972852,291188.255417605,4641320.87776544,1.2,1265,8,1,348-11,[]
TX,77.716354295,290367.140907762,4639161.293128802,1.2,627,12,1,220-7,[]
TX,77.780930646,290461.942984149,4641603.179887314,1.2,1360,7,1,362-9,[]
TX,78.130676609,293270.068676574,4640256.740363808,1.2,21,12,1,105-11,[]
TX,78.311321509,290514.215765793,4640845.538342587,1.2,793,7,1,241-16,[]
TX,78.48737124,289187.483357124,4643494.886979225,1.2,1383,12,1,365-5,[]
TX,78.519802571,291124.57331958,4642467.919889217,1.2,247,11,1,157-10,[]
TX,78.532596848,291030.384019668,4641152.340750092,1.2,1569,7,1,70-23,[]
TX,78.648237012,290832.066893018,4635531.953346333,1.2,1510,12,1,58-26,[]
TX,78.884327017,290476.668530546,4641395.760770509,1.2,673,7,1,225-19,[]
TX,78.886697559,291024.906415311,4640566.017873298,1.2,1516,8,1,59-10,[]
TX,79.403788576,290075.201023838,4640924.411549881,1.2,1624,7,1,81-16,"[['RX_GW', 79.51878248, 1624, 7, 1, 868.1, -81.725069901, '00:00:00:00:00:02']]"
TX,79.438795736,290247.474765415,4642130.053698271,1.2,1385,7,1,365-7,[]
TX,79.495967653,291125.262956873,4642472.192640274,1.2,1545,11,1,62-7,[]
TX,79.630936906,296274.074639449,4636383.858842296,1.2,909,12,1,259-11,[]
TX,79.841869046,283438.59799841,4640333.702551833,1.2,664,12,1,224-28,[]
TX,79.845982815,292174.166192544,4643169.974279718,1.2,480,12,1,2-5,[]
TX,80.024358035,291936.942344782,4643644.346927913,1.2,1581,12,1,74-29,[]
TX,80.103918016,292358.489188416,4641503.186256388,1.2,497,12,1,202-3,[]
TX,80.215764321,290742.861762307,4641056.407183988,1.2,991,7,1,28-19,[]
TX,80.314965756,271636.971077099,4630632.413200523,1.2,1404,12,1,37-12,[]
TX,80.507504228,293437.768205242,4640003.747552525,1.2,907,12,1,259-1,[]
TX,80.58035722,294381.641913927,4645421.286872113,1.2,1625,12,1,81-17,[]
TX,80.583124645,290060.142212296,4642389.565948715,1.2,1028,8,1,29-22,[]
TX,80.674115656,303278.896587249,4632978.994799774,1.2,1178,12,1,324-19,[]
TX,80.764048523,290348.993601933,4641825.715193424,1.2,1676,7,1,88-30,[]
TX,81.206007648,290355.540520188,4643236.60667945,1.2,924,12,1,260-11,[]
TX,81.41189493,290668.771946342,4643073.624776592,1.2,1392,12,1,369-12,[]
TX,81.531218662,295003.130433875,4642858.669185101,1.2,1153,9,1,318-1,[]
TX,81.591357703,292673.801672542,4641830.766020437,1.2,708,12,1,232-10,[]
TX,81.623470871,255589.907680279,4652261.466649564,1.2,1588,12,1,79-1,[]
TX,81.631607045,286450.088761705,4642311.998348967,1.2,1142,12,1,315-24,[]
TX,81.846962316,291103.683017432,4643145.586076659,1.2,1667,12,1,87-20,[]
TX,82.035825951,289198.670018537,4642519.159826297,1.2,1323,12,1,360-1,[]
TX,82.096001663,280728.420762295,4623586.185086971,1.2,285,12,1,170-26,[]
TX,82.274046357,292655.516389301,4629987.53788604,1.2,1191,12,1,328-6,[]
TX,82.582130277,294086.66039178,4641590.274283082,1.2,581,10,1,212-28,[]
TX,82.974816313,287039.198089998,4641720.746669591,1.2,70,12,1,115-19,[]
TX,83.05379452,285067.383750538,4642532.224767496,1.2,939,12,1,264-1,[]
TX,83.53798014,291768.548966549,4642794.767144024,1.2,917,12,1,259-26,[]
TX,83.854212249,290693.236197806,4641304.267852923,1.2,1307,7,1,357-11,[]
TX,84.212814321,290097.368020547,4640912.351924356,1.2,947,7,1,266-18,[]
TX,84.216123567,294847.617384765,4640470.182130983,1.2,1641,9,1,83-15,"[['RX_GW', 84.587890093, 1641, 9, 1, 868.1, -129.700795182, '00:00:00:00:00:04']]"
TX,84.371177537,290367.836113621,4641803.345743978,1.2,718,7,1,232-27,[]
TX,84.9298319,293363.080194538,4643244.661945351,1.2,936,12,1,262-19,[]
TX,85.205351915,289590.215870791,4652558.752493417,1.2,769,12,1,236-25,[]
TX,85.398049015,291259.346059452,4642253.601829589,1.2,126,12,1,129-7,[]
TX,85.431478701,290395.940857013,4641813.450087069,1.2,1394,7,1,369-14,[]
TX,85.596613586,290505.136433233,4640917.324936994,1.2,772,7,1,236-6,[]
TX,85.618201389,290481.188700487,4640625.510024947,1.2,805,7,1,241-6,[]
TX,85.885448885,291107.592638343,4642472.267433624,1.2,32,12,1,105-9,[]
TX,86.083812291,294970.285156053,4642711.533292387,1.2,586,8,1,212-8,"[['RX_GW', 86.29122594, 586, 8, 1, 868.1, -124.879322027, '00:00:00:00:00:04']]"
TX,86.08975974,291304.507038383,4641166.106775349,1.2,44,9,1,111-21,[]
TX,86.298494704,290671.876632843,4641305.728712957,1.2,413,7,1,193-8,"[['RX_GW', 86.413490935, 413, 7, 1, 868.1, -118.548076192, '00:00:00:00:00:02']]"
TX,86.585263514,289632.846328857,4641970.088265209,1.2,1752,7,1,96-12,"[['RX_GW', 86.700260698, 1752, 7, 1, 868.1, -123.239140916, '00:00:00:00:00:02']]"
TX,86.645517596,282994.908997739,4640410.654040196,1.2,670,12,1,224-8,[]
TX,86.755977534,290557.487343942,4635705.46266761,1.2,148,12,1,135-14,[]
TX,86.835551555,294417.244951743,4644308.519431272,1.2,1438,12,1,40-4,[]
TX,87.07384146,288625.65945725,4642678.565235049,1.2,987,12,1,279-23,[]
TX,87.11699136,291827.263357774,4641593.170118652,1.2,690,11,1,228-14,[]
TX,87.409608154,291666.021040725,4642233.539371081,1.2,1092,12,1,3-6,[]
TX,87.951061454,284764.730536804,4632664.677274172,1.2,1750,12,1,96-10,[]
TX,88.110880885,291288.442245814,4641412.784678569,1.2,1551,10,1,68-11,[]
TX,88.125086955,289675.421247829,4638812.573734866,1.2,96,12,1,12-9,[]
TX,88.453908334,291839.738505498,4642553.52692004,1.2,298,12,1,174-10,[]
TX,88.45534143,276136.718729764,4631974.81493746,1.2,953,12,1,266-3,[]
TX,88.509000909,289847.279770828,4638906.214651157,1.2,197,12,1,143-3,[]
TX,88.51295172,294163.246688844,4642912.69419063,1.2,1483,10,1,49-23,"[['RX_GW', 89.172463766, 1483, 10, 1, 868.1, -131.268912666, '00:00:00:00:00:04']]"
TX,88.555759917,291851.251235792,4644143.258196943,1.2,225,12,1,156-12,[]
TX,88.705327443,288330.589331103,4642503.894118719,1.2,476,12,1,2-29,[]
TX,89.028495577,292541.504357877,4641963.946353457,1.2,864,12,1,250-14,[]
TX,89.065873489,293867.986961307,4644252.919146407,1.2,1054,12,1,295-21,[]
TX,89.164483022,289553.745185611,4638135.878065512,1.2,1098,12,1,300-23,[]
TX,89.240730125,273684.165280315,4630706.95753322,1.2,1759,12,1,99-23,[]
TX,89.263786577,291489.304763409,4642057.448900038,1.2,697,11,1,228-27,[]
TX,89.2997974,290570.977927609,4641800.354745059,1.2,1524,7,1,59-26,[]
TX,89.447195898,290858.289466953,4642306.606587705,1.2,1758,10,1,99-1,[]
TX,89.466482449,291553.080787493,4642321.117467924,1.2,1298,12,1,352-7,[]
TX,89.514007912,273676.33414249,4630684.216474847,1.2,1302,12,1,356-20,[]
TX,89.530802383,282972.629846405,4632865.3288332,1.2,313,12,1,176-4,[]
TX,89.68587647,294389.099493162,4645739.866590591,1.2,1562,12,1,7-23,[]
TX,89.761965016,291114.267593445,4642472.829110002,1.2,1653,12,1,85-2,[]
TX,90.030764002,273685.971002354,4630639.246334037,1.2,1053,12,1,295-20,[]
TX,90.281566972,289580.640876702,4642517.567590014,1.2,1320,10,1,359-15,[]
TX,90.420772579,290411.638921961,4641807.238073306,1.2,1574,7,1,70-28,[]
TX,90.509756613,292169.049008182,4638919.160250095,1.2,643,12,1,223-2,[]
TX,90.540166788,291547.86776296,4641111.816848016,1.2,399,11,1,193-18,[]
TX,91.068456937,290098.617345904,4640895.167410169,1.2,47,7,1,111-6,[]
TX,91.219855699,290731.880852051,4642996.748002195,1.2,829,12,1,244-30,[]
TX,91.412473729,288277.157157096,4642149.872085955,1.2,1632,12,1,81-3,[]
TX,91.449655783,292234.067529132,4638852.620981958,1.2,1678,12,1,89-10,[]
TX,91.759886938,289968.205027987,4637904.251024217,1.2,1102,12,1,301-3,[]
TX,91.819002967,293368.704939294,4643249.898934919,1.2,1533,12,1,61-13,[]
TX,91.845788667,290582.993869598,4642345.908637411,1.2,420,11,1,195-27,[]
TX,92.508281893,288983.289180016,4642517.236111994,1.2,1550,11,1,68-10,[]
TX,92.663841362,290314.450355563,4636953.023333828,1.2,869,12,1,250-26,[]
TX,92.955779432,291122.271630108,4641136.787361341,1.2,1468,8,1,44-20,[]
TX,93.32460114,287562.5645004,4649605.200151218,1.2,1232,12,1,343-11,[]
TX,93.606616992,289418.647360495,4635406.992146094,1.2,794,12,1,241-17,[]
TX,93.718913405,289276.548731855,4644570.157782661,1.2,1586,12,1,78-29,[]
TX,93.775458565,289849.608699018,4639657.422115224,1.2,424,9,1,196-12,[]
TX,93.83928229,290336.792197344,4641838.817142047,1.2,1000,8,1,281-1,[]
TX,94.300323169,273237.798371865,4630007.99300526,1.2,604,12,1,22-2,[]
TX,94.521246748,294203.69275302,4639080.321455943,1.2,54,12,1,113-18,[]
TX,94.572628585,298783.219629006,4631162.978542684,1.2,620,12,1,220-21,[]
TX,94.737658627,292702.399152975,4641138.845494139,1.2,626,12,1,220-6,[]
TX,94.982368093,291838.759870753,4642560.410298495,1.2,311,12,1,174-9,[]
TX,95.222202294,295138.203446055,4642735.296195061,1.2,1384,8,1,365-6,"[['RX_GW', 95.429615708, 1384, 8, 1, 868.1, -126.614308097, '00:00:00:00:00:04']]"
TX,95.350482578,291126.184175637,4642467.278367926,1.2,494,11,1,200-7,[]
TX,95.433534181,290351.421599768,4641813.303008932,1.2,57,7,1,113-20,[]
TX,95.610829253,294212.447459143,4642770.314690189,1.2,488,12,1,200-21,[]
TX,95.73225789,290381.782807923,4641409.135071391,1.2,1196,7,1,329-16,[]
TX,96.087931605,291839.552152521,4641049.328521387,1.2,800,10,1,241-22,[]
TX,96.098125606,291019.257781527,4641759.80899177,1.2,95,8,1,12-15,[]
TX,96.118287647,291657.059007891,4642300.931188821,1.2,416,12,1,195-12,[]
TX,96.165693947,289378.691323132,4640514.639933023,1.2,248,7,1,157-11,[]
TX,96.210337223,291442.515159045,4642030.207898146,1.2,1623,11,1,80-9,[]
TX,96.269621379,291468.592872024,4642391.991581011,1.2,1034,11,1,290-14,[]
TX,96.821971712,295155.063065716,4642740.827130833,1.2,1559,8,1,7-13,[]
TX,96.825081189,291951.109844039,4639722.882596529,1.2,439,12,1,196-5,[]
TX,96.938883132,291636.802317944,4642833.742838924,1.2,1330,12,1,360-29,[]
TX,96.942390749,290084.118860506,4640914.504309371,1.2,739,7,1,234-29,[]
TX,97.472782799,287854.368060525,4643252.61758,1.2,1002,12,1,281-14,[]
TX,97.61125457,290691.162717245,4641308.299346266,1.2,675,7,1,225-20,"[['RX_GW', 97.726250861, 675, 7, 1, 868.1, -121.08089934, '00:00:00:00:00:02']]"
TX,97.635719601,290077.422359748,4644351.400670532,1.2,941,12,1,264-26,[]
TX,97.676435535,289934.596718197,4645867.355768844,1.2,1515,12,1,59-1,[]
TX,97.92940851,290951.99365424,4640729.523582882,1.2,1495,7,1,53-27,"[['RX_GW', 98.044405388, 1495, 7, 1, 868.1, -122.690383006, '00:00:00:00:00:02']]"
TX,98.068928368,294451.620500648,4641330.121609536,1.2,1751,10,1,96-11,[]
TX,98.210138927,290925.913192179,4638932.269859671,1.2,259,12,1,157-29,[]
TX,98.55586884,291715.773045696,4642171.195600323,1.2,165,12,1,135-4,[]
TX,98.556803143,292707.218421961,4641836.899002796,1.2,1126,12,1,311-10,[]
TX,98.737734145,291695.808846296,4642214.410589275,1.2,349,12,1,185-26,[]
TX,98.759401995,291663.189315216,4642125.803818592,1.2,1571,11,1,70-25,[]
TX,98.997727523,291580.010220418,4640950.818176498,1.2,375,10,1,191-21,[]
TX,99.19857309,290371.556708622,4641811.414157636,1.2,1612,7,1,80-1,[]
TX,99.297101668,290448.89337533,4642936.255587665,1.2,221,12,1,155-14,[]
TX,99.343454363,290097.730166396,4641507.681271173,1.2,540,7,1,208-7,[]
TX,99.630348762,290965.223347983,4640765.765345017,1.2,277,7,1,169-7,[]
TX,99.877286486,290087.831283582,4640908.626811497,1.2,467,7,1,2-19,[]
TX,100.002090167,290258.256016049,4644540.268781191,1.2,1212,12,1,341-12,[]
TX,100.282414969,290092.838557036,4640910.133573674,1.2,1026,7,1,29-20,[]
TX,100.640413824,289658.65600141,4644806.235118941,1.2,220,12,1,155-13,[]
TX,100.893295017,290679.097042963,4641310.521080631,1.2,931,7,1,260-26,"[['RX_GW', 101.008291277, 931, 7, 1, 868.1, -120.868109598, '00:00:00:00:00:02']]"
TX,100.955786998,292095.194811938,4640668.961976146,1.2,1118,12,1,309-11,[]
TX,101.145324748,291839.631401149,4642557.587650849,1.2,312,12,1,175-1,[]
TX,101.265491629,292958.898896559,4644346.065236373,1.2,757,12,1,235-3,[]
TX,101.338190184,292104.602857238,4642722.396638438,1.2,1446,12,1,41-20,[]
TX,101.360934968,290831.275254169,4636933.747293347,1.2,1044,12,1,291-9,[]
TX,101.616504726,291408.393123203,4641384.528966386,1.2,1534,11,1,61-14,[]
TX,101.632557818,289008.419692418,4636559.912148767,1.2,528,12,1,208-19,[]
TX,101.872186243,271812.171923216,4630664.445519161,1.2,565,12,1,21-7,[]
TX,102.046880131,290212.872454899,4640732.030400387,1.2,711,7,1,232-13,[]
TX,102.101208627,292407.602529829,4643448.925861311,1.2,275,12,1,169-5,[]
TX,102.186369466,292999.722894236,4644398.71538268,1.2,1386,12,1,366-1,[]
TX,102.202200507,291504.77858374,4643021.97449209,1.2,764,12,1,236-18,[]
TX,102.532341477,291132.896388718,4642466.130831814,1.2,881,11,1,253-22,[]
TX,102.665465803,299734.294301532,4630033.492097551,1.2,616,12,1,220-18,[]
TX,103.098147559,288685.045765883,4639368.080106835,1.2,22,10,1,105-12,[]
TX,103.142881429,291824.172689068,4642543.226339607,1.2,13,12,1,104-25,[]
TX,103.433569198,290675.825087993,4641285.087920888,1.2,394,7,1,193-11,[]
TX,103.553988653,290291.084607468,4641366.048606962,1.2,537,7,1,208-28,[]
TX,103.598125802,290958.689934791,4647399.726144677,1.2,1704,12,1,90-17,[]
TX,104.068751806,290522.392862997,4642081.125930721,1.2,1630,10,1,81-21,"[['RX_GW', 104.728261673, 1630, 10, 1, 868.1, -130.859069535, '00:00:00:00:00:02']]"
TX,104.145921408,289963.427184593,4644136.113899116,1.2,83,12,1,119-3,[]
TX,104.395227649,290358.931337525,4641814.180831374,1.2,922,7,1,260-1,[]
TX,104.515243866,290422.695221875,4641812.59036126,1.2,1725,7,1,94-1,[]
TX,104.521836373,291185.74521169,4641310.327787872,1.2,153,8,1,135-19,[]
TX,104.528616285,296803.084933543,4641703.954059651,1.2,1709,7,1,90-23,"[['RX_GW', 104.643613437, 1709, 7, 1, 868.1, -122.785667287, '00:00:00:00:00:04']]"
TX,104.532763302,291604.962431151,4642109.946399081,1.2,125,11,1,129-6,[]
TX,104.944754398,290987.588059203,4641333.025122491,1.2,517,7,1,205-22,"[['RX_GW', 105.05975162, 517, 7, 1, 868.1, -123.087308924, '00:00:00:00:00:02']]"
TX,105.020461637,292709.180837205,4642093.833475008,1.2,465,12,1,2-16,[]
TX,105.212000986,293314.967047405,4644292.564316646,1.2,1049,12,1,295-11,[]
TX,105.333909208,293323.908273886,4640161.383151664,1.2,1715,12,1,90-6,[]
TX,105.353291242,290079.594944028,4641516.936521171,1.2,1633,7,1,81-4,"[['RX_GW', 105.468286803, 1633, 7, 1, 868.1, -113.373736611, '00:00:00:00:00:02']]"
TX,105.72969564,288396.567645578,4642372.811079745,1.2,170,11,1,139-3,[]
TX,105.793701113,290721.308005516,4637650.789342426,1.2,294,12,1,172-14,[]
TX,105.802430307,291216.919133257,4641302.971018786,1.2,641,8,1,222-7,[]
TX,106.291603857,289843.709922101,4643074.633107929,1.2,1012,12,1,288-13,[]
TX,106.2978928,291226.180372372,4642255.874458876,1.2,1075,11,1,298-10,[]
TX,106.414476836,291115.269726918,4641437.615796284,1.2,1060,7,1,297-1,[]
TX,106.537104714,285823.843503389,4641082.583330716,1.2,142,12,1,132-7,[]
TX,106.830588407,292682.946608364,4641799.747019607,1.2,848,12,1,248-13,[]
TX,106.882509689,290647.625309275,4641180.350391831,1.2,977,7,1,273-23,[]
TX,107.101713092,291927.947937057,4644148.718308345,1.2,742,12,1,235-11,[]
TX,107.331957976,290147.866868958,4643619.363477873,1.2,1403,12,1,37-11,[]
TX,107.537674407,292696.022400696,4641801.046929334,1.2,1723,12,1,92-29,[]
TX,107.626850736,290738.045574188,4642898.499978648,1.2,1073,12,1,297-9,[]
TX,107.705895789,290478.988386592,4640629.239231187,1.2,1238,7,1,343-19,[]
TX,108.08261353,297578.502550436,4643635.52124068,1.2,179,12,1,14-13,[]
TX,108.479377292,291193.855447239,4641317.734642154,1.2,398,8,1,193-17,[]
TX,108.840839131,273715.148761909,4630639.711096265,1.2,651,12,1,224-11,[]
TX,108.961677961,293929.567331783,4641560.430747839,1.2,479,12,1,2-4,[]
TX,109.02341578,290118.012758825,4640874.858797467,1.2,1368,7,1,365-16,[]
TX,109.297749757,292701.156586408,4641817.678333976,1.2,1176,12,1,322-29,[]
TX,109.665252084,284952.613044451,4642826.85541626,1.2,1177,12,1,324-17,[]
TX,109.924934912,288985.759280392,4642505.293026551,1.2,431,11,1,196-23,[]
TX,109.94210594,291842.158476466,4641929.922692778,1.2,307,12,1,174-26,[]
TX,109.94481085,291059.255080286,4641100.337930126,1.2,849,7,1,248-14,[]
TX,109.971799741,291829.428144109,4642544.01508602,1.2,1045,12,1,294-4,[]
TX,110.552037017,273725.195664533,4630669.342732311,1.2,960,12,1,267-16,[]
TX,110.839400313,293843.559075034,4640193.690909953,1.2,1279,12,1,352-11,[]
TX,110.899201423,296908.236392924,4637358.839326217,1.2,1523,12,1,59-25,[]
TX,111.027252952,291621.367484816,4641418.197852504,1.2,926,10,1,260-13,[]
TX,111.230040536,287375.944276993,4644076.057718699,1.2,144,12,1,135-10,[]
TX,111.381953458,290300.855620088,4642186.873642252,1.2,152,10,1,135-18,[]
TX,111.578275102,301571.452633873,4635097.347924621,1.2,1095,12,1,300-19,[]
TX,111.643442446,293380.968182488,4640046.156741054,1.2,562,12,1,21-4,[]
TX,111.766692401,290993.414259426,4642251.675424534,1.2,1239,10,1,343-20,[]
TX,111.978525107,292144.585976884,4640649.566065867,1.2,529,12,1,208-20,[]
TX,112.743167334,292550.278705867,4641734.043511296,1.2,1247,12,1,343-6,[]
TX,113.04732105,290872.617560422,4641278.907446168,1.2,1380,8,1,365-29,[]
TX,113.075552978,291820.542976773,4642767.188747134,1.2,228,12,1,156-17,[]
TX,113.130715892,292521.635397541,4641202.370678439,1.2,1549,12,1,66-28,[]
TX,113.479605923,290260.274706308,4641268.577750162,1.2,1597,7,1,79-25,[]
TX,113.730531757,291456.34141045,4638078.340726745,1.2,1150,12,1,316-28,[]
TX,113.78421303,292813.759783297,4641114.420800096,1.2,533,12,1,208-24,[]
TX,113.898204963,290089.980461885,4640919.136865634,1.2,1010,7,1,288-11,[]
TX,114.387980683,271650.530102138,4630647.698631669,1.2,1262,12,1,347-21,[]
TX,114.812680213,290832.174022351,4643154.179652552,1.2,11,12,1,104-23,[]
TX,114.897172874,292653.424941323,4641665.206810144,1.2,505,12,1,203-2,[]
TX,114.910822175,291042.858195641,4641918.08309659,1.2,812,9,1,242-22,[]
TX,115.519753291,290796.002727429,4640932.298899934,1.2,687,7,1,228-11,"[['RX_GW', 115.634749596, 687, 7, 1, 868.1, -122.834950824, '00:00:00:00:00:02']]"
TX,115.755208925,290030.823037409,4640977.750610529,1.2,1366,7,1,365-14,"[['RX_GW', 115.870202764, 1366, 7, 1, 868.1, -81.421745346, '00:00:00:00:00:02']]"
TX,115.81722167,290621.97291711,4639817.177685023,1.2,1213,9,1,341-14,[]
TX,115.87612431,291442.858833137,4642081.125899902,1.2,1283,12,1,352-16,[]
TX,115.978981583,290043.724991717,4640964.13633639,1.2,1561,7,1,7-15,[]
TX,116.036737299,294742.882447222,4642971.053734084,1.2,1091,10,1,3-5,[]
TX,116.440636855,294196.464953429,4652164.987663904,1.2,747,12,1,235-16,[]
TX,116.578663338,297587.347345537,4643640.084909319,1.2,181,12,1,14-24,[]
TX,116.923341183,291182.189900858,4641385.210340792,1.2,1617,8,1,80-15,[]
TX,117.068746395,291070.850595351,4641080.791401775,1.2,175,7,1,139-8,[]
TX,117.156595729,290058.465572448,4640945.867257326,1.2,267,7,1,169-16,[]
TX,117.360024878,291773.80458196,4642395.617194104,1.2,1156,12,1,321-13,[]
TX,117.419844009,289171.102114124,4641982.009501487,1.2,1598,9,1,79-26,[]
TX,117.443038413,299599.520230656,4645419.014342049,1.2,1166,12,1,321-9,[]
TX,117.711002422,292652.86829445,4641811.011806848,1.2,1332,12,1,361-1,[]
TX,117.747924987,291187.042848927,4641321.672552263,1.2,1645,8,1,83-27,[]
TX,117.858572959,290660.160146527,4641269.30890652,1.2,821,7,1,243-14,[]
TX,117.93870717,291850.974641014,4642549.699404379,1.2,1391,12,1,369-11,[]
TX,118.079900615,292071.932959324,4640506.965690744,1.2,734,11,1,234-23,[]
TX,118.085468295,290976.269022802,4639189.150512153,1.2,1230,11,1,342-30,[]
TX,118.374381824,290080.749273653,4641528.34283474,1.2,1503,7,1,58-12,[]
TX,118.601287288,290536.988140045,4639823.773204296,1.2,669,8,1,224-7,"[['RX_GW', 118.808700898, 669, 8, 1, 868.1, -126.75515194, '00:00:00:00:00:02']]"
TX,118.797816245,290601.700350706,4641346.152988672,1.2,952,7,1,266-22,[]
TX,119.002366613,290399.573502265,4641789.091557434,1.2,1003,7,1,281-15,"[['RX_GW', 119.117363395, 1003, 7, 1, 868.1, -122.430073175, '00:00:00:00:00:02']]"
TX,119.543556371,300099.077371486,4641932.142718513,1.2,1485,12,1,53-10,[]
TX,119.638742037,290528.249007682,4643254.939833768,1.2,1492,12,1,53-24,[]
TX,119.832528574,290471.359710585,4640625.50508883,1.2,672,7,1,225-18,[]
TX,120.023812205,290991.339798949,4642047.438440759,1.2,1079,10,1,298-15,[]
TX,120.830357035,289663.991897836,4642192.730392887,1.2,937,7,1,262-20,[]
TX,120.838970978,299763.668063112,4630298.78602514,1.2,911,12,1,259-13,[]
TX,121.142125152,292483.981835701,4641939.131248425,1.2,455,12,1,198-8,[]
TX,121.268612757,292705.336777305,4641795.393249454,1.2,1345,12,1,361-9,[]
TX,121.372949715,289929.838919332,4634191.018281916,1.2,1388,12,1,368-1,[]
TX,121.488109386,292691.920328581,4641795.451006508,1.2,802,12,1,241-30,[]
TX,121.60710322,292850.431470659,4641924.955624664,1.2,1432,12,1,40-18,[]
TX,122.045035959,291413.277468486,4641343.451344071,1.2,972,10,1,273-11,[]
TX,122.048109114,291731.170719294,4642164.720208604,1.2,1647,11,1,83-29,[]
TX,123.309287346,287530.121414511,4640942.521536244,1.2,970,12,1,273-1,[]
TX,123.353959959,292283.351597782,4642287.390877823,1.2,1195,12,1,329-15,[]
TX,123.440003622,290961.312960141,4642624.336102501,1.2,1083,12,1,298-26,[]
TX,123.441871669,289495.00365857,4635474.436384392,1.2,382,12,1,191-3,[]
TX,123.563177581,290007.89500875,4637576.053205636,1.2,1297,12,1,352-5,[]
TX,124.068758219,290035.933938497,4645851.49290313,1.2,1665,12,1,87-19,[]
TX,124.171443243,290763.691578397,4640955.734458144,1.2,886,7,1,257-12,[]
TX,124.188167236,289516.695223009,4637542.686451895,1.2,1100,12,1,300-8,[]
TX,124.711083467,289918.439296477,4642869.25787805,1.2,196,12,1,143-22,[]
TX,124.834724367,291636.001065727,4644642.808066298,1.2,239,12,1,156-28,[]
TX,125.205863463,288464.813693324,4641424.667903187,1.2,1668,9,1,87-21,[]
TX,125.286443172,289757.441546805,4642742.782689915,1.2,1460,11,1,42-5,[]
TX,125.392280421,292021.508208804,4641756.863102,1.2,684,12,1,225-8,[]
TX,126.157489405,299929.604890464,4642837.335901533,1.2,20,12,1,105-10,[]
TX,126.1757732,284156.221920234,4640290.603113716,1.2,1620,12,1,80-25,[]
TX,126.347864787,288090.832884133,4641963.615484411,1.2,717,12,1,232-26,[]
TX,126.693898335,291292.953824846,4642390.839368315,1.2,1138,11,1,315-13,[]
TX,126.776125507,290906.023882225,4641182.570188376,1.2,374,7,1,191-20,[]
TX,126.891467136,292692.374826823,4641811.632526404,1.2,611,12,1,22-6,[]
TX,127.190453688,291628.394767986,4644622.097273479,1.2,438,12,1,196-4,[]
TX,127.224797001,293841.310142789,4640167.140076892,1.2,1379,12,1,365-28,[]
TX,127.281547518,295161.449627948,4642746.441313246,1.2,963,8,1,267-19,[]
TX,127.424486215,291997.521250188,4643716.745820077,1.2,1081,12,1,298-24,[]
TX,127.629267714,292953.161098119,4642255.834029761,1.2,1261,12,1,347-20,[]
TX,128.163376091,291979.633729902,4641715.472208574,1.2,1200,12,1,331-30,[]
TX,128.199264818,299804.165453261,4630159.640306999,1.2,918,12,1,259-27,[]
TX,128.351128496,291698.84381499,4642122.948420944,1.2,243,11,1,156-6,[]
TX,128.567120302,293487.487173569,4639945.656750153,1.2,1546,12,1,62-8,[]
TX,128.708685904,294425.921092963,4644538.11216545,1.2,499,12,1,202-5,[]
TX,129.024537824,290976.047856273,4640752.240981955,1.2,271,7,1,169-21,"[['RX_GW', 129.139534768, 271, 7, 1, 868.1, -123.652053113, '00:00:00:00:00:02']]"
TX,129.045823668,291061.116468669,4644048.440548792,1.2,1103,12,1,301-30,[]
TX,129.356275686,289417.803474059,4645293.373565476,1.2,36,12,1,106-6,[]
TX,129.442511015,290651.308381342,4635656.938232457,1.2,441,12,1,196-8,[]
TX,129.452946695,271464.092333501,4630554.570359223,1.2,1193,12,1,328-9,[]
TX,129.593559693,289143.298412482,4641093.896457989,1.2,685,7,1,228-1,[]
TX,129.663846215,290081.294674379,4640914.64681733,1.2,92,7,1,12-12,[]
TX,129.678602696,290362.06165005,4641443.905951014,1.2,542,7,1,208-9,[]
TX,129.705584114,293951.456520399,4629959.453654788,1.2,729,12,1,234-11,[]
TX,129.794363839,290633.524252976,4641340.939681163,1.2,1146,7,1,315-28,[]
TX,129.862696819,293825.815486754,4639967.679704126,1.2,579,12,1,212-25,[]
TX,129.864529103,290487.345043369,4640626.710501007,1.2,1651,7,1,85-18,[]
TX,129.925620817,287859.46984714,4638159.491143196,1.2,29,12,1,105-26,[]
TX,129.976372405,290258.713842419,4641990.245145316,1.2,1413,8,1,37-25,"[['RX_GW', 130.183785653, 1413, 8, 1, 868.1, -124.038067971, '00:00:00:00:00:02']]"
TX,130.187283102,292328.795126476,4642048.084768204,1.2,1425,12,1,39-9,[]
TX,130.493753855,290373.824627576,4641802.93294698,1.2,97,7,1,121-10,[]
TX,130.511458601,290082.84539779,4640925.116959774,1.2,91,7,1,12-11,[]
TX,130.674562342,295986.184534726,4641247.25756765,1.2,587,7,1,212-9,[]
TX,130.795076304,272829.293803131,4629740.231325364,1.2,104,12,1,122-1,[]
TX,130.852450574,289990.143920393,4646324.914819428,1.2,105,12,1,122-13,[]
TX,130.868285456,290651.702100801,4642003.762636285,1.2,1689,8,1,89-24,"[['RX_GW', 131.075699289, 1689, 8, 1, 868.1, -126.431206366, '00:00:00:00:00:02']]"
TX,131.038213953,291619.550763477,4642101.80202176,1.2,1527,11,1,59-29,[]
TX,131.379156891,294186.877903969,4642999.630664358,1.2,879,12,1,253-20,[]
TX,131.52417479,282195.303312093,4632812.457931017,1.2,862,12,1,250-12,[]
TX,132.145686025,290475.584497641,4637358.905053568,1.2,1663,12,1,87-17,[]
TX,132.165756004,287986.235749007,4642187.646500072,1.2,1181,12,1,324-5,[]
TX,132.209628913,293323.244690628,4640236.568666012,1.2,1547,12,1,66-1,[]
TX,132.230541273,298076.540909424,4639317.051260442,1.2,215,12,1,154-4,[]
TX,132.432138767,294978.356927267,4642587.648147691,1.2,625,8,1,220-5,[]
TX,132.476684603,292310.923656425,4642050.732070397,1.2,1396,12,1,369-24,[]
TX,132.478966367,290068.664363156,4641533.881080779,1.2,1349,7,1,362-12,[]
TX,132.53440281,286900.540102678,4641850.533987235,1.2,469,12,1,2-20,[]
TX,132.540263577,290142.201889846,4643509.350249103,1.2,1352,12,1,362-15,[]
TX,132.623763332,292844.987156824,4643149.426193389,1.2,880,12,1,253-21,[]
TX,132.656426283,290526.986250573,4642822.78992951,1.2,840,12,1,246-5,[]
TX,133.033777696,290388.087984716,4641799.529292596,1.2,1734,7,1,94-2,[]
TX,133.138805044,290422.55848719,4640692.667905292,1.2,1107,7,1,301-7,[]
TX,133.314849606,292267.561894304,4641733.141565235,1.2,1236,12,1,343-15,[]
TX,133.826543166,271641.521595394,4630611.372927233,1.2,1481,12,1,48-22,[]
TX,133.853466888,290690.890278396,4641305.585612685,1.2,1530,7,1,61-10,[]
TX,133.937760549,287560.923548107,4634293.32984513,1.2,1017,12,1,288-26,[]
TX,134.129535779,287968.212739512,4634542.212018336,1.2,367,12,1,191-10,[]
TX,134.139136621,290360.963941585,4640367.409488195,1.2,232,7,1,156-21,[]
TX,134.147269721,289364.085709122,4640511.111937642,1.2,498,7,1,202-4,[]
TX,134.277032485,290651.860426089,4642291.948599805,1.2,315,10,1,176-6,[]
TX,134.852778806,291098.734252121,4642463.665062274,1.2,878,12,1,253-19,[]
TX,135.379168428,290851.026236581,4644705.427147148,1.2,500,12,1,202-6,[]
TX,135.5867506,290404.727661437,4643002.498735259,1.2,1333,12,1,361-10,[]
TX,135.678403014,289104.488317299,4632933.709462441,1.2,189,12,1,143-16,[]
TX,135.701672296,290528.798521628,4646811.629615364,1.2,453,12,1,198-6,[]
TX,135.807089192,290870.336456941,4642270.094307694,1.2,458,10,1,199-8,[]
TX,135.951933725,291945.383403741,4644193.244412268,1.2,1015,12,1,288-23,[]
TX,136.716408733,290874.004938069,4642270.216385786,1.2,1650,10,1,85-17,[]
TX,136.733264043,291625.659449745,4644625.840698076,1.2,752,12,1,235-24,[]
TX,136.924510165,281912.872072332,4632787.187881094,1.2,506,12,1,203-20,[]
TX,137.116033099,291748.907963975,4639618.774428281,1.2,1033,12,1,290-13,[]
TX,137.179322129,293080.167868045,4644120.00431165,1.2,1431,12,1,40-17,[]
TX,137.236515559,290479.30810742,4639963.895261764,1.2,783,8,1,238-30,[]
TX,137.321177186,292085.242990338,4642817.140654521,1.2,62,12,1,113-4,[]
TX,137.422326645,291828.752271462,4642547.322460066,1.2,1674,12,1,87-7,[]
TX,137.619904108,290343.814319545,4641916.731917717,1.2,1500,8,1,58-1,"[['RX_GW', 137.827317213, 1500, 8, 1, 868.1, -125.530629824, '00:00:00:00:00:02']]"
TX,137.963515216,290421.621518487,4641812.905239539,1.2,927,7,1,260-14,"[['RX_GW', 138.078512103, 927, 7, 1, 868.1, -123.011933825, '00:00:00:00:00:02']]"
TX,138.249333239,291857.872393793,4642547.683796329,1.2,1353,12,1,362-23,[]
TX,138.260275884,291110.266191786,4641451.710156835,1.2,1315,9,1,357-26,[]
TX,138.560017505,294367.006755304,4643363.578349628,1.2,1693,12,1,89-28,[]
TX,138.619344339,289330.137566555,4634545.675804112,1.2,84,12,1,119-30,[]
TX,138.778268305,291230.846095302,4642288.223576021,1.2,1658,10,1,85-4,[]
TX,138.826226693,291506.182110595,4640999.139978609,1.2,1506,11,1,58-15,[]
TX,138.918698508,289186.52823191,4642514.957830625,1.2,1288,12,1,352-20,[]
TX,139.602978187,289661.750316523,4643509.567399702,1.2,231,12,1,156-20,[]
TX,139.843338981,290054.130094113,4641535.893635166,1.2,359,7,1,188-23,[]
TX,140.038923436,292523.140416466,4642910.372003895,1.2,1187,12,1,325-8,[]
TX,140.192287405,290487.835884876,4640629.77703744,1.2,1643,7,1,83-24,[]
TX,140.218453683,287724.758571247,4641676.490354499,1.2,1450,12,1,42-17,[]
TX,140.394427138,289171.936567324,4642108.95167661,1.2,176,10,1,14-1,[]
TX,140.483008981,290367.810399298,4641441.540170715,1.2,464,7,1,2-15,[]
TX,140.586112682,291420.511593544,4641312.462444998,1.2,1250,10,1,344-11,[]
TX,140.726177923,294061.972473702,4641646.404062342,1.2,788,11,1,240-18,[]
TX,141.152186635,288831.438940691,4643195.97218894,1.2,1304,12,1,356-22,[]
TX,141.162907858,290870.469901519,4641310.801202756,1.2,559,8,1,21-22,[]
TX,141.384222802,290255.43471884,4640265.082543283,1.2,801,7,1,241-3,[]
TX,141.803573839,290133.310773672,4640861.835575185,1.2,1640,7,1,83-14,[]
TX,141.909399003,293159.690654885,4640600.357754916,1.2,1443,12,1,41-17,[]
TX,142.152933605,290262.731156365,4636442.30851946,1.2,874,12,1,252-16,[]
TX,142.213994725,290452.279530232,4641586.19911401,1.2,99,7,1,121-12,[]
TX,142.388988336,291846.644617281,4642565.248977762,1.2,774,12,1,236-8,[]
TX,142.444120586,290120.248886993,4640876.795378911,1.2,558,7,1,21-21,[]
TX,142.908154922,295149.950155066,4642699.952546245,1.2,1606,8,1,8-24,"[['RX_GW', 143.115568214, 1606, 8, 1, 868.1, -125.825931059, '00:00:00:00:00:04']]"
TX,142.934824603,285803.331559664,4641352.607560656,1.2,128,12,1,132-1,[]
TX,142.946674728,290062.723887976,4642525.137256132,1.2,293,10,1,172-13,[]
TX,143.183338614,291391.667710032,4644239.06379054,1.2,462,12,1,2-13,[]
TX,143.624421831,291190.318332477,4647913.554411377,1.2,771,12,1,236-4,[]
TX,143.766563968,292689.883728007,4640974.014778033,1.2,1011,12,1,288-12,[]
TX,144.01194217,291851.98063565,4642558.497671656,1.2,1047,12,1,294-6,[]
TX,144.237776636,289190.570598773,4642519.325568634,1.2,425,12,1,196-13,[]
TX,144.300714743,291835.790547416,4642554.698477261,1.2,1636,12,1,81-7,[]
TX,144.362073351,292057.741302478,4641769.485745237,1.2,974,12,1,273-13,[]
TX,144.414313076,292518.893274235,4643818.951713353,1.2,1482,12,1,49-22,[]
TX,144.416342405,291700.832449941,4642657.395991062,1.2,1087,12,1,298-9,[]
TX,144.428175697,291638.337756317,4642764.927860206,1.2,1029,12,1,29-30,[]
TX,144.636186534,290181.798504251,4641469.167190506,1.2,475,7,1,2-28,[]
TX,145.047875603,289656.921259643,4641747.662942225,1.2,1564,7,1,7-26,[]
TX,145.408801907,292716.647251144,4641837.507969617,1.2,1135,12,1,315-10,[]
TX,145.456491656,290355.481545152,4641801.878037686,1.2,17,7,1,104-29,[]
TX,145.563685097,290741.016901823,4642997.40059272,1.2,1202,12,1,336-16,[]
TX,145.914827345,297565.459652034,4643624.409449359,1.2,185,12,1,14-29,[]
TX,146.268992178,297791.219578191,4632906.264334421,1.2,979,12,1,273-25,[]
TX,146.366060279,291183.865908081,4641317.718823439,1.2,1604,8,1,8-2,[]
TX,146.444033496,290508.921257746,4640666.161912814,1.2,162,7,1,135-29,[]
TX,146.497293787,291580.445131519,4641395.850303609,1.2,1365,10,1,365-13,[]
TX,146.722134579,291624.56231996,4644627.507967849,1.2,1152,12,1,317-29,[]
TX,146.784810682,290683.314514644,4641291.032706566,1.2,1128,7,1,311-12,"[['RX_GW', 146.899806923, 1128, 7, 1, 868.1, -120.743936192, '00:00:00:00:00:02']]"
TX,146.818292475,291711.110724964,4641302.199043931,1.2,1112,11,1,308-4,[]
TX,146.900267981,290480.149944124,4640629.718305956,1.2,1314,7,1,357-25,"[['RX_GW', 147.015263462, 1314, 7, 1, 868.1, -111.87839571, '00:00:00:00:00:02']]"
TX,146.909461742,295604.440777138,4645556.29245693,1.2,1698,12,1,89-7,[]
TX,147.411645055,288291.957344982,4642175.463773649,1.2,1487,12,1,53-12,[]
TX,147.459756972,292833.962021459,4641924.46731739,1.2,336,12,1,183-9,[]
TX,147.491043963,291123.593975973,4642472.988768361,1.2,1490,11,1,53-15,[]
TX,147.499392479,290594.50245298,4641756.963201995,1.2,1233,7,1,343-12,[]
TX,147.499800119,293365.12420757,4639047.813121455,1.2,319,12,1,178-10,[]
TX,147.950236842,290070.349162192,4641550.402234402,1.2,448,7,1,197-29,[]
TX,148.272786531,290539.056063105,4642122.06153664,1.2,694,10,1,228-24,[]
TX,148.355596386,291682.69003032,4642137.076779709,1.2,1648,11,1,83-9,[]
TX,148.38679914,283956.866854706,4643133.624880831,1.2,1747,12,1,94-6,[]
TX,148.500398171,290325.740132095,4643399.416362981,1.2,1401,12,1,369-29,[]
TX,148.575576162,291251.385216644,4644887.38242621,1.2,1340,12,1,361-24,[]
TX,148.576047365,291610.910203104,4644629.721719862,1.2,327,12,1,178-25,[]
TX,149.045411823,290137.715534142,4641381.968137686,1.2,159,7,1,135-26,[]
TX,149.277136812,292675.392426633,4643694.406427569,1.2,1061,12,1,297-10,[]
TX,149.324836409,290360.986861809,4641811.341995693,1.2,1745,7,1,94-4,[]
TX,149.423389923,292117.388823594,4638969.636310853,1.2,1062,12,1,297-11,[]
TX,149.572129736,273693.124811048,4630625.224247701,1.2,860,12,1,250-1,[]
TX,149.636057467,290671.722796335,4641296.042354263,1.2,835,7,1,245-8,[]
TX,149.644118483,291521.47902959,4641308.332836299,1.2,155,10,1,135-20,[]
TX,149.720168053,292308.002370622,4641566.067602533,1.2,1526,12,1,59-28,[]
TX,149.888894445,287167.687280117,4641756.611100281,1.2,472,12,1,2-25,[]
TX,150.33383676,286915.126337205,4641603.662135091,1.2,1164,12,1,321-28,[]
TX,150.42309188,290852.341764237,4642273.610071292,1.2,1214,10,1,341-15,"[['RX_GW', 151.082602852, 1214, 10, 1, 868.1, -130.786566655, '00:00:00:00:00:02']]"
TX,150.684909229,290275.480860788,4641284.620431126,1.2,1412,7,1,37-23,[]
TX,151.357987123,271840.102579655,4630230.741883639,1.2,1514,12,1,58-9,[]
TX,151.428349711,293265.787451001,4639499.737551895,1.2,1069,12,1,297-26,[]
TX,151.577413973,273688.691440974,4630646.725486424,1.2,1157,12,1,321-14,[]
TX,151.763137329,287986.186013847,4641826.152575601,1.2,698,12,1,228-28,[]
TX,152.150479133,292224.187189332,4638403.278054713,1.2,1378,12,1,365-27,[]
TX,152.683404543,297409.44737901,4640802.655404368,1.2,317,12,1,176-8,[]
TX,152.895789966,291843.939763166,4642518.717584874,1.2,1346,12,1,362-1,[]
TX,153.06276454,291199.534466191,4643538.036447058,1.2,1334,12,1,361-11,[]
TX,153.086915808,292242.925052804,4640626.263355086,1.2,166,12,1,135-5,[]
TX,153.142321238,292295.748193778,4642046.03177193,1.2,1305,12,1,357-1,[]
TX,153.948246436,293440.510989605,4640914.97135321,1.2,263,12,1,167-26,[]
TX,153.968669154,289332.515799254,4634682.375724665,1.2,1702,12,1,90-13,[]
TX,154.245493533,286582.079050394,4641758.849902261,1.2,316,12,1,176-7,[]
TX,154.301780461,286584.358836281,4642009.74813073,1.2,460,12,1,2-11,[]
TX,154.46919725,292708.88689257,4641824.201310669,1.2,1257,12,1,347-16,[]
TX,154.787140245,292414.786565998,4641761.49462612,1.2,1220,12,1,341-28,[]
TX,155.213122066,290878.46903904,4642315.870565392,1.2,1008,10,1,288-1,[]
TX,155.246692009,294168.251739776,4644281.826827752,1.2,808,12,1,242-17,[]
TX,156.304580231,290744.018199907,4642882.863420449,1.2,1076,12,1,298-11,[]
TX,156.366181775,274083.624311902,4630521.262680058,1.2,112,12,1,127-10,[]
TX,156.537134749,289813.678849715,4642394.305397243,1.2,55,10,1,113-19,[]
TX,156.59075211,291418.096636603,4638514.352248779,1.2,957,12,1,266-6,[]
TX,156.671093704,288060.322596332,4641351.859724252,1.2,513,12,1,203-7,[]
TX,156.91917472,292241.910486104,4639455.463964885,1.2,1611,12,1,8-29,[]
TX,156.997247262,289092.6504821,4642521.960488645,1.2,928,12,1,260-15,[]
TX,157.037330713,287994.147152805,4643241.490813782,1.2,1673,12,1,87-6,[]
TX,157.900844896,271822.355758991,4630648.836027849,1.2,822,12,1,243-15,[]
TX,157.905575363,291704.443433023,4642822.342482106,1.2,786,12,1,238-7,[]
TX,157.908162159,289601.432494125,4641762.02039609,1.2,435,7,1,196-27,[]
TX,157.978604235,291222.084801688,4642288.14606331,1.2,976,12,1,273-15,[]
TX,158.162253209,290709.489889895,4641291.742547657,1.2,1572,7,1,70-26,[]
TX,158.173995558,293842.440927303,4640803.339729159,1.2,16,12,1,104-28,[]
TX,158.184419363,292242.700119174,4641920.694803614,1.2,252,12,1,157-15,[]
TX,158.481644528,293118.397266733,4643531.125708424,1.2,396,12,1,193-13,[]
TX,158.527777058,291574.548003165,4640956.964761265,1.2,1276,11,1,351-28,[]
TX,158.642977242,290676.53269399,4641311.591542525,1.2,856,7,1,248-29,[]
TX,158.740738667,299773.15425154,4630302.815124645,1.2,916,12,1,259-25,[]
TX,158.908866591,290099.958582224,4640893.370058425,1.2,90,7,1,12-10,[]
TX,158.944112775,293050.85213497,4640909.394202284,1.2,1124,12,1,310-15,[]
TX,159.178511451,290060.005279816,4642394.671336762,1.2,78,8,1,115-6,[]
TX,159.574505614,290633.91088538,4641110.144168293,1.2,647,7,1,223-5,[]
TX,159.607307007,290134.894782297,4640086.182929595,1.2,890,7,1,257-19,[]
TX,159.877065721,293722.358849628,4640231.475073644,1.2,1169,12,1,322-14,[]
TX,160.138797156,293919.030760389,4640886.486762889,1.2,236,12,1,156-25,[]
TX,160.143635959,292075.946391678,4640521.35572401,1.2,598,12,1,214-27,[]
TX,160.48055265,290560.057088986,4641026.857002548,1.2,1162,7,1,321-26,[]
TX,160.505331793,290070.054293287,4640931.864986596,1.2,730,7,1,234-12,[]
TX,160.563286579,282997.509443633,4643240.136740162,1.2,1580,12,1,74-26,[]
TX,160.991218589,291659.755416744,4642788.088622394,1.2,678,12,1,225-3,[]
TX,161.133208804,292956.64568752,4640297.824301332,1.2,998,12,1,280-2,[]
TX,161.255656541,291452.128820783,4642050.436549105,1.2,1590,12,1,79-11,[]
TX,161.347872638,289843.228872001,4642399.862778144,1.2,1063,10,1,297-12,[]
TX,161.405733686,290065.16021733,4641538.428879839,1.2,442,7,1,197-1,[]
TX,161.820996938,289203.682307712,4642069.505789145,1.2,1237,10,1,343-18,[]
TX,161.930613168,286635.995510391,4645421.413580479,1.2,1479,12,1,48-20,[]
TX,161.989073034,290761.073123179,4642848.209475044,1.2,343,12,1,184-8,[]
TX,162.088216076,292495.49450861,4642929.77462705,1.2,1436,12,1,40-21,[]
TX,162.234261316,291677.438623635,4642108.557013733,1.2,1669,11,1,87-22,[]
TX,162.271829986,294391.385941275,4604815.911818226,1.2,1186,12,1,325-6,[]
TX,162.313840715,292720.190387169,4641954.350325194,1.2,815,12,1,242-5,[]
TX,162.459419223,289628.983636028,4638794.026905043,1.2,903,12,1,257-6,[]
TX,162.913804032,293124.133343858,4644553.088140188,1.2,778,12,1,238-19,[]
TX,162.931400092,291218.989805553,4641289.099833976,1.2,995,8,1,280-1,[]
TX,163.40162167,291500.803988034,4642435.833155047,1.2,1397,11,1,369-25,[]
TX,163.919190246,292167.674761594,4642923.482382219,1.2,777,12,1,238-18,[]
TX,163.961817744,291010.221122702,4641834.100681541,1.2,546,8,1,209-21,"[['RX_GW', 164.169231931, 546, 8, 1, 868.1, -126.343647114, '00:00:00:00:00:02']]"
TX,164.039915083,292321.506162059,4642044.374450392,1.2,1160,12,1,321-24,[]
TX,164.376800202,292759.013168891,4642102.02509373,1.2,1039,12,1,290-26,[]
TX,164.756522786,290086.286299666,4640905.09527986,1.2,1657,7,1,85-30,[]
TX,165.051083413,273677.048212668,4630682.917347594,1.2,873,12,1,252-15,[]
TX,165.264585026,291096.830058307,4642453.459322586,1.2,490,12,1,200-3,[]
TX,165.306926421,291261.642649963,4641399.738581229,1.2,93,10,1,12-13,[]
TX,166.315343462,273716.573269557,4630634.401836888,1.2,661,12,1,224-25,[]
TX,166.400531542,291383.8309672,4636408.059953004,1.2,1019,12,1,288-28,[]
TX,166.448068879,291811.939722553,4642550.438880239,1.2,1445,12,1,41-19,[]
TX,167.225717236,274989.686024522,4631162.703220159,1.2,958,12,1,266-7,[]
TX,167.367712201,288477.742208349,4642835.979462121,1.2,1429,12,1,4-9,[]
TX,167.407629131,292728.439510096,4641847.567731664,1.2,1363,12,1,365-11,"[['RX_GW', 170.039368587, 1363, 12, 1, 868.1, -140.846217242, '00:00:00:00:00:04']]"
TX,168.095258288,290073.849574226,4640925.304111531,1.2,790,7,1,240-22,[]
TX,168.305362087,290009.59533,4637602.116576307,1.2,412,12,1,193-7,[]
TX,168.349086008,288789.292483367,4642807.076610619,1.2,1475,12,1,48-16,[]
TX,168.379788292,290096.044132348,4641289.902868231,1.2,738,7,1,234-27,[]
TX,168.382674042,290067.05292139,4641534.182021197,1.2,1518,7,1,59-13,[]
TX,168.629493791,291059.644301349,4641662.089228775,1.2,1578,9,1,74-16,[]
TX,168.777111336,291486.312827007,4642062.431487834,1.2,1631,11,1,81-22,[]
TX,168.812521806,291236.703315581,4644903.636296102,1.2,1652,12,1,85-19,[]
TX,169.071581858,290498.253186622,4640664.048405201,1.2,1148,7,1,315-9,[]
TX,169.337059516,290519.244783263,4642907.970353538,1.2,1469,12,1,44-21,[]
TX,169.379192271,288001.454401091,4643361.54343108,1.2,1565,12,1,7-27,[]
TX,169.38755329,290450.570799366,4635854.426944037,1.2,1210,12,1,341-10,[]
TX,169.561559164,291466.181355783,4642050.312191746,1.2,1064,12,1,297-13,[]
TX,170.163370271,290476.360975548,4641393.236641004,1.2,171,7,1,139-4,"[['RX_GW', 170.278366141, 171, 7, 1, 868.1, -118.037806388, '00:00:00:00:00:02']]"
TX,170.163825059,297532.227408423,4640938.627323792,1.2,127,12,1,129-8,[]
TX,170.257054319,292722.717191235,4641837.617235692,1.2,566,12,1,21-8,[]
TX,170.276862782,290176.863491717,4632566.310582968,1.2,73,12,1,115-21,[]
TX,170.345302771,271611.353039297,4630628.680107445,1.2,659,12,1,224-21,[]
TX,170.468218637,295131.793500455,4642721.497804213,1.2,1466,8,1,44-18,[]
TX,170.55220119,289332.026408654,4632847.88936789,1.2,1416,12,1,37-5,[]
TX,170.560281625,292661.68412467,4642645.934068323,1.2,401,12,1,193-20,[]
TX,170.586668276,290211.378980223,4641240.894404011,1.2,1223,7,1,342-1,"[['RX_GW', 170.70166317, 1223, 7, 1, 868.1, -104.915335353, '00:00:00:00:00:02']]"
TX,170.778746931,295144.848702512,4642712.454481087,1.2,585,8,1,212-7,[]
TX,170.86717769,290253.992494361,4642069.724026777,1.2,68,7,1,115-17,"[['RX_GW', 170.982175179, 68, 7, 1, 868.1, -122.120077327, '00:00:00:00:00:02']]"
TX,171.206496076,287903.647723855,4641413.12450661,1.2,35,11,1,106-5,"[['RX_GW', 172.687256619, 35, 11, 1, 868.1, -133.521809676, '00:00:00:00:00:02']]"
TX,171.274306933,299760.384686659,4630297.164193207,1.2,628,12,1,220-8,[]
TX,171.392941882,290707.628137893,4641307.839458505,1.2,1013,7,1,288-14,[]
TX,171.413760714,292038.096356731,4641774.188975303,1.2,564,12,1,21-6,[]
TX,171.437121149,290667.191612608,4640255.266715868,1.2,446,7,1,197-27,[]
TX,171.570290458,291223.468047147,4641600.942226623,1.2,1407,9,1,37-18,[]
TX,171.933896388,290674.908391796,4641308.529656438,1.2,201,7,1,143-7,[]
TX,172.054533145,290278.739129631,4635333.502371844,1.2,1364,12,1,365-12,[]
TX,172.253828549,290382.019770598,4644051.184904307,1.2,107,12,1,122-26,[]
TX,172.578559,289215.791476534,4642519.246314043,1.2,1180,12,1,324-30,[]
TX,172.590807615,289646.116004099,4641761.342791582,1.2,332,7,1,178-9,[]
TX,172.664454792,290919.334727387,4638474.481265144,1.2,1004,12,1,281-2,[]
TX,172.679159235,296181.941844216,4642553.787616026,1.2,614,7,1,220-16,[]
TX,172.982673831,289811.917473391,4641369.388390756,1.2,1245,7,1,343-4,"[['RX_GW', 173.097668924, 1245, 7, 1, 868.1, -107.441211853, '00:00:00:00:00:02']]"
TX,173.170340182,292180.133572287,4642148.777282544,1.2,827,12,1,243-29,[]
TX,173.409404435,290336.437512653,4636131.316689133,1.2,1090,12,1,3-4,[]
TX,173.456408614,298121.199736493,4636411.070019185,1.2,920,12,1,259-29,[]
TX,173.516800019,290174.732155822,4641476.636888868,1.2,934,7,1,260-29,[]
TX,173.657750948,292595.463536974,4642879.488757319,1.2,888,12,1,257-17,[]
TX,173.699975416,295140.054184132,4642701.64483169,1.2,1209,8,1,337-7,"[['RX_GW', 173.907388729, 1209, 8, 1, 868.1, -125.92954204, '00:00:00:00:00:04']]"
TX,173.710539967,290487.339465304,4640826.642743751,1.2,1299,7,1,355-15,[]
TX,173.870482124,291239.587033787,4641291.869970168,1.2,262,9,1,167-25,[]
TX,173.978315314,290481.801612627,4640620.884223485,1.2,368,7,1,191-12,[]
TX,174.101014228,273678.562469544,4630680.30098179,1.2,1452,12,1,42-19,[]
TX,174.518518662,290335.851344555,4639891.107212701,1.2,81,8,1,117-23,[]
TX,174.603283316,287524.877328094,4641308.93472774,1.2,297,12,1,174-1,[]
TX,174.875247519,288221.508744746,4643501.095555329,1.2,1599,12,1,79-27,[]
TX,174.985968902,293343.517018589,4640150.581294974,1.2,1402,12,1,369-9,[]
TX,175.074605088,289814.888233222,4642395.777964048,1.2,1084,10,1,298-27,[]
TX,175.132110185,293312.104069719,4644316.549374981,1.2,688,12,1,228-12,[]
TX,175.180892305,290658.304013539,4641296.976936958,1.2,1377,7,1,365-26,[]
TX,175.369300874,271657.091850044,4630625.014273305,1.2,1205,12,1,337-19,[]
TX,175.78549794,293742.879662994,4639568.328552636,1.2,1246,12,1,343-5,[]
TX,175.893309057,292607.226265664,4641983.738676622,1.2,1434,12,1,40-2,[]
TX,176.018627386,291249.380772027,4641985.796394124,1.2,933,11,1,260-28,"[['RX_GW', 177.499386519, 933, 11, 1, 868.1, -134.00991889, '00:00:00:00:00:02']]"
TX,176.326996361,291629.220640487,4644618.941878875,1.2,744,12,1,235-13,[]
TX,176.478158824,289196.951965232,4642518.145938641,1.2,1753,12,1,96-13,[]
TX,176.805936236,290953.342203783,4642040.699403808,1.2,1362,10,1,365-10,[]
TX,176.932287984,288931.720389822,4642766.622632599,1.2,932,12,1,260-27,[]
TX,177.033592649,291178.916017964,4640448.536293521,1.2,1573,9,1,70-27,[]
TX,177.123098527,290359.100550856,4641814.517386183,1.2,719,7,1,232-28,[]
TX,177.136595487,290690.649127805,4641302.617115568,1.2,1700,7,1,90-11,[]
TX,177.272878674,291140.214047799,4642455.37813359,1.2,484,11,1,200-17,[]
TX,177.373239186,284731.554665374,4630160.286054321,1.2,339,12,1,184-20,[]
TX,178.324547245,290059.000720604,4641526.712829798,1.2,1557,7,1,7-11,"[['RX_GW', 178.439542825, 1557, 7, 1, 868.1, -113.544749588, '00:00:00:00:00:02']]"
TX,178.616087104,288459.723208207,4642423.418221045,1.2,491,12,1,200-4,[]
TX,178.859817353,291186.901085741,4641287.615046416,1.2,1601,8,1,79-29,[]
TX,178.95930084,291183.956295387,4641312.338722645,1.2,1716,8,1,90-7,[]
TX,179.395641785,291833.751374533,4641585.505577843,1.2,151,11,1,135-17,[]
TX,179.401288185,290773.036394951,4640941.52546454,1.2,1318,7,1,357-29,[]
TX,179.449480428,290533.756866849,4641263.17359458,1.2,1289,7,1,352-21,[]
TX,179.672460507,290993.181206075,4639048.048713606,1.2,594,12,1,214-23,[]
TX,179.905620827,292901.274419548,4642224.595789272,1.2,1544,12,1,62-6,[]
TX,180.023288504,289640.10535218,4643724.143976997,1.2,1105,12,1,301-5,[]
TX,180.191699876,291800.519196355,4642542.742995121,1.2,1125,12,1,311-1,[]
TX,180.204740092,290292.851552977,4641968.728472087,1.2,1558,7,1,7-12,[]
TX,180.28702524,291951.457036614,4641344.219557979,1.2,599,12,1,214-28,[]
TX,180.597134717,290501.928101845,4640665.925660923,1.2,732,7,1,234-14,[]
TX,180.898965249,270875.665857658,4646185.622169768,1.2,1046,12,1,294-5,[]
TX,180.919751113,290484.673607655,4640627.1274921,1.2,423,7,1,196-11,[]
TX,181.16596045,290037.020272328,4641832.913876429,1.2,1,7,1,102-25,[]
TX,181.406080893,296051.136279744,4641058.30815386,1.2,1764,7,1,99-28,"[['RX_GW', 181.521076833, 1764, 7, 1, 868.1, -112.810228692, '00:00:00:00:00:04']]"
TX,181.513189886,301159.86834715,4628854.027474656,1.2,949,12,1,266-2,[]
TX,181.560124634,294463.719951319,4638802.382455948,1.2,235,12,1,156-24,[]
TX,181.561506321,285895.511093771,4644228.586657477,1.2,1426,12,1,4-22,[]
TX,181.981040852,292677.492129171,4641805.778217563,1.2,65,12,1,113-7,[]
TX,182.0100275,282422.938084855,4640449.694129452,1.2,466,12,1,2-18,[]
TX,182.085523864,293269.629944126,4640262.537663948,1.2,1579,12,1,74-2,[]
TX,182.108808932,292402.411964561,4641555.670057978,1.2,648,12,1,223-6,[]
TX,182.304564099,290713.352645537,4642486.333721571,1.2,1622,12,1,80-29,[]
TX,182.419581698,271805.584333679,4630678.814669043,1.2,1440,12,1,40-6,[]
TX,182.428424606,291934.984984173,4639153.854478558,1.2,1517,12,1,59-12,[]
TX,182.602254948,289208.198287547,4642307.657439094,1.2,893,11,1,257-22,[]
TX,182.726564306,291408.375890666,4642036.276465528,1.2,1449,11,1,42-16,[]
TX,182.842673089,291117.15091598,4642464.215889567,1.2,1537,11,1,62-16,[]
TX,182.919918477,291411.685418112,4635911.025605371,1.2,897,12,1,257-26,[]
TX,183.181115985,271629.740349175,4630618.76602667,1.2,1173,12,1,322-26,[]
TX,183.444814443,290469.748815526,4640620.77155477,1.2,1418,7,1,37-7,[]
TX,183.513444771,289573.901190133,4642018.330647714,1.2,683,9,1,225-7,[]
TX,183.56738281,289451.894379122,4643126.228698445,1.2,361,12,1,188-25,[]
TX,183.628599554,288885.063046634,4635863.943300174,1.2,391,12,1,192-6,[]
TX,183.681367967,289441.124121855,4635420.503904059,1.2,968,12,1,268-16,[]
TX,183.844063789,289277.635918052,4642056.134252295,1.2,1595,9,1,79-23,[]
TX,183.921990905,294528.649653056,4644446.720807331,1.2,1001,12,1,281-11,[]
TX,184.013797197,290085.719533165,4640915.000015815,1.2,136,7,1,132-20,[]
TX,184.016008273,294677.733409658,4642483.255749261,1.2,605,9,1,22-20,[]
TX,184.118710341,271648.163538545,4630650.761497173,1.2,1141,12,1,315-23,[]
TX,184.143193951,292673.895229185,4642038.436027582,1.2,1371,12,1,365-19,[]
TX,184.244092722,293119.909832715,4642319.415470855,1.2,1437,12,1,40-30,[]
TX,184.320135516,292303.570899786,4640609.465147346,1.2,119,12,1,127-28,[]
TX,184.401611251,291837.786768304,4642551.634282958,1.2,1724,12,1,92-30,[]
TX,184.564222695,290377.124423171,4642049.131015772,1.2,1684,8,1,89-18,[]
TX,184.758174845,289705.840006806,4639408.344364374,1.2,109,11,1,125-30,[]
TX,185.244680785,294587.123946621,4643066.122755137,1.2,692,10,1,228-16,"[['RX_GW', 185.904192172, 692, 10, 1, 868.1, -131.319471483, '00:00:00:00:00:04']]"
TX,185.374027387,290050.047912982,4640960.525477374,1.2,278,7,1,169-8,[]
TX,185.71123046,288643.724972577,4643936.17921302,1.2,450,12,1,198-3,[]
TX,186.111742819,292432.117785855,4652381.965267288,1.2,1206,12,1,337-21,[]
TX,186.125219104,297567.462730442,4643638.399020311,1.2,187,12,1,14-9,[]
TX,186.149291791,292839.460995168,4641951.175179887,1.2,554,12,1,21-18,[]
TX,186.150761069,289734.731592302,4641273.981700531,1.2,1080,7,1,298-23,[]
TX,186.153608402,295076.48448622,4642776.470124104,1.2,572,9,1,212-10,[]
TX,186.528805875,291210.13328366,4641283.463157244,1.2,1584,10,1,78-1,[]
TX,187.039989397,290810.150307605,4642275.763252019,1.2,445,10,1,197-26,[]
TX,187.055655803,292166.11712392,4641852.541100502,1.2,1296,12,1,352-30,[]
TX,187.127507506,284728.136024275,4630152.627724038,1.2,337,12,1,184-17,[]
TX,187.326870873,293374.194946653,4639579.073833185,1.2,414,12,1,193-9,[]
TX,187.332137642,299759.950599181,4630032.208033273,1.2,915,12,1,259-24,[]
TX,187.52916148,290211.358800147,4640738.875993353,1.2,901,7,1,257-4,"[['RX_GW', 187.644156003, 901, 7, 1, 868.1, -99.049576338, '00:00:00:00:00:02']]"
TX,187.714361735,290476.296270483,4640695.300822671,1.2,701,7,1,228-5,"[['RX_GW', 187.829357112, 701, 7, 1, 868.1, -110.876169246, '00:00:00:00:00:02']]"
TX,188.147726476,285339.738548794,4636052.850001619,1.2,838,12,1,246-30,[]
TX,188.160547646,290096.497220492,4640891.485189376,1.2,473,7,1,2-26,"[['RX_GW', 188.275541621, 473, 7, 1, 868.1, -84.666630576, '00:00:00:00:00:02']]"
TX,188.412199562,290699.095581163,4641293.720953341,1.2,779,7,1,238-2,"[['RX_GW', 188.527195854, 779, 7, 1, 868.1, -121.085663537, '00:00:00:00:00:02']]"
TX,188.418242077,291284.831884927,4641999.400084977,1.2,514,11,1,203-8,[]
TX,188.513091697,290702.076744103,4641304.576217991,1.2,629,7,1,222-17,[]
TX,188.632002341,293840.767531839,4643659.963844211,1.2,899,12,1,257-28,[]
TX,188.653728864,291713.737307162,4642195.126755027,1.2,1472,12,1,44-8,[]
TX,188.670393834,290670.759985259,4641308.226458494,1.2,851,7,1,248-24,[]
TX,188.938605598,291194.488518589,4641958.357697553,1.2,967,10,1,268-1,[]
TX,189.449936781,292746.98258406,4641686.115651812,1.2,1134,12,1,315-1,[]
TX,189.688069875,290590.178464082,4642301.684730817,1.2,819,10,1,243-1,[]
TX,190.029830049,290397.601074425,4641817.566836631,1.2,72,7,1,115-20,[]
TX,190.030916832,271660.379611004,4630692.480564889,1.2,180,12,1,14-2,[]
TX,190.115713408,291108.27263736,4641077.794015367,1.2,270,7,1,169-2,[]
TX,190.379187231,293908.717667293,4640687.685368706,1.2,188,12,1,141-8,[]
TX,190.528789402,290428.62277272,4634397.465938551,1.2,736,12,1,234-25,[]
TX,190.531909146,290078.068826459,4637822.628013521,1.2,63,12,1,113-5,[]
TX,190.614664728,292507.542713931,4642909.483895952,1.2,1037,12,1,290-24,[]
TX,190.661751399,291233.962936846,4642274.278942236,1.2,1635,12,1,81-6,[]
TX,190.847478666,290761.030825795,4641295.31790431,1.2,15,7,1,104-27,[]
TX,191.164830038,291588.891657264,4644839.022558821,1.2,140,12,1,132-5,[]
TX,191.272371328,291109.007800519,4641367.777780083,1.2,335,9,1,183-8,[]
TX,191.533229509,292321.594388556,4641748.166302625,1.2,989,12,1,28-17,[]
TX,191.554467576,290171.706702005,4646087.336443726,1.2,656,12,1,224-18,[]
TX,191.698972152,290312.284310316,4641316.088997016,1.2,145,7,1,135-11,[]
TX,192.208930379,292354.615368691,4642204.167660359,1.2,1433,12,1,40-19,[]
TX,192.215906847,290360.458168367,4641795.391721014,1.2,1644,7,1,83-25,[]
TX,192.227296527,292712.393687133,4636373.182549706,1.2,1370,12,1,365-18,[]
TX,192.261792461,290555.463119862,4651490.663439689,1.2,761,12,1,236-12,[]
TX,192.600424997,291897.244390177,4644144.697848245,1.2,157,12,1,135-24,[]
TX,192.786179156,291565.148494736,4641381.701987934,1.2,725,12,1,233-20,[]
TX,192.947909103,293034.309519753,4642566.355787078,1.2,477,12,1,2-3,[]
TX,192.948406081,292539.829141899,4641872.690591677,1.2,1130,12,1,311-14,[]
TX,193.082029759,290376.15746641,4641815.989981855,1.2,1094,7,1,3-8,[]
TX,193.207787789,273703.938935135,4630653.30139548,1.2,437,12,1,196-3,[]
TX,193.330954623,295125.225532225,4638637.208849172,1.2,1114,12,1,308-6,[]
TX,193.336400346,295180.332276324,4646194.461495503,1.2,596,12,1,214-25,[]
TX,193.354196105,290412.926358814,4641822.785516742,1.2,1732,7,1,94-18,[]
TX,193.592993185,291784.674486451,4641031.240852323,1.2,266,10,1,167-29,[]
TX,193.849621857,290748.856544923,4642810.575646404,1.2,645,12,1,223-30,[]
TX,193.87146426,290194.825604871,4641839.139319047,1.2,753,8,1,235-25,[]
TX,194.228672282,289711.575468793,4641332.288339647,1.2,408,7,1,193-3,"[['RX_GW', 194.343667394, 408, 7, 1, 868.1, -110.861521961, '00:00:00:00:00:02']]"
TX,194.2301139,290408.459039801,4641793.295628178,1.2,1512,7,1,58-28,[]
TX,194.703208026,291840.486422144,4642533.95955487,1.2,1656,12,1,85-3,[]
TX,195.58919088,290479.777356523,4640628.840701351,1.2,1014,7,1,288-15,[]
TX,196.000416848,289302.773452153,4643495.084408493,1.2,1737,12,1,94-24,[]
TX,196.058961162,293113.513052689,4643423.821343815,1.2,845,12,1,248-10,[]
TX,196.100127624,292028.153756846,4643702.194289285,1.2,229,12,1,156-18,[]
TX,196.17793446,291767.787638567,4640370.49574851,1.2,1022,12,1,29-16,[]
TX,196.299047938,294960.429516364,4642708.675914198,1.2,618,7,1,220-2,[]
TX,196.328673496,288744.23751246,4643012.169679318,1.2,904,12,1,257-7,[]
TX,196.560563818,286452.887385102,4642566.284211778,1.2,280,12,1,17-23,[]
TX,196.709663634,290432.978288269,4640691.231433312,1.2,1271,7,1,351-23,[]
TX,197.106060967,273676.445339551,4630643.176823164,1.2,1430,12,1,40-16,[]
TX,197.191939366,293320.684297714,4644828.733621765,1.2,1594,12,1,79-15,[]
TX,197.445489086,285827.723934696,4643315.929495699,1.2,1325,12,1,360-11,[]
TX,197.508133268,290156.743913097,4635333.166890067,1.2,1136,12,1,315-11,[]
TX,197.557043142,290810.94675229,4642375.901096233,1.2,982,10,1,273-29,"[['RX_GW', 198.216554331, 982, 10, 1, 868.1, -131.002878492, '00:00:00:00:00:02']]"
TX,197.799948263,294812.830924959,4647460.413917819,1.2,333,12,1,179-12,[]
TX,198.004792627,290492.926531353,4640809.183573507,1.2,1541,7,1,62-22,[]
TX,198.015896973,298671.572528837,4635849.291396836,1.2,910,12,1,259-12,[]
TX,198.036409307,288468.957081047,4637703.108573182,1.2,205,12,1,144-7,[]
TX,198.074504919,289601.654367784,4640115.413993808,1.2,1007,7,1,285-8,[]
TX,198.189039929,292825.585127936,4641970.647124425,1.2,1441,12,1,40-8,[]
TX,198.227717874,291520.520692117,4641311.87322282,1.2,276,10,1,169-6,"[['RX_GW', 198.887228795, 276, 10, 1, 868.1, -132.390349987, '00:00:00:00:00:02']]"
TX,198.5351325,295130.607755388,4642717.859177784,1.2,1313,8,1,357-24,[]
TX,198.605925219,291490.994602018,4642691.267125258,1.2,1529,12,1,61-1,[]
TX,198.664510255,293395.687755636,4640919.757731277,1.2,381,12,1,191-28,[]
TX,198.896454919,290895.13831369,4642246.673722744,1.2,1188,10,1,326-30,"[['RX_GW', 199.555965897, 1188, 10, 1, 868.1, -130.840446079, '00:00:00:00:00:02']]"
TX,199.306082528,289230.999791508,4642449.004705553,1.2,837,11,1,246-2,[]
TX,199.574242884,292253.914733263,4641947.253791446,1.2,555,12,1,21-19,[]
TX,199.631758179,290561.990401901,4642277.934450868,1.2,1513,10,1,58-29,[]
TX,199.759764864,290366.612267642,4641798.570995006,1.2,1508,7,1,58-24,[]
TX,199.791623572,291846.705422233,4642547.828994333,1.2,1093,12,1,3-7,[]
TX,200.016340311,292783.966707347,4638946.47467458,1.2,919,12,1,259-28,[]
TX,200.070445079,289214.364565559,4642237.853997487,1.2,48,9,1,111-7,[]
TX,200.123861344,291875.041011487,4641637.986407911,1.2,1555,12,1,68-9,[]
TX,200.209248634,273684.151865933,4630691.082692209,1.2,1760,12,1,99-24,[]
TX,200.385097898,291674.42179232,4642233.79870159,1.2,797,12,1,241-2,[]
TX,200.443818721,291664.158472345,4642122.866999813,1.2,796,11,1,241-19,[]
TX,200.732964079,290487.389429742,4641381.296356316,1.2,101,7,1,121-14,[]
TX,200.887536929,291873.241348126,4642546.726604417,1.2,365,12,1,188-29,[]
TX,201.110633935,291827.280692702,4642415.184713207,1.2,1272,12,1,351-24,[]
TX,201.128171182,290360.895048194,4641830.406826692,1.2,1738,7,1,94-25,[]
TX,201.232987725,291862.805510773,4641032.903088212,1.2,859,10,1,249-2,[]
TX,202.331652791,291183.772126352,4641288.925821348,1.2,111,8,1,126-22,"[['RX_GW', 202.53906659, 111, 8, 1, 868.1, -125.226231479, '00:00:00:00:00:02']]"
TX,202.470439233,291703.433990203,4640058.313630414,1.2,842,11,1,246-7,[]
TX,202.483716587,289193.896765371,4643501.523700994,1.2,1435,12,1,40-20,[]
TX,202.574229202,291052.040868342,4641200.73000451,1.2,1342,9,1,361-26,"[['RX_GW', 202.945994507, 1342, 9, 1, 868.1, -127.355503676, '00:00:00:00:00:02']]"
TX,202.768826269,295131.324678759,4642740.323268955,1.2,1264,8,1,348-10,"[['RX_GW', 202.976239709, 1264, 8, 1, 868.1, -126.73679502, '00:00:00:00:00:04']]"
TX,203.338063413,291019.059535588,4641956.595689122,1.2,814,10,1,242-30,[]
TX,203.487446816,291650.527322848,4642351.047181326,1.2,765,12,1,236-19,[]
TX,203.54901581,293772.127195066,4640246.192064256,1.2,597,12,1,214-26,[]
TX,203.781656871,290930.359839781,4641308.112223365,1.2,14,7,1,104-26,[]
TX,203.837561723,290069.55273806,4640932.452066245,1.2,137,7,1,132-21,[]
TX,204.020865013,290535.925507637,4641947.676263844,1.2,863,9,1,250-13,"[['RX_GW', 204.392630496, 863, 9, 1, 868.1, -129.612235375, '00:00:00:00:00:02']]"
TX,204.347868497,291206.757375267,4641980.156399371,1.2,713,10,1,232-15,[]
TX,204.423659625,292801.165217555,4642011.245777551,1.2,561,12,1,21-30,[]
TX,204.626922673,291363.376450829,4638521.045677332,1.2,1587,12,1,78-30,[]
TX,205.208836329,297296.093198945,4642997.357338115,1.2,882,12,1,255-1,[]
TX,205.420787708,290569.553433854,4642601.977825318,1.2,923,12,1,260-10,[]
TX,205.569110731,292697.512615417,4640498.494093122,1.2,1048,12,1,294-7,[]
TX,205.591772814,289406.06062108,4637477.436224283,1.2,0,12,1,102-23,[]
TX,205.6994084,290278.140279944,4641289.729075145,1.2,1596,7,1,79-24,[]
TX,205.708052797,290484.84071535,4640623.782322283,1.2,386,7,1,191-7,[]
TX,205.75846373,280732.965472792,4623575.719289887,1.2,284,12,1,170-25,[]
TX,205.802954944,271986.251864212,4630564.889968118,1.2,654,12,1,224-14,[]
TX,205.973551897,291217.61753774,4642268.836318186,1.2,1066,10,1,297-15,[]
TX,206.033403439,291235.538893419,4642283.520542507,1.2,1563,10,1,7-25,[]
TX,206.041885506,290474.551513992,4640625.099084181,1.2,193,7,1,143-2,[]
TX,206.658799896,292087.956036138,4640430.703628609,1.2,264,11,1,167-27,[]
TX,206.766652853,291166.037616172,4642377.111488338,1.2,288,12,1,171-8,[]
TX,206.907792165,292409.63580229,4643689.941268213,1.2,23,12,1,105-13,[]
TX,208.382447912,291037.270762941,4641931.464428764,1.2,1691,9,1,89-26,"[['RX_GW', 208.754214395, 1691, 9, 1, 868.1, -127.404164183, '00:00:00:00:00:02']]"
TX,208.526609668,291216.14197574,4641300.576229944,1.2,613,8,1,22-8,[]
TX,208.574196878,290760.791226757,4642697.535374746,1.2,1234,10,1,343-13,[]
TX,208.722236942,286332.926615534,4641701.700571554,1.2,522,12,1,208-11,[]
TX,208.803669859,292723.141718948,4641841.920818151,1.2,89,12,1,119-8,[]
TX,208.818402172,293610.316014222,4639332.765830299,1.2,577,12,1,212-21,[]
TX,208.941652057,273674.932106967,4630616.626834358,1.2,322,12,1,178-13,[]
TX,209.081003649,291095.867614613,4641534.421452475,1.2,905,10,1,257-8,[]
TX,209.276890691,290277.269997831,4646535.546994932,1.2,433,12,1,196-25,[]
TX,209.308681086,291888.98669099,4642567.098529538,1.2,102,12,1,121-15,[]
TX,209.535745178,290062.069426665,4640944.854162242,1.2,1242,7,1,343-27,[]
TX,209.677516765,291750.334145024,4642779.455886386,1.2,245,12,1,156-8,[]
TX,209.858802182,290344.881070176,4646257.148105255,1.2,1051,12,1,295-13,[]
TX,209.880631453,295011.150705056,4638051.135400502,1.2,621,12,1,220-22,[]
TX,210.012536352,290455.816213224,4641773.074777039,1.2,699,8,1,228-29,[]
TX,210.109548085,290312.219011432,4641992.011190902,1.2,1511,8,1,58-27,[]
TX,210.189041779,291221.056383498,4642839.14779271,1.2,1331,12,1,360-30,[]
TX,210.304171206,289831.717737932,4638450.645454648,1.2,1215,12,1,341-23,[]
TX,210.485192104,292124.327401029,4642575.777431113,1.2,238,12,1,156-27,[]
TX,210.875478191,294835.283020314,4644910.0518228,1.2,723,12,1,233-18,[]
TX,211.075932463,290743.727451917,4642384.804170344,1.2,1252,10,1,344-13,[]
TX,211.26090962,299532.80034256,4630119.56164452,1.2,1609,12,1,8-27,[]
TX,211.535127647,295086.635009522,4637889.540167204,1.2,619,12,1,220-20,[]
TX,211.544609605,290778.801824247,4641304.862251145,1.2,1519,7,1,59-14,[]
TX,211.565201288,288935.673228233,4635876.567040979,1.2,388,12,1,192-18,[]
TX,211.635326319,290638.045034384,4640580.077066364,1.2,1419,7,1,37-8,[]
TX,211.859439841,293128.156553687,4637679.904844777,1.2,1395,12,1,369-23,[]
TX,211.998825589,293322.50605111,4643327.357888361,1.2,1560,12,1,7-14,[]
TX,212.041455671,272755.277815836,4629699.350924941,1.2,147,12,1,135-13,[]
TX,212.292900205,287770.452887832,4645579.129668422,1.2,1336,12,1,361-13,[]
TX,212.499461462,292833.073573778,4641929.306857983,1.2,509,12,1,203-3,[]
TX,212.605069536,286603.718071765,4650601.613153315,1.2,1473,12,1,44-9,[]
TX,212.854434869,286410.843992327,4644439.184381138,1.2,959,12,1,266-8,[]
TX,212.910743589,295038.561710617,4639053.672719586,1.2,560,12,1,21-3,[]
TX,213.261149627,292323.654841652,4642044.973465784,1.2,1577,12,1,74-15,[]
TX,213.348223426,288549.111485691,4642863.420515564,1.2,1489,12,1,53-14,[]
TX,213.364201639,290484.255270132,4640611.413458357,1.2,1359,7,1,362-29,[]
TX,213.676033179,285199.601298268,4642390.942986256,1.2,705,12,1,230-22,[]
TX,213.791202979,289715.226241778,4647162.876947364,1.2,117,12,1,127-15,[]
TX,213.885474947,290488.247329945,4640823.501890379,1.2,364,7,1,188-28,[]
TX,213.916598771,290955.02139155,4640517.478404,1.2,1104,8,1,301-4,[]
TX,214.061707054,290693.782716353,4641304.852047457,1.2,912,7,1,259-14,[]
TX,214.199588599,293438.77948808,4640929.898495596,1.2,237,12,1,156-26,[]
TX,214.204370196,290438.778269977,4640699.299974809,1.2,161,7,1,135-28,[]
TX,214.271920725,293756.054867517,4639764.267261841,1.2,1319,12,1,357-9,[]
TX,214.73833629,290367.7439621,4641801.520950624,1.2,943,7,1,264-28,[]
TX,214.925089293,292708.963612369,4641968.845958773,1.2,1161,12,1,321-25,[]
TX,214.978277779,292033.142693358,4643038.184973308,1.2,1357,12,1,362-27,[]
TX,215.253112086,291826.740307626,4642522.886554079,1.2,503,12,1,203-17,[]
TX,215.384126757,292367.028608856,4637492.363290682,1.2,1006,12,1,284-7,[]
TX,215.651592392,295123.260237391,4642701.303556624,1.2,722,8,1,233-16,[]
TX,216.019587575,291342.311159843,4642132.156282415,1.2,478,11,1,2-30,[]
TX,216.064630248,289559.917857944,4643531.854550801,1.2,1666,12,1,87-2,[]
TX,216.092599892,280202.484372171,4632613.707050539,1.2,167,12,1,135-6,[]
TX,216.139791337,291764.668495034,4641033.553320838,1.2,898,10,1,257-27,[]
TX,216.196725207,290068.432204403,4640927.390969412,1.2,1539,7,1,62-18,[]
TX,216.444629295,289843.959579648,4635184.049979939,1.2,1248,12,1,343-7,[]
TX,216.602843802,288858.578947278,4637837.539793937,1.2,1183,12,1,324-8,[]
TX,216.604807752,290203.003648317,4641840.391928134,1.2,1456,8,1,42-22,[]
TX,216.67561982,290364.966586232,4641827.000229239,1.2,1082,7,1,298-25,[]
TX,216.687242586,289217.967521941,4642437.253224215,1.2,1337,11,1,361-14,[]
TX,216.876520568,289608.424830703,4642975.322001595,1.2,452,12,1,198-5,[]
TX,217.236627471,290753.324216103,4641179.168692933,1.2,887,7,1,257-13,[]
TX,217.237945945,291632.291589194,4644619.37067704,1.2,251,12,1,157-14,[]
TX,217.393637219,291176.494338303,4641962.278763444,1.2,222,10,1,155-15,[]
TX,217.433892708,290705.004654328,4641300.66555174,1.2,1211,7,1,341-11,[]
TX,217.487070089,291175.684350799,4641272.6015657,1.2,1444,10,1,41-18,[]
TX,217.59122495,292195.443192984,4637080.50357982,1.2,198,12,1,143-4,[]
TX,217.59969647,288182.708530738,4643913.32400192,1.2,504,12,1,203-19,[]
TX,217.641582169,291080.216261868,4641587.670664063,1.2,1109,10,1,301-9,[]
TX,217.699404103,290723.661330434,4641474.153116802,1.2,1182,7,1,324-6,[]
TX,217.874553966,290739.573507488,4641178.884943839,1.2,531,7,1,208-22,[]
TX,218.220877668,290882.269349065,4641283.300991872,1.2,803,8,1,241-4,[]
TX,218.357964609,291222.639573567,4641234.472812149,1.2,1120,10,1,309-13,"[['RX_GW', 219.017474503, 1120, 10, 1, 868.1, -131.593496504, '00:00:00:00:00:02']]"
TX,218.385373224,293210.855504407,4639492.688144826,1.2,134,12,1,132-18,[]
TX,218.506298598,290449.226528849,4640535.649766067,1.2,218,7,1,155-11,[]
TX,218.63011929,297572.344786525,4643642.734742173,1.2,182,12,1,14-25,[]
TX,218.651941157,291111.390927021,4636126.099117075,1.2,309,12,1,174-28,[]
TX,218.802784618,292301.307888806,4642049.833102768,1.2,1301,12,1,356-19,[]
TX,218.924621175,291017.065557072,4641200.519486177,1.2,1231,8,1,343-1,[]
TX,219.098043947,286468.529927507,4642099.047504386,1.2,929,12,1,260-24,[]
TX,219.295877267,290592.684497463,4643874.484783621,1.2,61,12,1,113-30,[]
TX,219.707115739,295146.795118124,4642748.029827129,1.2,1287,8,1,352-2,[]
TX,219.726113044,290290.295769097,4641966.78873749,1.2,174,7,1,139-7,"[['RX_GW', 219.841110237, 174, 7, 1, 868.1, -123.815354293, '00:00:00:00:00:02']]"
TX,219.961350539,291334.883180168,4636320.236781695,1.2,1543,12,1,62-4,[]
TX,221.120654487,292249.712350446,4641730.571799766,1.2,633,12,1,222-20,[]
TX,221.133013394,290076.992614872,4641528.779324479,1.2,1327,7,1,360-16,[]
TX,221.135942101,291833.73782158,4642457.951608113,1.2,767,12,1,236-21,[]
TX,221.314161488,288735.703243251,4641761.43616535,1.2,525,11,1,208-14,[]
TX,221.624068612,291624.060969431,4644609.387966557,1.2,750,12,1,235-2,[]
TX,221.665527044,284023.513717858,4632962.256086295,1.2,385,12,1,191-6,[]
TX,221.834847783,291755.802054517,4644938.31636113,1.2,1525,12,1,59-27,[]
TX,221.877386083,290759.891022166,4641288.619996236,1.2,120,7,1,127-29,[]
TX,222.021664558,290467.428243108,4640625.113309747,1.2,607,7,1,22-3,[]
TX,222.062344799,292041.165383598,4641773.457811238,1.2,376,12,1,191-22,[]
TX,222.183346239,271720.36342302,4630299.565907803,1.2,1058,12,1,295-7,[]
TX,222.192768267,271883.534708546,4630633.724924026,1.2,1189,12,1,328-4,[]
TX,222.341343585,298859.381831248,4641834.730996965,1.2,782,12,1,238-22,[]
TX,222.664366432,294392.399262896,4643065.028024086,1.2,1145,12,1,315-27,[]
TX,222.714694734,290725.638314045,4642906.349459887,1.2,351,12,1,185-28,[]
TX,223.177011967,291736.332994312,4643888.837236425,1.2,1566,12,1,7-28,[]
TX,223.485771539,292486.28828786,4642901.89635938,1.2,563,12,1,21-5,[]
TX,223.589554453,291224.245306026,4641303.597300452,1.2,637,8,1,222-30,[]
TX,223.718659727,272401.323686616,4630016.19049919,1.2,872,12,1,250-29,[]
TX,223.75032579,299769.82726109,4630295.998822276,1.2,123,12,1,129-4,[]
TX,223.926839809,290495.600207862,4643400.413959697,1.2,1593,12,1,79-14,[]
TX,224.221900207,291912.507973426,4641477.58135214,1.2,173,12,1,139-6,[]
TX,224.588796173,291338.585357071,4642160.240277491,1.2,1736,11,1,94-21,[]
TX,224.722928703,292686.08750738,4641803.746038812,1.2,1661,12,1,85-7,[]
TX,224.731174889,291035.213478413,4641924.347528434,1.2,817,9,1,242-7,[]
TX,225.171165944,294270.447458816,4650464.373391826,1.2,1023,12,1,29-17,[]
TX,225.242855947,291251.418572003,4641268.796607407,1.2,1179,9,1,324-22,[]
TX,225.28537874,298034.073229745,4639336.755742617,1.2,212,12,1,154-19,[]
TX,225.370430475,287975.491531402,4641820.96571765,1.2,1199,12,1,331-16,[]
TX,225.524984535,289349.234269894,4634777.725972173,1.2,1144,12,1,315-26,[]
TX,225.54692752,292596.429539534,4643826.861258447,1.2,1428,12,1,4-5,[]
TX,225.559898097,290080.707603855,4640915.009520696,1.2,400,7,1,193-19,[]
TX,225.659908036,291150.986795478,4641358.902942908,1.2,677,8,1,225-22,[]
TX,225.853815064,291623.404451996,4642098.936593528,1.2,657,11,1,224-19,[]
TX,225.947985471,290723.681778553,4642032.209072699,1.2,1685,8,1,89-19,[]
TX,226.013374517,291232.094779917,4642274.453593289,1.2,1367,12,1,365-15,[]
TX,226.094553323,290061.903225055,4642394.975024143,1.2,459,8,1,2-1,[]
TX,226.10556931,291265.875856865,4641996.942071482,1.2,64,11,1,113-6,[]
TX,226.128552838,261573.866926388,4646078.720842904,1.2,601,12,1,215-19,[]
TX,226.240242053,295418.223581333,4640756.658334944,1.2,833,7,1,245-23,"[['RX_GW', 226.355238851, 833, 7, 1, 868.1, -119.24378589, '00:00:00:00:00:04']]"
TX,226.68454895,285795.895776862,4641377.412217617,1.2,1406,12,1,37-14,[]
TX,226.941485028,290319.945804596,4641339.952275023,1.2,1291,7,1,352-25,"[['RX_GW', 227.056480407, 1291, 7, 1, 868.1, -111.172802216, '00:00:00:00:00:02']]"
TX,227.00098907,291848.908971369,4642561.77609015,1.2,295,12,1,172-15,[]
TX,227.081557254,290101.164575127,4640900.181681657,1.2,1067,7,1,297-23,"[['RX_GW', 227.196551242, 1067, 7, 1, 868.1, -85.155571365, '00:00:00:00:00:02']]"
TX,227.237622641,288138.651816644,4643187.640183539,1.2,906,12,1,257-9,[]
TX,227.292805252,291250.187292253,4641259.723796623,1.2,595,9,1,214-24,"[['RX_GW', 227.664571246, 595, 9, 1, 868.1, -127.606770517, '00:00:00:00:00:02']]"
TX,227.514333725,292699.620442746,4642090.66102937,1.2,575,12,1,212-19,[]
TX,227.845862249,291142.020071981,4642477.68224392,1.2,483,11,1,200-16,"[['RX_GW', 229.326622326, 483, 11, 1, 868.1, -134.359327678, '00:00:00:00:00:02']]"
TX,228.088274654,285825.018333902,4643302.595769132,1.2,1326,12,1,360-15,[]
TX,228.211604307,291027.62850259,4641940.385538237,1.2,889,9,1,257-18,[]
TX,228.290087423,290688.378947963,4641308.793388712,1.2,850,7,1,248-15,[]
TX,228.328299264,290560.512229127,4641987.832436542,1.2,1341,10,1,361-25,[]
TX,229.0594912,281507.716112023,4626811.948332613,1.2,1228,12,1,342-25,[]
TX,229.407489885,291118.806270216,4642463.497691558,1.2,489,11,1,200-22,"[['RX_GW', 230.888249877, 489, 11, 1, 868.1, -134.117808061, '00:00:00:00:00:02']]"
TX,229.514211495,292880.23783434,4640491.234199413,1.2,1122,12,1,309-15,[]
TX,229.935319169,292317.770590586,4640601.713691742,1.2,1423,12,1,370-30,[]
TX,230.131656389,290325.626194114,4639623.257206055,1.2,551,9,1,209-8,[]
TX,230.409343267,290652.316448933,4642888.10960321,1.2,1455,12,1,42-21,[]
TX,230.584356994,292313.792783201,4640490.453646009,1.2,942,12,1,264-27,[]
TX,230.785841332,290488.867914082,4640793.671177602,1.2,1567,7,1,7-29,[]
TX,230.914748932,290395.102465289,4641385.516984512,1.2,77,7,1,115-5,"[['RX_GW', 231.029744592, 77, 7, 1, 868.1, -114.354781994, '00:00:00:00:00:02']]"
TX,231.165369176,288969.125630113,4642614.136859214,1.2,636,10,1,222-3,[]
TX,231.261400436,290650.857587401,4641156.939036928,1.2,823,7,1,243-2,[]
TX,231.273134682,291699.959289191,4640848.014292396,1.2,1227,12,1,342-2,[]
TX,231.309147181,289026.077053781,4638816.463319667,1.2,1268,12,1,348-15,[]
TX,231.321843949,290725.054360466,4639581.814057152,1.2,1078,10,1,298-14,[]
TX,231.607235752,289728.24022747,4641856.589420052,1.2,543,7,1,209-17,[]
TX,232.378504293,290393.31101727,4641795.806987672,1.2,674,7,1,225-2,"[['RX_GW', 232.493501086, 674, 7, 1, 868.1, -122.490144496, '00:00:00:00:00:02']]"
TX,233.200848243,290393.159482458,4641828.517629,1.2,1553,7,1,68-13,[]
TX,233.232075234,290356.377031692,4641806.871664248,1.2,1085,7,1,298-28,[]
TX,233.308283292,290698.210417411,4641301.392852147,1.2,51,7,1,112-15,[]
TX,233.533865812,290863.243795426,4640740.920478486,1.2,536,7,1,208-27,"[['RX_GW', 233.648862392, 536, 7, 1, 868.1, -116.612344909, '00:00:00:00:00:02']]"
TX,233.621877267,291026.671625499,4641918.456042342,1.2,242,9,1,156-5,[]
TX,233.750258483,291013.599268962,4641844.058513598,1.2,665,8,1,224-3,"[['RX_GW', 233.957672701, 665, 8, 1, 868.1, -126.422622908, '00:00:00:00:00:02']]"
TX,234.302045971,291804.988323929,4642404.569641404,1.2,1065,12,1,297-14,[]
TX,234.366429817,290472.524941588,4640625.641832181,1.2,422,7,1,196-10,[]
TX,234.518008092,287663.94366896,4644486.291068754,1.2,1322,12,1,359-29,[]
TX,234.7922952,291711.733802197,4642771.842224696,1.2,224,12,1,156-11,[]
TX,234.99064736,290247.056213478,4641981.019741823,1.2,1749,7,1,96-1,[]
TX,235.087218903,291066.879150928,4642405.05928684,1.2,1692,11,1,89-27,[]
TX,235.205717017,290042.854988055,4640962.663086469,1.2,1556,7,1,7-1,[]
TX,235.286446483,290086.176034542,4640894.423348389,1.2,981,7,1,273-28,[]
TX,235.43320216,297582.255532166,4643636.155213322,1.2,183,12,1,14-27,[]
TX,235.480290995,289958.312096853,4639838.361979458,1.2,447,8,1,197-28,[]
TX,235.523882203,290851.438546933,4642270.089229465,1.2,758,10,1,235-4,[]
TX,236.20611984,291600.543358463,4640981.442353456,1.2,1041,11,1,290-28,[]
TX,236.488802961,291504.786285799,4636491.89149675,1.2,1376,12,1,365-25,[]
TX,236.50550565,288665.704299155,4637561.202693755,1.2,204,12,1,144-6,[]
TX,236.546249245,291855.670335904,4642844.801424468,1.2,253,12,1,157-23,[]
TX,236.55321796,291136.505881511,4641956.830958299,1.2,1216,10,1,341-24,[]
TX,236.817888719,287227.975031911,4641124.115287852,1.2,397,12,1,193-14,[]
TX,236.827964186,290280.724507918,4641297.354449416,1.2,1615,7,1,80-13,[]
TX,236.912519852,291532.565203038,4640976.997722193,1.2,325,11,1,178-23,[]
TX,237.381065607,288842.34431676,4641814.674549406,1.2,1354,9,1,362-24,[]
TX,237.388463266,291008.738796633,4640371.55609459,1.2,726,9,1,233-21,[]
TX,237.497684848,294270.856992265,4641971.207012596,1.2,520,9,1,206-22,[]
TX,237.53475207,291730.253892965,4642146.932233592,1.2,1646,11,1,83-28,[]
TX,237.545262209,292706.270605394,4641838.890590897,1.2,1295,12,1,352-29,[]
TX,237.634918821,290930.365740355,4638653.351315895,1.2,1339,12,1,361-23,[]
TX,238.141623054,291064.702078268,4644037.870142553,1.2,1576,12,1,74-1,[]
TX,238.405740398,296076.989055289,4635045.588637532,1.2,143,12,1,135-1,[]
TX,238.437836383,271575.170207752,4630629.721565969,1.2,1190,12,1,328-5,[]
TX,238.605245908,290310.614795601,4643446.040599561,1.2,19,12,1,105-1,[]
TX,238.79027126,289427.491307127,4641745.053697869,1.2,806,7,1,241-7,[]
TX,239.04723437,290695.034938837,4641305.365906383,1.2,33,7,1,106-3,[]
TX,239.501074984,291615.731429171,4644624.716705242,1.2,1458,12,1,42-30,[]
TX,239.507856154,290393.489388553,4642050.945876455,1.2,1031,8,1,290-11,[]
TX,239.52828397,292167.259883156,4653039.300372185,1.2,106,12,1,122-24,[]
TX,239.702969337,294431.91526924,4643155.432533962,1.2,571,12,1,210-9,[]
TX,239.741608795,293829.161402393,4640552.809509378,1.2,1016,12,1,288-24,[]
TX,239.784036384,292074.386004169,4642261.814576549,1.2,380,12,1,191-27,[]
TX,239.812294086,290270.859305918,4642026.048480162,1.2,1491,8,1,53-23,[]
TX,239.909674483,291732.576475366,4642144.976909178,1.2,169,11,1,139-2,[]
TX,240.100179994,291617.739861271,4640987.726125857,1.2,9,11,1,104-14,[]
TX,240.142692101,290149.148753868,4642424.840255827,1.2,706,10,1,230-8,[]
TX,240.306828632,290655.046184452,4639741.196397118,1.2,226,8,1,156-13,[]
TX,240.378450951,290353.948601487,4641465.067331784,1.2,12,7,1,104-24,[]
TX,240.734317869,291324.735709877,4642163.536298141,1.2,357,11,1,188-1,[]
TX,240.981299808,290460.338371939,4642401.173998703,1.2,240,10,1,156-3,[]
TX,241.106288379,293081.919017815,4640981.437856417,1.2,526,12,1,208-17,[]
TX,241.29169455,290477.408008439,4640625.149485772,1.2,370,7,1,191-14,"[['RX_GW', 241.40669003, 370, 7, 1, 868.1, -111.870036406, '00:00:00:00:00:02']]"
TX,241.705551388,291841.445449654,4642463.089102638,1.2,1121,12,1,309-14,[]
TX,241.713502462,290078.54165093,4644523.840489401,1.2,1457,12,1,42-3,[]
TX,241.745811277,291046.210320136,4641355.343721602,1.2,227,8,1,156-14,[]
TX,241.815228945,285826.188758083,4643310.536072419,1.2,1328,12,1,360-25,[]
TX,242.041446744,276906.53696195,4640746.162157766,1.2,1256,12,1,345-22,[]
TX,242.146183309,291735.873406321,4642671.30202555,1.2,1688,12,1,89-22,[]
TX,242.307849763,290196.934854021,4642426.115939369,1.2,1027,10,1,29-21,[]
TX,242.459971255,273555.759549567,4631005.006271425,1.2,1175,12,1,322-28,[]
TX,242.469993707,292774.609440151,4638006.71707108,1.2,642,12,1,222-8,[]
TX,242.875339909,291080.718610333,4641551.267990004,1.2,1660,10,1,85-6,[]
TX,242.923793319,289719.582603067,4641583.518097821,1.2,662,7,1,224-26,[]
TX,243.150245811,294248.530193839,4642577.616456269,1.2,1629,10,1,81-20,"[['RX_GW', 243.809756988, 1629, 10, 1, 868.1, -131.151436092, '00:00:00:00:00:04']]"
TX,243.313875866,291828.865659144,4642406.238964482,1.2,261,12,1,167-24,[]
TX,243.949534427,294180.29768475,4644040.684167439,1.2,810,12,1,242-19,[]
TX,243.971888894,290897.839620431,4642251.371490268,1.2,1208,10,1,337-5,[]
TX,243.978153319,290883.742079964,4641311.888432566,1.2,49,8,1,111-8,[]
TX,244.065376246,289577.785477666,4642250.300892922,1.2,992,7,1,28-20,[]
TX,244.225832563,293403.012065661,4640923.695934078,1.2,1585,12,1,78-11,[]
TX,244.24723764,291675.562311986,4644932.193625719,1.2,1219,12,1,341-27,[]
TX,244.39186089,294036.622010707,4639781.164345657,1.2,1351,12,1,362-14,[]
TX,244.455152574,290412.908309768,4642313.224773295,1.2,1757,10,1,96-9,[]
TX,244.745964395,291712.050141683,4640038.3905786,1.2,871,11,1,250-28,[]
TX,244.902219353,290346.011940597,4641935.21125045,1.2,366,8,1,190-1,[]
TX,244.951836869,289450.624504381,4646133.622273978,1.2,1275,12,1,351-27,[]
TX,245.100628161,290093.467489755,4640905.852493227,1.2,781,7,1,238-21,[]
TX,245.120626405,290483.400890534,4640629.583582385,1.2,589,7,1,213-15,[]
TX,245.249326972,292100.777028181,4640660.026858381,1.2,1119,12,1,309-12,[]
TX,245.628252716,289781.344755922,4642551.18537011,1.2,896,10,1,257-25,[]
TX,245.709466097,291024.520925765,4641190.036118112,1.2,689,8,1,228-13,[]
TX,245.740116299,290809.300429999,4641296.142888924,1.2,1480,7,2,48-21,[]
TX,245.823121078,291654.773534855,4642264.450732044,1.2,592,12,1,213-29,[]
TX,245.867532873,290812.706060463,4645040.317309292,1.2,1113,12,1,308-5,[]
TX,246.068679166,273717.916181257,4630633.346091742,1.2,1713,12,2,90-3,[]
TX,246.089542328,290072.248475886,4640926.496314924,1.2,568,7,1,210-22,[]
TX,246.268124162,290390.865216369,4641820.129631964,1.2,1727,7,1,94-11,[]
TX,246.397349366,291019.645070903,4641967.293436686,1.2,671,10,1,225-17,[]
TX,246.47353584,291045.624922195,4640467.105585664,1.2,612,8,1,22-7,[]
TX,246.473987066,290374.622757102,4641808.430840983,1.2,1701,7,1,90-12,[]
TX,246.667577886,292188.349367231,4638230.474966168,1.2,1681,12,1,89-13,[]
TX,246.688443308,290784.795685634,4641304.05415274,1.2,1730,7,1,94-16,[]
TX,246.776967316,292815.29374688,4644165.912702587,1.2,194,12,1,143-20,[]
TX,246.809850292,291300.005286529,4641161.868697102,1.2,737,9,1,234-26,[]
TX,247.354702243,290091.444381142,4640901.741943767,1.2,1501,7,1,58-10,[]
TX,247.544446608,290309.822870322,4641998.743475346,1.2,411,8,1,193-6,[]
TX,247.562376757,291713.019099741,4642162.570587779,1.2,305,11,1,174-24,[]
TX,247.756403017,291979.253924789,4643702.610735406,1.2,693,12,1,228-17,[]
TX,247.819359145,288443.582231561,4642840.526771337,1.2,1474,12,1,45-15,[]
TX,247.869950429,290558.258175128,4642829.076241983,1.2,1116,12,1,308-8,[]
TX,247.906876905,288896.185746899,4642962.236669641,1.2,53,12,1,113-17,[]
TX,248.006491639,291652.928719736,4642136.89937917,1.2,1614,11,1,80-11,[]
TX,248.028074272,290999.639371,4640660.806549042,1.2,1711,7,1,90-26,[]
TX,248.106207304,291442.956680167,4642284.356024431,1.2,1746,12,1,94-5,[]
TX,248.34326444,292580.451955321,4641240.194851171,1.2,1172,12,1,322-25,[]
TX,248.440087371,292694.392380087,4641811.073937344,1.2,1568,12,1,7-9,[]
TX,248.777665185,291136.11335396,4642464.93608602,1.2,876,11,1,253-17,[]
TX,248.867385081,290090.057842607,4645128.985005991,1.2,1382,12,1,365-4,[]
TX,248.973431178,290156.927607571,4640847.700621951,1.2,716,7,1,232-25,[]
TX,248.990715457,290373.193738364,4642325.546157046,1.2,495,10,2,200-8,[]
TX,249.192363706,295614.338517808,4645784.944103244,1.2,950,12,1,266-20,[]
TX,249.225688199,294362.123180962,4640166.168427396,1.2,582,10,1,212-3,[]
TX,249.395523097,290825.400258106,4642238.795771577,1.2,113,10,1,127-11,[]
TX,249.486350732,290565.922081873,4641038.591935459,1.2,715,7,1,232-24,[]
TX,249.575432765,291023.947309749,4641963.056875192,1.2,816,10,1,242-6,[]
TX,249.618425225,290935.736030789,4642052.260032609,1.2,233,10,1,156-22,[]
TX,249.830714744,297385.550583105,4641707.74504918,1.2,310,9,1,174-29,[]
TX,250.11676725,293228.176337357,4642657.386418787,1.2,417,12,1,195-13,[]
TX,250.2403485,290672.898595231,4641313.777785799,1.2,855,7,1,248-28,[]
TX,250.25121941,291835.351796774,4641943.272946693,1.2,600,12,1,214-29,[]
TX,250.738135784,289137.534115417,4642154.244568693,1.2,371,10,1,191-17,[]
TX,250.755855477,290082.20716279,4640917.293471393,1.2,130,7,1,132-12,[]
TX,251.090459811,291212.08259948,4641319.136308707,1.2,28,8,1,105-25,[]
TX,251.154598346,292822.663044267,4642926.342594118,1.2,241,12,1,156-4,[]
TX,251.190601277,291429.397670948,4642062.602013316,1.2,463,12,1,2-14,[]
TX,251.23788569,290279.163679579,4641302.65257798,1.2,1613,7,1,80-10,[]
TX,251.421751895,271584.315044075,4630640.913246697,1.2,866,12,1,250-23,[]
TX,251.470093057,291104.11452551,4642463.364676814,1.2,1538,12,1,62-17,[]
TX,251.483214718,291291.84498534,4643552.264324455,1.2,1694,12,1,89-3,[]
TX,251.598825615,290412.926854668,4641798.993772888,1.2,1743,7,1,94-3,[]
TX,251.805623941,273670.98023264,4630697.178219105,1.2,1163,12,1,321-27,[]
TX,251.839576447,283570.341367336,4633414.451013317,1.2,190,12,1,143-17,[]
TX,252.003832002,299969.463790338,4634655.092809129,1.2,615,12,1,220-17,[]
TX,252.059885074,273702.745901305,4630621.607364154,1.2,867,12,1,250-24,[]
TX,252.134072459,289156.51446833,4638662.025170642,1.2,1241,12,2,343-26,[]
TX,252.134954799,290632.022827919,4642292.310511199,1.2,795,10,1,241-18,[]
TX,252.447296867,290048.713126745,4638934.838336173,1.2,426,12,1,196-14,[]
TX,252.513356529,290690.866682864,4642815.837580232,1.2,1420,12,2,37-9,[]
TX,252.558307427,290189.135391593,4641401.943256652,1.2,1096,7,1,300-21,[]
TX,252.61109463,289968.668737658,4644383.229950093,1.2,323,12,1,178-14,[]
TX,252.736849866,290388.982185323,4641807.33036848,1.2,1496,7,1,53-28,[]
TX,252.815764032,265711.06463714,4649223.827905419,1.2,969,12,2,269-13,[]
TX,252.859051733,273687.943607226,4630636.201273392,1.2,60,12,1,113-3,[]
TX,253.104629005,285836.116077471,4641407.572783289,1.2,1542,12,1,62-3,[]
TX,253.198375079,298066.534438158,4639319.902019025,1.2,211,12,1,154-18,[]
TX,253.289132165,290318.3825137,4643601.259855086,1.2,1763,12,1,99-27,[]
TX,253.580715543,294916.692653298,4643863.294740513,1.2,834,12,2,245-5,[]
TX,253.770745518,291532.364183344,4640966.319373544,1.2,1618,11,1,80-23,[]
TX,253.917796796,292241.072169038,4641932.349052343,1.2,1270,12,1,351-15,[]
TX,254.268790476,290228.125169188,4641232.748387489,1.2,820,7,1,243-10,"[['RX_GW', 254.383785384, 820, 7, 1, 868.1, -105.10431733, '00:00:00:00:00:02']]"
TX,254.745569146,285806.02738506,4644903.547165969,1.2,1372,12,1,365-2,[]
TX,254.810722124,290361.824704219,4641804.729322005,1.2,775,7,2,238-16,"[['RX_GW', 254.925718898, 775, 7, 2, 868.1, -122.38577823, '00:00:00:00:00:02']]"
TX,254.835616006,289859.362232081,4638951.403565082,1.2,1659,12,1,85-5,[]
TX,255.025839958,290081.844293902,4641533.973680331,1.2,4,7,2,104-1,"[['RX_GW', 255.140835576, 4, 7, 2, 868.1, -113.881623008, '00:00:00:00:00:02']]"
TX,255.027152212,289798.651787253,4638761.491904579,1.2,340,12,1,184-22,[]
TX,255.439411111,292743.067262192,4642090.060650866,1.2,521,12,1,208-10,[]
TX,255.500002075,290736.800031919,4642898.803674514,1.2,1459,12,1,42-4,[]
TX,255.694754138,291252.348675194,4644863.552586681,1.2,6,12,1,104-11,[]
TX,256.140197691,289161.969368074,4644144.838576175,1.2,1608,12,1,8-26,[]
TX,256.375728623,292179.430852457,4641885.758308124,1.2,1207,12,1,337-3,[]
TX,256.675607498,299457.015643723,4663170.849880286,1.2,741,12,1,235-1,[]
TX,256.947398266,290279.861215403,4641293.323309551,1.2,1592,7,1,79-13,[]
TX,256.980649696,289691.537738191,4641849.162161467,1.2,1552,7,1,68-12,[]
TX,257.015463583,291005.494306408,4641338.816565236,1.2,740,8,1,234-9,[]
TX,257.178533587,292309.453133661,4642054.529527461,1.2,348,12,1,185-25,[]
TX,257.411642708,290704.45928141,4641292.27392602,1.2,593,7,1,213-30,[]
TX,257.790729035,289825.426296383,4641736.836691645,1.2,10,7,1,104-15,[]
TX,257.957230171,291150.695277857,4644099.246487316,1.2,1504,12,1,58-13,[]
TX,258.401254459,296389.286120264,4639685.464439336,1.2,831,12,1,244-9,[]
TX,258.817567125,288651.050784245,4637697.217455029,1.2,203,12,1,144-4,[]
TX,258.918069641,295124.579346354,4642705.871690022,1.2,580,8,1,212-27,[]
TX,259.202355242,291858.242414142,4642552.925352871,1.2,192,12,1,143-19,[]
TX,259.262289834,295124.287919709,4642708.731604123,1.2,1286,8,1,352-19,[]
TX,259.270043584,291855.582738392,4642548.016827428,1.2,762,12,1,236-13,[]
TX,259.275183228,292438.103356293,4642431.946309892,1.2,1477,12,1,48-18,[]
TX,259.294418928,290472.522517126,4640634.655696087,1.2,885,7,1,257-11,[]
TX,259.471121679,289849.869966906,4641886.555721547,1.2,1306,7,1,357-10,[]
TX,259.478436826,301805.334676267,4658631.099389678,1.2,1499,12,2,57-20,[]
TX,259.502455819,290499.504723264,4640632.253732266,1.2,434,7,1,196-26,[]
TX,259.639110533,289859.886741323,4642399.059673826,1.2,545,10,1,209-19,[]
TX,259.657603387,290469.872921622,4640636.369550831,1.2,853,7,1,248-26,[]
TX,259.747765848,290079.741142576,4640927.431184039,1.2,131,7,1,132-13,[]
TX,259.867313516,289666.343715101,4641767.211719344,1.2,1739,7,1,94-26,[]
TX,259.926148961,292026.36014798,4643047.866452147,1.2,1415,12,1,37-4,[]
TX,259.952150604,292918.900451131,4640404.963922667,1.2,1442,12,1,41-16,[]
TX,259.989171586,291222.270684282,4642280.593464583,1.2,660,12,1,224-22,[]
TX,260.026553409,293825.234274023,4643643.392018062,1.2,1451,12,1,42-18,[]
TX,260.097242752,290358.624413441,4641831.593776939,1.2,1531,7,1,61-11,[]
TX,260.126572709,290651.353873949,4641327.003702391,1.2,721,7,1,232-9,[]
TX,260.744980195,293248.726874571,4640219.263170493,1.2,265,12,1,167-28,[]
TX,260.825735854,292255.217173944,4638742.161275108,1.2,631,12,1,222-19,[]
TX,261.027036279,290658.125729728,4641326.19167986,1.2,139,7,1,132-4,[]
TX,261.107281411,291556.074550023,4641370.625821487,1.2,1310,12,1,357-14,[]
TX,261.116223086,288876.158212547,4635827.31570236,1.2,389,12,1,192-21,[]
TX,261.1531268,272119.078636686,4630307.012978334,1.2,1050,12,2,295-12,[]
TX,261.228750061,291720.094694771,4642157.490082823,1.2,1111,11,2,308-30,[]
TX,261.329124415,290310.255536855,4641314.949884791,1.2,39,7,1,111-16,[]
TX,261.684614915,292682.739631187,4641792.552232177,1.2,1610,12,1,8-28,[]
TX,261.721331635,291656.539566156,4639943.427373545,1.2,733,12,1,234-15,[]
TX,261.840345375,256234.792061344,4651864.59810408,1.2,1255,12,1,345-19,[]
TX,262.289509586,298069.019916982,4639317.095648353,1.2,217,12,1,154-9,[]
TX,262.359422222,290654.259517937,4642598.439795743,1.2,1123,12,2,309-16,[]
TX,262.506729481,289813.647497282,4641409.435817535,1.2,1509,7,1,58-25,[]
TX,262.790738197,291028.784375763,4641946.169325448,1.2,1089,10,2,3-3,[]
TX,262.918894571,295033.917936166,4642932.387898961,1.2,590,9,1,213-16,[]
TX,263.488051599,291031.158620576,4642327.64693243,1.2,836,11,1,245-9,[]
TX,263.580473751,291709.660066516,4642127.821265756,1.2,720,11,1,232-29,[]
TX,264.039556547,290498.172311562,4640670.196144458,1.2,1387,7,1,366-16,[]
TX,264.068320264,290380.5025539,4641811.671532989,1.2,745,7,2,235-14,[]
TX,264.177636045,271625.754983086,4630635.258558931,1.2,1464,12,1,44-16,[]
TX,264.244873859,273689.394289453,4630641.188053317,1.2,41,12,1,111-18,[]
TX,264.252040317,285838.677970642,4643274.964680139,1.2,1324,12,1,360-10,[]
TX,264.443312213,290405.506057967,4641811.102955651,1.2,296,7,1,172-9,[]
TX,264.679303242,295115.285474348,4642742.519340306,1.2,1400,8,1,369-28,"[['RX_GW', 264.886716715, 1400, 8, 1, 868.1, -126.890537846, '00:00:00:00:00:04']]"
TX,264.728411488,291728.824306611,4642420.584873674,1.2,1621,12,1,80-27,[]
TX,264.84800805,290526.411183569,4642821.380373104,1.2,518,12,1,205-8,[]
TX,265.05274282,290369.919988637,4641811.28094273,1.2,1672,7,1,87-4,"[['RX_GW', 265.167739626, 1672, 7, 1, 868.1, -122.561899747, '00:00:00:00:00:02']]"
TX,265.05351956,290897.006955893,4642259.208304483,1.2,857,10,2,248-9,[]
TX,265.093774124,286458.45850323,4642643.221186627,1.2,324,12,1,178-15,[]
TX,265.570618803,290092.496033534,4640905.341649387,1.2,58,7,1,113-21,"[['RX_GW', 265.685612761, 58, 7, 1, 868.1, -84.019126972, '00:00:00:00:00:02']]"
TX,265.831498916,291768.859729497,4636722.800642534,1.2,1765,12,1,99-29,[]
TX,265.910942389,289166.980370305,4642518.194917508,1.2,1454,12,1,42-20,[]
TX,266.031051993,290304.907931909,4641412.089171465,1.2,1410,7,1,37-21,[]
TX,266.196546323,288965.123950922,4642645.282680411,1.2,24,10,1,105-14,[]
TX,266.31102615,291635.607859696,4644607.38394702,1.2,751,12,2,235-21,[]
TX,266.369878152,289735.992105496,4640400.273618463,1.2,69,7,1,115-18,[]
TX,266.582894732,290481.468320346,4640774.812077035,1.2,1020,7,1,288-29,[]
TX,266.699466126,273663.624555845,4630608.381378941,1.2,865,12,1,250-15,[]
TX,266.764057424,291027.085111672,4641960.91891815,1.2,1361,10,1,365-1,[]
TX,266.924078511,290548.418799151,4636476.682852177,1.2,650,12,1,223-8,[]
TX,266.952003515,290548.642711404,4642662.817737601,1.2,1309,12,2,357-13,[]
TX,267.005855435,290473.671264374,4640624.420989011,1.2,377,7,1,191-23,[]
TX,267.006159,291652.565700993,4642312.37925073,1.2,1535,12,1,61-15,[]
TX,267.169482277,293319.454121148,4640194.977149958,1.2,67,12,1,115-16,[]
TX,267.222106016,293385.182424775,4640749.238709668,1.2,1018,12,2,288-27,[]
TX,267.27569755,291721.981181358,4642165.353287701,1.2,507,12,1,203-21,[]
TX,267.349173917,289118.626709948,4640560.177874827,1.2,1591,7,2,79-12,[]
TX,267.660382628,280726.852680781,4623593.243935839,1.2,286,12,2,170-27,[]
TX,267.923375411,290065.427774376,4640938.966266605,1.2,269,7,1,169-18,[]
TX,267.925003702,293176.918044331,4643067.279477138,1.2,704,12,2,229-29,[]
TX,268.02901827,291440.874563435,4644393.700699412,1.2,696,12,1,228-26,[]
TX,268.080987748,291679.104206326,4642108.965385735,1.2,1184,11,1,325-22,[]
TX,268.09984759,290055.583677733,4641552.067294077,1.2,443,7,1,197-24,[]
TX,268.519341259,294967.73701634,4642709.749325824,1.2,578,8,1,212-22,[]
TX,268.635556561,291962.72224309,4637433.626337601,1.2,1168,12,2,322-12,[]
TX,268.716772737,296671.530648589,4646522.809428507,1.2,177,12,1,14-11,[]
TX,268.742907861,290381.86967703,4641839.549088256,1.2,1005,7,1,281-9,"[['RX_GW', 268.857904769, 1005, 7, 1, 868.1, -123.556793115, '00:00:00:00:00:02']]"
TX,268.74991843,291740.530103073,4642155.243963246,1.2,1683,11,2,89-17,[]
TX,268.876293074,291769.716239479,4642615.067795719,1.2,154,12,1,135-2,[]
TX,269.167098223,290391.730168475,4641814.509185397,1.2,1740,7,2,94-27,[]
TX,269.242335833,272125.330838253,4630315.839713937,1.2,652,12,1,224-12,[]
TX,269.330104072,290650.489207297,4642543.342329737,1.2,700,12,1,228-30,[]
TX,269.601937727,271614.168541412,4630656.352337451,1.2,1389,12,1,368-26,[]
TX,269.659986181,289745.037490109,4641530.268124023,1.2,1465,7,1,44-17,[]
TX,269.832417444,290081.060769102,4641538.804343002,1.2,1198,7,1,331-15,[]
TX,270.236201958,299740.775909813,4630048.918180885,1.2,623,12,1,220-30,[]
TX,270.261524038,294585.921992943,4645452.429233295,1.2,75,12,1,115-3,[]
TX,270.397254648,288948.328348637,4642628.696091324,1.2,961,10,1,267-17,[]
TX,270.590562509,290879.99711699,4642278.305175317,1.2,1171,10,1,322-24,[]
TX,270.637044232,291032.599669374,4641932.942055721,1.2,1680,9,2,89-12,[]
TX,271.215691024,290689.568397209,4641299.840792285,1.2,88,7,1,119-7,[]
TX,271.319228837,290401.645244679,4641798.696121694,1.2,1733,7,1,94-19,[]
TX,271.453189189,290151.770685848,4644288.146680625,1.2,1554,12,1,68-15,[]
TX,271.501753868,298082.92917337,4639298.876875586,1.2,213,12,1,154-23,[]
TX,271.548220697,293110.201241744,4642345.760482429,1.2,1292,12,1,352-26,[]
TX,272.239244525,291162.767816552,4642382.822327128,1.2,405,12,1,193-25,[]
TX,272.291481945,290876.190981801,4642271.731176007,1.2,1453,10,1,42-2,[]
TX,272.465548867,294692.208831834,4646874.218931274,1.2,1677,12,1,88-7,[]
TX,272.773566501,290694.222306893,4642154.332010133,1.2,403,9,1,193-22,[]
TX,272.778657669,273165.340248594,4629969.672715285,1.2,695,12,1,228-25,[]
TX,272.924500766,290393.648260483,4641809.140538882,1.2,457,7,1,199-6,[]
TX,273.049512737,288731.996389773,4635188.375138005,1.2,1350,12,1,362-13,[]
TX,273.074151552,292162.516502092,4643457.089802696,1.2,1139,12,1,315-14,[]
TX,273.093181057,291055.269606102,4642323.462140973,1.2,1742,11,1,94-29,[]
TX,273.138841686,290475.9594777,4641377.909487903,1.2,116,7,1,127-14,[]
TX,273.404895949,291848.23681304,4642812.253828011,1.2,141,12,1,132-6,[]
TX,273.411596862,289683.139597694,4634022.857445579,1.2,608,12,1,22-30,[]
TX,273.461896246,290065.611597149,4641531.685325126,1.2,471,7,1,2-24,[]
TX,273.635469658,291642.282707279,4636612.346055174,1.2,34,12,2,106-4,[]
TX,273.660268383,290428.780682699,4641808.737848229,1.2,1707,7,1,90-21,[]
TX,273.833061884,292313.174126451,4642043.397275892,1.2,299,12,1,174-11,[]
TX,273.847649539,292675.740005058,4641826.027755262,1.2,87,12,1,119-6,[]
TX,273.882270852,291548.820492689,4641107.030633358,1.2,1243,11,1,343-28,[]
TX,274.14193545,283135.208241406,4647888.824877387,1.2,1338,12,1,361-15,[]
TX,274.15179669,291032.553356403,4641162.495979481,1.2,524,7,1,208-13,[]
TX,274.417598098,291213.107876328,4641294.360345663,1.2,847,8,1,248-12,[]
TX,274.427849166,290321.389041035,4641896.433889074,1.2,352,8,1,185-29,[]
TX,274.536317285,291836.179398429,4642548.717771558,1.2,355,12,1,187-15,[]
TX,274.54297992,301763.698678068,4645301.963398266,1.2,1224,12,1,342-10,[]
TX,274.646111772,290349.720416061,4641799.705415361,1.2,1390,7,2,369-10,[]
TX,274.779216245,290564.91355619,4642903.273415863,1.2,1717,12,2,90-8,[]
TX,274.813581994,290096.226596578,4640903.642973367,1.2,644,7,1,223-3,[]
TX,275.013322711,290259.727767604,4641988.242513705,1.2,71,8,2,115-2,"[['RX_GW', 275.220735953, 71, 8, 2, 868.1, -124.010665633, '00:00:00:00:00:02']]"
TX,275.01398202,290531.33734437,4641101.634669044,1.2,379,7,2,191-26,[]
TX,275.086467602,292306.978532188,4636381.455905659,1.2,1099,12,2,300-3,[]
TX,275.125645083,290353.096178519,4643296.963311919,1.2,727,12,2,233-22,[]
TX,275.156881434,290532.671176084,4636452.634025462,1.2,470,12,1,2-21,[]
TX,275.213672114,296417.882074827,4645757.06007861,1.2,780,12,1,238-20,[]
TX,275.259771966,287668.566044693,4639590.839485008,1.2,655,12,2,224-15,[]
TX,275.296874661,289851.947155045,4638947.410535404,1.2,1158,12,1,321-15,[]
TX,275.300140904,290472.726014177,4640667.63813216,1.2,255,7,2,157-25,[]
TX,275.404334716,290069.303193278,4640932.336816118,1.2,973,7,1,273-12,[]
TX,275.412254986,294375.831555432,4643076.325747823,1.2,1374,12,1,365-21,[]
TX,275.489196111,288962.652798641,4642771.61397047,1.2,1311,12,1,357-15,[]
TX,276.151383328,288658.621338367,4641548.623984112,1.2,1356,9,1,362-26,[]
TX,276.989991314,286469.506446587,4641726.403094266,1.2,98,12,1,121-11,[]
TX,277.100558331,291849.23795915,4642554.915176978,1.2,891,12,1,257-20,[]
TX,277.127290946,295740.080865534,4641508.774830105,1.2,784,7,1,238-4,[]
TX,277.433793271,291728.824348871,4642153.313537098,1.2,1670,11,1,87-3,[]
TX,277.936109157,292731.923288618,4641845.336696049,1.2,984,12,1,275-29,[]
TX,278.22331629,284971.571145275,4643540.642583797,1.2,208,12,2,147-19,[]
TX,278.278955277,290065.510446951,4641509.477743316,1.2,1294,7,1,352-28,[]
TX,278.348002337,311140.755079534,4650905.814174549,1.2,1165,12,2,321-29,[]
TX,278.588117949,291300.559300639,4640343.437138146,1.2,1754,10,1,96-14,[]
TX,278.662026152,290403.674765277,4643015.289153912,1.2,609,12,1,22-4,[]
TX,278.715444931,292455.500009398,4643469.265966498,1.2,944,12,1,264-29,[]
TX,278.834068285,291840.692209173,4642448.174549236,1.2,557,12,1,21-20,[]
TX,279.082296055,292080.552552908,4640662.702560743,1.2,358,12,1,188-14,[]
TX,279.166818402,288335.732984965,4644714.578475097,1.2,955,12,1,266-4,[]
TX,279.241142976,290073.752816743,4640941.471276318,1.2,45,7,1,111-22,[]
TX,279.262709055,291867.093506734,4642554.06396719,1.2,303,12,1,174-15,[]
TX,279.373199727,293657.897381484,4644152.22748867,1.2,1720,12,1,92-15,[]
TX,279.629266462,284730.154038746,4630149.187539249,1.2,341,12,1,184-5,[]
TX,279.962147407,290081.151117513,4640919.34861939,1.2,709,7,1,232-11,[]
TX,279.970686681,271542.826023887,4630278.382367453,1.2,667,12,1,224-5,[]
TX,279.995519676,285780.230898131,4641380.982278043,1.2,300,12,1,174-12,[]
TX,280.008460511,291844.726373424,4642548.222795901,1.2,1151,12,2,317-1,[]
TX,280.065895223,291531.028854745,4642069.372301818,1.2,1570,12,2,70-24,[]
TX,280.180053151,292700.702183334,4641605.940670357,1.2,1375,12,1,365-24,[]
TX,280.229437651,292290.654376941,4637702.463023154,1.2,308,12,1,174-27,[]
TX,280.231450006,292672.022704333,4641057.555430002,1.2,1540,12,1,62-21,[]
TX,280.231985121,290098.93601686,4640931.164027532,1.2,43,7,1,111-20,[]
TX,280.238679258,291528.822678495,4641377.230165379,1.2,516,10,1,205-19,[]
TX,280.393738959,292854.140845783,4638893.115583645,1.2,852,12,2,248-25,[]
TX,280.475504495,286011.503760425,4644517.545924569,1.2,759,12,1,235-5,[]
TX,280.61903747,291727.259386508,4642155.193846615,1.2,1627,11,1,81-19,"[['RX_GW', 282.099798214, 1627, 11, 1, 868.1, -133.87241655, '00:00:00:00:00:02']]"
TX,280.772750685,295122.885150361,4642762.453857249,1.2,1024,9,1,29-18,[]
TX,280.780746691,293372.102751441,4634222.804726809,1.2,807,12,2,241-8,[]
TX,280.989612804,291871.141758182,4642552.644135507,1.2,1277,12,2,351-29,[]
TX,281.16376048,290495.415310208,4643398.180162019,1.2,945,12,1,266-16,[]
TX,281.187502062,291144.023461165,4641962.925548959,1.2,82,10,2,118-8,[]
TX,281.231951386,273675.842961406,4630613.468005128,1.2,331,12,1,178-29,[]
TX,281.522013994,291018.527484559,4641791.183626165,1.2,1147,8,2,315-29,[]
TX,281.526307216,289316.428229169,4642385.352390645,1.2,892,10,1,257-21,[]
TX,281.768553798,293942.540110408,4642871.364811498,1.2,1197,12,1,331-1,[]
TX,281.899936226,291052.272943121,4641909.33464173,1.2,320,9,1,178-11,[]
TX,282.033142415,295133.855136094,4642737.042527364,1.2,59,8,1,113-22,[]
TX,282.14317299,290627.491346565,4642304.809105676,1.2,80,10,1,115-8,"[['RX_GW', 282.802683681, 80, 10, 1, 868.1, -132.850300524, '00:00:00:00:00:02']]"
TX,282.568078365,288881.726576032,4642616.240566458,1.2,550,12,2,209-7,[]
TX,283.074627322,291620.128749262,4640093.192105388,1.2,679,11,1,225-30,"[['RX_GW', 284.555387024, 679, 11, 1, 868.1, -134.126815471, '00:00:00:00:00:02']]"
TX,283.144158493,289183.690804355,4642909.878149861,1.2,360,12,2,188-24,[]
TX,283.265775935,293347.417880387,4642648.776387087,1.2,345,12,1,185-15,[]
TX,283.326208971,291237.358221221,4642275.240416476,1.2,1507,10,1,58-23,[]
TX,283.8233637,291081.098178835,4641219.68989373,1.2,1194,9,1,329-10,[]
TX,283.904659085,291831.787800239,4642568.85044617,1.2,1532,12,1,61-12,[]
TX,283.999116782,290743.107854948,4642878.884664583,1.2,1086,12,1,298-29,[]
TX,284.040739496,291125.588844855,4641953.480188066,1.2,387,10,2,191-8,[]
TX,284.164365103,292033.44839523,4643070.836508257,1.2,223,12,1,156-10,[]
TX,284.187789939,298138.314835452,4650603.654100684,1.2,186,12,1,14-30,[]
TX,284.531219089,294012.780210332,4639577.993070895,1.2,1321,12,1,359-25,[]
TX,284.54506781,290084.583037704,4640914.371837488,1.2,260,7,1,157-9,[]
TX,284.754168854,289740.157059958,4638829.409804015,1.2,1192,12,1,328-7,[]
TX,284.823289314,295149.354719242,4642742.434538022,1.2,1603,8,1,8-1,[]
TX,284.894901364,291115.289387584,4642461.438294969,1.2,254,11,1,157-24,[]
TX,284.900108412,291857.214461389,4641626.206988416,1.2,249,11,1,157-12,[]
TX,285.011963152,293327.298376205,4643222.697983669,1.2,1488,12,2,53-13,[]
TX,285.041158247,291256.996131714,4638498.981039706,1.2,258,12,1,157-28,[]
TX,285.060048588,291067.868428887,4643535.414267812,1.2,773,12,2,236-7,[]
TX,285.179804167,289195.607456498,4642525.734051416,1.2,291,12,2,172-11,[]
TX,285.332754894,290917.316099234,4641227.160249437,1.2,326,7,1,178-24,[]
TX,285.499338103,289546.729199103,4644106.833107755,1.2,1744,12,1,94-30,[]
TX,285.539739158,291100.799927905,4641036.117036801,1.2,1127,8,1,311-11,[]
TX,285.576219577,292671.888732168,4643688.721029617,1.2,875,12,1,253-16,[]
TX,285.588885913,292522.34252607,4642911.607541869,1.2,246,12,2,156-9,[]
TX,285.703849705,289576.335365172,4647059.144202868,1.2,680,12,1,225-4,[]
TX,285.775811245,293362.181678799,4640075.283239418,1.2,635,12,2,222-22,[]
TX,285.912123105,289248.760952134,4642470.380442631,1.2,1467,10,1,44-19,[]
TX,285.99069493,292774.386193421,4642165.108808613,1.2,496,12,1,202-2,[]
TX,286.113086648,289674.422308687,4640520.68296976,1.2,676,7,1,225-21,[]
TX,286.146417636,294292.885435911,4644173.640786237,1.2,971,12,2,273-10,[]
TX,286.345541678,290736.176131377,4641307.01792812,1.2,1639,7,2,83-12,[]
TX,286.471820107,291771.265045617,4639321.863605171,1.2,681,12,1,225-5,[]
TX,286.486889543,295139.260950517,4642696.497231558,1.2,1129,8,2,311-13,[]
TX,286.525402627,291292.909321274,4644949.409044785,1.2,883,12,2,255-2,[]
TX,286.820587343,291032.166502491,4641779.114816922,1.2,1244,8,1,343-29,[]
TX,286.911066301,290291.547062624,4641306.993622366,1.2,1600,7,2,79-28,[]
TX,287.130807369,290837.239210341,4642776.346675994,1.2,1728,11,2,94-13,[]
TX,287.155196007,291950.438625333,4643634.28279222,1.2,27,12,1,105-24,[]
TX,287.212514939,292155.320145309,4643286.213968241,1.2,776,12,2,238-17,[]
TX,287.308903215,291184.39298154,4641323.971425348,1.2,602,8,1,22-16,[]
TX,287.842086579,292662.823998143,4641321.566552517,1.2,1687,12,1,89-21,[]
TX,287.971946573,282852.651874466,4657689.867664672,1.2,640,12,1,222-6,[]
TX,288.236286107,271525.992466462,4630731.324748994,1.2,146,12,1,135-12,[]
TX,288.293415765,295115.360566014,4642711.000185436,1.2,1424,8,1,39-8,[]
TX,288.498044295,292064.322950156,4644132.55216093,1.2,1721,12,1,92-16,[]
TX,288.506766783,292214.325014207,4642166.97576491,1.2,583,12,1,212-4,[]
TX,288.549569694,290404.191096222,4641804.846753143,1.2,1682,7,2,89-14,[]
TX,288.635667817,292049.122788183,4644053.315440686,1.2,746,12,1,235-15,[]
TX,288.704466412,290395.610827633,4641807.813035186,1.2,828,7,1,243-30,[]
TX,288.818658323,292648.845458821,4643963.321183657,1.2,534,12,1,208-25,[]
TX,288.872595174,292309.228460865,4641965.288119213,1.2,1405,12,1,37-13,[]
TX,289.005825462,291899.660931261,4644437.561440221,1.2,830,12,1,244-8,[]
TX,289.212708514,290440.540970754,4640846.655309733,1.2,202,7,1,143-8,[]
TX,289.33047377,290225.338863469,4641451.142086457,1.2,1605,7,1,8-23,[]
TX,289.3755272,290425.61529682,4644156.316084013,1.2,1470,12,1,44-22,[]
TX,289.480178133,284007.356028348,4632499.76796987,1.2,798,12,2,241-20,[]
TX,289.520678161,291814.43247249,4641593.4674886,1.2,1522,11,1,59-24,[]
TX,289.591089054,290815.754043105,4640325.494520233,1.2,1607,8,2,8-25,[]
TX,289.621596839,292714.156014853,4641129.512448961,1.2,369,12,1,191-13,[]
TX,289.801840665,291620.732669628,4644626.809725219,1.2,760,12,1,235-7,[]
TX,289.810443689,290707.526302459,4651386.180327146,1.2,770,12,2,236-26,[]
TX,290.02547449,273698.045352718,4630637.198944289,1.2,663,12,2,224-27,[]
TX,290.153543174,288978.719387059,4643697.693834609,1.2,30,12,1,105-27,[]
TX,290.214133859,291817.64061515,4641598.286605277,1.2,1427,11,1,4-23,[]
TX,290.251274943,291530.233197527,4642154.249471948,1.2,321,12,2,178-12,[]
TX,290.344651902,290060.565619823,4642385.357533193,1.2,1278,8,1,352-1,[]
TX,290.574354966,292748.43330146,4642012.353253812,1.2,1484,12,1,53-1,[]
TX,290.657719703,280246.973406299,4632616.113004883,1.2,668,12,1,224-6,[]
TX,290.697228015,290972.364954443,4640799.714538287,1.2,1494,7,1,53-26,"[['RX_GW', 290.812224927, 1494, 7, 1, 868.1, -123.475264144, '00:00:00:00:00:02']]"
TX,290.701893103,292665.32608428,4641804.66445563,1.2,85,12,1,119-4,[]
TX,291.098380472,292523.949659402,4642913.985541946,1.2,234,12,1,156-23,[]
TX,291.180310403,292094.54662487,4640663.524777813,1.2,1035,12,2,290-15,[]
TX,291.55674899,298069.294965382,4639320.454742095,1.2,216,12,1,154-6,[]
TX,291.609610823,292265.614175477,4637900.796908529,1.2,404,12,2,193-24,[]
TX,291.63448296,291232.022055488,4641301.040220298,1.2,843,9,2,246-8,[]
TX,291.652835777,293692.711592636,4639589.264453309,1.2,268,12,2,169-17,[]
TX,291.851376603,289712.738138988,4638885.629954902,1.2,427,12,1,196-17,[]
TX,291.896784658,290758.135065541,4641297.410434024,1.2,1038,7,1,290-25,[]
TX,291.994298886,294036.736824529,4639022.87279095,1.2,1335,12,1,361-12,[]
TX,292.092697125,292194.586619304,4642157.444727164,1.2,1097,12,1,300-22,[]
TX,292.121146004,289696.020290075,4638987.641272855,1.2,428,12,1,196-18,[]
TX,292.401949274,289934.699309812,4641270.890087776,1.2,591,7,1,213-2,[]
TX,292.507664356,292630.022003826,4641671.584905434,1.2,124,12,1,129-5,[]
TX,292.596481312,291726.40136055,4642152.659605168,1.2,468,11,1,2-2,[]
TX,292.85238907,288438.247492347,4642841.969370119,1.2,714,12,1,232-23,[]
TX,292.926961095,290884.030695484,4642257.530562577,1.2,1290,10,2,352-24,[]
TX,293.042089069,288493.900842358,4641293.746271409,1.2,257,9,2,157-27,[]
TX,293.237178579,289889.630609124,4641318.522967112,1.2,938,7,2,262-22,[]
TX,293.368527542,290273.445403951,4641997.83517349,1.2,1009,8,2,288-10,[]
TX,293.394878023,290300.142928016,4640737.535240605,1.2,94,7,1,12-14,[]
TX,293.508741783,290365.537672725,4641806.603873599,1.2,74,7,1,115-22,[]
TX,293.625942099,290684.080211096,4641282.96633153,1.2,1170,7,1,322-23,[]
TX,293.631630198,289742.479061702,4641833.568460706,1.2,1505,7,1,58-14,[]
TX,294.200199794,291016.0840912,4641976.154502683,1.2,818,10,1,242-8,"[['RX_GW', 294.85971034, 818, 10, 1, 868.1, -131.128450909, '00:00:00:00:00:02']]"
TX,294.280510514,290947.699328164,4641190.815055623,1.2,158,7,1,135-25,[]
TX,294.443771416,280723.137990414,4623604.416163548,1.2,287,12,1,170-28,[]
TX,294.624507748,287259.995217978,4640751.590403468,1.2,66,12,1,113-8,[]
TX,294.784677974,292317.113037732,4642044.001554576,1.2,846,12,2,248-11,[]
TX,294.786457511,299770.717822219,4630300.773091938,1.2,617,12,1,220-19,[]
TX,295.105317207,282328.865781232,4637014.49860476,1.2,393,12,1,193-10,[]
TX,295.156902523,289582.839022997,4642228.038834692,1.2,1637,7,2,81-8,"[['RX_GW', 295.27190058, 1637, 7, 2, 868.1, -122.99238884, '00:00:00:00:00:02']]"
TX,295.367809929,290116.142659701,4643331.930805923,1.2,219,12,1,155-12,[]
TX,295.382544896,293701.538277575,4644246.980369695,1.2,541,12,1,208-8,[]
TX,295.405400391,288563.512003072,4642689.062822701,1.2,1235,12,1,343-14,[]
TX,295.430640102,284751.114350889,4630149.331554748,1.2,338,12,2,184-18,[]
TX,295.483123,290715.534132051,4643001.099868331,1.2,1654,12,2,85-20,[]
TX,295.713016322,290279.397184843,4641280.241415656,1.2,1589,7,1,79-10,[]
TX,295.829088962,289678.43124398,4642083.944147391,1.2,1358,9,2,362-28,[]
TX,296.035479678,291349.949814925,4641430.272171105,1.2,1249,9,1,344-10,[]
TX,296.172541613,291804.431868299,4642557.246674071,1.2,1706,12,1,90-19,[]
TX,296.194956989,294056.388433599,4641651.049159092,1.2,789,11,1,240-20,"[['RX_GW', 297.675715998, 789, 11, 1, 868.1, -133.629044379, '00:00:00:00:00:04']]"
TX,296.241729128,282999.740786107,4644209.366509281,1.2,1497,12,1,53-29,[]
TX,296.251185941,292488.579268136,4639813.695621442,1.2,610,12,1,22-5,[]
TX,296.254672184,290616.875421496,4641350.063075025,1.2,133,7,1,132-15,[]
TX,296.303377121,292309.189972996,4641781.816107388,1.2,639,12,1,222-5,[]
TX,296.422949097,290588.205915845,4641353.472078524,1.2,523,7,1,208-12,[]
TX,296.511280701,292639.865128151,4641677.782000273,1.2,1741,12,2,94-28,[]
TX,296.56516911,292874.830239189,4641512.104824327,1.2,1055,12,2,295-22,[]
TX,296.56917336,289109.410767724,4641809.874914219,1.2,372,8,1,191-18,[]
TX,296.670911718,292836.648511662,4640491.955774952,1.2,748,12,1,235-18,[]
TX,296.687825422,292395.965729303,4642182.508051359,1.2,1140,12,1,315-15,[]
TX,296.76162732,290740.26388497,4642895.417999724,1.2,686,12,2,228-10,[]
TX,296.790821415,290094.590656434,4640892.957666484,1.2,630,7,1,222-18,[]
TX,296.805861833,290356.802446377,4641806.578216428,1.2,1748,7,1,94-7,[]
TX,296.95269614,288868.983585952,4635890.53104051,1.2,390,12,2,192-22,[]
TX,297.135778199,291218.132301726,4641313.113423474,1.2,26,8,2,105-23,[]
TX,297.286078132,299792.70794519,4630305.989542416,1.2,978,12,1,273-24,[]
TX,297.320168032,290153.366492949,4640838.742236501,1.2,1411,7,1,37-22,[]
TX,297.454087382,290083.822388833,4641525.153247388,1.2,5,7,2,104-10,[]
TX,297.478725767,290371.4193159,4641307.389643757,1.2,1251,7,2,344-12,[]
TX,297.517332198,291336.503420332,4641143.031470711,1.2,532,9,1,208-23,[]
TX,297.645203149,291868.815625069,4644192.841100536,1.2,363,12,2,188-27,[]
TX,297.689599385,291104.292830809,4642476.890592724,1.2,485,12,1,200-18,[]
TX,298.088522954,290482.030174036,4640628.825502082,1.2,1369,7,1,365-17,"[['RX_GW', 298.203518442, 1369, 7, 1, 868.1, -111.943245657, '00:00:00:00:00:02']]"
TX,298.425256568,286658.803812337,4645756.227476969,1.2,573,12,2,212-13,[]
TX,298.740870204,292525.170981481,4642921.253062349,1.2,1317,12,2,357-28,[]
TX,298.763801027,291275.351139473,4641991.988957572,1.2,809,11,1,242-18,[]
TX,298.93001215,288482.725908533,4642831.483423523,1.2,1308,12,1,357-12,[]
TX,299.01203843,290686.31240546,4641313.557329489,1.2,1312,7,2,357-23,[]
TX,299.202076376,293250.624174191,4639333.760516743,1.2,210,12,1,152-22,[]
TX,299.269762413,299735.36461477,4630019.705471092,1.2,622,12,1,220-3,[]
TX,299.436896732,291222.445420715,4642565.23757753,1.2,138,11,1,132-30,[]
TX,299.79860898,292450.489732178,4641954.745569931,1.2,1266,12,1,348-12,[]
TX,299.930854,291012.845769704,4641819.421065432,1.2,1347,8,2,362-10,[]
TX,299.994979734,291551.114268714,4642066.41073737,1.2,7,12,2,104-12,[]
TX,300.043116562,290380.711615956,4641826.489619357,1.2,1486,7,2,53-11,[]
TX,300.423116545,297566.239174463,4643632.351444689,1.2,178,12,2,14-12,[]
TX,300.465022458,292312.43142766,4642051.21655093,1.2,1185,12,2,325-23,[]
TX,300.782561859,291216.642600176,4642278.640922935,1.2,1072,12,2,297-29,[]
TX,301.042308761,291240.047414976,4642280.464623451,1.2,1074,10,2,298-1,[]
TX,301.253517661,283966.293517747,4640187.055449322,1.2,302,12,2,174-14,[]
TX,301.479319245,292804.770340638,4642209.250513182,1.2,682,12,2,225-6,[]
TX,302.563537231,294022.705378846,4641044.169730003,1.2,512,10,2,203-6,"[['RX_GW', 303.223048779, 512, 10, 2, 868.1, -131.825178788, '00:00:00:00:00:04']]"
TX,302.833838688,283544.07684347,4634369.378301307,1.2,1133,12,2,313-8,[]
TX,303.272148252,289205.889924912,4642229.265875421,1.2,454,9,2,198-7,"[['RX_GW', 303.643914818, 454, 9, 2, 868.1, -129.523148693, '00:00:00:00:00:02']]"
TX,303.276628539,294037.950660708,4641649.74953614,1.2,792,11,2,240-5,"[['RX_GW', 304.757387609, 792, 11, 2, 868.1, -133.837033905, '00:00:00:00:00:04']]"
TX,303.310798682,288868.506339803,4638533.973051151,1.2,997,12,2,280-16,[]
TX,303.725384341,292625.719931804,4641773.600999702,1.2,1649,12,2,85-16,[]
TX,304.488137991,292683.894364526,4641799.902085491,1.2,956,12,2,266-5,[]
TX,304.565678841,295613.70827811,4645551.811555872,1.2,350,12,2,185-27,[]
TX,304.820003982,290344.565195802,4641842.008093583,1.2,301,8,2,174-13,[]
TX,304.995496886,289644.748348478,4643732.908538161,1.2,1582,12,2,74-30,[]
TX,305.434016082,290858.825926927,4642258.482696184,1.2,754,10,2,235-26,[]
TX,305.78039393,294212.42242469,4639812.003918413,1.2,1218,12,2,341-26,[]
TX,305.861481175,292690.029263132,4641798.204682663,1.2,1316,12,2,357-27,[]
TX,305.893773152,290516.345332221,4640858.642510394,1.2,46,7,2,111-30,[]
TX,306.162574722,291401.966652548,4641356.93126435,1.2,826,10,2,243-28,[]
TX,306.339285866,290109.593063863,4640889.754142094,1.2,256,7,2,157-26,[]
TX,306.520375801,287913.8091227,4643975.402432859,1.2,50,12,2,112-13,[]
TX,306.593222006,290074.515266769,4641521.347735535,1.2,1088,7,2,3-2,"[['RX_GW', 306.708217578, 1088, 7, 2, 868.1, -113.472573008, '00:00:00:00:00:02']]"
TX,307.110197045,292745.107443715,4643110.203243748,1.2,108,12,2,122-29,[]
TX,307.348520833,290266.066325496,4641982.516266091,1.2,289,7,2,172-1,"[['RX_GW', 307.463518053, 289, 7, 2, 868.1, -123.948340102, '00:00:00:00:00:02']]"
TX,307.552251431,290229.323036956,4642804.35532146,1.2,492,11,2,200-5,[]
TX,308.585577888,291491.90028882,4645032.617562832,1.2,756,12,2,235-29,[]
TX,308.610562516,291026.695597349,4641950.440098557,1.2,1131,10,2,311-15,[]
TX,308.62218037,290326.173153847,4640717.719231014,1.2,1258,7,2,347-17,[]
TX,308.643359873,290080.387075592,4640921.457117276,1.2,1712,7,2,90-28,[]
TX,308.696048782,289649.096799335,4645660.456747455,1.2,986,12,2,279-22,[]
TX,308.789994102,291531.172893602,4641314.184114687,1.2,965,10,2,267-21,[]
TX,308.810050728,292656.169807409,4641764.088786688,1.2,1343,12,2,361-28,[]
TX,309.233204081,291872.613243457,4642552.321405574,1.2,347,12,2,185-24,[]
TX,309.276157129,290661.307931564,4641639.014964744,1.2,135,7,2,132-19,[]
TX,309.280380452,290593.465084737,4642833.32049344,1.2,1422,12,2,370-16,[]
TX,309.333809209,273708.385183156,4630643.673701863,1.2,1032,12,2,290-12,[]
TX,309.594718463,290766.156288536,4642768.071062517,1.2,1447,12,2,41-21,[]
TX,309.620736059,295114.656030295,4642718.722153427,1.2,1718,8,2,92-1,[]
TX,309.942148576,290086.720420636,4640911.554862023,1.2,1478,7,2,48-19,[]
TX,309.984016179,290863.462160325,4642270.567206678,1.2,1253,10,2,344-14,[]
TX,310.180160886,291109.277796672,4642483.845377382,1.2,1263,12,2,347-22,[]
TX,311.350370755,288327.479152805,4639446.710020385,1.2,86,12,2,119-5,[]
TX,311.701958625,291131.229414733,4643263.206481864,1.2,502,12,2,202-8,[]
TX,311.735434634,293939.993826063,4638838.054424819,1.2,519,12,2,205-9,[]
TX,312.066437493,289525.054463784,4641793.235235741,1.2,362,7,2,188-26,"[['RX_GW', 312.181434256, 362, 7, 2, 868.1, -122.085116061, '00:00:00:00:00:02']]"
TX,312.298741221,297536.681810431,4647035.638340349,1.2,451,12,2,198-4,[]
TX,312.619539772,292197.612133906,4643436.488137514,1.2,1462,12,2,42-7,[]
TX,312.783812956,294281.114329577,4641983.579454566,1.2,1719,9,2,92-14,"[['RX_GW', 313.155579301, 1719, 9, 2, 868.1, -127.67316363, '00:00:00:00:00:04']]"
TX,312.79238279,291950.538238786,4641571.982178322,1.2,895,12,2,257-24,[]
TX,312.804478721,290530.453872974,4641369.276718654,1.2,1498,7,2,54-5,[]
TX,313.1205858,290345.154966578,4641792.408102995,1.2,1203,7,2,337-17,[]
TX,313.724516378,271827.229541071,4630664.543531347,1.2,1300,12,2,356-17,[]
TX,313.844851856,291013.85668997,4641825.735234547,1.2,1602,8,2,79-9,[]
TX,314.110426251,283202.204846732,4653468.272183815,1.2,31,12,2,105-28,[]
TX,314.542907872,290309.584475079,4636916.836577545,1.2,384,12,2,191-5,[]
TX,314.650583535,291770.993264444,4642821.258879357,1.2,273,12,2,169-3,[]
TX,314.922040691,289663.968052538,4641701.791349806,1.2,710,7,2,232-12,[]
TX,315.746565093,299750.612488584,4630069.172570682,1.2,921,12,2,259-9,[]
TX,316.108599197,290299.582449924,4642172.823218821,1.2,1520,10,2,59-15,[]
TX,316.408571092,290414.579474019,4641807.673307738,1.2,1030,7,2,290-10,[]
TX,316.475905494,290092.715456881,4640911.117114314,1.2,940,7,2,264-24,[]
TX,316.525204607,285524.679403196,4648510.51753881,1.2,755,12,2,235-28,[]
TX,316.728431087,290529.696494604,4640937.880167955,1.2,482,7,2,2-7,[]
TX,317.336953395,290191.854820332,4643176.978829569,1.2,804,12,2,241-5,[]
TX,317.41498343,291590.179362521,4644808.695577182,1.2,407,12,2,193-27,[]
TX,317.479622038,292427.730612758,4641743.338405987,1.2,306,12,2,174-25,[]
TX,317.923706846,291203.616633241,4641854.494604485,1.2,25,11,2,105-15,[]
TX,317.991346117,292946.809207714,4629924.142173708,1.2,653,12,2,224-13,[]
TX,318.659144574,289808.074524697,4641911.471402931,1.2,1697,7,2,89-6,[]
TX,318.826004584,295466.415605553,4642515.878564164,1.2,570,7,2,210-8,"[['RX_GW', 318.941000885, 570, 7, 2, 868.1, -123.348201899, '00:00:00:00:00:04']]"
TX,319.036940068,292675.136129553,4641430.163319645,1.2,1217,12,2,341-25,[]
TX,319.076505274,291042.183002729,4641734.174197978,1.2,925,8,2,260-12,[]
TX,319.199966495,292070.322060097,4642272.558899552,1.2,1461,12,2,42-6,[]
TX,319.470727503,282075.551877262,4638396.6716314,1.2,1225,12,2,342-13,[]
TX,319.505770504,291983.125392654,4644115.884604404,1.2,406,12,2,193-26,[]
TX,319.886150009,291842.329764263,4642457.125273972,1.2,1355,12,2,362-25,[]
TX,320.124217338,289735.078344217,4642805.601189305,1.2,419,11,2,195-26,"[['RX_GW', 321.604977214, 419, 11, 2, 868.1, -134.287854582, '00:00:00:00:00:02']]"
TX,320.485546508,292756.03098418,4642108.838275709,1.2,207,12,2,145-22,[]
TX,320.540889635,292116.150448249,4640627.406116348,1.2,430,12,2,196-22,[]
TX,320.801828327,292021.128443474,4643038.928634307,1.2,230,12,2,156-19,[]
TX,321.043936371,289528.893774045,4641789.853889897,1.2,527,7,2,208-18,[]
TX,321.289379996,290428.55917378,4639991.643818161,1.2,646,7,2,223-4,[]
TX,321.630936906,296274.074639449,4636383.858842296,1.2,909,12,2,259-11,[]
TX,321.696900355,290120.080334756,4642773.526283606,1.2,191,12,2,143-18,[]
TX,322.316160471,292304.249811408,4642023.921515931,1.2,1493,12,2,53-25,[]
TX,322.55761181,292073.685016545,4640458.371497758,1.2,1686,11,2,89-20,[]
TX,323.143198265,290879.631705016,4641185.502668336,1.2,1735,8,2,94-20,[]
TX,323.159449714,292096.489072161,4642730.606461876,1.2,1439,12,2,40-5,[]
TX,323.212514428,291132.741635276,4641208.412114337,1.2,461,10,2,2-12,[]
TX,323.761345289,290037.167898952,4640353.476748058,1.2,292,7,2,172-12,[]
TX,323.78541633,292308.605126375,4637613.030575859,1.2,76,12,2,115-30,[]
TX,323.87430302,292292.467960379,4642006.071753098,1.2,1761,12,2,99-25,[]
TX,323.97763049,290349.582281596,4643316.754124642,1.2,1409,12,2,37-20,[]
TX,324.198801494,298623.129592096,4631407.682962896,1.2,515,12,2,205-18,[]
TX,324.221372206,291193.246677305,4641295.668884487,1.2,634,8,2,222-21,[]
TX,324.279649505,290319.746819227,4641332.384457339,1.2,1616,7,2,80-14,[]
TX,324.94072601,290094.078275465,4640900.841166148,1.2,988,7,2,279-30,"[['RX_GW', 325.055719974, 988, 7, 2, 868.1, -84.250328564, '00:00:00:00:00:02']]"
TX,325.269234918,290458.690911166,4641562.207659944,1.2,132,7,2,132-14,[]
TX,325.274633143,290414.453029613,4641814.403881285,1.2,1638,7,2,83-11,[]
TX,326.182178134,290051.277913431,4642388.88109518,1.2,79,8,2,115-7,"[['RX_GW', 326.38959258, 79, 8, 2, 868.1, -126.026817924, '00:00:00:00:00:02']]"
TX,326.479395973,292179.166149836,4641380.280630608,1.2,1344,12,2,361-29,[]
TX,326.698022396,287218.338790656,4641781.041067801,1.2,990,12,2,28-18,[]
TX,327.306871067,290275.101799517,4642021.76230522,1.2,948,8,2,266-19,[]
TX,327.800501969,292682.032956558,4643694.149130357,1.2,330,12,2,178-28,"[['RX_GW', 330.432243553, 330, 12, 2, 868.1, -141.252719433, '00:00:00:00:00:04']]"
TX,327.913963467,291500.184943547,4636496.094144758,1.2,556,12,2,21-2,[]
TX,327.988548213,273697.26407396,4630623.782366391,1.2,861,12,2,250-11,[]
TX,328.335697459,294497.65704731,4631913.524290823,1.2,195,12,2,143-21,[]
TX,328.956783212,293294.905010849,4637449.751625545,1.2,735,12,2,234-24,[]
TX,329.106535925,290267.401801246,4641298.278543659,1.2,1619,7,2,80-24,[]
TX,329.11699136,291827.263357774,4641593.170118652,1.2,690,11,2,228-14,[]
TX,329.194820772,289988.792942819,4641930.179872431,1.2,691,8,2,228-15,[]
TX,329.361395205,288416.142551735,4639646.044981446,1.2,40,12,2,111-17,[]
TX,329.450138807,290892.036792227,4642715.589036369,1.2,486,11,2,200-19,[]
TX,329.596293255,295125.15365156,4642706.997664408,1.2,576,8,2,212-20,[]
TX,329.94864844,298078.888076514,4639314.909586935,1.2,214,12,2,154-3,[]
TX,330.052978656,291476.338805567,4642062.028517785,1.2,1221,11,2,341-29,[]
TX,330.109570766,291063.116461693,4642057.064808928,1.2,996,10,2,280-15,[]
TX,330.216299492,290395.619368242,4641321.735089125,1.2,418,7,2,195-25,[]
TX,330.299984082,287757.948875743,4637365.710019097,1.2,1281,12,2,352-14,[]
TX,330.354867082,273702.902203916,4630633.12768291,1.2,868,12,2,250-25,[]
TX,330.409608154,291666.021040725,4642233.539371081,1.2,1092,12,2,3-6,[]
TX,330.643383105,291636.217996384,4644621.435544861,1.2,743,12,2,235-12,[]
TX,331.028422546,291018.737661146,4641186.512584086,1.2,588,8,2,213-1,"[['RX_GW', 331.235835722, 588, 8, 2, 868.1, -126.758479966, '00:00:00:00:00:02']]"
TX,331.459980891,291793.049081815,4644108.824532489,1.2,1729,12,2,94-15,[]
TX,331.795175792,290074.744083581,4641525.298105668,1.2,1348,7,2,362-11,"[['RX_GW', 331.910171377, 1348, 7, 2, 868.1, -113.589312846, '00:00:00:00:00:02']]"
TX,331.921674617,289170.660747733,4642516.55549554,1.2,395,12,2,193-12,[]
TX,332.293969647,293268.006321956,4640227.813075777,1.2,290,12,2,172-10,[]
TX,332.535248159,291928.902981823,4641677.801824877,1.2,42,12,2,111-19,[]
TX,332.587707657,290083.132125915,4640903.023567139,1.2,129,7,2,132-11,[]
TX,332.806102086,289659.938756751,4643170.578999988,1.2,1254,12,2,345-17,[]
TX,333.62529926,296460.932782288,4645777.305335963,1.2,569,12,2,210-23,[]
TX,333.722677908,290750.127840786,4642871.770949911,1.2,1536,12,2,61-9,[]
TX,334.384397744,271638.801053895,4630671.033034568,1.2,870,12,2,250-27,[]
TX,334.618430972,291219.575276859,4642274.33841694,1.2,1071,10,2,297-28,[]
TX,334.651542447,290290.606716716,4642341.90291536,1.2,200,10,2,143-6,[]
TX,334.705327443,288330.589331103,4642503.894118719,1.2,476,12,2,2-29,[]
TX,335.037344476,271682.813966441,4630639.127298093,1.2,160,12,2,135-27,[]
TX,335.07384146,288625.65945725,4642678.565235049,1.2,987,12,2,279-23,[]
TX,335.368441807,291636.715000634,4638711.659857352,1.2,787,12,2,238-8,[]
TX,335.434017772,290264.165228546,4641448.55249302,1.2,763,7,2,236-17,"[['RX_GW', 335.54901334, 763, 7, 2, 868.1, -114.516625969, '00:00:00:00:00:02']]"
TX,335.530972852,291188.255417605,4641320.87776544,1.2,1265,8,2,348-11,[]
TX,335.563522588,293912.534730197,4633602.349482018,1.2,314,12,2,176-5,[]
TX,335.637932571,290204.403555226,4640799.674885994,1.2,2,7,2,102-28,"[['RX_GW', 335.752926977, 2, 7, 2, 868.1, -96.813560874, '00:00:00:00:00:02']]"
TX,335.878208974,271982.49368836,4630008.743778877,1.2,1036,12,2,290-23,[]
TX,336.367235137,290384.969601763,4635994.582342998,1.2,975,12,2,273-14,[]
TX,336.432125554,289613.09323244,4644732.704595932,1.2,1528,12,2,59-9,[]
TX,336.747803647,291731.84634521,4642137.991170959,1.2,1679,11,2,89-11,"[['RX_GW', 338.228564371, 1679, 11, 2, 868.1, -133.820139746, '00:00:00:00:00:02']]"
TX,336.884327017,290476.668530546,4641395.760770509,1.2,673,7,2,225-19,[]
TX,336.955779432,291122.271630108,4641136.787361341,1.2,1468,8,2,44-20,[]
TX,336.971588543,290374.753592747,4641792.894369049,1.2,121,7,2,127-30,[]
TX,337.206007648,290355.540520188,4643236.60667945,1.2,924,12,2,260-11,[]
TX,337.287721955,290941.433186611,4642934.516270382,1.2,1671,12,2,87-30,[]
TX,337.41514199,290329.731257635,4639630.248064371,1.2,281,9,2,17-8,[]
TX,337.585263514,289632.846328857,4641970.088265209,1.2,1752,7,2,96-12,[]
TX,337.658937024,289212.233205185,4643056.163663629,1.2,1284,12,2,352-17,[]
TX,338.01564209,293324.625675855,4642689.314746107,1.2,985,12,2,275-30,[]
TX,338.10969424,290654.966213567,4643073.304118516,1.2,1070,12,2,297-27,[]
TX,338.269621379,291468.592872024,4642391.991581011,1.2,1034,11,2,290-14,[]
TX,338.511854068,291218.120668689,4642270.897261476,1.2,900,10,2,257-3,[]
TX,338.530357687,290470.283688314,4641386.515685502,1.2,8,7,2,104-13,[]
TX,338.647994097,293738.681250997,4641354.479847373,1.2,206,12,2,144-8,[]
TX,338.718913405,289276.548731855,4644570.157782661,1.2,1586,12,2,78-29,[]
TX,339.045690622,287250.088207192,4641561.313960547,1.2,1110,12,2,302-8,[]
TX,339.217163917,291472.709691459,4642248.033886927,1.2,1664,12,2,87-18,[]
TX,339.289054476,291825.385230702,4640759.25262647,1.2,1042,11,2,290-29,[]
TX,339.470920586,292540.713741755,4640786.685520089,1.2,474,12,2,2-27,[]
TX,339.601712544,292154.230756204,4639539.252364546,1.2,548,12,2,209-4,[]
TX,339.869394106,295082.723961459,4633535.337557241,1.2,858,12,2,249-1,[]
TX,339.973669976,290355.125011434,4641805.585445177,1.2,1502,7,2,58-11,"[['RX_GW', 340.088666744, 1502, 7, 2, 868.1, -122.348039599, '00:00:00:00:00:02']]"
TX,340.143918421,292686.348107687,4641798.789548682,1.2,1155,12,2,321-1,[]
TX,340.310018967,290419.339070179,4641385.737530944,1.2,432,7,2,196-24,[]
TX,340.631607045,286450.088761705,4642311.998348967,1.2,1142,12,2,315-24,[]
TX,340.698887294,290673.655903673,4641293.284995404,1.2,38,7,2,106-8,[]
TX,340.835551555,294417.244951743,4644308.519431272,1.2,1438,12,2,40-4,[]
TX,341.277882276,291728.67336501,4642146.72286539,1.2,250,11,2,157-13,[]
TX,341.487391884,273669.626857743,4630634.459865694,1.2,421,12,2,195-9,[]
TX,341.605811678,290458.725011748,4641740.090767957,1.2,1699,8,2,89-8,[]
TX,341.770542397,290549.773485737,4643181.628110281,1.2,799,12,2,241-21,[]
TX,341.886697559,291024.906415311,4640566.017873298,1.2,1516,8,2,59-10,[]
TX,342.136161721,288981.810744788,4643670.335132844,1.2,487,12,2,200-20,[]
TX,342.219855699,290731.880852051,4642996.748002195,1.2,829,12,2,244-30,[]
TX,342.265491629,292958.898896559,4644346.065236373,1.2,757,12,2,235-3,[]
TX,342.591357703,292673.801672542,4641830.766020437,1.2,708,12,2,232-10,[]
TX,343.150367019,272722.372125193,4629807.97732153,1.2,282,12,2,17-9,[]
TX,343.495967653,291125.262956873,4642472.192640274,1.2,1545,11,2,62-7,[]
TX,343.90151351,290466.94928701,4640621.615273254,1.2,440,7,2,196-6,[]
TX,344.272511404,293917.452835233,4638523.354954973,1.2,1583,12,2,76-6,[]
TX,344.431478701,290395.940857013,4641813.450087069,1.2,1394,7,2,369-14,[]
TX,344.447195898,290858.289466953,4642306.606587705,1.2,1758,10,2,99-1,[]
TX,344.532341477,291132.896388718,4642466.130831814,1.2,881,11,2,253-22,[]
TX,344.618201389,290481.188700487,4640625.510024947,1.2,805,7,2,241-6,[]
TX,344.707801761,300349.278584254,4628916.21410168,1.2,567,12,2,210-19,[]
TX,344.846962316,291103.683017432,4643145.586076659,1.2,1667,12,2,87-20,[]
TX,344.9298319,293363.080194538,4643244.661945351,1.2,936,12,2,262-19,[]
TX,345.054403622,292733.987906798,4641853.191595986,1.2,1143,12,2,315-25,[]
TX,345.094708491,288536.921967473,4638290.303141034,1.2,279,12,2,17-22,[]
TX,345.142570748,290568.326497742,4642286.20491063,1.2,1710,10,2,90-24,[]
TX,345.485069331,297002.848943156,4638969.179502887,1.2,402,12,2,193-21,[]
TX,345.764048523,290348.993601933,4641825.715193424,1.2,1676,7,2,88-30,[]
TX,346.33676081,292101.856214352,4640397.690404778,1.2,149,12,2,135-15,[]
TX,346.350051427,290667.880717019,4639701.828168735,1.2,964,9,2,267-20,[]
TX,346.360934968,290831.275254169,4636933.747293347,1.2,1044,12,2,291-9,[]
TX,346.416810995,291818.609722075,4642552.21836983,1.2,766,12,2,236-20,[]
TX,346.509756613,292169.049008182,4638919.160250095,1.2,643,12,2,223-2,[]
TX,346.600546493,289837.802159829,4638523.4004278,1.2,1417,12,2,37-6,[]
TX,346.738846555,294776.966370765,4644758.065356374,1.2,1057,12,2,295-6,[]
TX,347.274046357,292655.516389301,4629987.53788604,1.2,1191,12,2,328-6,[]
TX,347.304446937,290539.940891653,4642839.293494207,1.2,392,12,2,192-8,[]
TX,347.382311398,291222.283603963,4641389.082974856,1.2,1040,8,2,290-27,[]
TX,347.540166788,291547.86776296,4641111.816848016,1.2,399,11,2,193-18,[]
TX,347.718805231,291728.005471658,4642157.018934541,1.2,1690,11,2,89-25,[]
TX,348.225446191,292656.267531839,4642382.920641664,1.2,1204,12,2,337-18,[]
TX,348.298494704,290671.876632843,4641305.728712957,1.2,413,7,2,193-8,[]
TX,348.458459517,292412.127820606,4641561.433361486,1.2,1269,12,2,348-9,[]
TX,348.52669399,296205.887130579,4643506.5352244,1.2,56,10,2,113-2,"[['RX_GW', 349.186205739, 56, 10, 2, 868.1, -130.228806284, '00:00:00:00:00:04']]"
TX,348.565419148,291247.074118471,4638404.875989506,1.2,539,12,2,208-6,[]
TX,348.825585402,297156.913382561,4649791.564668192,1.2,703,12,2,229-15,[]
TX,348.924287223,290346.25687275,4641801.46331888,1.2,547,7,2,209-3,[]
TX,349.142881429,291824.172689068,4642543.226339607,1.2,13,12,2,104-25,[]
TX,349.344574437,291542.504149099,4641339.923390176,1.2,951,10,2,266-21,"[['RX_GW', 350.004085453, 951, 10, 2, 868.1, -132.715085535, '00:00:00:00:00:02']]"
TX,349.775353056,290196.22202241,4639302.64569007,1.2,824,11,2,243-24,[]
TX,349.890548259,292259.969539441,4638886.479615686,1.2,410,12,2,193-5,[]
TX,350.102083871,290216.650494709,4641244.861233602,1.2,1229,7,2,342-28,"[['RX_GW', 350.217078786, 1229, 7, 2, 868.1, -105.19550771, '00:00:00:00:00:02']]"
TX,350.297749757,292701.156586408,4641817.678333976,1.2,1176,12,2,322-29,[]
TX,350.568119445,289809.821607713,4633943.082732024,1.2,606,12,2,22-22,[]
TX,350.642649116,271598.831503529,4630623.41198424,1.2,658,12,2,224-20,[]
TX,350.671936839,287581.023905238,4641414.867732562,1.2,1068,12,2,297-25,[]
TX,350.674115656,303278.896587249,4632978.994799774,1.2,1178,12,2,324-19,[]
TX,350.726091664,292315.396219396,4642046.98036052,1.2,1259,12,2,347-18,[]
TX,350.830588407,292682.946608364,4641799.747019607,1.2,848,12,2,248-13,[]
TX,350.940152954,291828.263145265,4642555.920554901,1.2,935,12,2,262-18,[]
TX,351.015393731,292381.082600999,4637320.25858973,1.2,603,12,2,22-17,[]
TX,351.046880131,290212.872454899,4640732.030400387,1.2,711,7,2,232-13,[]
TX,351.068329261,291169.7799362,4641331.758248057,1.2,649,8,2,223-7,[]
TX,351.118034874,289953.467364631,4637940.291217605,1.2,415,12,2,194-30,[]
TX,351.165693947,289378.691323132,4640514.639933023,1.2,248,7,2,157-11,[]
TX,351.616980207,294073.991334703,4639236.405666476,1.2,1115,12,2,308-7,[]
TX,351.907543186,290357.893789703,4641811.254835761,1.2,1575,7,2,70-29,[]
TX,352.186369466,292999.722894236,4644398.71538268,1.2,1386,12,2,366-1,[]
TX,352.217845025,291707.13062466,4642125.085447538,1.2,329,11,2,178-27,[]
TX,352.412473729,288277.157157096,4642149.872085955,1.2,1632,12,2,81-3,[]
TX,352.542974969,290283.791377341,4641305.658871576,1.2,168,7,2,135-7,[]
TX,352.92940851,290951.99365424,4640729.523582882,1.2,1495,7,2,53-27,"[['RX_GW', 353.044405388, 1495, 7, 2, 868.1, -122.690383006, '00:00:00:00:00:02']]"
TX,353.203761921,294462.732751447,4642673.255649317,1.2,1628,10,2,81-2,"[['RX_GW', 353.863272688, 1628, 10, 2, 868.1, -131.044901087, '00:00:00:00:00:04']]"
TX,353.466482449,291553.080787493,4642321.117467924,1.2,1298,12,2,352-7,[]
TX,353.532596848,291030.384019668,4641152.340750092,1.2,1569,7,2,70-23,[]
TX,353.552037017,273725.195664533,4630669.342732311,1.2,960,12,2,267-16,[]
TX,353.76171264,292147.650404415,4642202.422806917,1.2,1703,12,2,90-14,[]
TX,353.930838776,289958.773837091,4642782.960507634,1.2,37,12,2,106-7,[]
TX,354.363748055,289518.546548733,4642942.428633759,1.2,785,10,2,238-6,[]
TX,354.585490867,290878.808049227,4642275.143930822,1.2,1675,10,2,87-8,[]
TX,354.653287408,290833.615045141,4644921.579077133,1.2,1381,12,2,365-30,[]
TX,354.677024674,291106.220276367,4646174.064084174,1.2,52,12,2,113-16,[]
TX,354.772637001,290845.959397115,4638652.496976333,1.2,353,12,2,186-21,[]
TX,354.792465025,289936.777916371,4642714.109544644,1.2,1463,10,2,42-8,[]
TX,355.263786577,291489.304763409,4642057.448900038,1.2,697,11,2,228-27,[]
TX,355.370783532,291082.249445731,4642331.008642318,1.2,768,11,2,236-23,[]
TX,355.819002967,293368.704939294,4643249.898934919,1.2,1533,12,2,61-13,[]
TX,356.102687924,284967.976879832,4643530.080934562,1.2,209,12,2,147-22,[]
TX,356.189019391,292499.907457655,4636995.439605565,1.2,1025,12,2,29-19,[]
TX,356.196143291,288187.482927562,4643627.552405959,1.2,624,12,2,220-4,[]
TX,356.214708062,280730.039307948,4623594.145146355,1.2,283,12,2,170-2,[]
TX,356.45534143,276136.718729764,4631974.81493746,1.2,953,12,2,266-3,[]
TX,356.463885341,290077.115348387,4640919.990648657,1.2,274,7,2,169-30,"[['RX_GW', 356.57887925, 274, 7, 2, 868.1, -81.937245892, '00:00:00:00:00:02']]"
TX,356.507504228,293437.768205242,4640003.747552525,1.2,907,12,2,259-1,[]
TX,356.508713681,290683.227795588,4642882.999314225,1.2,962,12,2,267-18,[]
TX,356.596613586,290505.136433233,4640917.324936994,1.2,772,7,2,236-6,"[['RX_GW', 356.71160892, 772, 7, 2, 868.1, -109.72879859, '00:00:00:00:00:02']]"
TX,356.780930646,290461.942984149,4641603.179887314,1.2,1360,7,2,362-9,"[['RX_GW', 356.895927008, 1360, 7, 2, 868.1, -121.18742265, '00:00:00:00:00:02']]"
TX,356.793701113,290721.308005516,4637650.789342426,1.2,294,12,2,172-14,[]
TX,357.129525349,290083.283804264,4640917.808739332,1.2,1021,7,2,288-9,"[['RX_GW', 357.244519278, 1021, 7, 2, 868.1, -82.799069262, '00:00:00:00:00:02']]"
TX,357.240730125,273684.165280315,4630706.95753322,1.2,1759,12,2,99-23,[]
TX,357.737281562,288867.960963583,4639556.240376505,1.2,994,10,2,28-22,"[['RX_GW', 358.396792861, 994, 10, 2, 868.1, -131.718836946, '00:00:00:00:00:02']]"
TX,357.882509689,290647.625309275,4641180.350391831,1.2,977,7,2,273-23,[]
TX,357.984256874,291654.277922244,4642759.157705911,1.2,749,12,2,235-19,[]
TX,358.381953458,290300.855620088,4642186.873642252,1.2,152,10,2,135-18,[]
TX,358.775458565,289849.608699018,4639657.422115224,1.2,424,9,2,196-12,"[['RX_GW', 359.147224261, 424, 9, 2, 868.1, -127.576484102, '00:00:00:00:00:02']]"
TX,359.068928368,294451.620500648,4641330.121609536,1.2,1751,10,2,96-11,[]
TX,359.199252396,292143.087148008,4642213.376910345,1.2,354,12,2,187-1,[]
TX,359.357193088,290845.284020402,4642796.954352969,1.2,844,11,2,248-1,[]
TX,359.394171711,290064.361494632,4640924.332721669,1.2,980,7,2,273-27,[]
TX,359.743167334,292550.278705867,4641734.043511296,1.2,1247,12,2,343-6,[]
TX,359.84312888,293959.823062822,4639367.894757715,1.2,156,12,2,135-21,[]
TX,359.883119956,290684.176274824,4641287.105498829,1.2,344,7,2,185-1,[]
TX,361.072618077,289345.126627327,4642453.088102001,1.2,449,10,2,198-2,[]
TX,361.314424456,290483.989863428,4640640.12683592,1.2,1414,7,2,37-28,[]
TX,361.623676753,290498.39297982,4640623.936448146,1.2,163,7,2,135-3,[]
TX,361.837816248,291974.194468089,4637376.05788407,1.2,1167,12,2,322-10,[]
TX,362.331957976,290147.866868958,4643619.363477873,1.2,1403,12,2,37-11,[]
TX,362.51295172,294163.246688844,4642912.69419063,1.2,1483,10,2,49-23,"[['RX_GW', 363.172463766, 1483, 10, 2, 868.1, -131.268912666, '00:00:00:00:00:04']]"
TX,362.635719601,290077.422359748,4644351.400670532,1.2,941,12,2,264-26,[]
TX,362.858572959,290660.160146527,4641269.30890652,1.2,821,7,2,243-14,[]
TX,363.472827589,290420.040320739,4641809.932356673,1.2,1280,7,2,352-12,[]
TX,363.514007912,273676.33414249,4630684.216474847,1.2,1302,12,2,356-20,[]
TX,363.774995554,289867.490893191,4638244.647427952,1.2,1106,12,2,301-6,[]
TX,363.997727523,291580.010220418,4640950.818176498,1.2,375,10,2,191-21,[]
TX,364.113562717,287276.979809339,4644023.551414656,1.2,199,12,2,143-5,[]
TX,364.41589247,289138.641506091,4641945.723036112,1.2,535,8,2,208-26,[]
TX,364.552920154,292845.352240713,4641909.539199938,1.2,1101,12,2,300-9,[]
TX,364.572628585,298783.219629006,4631162.978542684,1.2,620,12,2,220-21,[]
TX,364.64785601,290146.938913704,4640099.53991088,1.2,1476,7,2,48-17,[]
TX,364.656964594,292936.83243357,4641518.824881476,1.2,1274,12,2,351-26,[]
TX,364.712307694,292325.167749388,4642120.277214815,1.2,839,12,2,246-4,[]
TX,365.053445271,292526.439837374,4642904.778362881,1.2,1755,12,2,96-15,[]
TX,365.086980633,291786.826000354,4644542.107749613,1.2,334,12,2,183-23,[]
TX,365.123293468,294030.647807171,4641618.391606976,1.2,791,11,2,240-23,[]
TX,365.130676609,293270.068676574,4640256.740363808,1.2,21,12,2,105-11,[]
TX,365.164483022,289553.745185611,4638135.878065512,1.2,1098,12,2,300-23,[]
TX,365.1832906,289831.345992669,4641197.419398533,1.2,530,7,2,208-21,"[['RX_GW', 365.298285131, 530, 7, 2, 868.1, -105.13264307, '00:00:00:00:00:02']]"
TX,365.488109386,292691.920328581,4641795.451006508,1.2,802,12,2,241-30,[]
TX,365.604494302,299231.110318531,4639003.443104842,1.2,1132,12,2,311-24,[]
TX,366.023812205,290991.339798949,4642047.438440759,1.2,1079,10,2,298-15,[]
TX,366.108558903,291239.332860544,4642280.330701571,1.2,1108,10,2,301-8,[]
TX,366.510799236,291898.330526486,4641655.365032927,1.2,436,12,2,196-28,[]
TX,366.737540504,291107.267016159,4644209.957642478,1.2,1731,12,2,94-17,[]
TX,366.797816245,290601.700350706,4641346.152988672,1.2,952,7,2,266-22,[]
TX,366.806085733,291563.858084665,4644731.076286628,1.2,3,12,2,103-15,[]
TX,366.961677961,293929.567331783,4641560.430747839,1.2,479,12,2,2-4,[]
TX,367.190202401,290976.112137696,4641943.377790459,1.2,1448,8,2,41-22,[]
TX,367.495948282,292551.500018866,4642934.9456943,1.2,1273,12,2,351-25,[]
TX,367.52384782,291100.403313512,4643113.244700246,1.2,1471,12,2,44-30,[]
TX,367.675905928,291732.937990325,4642141.656852035,1.2,983,11,2,273-9,[]
TX,367.76768626,294853.00403446,4644861.260084077,1.2,164,12,2,135-30,[]
TX,367.998138985,289852.403655495,4640568.719859557,1.2,894,7,2,257-23,[]
TX,368.190447628,291834.51377537,4642549.023692086,1.2,854,12,2,248-27,[]
TX,368.650322341,292301.939516939,4642047.490697769,1.2,501,12,2,202-7,[]
TX,368.776610384,292264.080925725,4636527.492442643,1.2,1696,12,2,89-5,[]
TX,369.024537824,290976.047856273,4640752.240981955,1.2,271,7,2,169-21,[]
TX,369.065873489,293867.986961307,4644252.919146407,1.2,1054,12,2,295-21,[]
TX,369.252942349,289821.452887473,4641119.996163162,1.2,172,7,2,139-5,[]
TX,369.408014528,271909.846482332,4630611.810495732,1.2,429,12,2,196-21,[]
TX,369.515243866,290422.695221875,4641812.59036126,1.2,1725,7,2,94-1,[]
TX,369.548447204,291832.296134669,4642548.079493831,1.2,1052,12,2,295-14,[]
TX,369.587172917,292551.175332714,4646186.342865807,1.2,584,12,2,212-6,[]
TX,370.019997472,292086.704493672,4640535.604900069,1.2,110,12,2,125-8,[]
TX,370.18900463,291118.103979819,4642466.835103462,1.2,493,11,2,200-6,[]
TX,370.286443172,289757.441546805,4642742.782689915,1.2,1460,11,2,42-5,[]
TX,370.68243331,293013.827932652,4642592.490392846,1.2,1695,12,2,89-4,[]
TX,370.795076304,272829.293803131,4629740.231325364,1.2,104,12,2,122-1,[]
TX,370.83928229,290336.792197344,4641838.817142047,1.2,1000,8,2,281-1,"[['RX_GW', 371.046695145, 1000, 8, 2, 868.1, -124.190033315, '00:00:00:00:00:02']]"
TX,370.842531275,292589.867187716,4641495.136667926,1.2,1421,12,2,370-15,[]
TX,371.024358035,291936.942344782,4643644.346927913,1.2,1581,12,2,74-29,[]
TX,371.026233539,290291.287857769,4642852.89820938,1.2,884,11,2,257-10,[]
TX,371.21099228,291952.701174087,4638206.108114535,1.2,1642,12,2,83-23,[]
TX,371.606461376,291753.315083378,4639567.663392341,1.2,1714,12,2,90-4,[]
TX,371.630348762,290965.223347983,4640765.765345017,1.2,277,7,2,169-7,[]
TX,371.782076142,291874.25927918,4642842.927801231,1.2,150,12,2,135-16,[]
TX,371.898694921,290354.213179711,4643799.3227237,1.2,1117,12,2,308-9,[]
TX,371.978981583,290043.724991717,4640964.13633639,1.2,1561,7,2,7-15,[]
TX,372.711083467,289918.439296477,4642869.25787805,1.2,196,12,2,143-22,[]
TX,372.854212249,290693.236197806,4641304.267852923,1.2,1307,7,2,357-11,[]
TX,372.886680245,292154.076905008,4642156.789182122,1.2,481,12,2,2-6,[]
TX,372.924934912,288985.759280392,4642505.293026551,1.2,431,11,2,196-23,[]
TX,373.268612757,292705.336777305,4641795.393249454,1.2,1345,12,2,361-9,[]
TX,373.870970742,291031.993815745,4641941.326660678,1.2,1282,9,2,352-15,[]
TX,374.045823668,291061.116468669,4644048.440548792,1.2,1103,12,2,301-30,[]
TX,374.209628913,293323.244690628,4640236.568666012,1.2,1547,12,2,66-1,[]
TX,374.288915557,270922.537784163,4644419.900473066,1.2,1174,12,2,322-27,[]
TX,374.69513592,284485.126956732,4633004.837566325,1.2,373,12,2,191-19,[]
TX,374.852778806,291098.734252121,4642463.665062274,1.2,878,12,2,253-19,[]
TX,374.948894567,299736.878371896,4630062.193122083,1.2,731,12,2,234-13,[]
TX,375.069865365,290470.459170934,4640695.949026192,1.2,510,7,2,203-30,[]
TX,375.085468295,290976.269022802,4639189.150512153,1.2,1230,11,2,342-30,[]
TX,375.122426695,291198.406344664,4639567.843289642,1.2,114,10,2,127-12,[]
TX,375.165079255,298601.945725026,4631792.021643935,1.2,913,12,2,259-15,[]
TX,375.188167236,289516.695223009,4637542.686451895,1.2,1100,12,2,300-8,[]
TX,375.265350866,295127.686561265,4642705.164358369,1.2,574,8,2,212-17,[]
TX,375.281566972,289580.640876702,4642517.567590014,1.2,1320,10,2,359-15,[]
TX,375.543556371,300099.077371486,4641932.142718513,1.2,1485,12,2,53-10,[]
TX,375.593099532,291150.47802841,4641348.199185885,1.2,993,8,2,28-21,[]
TX,375.711002422,292652.86829445,4641811.011806848,1.2,1332,12,2,361-1,[]
TX,376.147269721,289364.085709122,4640511.111937642,1.2,498,7,2,202-4,[]
TX,376.28300173,298152.312030078,4632270.977170004,1.2,914,12,2,259-23,[]
TX,376.297638599,290071.829007359,4640931.919263386,1.2,1393,7,2,369-13,[]
TX,376.403788576,290075.201023838,4640924.411549881,1.2,1624,7,2,81-16,[]
TX,376.532763302,291604.962431151,4642109.946399081,1.2,125,11,2,129-6,[]
TX,376.55586884,291715.773045696,4642171.195600323,1.2,165,12,2,135-4,[]
TX,376.83667927,293074.203767199,4640773.376601784,1.2,1548,12,2,66-26,[]
TX,377.260143774,291229.366331876,4642271.659658085,1.2,841,12,2,246-6,[]
TX,377.81722167,290621.97291711,4639817.177685023,1.2,1213,9,2,341-14,"[['RX_GW', 378.188987451, 1213, 9, 2, 868.1, -127.050406713, '00:00:00:00:00:02']]"
TX,378.083812291,294970.285156053,4642711.533292387,1.2,586,8,2,212-8,"[['RX_GW', 378.29122594, 586, 8, 2, 868.1, -124.879322027, '00:00:00:00:00:04']]"
TX,378.145921408,289963.427184593,4644136.113899116,1.2,83,12,2,119-3,[]
TX,378.186278505,298801.980601116,4644350.866824179,1.2,1408,12,2,37-19,[]
TX,378.205351915,289590.215870791,4652558.752493417,1.2,769,12,2,236-25,[]
TX,378.230301747,292236.848726169,4638606.707603447,1.2,1267,12,2,348-13,[]
TX,378.31372177,285828.493403038,4643308.651343146,1.2,1329,12,2,360-28,[]
TX,378.355955056,292503.996700509,4643040.246984188,1.2,1521,12,2,59-23,[]
TX,378.587118605,284713.635844859,4630156.685794314,1.2,342,12,2,184-6,[]
TX,378.730531757,291456.34141045,4638078.340726745,1.2,1150,12,2,316-28,[]
TX,378.825081189,291951.109844039,4639722.882596529,1.2,439,12,2,196-5,[]
TX,378.867830936,291755.546692843,4642832.799783892,1.2,1137,12,2,315-12,[]
TX,378.906197756,290207.480847386,4646793.445130708,1.2,409,12,2,193-4,[]
TX,378.955786998,292095.194811938,4640668.961976146,1.2,1118,12,2,309-11,[]
TX,379.2978928,291226.180372372,4642255.874458876,1.2,1075,11,2,298-10,[]
TX,380.241544981,290408.776637163,4643864.849093459,1.2,304,12,2,174-23,[]
TX,380.567120302,293487.487173569,4639945.656750153,1.2,1546,12,2,62-8,[]
TX,380.583124645,290060.142212296,4642389.565948715,1.2,1028,8,2,29-22,[]
TX,380.839400313,293843.559075034,4640193.690909953,1.2,1279,12,2,352-11,[]
TX,381.705895789,290478.988386592,4640629.239231187,1.2,1238,7,2,343-19,"[['RX_GW', 381.820891268, 1238, 7, 2, 868.1, -111.853304865, '00:00:00:00:00:02']]"
TX,382.114764526,290795.661477079,4640282.140440672,1.2,813,7,2,242-3,"[['RX_GW', 382.22976152, 813, 7, 2, 868.1, -121.850258088, '00:00:00:00:00:02']]"
TX,382.226145448,293740.994456198,4641752.326859569,1.2,184,12,2,14-28,[]
TX,382.708685904,294425.921092963,4644538.11216545,1.2,499,12,2,202-5,[]
TX,382.719225664,291708.679375172,4642772.880677232,1.2,244,12,2,156-7,[]
TX,382.834724367,291636.001065727,4644642.808066298,1.2,239,12,2,156-28,[]
TX,383.145686025,290475.584497641,4637358.905053568,1.2,1663,12,2,87-17,[]
TX,383.391811713,291390.458197472,4641877.539136764,1.2,811,11,2,242-21,[]
TX,383.396260065,291570.811810097,4640953.796366182,1.2,638,10,2,222-4,[]
TX,383.654097246,290702.391245738,4641189.822860288,1.2,877,7,2,253-18,[]
TX,383.936963097,296378.850230633,4650038.457225865,1.2,511,12,2,203-4,[]
TX,384.623470871,255589.907680279,4652261.466649564,1.2,1588,12,2,79-1,[]
TX,385.048798542,292918.759489275,4641858.051836528,1.2,632,12,2,222-2,[]
TX,385.118287647,291657.059007891,4642300.931188821,1.2,416,12,2,195-12,[]
TX,385.125086955,289675.421247829,4638812.573734866,1.2,96,12,2,12-9,[]
TX,385.222202294,295138.203446055,4642735.296195061,1.2,1384,8,2,365-6,"[['RX_GW', 385.429615708, 1384, 8, 2, 868.1, -126.614308097, '00:00:00:00:00:04']]"
TX,385.409533631,291089.767174284,4642348.184129824,1.2,346,11,2,185-23,[]
TX,385.433569198,290675.825087993,4641285.087920888,1.2,394,7,2,193-11,[]
TX,385.440636855,294196.464953429,4652164.987663904,1.2,747,12,2,235-16,[]
TX,385.759886938,289968.205027987,4637904.251024217,1.2,1102,12,2,301-3,[]
TX,386.027252952,291621.367484816,4641418.197852504,1.2,926,10,2,260-13,[]
TX,386.379168428,290851.026236581,4644705.427147148,1.2,500,12,2,202-6,[]
TX,386.38729931,290680.501784033,4641307.503964668,1.2,930,7,2,260-25,[]
TX,386.531861931,290928.025849178,4642101.201561726,1.2,549,11,2,209-6,[]
TX,386.621834623,293361.330100368,4643235.887868345,1.2,954,12,2,266-30,[]
TX,386.942390749,290084.118860506,4640914.504309371,1.2,739,7,2,234-29,"[['RX_GW', 387.05738468, 739, 7, 2, 868.1, -82.890433453, '00:00:00:00:00:02']]"
TX,387.244136794,290276.463670589,4640902.996146644,1.2,1662,7,2,85-8,"[['RX_GW', 387.359131366, 1662, 7, 2, 868.1, -100.994923835, '00:00:00:00:00:02']]"
TX,387.374381824,290080.749273653,4641528.34283474,1.2,1503,7,2,58-12,[]
TX,387.378412299,291009.775978917,4639220.195429112,1.2,538,12,2,208-5,[]
TX,387.388988336,291846.644617281,4642565.248977762,1.2,774,12,2,236-8,[]
TX,387.453784684,290107.539671257,4640895.833961422,1.2,1762,7,2,99-26,[]
TX,387.497669115,292381.672973274,4641789.500007976,1.2,328,12,2,178-26,[]
TX,387.530802383,282972.629846405,4632865.3288332,1.2,313,12,2,176-4,[]
TX,387.834299159,291121.774260551,4642464.957845891,1.2,508,11,2,203-22,[]
TX,388.038213953,291619.550763477,4642101.80202176,1.2,1527,11,2,59-29,[]
TX,388.410347578,290475.802815001,4640627.893044075,1.2,378,7,2,191-25,[]
TX,388.724588404,292133.065889689,4640648.474961082,1.2,444,12,2,197-25,[]
TX,388.841869046,283438.59799841,4640333.702551833,1.2,664,12,2,224-28,[]
TX,389.101208627,292407.602529829,4643448.925861311,1.2,275,12,2,169-5,[]
TX,389.230525289,290658.820019552,4640930.243230583,1.2,18,7,2,104-9,[]
TX,389.411645055,288291.957344982,4642175.463773649,1.2,1487,12,2,53-12,[]
TX,389.464309698,291467.292162252,4638069.592680068,1.2,1149,12,2,316-11,[]
TX,389.845982815,292174.166192544,4643169.974279718,1.2,480,12,2,2-5,[]
TX,390.068758219,290035.933938497,4645851.49290313,1.2,1665,12,2,87-19,[]
TX,390.315028992,290612.165713227,4641757.759507855,1.2,1154,7,2,318-30,"[['RX_GW', 390.430026068, 1154, 7, 2, 868.1, -122.638814347, '00:00:00:00:00:02']]"
TX,390.53798014,291768.548966549,4642794.767144024,1.2,917,12,2,259-26,[]
TX,390.555759917,291851.251235792,4644143.258196943,1.2,225,12,2,156-12,[]
TX,390.776125507,290906.023882225,4641182.570188376,1.2,374,7,2,191-20,[]
TX,391.08695976,290349.979549246,4641822.418121201,1.2,1726,7,2,94-10,[]
TX,391.456334048,290107.821548795,4634700.578128163,1.2,1293,12,2,352-27,[]
TX,391.60710322,292850.431470659,4641924.955624664,1.2,1432,12,2,40-18,[]
TX,391.610829253,294212.447459143,4642770.314690189,1.2,488,12,2,200-21,[]
TX,391.755275097,289625.001265175,4643160.862480112,1.2,946,12,2,266-17,[]
TX,391.976372405,290258.713842419,4641990.245145316,1.2,1413,8,2,37-25,[]
TX,392.121769858,292100.89899319,4640615.658266736,1.2,1705,12,2,90-18,[]
TX,392.419844009,289171.102114124,4641982.009501487,1.2,1598,9,2,79-26,[]
TX,392.845788667,290582.993869598,4642345.908637411,1.2,420,11,2,195-27,[]
TX,392.855656168,287499.206849068,4641319.267612809,1.2,1222,12,2,341-9,[]
TX,393.097691413,290791.458936081,4644286.231670901,1.2,552,12,2,21-16,[]
TX,393.324913704,295030.056773565,4642885.46864147,1.2,553,9,2,21-17,[]
TX,393.449655783,292234.067529132,4638852.620981958,1.2,1678,12,2,89-10,[]
TX,393.519406492,291042.268352884,4640478.352112646,1.2,103,8,2,121-9,[]
TX,394.116033099,291748.907963975,4639618.774428281,1.2,1033,12,2,290-13,[]
TX,394.1652573,294348.416303859,4639004.112127922,1.2,1373,12,2,365-20,[]
TX,394.228918492,289534.539919686,4641793.543933661,1.2,1399,7,2,369-27,[]
TX,394.572129736,273693.124811048,4630625.224247701,1.2,860,12,2,250-1,[]
TX,394.737658627,292702.399152975,4641138.845494139,1.2,626,12,2,220-6,[]
TX,394.982368093,291838.759870753,4642560.410298495,1.2,311,12,2,174-9,[]
TX,395.045411823,290137.715534142,4641381.968137686,1.2,159,7,2,135-26,[]
TX,395.090471163,291911.223323412,4642879.546219059,1.2,1634,12,2,81-5,[]
TX,395.347864787,288090.832884133,4641963.615484411,1.2,717,12,2,232-26,[]
TX,395.362073351,292057.741302478,4641769.485745237,1.2,974,12,2,273-13,[]
TX,395.746109388,291795.061871678,4642550.69299421,1.2,1285,12,2,352-18,[]
TX,396.08261353,297578.502550436,4643635.52124068,1.2,179,12,2,14-13,[]
TX,396.371177537,290367.836113621,4641803.345743978,1.2,718,7,2,232-27,"[['RX_GW', 396.486174316, 718, 7, 2, 868.1, -122.409696552, '00:00:00:00:00:02']]"
TX,396.601287288,290536.988140045,4639823.773204296,1.2,669,8,2,224-7,[]
TX,396.668149739,290566.575289496,4641008.288352892,1.2,115,7,2,127-13,[]
TX,396.73667498,290472.999880627,4640625.106103331,1.2,1059,7,2,295-8,[]
TX,396.755208925,290030.823037409,4640977.750610529,1.2,1366,7,2,365-14,[]
TX,396.885448885,291107.592638343,4642472.267433624,1.2,32,12,2,105-9,[]
TX,397.120752119,291704.231880206,4642150.601260046,1.2,707,11,2,232-1,[]
TX,397.157489405,299929.604890464,4642837.335901533,1.2,20,12,2,105-10,[]
TX,397.162907858,290870.469901519,4641310.801202756,1.2,559,8,2,21-22,[]
TX,397.163376091,291979.633729902,4641715.472208574,1.2,1200,12,2,331-30,[]
TX,397.409699511,291076.169403659,4641547.525148265,1.2,1056,10,2,295-23,[]
TX,397.519753291,290796.002727429,4640932.298899934,1.2,687,7,2,228-11,[]
TX,397.578663338,297587.347345537,4643640.084909319,1.2,181,12,2,14-24,[]
TX,397.812680213,290832.174022351,4643154.179652552,1.2,11,12,2,104-23,[]
TX,398.19857309,290371.556708622,4641811.414157636,1.2,1612,7,2,80-1,[]
TX,398.519802571,291124.57331958,4642467.919889217,1.2,247,11,2,157-10,[]
TX,398.61125457,290691.162717245,4641308.299346266,1.2,675,7,2,225-20,[]
TX,398.657466299,291728.016400682,4642767.722597347,1.2,318,12,2,178-1,[]
TX,399.097389812,271570.027806286,4630618.833388915,1.2,1260,12,2,347-19,[]
TX,400.091887735,290753.387181208,4642869.287854141,1.2,1655,12,2,85-22,[]
TX,400.186651651,290271.226441875,4642027.575774548,1.2,544,8,2,209-18,[]
TX,400.41189493,290668.771946342,4643073.624776592,1.2,1392,12,2,369-12,[]
TX,400.697679671,292076.150042016,4644248.293862172,1.2,902,12,2,257-5,[]
TX,400.761965016,291114.267593445,4642472.829110002,1.2,1653,12,2,85-2,[]
TX,400.94210594,291842.158476466,4641929.922692778,1.2,307,12,2,174-26,[]
TX,401.036737299,294742.882447222,4642971.053734084,1.2,1091,10,2,3-5,"[['RX_GW', 401.696248115, 1091, 10, 2, 868.1, -132.726176533, '00:00:00:00:00:04']]"
TX,401.216123567,294847.617384765,4640470.182130983,1.2,1641,9,2,83-15,[]
TX,401.506087309,285916.494597832,4641169.848836715,1.2,712,12,2,232-14,[]
TX,401.527777058,291574.548003165,4640956.964761265,1.2,1276,11,2,351-28,[]
TX,401.676435535,289934.596718197,4645867.355768844,1.2,1515,12,2,59-1,[]
TX,402.453908334,291839.738505498,4642553.52692004,1.2,298,12,2,174-10,[]
TX,402.778268305,291230.846095302,4642288.223576021,1.2,1658,10,2,85-4,"[['RX_GW', 403.437780098, 1658, 10, 2, 868.1, -132.571504311, '00:00:00:00:00:02']]"
TX,403.030764002,273685.971002354,4630639.246334037,1.2,1053,12,2,295-20,[]
TX,403.184419363,292242.700119174,4641920.694803614,1.2,252,12,2,157-15,[]
TX,403.353291242,290079.594944028,4641516.936521171,1.2,1633,7,2,81-4,[]
TX,403.395015182,290365.670958662,4641831.064202915,1.2,456,7,2,199-3,[]
TX,403.566285289,293006.285251285,4643280.582117024,1.2,1756,12,2,96-2,[]
TX,403.653675004,292553.564503216,4641329.074149577,1.2,1708,12,2,90-22,[]
TX,403.663846215,290081.294674379,4640914.64681733,1.2,92,7,2,12-12,[]
TX,403.737734145,291695.808846296,4642214.410589275,1.2,349,12,2,185-26,[]
TX,404.272786531,290539.056063105,4642122.06153664,1.2,694,10,2,228-24,[]
TX,404.300323169,273237.798371865,4630007.99300526,1.2,604,12,2,22-2,[]
TX,404.62551192,291730.914617858,4642697.43409795,1.2,1159,12,2,321-23,[]
TX,405.025493548,289794.461528506,4638757.353831871,1.2,1226,12,2,342-14,[]
TX,405.033777696,290388.087984716,4641799.529292596,1.2,1734,7,2,94-2,[]
TX,405.145324748,291839.631401149,4642557.587650849,1.2,312,12,2,175-1,[]
TX,405.271829986,294391.385941275,4604815.911818226,1.2,1186,12,2,325-6,[]
TX,405.398049015,291259.346059452,4642253.601829589,1.2,126,12,2,129-7,[]
TX,405.643442446,293380.968182488,4640046.156741054,1.2,562,12,2,21-4,[]
TX,406.082050957,291070.231958715,4644041.86789283,1.2,1303,12,2,356-21,[]
TX,406.082960097,271625.467432944,4630626.123243275,1.2,666,12,2,224-4,[]
TX,406.428349711,293265.787451001,4639499.737551895,1.2,1069,12,2,297-26,[]
TX,406.499800119,293365.12420757,4639047.813121455,1.2,319,12,2,178-10,[]
TX,406.537674407,292696.022400696,4641801.046929334,1.2,1723,12,2,92-29,[]
TX,406.644118483,291521.47902959,4641308.332836299,1.2,155,10,2,135-20,[]
TX,406.663841362,290314.450355563,4636953.023333828,1.2,869,12,2,250-26,[]
TX,406.692998104,290284.307483785,4641979.405396481,1.2,1240,7,2,343-21,[]
TX,406.950896344,289951.352870682,4634421.804954883,1.2,1043,12,2,291-1,[]
TX,407.05379452,285067.383750538,4642532.224767496,1.2,939,12,2,264-1,[]
TX,407.481644528,293118.397266733,4643531.125708424,1.2,396,12,2,193-13,[]
TX,407.582130277,294086.66039178,4641590.274283082,1.2,581,10,2,212-28,[]
TX,407.923341183,291182.189900858,4641385.210340792,1.2,1617,8,2,80-15,[]
TX,408.067816481,289532.027742537,4641812.433154293,1.2,272,7,2,169-22,[]
TX,408.215764321,290742.861762307,4641056.407183988,1.2,991,7,2,28-19,[]
TX,408.716408733,290874.004938069,4642270.216385786,1.2,1650,10,2,85-17,[]
TX,408.784810682,290683.314514644,4641291.032706566,1.2,1128,7,2,311-12,[]
TX,408.909461742,295604.440777138,4645556.29245693,1.2,1698,12,2,89-7,[]
TX,409.528616285,296803.084933543,4641703.954059651,1.2,1709,7,2,90-23,"[['RX_GW', 409.643613437, 1709, 7, 2, 868.1, -122.785667287, '00:00:00:00:00:04']]"
TX,409.807089192,290870.336456941,4642270.094307694,1.2,458,10,2,199-8,[]
TX,410.001232665,290075.696747757,4640927.347436768,1.2,1626,7,2,81-18,[]
TX,410.101713092,291927.947937057,4644148.718308345,1.2,742,12,2,235-11,[]
TX,410.716354295,290367.140907762,4639161.293128802,1.2,627,12,2,220-7,[]
TX,411.048109114,291731.170719294,4642164.720208604,1.2,1647,11,2,83-29,[]
TX,411.212814321,290097.368020547,4640912.351924356,1.2,947,7,2,266-18,[]
TX,411.26615024,288544.634673209,4638776.046547049,1.2,825,12,2,243-25,[]
TX,411.278669041,290075.291274471,4640003.489895221,1.2,122,7,2,129-2,[]
TX,411.345224898,290395.013259307,4641813.683248467,1.2,1398,7,2,369-26,[]
TX,411.593466098,292329.556033056,4642046.397804792,1.2,999,12,2,280-29,[]
TX,411.798790462,289681.414884084,4641893.07960006,1.2,1722,7,2,92-2,[]
TX,411.905575363,291704.443433023,4642822.342482106,1.2,786,12,2,238-7,[]
TX,412.04732105,290872.617560422,4641278.907446168,1.2,1380,8,2,365-29,[]
TX,412.08975974,291304.507038383,4641166.106775349,1.2,44,9,2,111-21,[]
TX,412.459419223,289628.983636028,4638794.026905043,1.2,903,12,2,257-6,[]
TX,412.499392479,290594.50245298,4641756.963201995,1.2,1233,7,2,343-12,[]
TX,412.575576162,291251.385216644,4644887.38242621,1.2,1340,12,2,361-24,[]
TX,412.766692401,290993.414259426,4642251.675424534,1.2,1239,10,2,343-20,[]
TX,413.142321238,292295.748193778,4642046.03177193,1.2,1305,12,2,357-1,[]
TX,413.184671055,290566.23355089,4637458.898557866,1.2,100,12,2,121-13,[]
TX,413.230541273,298076.540909424,4639317.051260442,1.2,215,12,2,154-4,[]
TX,413.42309188,290852.341764237,4642273.610071292,1.2,1214,10,2,341-15,"[['RX_GW', 414.082602852, 1214, 10, 2, 868.1, -130.786566655, '00:00:00:00:00:02']]"
TX,413.78421303,292813.759783297,4641114.420800096,1.2,533,12,2,208-24,[]
TX,413.978604235,291222.084801688,4642288.14606331,1.2,976,12,2,273-15,[]
TX,414.150479133,292224.187189332,4638403.278054713,1.2,1378,12,2,365-27,[]
TX,414.311321509,290514.215765793,4640845.538342587,1.2,793,7,2,241-16,[]
TX,414.343454363,290097.730166396,4641507.681271173,1.2,540,7,2,208-7,[]
TX,414.452946695,271464.092333501,4630554.570359223,1.2,1193,12,2,328-9,[]
TX,414.493753855,290373.824627576,4641802.93294698,1.2,97,7,2,121-10,"[['RX_GW', 414.608750641, 97, 7, 2, 868.1, -122.450680484, '00:00:00:00:00:02']]"
TX,414.563685097,290741.016901823,4642997.40059272,1.2,1202,12,2,336-16,[]
TX,414.997247262,289092.6504821,4642521.960488645,1.2,928,12,2,260-15,[]
TX,415.095258288,290073.849574226,4640925.304111531,1.2,790,7,2,240-22,[]
TX,415.255656541,291452.128820783,4642050.436549105,1.2,1590,12,2,79-11,[]
TX,415.282414969,290092.838557036,4640910.133573674,1.2,1026,7,2,29-20,[]
TX,415.459756972,292833.962021459,4641924.46731739,1.2,336,12,2,183-9,[]
TX,415.48737124,289187.483357124,4643494.886979225,1.2,1383,12,2,365-5,[]
TX,415.556803143,292707.218421961,4641836.899002796,1.2,1126,12,2,311-10,[]
TX,415.755977534,290557.487343942,4635705.46266761,1.2,148,12,2,135-14,[]
TX,415.851057806,290081.698079371,4641498.102155139,1.2,832,7,2,245-22,[]
TX,416.379192271,288001.454401091,4643361.54343108,1.2,1565,12,2,7-27,[]
TX,416.444120586,290120.248886993,4640876.795378911,1.2,558,7,2,21-21,[]
TX,416.648237012,290832.066893018,4635531.953346333,1.2,1510,12,2,58-26,[]
TX,416.872186243,271812.171923216,4630664.445519161,1.2,565,12,2,21-7,[]
TX,416.924510165,281912.872072332,4632787.187881094,1.2,506,12,2,203-20,[]
TX,417.152933605,290262.731156365,4636442.30851946,1.2,874,12,2,252-16,[]
TX,417.179380562,290648.92539717,4641166.91879332,1.2,118,7,2,127-27,[]
TX,417.387980683,271650.530102138,4630647.698631669,1.2,1262,12,2,347-21,[]
TX,417.468218637,295131.793500455,4642721.497804213,1.2,1466,8,2,44-18,[]
TX,417.821971712,295155.063065716,4642740.827130833,1.2,1559,8,2,7-13,[]
TX,417.900267981,290480.149944124,4640629.718305956,1.2,1314,7,2,357-25,"[['RX_GW', 418.015263462, 1314, 7, 2, 868.1, -111.87839571, '00:00:00:00:00:02']]"
TX,418.002366613,290399.573502265,4641789.091557434,1.2,1003,7,2,281-15,[]
TX,418.204710378,288292.287920652,4644150.385670024,1.2,1077,12,2,298-13,[]
TX,418.432138767,294978.356927267,4642587.648147691,1.2,625,8,2,220-5,"[['RX_GW', 418.639552073, 625, 8, 2, 868.1, -124.502847246, '00:00:00:00:00:04']]"
TX,418.509000909,289847.279770828,4638906.214651157,1.2,197,12,2,143-3,[]
TX,418.640413824,289658.65600141,4644806.235118941,1.2,220,12,2,155-13,[]
TX,419.162253209,290709.489889895,4641291.742547657,1.2,1572,7,2,70-26,[]
TX,419.32460114,287562.5645004,4649605.200151218,1.2,1232,12,2,343-11,[]
TX,419.48055265,290560.057088986,4641026.857002548,1.2,1162,7,2,321-26,[]
TX,419.578275102,301571.452633873,4635097.347924621,1.2,1095,12,2,300-19,[]
TX,419.843338981,290054.130094113,4641535.893635166,1.2,359,7,2,188-23,[]
TX,420.366432167,282866.119739204,4646284.031833813,1.2,1201,12,2,334-1,[]
TX,420.405733686,290065.16021733,4641538.428879839,1.2,442,7,2,197-1,[]
TX,420.413760714,292038.096356731,4641774.188975303,1.2,564,12,2,21-6,[]
TX,420.416342405,291700.832449941,4642657.395991062,1.2,1087,12,2,298-9,[]
TX,420.483008981,290367.810399298,4641441.540170715,1.2,464,7,2,2-15,[]
TX,420.678403014,289104.488317299,4632933.709462441,1.2,189,12,2,143-16,[]
TX,420.684909229,290275.480860788,4641284.620431126,1.2,1412,7,2,37-23,[]
TX,421.068456937,290098.617345904,4640895.167410169,1.2,47,7,2,111-6,[]
TX,421.305362087,290009.59533,4637602.116576307,1.2,412,12,2,193-7,[]
TX,421.409404435,290336.437512653,4636131.316689133,1.2,1090,12,2,3-4,[]
TX,421.433534181,290351.421599768,4641813.303008932,1.2,57,7,2,113-20,"[['RX_GW', 421.548530967, 57, 7, 2, 868.1, -122.452944719, '00:00:00:00:00:02']]"
TX,421.802430307,291216.919133257,4641302.971018786,1.2,641,8,2,222-7,"[['RX_GW', 422.009844225, 641, 8, 2, 868.1, -125.737898811, '00:00:00:00:00:02']]"
TX,421.899469789,289823.699858267,4641207.550530671,1.2,724,7,2,233-19,[]
TX,421.991218589,291659.755416744,4642788.088622394,1.2,678,12,2,225-3,[]
TX,422.373239186,284731.554665374,4630160.286054321,1.2,339,12,2,184-20,[]
TX,422.665465803,299734.294301532,4630033.492097551,1.2,616,12,2,220-18,[]
TX,422.772994637,292543.503797519,4643842.567950866,1.2,702,12,2,228-7,[]
TX,422.989073034,290761.073123179,4642848.209475044,1.2,343,12,2,184-8,[]
TX,423.098125606,291019.257781527,4641759.80899177,1.2,95,8,2,12-15,[]
TX,423.098147559,288685.045765883,4639368.080106835,1.2,22,10,2,105-12,[]
TX,423.349086008,288789.292483367,4642807.076610619,1.2,1475,12,2,48-16,[]
TX,423.531218662,295003.130433875,4642858.669185101,1.2,1153,9,2,318-1,"[['RX_GW', 423.902984668, 1153, 9, 2, 868.1, -127.158983996, '00:00:00:00:00:04']]"
TX,423.645517596,282994.908997739,4640410.654040196,1.2,670,12,2,224-8,[]
TX,423.68587647,294389.099493162,4645739.866590591,1.2,1562,12,2,7-23,[]
TX,423.934230887,291105.697814219,4643097.475764778,1.2,356,12,2,187-16,[]
TX,423.964381586,290500.556604575,4640910.078638341,1.2,383,7,2,191-4,[]
TX,424.138797156,293919.030760389,4640886.486762889,1.2,236,12,2,156-25,[]
TX,424.353959959,292283.351597782,4642287.390877823,1.2,1195,12,2,329-15,[]
TX,424.357987123,271840.102579655,4630230.741883639,1.2,1514,12,2,58-9,[]
TX,424.898204963,290089.980461885,4640919.136865634,1.2,1010,7,2,288-11,[]
TX,424.909399003,293159.690654885,4640600.357754916,1.2,1443,12,2,41-17,[]
TX,425.012527011,289216.171540557,4642518.572882093,1.2,966,12,2,267-22,[]
TX,425.087931605,291839.552152521,4641049.328521387,1.2,800,10,2,241-22,[]
TX,425.300714743,291835.790547416,4642554.698477261,1.2,1636,12,2,81-7,[]
TX,425.58035722,294381.641913927,4645421.286872113,1.2,1625,12,2,81-17,[]
TX,426.205863463,288464.813693324,4641424.667903187,1.2,1668,9,2,87-21,"[['RX_GW', 426.57763022, 1668, 9, 2, 868.1, -128.310498058, '00:00:00:00:00:02']]"
TX,426.564222695,290377.124423171,4642049.131015772,1.2,1684,8,2,89-18,[]
TX,426.756522786,290086.286299666,4640905.09527986,1.2,1657,7,2,85-30,"[['RX_GW', 426.871516724, 1657, 7, 2, 868.1, -83.182029215, '00:00:00:00:00:02']]"
TX,426.859817353,291186.901085741,4641287.615046416,1.2,1601,8,2,79-29,[]
TX,427.139136621,290360.963941585,4640367.409488195,1.2,232,7,2,156-21,"[['RX_GW', 427.254132373, 232, 7, 2, 868.1, -115.424298627, '00:00:00:00:00:02']]"
TX,427.248241105,289979.205444891,4640227.513160486,1.2,728,7,2,234-1,[]
TX,427.249333239,291857.872393793,4642547.683796329,1.2,1353,12,2,362-23,[]
TX,427.355596386,291682.69003032,4642137.076779709,1.2,1648,11,2,83-9,"[['RX_GW', 428.836356974, 1648, 11, 2, 868.1, -133.464617119, '00:00:00:00:00:02']]"
TX,427.414313076,292518.893274235,4643818.951713353,1.2,1482,12,2,49-22,[]
TX,427.449480428,290533.756866849,4641263.17359458,1.2,1289,7,2,352-21,[]
TX,427.642977242,290676.53269399,4641311.591542525,1.2,856,7,2,248-29,[]
TX,427.932287984,288931.720389822,4642766.622632599,1.2,932,12,2,260-27,[]
TX,428.002090167,290258.256016049,4644540.268781191,1.2,1212,12,2,341-12,[]
TX,428.165756004,287986.235749007,4642187.646500072,1.2,1181,12,2,324-5,[]
TX,428.297101668,290448.89337533,4642936.255587665,1.2,221,12,2,155-14,[]
TX,428.382674042,290067.05292139,4641534.182021197,1.2,1518,7,2,59-13,[]
TX,428.656426283,290526.986250573,4642822.78992951,1.2,840,12,2,246-5,[]
TX,429.035825951,289198.670018537,4642519.159826297,1.2,1323,12,2,360-1,[]
TX,429.236515559,290479.30810742,4639963.895261764,1.2,783,8,2,238-30,[]
TX,429.309287346,287530.121414511,4640942.521536244,1.2,970,12,2,273-1,[]
TX,429.350482578,291126.184175637,4642467.278367926,1.2,494,11,2,200-7,[]
TX,429.560017505,294367.006755304,4643363.578349628,1.2,1693,12,2,89-28,[]
TX,429.671093704,288060.322596332,4641351.859724252,1.2,513,12,2,203-7,[]
TX,429.95930084,291183.956295387,4641312.338722645,1.2,1716,8,2,90-7,[]
TX,430.842673089,291117.15091598,4642464.215889567,1.2,1537,11,2,62-16,[]
TX,430.978525107,292144.585976884,4640649.566065867,1.2,529,12,2,208-20,[]
TX,431.028495577,292541.504357877,4641963.946353457,1.2,864,12,2,250-14,[]
TX,431.598125802,290958.689934791,4647399.726144677,1.2,1704,12,2,90-17,[]
TX,431.698972152,290312.284310316,4641316.088997016,1.2,145,7,2,135-11,"[['RX_GW', 431.813967454, 145, 7, 2, 868.1, -110.398557128, '00:00:00:00:00:02']]"
TX,431.701672296,290528.798521628,4646811.629615364,1.2,453,12,2,198-6,[]
TX,431.946674728,290062.723887976,4642525.137256132,1.2,293,10,2,172-13,[]
TX,432.039989397,290810.150307605,4642275.763252019,1.2,445,10,2,197-26,[]
TX,432.438795736,290247.474765415,4642130.053698271,1.2,1385,7,2,365-7,[]
TX,432.52916148,290211.358800147,4640738.875993353,1.2,901,7,2,257-4,[]
TX,432.537104714,285823.843503389,4641082.583330716,1.2,142,12,2,132-7,[]
TX,432.638742037,290528.249007682,4643254.939833768,1.2,1492,12,2,53-24,[]
TX,432.674562342,295986.184534726,4641247.25756765,1.2,587,7,2,212-9,"[['RX_GW', 432.789557627, 587, 7, 2, 868.1, -112.730208753, '00:00:00:00:00:04']]"
TX,432.918698508,289186.52823191,4642514.957830625,1.2,1288,12,2,352-20,[]
TX,432.947909103,293034.309519753,4642566.355787078,1.2,477,12,2,2-3,[]
TX,433.086915808,292242.925052804,4640626.263355086,1.2,166,12,2,135-5,[]
TX,433.110880885,291288.442245814,4641412.784678569,1.2,1551,10,2,68-11,[]
TX,433.40162167,291500.803988034,4642435.833155047,1.2,1397,11,2,369-25,[]
TX,434.103918016,292358.489188416,4641503.186256388,1.2,497,12,2,202-3,[]
TX,434.688069875,290590.178464082,4642301.684730817,1.2,819,10,2,243-1,[]
TX,434.794363839,290633.524252976,4641340.939681163,1.2,1146,7,2,315-28,[]
TX,434.971799741,291829.428144109,4642544.01508602,1.2,1045,12,2,294-4,[]
TX,435.180892305,290658.304013539,4641296.976936958,1.2,1377,7,2,365-26,[]
TX,435.508281893,288983.289180016,4642517.236111994,1.2,1550,11,2,68-10,"[['RX_GW', 436.989041663, 1550, 11, 2, 868.1, -134.400003651, '00:00:00:00:00:02']]"
TX,435.683404543,297409.44737901,4640802.655404368,1.2,317,12,2,176-8,[]
TX,435.71123046,288643.724972577,4643936.17921302,1.2,450,12,2,198-3,[]
TX,435.830357035,289663.991897836,4642192.730392887,1.2,937,7,2,262-20,[]
TX,435.840839131,273715.148761909,4630639.711096265,1.2,651,12,2,224-11,[]
TX,435.933896388,290674.908391796,4641308.529656438,1.2,201,7,2,143-7,[]
TX,435.948246436,293440.510989605,4640914.97135321,1.2,263,12,2,167-26,[]
TX,436.068751806,290522.392862997,4642081.125930721,1.2,1630,10,2,81-21,[]
TX,436.227296527,292712.393687133,4636373.182549706,1.2,1370,12,2,365-18,[]
TX,436.237776636,289190.570598773,4642519.325568634,1.2,425,12,2,196-13,[]
TX,436.264585026,291096.830058307,4642453.459322586,1.2,490,12,2,200-3,[]
TX,436.314965756,271636.971077099,4630632.413200523,1.2,1404,12,2,37-12,[]
TX,436.33383676,286915.126337205,4641603.662135091,1.2,1164,12,2,321-28,[]
TX,436.349330645,294389.625616424,4636762.416223291,1.2,908,12,2,259-10,[]
TX,436.521836373,291185.74521169,4641310.327787872,1.2,153,8,2,135-19,[]
TX,436.838970978,299763.668063112,4630298.78602514,1.2,911,12,2,259-13,[]
TX,436.86717769,290253.992494361,4642069.724026777,1.2,68,7,2,115-17,[]
TX,436.895789966,291843.939763166,4642518.717584874,1.2,1346,12,2,362-1,[]
TX,436.951061454,284764.730536804,4632664.677274172,1.2,1750,12,2,96-10,[]
TX,437.351128496,291698.84381499,4642122.948420944,1.2,243,11,2,156-6,[]
TX,437.513444771,289573.901190133,4642018.330647714,1.2,683,9,2,225-7,[]
TX,437.597134717,290501.928101845,4640665.925660923,1.2,732,7,2,234-14,[]
TX,437.759401995,291663.189315216,4642125.803818592,1.2,1571,11,2,70-25,[]
TX,437.974816313,287039.198089998,4641720.746669591,1.2,70,12,2,115-19,[]
TX,438.013797197,290085.719533165,4640915.000015815,1.2,136,7,2,132-20,[]
TX,438.036409307,288468.957081047,4637703.108573182,1.2,205,12,2,144-7,[]
TX,438.082029759,290376.15746641,4641815.989981855,1.2,1094,7,2,3-8,[]
TX,438.096001663,280728.420762295,4623586.185086971,1.2,285,12,2,170-26,[]
TX,438.108808932,292402.411964561,4641555.670057978,1.2,648,12,2,223-6,[]
TX,438.179322129,293080.167868045,4644120.00431165,1.2,1431,12,2,40-17,[]
TX,438.2301139,290408.459039801,4641793.295628178,1.2,1512,7,2,58-28,[]
TX,438.424486215,291997.521250188,4643716.745820077,1.2,1081,12,2,298-24,[]
TX,439.033592649,291178.916017964,4640448.536293521,1.2,1573,9,2,70-27,[]
TX,439.156595729,290058.465572448,4640945.867257326,1.2,267,7,2,169-16,[]
TX,439.244092722,293119.909832715,4642319.415470855,1.2,1437,12,2,40-30,[]
TX,439.392280421,292021.508208804,4641756.863102,1.2,684,12,2,225-8,[]
TX,439.59075211,291418.096636603,4638514.352248779,1.2,957,12,2,266-6,[]
TX,439.678602696,290362.06165005,4641443.905951014,1.2,542,7,2,208-9,"[['RX_GW', 439.793598433, 542, 7, 2, 868.1, -115.179227955, '00:00:00:00:00:02']]"
TX,439.937760549,287560.923548107,4634293.32984513,1.2,1017,12,2,288-26,[]
TX,440.215906847,290360.458168367,4641795.391721014,1.2,1644,7,2,83-25,"[['RX_GW', 440.330903591, 1644, 7, 2, 868.1, -122.213380663, '00:00:00:00:00:02']]"
TX,440.277032485,290651.860426089,4642291.948599805,1.2,315,10,2,176-6,[]
TX,440.5351325,295130.607755388,4642717.859177784,1.2,1313,8,2,357-24,[]
TX,441.147726476,285339.738548794,4636052.850001619,1.2,838,12,2,246-30,[]
TX,441.213994725,290452.279530232,4641586.19911401,1.2,99,7,2,121-12,"[['RX_GW', 441.328991022, 99, 7, 2, 868.1, -119.990960528, '00:00:00:00:00:02']]"
TX,441.291603857,289843.709922101,4643074.633107929,1.2,1012,12,2,288-13,[]
TX,441.2997974,290570.977927609,4641800.354745059,1.2,1524,7,2,59-26,[]
TX,441.442511015,290651.308381342,4635656.938232457,1.2,441,12,2,196-8,[]
TX,441.55220119,289332.026408654,4632847.88936789,1.2,1416,12,2,37-5,[]
TX,441.763137329,287986.186013847,4641826.152575601,1.2,698,12,2,228-28,[]
TX,441.913804032,293124.133343858,4644553.088140188,1.2,778,12,2,238-19,[]
TX,441.938883132,291636.802317944,4642833.742838924,1.2,1330,12,2,360-29,[]
TX,442.045035959,291413.277468486,4641343.451344071,1.2,972,10,2,273-11,[]
TX,442.356275686,289417.803474059,4645293.373565476,1.2,36,12,2,106-6,[]
TX,442.38679914,283956.866854706,4643133.624880831,1.2,1747,12,2,94-6,[]
TX,442.420772579,290411.638921961,4641807.238073306,1.2,1574,7,2,70-28,[]
TX,442.623763332,292844.987156824,4643149.426193389,1.2,880,12,2,253-21,[]
TX,442.733264043,291625.659449745,4644625.840698076,1.2,752,12,2,235-24,[]
TX,442.787140245,292414.786565998,4641761.49462612,1.2,1220,12,2,341-28,[]
TX,443.02341578,290118.012758825,4640874.858797467,1.2,1368,7,2,365-16,[]
TX,443.210138927,290925.913192179,4638932.269859671,1.2,259,12,2,157-29,[]
TX,443.360024878,291773.80458196,4642395.617194104,1.2,1156,12,2,321-13,[]
TX,443.372949715,289929.838919332,4634191.018281916,1.2,1388,12,2,368-1,[]
TX,443.472782799,287854.368060525,4643252.61758,1.2,1002,12,2,281-14,[]
TX,443.893295017,290679.097042963,4641310.521080631,1.2,931,7,2,260-26,[]
TX,443.910822175,291042.858195641,4641918.08309659,1.2,812,9,2,242-22,[]
TX,444.143635959,292075.946391678,4640521.35572401,1.2,598,12,2,214-27,[]
TX,444.1757732,284156.221920234,4640290.603113716,1.2,1620,12,2,80-25,[]
TX,444.218453683,287724.758571247,4641676.490354499,1.2,1450,12,2,42-17,[]
TX,444.478158824,289196.951965232,4642518.145938641,1.2,1753,12,2,96-13,[]
TX,444.72969564,288396.567645578,4642372.811079745,1.2,170,11,2,139-3,[]
TX,445.366181775,274083.624311902,4630521.262680058,1.2,112,12,2,127-10,[]
TX,445.392941882,290707.628137893,4641307.839458505,1.2,1013,7,2,288-14,[]
TX,445.708052797,290484.84071535,4640623.782322283,1.2,386,7,2,191-7,[]
TX,445.781656871,290930.359839781,4641308.112223365,1.2,14,7,2,104-26,[]
TX,445.853466888,290690.890278396,4641305.585612685,1.2,1530,7,2,61-10,[]
TX,445.899201423,296908.236392924,4637358.839326217,1.2,1523,12,2,59-25,[]
TX,445.981040852,292677.492129171,4641805.778217563,1.2,65,12,2,113-7,[]
TX,446.379156891,294186.877903969,4642999.630664358,1.2,879,12,2,253-20,[]
TX,446.58919088,290479.777356523,4640628.840701351,1.2,1014,7,2,288-15,[]
TX,446.616087104,288459.723208207,4642423.418221045,1.2,491,12,2,200-4,[]
TX,446.626850736,290738.045574188,4642898.499978648,1.2,1073,12,2,297-9,[]
TX,446.740738667,299773.15425154,4630302.815124645,1.2,916,12,2,259-25,[]
TX,446.934824603,285803.331559664,4641352.607560656,1.2,128,12,2,132-1,[]
TX,446.948406081,292539.829141899,4641872.690591677,1.2,1130,12,2,311-14,[]
TX,446.951933725,291945.383403741,4644193.244412268,1.2,1015,12,2,288-23,[]
TX,447.187283102,292328.795126476,4642048.084768204,1.2,1425,12,2,39-9,[]
TX,447.245493533,286582.079050394,4641758.849902261,1.2,316,12,2,176-7,[]
TX,447.521246748,294203.69275302,4639080.321455943,1.2,54,12,2,113-18,[]
TX,447.616504726,291408.393123203,4641384.528966386,1.2,1534,11,2,61-14,"[['RX_GW', 449.097263345, 1534, 11, 2, 868.1, -133.075490764, '00:00:00:00:00:02']]"
TX,447.664510255,293395.687755636,4640919.757731277,1.2,381,12,2,191-28,[]
TX,447.703208026,291840.486422144,4642533.95955487,1.2,1656,12,2,85-3,[]
TX,447.747924987,291187.042848927,4641321.672552263,1.2,1645,8,2,83-27,[]
TX,447.864529103,290487.345043369,4640626.710501007,1.2,1651,7,2,85-18,[]
TX,447.877065721,293722.358849628,4640231.475073644,1.2,1169,12,2,322-14,[]
TX,448.039915083,292321.506162059,4642044.374450392,1.2,1160,12,2,321-24,[]
TX,448.805936236,290953.342203783,4642040.699403808,1.2,1362,10,2,365-10,[]
TX,449.016340311,292783.966707347,4638946.47467458,1.2,919,12,2,259-28,[]
TX,449.106060967,273676.445339551,4630643.176823164,1.2,1430,12,2,40-16,[]
TX,449.152186635,288831.438940691,4643195.97218894,1.2,1304,12,2,356-22,[]
TX,449.606616992,289418.647360495,4635406.992146094,1.2,794,12,2,241-17,[]
TX,449.73225789,290381.782807923,4641409.135071391,1.2,1196,7,2,329-16,[]
TX,449.844063789,289277.635918052,4642056.134252295,1.2,1595,9,2,79-23,[]
TX,449.888894445,287167.687280117,4641756.611100281,1.2,472,12,2,2-25,[]
TX,450.192287405,290487.835884876,4640629.77703744,1.2,1643,7,2,83-24,[]
TX,450.479377292,291193.855447239,4641317.734642154,1.2,398,8,2,193-17,[]
TX,450.511458601,290082.84539779,4640925.116959774,1.2,91,7,2,12-11,[]
TX,450.619344339,289330.137566555,4634545.675804112,1.2,84,12,2,119-30,[]
TX,450.661751399,291233.962936846,4642274.278942236,1.2,1635,12,2,81-6,[]
TX,450.665252084,284952.613044451,4642826.85541626,1.2,1177,12,2,324-17,[]
TX,450.78549794,293742.879662994,4639568.328552636,1.2,1246,12,2,343-5,[]
TX,450.791623572,291846.705422233,4642547.828994333,1.2,1093,12,2,3-7,[]
TX,451.272878674,291140.214047799,4642455.37813359,1.2,484,11,2,200-17,[]
TX,451.401611251,291837.786768304,4642551.634282958,1.2,1724,12,2,92-30,[]
TX,451.440003622,290961.312960141,4642624.336102501,1.2,1083,12,2,298-26,[]
TX,451.448068879,291811.939722553,4642550.438880239,1.2,1445,12,2,41-19,[]
TX,451.832528574,290471.359710585,4640625.50508883,1.2,672,7,2,225-18,"[['RX_GW', 451.947524036, 672, 7, 2, 868.1, -111.697781397, '00:00:00:00:00:02']]"
TX,451.908162159,289601.432494125,4641762.02039609,1.2,435,7,2,196-27,[]
TX,451.944754398,290987.588059203,4641333.025122491,1.2,517,7,2,205-22,[]
TX,452.079900615,292071.932959324,4640506.965690744,1.2,734,11,2,234-23,[]
TX,452.183338614,291391.667710032,4644239.06379054,1.2,462,12,2,2-13,[]
TX,452.204740092,290292.851552977,4641968.728472087,1.2,1558,7,2,7-12,[]
TX,452.225717236,274989.686024522,4631162.703220159,1.2,958,12,2,266-7,[]
TX,452.670393834,290670.759985259,4641308.226458494,1.2,851,7,2,248-24,[]
TX,452.722134579,291624.56231996,4644627.507967849,1.2,1152,12,2,317-29,[]
TX,452.891467136,292692.374826823,4641811.632526404,1.2,611,12,2,22-6,[]
TX,452.905620827,292901.274419548,4642224.595789272,1.2,1544,12,2,62-6,[]
TX,453.020461637,292709.180837205,4642093.833475008,1.2,465,12,2,2-16,[]
TX,453.075552978,291820.542976773,4642767.188747134,1.2,228,12,2,156-17,[]
TX,453.190453688,291628.394767986,4644622.097273479,1.2,438,12,2,196-4,[]
TX,453.212000986,293314.967047405,4644292.564316646,1.2,1049,12,2,295-11,[]
TX,453.395641785,291833.751374533,4641585.505577843,1.2,151,11,2,135-17,[]
TX,453.408801907,292716.647251144,4641837.507969617,1.2,1135,12,2,315-10,[]
TX,453.54901581,293772.127195066,4640246.192064256,1.2,597,12,2,214-26,[]
TX,453.681367967,289441.124121855,4635420.503904059,1.2,968,12,2,268-16,[]
TX,453.94481085,291059.255080286,4641100.337930126,1.2,849,7,2,248-14,"[['RX_GW', 454.059808087, 849, 7, 2, 868.1, -122.250497259, '00:00:00:00:00:02']]"
TX,454.130715892,292521.635397541,4641202.370678439,1.2,1549,12,2,66-28,[]
TX,454.210337223,291442.515159045,4642030.207898146,1.2,1623,11,2,80-9,[]
TX,454.414476836,291115.269726918,4641437.615796284,1.2,1060,7,2,297-1,[]
TX,454.553988653,290291.084607468,4641366.048606962,1.2,537,7,2,208-28,[]
TX,454.803573839,290133.310773672,4640861.835575185,1.2,1640,7,2,83-14,[]
TX,454.875478191,294835.283020314,4644910.0518228,1.2,723,12,2,233-18,[]
TX,454.877286486,290087.831283582,4640908.626811497,1.2,467,7,2,2-19,[]
TX,454.896454919,290895.13831369,4642246.673722744,1.2,1188,10,2,326-30,[]
TX,454.925620817,287859.46984714,4638159.491143196,1.2,29,12,2,105-26,[]
TX,455.170340182,292180.133572287,4642148.777282544,1.2,827,12,2,243-29,[]
TX,455.178511451,290060.005279816,4642394.671336762,1.2,78,8,2,115-6,[]
TX,455.563177581,290007.89500875,4637576.053205636,1.2,1297,12,2,352-5,[]
TX,455.586112682,291420.511593544,4641312.462444998,1.2,1250,10,2,344-11,[]
TX,455.657750948,292595.463536974,4642879.488757319,1.2,888,12,2,257-17,[]
TX,456.092599892,280202.484372171,4632613.707050539,1.2,167,12,2,135-6,[]
TX,456.395227649,290358.931337525,4641814.180831374,1.2,922,7,2,260-1,[]
TX,456.516800019,290174.732155822,4641476.636888868,1.2,934,7,2,260-29,[]
TX,456.603283316,287524.877328094,4641308.93472774,1.2,297,12,2,174-1,[]
TX,456.852450574,289990.143920393,4646324.914819428,1.2,105,12,2,122-13,[]
TX,457.111742819,292432.117785855,4652381.965267288,1.2,1206,12,2,337-21,[]
TX,457.202200507,291504.77858374,4643021.97449209,1.2,764,12,2,236-18,[]
TX,457.276890691,290277.269997831,4646535.546994932,1.2,433,12,2,196-25,[]
TX,457.336400346,295180.332276324,4646194.461495503,1.2,596,12,2,214-25,[]
TX,457.631758179,290561.990401901,4642277.934450868,1.2,1513,10,2,58-29,[]
TX,457.777111336,291486.312827007,4642062.431487834,1.2,1631,11,2,81-22,[]
TX,457.786179156,291565.148494736,4641381.701987934,1.2,725,12,2,233-20,[]
TX,457.908866591,290099.958582224,4640893.370058425,1.2,90,7,2,12-10,[]
TX,457.978315314,290481.801612627,4640620.884223485,1.2,368,7,2,191-12,[]
TX,458.357964609,291222.639573567,4641234.472812149,1.2,1120,10,2,309-13,[]
TX,458.407629131,292728.439510096,4641847.567731664,1.2,1363,12,2,365-11,[]
TX,458.602978187,289661.750316523,4643509.567399702,1.2,231,12,2,156-20,[]
TX,458.820996938,289203.682307712,4642069.505789145,1.2,1237,10,2,343-18,[]
TX,458.87612431,291442.858833137,4642081.125899902,1.2,1283,12,2,352-16,[]
TX,459.051083413,273677.048212668,4630682.917347594,1.2,873,12,2,252-15,[]
TX,459.326870873,293374.194946653,4639579.073833185,1.2,414,12,2,193-9,[]
TX,459.602843802,288858.578947278,4637837.539793937,1.2,1183,12,2,324-8,[]
TX,460.338190184,292104.602857238,4642722.396638438,1.2,1446,12,2,41-20,[]
TX,460.491043963,291123.593975973,4642472.988768361,1.2,1490,11,2,53-15,[]
TX,461.232987725,291862.805510773,4641032.903088212,1.2,859,10,2,249-2,[]
TX,461.444629295,289843.959579648,4635184.049979939,1.2,1248,12,2,343-7,[]
TX,461.533229509,292321.594388556,4641748.166302625,1.2,989,12,2,28-17,[]
TX,461.624421831,291190.318332477,4647913.554411377,1.2,771,12,2,236-4,[]
TX,461.632557818,289008.419692418,4636559.912148767,1.2,528,12,2,208-19,[]
TX,461.759764864,290366.612267642,4641798.570995006,1.2,1508,7,2,58-24,[]
TX,462.061707054,290693.782716353,4641304.852047457,1.2,912,7,2,259-14,[]
TX,462.06276454,291199.534466191,4643538.036447058,1.2,1334,12,2,361-11,[]
TX,462.160547646,290096.497220492,4640891.485189376,1.2,473,7,2,2-26,[]
TX,462.276862782,290176.863491717,4632566.310582968,1.2,73,12,2,115-21,[]
TX,462.308681086,291888.98669099,4642567.098529538,1.2,102,12,2,121-15,[]
TX,462.531909146,290078.068826459,4637822.628013521,1.2,63,12,2,113-5,[]
TX,462.56738281,289451.894379122,4643126.228698445,1.2,361,12,2,188-25,[]
TX,462.574505614,290633.91088538,4641110.144168293,1.2,647,7,2,223-5,[]
TX,462.586668276,290211.378980223,4641240.894404011,1.2,1223,7,2,342-1,[]
TX,462.963515216,290421.621518487,4641812.905239539,1.2,927,7,2,260-14,[]
TX,463.019587575,291342.311159843,4642132.156282415,1.2,478,11,2,2-30,[]
TX,463.068746395,291070.850595351,4641080.791401775,1.2,175,7,2,139-8,[]
TX,463.129535779,287968.212739512,4634542.212018336,1.2,367,12,2,191-10,[]
TX,463.199264818,299804.165453261,4630159.640306999,1.2,918,12,2,259-27,[]
TX,463.382447912,291037.270762941,4641931.464428764,1.2,1691,9,2,89-26,[]
TX,463.537134749,289813.678849715,4642394.305397243,1.2,55,10,2,113-19,[]
TX,463.693898335,291292.953824846,4642390.839368315,1.2,1138,11,2,315-13,[]
TX,463.930613168,286635.995510391,4645421.413580479,1.2,1479,12,2,48-20,[]
TX,464.333909208,293323.908273886,4640161.383151664,1.2,1715,12,2,90-6,[]
TX,464.714361735,290476.296270483,4640695.300822671,1.2,701,7,2,228-5,"[['RX_GW', 464.829357112, 701, 7, 2, 868.1, -110.876169246, '00:00:00:00:00:02']]"
TX,464.726113044,290290.295769097,4641966.78873749,1.2,174,7,2,139-7,[]
TX,465.020865013,290535.925507637,4641947.676263844,1.2,863,9,2,250-13,"[['RX_GW', 465.392630496, 863, 9, 2, 868.1, -129.612235375, '00:00:00:00:00:02']]"
TX,465.505331793,290070.054293287,4640931.864986596,1.2,730,7,2,234-12,"[['RX_GW', 465.620325684, 730, 7, 2, 868.1, -81.133385999, '00:00:00:00:00:02']]"
TX,465.636057467,290671.722796335,4641296.042354263,1.2,835,7,2,245-8,[]
TX,465.636186534,290181.798504251,4641469.167190506,1.2,475,7,2,2-28,[]
TX,465.722236942,286332.926615534,4641701.700571554,1.2,522,12,2,208-11,[]
TX,465.73833629,290367.7439621,4641801.520950624,1.2,943,7,2,264-28,[]
TX,465.868285456,290651.702100801,4642003.762636285,1.2,1689,8,2,89-24,"[['RX_GW', 466.075699289, 1689, 8, 2, 868.1, -126.431206366, '00:00:00:00:00:02']]"
TX,466.037330713,287994.147152805,4643241.490813782,1.2,1673,12,2,87-6,[]
TX,466.208836329,297296.093198945,4642997.357338115,1.2,882,12,2,255-1,[]
TX,466.961817744,291010.221122702,4641834.100681541,1.2,546,8,2,209-21,"[['RX_GW', 467.169231931, 546, 8, 2, 868.1, -126.343647114, '00:00:00:00:00:02']]"
TX,467.345302771,271611.353039297,4630628.680107445,1.2,659,12,2,224-21,[]
TX,467.369300874,271657.091850044,4630625.014273305,1.2,1205,12,2,337-19,[]
TX,467.384222802,290255.43471884,4640265.082543283,1.2,801,7,2,241-3,"[['RX_GW', 467.499218664, 801, 7, 2, 868.1, -112.507567735, '00:00:00:00:00:02']]"
TX,467.393637219,291176.494338303,4641962.278763444,1.2,222,10,2,155-15,[]
TX,467.52417479,282195.303312093,4632812.457931017,1.2,862,12,2,250-12,[]
TX,467.557043142,290810.94675229,4642375.901096233,1.2,982,10,2,273-29,[]
TX,467.664366432,294392.399262896,4643065.028024086,1.2,1145,12,2,315-27,[]
TX,467.720168053,292308.002370622,4641566.067602533,1.2,1526,12,2,59-28,[]
TX,468.133208804,292956.64568752,4640297.824301332,1.2,998,12,2,280-2,[]
TX,468.908154922,295149.950155066,4642699.952546245,1.2,1606,8,2,8-24,"[['RX_GW', 469.115568214, 1606, 8, 2, 868.1, -125.825931059, '00:00:00:00:00:04']]"
TX,468.914827345,297565.459652034,4643624.409449359,1.2,185,12,2,14-29,[]
TX,468.91917472,292241.910486104,4639455.463964885,1.2,1611,12,2,8-29,[]
TX,468.924621175,291017.065557072,4641200.519486177,1.2,1231,8,2,343-1,[]
TX,469.01194217,291851.98063565,4642558.497671656,1.2,1047,12,2,294-6,[]
TX,469.038923436,292523.140416466,4642910.372003895,1.2,1187,12,2,325-8,[]
TX,469.128171182,290360.895048194,4641830.406826692,1.2,1738,7,2,94-25,[]
TX,469.132110185,293312.104069719,4644316.549374981,1.2,688,12,2,228-12,[]
TX,469.139791337,291764.668495034,4641033.553320838,1.2,898,10,2,257-27,[]
TX,469.230040536,287375.944276993,4644076.057718699,1.2,144,12,2,135-10,[]
TX,469.479605923,290260.274706308,4641268.577750162,1.2,1597,7,2,79-25,[]
TX,469.570290458,291223.468047147,4641600.942226623,1.2,1407,9,2,37-18,[]
TX,469.574196878,290760.791226757,4642697.535374746,1.2,1234,10,2,343-13,[]
TX,469.862696819,293825.815486754,4639967.679704126,1.2,579,12,2,212-25,[]
TX,470.443038413,299599.520230656,4645419.014342049,1.2,1166,12,2,321-9,[]
TX,470.456491656,290355.481545152,4641801.878037686,1.2,17,7,2,104-29,[]
TX,470.629267714,292953.161098119,4642255.834029761,1.2,1261,12,2,347-20,[]
TX,471.123098527,290359.100550856,4641814.517386183,1.2,719,7,2,232-28,[]
TX,471.483716587,289193.896765371,4643501.523700994,1.2,1435,12,2,40-20,[]
TX,471.544609605,290778.801824247,4641304.862251145,1.2,1519,7,2,59-14,[]
TX,471.726177923,294061.972473702,4641646.404062342,1.2,788,11,2,240-18,[]
TX,472.115713408,291108.27263736,4641077.794015367,1.2,270,7,2,169-2,"[['RX_GW', 472.230710795, 270, 7, 2, 868.1, -122.98123824, '00:00:00:00:00:02']]"
TX,472.28537874,298034.073229745,4639336.755742617,1.2,212,12,2,154-19,[]
TX,472.456408614,298121.199736493,4636411.070019185,1.2,920,12,2,259-29,[]
TX,472.561506321,285895.511093771,4644228.586657477,1.2,1426,12,2,4-22,[]
TX,472.658799896,292087.956036138,4640430.703628609,1.2,264,11,2,167-27,[]
TX,472.679159235,296181.941844216,4642553.787616026,1.2,614,7,2,220-16,"[['RX_GW', 472.794155966, 614, 7, 2, 868.1, -122.11510237, '00:00:00:00:00:04']]"
TX,472.93870717,291850.974641014,4642549.699404379,1.2,1391,12,2,369-11,[]
TX,473.018627386,291249.380772027,4641985.796394124,1.2,933,11,2,260-28,[]
TX,473.125219104,297567.462730442,4643638.399020311,1.2,187,12,2,14-9,[]
TX,473.54692752,292596.429539534,4643826.861258447,1.2,1428,12,2,4-5,[]
TX,474.033403439,291235.538893419,4642283.520542507,1.2,1563,10,2,7-25,[]
TX,474.0594912,281507.716112023,4626811.948332613,1.2,1228,12,2,342-25,[]
TX,474.128552838,261573.866926388,4646078.720842904,1.2,601,12,2,215-19,[]
TX,474.260275884,291110.266191786,4641451.710156835,1.2,1315,9,2,357-26,"[['RX_GW', 474.63204166, 1315, 9, 2, 868.1, -128.204663114, '00:00:00:00:00:02']]"
TX,474.791202979,289715.226241778,4647162.876947364,1.2,117,12,2,127-15,[]
TX,474.897172874,292653.424941323,4641665.206810144,1.2,505,12,2,203-2,[]
TX,475.476684603,292310.923656425,4642050.732070397,1.2,1396,12,2,369-24,[]
TX,475.478966367,290068.664363156,4641533.881080779,1.2,1349,7,2,362-12,[]
TX,475.540263577,290142.201889846,4643509.350249103,1.2,1352,12,2,362-15,[]
TX,475.758174845,289705.840006806,4639408.344364374,1.2,109,11,2,125-30,[]
TX,475.768826269,295131.324678759,4642740.323268955,1.2,1264,8,2,348-10,"[['RX_GW', 475.976239709, 1264, 8, 2, 868.1, -126.73679502, '00:00:00:00:00:04']]"
TX,475.870482124,291239.587033787,4641291.869970168,1.2,262,9,2,167-25,[]
TX,476.292900205,287770.452887832,4645579.129668422,1.2,1336,12,2,361-13,[]
TX,476.441871669,289495.00365857,4635474.436384392,1.2,382,12,2,191-3,[]
TX,476.508133268,290156.743913097,4635333.166890067,1.2,1136,12,2,315-11,[]
TX,476.561559164,291466.181355783,4642050.312191746,1.2,1064,12,2,297-13,[]
TX,476.593559693,289143.298412482,4641093.896457989,1.2,685,7,2,228-1,[]
TX,477.17793446,291767.787638567,4640370.49574851,1.2,1022,12,2,29-16,[]
TX,477.802784618,292301.307888806,4642049.833102768,1.2,1301,12,2,356-19,[]
TX,478.142125152,292483.981835701,4641939.131248425,1.2,455,12,2,198-8,[]
TX,478.171443243,290763.691578397,4640955.734458144,1.2,886,7,2,257-12,[]
TX,478.304564099,290713.352645537,4642486.333721571,1.2,1622,12,2,80-29,[]
TX,478.314849606,292267.561894304,4641733.141565235,1.2,1236,12,2,343-15,[]
TX,478.374027387,290050.047912982,4640960.525477374,1.2,278,7,2,169-8,[]
TX,478.379187231,293908.717667293,4640687.685368706,1.2,188,12,2,141-8,[]
TX,478.5867506,290404.727661437,4643002.498735259,1.2,1333,12,2,361-10,[]
TX,479.272371328,291109.007800519,4641367.777780083,1.2,335,9,2,183-8,[]
TX,479.286446483,290086.176034542,4640894.423348389,1.2,981,7,2,273-28,[]
TX,479.347868497,291206.757375267,4641980.156399371,1.2,713,10,2,232-15,[]
TX,479.38755329,290450.570799366,4635854.426944037,1.2,1210,12,2,341-10,[]
TX,479.46919725,292708.88689257,4641824.201310669,1.2,1257,12,2,347-16,[]
TX,479.499461462,292833.073573778,4641929.306857983,1.2,509,12,2,203-3,[]
TX,479.629493791,291059.644301349,4641662.089228775,1.2,1578,9,2,74-16,[]
TX,479.826226693,291506.182110595,4640999.139978609,1.2,1506,11,2,58-15,[]
TX,479.826543166,271641.521595394,4630611.372927233,1.2,1481,12,2,48-22,[]
TX,479.875247519,288221.508744746,4643501.095555329,1.2,1599,12,2,79-27,[]
TX,479.950236842,290070.349162192,4641550.402234402,1.2,448,7,2,197-29,[]
TX,479.985968902,293343.517018589,4640150.581294974,1.2,1402,12,2,369-9,[]
TX,480.136595487,290690.649127805,4641302.617115568,1.2,1700,7,2,90-11,[]
TX,480.893309057,292607.226265664,4641983.738676622,1.2,1434,12,2,40-2,[]
TX,481.281547518,295161.449627948,4642746.441313246,1.2,963,8,2,267-19,"[['RX_GW', 481.488960928, 963, 8, 2, 868.1, -126.595701983, '00:00:00:00:00:04']]"
TX,481.367712201,288477.742208349,4642835.979462121,1.2,1429,12,2,4-9,[]
TX,481.732964079,290487.389429742,4641381.296356316,1.2,101,7,2,121-14,[]
TX,481.734317869,291324.735709877,4642163.536298141,1.2,357,11,2,188-1,[]
TX,481.941652057,273674.932106967,4630616.626834358,1.2,322,12,2,178-13,[]
TX,482.131656389,290325.626194114,4639623.257206055,1.2,551,9,2,209-8,[]
TX,482.347872638,289843.228872001,4642399.862778144,1.2,1063,10,2,297-12,[]
TX,482.641582169,291080.216261868,4641587.670664063,1.2,1109,10,2,301-9,[]
TX,483.607307007,290134.894782297,4640086.182929595,1.2,890,7,2,257-19,[]
TX,483.858802182,290344.881070176,4646257.148105255,1.2,1051,12,2,295-13,[]
TX,484.098043947,286468.529927507,4642099.047504386,1.2,929,12,2,260-24,[]
TX,484.634918821,290930.365740355,4638653.351315895,1.2,1339,12,2,361-23,[]
TX,485.101014228,273678.562469544,4630680.30098179,1.2,1452,12,2,42-19,[]
TX,485.376800202,292759.013168891,4642102.02509373,1.2,1039,12,2,290-26,[]
TX,485.577413973,273688.691440974,4630646.725486424,1.2,1157,12,2,321-14,[]
TX,485.750258483,291013.599268962,4641844.058513598,1.2,665,8,2,224-3,[]
TX,485.766652853,291166.037616172,4642377.111488338,1.2,288,12,2,171-8,[]
TX,485.968669154,289332.515799254,4634682.375724665,1.2,1702,12,2,90-13,[]
TX,485.99064736,290247.056213478,4641981.019741823,1.2,1749,7,2,96-1,[]
TX,486.224797001,293841.310142789,4640167.140076892,1.2,1379,12,2,365-28,[]
TX,486.67561982,290364.966586232,4641827.000229239,1.2,1082,7,2,298-25,[]
TX,486.938605598,291194.488518589,4641958.357697553,1.2,967,10,2,268-1,[]
TX,487.227717874,291520.520692117,4641311.87322282,1.2,276,10,2,169-6,[]
TX,487.385097898,291674.42179232,4642233.79870159,1.2,797,12,2,241-2,[]
TX,487.664454792,290919.334727387,4638474.481265144,1.2,1004,12,2,281-2,[]
TX,487.705584114,293951.456520399,4629959.453654788,1.2,729,12,2,234-11,[]
TX,487.978153319,290883.742079964,4641311.888432566,1.2,49,8,2,111-8,[]
TX,488.200848243,290393.159482458,4641828.517629,1.2,1553,7,2,68-13,[]
TX,488.428424606,291934.984984173,4639153.854478558,1.2,1517,12,2,59-12,[]
TX,488.619904108,290343.814319545,4641916.731917717,1.2,1500,8,2,58-1,[]
TX,489.324836409,290360.986861809,4641811.341995693,1.2,1745,7,2,94-4,[]
TX,489.354702243,290091.444381142,4640901.741943767,1.2,1501,7,2,58-10,[]
TX,489.394427138,289171.936567324,4642108.95167661,1.2,176,10,2,14-1,[]
TX,489.406080893,296051.136279744,4641058.30815386,1.2,1764,7,2,99-28,"[['RX_GW', 489.521076833, 1764, 7, 2, 868.1, -112.810228692, '00:00:00:00:00:04']]"
TX,489.485192104,292124.327401029,4642575.777431113,1.2,238,12,2,156-27,[]
TX,489.497293787,291580.445131519,4641395.850303609,1.2,1365,10,2,365-13,[]
TX,489.578559,289215.791476534,4642519.246314043,1.2,1180,12,2,324-30,[]
TX,490.070445079,289214.364565559,4642237.853997487,1.2,48,9,2,111-7,"[['RX_GW', 490.442211656, 48, 9, 2, 868.1, -129.564413796, '00:00:00:00:00:02']]"
TX,490.11676725,293228.176337357,4642657.386418787,1.2,417,12,2,195-13,[]
TX,490.208930379,292354.615368691,4642204.167660359,1.2,1433,12,2,40-19,[]
TX,490.428175697,291638.337756317,4642764.927860206,1.2,1029,12,2,29-30,[]
TX,490.53440281,286900.540102678,4641850.533987235,1.2,469,12,2,2-20,[]
TX,490.713502462,290078.54165093,4644523.840489401,1.2,1457,12,2,42-3,[]
TX,491.120626405,290483.400890534,4640629.583582385,1.2,589,7,2,213-15,[]
TX,491.138805044,290422.55848719,4640692.667905292,1.2,1107,7,2,301-7,[]
TX,491.246692009,294168.251739776,4644281.826827752,1.2,808,12,2,242-17,[]
TX,491.422326645,291828.752271462,4642547.322460066,1.2,1674,12,2,87-7,[]
TX,491.535745178,290062.069426665,4640944.854162242,1.2,1242,7,2,343-27,[]
TX,491.576047365,291610.910203104,4644629.721719862,1.2,327,12,2,178-25,[]
TX,491.876520568,289608.424830703,4642975.322001595,1.2,452,12,2,198-5,[]
TX,492.100179994,291617.739861271,4640987.726125857,1.2,9,11,2,104-14,[]
TX,492.213122066,290878.46903904,4642315.870565392,1.2,1008,10,2,288-1,[]
TX,492.237945945,291632.291589194,4644619.37067704,1.2,251,12,2,157-14,[]
TX,492.28702524,291951.457036614,4641344.219557979,1.2,599,12,2,214-28,[]
TX,492.34326444,292580.451955321,4641240.194851171,1.2,1172,12,2,322-25,[]
TX,492.651592392,295123.260237391,4642701.303556624,1.2,722,8,2,233-16,[]
TX,493.074605088,289814.888233222,4642395.777964048,1.2,1084,10,2,298-27,[]
TX,493.177011967,291736.332994312,4643888.837236425,1.2,1566,12,2,7-28,[]
TX,493.191699876,291800.519196355,4642542.742995121,1.2,1125,12,2,311-1,[]
TX,493.192768267,271883.534708546,4630633.724924026,1.2,1189,12,2,328-4,[]
TX,493.2403485,290672.898595231,4641313.777785799,1.2,855,7,2,248-28,[]
TX,493.321177186,292085.242990338,4642817.140654521,1.2,62,12,2,113-4,[]
TX,493.332137642,299759.950599181,4630032.208033273,1.2,915,12,2,259-24,[]
TX,493.420787708,290569.553433854,4642601.977825318,1.2,923,12,2,260-10,[]
TX,494.047875603,289656.921259643,4641747.662942225,1.2,1564,7,2,7-26,[]
TX,494.062344799,292041.165383598,4641773.457811238,1.2,376,12,2,191-22,[]
TX,494.500398171,290325.740132095,4643399.416362981,1.2,1401,12,2,369-29,[]
TX,495.094553323,290061.903225055,4642394.975024143,1.2,459,8,2,2-1,[]
TX,495.163370271,290476.360975548,4641393.236641004,1.2,171,7,2,139-4,[]
TX,495.192363706,295614.338517808,4645784.944103244,1.2,950,12,2,266-20,[]
TX,495.249326972,292100.777028181,4640660.026858381,1.2,1119,12,2,309-12,[]
TX,495.366060279,291183.865908081,4641317.718823439,1.2,1604,8,2,8-2,[]
TX,495.401288185,290773.036394951,4640941.52546454,1.2,1318,7,2,357-29,[]
TX,495.569110731,292697.512615417,4640498.494093122,1.2,1048,12,2,294-7,[]
TX,495.741608795,293829.161402393,4640552.809509378,1.2,1016,12,2,288-24,[]
TX,495.830714744,297385.550583105,4641707.74504918,1.2,310,9,2,174-29,[]
TX,496.065376246,289577.785477666,4642250.300892922,1.2,992,7,2,28-20,[]
TX,496.315343462,273716.573269557,4630634.401836888,1.2,661,12,2,224-25,[]
TX,496.487070089,291175.684350799,4641272.6015657,1.2,1444,10,2,41-18,[]
TX,496.528789402,290428.62277272,4634397.465938551,1.2,736,12,2,234-25,[]
TX,496.605925219,291490.994602018,4642691.267125258,1.2,1529,12,2,61-1,[]
TX,496.776967316,292815.29374688,4644165.912702587,1.2,194,12,2,143-20,[]
TX,497.104629005,285836.116077471,4641407.572783289,1.2,1542,12,2,62-3,[]
TX,497.106207304,291442.956680167,4642284.356024431,1.2,1746,12,2,94-5,[]
TX,497.143193951,292673.895229185,4642038.436027582,1.2,1371,12,2,365-19,[]
TX,497.268992178,297791.219578191,4632906.264334421,1.2,979,12,2,273-25,[]
TX,497.304580231,290744.018199907,4642882.863420449,1.2,1076,12,2,298-11,[]
TX,497.314161488,288735.703243251,4641761.43616535,1.2,525,11,2,208-14,[]
TX,497.778746931,295144.848702512,4642712.454481087,1.2,585,8,2,212-7,[]
TX,498.012536352,290455.816213224,4641773.074777039,1.2,699,8,2,228-29,[]
TX,498.379788292,290096.044132348,4641289.902868231,1.2,738,7,2,234-27,[]
TX,498.444033496,290508.921257746,4640666.161912814,1.2,162,7,2,135-29,[]
TX,498.574242884,292253.914733263,4641947.253791446,1.2,555,12,2,21-19,[]
TX,498.766563968,292689.883728007,4640974.014778033,1.2,1011,12,2,288-12,[]
TX,498.944112775,293050.85213497,4640909.394202284,1.2,1124,12,2,310-15,[]
TX,499.268124162,290390.865216369,4641820.129631964,1.2,1727,7,2,94-11,[]
TX,499.50550565,288665.704299155,4637561.202693755,1.2,204,12,2,144-6,[]
TX,499.63011929,297572.344786525,4643642.734742173,1.2,182,12,2,14-25,[]
TX,499.931400092,291218.989805553,4641289.099833976,1.2,995,8,2,280-1,"[['RX_GW', 500.138814003, 995, 8, 2, 868.1, -125.708622057, '00:00:00:00:00:02']]"
TX,500.133013394,290076.992614872,4641528.779324479,1.2,1327,7,2,360-16,[]
TX,500.173995558,293842.440927303,4640803.339729159,1.2,16,12,2,104-28,[]
TX,500.199588599,293438.77948808,4640929.898495596,1.2,237,12,2,156-26,[]
TX,500.805623941,273670.98023264,4630697.178219105,1.2,1163,12,2,321-27,[]
TX,500.818292475,291711.110724964,4641302.199043931,1.2,1112,11,2,308-4,"[['RX_GW', 502.299051996, 1112, 11, 2, 868.1, -134.076024408, '00:00:00:00:00:02']]"
TX,500.87146426,290194.825604871,4641839.139319047,1.2,753,8,2,235-25,[]
TX,500.919751113,290484.673607655,4640627.1274921,1.2,423,7,2,196-11,[]
TX,500.973431178,290156.927607571,4640847.700621951,1.2,716,7,2,232-25,[]
TX,501.153608402,295076.48448622,4642776.470124104,1.2,572,9,2,212-10,[]
TX,501.257054319,292722.717191235,4641837.617235692,1.2,566,12,2,21-8,[]
TX,501.423389923,292117.388823594,4638969.636310853,1.2,1062,12,2,297-11,[]
TX,501.952150604,292918.900451131,4640404.963922667,1.2,1442,12,2,41-16,[]
TX,502.328673496,288744.23751246,4643012.169679318,1.2,904,12,2,257-7,[]
TX,502.694754138,291252.348675194,4644863.552586681,1.2,6,12,2,104-11,[]
TX,502.7922952,291711.733802197,4642771.842224696,1.2,224,12,2,156-11,[]
TX,502.973551897,291217.61753774,4642268.836318186,1.2,1066,10,2,297-15,[]
TX,503.0100275,282422.938084855,4640449.694129452,1.2,466,12,2,2-18,[]
TX,503.016008273,294677.733409658,4642483.255749261,1.2,605,9,2,22-20,[]
TX,503.253828549,290382.019770598,4644051.184904307,1.2,107,12,2,122-26,[]
TX,503.324547245,290059.000720604,4641526.712829798,1.2,1557,7,2,7-11,[]
TX,503.400531542,291383.8309672,4636408.059953004,1.2,1019,12,2,288-28,[]
TX,503.445489086,285827.723934696,4643315.929495699,1.2,1325,12,2,360-11,[]
TX,503.818402172,293610.316014222,4639332.765830299,1.2,577,12,2,212-21,[]
TX,504.190601277,291429.397670948,4642062.602013316,1.2,463,12,2,2-14,[]
TX,504.228672282,289711.575468793,4641332.288339647,1.2,408,7,2,193-3,[]
TX,504.234261316,291677.438623635,4642108.557013733,1.2,1669,11,2,87-22,[]
TX,504.277136812,292675.392426633,4643694.406427569,1.2,1061,12,2,297-10,[]
TX,504.449936781,292746.98258406,4641686.115651812,1.2,1134,12,2,315-1,[]
TX,504.917796796,292241.072169038,4641932.349052343,1.2,1270,12,2,351-15,[]
TX,504.982673831,289811.917473391,4641369.388390756,1.2,1245,7,2,343-4,"[['RX_GW', 505.097668924, 1245, 7, 2, 868.1, -107.441211853, '00:00:00:00:00:02']]"
TX,505.270043584,291855.582738392,4642548.016827428,1.2,762,12,2,236-13,[]
TX,505.328299264,290560.512229127,4641987.832436542,1.2,1341,10,2,361-25,[]
TX,505.381065607,288842.34431676,4641814.674549406,1.2,1354,9,2,362-24,[]
TX,505.397349366,291019.645070903,4641967.293436686,1.2,671,10,2,225-17,[]
TX,505.560124634,294463.719951319,4638802.382455948,1.2,235,12,2,156-24,[]
TX,505.563286579,282997.509443633,4643240.136740162,1.2,1580,12,2,74-26,[]
TX,505.574229202,291052.040868342,4641200.73000451,1.2,1342,9,2,361-26,[]
TX,505.602254948,289208.198287547,4642307.657439094,1.2,893,11,2,257-22,[]
TX,505.714694734,290725.638314045,4642906.349459887,1.2,351,12,2,185-28,[]
TX,505.853815064,291623.404451996,4642098.936593528,1.2,657,11,2,224-19,[]
TX,506.209248634,273684.151865933,4630691.082692209,1.2,1760,12,2,99-24,[]
TX,506.313840715,292720.190387169,4641954.350325194,1.2,815,12,2,242-5,[]
TX,506.320135516,292303.570899786,4640609.465147346,1.2,119,12,2,127-28,[]
TX,506.590807615,289646.116004099,4641761.342791582,1.2,332,7,2,178-9,[]
TX,506.885474947,290488.247329945,4640823.501890379,1.2,364,7,2,188-28,[]
TX,506.906876905,288896.185746899,4642962.236669641,1.2,53,12,2,113-17,[]
TX,506.989171586,291222.270684282,4642280.593464583,1.2,660,12,2,224-22,[]
TX,507.023288504,289640.10535218,4643724.143976997,1.2,1105,12,2,301-5,[]
TX,507.292805252,291250.187292253,4641259.723796623,1.2,595,9,2,214-24,[]
TX,507.867385081,290090.057842607,4645128.985005991,1.2,1382,12,2,365-4,[]
TX,508.088216076,292495.49450861,4642929.77462705,1.2,1436,12,2,40-21,[]
TX,508.097242752,290358.624413441,4641831.593776939,1.2,1531,7,2,61-11,"[['RX_GW', 508.212239604, 1531, 7, 2, 868.1, -122.820194926, '00:00:00:00:00:02']]"
TX,508.301780461,286584.358836281,4642009.74813073,1.2,460,12,2,2-11,[]
TX,508.528805875,291210.13328366,4641283.463157244,1.2,1584,10,2,78-1,"[['RX_GW', 509.188315773, 1584, 10, 2, 868.1, -131.607991358, '00:00:00:00:00:02']]"
TX,508.614664728,292507.542713931,4642909.483895952,1.2,1037,12,2,290-24,[]
TX,508.819359145,288443.582231561,4642840.526771337,1.2,1474,12,2,45-15,[]
TX,508.898965249,270875.665857658,4646185.622169768,1.2,1046,12,2,294-5,[]
TX,509.409343267,290652.316448933,4642888.10960321,1.2,1455,12,2,42-21,[]
TX,509.487446816,291650.527322848,4642351.047181326,1.2,765,12,2,236-19,[]
TX,509.554467576,290171.706702005,4646087.336443726,1.2,656,12,2,224-18,[]
TX,509.592993185,291784.674486451,4641031.240852323,1.2,266,10,2,167-29,[]
TX,509.728411488,291728.824306611,4642420.584873674,1.2,1621,12,2,80-27,[]
TX,509.919918477,291411.685418112,4635911.025605371,1.2,897,12,2,257-26,[]
TX,510.1531268,272119.078636686,4630307.012978334,1.2,1050,12,3,295-12,[]
TX,510.369878152,289735.992105496,4640400.273618463,1.2,69,7,2,115-18,[]
TX,510.378450951,290353.948601487,4641465.067331784,1.2,12,7,2,104-24,[]
TX,510.388463266,291008.738796633,4640371.55609459,1.2,726,9,2,233-21,[]
TX,510.803669859,292723.141718948,4641841.920818151,1.2,89,12,2,119-8,[]
TX,510.978277779,292033.142693358,4643038.184973308,1.2,1357,12,2,362-27,[]
TX,511.00098907,291848.908971369,4642561.77609015,1.2,295,12,2,172-15,[]
TX,511.003832002,299969.463790338,4634655.092809129,1.2,615,12,2,220-17,[]
TX,511.202355242,291858.242414142,4642552.925352871,1.2,192,12,2,143-19,[]
TX,511.839576447,283570.341367336,4633414.451013317,1.2,190,12,2,143-17,[]
TX,512.154598346,292822.663044267,4642926.342594118,1.2,241,12,2,156-4,[]
TX,512.16596045,290037.020272328,4641832.913876429,1.2,1,7,2,102-25,[]
TX,512.167098223,290391.730168475,4641814.509185397,1.2,1740,7,3,94-27,[]
TX,512.348223426,288549.111485691,4642863.420515564,1.2,1489,12,2,53-14,[]
TX,512.742907861,290381.86967703,4641839.549088256,1.2,1005,7,2,281-9,[]
TX,512.75032579,299769.82726109,4630295.998822276,1.2,123,12,2,129-4,[]
TX,512.812521806,291236.703315581,4644903.636296102,1.2,1652,12,2,85-19,[]
TX,512.831498916,291768.859729497,4636722.800642534,1.2,1765,12,2,99-29,[]
TX,513.404895949,291848.23681304,4642812.253828011,1.2,141,12,2,132-6,[]
TX,513.465548867,294692.208831834,4646874.218931274,1.2,1677,12,2,88-7,[]
TX,513.501074984,291615.731429171,4644624.716705242,1.2,1458,12,2,42-30,[]
TX,513.61109463,289968.668737658,4644383.229950093,1.2,323,12,2,178-14,[]
TX,513.877386083,290759.891022166,4641288.619996236,1.2,120,7,2,127-29,[]
TX,513.926148961,292026.36014798,4643047.866452147,1.2,1415,12,2,37-4,[]
TX,513.998825589,293322.50605111,4643327.357888361,1.2,1560,12,2,7-14,[]
TX,514.027152212,289798.651787253,4638761.491904579,1.2,340,12,2,184-22,[]
TX,514.071581858,290498.253186622,4640664.048405201,1.2,1148,7,2,315-9,[]
TX,514.100628161,290093.467489755,4640905.852493227,1.2,781,7,2,238-21,[]
TX,514.196725207,290068.432204403,4640927.390969412,1.2,1539,7,2,62-18,[]
TX,514.262289834,295124.287919709,4642708.731604123,1.2,1286,8,2,352-19,[]
TX,514.437121149,290667.191612608,4640255.266715868,1.2,446,7,2,197-27,[]
TX,514.580715543,294916.692653298,4643863.294740513,1.2,834,12,3,245-5,[]
TX,514.802954944,271986.251864212,4630564.889968118,1.2,654,12,2,224-14,[]
TX,514.900844896,271822.355758991,4630648.836027849,1.2,822,12,2,243-15,[]
TX,515.041885506,290474.551513992,4640625.099084181,1.2,193,7,2,143-2,"[['RX_GW', 515.156880978, 193, 7, 2, 868.1, -111.792105248, '00:00:00:00:00:02']]"
TX,515.232075234,290356.377031692,4641806.871664248,1.2,1085,7,2,298-28,"[['RX_GW', 515.347072007, 1085, 7, 2, 868.1, -122.380044029, '00:00:00:00:00:02']]"
TX,515.274306933,299760.384686659,4630297.164193207,1.2,628,12,2,220-8,[]
TX,515.418242077,291284.831884927,4641999.400084977,1.2,514,11,2,203-8,"[['RX_GW', 516.89900133, 514, 11, 2, 868.1, -134.404477168, '00:00:00:00:00:02']]"
TX,515.560281625,292661.68412467,4642645.934068323,1.2,401,12,2,193-20,[]
TX,515.721331635,291656.539566156,4639943.427373545,1.2,733,12,2,234-15,[]
TX,516.064630248,289559.917857944,4643531.854550801,1.2,1666,12,2,87-2,[]
TX,516.178533587,292309.453133661,4642054.529527461,1.2,348,12,2,185-25,[]
TX,516.453189189,290151.770685848,4644288.146680625,1.2,1554,12,2,68-15,[]
TX,516.513189886,301159.86834715,4628854.027474656,1.2,949,12,2,266-2,[]
TX,516.699404103,290723.661330434,4641474.153116802,1.2,1182,7,2,324-6,[]
TX,516.699975416,295140.054184132,4642701.64483169,1.2,1209,8,2,337-7,"[['RX_GW', 516.907388729, 1209, 8, 2, 868.1, -125.92954204, '00:00:00:00:00:04']]"
TX,517.244680785,294587.123946621,4643066.122755137,1.2,692,10,2,228-16,"[['RX_GW', 517.904192172, 692, 10, 2, 868.1, -131.319471483, '00:00:00:00:00:04']]"
TX,517.326996361,291629.220640487,4644618.941878875,1.2,744,12,2,235-13,[]
TX,517.518518662,290335.851344555,4639891.107212701,1.2,81,8,2,117-23,"[['RX_GW', 517.725931788, 81, 8, 2, 868.1, -126.79723316, '00:00:00:00:00:02']]"
TX,517.53475207,291730.253892965,4642146.932233592,1.2,1646,11,2,83-28,[]
TX,517.672460507,290993.181206075,4639048.048713606,1.2,594,12,2,214-23,[]
TX,517.849621857,290748.856544923,4642810.575646404,1.2,645,12,2,223-30,[]
TX,518.127507506,284728.136024275,4630152.627724038,1.2,337,12,2,184-17,[]
TX,518.628599554,288885.063046634,4635863.943300174,1.2,391,12,2,192-6,[]
TX,518.705551388,291841.445449654,4642463.089102638,1.2,1121,12,2,309-14,[]
TX,518.75846373,280732.965472792,4623575.719289887,1.2,284,12,2,170-25,[]
TX,518.785841332,290488.867914082,4640793.671177602,1.2,1567,7,2,7-29,[]
TX,519.075932463,290743.727451917,4642384.804170344,1.2,1252,10,2,344-13,[]
TX,519.26090962,299532.80034256,4630119.56164452,1.2,1609,12,2,8-27,[]
TX,519.473987066,290374.622757102,4641808.430840983,1.2,1701,7,2,90-12,[]
TX,519.736849866,290388.982185323,4641807.33036848,1.2,1496,7,2,53-28,[]
TX,519.809850292,291300.005286529,4641161.868697102,1.2,737,9,2,234-26,[]
TX,519.869950429,290558.258175128,4642829.076241983,1.2,1116,12,2,308-8,[]
TX,519.907792165,292409.63580229,4643689.941268213,1.2,23,12,2,105-13,[]
TX,520.04723437,290695.034938837,4641305.365906383,1.2,33,7,2,106-3,[]
TX,520.427849166,290321.389041035,4641896.433889074,1.2,352,8,2,185-29,[]
TX,520.444814443,290469.748815526,4640620.77155477,1.2,1418,7,2,37-7,[]
TX,520.604807752,290203.003648317,4641840.391928134,1.2,1456,8,2,42-22,"[['RX_GW', 520.812220468, 1456, 8, 2, 868.1, -124.521964056, '00:00:00:00:00:02']]"
TX,520.628252716,289781.344755922,4642551.18537011,1.2,896,10,2,257-25,[]
TX,520.875339909,291080.718610333,4641551.267990004,1.2,1660,10,2,85-6,[]
TX,521.015896973,298671.572528837,4635849.291396836,1.2,910,12,2,259-12,[]
TX,521.189041779,291221.056383498,4642839.14779271,1.2,1331,12,2,360-30,[]
TX,521.570618803,290092.496033534,4640905.341649387,1.2,58,7,2,113-21,"[['RX_GW', 521.685612761, 58, 7, 2, 868.1, -84.019126972, '00:00:00:00:00:02']]"
TX,521.637044232,291032.599669374,4641932.942055721,1.2,1680,9,3,89-12,[]
TX,521.707115739,295146.795118124,4642748.029827129,1.2,1287,8,2,352-2,"[['RX_GW', 521.914529177, 1287, 8, 2, 868.1, -126.726695768, '00:00:00:00:00:04']]"
TX,521.799948263,294812.830924959,4647460.413917819,1.2,333,12,2,179-12,[]
TX,521.833061884,292313.174126451,4642043.397275892,1.2,299,12,2,174-11,[]
TX,521.919190246,292167.674761594,4642923.482382219,1.2,777,12,2,238-18,[]
TX,522.085523864,293269.629944126,4640262.537663948,1.2,1579,12,2,74-2,[]
TX,522.118710341,271648.163538545,4630650.761497173,1.2,1141,12,2,315-23,[]
TX,522.150245811,294248.530193839,4642577.616456269,1.2,1629,10,2,81-20,[]
TX,522.206496076,287903.647723855,4641413.12450661,1.2,35,11,2,106-5,[]
TX,522.253112086,291826.740307626,4642522.886554079,1.2,503,12,2,203-17,[]
TX,523.026553409,293825.234274023,4643643.392018062,1.2,1451,12,2,42-18,[]
TX,523.171165944,294270.447458816,4650464.373391826,1.2,1023,12,2,29-17,[]
TX,523.278955277,290065.510446951,4641509.477743316,1.2,1294,7,2,352-28,[]
TX,523.384126757,292367.028608856,4637492.363290682,1.2,1006,12,2,284-7,[]
TX,523.951836869,289450.624504381,4646133.622273978,1.2,1275,12,2,351-27,[]
TX,524.914748932,290395.102465289,4641385.516984512,1.2,77,7,2,115-5,"[['RX_GW', 525.029744592, 77, 7, 2, 868.1, -114.354781994, '00:00:00:00:00:02']]"
TX,525.041158247,291256.996131714,4638498.981039706,1.2,258,12,2,157-28,[]
TX,525.306926421,291261.642649963,4641399.738581229,1.2,93,10,2,12-13,[]
TX,525.330954623,295125.225532225,4638637.208849172,1.2,1114,12,2,308-6,[]
TX,525.370430475,287975.491531402,4641820.96571765,1.2,1199,12,2,331-16,[]
TX,525.589554453,291224.245306026,4641303.597300452,1.2,637,8,2,222-30,[]
TX,525.632002341,293840.767531839,4643659.963844211,1.2,899,12,2,257-28,[]
TX,525.6994084,290278.140279944,4641289.729075145,1.2,1596,7,2,79-24,[]
TX,525.715444931,292455.500009398,4643469.265966498,1.2,944,12,2,264-29,[]
TX,525.812294086,290270.859305918,4642026.048480162,1.2,1491,8,2,53-23,[]
TX,525.854434869,286410.843992327,4644439.184381138,1.2,959,12,2,266-8,[]
TX,525.882270852,291548.820492689,4641107.030633358,1.2,1243,11,2,343-28,[]
TX,526.125645083,290353.096178519,4643296.963311919,1.2,727,12,3,233-22,[]
TX,526.261400436,290650.857587401,4641156.939036928,1.2,823,7,2,243-2,[]
TX,526.419581698,271805.584333679,4630678.814669043,1.2,1440,12,2,40-6,[]
TX,526.536317285,291836.179398429,4642548.717771558,1.2,355,12,2,187-15,[]
TX,527.163825059,297532.227408423,4640938.627323792,1.2,127,12,2,129-8,[]
TX,527.164365103,292033.44839523,4643070.836508257,1.2,223,12,2,156-10,[]
TX,527.20611984,291600.543358463,4640981.442353456,1.2,1041,11,2,290-28,[]
TX,527.275183228,292438.103356293,4642431.946309892,1.2,1477,12,2,48-18,[]
TX,527.834847783,291755.802054517,4644938.31636113,1.2,1525,12,2,59-27,[]
TX,527.923793319,289719.582603067,4641583.518097821,1.2,662,7,2,224-26,"[['RX_GW', 528.038789187, 662, 7, 2, 868.1, -118.864946684, '00:00:00:00:00:02']]"
TX,528.02901827,291440.874563435,4644393.700699412,1.2,696,12,2,228-26,[]
TX,528.074504919,289601.654367784,4640115.413993808,1.2,1007,7,2,285-8,[]
TX,528.127290946,295740.080865534,4641508.774830105,1.2,784,7,2,238-4,[]
TX,528.150761069,289734.731592302,4641273.981700531,1.2,1080,7,2,298-23,[]
TX,528.337059516,290519.244783263,4642907.970353538,1.2,1469,12,2,44-21,[]
TX,528.338063413,291019.059535588,4641956.595689122,1.2,814,10,2,242-30,[]
TX,528.364201639,290484.255270132,4640611.413458357,1.2,1359,7,2,362-29,[]
TX,528.485771539,292486.28828786,4642901.89635938,1.2,563,12,2,21-5,[]
TX,528.486350732,290565.922081873,4641038.591935459,1.2,715,7,2,232-24,[]
TX,528.546249245,291855.670335904,4642844.801424468,1.2,253,12,2,157-23,[]
TX,528.722928703,292686.08750738,4641803.746038812,1.2,1661,12,2,85-7,[]
TX,528.887536929,291873.241348126,4642546.726604417,1.2,365,12,2,188-29,[]
TX,528.989612804,291871.141758182,4642552.644135507,1.2,1277,12,3,351-29,[]
TX,529.207787789,273703.938935135,4630653.30139548,1.2,437,12,2,196-3,[]
TX,529.710539967,290487.339465304,4640826.642743751,1.2,1299,7,2,355-15,[]
TX,529.718659727,272401.323686616,4630016.19049919,1.2,872,12,2,250-29,[]
TX,529.779216245,290564.91355619,4642903.273415863,1.2,1717,12,3,90-8,[]
TX,530.030916832,271660.379611004,4630692.480564889,1.2,180,12,2,14-2,[]
TX,530.242855947,291251.418572003,4641268.796607407,1.2,1179,9,2,324-22,[]
TX,530.331652791,291183.772126352,4641288.925821348,1.2,111,8,2,126-22,[]
TX,530.423659625,292801.165217555,4642011.245777551,1.2,561,12,2,21-30,[]
TX,530.478436826,301805.334676267,4658631.099389678,1.2,1499,12,3,57-20,[]
TX,530.605069536,286603.718071765,4650601.613153315,1.2,1473,12,2,44-9,[]
TX,530.675607498,299457.015643723,4663170.849880286,1.2,741,12,2,235-1,[]
TX,531.013374517,291232.094779917,4642274.453593289,1.2,1367,12,2,365-15,[]
TX,531.068679166,273717.916181257,4630633.346091742,1.2,1713,12,3,90-3,[]
TX,531.687242586,289217.967521941,4642437.253224215,1.2,1337,11,2,361-14,[]
TX,531.709663634,290432.978288269,4640691.231433312,1.2,1271,7,2,351-23,[]
TX,531.726564306,291408.375890666,4642036.276465528,1.2,1449,11,2,42-16,[]
TX,532.054533145,290278.739129631,4635333.502371844,1.2,1364,12,2,365-12,[]
TX,532.055655803,292166.11712392,4641852.541100502,1.2,1296,12,2,352-30,[]
TX,532.123861344,291875.041011487,4641637.986407911,1.2,1555,12,2,68-9,[]
TX,532.15179669,291032.553356403,4641162.495979481,1.2,524,7,2,208-13,[]
TX,532.514333725,292699.620442746,4642090.66102937,1.2,575,12,2,212-19,[]
TX,532.600424997,291897.244390177,4644144.697848245,1.2,157,12,2,135-24,[]
TX,532.840345375,256234.792061344,4651864.59810408,1.2,1255,12,2,345-19,[]
TX,533.236286107,271525.992466462,4630731.324748994,1.2,146,12,2,135-12,[]
TX,533.366429817,290472.524941588,4640625.641832181,1.2,422,7,2,196-10,[]
TX,533.368527542,290273.445403951,4641997.83517349,1.2,1009,8,3,288-10,[]
TX,533.470093057,291104.11452551,4642463.364676814,1.2,1538,12,2,62-17,[]
TX,533.662026152,290403.674765277,4643015.289153912,1.2,609,12,2,22-4,[]
TX,533.827964186,290280.724507918,4641297.354449416,1.2,1615,7,2,80-13,[]
TX,533.924078511,290548.418799151,4636476.682852177,1.2,650,12,2,223-8,[]
TX,534.02547449,273698.045352718,4630637.198944289,1.2,663,12,3,224-27,[]
TX,534.469993707,292774.609440151,4638006.71707108,1.2,642,12,2,222-8,[]
TX,534.535127647,295086.635009522,4637889.540167204,1.2,619,12,2,220-20,[]
TX,534.562376757,291713.019099741,4642162.570587779,1.2,305,11,2,174-24,[]
TX,534.971888894,290897.839620431,4642251.371490268,1.2,1208,10,2,337-5,[]
TX,535.109548085,290312.219011432,4641992.011190902,1.2,1511,8,2,58-27,[]
TX,535.14317299,290627.491346565,4642304.809105676,1.2,80,10,2,115-8,[]
TX,535.164830038,291588.891657264,4644839.022558821,1.2,140,12,2,132-5,[]
TX,535.191939366,293320.684297714,4644828.733621765,1.2,1594,12,2,79-15,[]
TX,535.421751895,271584.315044075,4630640.913246697,1.2,866,12,2,250-23,[]
TX,535.609610823,292265.614175477,4637900.796908529,1.2,404,12,3,193-24,[]
TX,535.653728864,291713.737307162,4642195.126755027,1.2,1472,12,2,44-8,[]
TX,535.740116299,290809.300429999,4641296.142888924,1.2,1480,7,3,48-21,[]
TX,535.770745518,291532.364183344,4640966.319373544,1.2,1618,11,2,80-23,[]
TX,535.847478666,290761.030825795,4641295.31790431,1.2,15,7,2,104-27,[]
TX,536.14193545,283135.208241406,4647888.824877387,1.2,1338,12,2,361-15,[]
TX,536.181115985,271629.740349175,4630618.76602667,1.2,1173,12,2,322-26,[]
TX,536.261792461,290555.463119862,4651490.663439689,1.2,761,12,2,236-12,[]
TX,536.443818721,291664.158472345,4642122.866999813,1.2,796,11,2,241-19,[]
TX,536.518008092,287663.94366896,4644486.291068754,1.2,1322,12,2,359-29,[]
TX,536.635667817,292049.122788183,4644053.315440686,1.2,746,12,2,235-15,[]
TX,536.790738197,291028.784375763,4641946.169325448,1.2,1089,10,3,3-3,[]
TX,537.211604307,291027.62850259,4641940.385538237,1.2,889,9,2,257-18,[]
TX,537.259771966,287668.566044693,4639590.839485008,1.2,655,12,3,224-15,[]
TX,537.261524038,294585.921992943,4645452.429233295,1.2,75,12,2,115-3,[]
TX,537.412199562,290699.095581163,4641293.720953341,1.2,779,7,2,238-2,[]
TX,537.576219577,292671.888732168,4643688.721029617,1.2,875,12,2,253-16,[]
TX,537.580473751,291709.660066516,4642127.821265756,1.2,720,11,2,232-29,[]
TX,537.68454895,285795.895776862,4641377.412217617,1.2,1406,12,2,37-14,[]
TX,537.689599385,291104.292830809,4642476.890592724,1.2,485,12,2,200-18,[]
TX,537.880631453,295011.150705056,4638051.135400502,1.2,621,12,2,220-22,[]
TX,538.306082528,289230.999791508,4642449.004705553,1.2,837,11,2,246-2,[]
TX,538.307849763,290196.934854021,4642426.115939369,1.2,1027,10,2,29-21,[]
TX,538.385373224,293210.855504407,4639492.688144826,1.2,134,12,2,132-18,[]
TX,539.222106016,293385.182424775,4640749.238709668,1.2,1018,12,3,288-27,[]
TX,539.354196105,290412.926358814,4641822.785516742,1.2,1732,7,2,94-18,[]
TX,539.488802961,291504.786285799,4636491.89149675,1.2,1376,12,2,365-25,[]
TX,539.565201288,288935.673228233,4635876.567040979,1.2,388,12,2,192-18,[]
TX,539.679303242,295115.285474348,4642742.519340306,1.2,1400,8,2,369-28,[]
TX,540.021664558,290467.428243108,4640625.113309747,1.2,607,7,2,22-3,"[['RX_GW', 540.136660009, 607, 7, 2, 868.1, -111.594662626, '00:00:00:00:00:02']]"
TX,540.271920725,293756.054867517,4639764.267261841,1.2,1319,12,2,357-9,[]
TX,540.470439233,291703.433990203,4640058.313630414,1.2,842,11,2,246-7,"[['RX_GW', 541.951199236, 842, 11, 2, 868.1, -133.868193402, '00:00:00:00:00:02']]"
TX,540.921990905,294528.649653056,4644446.720807331,1.2,1001,12,2,281-11,[]
TX,540.994298886,294036.736824529,4639022.87279095,1.2,1335,12,2,361-12,[]
TX,541.029830049,290397.601074425,4641817.566836631,1.2,72,7,2,115-20,[]
TX,541.236627471,290753.324216103,4641179.168692933,1.2,887,7,2,257-13,[]
TX,541.531219089,294012.780210332,4639577.993070895,1.2,1321,12,2,359-25,[]
TX,541.621596839,292714.156014853,4641129.512448961,1.2,369,12,2,191-13,[]
TX,541.626922673,291363.376450829,4638521.045677332,1.2,1587,12,2,78-30,[]
TX,541.659908036,291150.986795478,4641358.902942908,1.2,677,8,2,225-22,[]
TX,541.916598771,290955.02139155,4640517.478404,1.2,1104,8,2,301-4,[]
TX,541.981299808,290460.338371939,4642401.173998703,1.2,240,10,2,156-3,"[['RX_GW', 542.640810585, 240, 10, 2, 868.1, -130.251678922, '00:00:00:00:00:02']]"
TX,542.049512737,288731.996389773,4635188.375138005,1.2,1350,12,2,362-13,[]
TX,542.100127624,292028.153756846,4643702.194289285,1.2,229,12,2,156-18,[]
TX,542.237622641,288138.651816644,4643187.640183539,1.2,906,12,2,257-9,[]
TX,542.293415765,295115.360566014,4642711.000185436,1.2,1424,8,2,39-8,[]
TX,542.59969647,288182.708530738,4643913.32400192,1.2,504,12,2,203-19,[]
TX,543.088274654,285825.018333902,4643302.595769132,1.2,1326,12,2,360-15,[]
TX,543.089542328,290072.248475886,4640926.496314924,1.2,568,7,2,210-22,"[['RX_GW', 543.204536223, 568, 7, 2, 868.1, -81.326448115, '00:00:00:00:00:02']]"
TX,543.149291791,292839.460995168,4641951.175179887,1.2,554,12,2,21-18,[]
TX,543.25121941,291835.351796774,4641943.272946693,1.2,600,12,2,214-29,[]
TX,543.539739158,291100.799927905,4641036.117036801,1.2,1127,8,2,311-11,[]
TX,543.575432765,291023.947309749,4641963.056875192,1.2,816,10,2,242-6,[]
TX,543.665527044,284023.513717858,4632962.256086295,1.2,385,12,2,191-6,[]
TX,543.820587343,291032.166502491,4641779.114816922,1.2,1244,8,2,343-29,[]
TX,544.004792627,290492.926531353,4640809.183573507,1.2,1541,7,2,62-22,[]
TX,544.074151552,292162.516502092,4643457.089802696,1.2,1139,12,2,315-14,[]
TX,544.100558331,291849.23795915,4642554.915176978,1.2,891,12,2,257-20,[]
TX,544.228750061,291720.094694771,4642157.490082823,1.2,1111,11,3,308-30,[]
TX,544.306828632,290655.046184452,4639741.196397118,1.2,226,8,2,156-13,[]
TX,544.459971255,273555.759549567,4631005.006271425,1.2,1175,12,2,322-28,[]
TX,544.79027126,289427.491307127,4641745.053697869,1.2,806,7,2,241-7,[]
TX,545.177636045,271625.754983086,4630635.258558931,1.2,1464,12,2,44-16,[]
TX,545.55674899,298069.294965382,4639320.454742095,1.2,216,12,2,154-6,[]
TX,545.560563818,286452.887385102,4642566.284211778,1.2,280,12,2,17-23,[]
TX,545.660382628,280726.852680781,4623593.243935839,1.2,286,12,3,170-27,[]
TX,545.924500766,290393.648260483,4641809.140538882,1.2,457,7,2,199-6,"[['RX_GW', 546.039497599, 457, 7, 2, 868.1, -122.716823125, '00:00:00:00:00:02']]"
TX,546.035479678,291349.949814925,4641430.272171105,1.2,1249,9,2,344-10,[]
TX,546.059885074,273702.745901305,4630621.607364154,1.2,867,12,2,250-24,[]
TX,546.081003649,291095.867614613,4641534.421452475,1.2,905,10,2,257-8,"[['RX_GW', 546.740513517, 905, 10, 2, 868.1, -130.162031858, '00:00:00:00:00:02']]"
TX,546.412254986,294375.831555432,4643076.325747823,1.2,1374,12,2,365-21,[]
TX,546.591772814,289406.06062108,4637477.436224283,1.2,0,12,2,102-23,[]
TX,546.84800805,290526.411183569,4642821.380373104,1.2,518,12,2,205-8,[]
TX,547.121146004,289696.020290075,4638987.641272855,1.2,428,12,2,196-18,[]
TX,547.237178579,289889.630609124,4641318.522967112,1.2,938,7,3,262-22,[]
TX,547.404334716,290069.303193278,4640932.336816118,1.2,973,7,2,273-12,[]
TX,547.437836383,271575.170207752,4630629.721565969,1.2,1190,12,2,328-5,[]
TX,547.483214718,291291.84498534,4643552.264324455,1.2,1694,12,2,89-3,[]
TX,547.513091697,290702.076744103,4641304.576217991,1.2,629,7,2,222-17,[]
TX,547.744980195,293248.726874571,4640219.263170493,1.2,265,12,2,167-28,[]
TX,547.910743589,295038.561710617,4639053.672719586,1.2,560,12,2,21-3,[]
TX,548.058961162,293113.513052689,4643423.821343815,1.2,845,12,2,248-10,[]
TX,548.294418928,290472.522517126,4640634.655696087,1.2,885,7,2,257-11,[]
TX,548.304171206,289831.717737932,4638450.645454648,1.2,1215,12,2,341-23,[]
TX,548.309147181,289026.077053781,4638816.463319667,1.2,1268,12,2,348-15,[]
TX,548.375728623,292179.430852457,4641885.758308124,1.2,1207,12,2,337-3,[]
TX,548.455152574,290412.908309768,4642313.224773295,1.2,1757,10,2,96-9,[]
TX,548.832417444,290081.060769102,4641538.804343002,1.2,1198,7,2,331-15,[]
TX,548.910942389,289166.980370305,4642518.194917508,1.2,1454,12,2,42-20,[]
TX,548.990715457,290373.193738364,4642325.546157046,1.2,495,10,3,200-8,[]
TX,549.231951386,273675.842961406,4630613.468005128,1.2,331,12,2,178-29,[]
TX,549.378504293,290393.31101727,4641795.806987672,1.2,674,7,2,225-2,[]
TX,549.433892708,290705.004654328,4641300.66555174,1.2,1211,7,2,341-11,[]
TX,549.635326319,290638.045034384,4640580.077066364,1.2,1419,7,2,37-8,"[['RX_GW', 549.750322345, 1419, 7, 2, 868.1, -116.364123475, '00:00:00:00:00:02']]"
TX,550.299047938,294960.429516364,4642708.675914198,1.2,618,7,2,220-2,"[['RX_GW', 550.414045589, 618, 7, 2, 868.1, -123.325700062, '00:00:00:00:00:04']]"
TX,550.511280701,292639.865128151,4641677.782000273,1.2,1741,12,3,94-28,[]
TX,550.582894732,290481.468320346,4640774.812077035,1.2,1020,7,2,288-29,[]
TX,550.747765848,290079.741142576,4640927.431184039,1.2,131,7,2,132-13,[]
TX,550.867532873,290812.706060463,4645040.317309292,1.2,1113,12,2,308-5,[]
TX,550.876293074,291769.716239479,4642615.067795719,1.2,154,12,2,135-2,[]
TX,551.110633935,291827.280692702,4642415.184713207,1.2,1272,12,2,351-24,[]
TX,551.393738959,292854.140845783,4638893.115583645,1.2,852,12,3,248-25,[]
TX,551.552251431,290229.323036956,4642804.35532146,1.2,492,11,3,200-5,[]
TX,551.789994102,291531.172893602,4641314.184114687,1.2,965,10,3,267-21,[]
TX,551.825735854,292255.217173944,4638742.161275108,1.2,631,12,2,222-19,[]
TX,552.000416848,289302.773452153,4643495.084408493,1.2,1737,12,2,94-24,[]
TX,552.088522954,290482.030174036,4640628.825502082,1.2,1369,7,2,365-17,[]
TX,552.141623054,291064.702078268,4644037.870142553,1.2,1576,12,2,74-1,[]
TX,552.321843949,290725.054360466,4639581.814057152,1.2,1078,10,2,298-14,[]
TX,552.489196111,288962.652798641,4642771.61397047,1.2,1311,12,2,357-15,[]
TX,552.524984535,289349.234269894,4634777.725972173,1.2,1144,12,2,315-26,[]
TX,552.588796173,291338.585357071,4642160.240277491,1.2,1736,11,2,94-21,[]
TX,552.59122495,292195.443192984,4637080.50357982,1.2,198,12,2,143-4,[]
TX,552.745964395,291712.050141683,4640038.3905786,1.2,871,11,2,250-28,[]
TX,552.817888719,287227.975031911,4641124.115287852,1.2,397,12,2,193-14,[]
TX,552.900108412,291857.214461389,4641626.206988416,1.2,249,11,2,157-12,[]
TX,553.013322711,290259.727767604,4641988.242513705,1.2,71,8,3,115-2,[]
TX,553.204370196,290438.778269977,4640699.299974809,1.2,161,7,2,135-28,"[['RX_GW', 553.319365453, 161, 7, 2, 868.1, -110.313632369, '00:00:00:00:00:02']]"
TX,553.639110533,289859.886741323,4642399.059673826,1.2,545,10,2,209-19,"[['RX_GW', 554.298621031, 545, 10, 2, 868.1, -130.439417458, '00:00:00:00:00:02']]"
TX,553.847649539,292675.740005058,4641826.027755262,1.2,87,12,2,119-6,[]
TX,553.918069641,295124.579346354,4642705.871690022,1.2,580,8,2,212-27,[]
TX,553.949534427,294180.29768475,4644040.684167439,1.2,810,12,2,242-19,[]
TX,554.568078365,288881.726576032,4642616.240566458,1.2,550,12,3,209-7,[]
TX,554.702969337,294431.91526924,4643155.432533962,1.2,571,12,2,210-9,[]
TX,554.815228945,285826.188758083,4643310.536072419,1.2,1328,12,2,360-25,[]
TX,554.859439841,293128.156553687,4637679.904844777,1.2,1395,12,2,369-23,[]
TX,555.401949274,289934.699309812,4641270.890087776,1.2,591,7,2,213-2,[]
TX,555.502455819,290499.504723264,4640632.253732266,1.2,434,7,2,196-26,[]
TX,555.593222006,290074.515266769,4641521.347735535,1.2,1088,7,3,3-2,[]
TX,555.631630198,289742.479061702,4641833.568460706,1.2,1505,7,2,58-14,[]
TX,555.764057424,291027.085111672,4641960.91891815,1.2,1361,10,2,365-1,[]
TX,555.775811245,293362.181678799,4640075.283239418,1.2,635,12,3,222-22,[]
TX,555.823289314,295149.354719242,4642742.434538022,1.2,1603,8,2,8-1,[]
TX,555.874553966,290739.573507488,4641178.884943839,1.2,531,7,2,208-22,[]
TX,556.261149627,292323.654841652,4642044.973465784,1.2,1577,12,2,74-15,[]
TX,556.454087382,290083.822388833,4641525.153247388,1.2,5,7,3,104-10,[]
TX,556.52828397,292167.259883156,4653039.300372185,1.2,106,12,2,122-24,[]
TX,556.817567125,288651.050784245,4637697.217455029,1.2,203,12,2,144-4,[]
TX,556.989991314,286469.506446587,4641726.403094266,1.2,98,12,2,121-11,[]
TX,556.995519676,285780.230898131,4641380.982278043,1.2,300,12,2,174-12,[]
TX,557.120654487,292249.712350446,4641730.571799766,1.2,633,12,2,222-20,[]
TX,557.189039929,292825.585127936,4641970.647124425,1.2,1441,12,2,40-8,[]
TX,557.196546323,288965.123950922,4642645.282680411,1.2,24,10,2,105-14,[]
TX,557.265775935,293347.417880387,4642648.776387087,1.2,345,12,2,185-15,[]
TX,557.289509586,298069.019916982,4639317.095648353,1.2,217,12,2,154-9,[]
TX,557.31102615,291635.607859696,4644607.38394702,1.2,751,12,3,235-21,[]
TX,557.411596862,289683.139597694,4634022.857445579,1.2,608,12,2,22-30,[]
TX,557.584356994,292313.792783201,4640490.453646009,1.2,942,12,2,264-27,[]
TX,557.677516765,291750.334145024,4642779.455886386,1.2,245,12,2,156-8,[]
TX,557.754168854,289740.157059958,4638829.409804015,1.2,1192,12,2,328-7,[]
TX,558.349173917,289118.626709948,4640560.177874827,1.2,1591,7,3,79-12,[]
TX,558.526609668,291216.14197574,4641300.576229944,1.2,613,8,2,22-8,[]
TX,558.676033179,285199.601298268,4642390.942986256,1.2,705,12,2,230-22,[]
TX,558.735434634,293939.993826063,4638838.054424819,1.2,519,12,3,205-9,[]
TX,558.784677974,292317.113037732,4642044.001554576,1.2,846,12,3,248-11,[]
TX,559.220877668,290882.269349065,4641283.300991872,1.2,803,8,2,241-4,[]
TX,559.22331629,284971.571145275,4643540.642583797,1.2,208,12,3,147-19,[]
TX,559.397254648,288948.328348637,4642628.696091324,1.2,961,10,2,267-17,[]
TX,559.590562509,290879.99711699,4642278.305175317,1.2,1171,10,2,322-24,[]
TX,559.598825615,290412.926854668,4641798.993772888,1.2,1743,7,2,94-3,[]
TX,559.63448296,291232.022055488,4641301.040220298,1.2,843,9,3,246-8,[]
TX,559.835616006,289859.362232081,4638951.403565082,1.2,1659,12,2,85-5,[]
TX,560.068320264,290380.5025539,4641811.671532989,1.2,745,7,3,235-14,[]
TX,560.183346239,271720.36342302,4630299.565907803,1.2,1058,12,2,295-7,[]
TX,560.56516911,292874.830239189,4641512.104824327,1.2,1055,12,3,295-22,[]
TX,561.041446744,276906.53696195,4640746.162157766,1.2,1256,12,2,345-22,[]
TX,561.09984759,290055.583677733,4641552.067294077,1.2,443,7,2,197-24,"[['RX_GW', 561.214843251, 443, 7, 2, 868.1, -114.25854639, '00:00:00:00:00:02']]"
TX,561.286078132,299792.70794519,4630305.989542416,1.2,978,12,2,273-24,[]
TX,561.704466412,290395.610827633,4641807.813035186,1.2,828,7,2,243-30,"[['RX_GW', 561.819463244, 828, 7, 2, 868.1, -122.71079008, '00:00:00:00:00:02']]"
TX,561.820003982,290344.565195802,4641842.008093583,1.2,301,8,3,174-13,[]
TX,561.837561723,290069.55273806,4640932.452066245,1.2,137,7,2,132-21,[]
TX,562.434016082,290858.825926927,4642258.482696184,1.2,754,10,3,235-26,"[['RX_GW', 563.093527024, 754, 10, 3, 868.1, -130.683548778, '00:00:00:00:00:02']]"
TX,562.480290995,289958.312096853,4639838.361979458,1.2,447,8,2,197-28,[]
TX,562.630936906,296274.074639449,4636383.858842296,1.2,909,12,3,259-11,[]
TX,562.651941157,291111.390927021,4636126.099117075,1.2,309,12,2,174-28,[]
TX,562.756403017,291979.253924789,4643702.610735406,1.2,693,12,2,228-17,[]
TX,562.952003515,290548.642711404,4642662.817737601,1.2,1309,12,3,357-13,[]
TX,563.471121679,289849.869966906,4641886.555721547,1.2,1306,7,2,357-10,"[['RX_GW', 563.586118446, 1306, 7, 2, 868.1, -123.325267831, '00:00:00:00:00:02']]"
TX,564.041455671,272755.277815836,4629699.350924941,1.2,147,12,2,135-13,[]
TX,564.172541613,291804.431868299,4642557.246674071,1.2,1706,12,2,90-19,[]
TX,564.401254459,296389.286120264,4639685.464439336,1.2,831,12,2,244-9,[]
TX,564.525402627,291292.909321274,4644949.409044785,1.2,883,12,3,255-2,[]
TX,564.55761181,292073.685016545,4640458.371497758,1.2,1686,11,3,89-20,[]
TX,564.918894571,295033.917936166,4642932.387898961,1.2,590,9,2,213-16,[]
TX,565.239244525,291162.767816552,4642382.822327128,1.2,405,12,2,193-25,[]
TX,565.302045971,291804.988323929,4642404.569641404,1.2,1065,12,2,297-14,[]
TX,565.652835777,293692.711592636,4639589.264453309,1.2,268,12,3,169-17,[]
TX,565.912123105,289248.760952134,4642470.380442631,1.2,1467,10,2,44-19,[]
TX,565.947985471,290723.681778553,4642032.209072699,1.2,1685,8,2,89-19,[]
TX,565.961350539,291334.883180168,4636320.236781695,1.2,1543,12,2,62-4,[]
TX,565.970686681,271542.826023887,4630278.382367453,1.2,667,12,2,224-5,[]
TX,566.106288379,293081.919017815,4640981.437856417,1.2,526,12,2,208-17,[]
TX,566.242335833,272125.330838253,4630315.839713937,1.2,652,12,2,224-12,[]
TX,566.273134682,291699.959289191,4640848.014292396,1.2,1227,12,2,342-2,[]
TX,566.341343585,298859.381831248,4641834.730996965,1.2,782,12,2,238-22,[]
TX,566.407489885,291118.806270216,4642463.497691558,1.2,489,11,2,200-22,[]
TX,566.488051599,291031.158620576,4642327.64693243,1.2,836,11,2,245-9,[]
TX,566.533865812,290863.243795426,4640740.920478486,1.2,536,7,2,208-27,[]
TX,566.813581994,290096.226596578,4640903.642973367,1.2,644,7,2,223-3,"[['RX_GW', 566.928575965, 644, 7, 2, 868.1, -84.511650161, '00:00:00:00:00:02']]"
TX,566.886150009,291842.329764263,4642457.125273972,1.2,1355,12,3,362-25,[]
TX,567.025839958,290081.844293902,4641533.973680331,1.2,4,7,3,104-1,[]
TX,567.039556547,290498.172311562,4640670.196144458,1.2,1387,7,2,366-16,[]
TX,567.212514939,292155.320145309,4643286.213968241,1.2,776,12,3,238-17,[]
TX,567.295877267,290592.684497463,4643874.484783621,1.2,61,12,2,113-30,[]
TX,567.61903747,291727.259386508,4642155.193846615,1.2,1627,11,2,81-19,[]
TX,567.650583535,291770.993264444,4642821.258879357,1.2,273,12,3,169-3,[]
TX,567.725384341,292625.719931804,4641773.600999702,1.2,1649,12,3,85-16,[]
TX,568.008460511,291844.726373424,4642548.222795901,1.2,1151,12,3,317-1,[]
TX,568.146183309,291735.873406321,4642671.30202555,1.2,1688,12,2,89-22,[]
TX,568.169482277,293319.454121148,4640194.977149958,1.2,67,12,2,115-16,[]
TX,568.316160471,292304.249811408,4642023.921515931,1.2,1493,12,3,53-25,[]
TX,568.436896732,291222.445420715,4642565.23757753,1.2,138,11,2,132-30,[]
TX,568.585577888,291491.90028882,4645032.617562832,1.2,756,12,3,235-29,[]
TX,568.605245908,290310.614795601,4643446.040599561,1.2,19,12,2,105-1,[]
TX,568.646111772,290349.720416061,4641799.705415361,1.2,1390,7,3,369-10,[]
TX,568.657603387,290469.872921622,4640636.369550831,1.2,853,7,2,248-26,[]
TX,568.740870204,292525.170981481,4642921.253062349,1.2,1317,12,3,357-28,[]
TX,568.984016179,290863.462160325,4642270.567206678,1.2,1253,10,3,344-14,[]
TX,569.221900207,291912.507973426,4641477.58135214,1.2,173,12,2,139-6,[]
TX,569.313875866,291828.865659144,4642406.238964482,1.2,261,12,2,167-24,[]
TX,569.514211495,292880.23783434,4640491.234199413,1.2,1122,12,2,309-15,[]
TX,569.745811277,291046.210320136,4641355.343721602,1.2,227,8,2,156-14,[]
TX,569.925089293,292708.963612369,4641968.845958773,1.2,1161,12,2,321-25,[]
TX,570.815764032,265711.06463714,4649223.827905419,1.2,969,12,3,269-13,[]
TX,571.165369176,288969.125630113,4642614.136859214,1.2,636,10,2,222-3,[]
TX,571.23788569,290279.163679579,4641302.65257798,1.2,1613,7,2,80-10,[]
TX,571.24723764,291675.562311986,4644932.193625719,1.2,1219,12,2,341-27,[]
TX,571.409608154,291666.021040725,4642233.539371081,1.2,1092,12,3,3-6,[]
TX,571.488137991,292683.894364526,4641799.902085491,1.2,956,12,3,266-5,[]
TX,571.506766783,292214.325014207,4642166.97576491,1.2,583,12,2,212-4,[]
TX,571.643359873,290080.387075592,4640921.457117276,1.2,1712,7,3,90-28,[]
TX,571.768553798,293942.540110408,4642871.364811498,1.2,1197,12,2,331-1,[]
TX,571.942148576,290086.720420636,4640911.554862023,1.2,1478,7,3,48-19,"[['RX_GW', 572.057142515, 1478, 7, 3, 868.1, -83.238687813, '00:00:00:00:00:02']]"
TX,572.043936371,289528.893774045,4641789.853889897,1.2,527,7,3,208-18,[]
TX,572.215691024,290689.568397209,4641299.840792285,1.2,88,7,2,119-7,"[['RX_GW', 572.330687297, 88, 7, 2, 868.1, -120.960634827, '00:00:00:00:00:02']]"
TX,572.41498343,291590.179362521,4644808.695577182,1.2,407,12,3,193-27,[]
TX,572.519341259,294967.73701634,4642709.749325824,1.2,578,8,2,212-22,[]
TX,572.657719703,280246.973406299,4632616.113004883,1.2,668,12,2,224-6,[]
TX,572.709466097,291024.520925765,4641190.036118112,1.2,689,8,2,228-13,"[['RX_GW', 572.916879294, 689, 8, 2, 868.1, -126.867999248, '00:00:00:00:00:02']]"
TX,572.731174889,291035.213478413,4641924.347528434,1.2,817,9,2,242-7,[]
TX,572.85238907,288438.247492347,4642841.969370119,1.2,714,12,2,232-23,[]
TX,572.867313516,289666.343715101,4641767.211719344,1.2,1739,7,2,94-26,[]
TX,573.05274282,290369.919988637,4641811.28094273,1.2,1672,7,2,87-4,"[['RX_GW', 573.167739626, 1672, 7, 2, 868.1, -122.561899747, '00:00:00:00:00:02']]"
TX,573.225688199,294362.123180962,4640166.168427396,1.2,582,10,2,212-3,[]
TX,573.745569146,285806.02738506,4644903.547165969,1.2,1372,12,2,365-2,[]
TX,573.777665185,291136.11335396,4642464.93608602,1.2,876,11,2,253-17,[]
TX,574.031051993,290304.907931909,4641412.089171465,1.2,1410,7,2,37-21,[]
TX,574.520678161,291814.43247249,4641593.4674886,1.2,1522,11,2,59-24,[]
TX,574.624068612,291624.060969431,4644609.387966557,1.2,750,12,2,235-2,[]
TX,574.834068285,291840.692209173,4642448.174549236,1.2,557,12,2,21-20,[]
TX,575.006491639,291652.928719736,4642136.89937917,1.2,1614,11,2,80-11,[]
TX,575.155196007,291950.438625333,4643634.28279222,1.2,27,12,2,105-24,[]
TX,575.262709055,291867.093506734,4642554.06396719,1.2,303,12,2,174-15,[]
TX,575.269234918,290458.690911166,4641562.207659944,1.2,132,7,3,132-14,[]
TX,575.450138807,290892.036792227,4642715.589036369,1.2,486,11,3,200-19,[]
TX,575.506729481,289813.647497282,4641409.435817535,1.2,1509,7,2,58-25,[]
TX,575.645203149,291868.815625069,4644192.841100536,1.2,363,12,3,188-27,[]
TX,576.081557254,290101.164575127,4640900.181681657,1.2,1067,7,2,297-23,[]
TX,576.135942101,291833.73782158,4642457.951608113,1.2,767,12,2,236-21,[]
TX,576.276157129,290661.307931564,4641639.014964744,1.2,135,7,3,132-19,[]
TX,576.76162732,290740.26388497,4642895.417999724,1.2,686,12,3,228-10,[]
TX,576.923706846,291203.616633241,4641854.494604485,1.2,25,11,3,105-15,[]
TX,577.134954799,290632.022827919,4642292.310511199,1.2,795,10,2,241-18,[]
TX,577.225832563,293403.012065661,4640923.695934078,1.2,1585,12,2,78-11,[]
TX,577.290087423,290688.378947963,4641308.793388712,1.2,850,7,2,248-15,[]
TX,577.361395205,288416.142551735,4639646.044981446,1.2,40,12,3,111-17,[]
TX,577.39186089,294036.622010707,4639781.164345657,1.2,1351,12,2,362-14,[]
TX,577.500002075,290736.800031919,4642898.803674514,1.2,1459,12,2,42-4,[]
TX,577.506298598,290449.226528849,4640535.649766067,1.2,218,7,2,155-11,[]
TX,577.637932571,290204.403555226,4640799.674885994,1.2,2,7,3,102-28,[]
TX,577.670911718,292836.648511662,4640491.955774952,1.2,748,12,2,235-18,[]
TX,577.845862249,291142.020071981,4642477.68224392,1.2,483,11,2,200-16,[]
TX,578.005855435,290473.671264374,4640624.420989011,1.2,377,7,2,191-23,"[['RX_GW', 578.120850906, 377, 7, 2, 868.1, -114.444422113, '00:00:00:00:00:02']]"
TX,578.135778199,291218.132301726,4641313.113423474,1.2,26,8,3,105-23,"[['RX_GW', 578.343192131, 26, 8, 3, 868.1, -125.797092568, '00:00:00:00:00:02']]"
TX,578.216299492,290395.619368242,4641321.735089125,1.2,418,7,3,195-25,[]
TX,578.405740398,296076.989055289,4635045.588637532,1.2,143,12,2,135-1,[]
TX,578.526307216,289316.428229169,4642385.352390645,1.2,892,10,2,257-21,"[['RX_GW', 579.185818095, 892, 10, 2, 868.1, -130.947089202, '00:00:00:00:00:02']]"
TX,578.667577886,292188.349367231,4638230.474966168,1.2,1681,12,2,89-13,[]
TX,578.926839809,290495.600207862,4643400.413959697,1.2,1593,12,2,79-14,[]
TX,578.95269614,288868.983585952,4635890.53104051,1.2,390,12,3,192-22,[]
TX,579.151383328,288658.621338367,4641548.623984112,1.2,1356,9,2,362-26,[]
TX,579.479319245,292804.770340638,4642209.250513182,1.2,682,12,3,225-6,[]
TX,579.782561859,291216.642600176,4642278.640922935,1.2,1072,12,3,297-29,[]
TX,579.913963467,291500.184943547,4636496.094144758,1.2,556,12,3,21-2,[]
TX,580.199966495,292070.322060097,4642272.558899552,1.2,1461,12,3,42-6,[]
TX,580.238679258,291528.822678495,4641377.230165379,1.2,516,10,2,205-19,[]
TX,580.368441807,291636.715000634,4638711.659857352,1.2,787,12,3,238-8,[]
TX,580.687825422,292395.965729303,4642182.508051359,1.2,1140,12,2,315-15,[]
TX,580.801828327,292021.128443474,4643038.928634307,1.2,230,12,3,156-19,[]
TX,580.844851856,291013.85668997,4641825.735234547,1.2,1602,8,3,79-9,[]
TX,581.198375079,298066.534438158,4639319.902019025,1.2,211,12,2,154-18,[]
TX,581.269621379,291468.592872024,4642391.991581011,1.2,1034,11,3,290-14,[]
TX,581.43320216,297582.255532166,4643636.155213322,1.2,183,12,2,14-27,[]
TX,581.55321796,291136.505881511,4641956.830958299,1.2,1216,10,2,341-24,[]
TX,581.596481312,291726.40136055,4642152.659605168,1.2,468,11,2,2-2,[]
TX,581.607235752,289728.24022747,4641856.589420052,1.2,543,7,2,209-17,[]
TX,582.01203843,290686.31240546,4641313.557329489,1.2,1312,7,3,357-23,[]
TX,582.037344476,271682.813966441,4630639.127298093,1.2,160,12,3,135-27,[]
TX,582.240242053,295418.223581333,4640756.658334944,1.2,833,7,2,245-23,[]
TX,582.296874661,289851.947155045,4638947.410535404,1.2,1158,12,2,321-15,[]
TX,582.434017772,290264.165228546,4641448.55249302,1.2,763,7,3,236-17,"[['RX_GW', 582.54901334, 763, 7, 3, 868.1, -114.516625969, '00:00:00:00:00:02']]"
TX,582.621877267,291026.671625499,4641918.456042342,1.2,242,9,2,156-5,"[['RX_GW', 582.993643694, 242, 9, 2, 868.1, -127.194736882, '00:00:00:00:00:02']]"
TX,583.298741221,297536.681810431,4647035.638340349,1.2,451,12,3,198-4,[]
TX,583.635469658,291642.282707279,4636612.346055174,1.2,34,12,3,106-4,[]
TX,584.065895223,291531.028854745,4642069.372301818,1.2,1570,12,3,70-24,[]
TX,584.359422222,290654.259517937,4642598.439795743,1.2,1123,12,3,309-16,[]
TX,584.47353584,291045.624922195,4640467.105585664,1.2,612,8,2,22-7,[]
TX,584.886697559,291024.906415311,4640566.017873298,1.2,1516,8,3,59-10,[]
TX,584.941485028,290319.945804596,4641339.952275023,1.2,1291,7,2,352-25,[]
TX,584.957230171,291150.695277857,4644099.246487316,1.2,1504,12,2,58-13,[]
TX,584.962147407,290081.151117513,4640919.34861939,1.2,709,7,2,232-11,[]
TX,585.299984082,287757.948875743,4637365.710019097,1.2,1281,12,3,352-14,[]
TX,585.332754894,290917.316099234,4641227.160249437,1.2,326,7,2,178-24,[]
TX,585.522013994,291018.527484559,4641791.183626165,1.2,1147,8,3,315-29,[]
TX,585.559898097,290080.707603855,4640915.009520696,1.2,400,7,2,193-19,[]
TX,585.925003702,293176.918044331,4643067.279477138,1.2,704,12,3,229-29,[]
TX,586.006159,291652.565700993,4642312.37925073,1.2,1535,12,2,61-15,[]
TX,586.045690622,287250.088207192,4641561.313960547,1.2,1110,12,3,302-8,[]
TX,586.10556931,291265.875856865,4641996.942071482,1.2,64,11,2,113-6,[]
TX,586.3755272,290425.61529682,4644156.316084013,1.2,1470,12,2,44-22,[]
TX,586.459980891,291793.049081815,4644108.824532489,1.2,1729,12,3,94-15,[]
TX,586.643383105,291636.217996384,4644621.435544861,1.2,743,12,3,235-12,[]
TX,586.79238279,291950.538238786,4641571.982178322,1.2,895,12,3,257-24,[]
TX,586.818658323,292648.845458821,4643963.321183657,1.2,534,12,2,208-25,[]
TX,586.912519852,291532.565203038,4640976.997722193,1.2,325,11,2,178-23,[]
TX,587.156881434,290532.671176084,4636452.634025462,1.2,470,12,2,2-21,[]
TX,587.330104072,290650.489207297,4642543.342329737,1.2,700,12,2,228-30,[]
TX,587.921674617,289170.660747733,4642516.55549554,1.2,395,12,3,193-12,[]
TX,587.935319169,292317.770590586,4640601.713691742,1.2,1423,12,2,370-30,[]
TX,588.126572709,290651.353873949,4641327.003702391,1.2,721,7,2,232-9,[]
TX,588.212708514,290440.540970754,4640846.655309733,1.2,202,7,2,143-8,[]
TX,588.333809209,273708.385183156,4630643.673701863,1.2,1032,12,3,290-12,[]
TX,588.530357687,290470.283688314,4641386.515685502,1.2,8,7,3,104-13,[]
TX,588.659986181,289745.037490109,4641530.268124023,1.2,1465,7,2,44-17,[]
TX,588.74991843,291740.530103073,4642155.243963246,1.2,1683,11,3,89-17,[]
TX,588.790729035,289825.426296383,4641736.836691645,1.2,10,7,2,104-15,[]
TX,589.153543174,288978.719387059,4643697.693834609,1.2,30,12,2,105-27,[]
TX,589.205717017,290042.854988055,4640962.663086469,1.2,1556,7,2,7-1,[]
TX,589.535248159,291928.902981823,4641677.801824877,1.2,42,12,3,111-19,[]
TX,590.093774124,286458.45850323,4642643.221186627,1.2,324,12,2,178-15,[]
TX,590.098380472,292523.949659402,4642913.985541946,1.2,234,12,2,156-23,[]
TX,590.134072459,289156.51446833,4638662.025170642,1.2,1241,12,3,343-26,[]
TX,590.558307427,290189.135391593,4641401.943256652,1.2,1096,7,2,300-21,[]
TX,590.784036384,292074.386004169,4642261.814576549,1.2,380,12,2,191-27,[]
TX,590.999116782,290743.107854948,4642878.884664583,1.2,1086,12,2,298-29,[]
TX,591.244873859,273689.394289453,4630641.188053317,1.2,41,12,2,111-18,[]
TX,591.29169455,290477.408008439,4640625.149485772,1.2,370,7,2,191-14,[]
TX,591.9298319,293363.080194538,4643244.661945351,1.2,936,12,3,262-19,[]
TX,592.140197691,289161.969368074,4644144.838576175,1.2,1608,12,2,8-26,[]
TX,592.241729128,282999.740786107,4644209.366509281,1.2,1497,12,2,53-29,[]
TX,592.308283292,290698.210417411,4641301.392852147,1.2,51,7,2,112-15,"[['RX_GW', 592.423279593, 51, 7, 2, 868.1, -121.146781758, '00:00:00:00:00:02']]"
TX,592.33676081,292101.856214352,4640397.690404778,1.2,149,12,3,135-15,[]
TX,592.439411111,292743.067262192,4642090.060650866,1.2,521,12,2,208-10,[]
TX,592.461896246,290065.611597149,4641531.685325126,1.2,471,7,2,2-24,[]
TX,592.497684848,294270.856992265,4641971.207012596,1.2,520,9,2,206-22,"[['RX_GW', 592.869451219, 520, 9, 2, 868.1, -127.773016573, '00:00:00:00:00:04']]"
TX,592.775353056,290196.22202241,4639302.64569007,1.2,824,11,3,243-24,[]
TX,592.810722124,290361.824704219,4641804.729322005,1.2,775,7,3,238-16,[]
TX,593.087218903,291066.879150928,4642405.05928684,1.2,1692,11,2,89-27,[]
TX,593.384397744,271638.801053895,4630671.033034568,1.2,870,12,3,250-27,[]
TX,593.545262209,292706.270605394,4641838.890590897,1.2,1295,12,2,352-29,[]
TX,593.795175792,290074.744083581,4641525.298105668,1.2,1348,7,3,362-11,[]
TX,593.904659085,291831.787800239,4642568.85044617,1.2,1532,12,2,61-12,[]
TX,594.015463583,291005.494306408,4641338.816565236,1.2,740,8,2,234-9,[]
TX,594.116223086,288876.158212547,4635827.31570236,1.2,389,12,2,192-21,[]
TX,594.136161721,288981.810744788,4643670.335132844,1.2,487,12,3,200-20,[]
TX,594.143198265,290879.631705016,4641185.502668336,1.2,1735,8,3,94-20,[]
TX,594.363748055,289518.546548733,4642942.428633759,1.2,785,10,3,238-6,[]
TX,594.8233637,291081.098178835,4641219.68989373,1.2,1194,9,2,329-10,[]
TX,594.994979734,291551.114268714,4642066.41073737,1.2,7,12,3,104-12,[]
TX,595.411642708,290704.45928141,4641292.27392602,1.2,593,7,2,213-30,"[['RX_GW', 595.526639014, 593, 7, 2, 868.1, -121.176818542, '00:00:00:00:00:02']]"
TX,595.507856154,290393.489388553,4642050.945876455,1.2,1031,8,2,290-11,[]
TX,595.523882203,290851.438546933,4642270.089229465,1.2,758,10,2,235-4,[]
TX,595.62218037,290326.173153847,4640717.719231014,1.2,1258,7,3,347-17,"[['RX_GW', 595.73717526, 1258, 7, 3, 868.1, -103.969561069, '00:00:00:00:00:02']]"
TX,595.688443308,290784.795685634,4641304.05415274,1.2,1730,7,2,94-16,[]
TX,595.770542397,290549.773485737,4643181.628110281,1.2,799,12,3,241-21,[]
TX,595.772637001,290845.959397115,4638652.496976333,1.2,353,12,3,186-21,[]
TX,595.909674483,291732.576475366,4642144.976909178,1.2,169,11,2,139-2,[]
TX,595.947398266,290279.861215403,4641293.323309551,1.2,1592,7,2,79-13,[]
TX,595.971946573,282852.651874466,4657689.867664672,1.2,640,12,2,222-6,[]
TX,595.980649696,289691.537738191,4641849.162161467,1.2,1552,7,2,68-12,[]
TX,595.991346117,292946.809207714,4629924.142173708,1.2,653,12,3,224-13,[]
TX,596.028074272,290999.639371,4640660.806549042,1.2,1711,7,2,90-26,[]
TX,596.080987748,291679.104206326,4642108.965385735,1.2,1184,11,2,325-22,[]
TX,596.291481945,290876.190981801,4642271.731176007,1.2,1453,10,2,42-2,[]
TX,596.508713681,290683.227795588,4642882.999314225,1.2,962,12,3,267-18,[]
TX,596.763801027,291275.351139473,4641991.988957572,1.2,809,11,2,242-18,[]
TX,596.930854,291012.845769704,4641819.421065432,1.2,1347,8,3,362-10,[]
TX,597.142570748,290568.326497742,4642286.20491063,1.2,1710,10,3,90-24,[]
TX,597.233204081,291872.613243457,4642552.321405574,1.2,347,12,3,185-24,[]
TX,597.425256568,286658.803812337,4645756.227476969,1.2,573,12,3,212-13,[]
TX,597.507504228,293437.768205242,4640003.747552525,1.2,907,12,3,259-1,[]
TX,597.594718463,290766.156288536,4642768.071062517,1.2,1447,12,3,41-21,[]
TX,597.738135784,289137.534115417,4642154.244568693,1.2,371,10,2,191-17,[]
TX,598.344651902,290060.565619823,4642385.357533193,1.2,1278,8,2,352-1,[]
TX,598.859051733,273687.943607226,4630636.201273392,1.2,60,12,2,113-3,[]
TX,598.872595174,292309.228460865,4641965.288119213,1.2,1405,12,2,37-13,[]
TX,599.05351956,290897.006955893,4642259.208304483,1.2,857,10,3,248-9,[]
TX,599.105317207,282328.865781232,4637014.49860476,1.2,393,12,2,193-10,[]
TX,599.274633143,290414.453029613,4641814.403881285,1.2,1638,7,3,83-11,[]
TX,599.479395973,292179.166149836,4641380.280630608,1.2,1344,12,3,361-29,[]
TX,599.810050728,292656.169807409,4641764.088786688,1.2,1343,12,3,361-28,[]
TX,600.033142415,295133.855136094,4642737.042527364,1.2,59,8,2,113-22,[]
TX,600.124217338,289735.078344217,4642805.601189305,1.2,419,11,3,195-26,[]
TX,600.142692101,290149.148753868,4642424.840255827,1.2,706,10,2,230-8,[]
TX,600.229437651,292290.654376941,4637702.463023154,1.2,308,12,2,174-27,[]
TX,600.433793271,291728.824348871,4642153.313537098,1.2,1670,11,2,87-3,[]
TX,600.532341477,291132.896388718,4642466.130831814,1.2,881,11,3,253-22,[]
TX,600.552037017,273725.195664533,4630669.342732311,1.2,960,12,3,267-16,[]
TX,600.718805231,291728.005471658,4642157.018934541,1.2,1690,11,3,89-25,[]
TX,600.778657669,273165.340248594,4629969.672715285,1.2,695,12,2,228-25,[]
TX,600.823121078,291654.773534855,4642264.450732044,1.2,592,12,2,213-29,[]
TX,601.036940068,292675.136129553,4641430.163319645,1.2,1217,12,3,341-25,[]
TX,601.07384146,288625.65945725,4642678.565235049,1.2,987,12,3,279-23,[]
TX,601.350370755,288327.479152805,4639446.710020385,1.2,86,12,3,119-5,[]
TX,601.41514199,290329.731257635,4639630.248064371,1.2,281,9,3,17-8,[]
TX,601.440087371,292694.392380087,4641811.073937344,1.2,1568,12,2,7-9,[]
TX,601.513356529,290690.866682864,4642815.837580232,1.2,1420,12,3,37-9,[]
TX,601.786457511,299770.717822219,4630300.773091938,1.2,617,12,2,220-19,[]
TX,602.162574722,291401.966652548,4641356.93126435,1.2,826,10,3,243-28,[]
TX,602.231985121,290098.93601686,4640931.164027532,1.2,43,7,2,111-20,[]
TX,602.339285866,290109.593063863,4640889.754142094,1.2,256,7,3,157-26,[]
TX,602.344574437,291542.504149099,4641339.923390176,1.2,951,10,3,266-21,[]
TX,602.382544896,293701.538277575,4644246.980369695,1.2,541,12,2,208-8,[]
TX,602.618425225,290935.736030789,4642052.260032609,1.2,233,10,2,156-22,[]
TX,602.705327443,288330.589331103,4642503.894118719,1.2,476,12,3,2-29,[]
TX,602.902219353,290346.011940597,4641935.21125045,1.2,366,8,2,190-1,[]
TX,602.971588543,290374.753592747,4641792.894369049,1.2,121,7,3,127-30,[]
TX,603.090459811,291212.08259948,4641319.136308707,1.2,28,8,2,105-25,[]
TX,603.187502062,291144.023461165,4641962.925548959,1.2,82,10,3,118-8,[]
TX,603.373199727,293657.897381484,4644152.22748867,1.2,1720,12,2,92-15,[]
TX,603.563537231,294022.705378846,4641044.169730003,1.2,512,10,3,203-6,[]
TX,603.585263514,289632.846328857,4641970.088265209,1.2,1752,7,3,96-12,[]
TX,603.642649116,271598.831503529,4630623.41198424,1.2,658,12,3,224-20,[]
TX,603.804478721,290530.453872974,4641369.276718654,1.2,1498,7,3,54-5,[]
TX,604.042308761,291240.047414976,4642280.464623451,1.2,1074,10,3,298-1,[]
TX,604.416810995,291818.609722075,4642552.21836983,1.2,766,12,3,236-20,[]
TX,604.530972852,291188.255417605,4641320.87776544,1.2,1265,8,3,348-11,[]
TX,605.068928368,294451.620500648,4641330.121609536,1.2,1751,10,3,96-11,"[['RX_GW', 605.72843825, 1751, 10, 3, 868.1, -131.561402449, '00:00:00:00:00:04']]"
TX,605.289132165,290318.3825137,4643601.259855086,1.2,1763,12,2,99-27,[]
TX,605.329124415,290310.255536855,4641314.949884791,1.2,39,7,2,111-16,[]
TX,605.395523097,290825.400258106,4642238.795771577,1.2,113,10,2,127-11,[]
TX,605.565678841,295613.70827811,4645551.811555872,1.2,350,12,3,185-27,[]
TX,605.618201389,290481.188700487,4640625.510024947,1.2,805,7,3,241-6,[]
TX,606.544446608,290309.822870322,4641998.743475346,1.2,411,8,2,193-6,[]
TX,606.775458565,289849.608699018,4639657.422115224,1.2,424,9,3,196-12,[]
TX,606.830588407,292682.946608364,4641799.747019607,1.2,848,12,3,248-13,[]
TX,607.092697125,292194.586619304,4642157.444727164,1.2,1097,12,2,300-22,[]
TX,607.107281411,291556.074550023,4641370.625821487,1.2,1310,12,2,357-14,[]
TX,607.138841686,290475.9594777,4641377.909487903,1.2,116,7,2,127-14,[]
TX,607.217845025,291707.13062466,4642125.085447538,1.2,329,11,3,178-27,[]
TX,607.303377121,292309.189972996,4641781.816107388,1.2,639,12,2,222-5,[]
TX,607.470920586,292540.713741755,4640786.685520089,1.2,474,12,3,2-27,[]
TX,607.475504495,286011.503760425,4644517.545924569,1.2,759,12,2,235-5,[]
TX,607.520375801,287913.8091227,4643975.402432859,1.2,50,12,3,112-13,[]
TX,608.241142976,290073.752816743,4640941.471276318,1.2,45,7,2,111-22,[]
TX,608.458459517,292412.127820606,4641561.433361486,1.2,1269,12,3,348-9,[]
TX,608.747803647,291731.84634521,4642137.991170959,1.2,1679,11,3,89-11,[]
TX,609.213672114,296417.882074827,4645757.06007861,1.2,780,12,2,238-20,[]
TX,609.231450006,292672.022704333,4641057.555430002,1.2,1540,12,2,62-21,[]
TX,609.268790476,290228.125169188,4641232.748387489,1.2,820,7,2,243-10,[]
TX,609.27569755,291721.981181358,4642165.353287701,1.2,507,12,2,203-21,[]
TX,609.443771416,280723.137990414,4623604.416163548,1.2,287,12,2,170-28,[]
TX,609.697228015,290972.364954443,4640799.714538287,1.2,1494,7,2,53-26,[]
TX,609.825585402,297156.913382561,4649791.564668192,1.2,703,12,3,229-15,[]
TX,610.027036279,290658.125729728,4641326.19167986,1.2,139,7,2,132-4,"[['RX_GW', 610.142032504, 139, 7, 2, 868.1, -118.507184585, '00:00:00:00:00:02']]"
TX,610.287721955,290941.433186611,4642934.516270382,1.2,1671,12,3,87-30,[]
TX,610.699466126,273663.624555845,4630608.381378941,1.2,865,12,2,250-15,[]
TX,610.755855477,290082.20716279,4640917.293471393,1.2,130,7,2,132-12,[]
TX,611.060048588,291067.868428887,4643535.414267812,1.2,773,12,3,236-7,[]
TX,611.093181057,291055.269606102,4642323.462140973,1.2,1742,11,2,94-29,[]
TX,611.447296867,290048.713126745,4638934.838336173,1.2,426,12,2,196-14,[]
TX,611.54297992,301763.698678068,4645301.963398266,1.2,1224,12,2,342-10,[]
TX,611.792465025,289936.777916371,4642714.109544644,1.2,1463,10,3,42-8,[]
TX,612.272148252,289205.889924912,4642229.265875421,1.2,454,9,3,198-7,[]
TX,612.319228837,290401.645244679,4641798.696121694,1.2,1733,7,2,94-19,[]
TX,612.510799236,291898.330526486,4641655.365032927,1.2,436,12,3,196-28,[]
TX,612.517332198,291336.503420332,4641143.031470711,1.2,532,9,2,208-23,[]
TX,612.659144574,289808.074524697,4641911.471402931,1.2,1697,7,3,89-6,[]
TX,612.684614915,292682.739631187,4641792.552232177,1.2,1610,12,2,8-28,[]
TX,612.835551555,294417.244951743,4644308.519431272,1.2,1438,12,3,40-4,[]
TX,612.923375411,290065.427774376,4640938.966266605,1.2,269,7,2,169-18,"[['RX_GW', 613.038369292, 269, 7, 2, 868.1, -80.67808033, '00:00:00:00:00:02']]"
TX,612.961677961,293929.567331783,4641560.430747839,1.2,479,12,3,2-4,[]
TX,613.394878023,290300.142928016,4640737.535240605,1.2,94,7,2,12-14,"[['RX_GW', 613.509872806, 94, 7, 2, 868.1, -103.211392141, '00:00:00:00:00:02']]"
TX,613.819002967,293368.704939294,4643249.898934919,1.2,1533,12,3,61-13,[]
TX,613.926961095,290884.030695484,4642257.530562577,1.2,1290,10,3,352-24,[]
TX,614.040739496,291125.588844855,4641953.480188066,1.2,387,10,3,191-8,[]
TX,614.082296055,292080.552552908,4640662.702560743,1.2,358,12,2,188-14,[]
TX,614.357193088,290845.284020402,4642796.954352969,1.2,844,11,3,248-1,[]
TX,614.408571092,290414.579474019,4641807.673307738,1.2,1030,7,3,290-10,[]
TX,614.485069331,297002.848943156,4638969.179502887,1.2,402,12,3,193-21,[]
TX,614.498044295,292064.322950156,4644132.55216093,1.2,1721,12,2,92-16,[]
TX,614.515243866,290422.695221875,4641812.59036126,1.2,1725,7,3,94-1,[]
TX,614.726091664,292315.396219396,4642046.98036052,1.2,1259,12,3,347-18,[]
TX,614.922040691,289663.968052538,4641701.791349806,1.2,710,7,3,232-12,[]
TX,614.988548213,273697.26407396,4630623.782366391,1.2,861,12,3,250-11,[]
TX,615.069865365,290470.459170934,4640695.949026192,1.2,510,7,3,203-30,[]
TX,615.252040317,285838.677970642,4643274.964680139,1.2,1324,12,2,360-10,[]
TX,615.443312213,290405.506057967,4641811.102955651,1.2,296,7,2,172-9,[]
TX,615.761345289,290037.167898952,4640353.476748058,1.2,292,7,3,172-12,[]
TX,615.810443689,290707.526302459,4651386.180327146,1.2,770,12,3,236-26,[]
TX,616.1832906,289831.345992669,4641197.419398533,1.2,530,7,3,208-21,[]
TX,616.251185941,292488.579268136,4639813.695621442,1.2,610,12,2,22-5,[]
TX,616.463885341,290077.115348387,4640919.990648657,1.2,274,7,3,169-30,[]
TX,616.483123,290715.534132051,4643001.099868331,1.2,1654,12,3,85-20,[]
TX,616.486889543,295139.260950517,4642696.497231558,1.2,1129,8,3,311-13,"[['RX_GW', 616.694302843, 1129, 8, 3, 868.1, -125.862807182, '00:00:00:00:00:04']]"
TX,616.955779432,291122.271630108,4641136.787361341,1.2,1468,8,3,44-20,[]
TX,617.066437493,289525.054463784,4641793.235235741,1.2,362,7,3,188-26,[]
TX,617.130807369,290837.239210341,4642776.346675994,1.2,1728,11,3,94-13,[]
TX,617.310798682,288868.506339803,4638533.973051151,1.2,997,12,3,280-16,[]
TX,617.320168032,290153.366492949,4640838.742236501,1.2,1411,7,2,37-22,[]
TX,617.591089054,290815.754043105,4640325.494520233,1.2,1607,8,3,8-25,"[['RX_GW', 617.798502029, 1607, 8, 3, 868.1, -124.498729794, '00:00:00:00:00:02']]"
TX,617.774995554,289867.490893191,4638244.647427952,1.2,1106,12,3,301-6,[]
TX,617.842086579,292662.823998143,4641321.566552517,1.2,1687,12,2,89-21,[]
TX,618.187789939,298138.314835452,4650603.654100684,1.2,186,12,2,14-30,[]
TX,618.360934968,290831.275254169,4636933.747293347,1.2,1044,12,3,291-9,[]
TX,618.431478701,290395.940857013,4641813.450087069,1.2,1394,7,3,369-14,[]
TX,618.660268383,290428.780682699,4641808.737848229,1.2,1707,7,2,90-21,[]
TX,618.984256874,291654.277922244,4642759.157705911,1.2,749,12,3,235-19,[]
TX,619.165079255,298601.945725026,4631792.021643935,1.2,913,12,3,259-15,[]
TX,619.180053151,292700.702183334,4641605.940670357,1.2,1375,12,2,365-24,[]
TX,619.236201958,299740.775909813,4630048.918180885,1.2,623,12,2,220-30,[]
TX,619.716772737,296671.530648589,4646522.809428507,1.2,177,12,2,14-11,[]
TX,619.894901364,291115.289387584,4642461.438294969,1.2,254,11,2,157-24,[]
TX,620.108599197,290299.582449924,4642172.823218821,1.2,1520,10,3,59-15,[]
TX,620.143918421,292686.348107687,4641798.789548682,1.2,1155,12,3,321-1,[]
TX,620.274046357,292655.516389301,4629987.53788604,1.2,1191,12,3,328-6,[]
TX,620.588885913,292522.34252607,4642911.607541869,1.2,246,12,3,156-9,[]
TX,620.625942099,290684.080211096,4641282.96633153,1.2,1170,7,2,322-23,"[['RX_GW', 620.74093833, 1170, 7, 2, 868.1, -119.382172739, '00:00:00:00:00:02']]"
TX,620.68243331,293013.827932652,4642592.490392846,1.2,1695,12,3,89-4,[]
TX,620.997727523,291580.010220418,4640950.818176498,1.2,375,10,3,191-21,"[['RX_GW', 621.657238474, 375, 10, 3, 868.1, -131.364345618, '00:00:00:00:00:02']]"
TX,621.043116562,290380.711615956,4641826.489619357,1.2,1486,7,3,53-11,[]
TX,621.254672184,290616.875421496,4641350.063075025,1.2,133,7,2,132-15,[]
TX,621.724516378,271827.229541071,4630664.543531347,1.2,1300,12,3,356-17,[]
TX,622.076505274,291042.183002729,4641734.174197978,1.2,925,8,3,260-12,"[['RX_GW', 622.283919334, 925, 8, 3, 868.1, -125.827815549, '00:00:00:00:00:02']]"
TX,622.180310403,292094.54662487,4640663.524777813,1.2,1035,12,3,290-15,[]
TX,622.300140904,290472.726014177,4640667.63813216,1.2,255,7,3,157-25,"[['RX_GW', 622.415136307, 255, 7, 3, 868.1, -111.129993941, '00:00:00:00:00:02']]"
TX,622.52384782,291100.403313512,4643113.244700246,1.2,1471,12,3,44-30,[]
TX,622.619539772,292197.612133906,4643436.488137514,1.2,1462,12,3,42-7,[]
TX,622.635556561,291962.72224309,4637433.626337601,1.2,1168,12,3,322-12,[]
TX,622.783812956,294281.114329577,4641983.579454566,1.2,1719,9,3,92-14,"[['RX_GW', 623.155579301, 1719, 9, 3, 868.1, -127.67316363, '00:00:00:00:00:04']]"
TX,622.78541633,292308.605126375,4637613.030575859,1.2,76,12,3,115-30,[]
TX,623.005825462,291899.660931261,4644437.561440221,1.2,830,12,2,244-8,[]
TX,623.423116545,297566.239174463,4643632.351444689,1.2,178,12,3,14-12,[]
TX,623.430640102,284751.114350889,4630149.331554748,1.2,338,12,3,184-18,[]
TX,623.776610384,292264.080925725,4636527.492442643,1.2,1696,12,3,89-5,[]
TX,624.432125554,289613.09323244,4644732.704595932,1.2,1528,12,3,59-9,[]
TX,624.851376603,289712.738138988,4638885.629954902,1.2,427,12,2,196-17,[]
TX,625.269762413,299735.36461477,4630019.705471092,1.2,622,12,2,220-3,[]
TX,625.33047377,290225.338863469,4641451.142086457,1.2,1605,7,2,8-23,"[['RX_GW', 625.445469284, 1605, 7, 2, 868.1, -109.803851748, '00:00:00:00:00:02']]"
TX,625.471820107,291771.265045617,4639321.863605171,1.2,681,12,2,225-5,[]
TX,625.485546508,292756.03098418,4642108.838275709,1.2,207,12,3,145-22,[]
TX,625.588117949,291300.559300639,4640343.437138146,1.2,1754,10,2,96-14,[]
TX,625.601937727,271614.168541412,4630656.352337451,1.2,1389,12,2,368-26,[]
TX,625.793701113,290721.308005516,4637650.789342426,1.2,294,12,3,172-14,[]
TX,625.83928229,290336.792197344,4641838.817142047,1.2,1000,8,3,281-1,[]
TX,626.113086648,289674.422308687,4640520.68296976,1.2,676,7,2,225-21,[]
TX,626.280510514,290947.699328164,4641190.815055623,1.2,158,7,2,135-25,[]
TX,626.549569694,290404.191096222,4641804.846753143,1.2,1682,7,3,89-14,[]
TX,626.56917336,289109.410767724,4641809.874914219,1.2,372,8,2,191-18,[]
TX,626.574354966,292748.43330146,4642012.353253812,1.2,1484,12,2,53-1,[]
TX,626.995496886,289644.748348478,4643732.908538161,1.2,1582,12,3,74-30,[]
TX,627.179804167,289195.607456498,4642525.734051416,1.2,291,12,3,172-11,[]
TX,627.417598098,291213.107876328,4641294.360345663,1.2,847,8,2,248-12,[]
TX,627.508741783,290365.537672725,4641806.603873599,1.2,74,7,2,115-22,[]
TX,628.01398202,290531.33734437,4641101.634669044,1.2,379,7,3,191-26,[]
TX,628.10969424,290654.966213567,4643073.304118516,1.2,1070,12,3,297-27,[]
TX,628.348002337,311140.755079534,4650905.814174549,1.2,1165,12,3,321-29,[]
TX,628.367809929,290116.142659701,4643331.930805923,1.2,219,12,2,155-12,[]
TX,628.501753868,298082.92917337,4639298.876875586,1.2,213,12,2,154-23,[]
TX,628.703849705,289576.335365172,4647059.144202868,1.2,680,12,2,225-4,[]
TX,628.773566501,290694.222306893,4642154.332010133,1.2,403,9,2,193-22,[]
TX,629.144158493,289183.690804355,4642909.878149861,1.2,360,12,3,188-24,[]
TX,629.164483022,289553.745185611,4638135.878065512,1.2,1098,12,3,300-23,[]
TX,629.253517661,283966.293517747,4640187.055449322,1.2,302,12,3,174-14,[]
TX,629.405400391,288563.512003072,4642689.062822701,1.2,1235,12,2,343-14,[]
TX,629.542907872,290309.584475079,4636916.836577545,1.2,384,12,3,191-5,[]
TX,629.548220697,293110.201241744,4642345.760482429,1.2,1292,12,2,352-26,[]
TX,629.618430972,291219.575276859,4642274.33841694,1.2,1071,10,3,297-28,[]
TX,629.696048782,289649.096799335,4645660.456747455,1.2,986,12,3,279-22,[]
TX,629.829088962,289678.43124398,4642083.944147391,1.2,1358,9,3,362-28,[]
TX,629.878208974,271982.49368836,4630008.743778877,1.2,1036,12,3,290-23,[]
TX,630.209628913,293323.244690628,4640236.568666012,1.2,1547,12,3,66-1,[]
TX,630.214133859,291817.64061515,4641598.286605277,1.2,1427,11,2,4-23,[]
TX,630.277882276,291728.67336501,4642146.72286539,1.2,250,11,3,157-13,[]
TX,630.701893103,292665.32608428,4641804.66445563,1.2,85,12,2,119-4,[]
TX,630.713016322,290279.397184843,4641280.241415656,1.2,1589,7,2,79-10,[]
TX,631.280380452,290593.465084737,4642833.32049344,1.2,1422,12,3,370-16,[]
TX,631.298494704,290671.876632843,4641305.728712957,1.2,413,7,3,193-8,[]
TX,631.314424456,290483.989863428,4640640.12683592,1.2,1414,7,3,37-28,[]
TX,631.345541678,290736.176131377,4641307.01792812,1.2,1639,7,3,83-12,[]
TX,631.805861833,290356.802446377,4641806.578216428,1.2,1748,7,2,94-7,[]
TX,632.086467602,292306.978532188,4636381.455905659,1.2,1099,12,3,300-3,[]
TX,632.156902523,289582.839022997,4642228.038834692,1.2,1637,7,3,81-8,[]
TX,632.202076376,293250.624174191,4639333.760516743,1.2,210,12,2,152-22,[]
TX,632.478725767,290371.4193159,4641307.389643757,1.2,1251,7,3,344-12,[]
TX,632.54506781,290084.583037704,4640914.371837488,1.2,260,7,2,157-9,[]
TX,632.899936226,291052.272943121,4641909.33464173,1.2,320,9,2,178-11,[]
TX,633.166818402,288335.732984965,4644714.578475097,1.2,955,12,2,266-4,[]
TX,633.422949097,290588.205915845,4641353.472078524,1.2,523,7,2,208-12,[]
TX,633.677024674,291106.220276367,4646174.064084174,1.2,52,12,3,113-16,[]
TX,633.795076304,272829.293803131,4629740.231325364,1.2,104,12,3,122-1,[]
TX,634.083812291,294970.285156053,4642711.533292387,1.2,586,8,3,212-8,"[['RX_GW', 634.29122594, 586, 8, 3, 868.1, -124.879322027, '00:00:00:00:00:04']]"
TX,634.252942349,289821.452887473,4641119.996163162,1.2,172,7,3,139-5,"[['RX_GW', 634.367936665, 172, 7, 3, 868.1, -96.483541, '00:00:00:00:00:02']]"
TX,634.289379996,290428.55917378,4639991.643818161,1.2,646,7,3,223-4,[]
TX,634.540166788,291547.86776296,4641111.816848016,1.2,399,11,3,193-18,"[['RX_GW', 636.020925663, 399, 11, 3, 868.1, -134.424681257, '00:00:00:00:00:02']]"
TX,634.930838776,289958.773837091,4642782.960507634,1.2,37,12,3,106-7,[]
TX,635.109570766,291063.116461693,4642057.064808928,1.2,996,10,3,280-15,[]
TX,635.315028992,290612.165713227,4641757.759507855,1.2,1154,7,3,318-30,[]
TX,635.367235137,290384.969601763,4635994.582342998,1.2,975,12,3,273-14,[]
TX,635.772750685,295122.885150361,4642762.453857249,1.2,1024,9,2,29-18,"[['RX_GW', 636.144516213, 1024, 9, 2, 868.1, -127.103676934, '00:00:00:00:00:04']]"
TX,636.629266462,284730.154038746,4630149.187539249,1.2,341,12,2,184-5,[]
TX,636.936109157,292731.923288618,4641845.336696049,1.2,984,12,2,275-29,[]
TX,637.102083871,290216.650494709,4641244.861233602,1.2,1229,7,3,342-28,[]
TX,637.189019391,292499.907457655,4636995.439605565,1.2,1025,12,3,29-19,[]
TX,637.226145448,293740.994456198,4641752.326859569,1.2,184,12,3,14-28,[]
TX,637.394171711,290064.361494632,4640924.332721669,1.2,980,7,3,273-27,[]
TX,637.530802383,282972.629846405,4632865.3288332,1.2,313,12,3,176-4,[]
TX,637.780746691,293372.102751441,4634222.804726809,1.2,807,12,3,241-8,[]
TX,637.846962316,291103.683017432,4643145.586076659,1.2,1667,12,3,87-20,[]
TX,638.094708491,288536.921967473,4638290.303141034,1.2,279,12,3,17-22,[]
TX,638.159449714,292096.489072161,4642730.606461876,1.2,1439,12,3,40-5,[]
TX,638.326208971,291237.358221221,4642275.240416476,1.2,1507,10,2,58-23,[]
TX,639.068329261,291169.7799362,4641331.758248057,1.2,649,8,3,223-7,[]
TX,639.074627322,291620.128749262,4640093.192105388,1.2,679,11,2,225-30,[]
TX,639.281566972,289580.640876702,4642517.567590014,1.2,1320,10,3,359-15,[]
TX,639.563522588,293912.534730197,4633602.349482018,1.2,314,12,3,176-5,[]
TX,639.870970742,291031.993815745,4641941.326660678,1.2,1282,9,3,352-15,"[['RX_GW', 640.242737234, 1282, 9, 3, 868.1, -127.441191458, '00:00:00:00:00:02']]"
TX,640.052978656,291476.338805567,4642062.028517785,1.2,1221,11,3,341-29,[]
TX,640.146417636,294292.885435911,4644173.640786237,1.2,971,12,3,273-10,"[['RX_GW', 642.778156634, 971, 12, 3, 868.1, -139.287144777, '00:00:00:00:00:04']]"
TX,640.587172917,292551.175332714,4646186.342865807,1.2,584,12,3,212-6,[]
TX,640.737281562,288867.960963583,4639556.240376505,1.2,994,10,3,28-22,"[['RX_GW', 641.396792861, 994, 10, 3, 868.1, -131.718836946, '00:00:00:00:00:02']]"
TX,641.102687924,284967.976879832,4643530.080934562,1.2,209,12,3,147-22,[]
TX,641.16376048,290495.415310208,4643398.180162019,1.2,945,12,2,266-16,[]
TX,641.251274943,291530.233197527,4642154.249471948,1.2,321,12,3,178-12,[]
TX,641.620736059,295114.656030295,4642718.722153427,1.2,1718,8,3,92-1,[]
TX,642.085468295,290976.269022802,4639189.150512153,1.2,1230,11,3,342-30,"[['RX_GW', 643.56622848, 1230, 11, 3, 868.1, -133.575927217, '00:00:00:00:00:02']]"
TX,642.200199794,291016.0840912,4641976.154502683,1.2,818,10,2,242-8,[]
TX,642.499338103,289546.729199103,4644106.833107755,1.2,1744,12,2,94-30,[]
TX,642.738846555,294776.966370765,4644758.065356374,1.2,1057,12,3,295-6,[]
TX,643.180160886,291109.277796672,4642483.845377382,1.2,1263,12,3,347-22,[]
TX,643.194956989,294056.388433599,4641651.049159092,1.2,789,11,2,240-20,"[['RX_GW', 644.675715998, 789, 11, 2, 868.1, -133.629044379, '00:00:00:00:00:04']]"
TX,643.331957976,290147.866868958,4643619.363477873,1.2,1403,12,3,37-11,[]
TX,643.572129736,273693.124811048,4630625.224247701,1.2,860,12,3,250-1,[]
TX,643.800501969,292682.032956558,4643694.149130357,1.2,330,12,3,178-28,[]
TX,644.042089069,288493.900842358,4641293.746271409,1.2,257,9,3,157-27,[]
TX,644.129525349,290083.283804264,4640917.808739332,1.2,1021,7,3,288-9,[]
TX,644.219855699,290731.880852051,4642996.748002195,1.2,829,12,3,244-30,[]
TX,644.480178133,284007.356028348,4632499.76796987,1.2,798,12,3,241-20,[]
TX,644.507664356,292630.022003826,4641671.584905434,1.2,124,12,2,129-5,[]
TX,644.737540504,291107.267016159,4644209.957642478,1.2,1731,12,3,94-17,[]
TX,644.806102086,289659.938756751,4643170.578999988,1.2,1254,12,3,345-17,[]
TX,644.854212249,290693.236197806,4641304.267852923,1.2,1307,7,3,357-11,[]
TX,644.896784658,290758.135065541,4641297.410434024,1.2,1038,7,2,290-25,[]
TX,644.955786998,292095.194811938,4640668.961976146,1.2,1118,12,3,309-11,[]
TX,644.97763049,290349.582281596,4643316.754124642,1.2,1409,12,3,37-20,[]
TX,645.011963152,293327.298376205,4643222.697983669,1.2,1488,12,3,53-13,[]
TX,645.024358035,291936.942344782,4643644.346927913,1.2,1581,12,3,74-29,[]
TX,645.033777696,290388.087984716,4641799.529292596,1.2,1734,7,3,94-2,[]
TX,645.130676609,293270.068676574,4640256.740363808,1.2,21,12,3,105-11,[]
TX,645.142881429,291824.172689068,4642543.226339607,1.2,13,12,3,104-25,[]
TX,645.511854068,291218.120668689,4642270.897261476,1.2,900,10,3,257-3,[]
TX,645.675905928,291732.937990325,4642141.656852035,1.2,983,11,3,273-9,[]
TX,645.78039393,294212.42242469,4639812.003918413,1.2,1218,12,3,341-26,[]
TX,645.801840665,291620.732669628,4644626.809725219,1.2,760,12,2,235-7,[]
TX,645.911066301,290291.547062624,4641306.993622366,1.2,1600,7,3,79-28,[]
TX,645.94072601,290094.078275465,4640900.841166148,1.2,988,7,3,279-30,[]
TX,645.99069493,292774.386193421,4642165.108808613,1.2,496,12,2,202-2,[]
TX,646.31372177,285828.493403038,4643308.651343146,1.2,1329,12,3,360-28,[]
TX,646.347864787,288090.832884133,4641963.615484411,1.2,717,12,3,232-26,[]
TX,646.525204607,285524.679403196,4648510.51753881,1.2,755,12,3,235-28,[]
TX,646.52669399,296205.887130579,4643506.5352244,1.2,56,10,3,113-2,[]
TX,646.707801761,300349.278584254,4628916.21410168,1.2,567,12,3,210-19,[]
TX,646.737734145,291695.808846296,4642214.410589275,1.2,349,12,3,185-26,[]
TX,647.08695976,290349.979549246,4641822.418121201,1.2,1726,7,3,94-10,[]
TX,647.106535925,290267.401801246,4641298.278543659,1.2,1619,7,3,80-24,[]
TX,647.308903215,291184.39298154,4641323.971425348,1.2,602,8,2,22-16,[]
TX,647.382311398,291222.283603963,4641389.082974856,1.2,1040,8,3,290-27,[]
TX,647.624507748,287259.995217978,4640751.590403468,1.2,66,12,2,113-8,[]
TX,647.746565093,299750.612488584,4630069.172570682,1.2,921,12,3,259-9,[]
TX,647.861481175,292690.029263132,4641798.204682663,1.2,1316,12,3,357-27,[]
TX,647.948894567,299736.878371896,4630062.193122083,1.2,731,12,3,234-13,[]
TX,648.19857309,290371.556708622,4641811.414157636,1.2,1612,7,3,80-1,[]
TX,648.479622038,292427.730612758,4641743.338405987,1.2,306,12,3,174-25,[]
TX,648.698887294,290673.655903673,4641293.284995404,1.2,38,7,3,106-8,[]
TX,648.826004584,295466.415605553,4642515.878564164,1.2,570,7,3,210-8,[]
TX,649.082960097,271625.467432944,4630626.123243275,1.2,666,12,3,224-4,[]
TX,650.118287647,291657.059007891,4642300.931188821,1.2,416,12,3,195-12,[]
TX,650.272786531,290539.056063105,4642122.06153664,1.2,694,10,3,228-24,"[['RX_GW', 650.932296545, 694, 10, 3, 868.1, -131.480249139, '00:00:00:00:00:02']]"
TX,650.465022458,292312.43142766,4642051.21655093,1.2,1185,12,3,325-23,[]
TX,650.567120302,293487.487173569,4639945.656750153,1.2,1546,12,3,62-8,[]
TX,650.596293255,295125.15365156,4642706.997664408,1.2,576,8,3,212-20,"[['RX_GW', 650.803706609, 576, 8, 3, 868.1, -126.1253126, '00:00:00:00:00:04']]"
TX,650.701958625,291131.229414733,4643263.206481864,1.2,502,12,3,202-8,[]
TX,651.101208627,292407.602529829,4643448.925861311,1.2,275,12,3,169-5,[]
TX,651.265350866,295127.686561265,4642705.164358369,1.2,574,8,3,212-17,"[['RX_GW', 651.47276421, 574, 8, 3, 868.1, -126.07913035, '00:00:00:00:00:04']]"
TX,651.585490867,290878.808049227,4642275.143930822,1.2,1675,10,3,87-8,"[['RX_GW', 652.245001892, 1675, 10, 3, 868.1, -130.456672816, '00:00:00:00:00:02']]"
TX,651.663841362,290314.450355563,4636953.023333828,1.2,869,12,3,250-26,[]
TX,652.067816481,289532.027742537,4641812.433154293,1.2,272,7,3,169-22,[]
TX,652.475905494,290092.715456881,4640911.117114314,1.2,940,7,3,264-24,"[['RX_GW', 652.590899453, 940, 7, 3, 868.1, -84.044962378, '00:00:00:00:00:02']]"
TX,652.499392479,290594.50245298,4641756.963201995,1.2,1233,7,3,343-12,[]
TX,652.540889635,292116.150448249,4640627.406116348,1.2,430,12,3,196-22,[]
TX,652.658937024,289212.233205185,4643056.163663629,1.2,1284,12,3,352-17,[]
TX,652.790821415,290094.590656434,4640892.957666484,1.2,630,7,2,222-18,[]
TX,652.93001215,288482.725908533,4642831.483423523,1.2,1308,12,2,357-12,[]
TX,653.162907858,290870.469901519,4641310.801202756,1.2,559,8,3,21-22,[]
TX,653.203761921,294462.732751447,4642673.255649317,1.2,1628,10,3,81-2,"[['RX_GW', 653.863272688, 1628, 10, 3, 868.1, -131.044901087, '00:00:00:00:00:04']]"
TX,653.388988336,291846.644617281,4642565.248977762,1.2,774,12,3,236-8,[]
TX,653.651542447,290290.606716716,4642341.90291536,1.2,200,10,3,143-6,[]
TX,653.76768626,294853.00403446,4644861.260084077,1.2,164,12,3,135-30,[]
TX,653.855656168,287499.206849068,4641319.267612809,1.2,1222,12,3,341-9,[]
TX,654.145324748,291839.631401149,4642557.587650849,1.2,312,12,3,175-1,[]
TX,655.150367019,272722.372125193,4629807.97732153,1.2,282,12,3,17-9,[]
TX,655.289054476,291825.385230702,4640759.25262647,1.2,1042,11,3,290-29,[]
TX,655.41189493,290668.771946342,4643073.624776592,1.2,1392,12,3,369-12,[]
TX,655.606461376,291753.315083378,4639567.663392341,1.2,1714,12,3,90-4,[]
TX,655.719225664,291708.679375172,4642772.880677232,1.2,244,12,3,156-7,[]
TX,655.83667927,293074.203767199,4640773.376601784,1.2,1548,12,3,66-26,[]
TX,655.841869046,283438.59799841,4640333.702551833,1.2,664,12,3,224-28,[]
TX,656.199252396,292143.087148008,4642213.376910345,1.2,354,12,3,187-1,[]
TX,656.276628539,294037.950660708,4641649.74953614,1.2,792,11,3,240-5,"[['RX_GW', 657.757387609, 792, 11, 3, 868.1, -133.837033905, '00:00:00:00:00:04']]"
TX,656.587707657,290083.132125915,4640903.023567139,1.2,129,7,3,132-11,[]
TX,656.601712544,292154.230756204,4639539.252364546,1.2,548,12,3,209-4,[]
TX,656.60710322,292850.431470659,4641924.955624664,1.2,1432,12,3,40-18,[]
TX,656.893773152,290516.345332221,4640858.642510394,1.2,46,7,3,111-30,"[['RX_GW', 657.008768531, 46, 7, 3, 868.1, -110.174262106, '00:00:00:00:00:02']]"
TX,656.923341183,291182.189900858,4641385.210340792,1.2,1617,8,3,80-15,[]
TX,657.142321238,292295.748193778,4642046.03177193,1.2,1305,12,3,357-1,[]
TX,657.21099228,291952.701174087,4638206.108114535,1.2,1642,12,3,83-23,[]
TX,657.222202294,295138.203446055,4642735.296195061,1.2,1384,8,3,365-6,[]
TX,657.230541273,298076.540909424,4639317.051260442,1.2,215,12,3,154-4,[]
TX,657.336953395,290191.854820332,4643176.978829569,1.2,804,12,3,241-5,[]
TX,657.572628585,298783.219629006,4631162.978542684,1.2,620,12,3,220-21,[]
TX,657.797816245,290601.700350706,4641346.152988672,1.2,952,7,3,266-22,[]
TX,657.882509689,290647.625309275,4641180.350391831,1.2,977,7,3,273-23,[]
TX,657.890548259,292259.969539441,4638886.479615686,1.2,410,12,3,193-5,[]
TX,657.90151351,290466.94928701,4640621.615273254,1.2,440,7,3,196-6,[]
TX,658.186278505,298801.980601116,4644350.866824179,1.2,1408,12,3,37-19,[]
TX,658.306871067,290275.101799517,4642021.76230522,1.2,948,8,3,266-19,[]
TX,658.505770504,291983.125392654,4644115.884604404,1.2,406,12,3,193-26,[]
TX,658.514007912,273676.33414249,4630684.216474847,1.2,1302,12,3,356-20,[]
TX,658.833838688,283544.07684347,4634369.378301307,1.2,1133,12,3,313-8,[]
TX,658.998138985,289852.403655495,4640568.719859557,1.2,894,7,3,257-23,[]
TX,659.113562717,287276.979809339,4644023.551414656,1.2,199,12,3,143-5,[]
TX,659.186369466,292999.722894236,4644398.71538268,1.2,1386,12,3,366-1,[]
TX,659.79860898,292450.489732178,4641954.745569931,1.2,1266,12,2,348-12,[]
TX,660.391811713,291390.458197472,4641877.539136764,1.2,811,11,3,242-21,[]
TX,660.396260065,291570.811810097,4640953.796366182,1.2,638,10,3,222-4,[]
TX,660.444120586,290120.248886993,4640876.795378911,1.2,558,7,3,21-21,[]
TX,660.722677908,290750.127840786,4642871.770949911,1.2,1536,12,3,61-9,[]
TX,661.110426251,283202.204846732,4653468.272183815,1.2,31,12,3,105-28,[]
TX,661.18900463,291118.103979819,4642466.835103462,1.2,493,11,3,200-6,[]
TX,661.286443172,289757.441546805,4642742.782689915,1.2,1460,11,3,42-5,[]
TX,661.509000909,289847.279770828,4638906.214651157,1.2,197,12,3,143-3,[]
TX,661.973669976,290355.125011434,4641805.585445177,1.2,1502,7,3,58-11,[]
TX,662.015393731,292381.082600999,4637320.25858973,1.2,603,12,3,22-17,[]
TX,662.122426695,291198.406344664,4639567.843289642,1.2,114,10,3,127-12,[]
TX,662.378412299,291009.775978917,4639220.195429112,1.2,538,12,3,208-5,[]
TX,662.610562516,291026.695597349,4641950.440098557,1.2,1131,10,3,311-15,"[['RX_GW', 663.270073027, 1131, 10, 3, 868.1, -130.99799308, '00:00:00:00:00:02']]"
TX,662.62529926,296460.932782288,4645777.305335963,1.2,569,12,3,210-23,[]
TX,662.654097246,290702.391245738,4641189.822860288,1.2,877,7,3,253-18,[]
TX,663.157489405,299929.604890464,4642837.335901533,1.2,20,12,3,105-10,[]
TX,663.163376091,291979.633729902,4641715.472208574,1.2,1200,12,3,331-30,[]
TX,663.348520833,290266.066325496,4641982.516266091,1.2,289,7,3,172-1,"[['RX_GW', 663.463518053, 289, 7, 3, 868.1, -123.948340102, '00:00:00:00:00:02']]"
TX,663.350051427,290667.880717019,4639701.828168735,1.2,964,9,3,267-20,[]
TX,663.635719601,290077.422359748,4644351.400670532,1.2,941,12,3,264-26,[]
TX,663.76171264,292147.650404415,4642202.422806917,1.2,1703,12,3,90-14,[]
TX,663.982368093,291838.759870753,4642560.410298495,1.2,311,12,3,174-9,[]
TX,664.311321509,290514.215765793,4640845.538342587,1.2,793,7,3,241-16,[]
TX,664.354867082,273702.902203916,4630633.12768291,1.2,868,12,3,250-25,[]
TX,664.409533631,291089.767174284,4642348.184129824,1.2,346,11,3,185-23,[]
TX,664.410347578,290475.802815001,4640627.893044075,1.2,378,7,3,191-25,[]
TX,664.412473729,288277.157157096,4642149.872085955,1.2,1632,12,3,81-3,[]
TX,664.506087309,285916.494597832,4641169.848836715,1.2,712,12,3,232-14,[]
TX,665.046880131,290212.872454899,4640732.030400387,1.2,711,7,3,232-13,[]
TX,665.519802571,291124.57331958,4642467.919889217,1.2,247,11,3,157-10,[]
TX,666.08975974,291304.507038383,4641166.106775349,1.2,44,9,3,111-21,[]
TX,666.221372206,291193.246677305,4641295.668884487,1.2,634,8,3,222-21,[]
TX,666.542974969,290283.791377341,4641305.658871576,1.2,168,7,3,135-7,"[['RX_GW', 666.657970183, 168, 7, 3, 868.1, -109.466332406, '00:00:00:00:00:02']]"
TX,666.600546493,289837.802159829,4638523.4004278,1.2,1417,12,3,37-6,[]
TX,666.78421303,292813.759783297,4641114.420800096,1.2,533,12,3,208-24,[]
TX,666.852778806,291098.734252121,4642463.665062274,1.2,878,12,3,253-19,[]
TX,667.030764002,273685.971002354,4630639.246334037,1.2,1053,12,3,295-20,[]
TX,667.110197045,292745.107443715,4643110.203243748,1.2,108,12,3,122-29,[]
TX,667.357987123,271840.102579655,4630230.741883639,1.2,1514,12,3,58-9,[]
TX,667.778268305,291230.846095302,4642288.223576021,1.2,1658,10,3,85-4,[]
TX,667.907543186,290357.893789703,4641811.254835761,1.2,1575,7,3,70-29,[]
TX,668.04732105,290872.617560422,4641278.907446168,1.2,1380,8,3,365-29,[]
TX,668.150479133,292224.187189332,4638403.278054713,1.2,1378,12,3,365-27,[]
TX,668.198801494,298623.129592096,4631407.682962896,1.2,515,12,3,205-18,[]
TX,668.366432167,282866.119739204,4646284.031833813,1.2,1201,12,3,334-1,[]
TX,668.483008981,290367.810399298,4641441.540170715,1.2,464,7,3,2-15,[]
TX,668.488109386,292691.920328581,4641795.451006508,1.2,802,12,3,241-30,[]
TX,668.766692401,290993.414259426,4642251.675424534,1.2,1239,10,3,343-20,[]
TX,669.002366613,290399.573502265,4641789.091557434,1.2,1003,7,3,281-15,[]
TX,669.263786577,291489.304763409,4642057.448900038,1.2,697,11,3,228-27,[]
TX,669.282414969,290092.838557036,4640910.133573674,1.2,1026,7,3,29-20,[]
TX,669.297638599,290071.829007359,4640931.919263386,1.2,1393,7,3,369-13,[]
TX,669.453908334,291839.738505498,4642553.52692004,1.2,298,12,3,174-10,[]
TX,669.459419223,289628.983636028,4638794.026905043,1.2,903,12,3,257-6,[]
TX,669.532596848,291030.384019668,4641152.340750092,1.2,1569,7,3,70-23,"[['RX_GW', 669.647594024, 1569, 7, 3, 868.1, -121.946334882, '00:00:00:00:00:02']]"
TX,669.698022396,287218.338790656,4641781.041067801,1.2,990,12,3,28-18,[]
TX,669.718913405,289276.548731855,4644570.157782661,1.2,1586,12,3,78-29,[]
TX,669.728431087,290529.696494604,4640937.880167955,1.2,482,7,3,2-7,"[['RX_GW', 669.843426505, 482, 7, 3, 868.1, -110.56075644, '00:00:00:00:00:02']]"
TX,670.087931605,291839.552152521,4641049.328521387,1.2,800,10,3,241-22,"[['RX_GW', 670.747443437, 800, 10, 3, 868.1, -132.423412366, '00:00:00:00:00:02']]"
TX,670.1205858,290345.154966578,4641792.408102995,1.2,1203,7,3,337-17,[]
TX,670.45534143,276136.718729764,4631974.81493746,1.2,953,12,3,266-3,[]
TX,670.456334048,290107.821548795,4634700.578128163,1.2,1293,12,3,352-27,[]
TX,670.623676753,290498.39297982,4640623.936448146,1.2,163,7,3,135-3,[]
TX,670.650322341,292301.939516939,4642047.490697769,1.2,501,12,3,202-7,[]
TX,670.924287223,290346.25687275,4641801.46331888,1.2,547,7,3,209-3,"[['RX_GW', 671.039283966, 547, 7, 3, 868.1, -122.207432242, '00:00:00:00:00:02']]"
TX,671.072618077,289345.126627327,4642453.088102001,1.2,449,10,3,198-2,[]
TX,671.212814321,290097.368020547,4640912.351924356,1.2,947,7,3,266-18,[]
TX,671.214708062,280730.039307948,4623594.145146355,1.2,283,12,3,170-2,[]
TX,671.300714743,291835.790547416,4642554.698477261,1.2,1636,12,3,81-7,[]
TX,671.345224898,290395.013259307,4641813.683248467,1.2,1398,7,3,369-26,[]
TX,671.472827589,290420.040320739,4641809.932356673,1.2,1280,7,3,352-12,[]
TX,671.642977242,290676.53269399,4641311.591542525,1.2,856,7,3,248-29,[]
TX,672.048798542,292918.759489275,4641858.051836528,1.2,632,12,3,222-2,[]
TX,672.190447628,291834.51377537,4642549.023692086,1.2,854,12,3,248-27,[]
TX,672.230301747,292236.848726169,4638606.707603447,1.2,1267,12,3,348-13,[]
TX,672.495967653,291125.262956873,4642472.192640274,1.2,1545,11,3,62-7,[]
TX,672.696900355,290120.080334756,4642773.526283606,1.2,191,12,3,143-18,[]
TX,672.837816248,291974.194468089,4637376.05788407,1.2,1167,12,3,322-10,[]
TX,672.87430302,292292.467960379,4642006.071753098,1.2,1761,12,3,99-25,[]
TX,673.305362087,290009.59533,4637602.116576307,1.2,412,12,3,193-7,[]
TX,673.568119445,289809.821607713,4633943.082732024,1.2,606,12,3,22-22,[]
TX,673.743167334,292550.278705867,4641734.043511296,1.2,1247,12,3,343-6,[]
TX,673.924934912,288985.759280392,4642505.293026551,1.2,431,11,3,196-23,[]
TX,674.123293468,294030.647807171,4641618.391606976,1.2,791,11,3,240-23,"[['RX_GW', 675.604052567, 791, 11, 3, 868.1, -133.933742894, '00:00:00:00:00:04']]"
TX,674.55586884,291715.773045696,4642171.195600323,1.2,165,12,3,135-4,[]
TX,674.755977534,290557.487343942,4635705.46266761,1.2,148,12,3,135-14,[]
TX,674.94864844,298078.888076514,4639314.909586935,1.2,214,12,3,154-3,[]
TX,674.956783212,293294.905010849,4637449.751625545,1.2,735,12,3,234-24,[]
TX,675.01564209,293324.625675855,4642689.314746107,1.2,985,12,3,275-30,[]
TX,675.11699136,291827.263357774,4641593.170118652,1.2,690,11,3,228-14,"[['RX_GW', 676.597751527, 690, 11, 3, 868.1, -134.350157226, '00:00:00:00:00:02']]"
TX,675.28300173,298152.312030078,4632270.977170004,1.2,914,12,3,259-23,[]
TX,675.353959959,292283.351597782,4642287.390877823,1.2,1195,12,3,329-15,[]
TX,675.991218589,291659.755416744,4642788.088622394,1.2,678,12,3,225-3,[]
TX,676.225446191,292656.267531839,4642382.920641664,1.2,1204,12,3,337-18,[]
TX,676.255656541,291452.128820783,4642050.436549105,1.2,1590,12,3,79-11,[]
TX,676.293969647,293268.006321956,4640227.813075777,1.2,290,12,3,172-10,[]
TX,676.755208925,290030.823037409,4640977.750610529,1.2,1366,7,3,365-14,"[['RX_GW', 676.870202764, 1366, 7, 3, 868.1, -81.421745346, '00:00:00:00:00:02']]"
TX,676.780930646,290461.942984149,4641603.179887314,1.2,1360,7,3,362-9,[]
TX,677.466482449,291553.080787493,4642321.117467924,1.2,1298,12,3,352-7,[]
TX,677.560017505,294367.006755304,4643363.578349628,1.2,1693,12,3,89-28,[]
TX,677.591357703,292673.801672542,4641830.766020437,1.2,708,12,3,232-10,[]
TX,677.724588404,292133.065889689,4640648.474961082,1.2,444,12,3,197-25,[]
TX,677.858572959,290660.160146527,4641269.30890652,1.2,821,7,3,243-14,[]
TX,678.180892305,290658.304013539,4641296.976936958,1.2,1377,7,3,365-26,[]
TX,678.272511404,293917.452835233,4638523.354954973,1.2,1583,12,3,76-6,[]
TX,678.304446937,290539.940891653,4642839.293494207,1.2,392,12,3,192-8,[]
TX,678.310018967,290419.339070179,4641385.737530944,1.2,432,7,3,196-24,[]
TX,678.438795736,290247.474765415,4642130.053698271,1.2,1385,7,3,365-7,[]
TX,678.470727503,282075.551877262,4638396.6716314,1.2,1225,12,3,342-13,[]
TX,678.909461742,295604.440777138,4645556.29245693,1.2,1698,12,3,89-7,[]
TX,679.350482578,291126.184175637,4642467.278367926,1.2,494,11,3,200-7,[]
TX,679.974816313,287039.198089998,4641720.746669591,1.2,70,12,3,115-19,[]
TX,680.086980633,291786.826000354,4644542.107749613,1.2,334,12,3,183-23,[]
TX,680.165693947,289378.691323132,4640514.639933023,1.2,248,7,3,157-11,"[['RX_GW', 680.280689754, 248, 7, 3, 868.1, -116.46557302, '00:00:00:00:00:02']]"
TX,680.182178134,290051.277913431,4642388.88109518,1.2,79,8,3,115-7,[]
TX,680.212514428,291132.741635276,4641208.412114337,1.2,461,10,3,2-12,[]
TX,680.392280421,292021.508208804,4641756.863102,1.2,684,12,3,225-8,[]
TX,680.631607045,286450.088761705,4642311.998348967,1.2,1142,12,3,315-24,[]
TX,680.900267981,290480.149944124,4640629.718305956,1.2,1314,7,3,357-25,[]
TX,681.433569198,290675.825087993,4641285.087920888,1.2,394,7,3,193-11,[]
TX,681.464309698,291467.292162252,4638069.592680068,1.2,1149,12,3,316-11,[]
TX,681.663846215,290081.294674379,4640914.64681733,1.2,92,7,3,12-12,[]
TX,682.028422546,291018.737661146,4641186.512584086,1.2,588,8,3,213-1,[]
TX,682.05379452,285067.383750538,4642532.224767496,1.2,939,12,3,264-1,[]
TX,682.279649505,290319.746819227,4641332.384457339,1.2,1616,7,3,80-14,[]
TX,682.640413824,289658.65600141,4644806.235118941,1.2,220,12,3,155-13,[]
TX,682.761965016,291114.267593445,4642472.829110002,1.2,1653,12,3,85-2,[]
TX,683.048109114,291731.170719294,4642164.720208604,1.2,1647,11,3,83-29,"[['RX_GW', 684.528869887, 1647, 11, 3, 868.1, -133.946999139, '00:00:00:00:00:02']]"
TX,683.114764526,290795.661477079,4640282.140440672,1.2,813,7,3,242-3,[]
TX,684.019997472,292086.704493672,4640535.604900069,1.2,110,12,3,125-8,[]
TX,684.264585026,291096.830058307,4642453.459322586,1.2,490,12,3,200-3,[]
TX,684.335697459,294497.65704731,4631913.524290823,1.2,195,12,3,143-21,[]
TX,684.370783532,291082.249445731,4642331.008642318,1.2,768,11,3,236-23,[]
TX,684.381953458,290300.855620088,4642186.873642252,1.2,152,10,3,135-18,[]
TX,684.440636855,294196.464953429,4652164.987663904,1.2,747,12,3,235-16,[]
TX,684.692998104,290284.307483785,4641979.405396481,1.2,1240,7,3,343-21,"[['RX_GW', 684.807995331, 1240, 7, 3, 868.1, -123.986551179, '00:00:00:00:00:02']]"
TX,685.190202401,290976.112137696,4641943.377790459,1.2,1448,8,3,41-22,"[['RX_GW', 685.397616755, 1448, 8, 3, 868.1, -126.800352594, '00:00:00:00:00:02']]"
TX,685.379168428,290851.026236581,4644705.427147148,1.2,500,12,3,202-6,[]
TX,685.593466098,292329.556033056,4642046.397804792,1.2,999,12,3,280-29,[]
TX,685.759401995,291663.189315216,4642125.803818592,1.2,1571,11,3,70-25,"[['RX_GW', 687.240162508, 1571, 11, 3, 868.1, -134.612512482, '00:00:00:00:00:02']]"
TX,685.883119956,290684.176274824,4641287.105498829,1.2,344,7,3,185-1,[]
TX,686.565419148,291247.074118471,4638404.875989506,1.2,539,12,3,208-6,[]
TX,686.58035722,294381.641913927,4645421.286872113,1.2,1625,12,3,81-17,[]
TX,686.621834623,293361.330100368,4643235.887868345,1.2,954,12,3,266-30,[]
TX,686.647994097,293738.681250997,4641354.479847373,1.2,206,12,3,144-8,[]
TX,687.026233539,290291.287857769,4642852.89820938,1.2,884,11,3,257-10,[]
TX,687.162253209,290709.489889895,4641291.742547657,1.2,1572,7,3,70-26,[]
TX,687.194820772,289988.792942819,4641930.179872431,1.2,691,8,3,228-15,[]
TX,687.806085733,291563.858084665,4644731.076286628,1.2,3,12,3,103-15,[]
TX,687.899469789,289823.699858267,4641207.550530671,1.2,724,7,3,233-19,"[['RX_GW', 688.014464361, 724, 7, 3, 868.1, -105.853104236, '00:00:00:00:00:02']]"
TX,688.054403622,292733.987906798,4641853.191595986,1.2,1143,12,3,315-25,[]
TX,688.419844009,289171.102114124,4641982.009501487,1.2,1598,9,3,79-26,[]
TX,688.764048523,290348.993601933,4641825.715193424,1.2,1676,7,3,88-30,[]
TX,689.217163917,291472.709691459,4642248.033886927,1.2,1664,12,3,87-18,[]
TX,689.249333239,291857.872393793,4642547.683796329,1.2,1353,12,3,362-23,[]
TX,689.676435535,289934.596718197,4645867.355768844,1.2,1515,12,3,59-1,[]
TX,689.84312888,293959.823062822,4639367.894757715,1.2,156,12,3,135-21,[]
TX,689.864529103,290487.345043369,4640626.710501007,1.2,1651,7,3,85-18,[]
TX,689.934230887,291105.697814219,4643097.475764778,1.2,356,12,3,187-16,[]
TX,690.227296527,292712.393687133,4636373.182549706,1.2,1370,12,3,365-18,[]
TX,690.645517596,282994.908997739,4640410.654040196,1.2,670,12,3,224-8,[]
TX,690.867830936,291755.546692843,4642832.799783892,1.2,1137,12,3,315-12,[]
TX,691.228918492,289534.539919686,4641793.543933661,1.2,1399,7,3,369-27,[]
TX,691.26615024,288544.634673209,4638776.046547049,1.2,825,12,3,243-25,[]
TX,691.38729931,290680.501784033,4641307.503964668,1.2,930,7,3,260-25,[]
TX,691.582130277,294086.66039178,4641590.274283082,1.2,581,10,3,212-28,"[['RX_GW', 692.241641206, 581, 10, 3, 868.1, -132.836473466, '00:00:00:00:00:04']]"
TX,691.845788667,290582.993869598,4642345.908637411,1.2,420,11,3,195-27,[]
TX,691.884327017,290476.668530546,4641395.760770509,1.2,673,7,3,225-19,[]
TX,692.118034874,289953.467364631,4637940.291217605,1.2,415,12,3,194-30,[]
TX,692.196143291,288187.482927562,4643627.552405959,1.2,624,12,3,220-4,[]
TX,693.184419363,292242.700119174,4641920.694803614,1.2,252,12,3,157-15,[]
TX,693.206007648,290355.540520188,4643236.60667945,1.2,924,12,3,260-11,[]
TX,693.288915557,270922.537784163,4644419.900473066,1.2,1174,12,3,322-27,[]
TX,693.373239186,284731.554665374,4630160.286054321,1.2,339,12,3,184-20,[]
TX,693.509756613,292169.049008182,4638919.160250095,1.2,643,12,3,223-2,[]
TX,693.853466888,290690.890278396,4641305.585612685,1.2,1530,7,3,61-10,[]
TX,693.859817353,291186.901085741,4641287.615046416,1.2,1601,8,3,79-29,[]
TX,693.886680245,292154.076905008,4642156.789182122,1.2,481,12,3,2-6,[]
TX,694.537104714,285823.843503389,4641082.583330716,1.2,142,12,3,132-7,[]
TX,694.712307694,292325.167749388,4642120.277214815,1.2,839,12,3,246-4,[]
TX,694.909399003,293159.690654885,4640600.357754916,1.2,1443,12,3,41-17,[]
TX,695.068758219,290035.933938497,4645851.49290313,1.2,1665,12,3,87-19,[]
TX,695.69513592,284485.126956732,4633004.837566325,1.2,373,12,3,191-19,[]
TX,695.711002422,292652.86829445,4641811.011806848,1.2,1332,12,3,361-1,[]
TX,695.869394106,295082.723961459,4633535.337557241,1.2,858,12,3,249-1,[]
TX,695.906197756,290207.480847386,4646793.445130708,1.2,409,12,3,193-4,[]
TX,695.938883132,291636.802317944,4642833.742838924,1.2,1330,12,3,360-29,[]
TX,695.940152954,291828.263145265,4642555.920554901,1.2,935,12,3,262-18,[]
TX,696.145686025,290475.584497641,4637358.905053568,1.2,1663,12,3,87-17,[]
TX,696.468218637,295131.793500455,4642721.497804213,1.2,1466,8,3,44-18,"[['RX_GW', 696.675632022, 1466, 8, 3, 868.1, -126.471753641, '00:00:00:00:00:04']]"
TX,696.497669115,292381.672973274,4641789.500007976,1.2,328,12,3,178-26,[]
TX,696.548447204,291832.296134669,4642548.079493831,1.2,1052,12,3,295-14,[]
TX,696.845982815,292174.166192544,4643169.974279718,1.2,480,12,3,2-5,[]
TX,697.205863463,288464.813693324,4641424.667903187,1.2,1668,9,3,87-21,[]
TX,697.593099532,291150.47802841,4641348.199185885,1.2,993,8,3,28-21,[]
TX,697.64785601,290146.938913704,4640099.53991088,1.2,1476,7,3,48-17,[]
TX,697.898204963,290089.980461885,4640919.136865634,1.2,1010,7,3,288-11,[]
TX,697.976372405,290258.713842419,4641990.245145316,1.2,1413,8,3,37-25,[]
TX,698.374381824,290080.749273653,4641528.34283474,1.2,1503,7,3,58-12,[]
TX,698.453784684,290107.539671257,4640895.833961422,1.2,1762,7,3,99-26,[]
TX,698.487391884,273669.626857743,4630634.459865694,1.2,421,12,3,195-9,[]
TX,698.782076142,291874.25927918,4642842.927801231,1.2,150,12,3,135-16,[]
TX,698.812680213,290832.174022351,4643154.179652552,1.2,11,12,3,104-23,[]
TX,698.87612431,291442.858833137,4642081.125899902,1.2,1283,12,3,352-16,[]
TX,698.978525107,292144.585976884,4640649.566065867,1.2,529,12,3,208-20,[]
TX,699.036737299,294742.882447222,4642971.053734084,1.2,1091,10,3,3-5,"[['RX_GW', 699.696248115, 1091, 10, 3, 868.1, -132.726176533, '00:00:00:00:00:04']]"
TX,699.265491629,292958.898896559,4644346.065236373,1.2,757,12,3,235-3,[]
TX,699.605811678,290458.725011748,4641740.090767957,1.2,1699,8,3,89-8,"[['RX_GW', 699.813224424, 1699, 8, 3, 868.1, -124.852340113, '00:00:00:00:00:02']]"
TX,699.933896388,290674.908391796,4641308.529656438,1.2,201,7,3,143-7,"[['RX_GW', 700.048892632, 201, 7, 3, 868.1, -118.638853486, '00:00:00:00:00:02']]"
TX,700.08261353,297578.502550436,4643635.52124068,1.2,179,12,3,14-13,[]
TX,700.755275097,289625.001265175,4643160.862480112,1.2,946,12,3,266-17,[]
TX,700.875478191,294835.283020314,4644910.0518228,1.2,723,12,3,233-18,[]
TX,701.260143774,291229.366331876,4642271.659658085,1.2,841,12,3,246-6,[]
TX,701.408014528,271909.846482332,4630611.810495732,1.2,429,12,3,196-21,[]
TX,701.413760714,292038.096356731,4641774.188975303,1.2,564,12,3,21-6,[]
TX,701.495948282,292551.500018866,4642934.9456943,1.2,1273,12,3,351-25,[]
TX,701.834299159,291121.774260551,4642464.957845891,1.2,508,11,3,203-22,[]
TX,702.202200507,291504.77858374,4643021.97449209,1.2,764,12,3,236-18,[]
TX,702.343454363,290097.730166396,4641507.681271173,1.2,540,7,3,208-7,[]
TX,702.414313076,292518.893274235,4643818.951713353,1.2,1482,12,3,49-22,[]
TX,702.447195898,290858.289466953,4642306.606587705,1.2,1758,10,3,99-1,[]
TX,702.839400313,293843.559075034,4640193.690909953,1.2,1279,12,3,352-11,[]
TX,702.924510165,281912.872072332,4632787.187881094,1.2,506,12,3,203-20,[]
TX,703.045411823,290137.715534142,4641381.968137686,1.2,159,7,3,135-26,[]
TX,703.053445271,292526.439837374,4642904.778362881,1.2,1755,12,3,96-15,[]
TX,703.082050957,291070.231958715,4644041.86789283,1.2,1303,12,3,356-21,[]
TX,703.097691413,290791.458936081,4644286.231670901,1.2,552,12,3,21-16,[]
TX,703.098125606,291019.257781527,4641759.80899177,1.2,95,8,3,12-15,[]
TX,703.387980683,271650.530102138,4630647.698631669,1.2,1262,12,3,347-21,[]
TX,703.395015182,290365.670958662,4641831.064202915,1.2,456,7,3,199-3,[]
TX,703.449480428,290533.756866849,4641263.17359458,1.2,1289,7,3,352-21,[]
TX,703.578275102,301571.452633873,4635097.347924621,1.2,1095,12,3,300-19,[]
TX,703.616980207,294073.991334703,4639236.405666476,1.2,1115,12,3,308-7,[]
TX,703.716354295,290367.140907762,4639161.293128802,1.2,627,12,3,220-7,[]
TX,703.781656871,290930.359839781,4641308.112223365,1.2,14,7,3,104-26,[]
TX,703.838970978,299763.668063112,4630298.78602514,1.2,911,12,3,259-13,[]
TX,704.013797197,290085.719533165,4640915.000015815,1.2,136,7,3,132-20,[]
TX,704.147269721,289364.085709122,4640511.111937642,1.2,498,7,3,202-4,[]
TX,704.240730125,273684.165280315,4630706.95753322,1.2,1759,12,3,99-23,[]
TX,704.395641785,291833.751374533,4641585.505577843,1.2,151,11,3,135-17,[]
TX,704.537134749,289813.678849715,4642394.305397243,1.2,55,10,3,113-19,[]
TX,704.671936839,287581.023905238,4641414.867732562,1.2,1068,12,3,297-25,[]
TX,704.674115656,303278.896587249,4632978.994799774,1.2,1178,12,3,324-19,[]
TX,704.73667498,290472.999880627,4640625.106103331,1.2,1059,7,3,295-8,[]
TX,705.244092722,293119.909832715,4642319.415470855,1.2,1437,12,3,40-30,[]
TX,705.459756972,292833.962021459,4641924.46731739,1.2,336,12,3,183-9,[]
TX,705.48055265,290560.057088986,4641026.857002548,1.2,1162,7,3,321-26,[]
TX,705.597134717,290501.928101845,4640665.925660923,1.2,732,7,3,234-14,[]
TX,706.023812205,290991.339798949,4642047.438440759,1.2,1079,10,3,298-15,[]
TX,706.314965756,271636.971077099,4630632.413200523,1.2,1404,12,3,37-12,[]
TX,706.349086008,288789.292483367,4642807.076610619,1.2,1475,12,3,48-16,[]
TX,706.61125457,290691.162717245,4641308.299346266,1.2,675,7,3,225-20,[]
TX,706.657466299,291728.016400682,4642767.722597347,1.2,318,12,3,178-1,[]
TX,706.670393834,290670.759985259,4641308.226458494,1.2,851,7,3,248-24,[]
TX,706.705895789,290478.988386592,4640629.239231187,1.2,1238,7,3,343-19,[]
TX,706.978604235,291222.084801688,4642288.14606331,1.2,976,12,3,273-15,[]
TX,707.324913704,295030.056773565,4642885.46864147,1.2,553,9,3,21-17,"[['RX_GW', 707.696679742, 553, 9, 3, 868.1, -127.288484983, '00:00:00:00:00:04']]"
TX,707.701672296,290528.798521628,4646811.629615364,1.2,453,12,3,198-6,[]
TX,707.936963097,296378.850230633,4650038.457225865,1.2,511,12,3,203-4,[]
TX,708.045823668,291061.116468669,4644048.440548792,1.2,1103,12,3,301-30,[]
TX,708.244136794,290276.463670589,4640902.996146644,1.2,1662,7,3,85-8,[]
TX,708.555759917,291851.251235792,4644143.258196943,1.2,225,12,3,156-12,[]
TX,708.668149739,290566.575289496,4641008.288352892,1.2,115,7,3,127-13,[]
TX,708.711083467,289918.439296477,4642869.25787805,1.2,196,12,3,143-22,[]
TX,708.716408733,290874.004938069,4642270.216385786,1.2,1650,10,3,85-17,[]
TX,708.759886938,289968.205027987,4637904.251024217,1.2,1102,12,3,301-3,[]
TX,709.097389812,271570.027806286,4630618.833388915,1.2,1260,12,3,347-19,[]
TX,709.33383676,286915.126337205,4641603.662135091,1.2,1164,12,3,321-28,[]
TX,709.531861931,290928.025849178,4642101.201561726,1.2,549,11,3,209-6,"[['RX_GW', 711.012620579, 549, 11, 3, 868.1, -133.648792851, '00:00:00:00:00:02']]"
TX,709.552920154,292845.352240713,4641909.539199938,1.2,1101,12,3,300-9,[]
TX,709.708685904,294425.921092963,4644538.11216545,1.2,499,12,3,202-5,[]
TX,709.898694921,290354.213179711,4643799.3227237,1.2,1117,12,3,308-9,[]
TX,709.92940851,290951.99365424,4640729.523582882,1.2,1495,7,3,53-27,[]
TX,710.297749757,292701.156586408,4641817.678333976,1.2,1176,12,3,322-29,[]
TX,710.405733686,290065.16021733,4641538.428879839,1.2,442,7,3,197-1,[]
TX,710.456491656,290355.481545152,4641801.878037686,1.2,17,7,3,104-29,[]
TX,710.56738281,289451.894379122,4643126.228698445,1.2,361,12,3,188-25,[]
TX,710.59075211,291418.096636603,4638514.352248779,1.2,957,12,3,266-6,[]
TX,710.604494302,299231.110318531,4639003.443104842,1.2,1132,12,3,311-24,[]
TX,711.068456937,290098.617345904,4640895.167410169,1.2,47,7,3,111-6,"[['RX_GW', 711.183450918, 47, 7, 3, 868.1, -84.884690859, '00:00:00:00:00:02']]"
TX,711.653287408,290833.615045141,4644921.579077133,1.2,1381,12,3,365-30,[]
TX,711.726177923,294061.972473702,4641646.404062342,1.2,788,11,3,240-18,[]
TX,711.807089192,290870.336456941,4642270.094307694,1.2,458,10,3,199-8,[]
TX,711.851057806,290081.698079371,4641498.102155139,1.2,832,7,3,245-22,[]
TX,712.092599892,280202.484372171,4632613.707050539,1.2,167,12,3,135-6,[]
TX,712.278669041,290075.291274471,4640003.489895221,1.2,122,7,3,129-2,[]
TX,712.403788576,290075.201023838,4640924.411549881,1.2,1624,7,3,81-16,[]
TX,712.553988653,290291.084607468,4641366.048606962,1.2,537,7,3,208-28,"[['RX_GW', 712.66898404, 537, 7, 3, 868.1, -111.252502762, '00:00:00:00:00:02']]"
TX,712.583124645,290060.142212296,4642389.565948715,1.2,1028,8,3,29-22,[]
TX,712.656964594,292936.83243357,4641518.824881476,1.2,1274,12,3,351-26,[]
TX,712.948406081,292539.829141899,4641872.690591677,1.2,1130,12,3,311-14,[]
TX,712.981040852,292677.492129171,4641805.778217563,1.2,65,12,3,113-7,[]
TX,713.5351325,295130.607755388,4642717.859177784,1.2,1313,8,3,357-24,[]
TX,713.665252084,284952.613044451,4642826.85541626,1.2,1177,12,3,324-17,[]
TX,713.722134579,291624.56231996,4644627.507967849,1.2,1152,12,3,317-29,[]
TX,714.065873489,293867.986961307,4644252.919146407,1.2,1054,12,3,295-21,[]
TX,715.038213953,291619.550763477,4642101.80202176,1.2,1527,11,3,59-29,[]
TX,715.128552838,261573.866926388,4646078.720842904,1.2,601,12,3,215-19,[]
TX,715.448068879,291811.939722553,4642550.438880239,1.2,1445,12,3,41-19,[]
TX,715.528616285,296803.084933543,4641703.954059651,1.2,1709,7,3,90-23,"[['RX_GW', 715.643613437, 1709, 7, 3, 868.1, -122.785667287, '00:00:00:00:00:04']]"
TX,715.596613586,290505.136433233,4640917.324936994,1.2,772,7,3,236-6,"[['RX_GW', 715.71160892, 772, 7, 3, 868.1, -109.72879859, '00:00:00:00:00:02']]"
TX,715.62551192,291730.914617858,4642697.43409795,1.2,1159,12,3,321-23,[]
TX,715.657750948,292595.463536974,4642879.488757319,1.2,888,12,3,257-17,[]
TX,715.68587647,294389.099493162,4645739.866590591,1.2,1562,12,3,7-23,[]
TX,715.948246436,293440.510989605,4640914.97135321,1.2,263,12,3,167-26,[]
TX,716.098147559,288685.045765883,4639368.080106835,1.2,22,10,3,105-12,"[['RX_GW', 716.75765973, 22, 10, 3, 868.1, -131.795531184, '00:00:00:00:00:02']]"
TX,716.188167236,289516.695223009,4637542.686451895,1.2,1100,12,3,300-8,[]
TX,716.355955056,292503.996700509,4643040.246984188,1.2,1521,12,3,59-23,[]
TX,716.54692752,292596.429539534,4643826.861258447,1.2,1428,12,3,4-5,[]
TX,716.674562342,295986.184534726,4641247.25756765,1.2,587,7,3,212-9,[]
TX,716.708052797,290484.84071535,4640623.782322283,1.2,386,7,3,191-7,[]
TX,717.079900615,292071.932959324,4640506.965690744,1.2,734,11,3,234-23,[]
TX,717.121769858,292100.89899319,4640615.658266736,1.2,1705,12,3,90-18,[]
TX,717.205351915,289590.215870791,4652558.752493417,1.2,769,12,3,236-25,[]
TX,717.2978928,291226.180372372,4642255.874458876,1.2,1075,11,3,298-10,[]
TX,717.53798014,291768.548966549,4642794.767144024,1.2,917,12,3,259-26,[]
TX,717.543556371,300099.077371486,4641932.142718513,1.2,1485,12,3,53-10,[]
TX,718.024537824,290976.047856273,4640752.240981955,1.2,271,7,3,169-21,[]
TX,718.1652573,294348.416303859,4639004.112127922,1.2,1373,12,3,365-20,[]
TX,718.170340182,292180.133572287,4642148.777282544,1.2,827,12,3,243-29,[]
TX,718.491043963,291123.593975973,4642472.988768361,1.2,1490,11,3,53-15,[]
TX,718.895789966,291843.939763166,4642518.717584874,1.2,1346,12,3,362-1,[]
TX,719.309287346,287530.121414511,4640942.521536244,1.2,970,12,3,273-1,[]
TX,719.481644528,293118.397266733,4643531.125708424,1.2,396,12,3,193-13,[]
TX,719.483716587,289193.896765371,4643501.523700994,1.2,1435,12,3,40-20,[]
TX,719.575576162,291251.385216644,4644887.38242621,1.2,1340,12,3,361-24,[]
TX,720.028495577,292541.504357877,4641963.946353457,1.2,864,12,3,250-14,[]
TX,720.398049015,291259.346059452,4642253.601829589,1.2,126,12,3,129-7,[]
TX,720.449655783,292234.067529132,4638852.620981958,1.2,1678,12,3,89-10,[]
TX,720.601287288,290536.988140045,4639823.773204296,1.2,669,8,3,224-7,[]
TX,720.648237012,290832.066893018,4635531.953346333,1.2,1510,12,3,58-26,[]
TX,720.825081189,291951.109844039,4639722.882596529,1.2,439,12,3,196-5,[]
TX,720.944754398,290987.588059203,4641333.025122491,1.2,517,7,3,205-22,[]
TX,720.978315314,290481.801612627,4640620.884223485,1.2,368,7,3,191-12,[]
TX,721.018627386,291249.380772027,4641985.796394124,1.2,933,11,3,260-28,[]
TX,721.108558903,291239.332860544,4642280.330701571,1.2,1108,10,3,301-8,[]
TX,721.336400346,295180.332276324,4646194.461495503,1.2,596,12,3,214-25,[]
TX,721.51295172,294163.246688844,4642912.69419063,1.2,1483,10,3,49-23,[]
TX,721.532763302,291604.962431151,4642109.946399081,1.2,125,11,3,129-6,[]
TX,721.631758179,290561.990401901,4642277.934450868,1.2,1513,10,3,58-29,[]
TX,721.697679671,292076.150042016,4644248.293862172,1.2,902,12,3,257-5,[]
TX,721.698972152,290312.284310316,4641316.088997016,1.2,145,7,3,135-11,[]
TX,721.759764864,290366.612267642,4641798.570995006,1.2,1508,7,3,58-24,[]
TX,721.763137329,287986.186013847,4641826.152575601,1.2,698,12,3,228-28,[]
TX,721.842531275,292589.867187716,4641495.136667926,1.2,1421,12,3,370-15,[]
TX,722.116033099,291748.907963975,4639618.774428281,1.2,1033,12,3,290-13,[]
TX,722.268612757,292705.336777305,4641795.393249454,1.2,1345,12,3,361-9,[]
TX,722.308681086,291888.98669099,4642567.098529538,1.2,102,12,3,121-15,[]
TX,722.32460114,287562.5645004,4649605.200151218,1.2,1232,12,3,343-11,[]
TX,722.48737124,289187.483357124,4643494.886979225,1.2,1383,12,3,365-5,[]
TX,722.768826269,295131.324678759,4642740.323268955,1.2,1264,8,3,348-10,[]
TX,723.016340311,292783.966707347,4638946.47467458,1.2,919,12,3,259-28,[]
TX,723.145921408,289963.427184593,4644136.113899116,1.2,83,12,3,119-3,[]
TX,723.41589247,289138.641506091,4641945.723036112,1.2,535,8,3,208-26,"[['RX_GW', 723.623306363, 535, 8, 3, 868.1, -126.905518407, '00:00:00:00:00:02']]"
TX,723.832528574,290471.359710585,4640625.50508883,1.2,672,7,3,225-18,"[['RX_GW', 723.947524036, 672, 7, 3, 868.1, -111.697781397, '00:00:00:00:00:02']]"
TX,723.844063789,289277.635918052,4642056.134252295,1.2,1595,9,3,79-23,[]
TX,723.978981583,290043.724991717,4640964.13633639,1.2,1561,7,3,7-15,"[['RX_GW', 724.09397543, 1561, 7, 3, 868.1, -81.847442906, '00:00:00:00:00:02']]"
TX,724.02341578,290118.012758825,4640874.858797467,1.2,1368,7,3,365-16,[]
TX,724.068746395,291070.850595351,4641080.791401775,1.2,175,7,3,139-8,[]
TX,724.371177537,290367.836113621,4641803.345743978,1.2,718,7,3,232-27,"[['RX_GW', 724.486174316, 718, 7, 3, 868.1, -122.409696552, '00:00:00:00:00:02']]"
TX,725.025493548,289794.461528506,4638757.353831871,1.2,1226,12,3,342-14,[]
TX,725.143635959,292075.946391678,4640521.35572401,1.2,598,12,3,214-27,[]
TX,725.81722167,290621.97291711,4639817.177685023,1.2,1213,9,3,341-14,[]
TX,725.942390749,290084.118860506,4640914.504309371,1.2,739,7,3,234-29,[]
TX,726.245493533,286582.079050394,4641758.849902261,1.2,316,12,3,176-7,[]
TX,726.353291242,290079.594944028,4641516.936521171,1.2,1633,7,3,81-4,[]
TX,726.564222695,290377.124423171,4642049.131015772,1.2,1684,8,3,89-18,[]
TX,727.186651651,290271.226441875,4642027.575774548,1.2,544,8,3,209-18,[]
TX,727.241544981,290408.776637163,4643864.849093459,1.2,304,12,3,174-23,[]
TX,727.42309188,290852.341764237,4642273.610071292,1.2,1214,10,3,341-15,[]
TX,727.586112682,291420.511593544,4641312.462444998,1.2,1250,10,3,344-11,[]
TX,727.94210594,291842.158476466,4641929.922692778,1.2,307,12,3,174-26,[]
TX,728.178511451,290060.005279816,4642394.671336762,1.2,78,8,3,115-6,[]
TX,728.204710378,288292.287920652,4644150.385670024,1.2,1077,12,3,298-13,[]
TX,728.393637219,291176.494338303,4641962.278763444,1.2,222,10,3,155-15,[]
TX,728.566285289,293006.285251285,4643280.582117024,1.2,1756,12,3,96-2,[]
TX,728.616504726,291408.393123203,4641384.528966386,1.2,1534,11,3,61-14,[]
TX,728.643442446,293380.968182488,4640046.156741054,1.2,562,12,3,21-4,[]
TX,728.772994637,292543.503797519,4643842.567950866,1.2,702,12,3,228-7,[]
TX,729.139791337,291764.668495034,4641033.553320838,1.2,898,10,3,257-27,[]
TX,729.171443243,290763.691578397,4640955.734458144,1.2,886,7,3,257-12,[]
TX,729.276890691,290277.269997831,4646535.546994932,1.2,433,12,3,196-25,[]
TX,729.409404435,290336.437512653,4636131.316689133,1.2,1090,12,3,3-4,[]
TX,729.587118605,284713.635844859,4630156.685794314,1.2,342,12,3,184-6,[]
TX,729.776125507,290906.023882225,4641182.570188376,1.2,374,7,3,191-20,[]
TX,729.843338981,290054.130094113,4641535.893635166,1.2,359,7,3,188-23,[]
TX,730.027252952,291621.367484816,4641418.197852504,1.2,926,10,3,260-13,[]
TX,730.291603857,289843.709922101,4643074.633107929,1.2,1012,12,3,288-13,[]
TX,730.2997974,290570.977927609,4641800.354745059,1.2,1524,7,3,59-26,[]
TX,730.499800119,293365.12420757,4639047.813121455,1.2,319,12,3,178-10,[]
TX,730.519753291,290796.002727429,4640932.298899934,1.2,687,7,3,228-11,[]
TX,730.52417479,282195.303312093,4632812.457931017,1.2,862,12,3,250-12,[]
TX,730.747924987,291187.042848927,4641321.672552263,1.2,1645,8,3,83-27,"[['RX_GW', 730.95533883, 1645, 8, 3, 868.1, -125.415449743, '00:00:00:00:00:02']]"
TX,730.951933725,291945.383403741,4644193.244412268,1.2,1015,12,3,288-23,[]
TX,731.128171182,290360.895048194,4641830.406826692,1.2,1738,7,3,94-25,[]
TX,731.156595729,290058.465572448,4640945.867257326,1.2,267,7,3,169-16,[]
TX,731.272371328,291109.007800519,4641367.777780083,1.2,335,9,3,183-8,"[['RX_GW', 731.644136989, 335, 9, 3, 868.1, -127.844098234, '00:00:00:00:00:02']]"
TX,731.440003622,290961.312960141,4642624.336102501,1.2,1083,12,3,298-26,[]
TX,731.46919725,292708.88689257,4641824.201310669,1.2,1257,12,3,347-16,[]
TX,731.578663338,297587.347345537,4643640.084909319,1.2,181,12,3,14-24,[]
TX,731.606616992,289418.647360495,4635406.992146094,1.2,794,12,3,241-17,[]
TX,731.630348762,290965.223347983,4640765.765345017,1.2,277,7,3,169-7,[]
TX,731.732964079,290487.389429742,4641381.296356316,1.2,101,7,3,121-14,"[['RX_GW', 731.847959949, 101, 7, 3, 868.1, -118.042738408, '00:00:00:00:00:02']]"
TX,731.852450574,289990.143920393,4646324.914819428,1.2,105,12,3,122-13,[]
TX,731.947909103,293034.309519753,4642566.355787078,1.2,477,12,3,2-3,[]
TX,732.216123567,294847.617384765,4640470.182130983,1.2,1641,9,3,83-15,[]
TX,732.230525289,290658.820019552,4640930.243230583,1.2,18,7,3,104-9,"[['RX_GW', 732.345521137, 18, 7, 3, 868.1, -115.361152695, '00:00:00:00:00:02']]"
TX,732.407629131,292728.439510096,4641847.567731664,1.2,1363,12,3,365-11,[]
TX,732.508281893,288983.289180016,4642517.236111994,1.2,1550,11,3,68-10,[]
TX,733.382447912,291037.270762941,4641931.464428764,1.2,1691,9,3,89-26,[]
TX,733.641582169,291080.216261868,4641587.670664063,1.2,1109,10,3,301-9,[]
TX,733.840839131,273715.148761909,4630639.711096265,1.2,651,12,3,224-11,[]
TX,734.179380562,290648.92539717,4641166.91879332,1.2,118,7,3,127-27,[]
TX,734.345302771,271611.353039297,4630628.680107445,1.2,659,12,3,224-21,[]
TX,734.409699511,291076.169403659,4641547.525148265,1.2,1056,10,3,295-23,[]
TX,734.798790462,289681.414884084,4641893.07960006,1.2,1722,7,3,92-2,[]
TX,734.842673089,291117.15091598,4642464.215889567,1.2,1537,11,3,62-16,[]
TX,735.120752119,291704.231880206,4642150.601260046,1.2,707,11,3,232-1,[]
TX,735.125086955,289675.421247829,4638812.573734866,1.2,96,12,3,12-9,[]
TX,735.493753855,290373.824627576,4641802.93294698,1.2,97,7,3,121-10,[]
TX,735.519406492,291042.268352884,4640478.352112646,1.2,103,8,3,121-9,[]
TX,735.653675004,292553.564503216,4641329.074149577,1.2,1708,12,3,90-22,[]
TX,735.683404543,297409.44737901,4640802.655404368,1.2,317,12,3,176-8,[]
TX,736.199264818,299804.165453261,4630159.640306999,1.2,918,12,3,259-27,[]
TX,736.452946695,271464.092333501,4630554.570359223,1.2,1193,12,3,328-9,[]
TX,736.678602696,290362.06165005,4641443.905951014,1.2,542,7,3,208-9,"[['RX_GW', 736.793598433, 542, 7, 3, 868.1, -115.179227955, '00:00:00:00:00:02']]"
TX,736.722236942,286332.926615534,4641701.700571554,1.2,522,12,3,208-11,[]
TX,736.730531757,291456.34141045,4638078.340726745,1.2,1150,12,3,316-28,[]
TX,736.737658627,292702.399152975,4641138.845494139,1.2,626,12,3,220-6,[]
TX,737.045035959,291413.277468486,4641343.451344071,1.2,972,10,3,273-11,"[['RX_GW', 737.704546563, 972, 10, 3, 868.1, -132.983028493, '00:00:00:00:00:02']]"
TX,737.314161488,288735.703243251,4641761.43616535,1.2,525,11,3,208-14,[]
TX,737.561559164,291466.181355783,4642050.312191746,1.2,1064,12,3,297-13,[]
TX,737.602843802,288858.578947278,4637837.539793937,1.2,1183,12,3,324-8,[]
TX,737.740738667,299773.15425154,4630302.815124645,1.2,916,12,3,259-25,[]
TX,737.834724367,291636.001065727,4644642.808066298,1.2,239,12,3,156-28,[]
TX,738.38679914,283956.866854706,4643133.624880831,1.2,1747,12,3,94-6,[]
TX,739.271829986,294391.385941275,4604815.911818226,1.2,1186,12,3,325-6,[]
TX,739.349330645,294389.625616424,4636762.416223291,1.2,908,12,3,259-10,[]
TX,739.5867506,290404.727661437,4643002.498735259,1.2,1333,12,3,361-10,[]
TX,739.616087104,288459.723208207,4642423.418221045,1.2,491,12,3,200-4,[]
TX,739.688069875,290590.178464082,4642301.684730817,1.2,819,10,3,243-1,[]
TX,739.787140245,292414.786565998,4641761.49462612,1.2,1220,12,3,341-28,[]
TX,739.870482124,291239.587033787,4641291.869970168,1.2,262,9,3,167-25,[]
TX,740.068751806,290522.392862997,4642081.125930721,1.2,1630,10,3,81-21,[]
TX,740.179322129,293080.167868045,4644120.00431165,1.2,1431,12,3,40-17,[]
TX,740.28537874,298034.073229745,4639336.755742617,1.2,212,12,3,154-19,[]
TX,740.411645055,288291.957344982,4642175.463773649,1.2,1487,12,3,53-12,[]
TX,740.632557818,289008.419692418,4636559.912148767,1.2,528,12,3,208-19,[]
TX,740.818292475,291711.110724964,4641302.199043931,1.2,1112,11,3,308-4,[]
TX,740.86717769,290253.992494361,4642069.724026777,1.2,68,7,3,115-17,[]
TX,741.074605088,289814.888233222,4642395.777964048,1.2,1084,10,3,298-27,[]
TX,741.508133268,290156.743913097,4635333.166890067,1.2,1136,12,3,315-11,[]
TX,741.623470871,255589.907680279,4652261.466649564,1.2,1588,12,3,79-1,[]
TX,742.091887735,290753.387181208,4642869.287854141,1.2,1655,12,3,85-22,[]
TX,742.120626405,290483.400890534,4640629.583582385,1.2,589,7,3,213-15,[]
TX,742.125219104,297567.462730442,4643638.399020311,1.2,187,12,3,14-9,[]
TX,742.593559693,289143.298412482,4641093.896457989,1.2,685,7,3,228-1,"[['RX_GW', 742.708555947, 685, 7, 3, 868.1, -121.544572847, '00:00:00:00:00:02']]"
TX,742.746109388,291795.061871678,4642550.69299421,1.2,1285,12,3,352-18,[]
TX,742.885448885,291107.592638343,4642472.267433624,1.2,32,12,3,105-9,[]
TX,743.020461637,292709.180837205,4642093.833475008,1.2,465,12,3,2-16,[]
TX,743.333909208,293323.908273886,4640161.383151664,1.2,1715,12,3,90-6,[]
TX,743.684909229,290275.480860788,4641284.620431126,1.2,1412,7,3,37-23,[]
TX,744.090471163,291911.223323412,4642879.546219059,1.2,1634,12,3,81-5,[]
TX,744.2403485,290672.898595231,4641313.777785799,1.2,855,7,3,248-28,[]
TX,744.428349711,293265.787451001,4639499.737551895,1.2,1069,12,3,297-26,[]
TX,744.586668276,290211.378980223,4641240.894404011,1.2,1223,7,3,342-1,[]
TX,744.610829253,294212.447459143,4642770.314690189,1.2,488,12,3,200-21,[]
TX,744.905620827,292901.274419548,4642224.595789272,1.2,1544,12,3,62-6,[]
TX,745.06276454,291199.534466191,4643538.036447058,1.2,1334,12,3,361-11,[]
TX,745.138797156,293919.030760389,4640886.486762889,1.2,236,12,3,156-25,[]
TX,745.379788292,290096.044132348,4641289.902868231,1.2,738,7,3,234-27,"[['RX_GW', 745.494783139, 738, 7, 3, 868.1, -107.221370962, '00:00:00:00:00:02']]"
TX,745.527777058,291574.548003165,4640956.964761265,1.2,1276,11,3,351-28,[]
TX,745.537674407,292696.022400696,4641801.046929334,1.2,1723,12,3,92-29,[]
TX,745.544609605,290778.801824247,4641304.862251145,1.2,1519,7,3,59-14,[]
TX,745.830357035,289663.991897836,4642192.730392887,1.2,937,7,3,262-20,[]
TX,745.973551897,291217.61753774,4642268.836318186,1.2,1066,10,3,297-15,[]
TX,746.101713092,291927.947937057,4644148.718308345,1.2,742,12,3,235-11,[]
TX,746.351128496,291698.84381499,4642122.948420944,1.2,243,11,3,156-6,[]
TX,746.556803143,292707.218421961,4641836.899002796,1.2,1126,12,3,311-10,[]
TX,746.563685097,290741.016901823,4642997.40059272,1.2,1202,12,3,336-16,[]
TX,746.605925219,291490.994602018,4642691.267125258,1.2,1529,12,3,61-1,[]
TX,747.11676725,293228.176337357,4642657.386418787,1.2,417,12,3,195-13,[]
TX,748.332137642,299759.950599181,4630032.208033273,1.2,915,12,3,259-24,[]
TX,748.897172874,292653.424941323,4641665.206810144,1.2,505,12,3,203-2,[]
TX,748.989073034,290761.073123179,4642848.209475044,1.2,343,12,3,184-8,[]
TX,749.190453688,291628.394767986,4644622.097273479,1.2,438,12,3,196-4,[]
TX,749.218453683,287724.758571247,4641676.490354499,1.2,1450,12,3,42-17,[]
TX,749.246692009,294168.251739776,4644281.826827752,1.2,808,12,3,242-17,[]
TX,749.362073351,292057.741302478,4641769.485745237,1.2,974,12,3,273-13,[]
TX,749.513444771,289573.901190133,4642018.330647714,1.2,683,9,3,225-7,[]
TX,749.638742037,290528.249007682,4643254.939833768,1.2,1492,12,3,53-24,[]
TX,749.908154922,295149.950155066,4642699.952546245,1.2,1606,8,3,8-24,[]
TX,749.952150604,292918.900451131,4640404.963922667,1.2,1442,12,3,41-16,[]
TX,750.184671055,290566.23355089,4637458.898557866,1.2,100,12,3,121-13,[]
TX,750.347868497,291206.757375267,4641980.156399371,1.2,713,10,3,232-15,[]
TX,750.392941882,290707.628137893,4641307.839458505,1.2,1013,7,3,288-14,[]
TX,751.095258288,290073.849574226,4640925.304111531,1.2,790,7,3,240-22,[]
TX,751.379156891,294186.877903969,4642999.630664358,1.2,879,12,3,253-20,[]
TX,751.531909146,290078.068826459,4637822.628013521,1.2,63,12,3,113-5,[]
TX,751.7922952,291711.733802197,4642771.842224696,1.2,224,12,3,156-11,[]
TX,751.910822175,291042.858195641,4641918.08309659,1.2,812,9,3,242-22,[]
TX,752.190601277,291429.397670948,4642062.602013316,1.2,463,12,3,2-14,[]
TX,752.72969564,288396.567645578,4642372.811079745,1.2,170,11,3,139-3,[]
TX,752.784810682,290683.314514644,4641291.032706566,1.2,1128,7,3,311-12,[]
TX,752.791202979,289715.226241778,4647162.876947364,1.2,117,12,3,127-15,[]
TX,752.925620817,287859.46984714,4638159.491143196,1.2,29,12,3,105-26,[]
TX,753.033592649,291178.916017964,4640448.536293521,1.2,1573,9,3,70-27,[]
TX,753.106207304,291442.956680167,4642284.356024431,1.2,1746,12,3,94-5,[]
TX,753.249326972,292100.777028181,4640660.026858381,1.2,1119,12,3,309-12,[]
TX,753.348223426,288549.111485691,4642863.420515564,1.2,1489,12,3,53-14,[]
TX,753.52916148,290211.358800147,4640738.875993353,1.2,901,7,3,257-4,[]
TX,753.888894445,287167.687280117,4641756.611100281,1.2,472,12,3,2-25,[]
TX,754.183338614,291391.667710032,4644239.06379054,1.2,462,12,3,2-13,[]
TX,754.304564099,290713.352645537,4642486.333721571,1.2,1622,12,3,80-29,[]
TX,755.338190184,292104.602857238,4642722.396638438,1.2,1446,12,3,41-20,[]
TX,755.379192271,288001.454401091,4643361.54343108,1.2,1565,12,3,7-27,[]
TX,755.794363839,290633.524252976,4641340.939681163,1.2,1146,7,3,315-28,[]
TX,755.877286486,290087.831283582,4640908.626811497,1.2,467,7,3,2-19,[]
TX,756.101014228,273678.562469544,4630680.30098179,1.2,1452,12,3,42-19,[]
TX,756.248241105,289979.205444891,4640227.513160486,1.2,728,7,3,234-1,[]
TX,756.560281625,292661.68412467,4642645.934068323,1.2,401,12,3,193-20,[]
TX,756.644118483,291521.47902959,4641308.332836299,1.2,155,10,3,135-20,[]
TX,756.766563968,292689.883728007,4640974.014778033,1.2,1011,12,3,288-12,[]
TX,756.830714744,297385.550583105,4641707.74504918,1.2,310,9,3,174-29,[]
TX,756.951061454,284764.730536804,4632664.677274172,1.2,1750,12,3,96-10,[]
TX,757.103918016,292358.489188416,4641503.186256388,1.2,497,12,3,202-3,[]
TX,757.108808932,292402.411964561,4641555.670057978,1.2,648,12,3,223-6,[]
TX,757.115713408,291108.27263736,4641077.794015367,1.2,270,7,3,169-2,[]
TX,757.165756004,287986.235749007,4642187.646500072,1.2,1181,12,3,324-5,[]
TX,757.355596386,291682.69003032,4642137.076779709,1.2,1648,11,3,83-9,[]
TX,757.693898335,291292.953824846,4642390.839368315,1.2,1138,11,3,315-13,[]
TX,758.212000986,293314.967047405,4644292.564316646,1.2,1049,12,3,295-11,[]
TX,758.366181775,274083.624311902,4630521.262680058,1.2,112,12,3,127-10,[]
TX,758.713502462,290078.54165093,4644523.840489401,1.2,1457,12,3,42-3,[]
TX,759.173995558,293842.440927303,4640803.339729159,1.2,16,12,3,104-28,[]
TX,759.360024878,291773.80458196,4642395.617194104,1.2,1156,12,3,321-13,[]
TX,759.479377292,291193.855447239,4641317.734642154,1.2,398,8,3,193-17,[]
TX,759.802430307,291216.919133257,4641302.971018786,1.2,641,8,3,222-7,"[['RX_GW', 760.009844225, 641, 8, 3, 868.1, -125.737898811, '00:00:00:00:00:02']]"
TX,759.805936236,290953.342203783,4642040.699403808,1.2,1362,10,3,365-10,[]
TX,759.918698508,289186.52823191,4642514.957830625,1.2,1288,12,3,352-20,[]
TX,760.051083413,273677.048212668,4630682.917347594,1.2,873,12,3,252-15,[]
TX,760.139136621,290360.963941585,4640367.409488195,1.2,232,7,3,156-21,"[['RX_GW', 760.254132373, 232, 7, 3, 868.1, -115.424298627, '00:00:00:00:00:02']]"
TX,760.385097898,291674.42179232,4642233.79870159,1.2,797,12,3,241-2,[]
TX,760.511458601,290082.84539779,4640925.116959774,1.2,91,7,3,12-11,[]
TX,760.55220119,289332.026408654,4632847.88936789,1.2,1416,12,3,37-5,[]
TX,760.664366432,294392.399262896,4643065.028024086,1.2,1145,12,3,315-27,[]
TX,760.914827345,297565.459652034,4643624.409449359,1.2,185,12,3,14-29,[]
TX,761.047875603,289656.921259643,4641747.662942225,1.2,1564,7,3,7-26,[]
TX,761.300323169,273237.798371865,4630007.99300526,1.2,604,12,3,22-2,[]
TX,761.314849606,292267.561894304,4641733.141565235,1.2,1236,12,3,343-15,[]
TX,761.505331793,290070.054293287,4640931.864986596,1.2,730,7,3,234-12,[]
TX,761.521836373,291185.74521169,4641310.327787872,1.2,153,8,3,135-19,[]
TX,761.802784618,292301.307888806,4642049.833102768,1.2,1301,12,3,356-19,[]
TX,761.875247519,288221.508744746,4643501.095555329,1.2,1599,12,3,79-27,[]
TX,761.905575363,291704.443433023,4642822.342482106,1.2,786,12,3,238-7,[]
TX,761.913804032,293124.133343858,4644553.088140188,1.2,778,12,3,238-19,[]
TX,761.938605598,291194.488518589,4641958.357697553,1.2,967,10,3,268-1,[]
TX,762.012527011,289216.171540557,4642518.572882093,1.2,966,12,3,267-22,[]
TX,762.210337223,291442.515159045,4642030.207898146,1.2,1623,11,3,80-9,[]
TX,762.937760549,287560.923548107,4634293.32984513,1.2,1017,12,3,288-26,[]
TX,763.253828549,290382.019770598,4644051.184904307,1.2,107,12,3,122-26,[]
TX,763.528805875,291210.13328366,4641283.463157244,1.2,1584,10,3,78-1,[]
TX,763.678403014,289104.488317299,4632933.709462441,1.2,189,12,3,143-16,[]
TX,763.78549794,293742.879662994,4639568.328552636,1.2,1246,12,3,343-5,[]
TX,763.94481085,291059.255080286,4641100.337930126,1.2,849,7,3,248-14,[]
TX,763.950896344,289951.352870682,4634421.804954883,1.2,1043,12,3,291-1,[]
TX,763.971799741,291829.428144109,4642544.01508602,1.2,1045,12,3,294-4,[]
TX,764.039989397,290810.150307605,4642275.763252019,1.2,445,10,3,197-26,[]
TX,764.041885506,290474.551513992,4640625.099084181,1.2,193,7,3,143-2,[]
TX,764.152933605,290262.731156365,4636442.30851946,1.2,874,12,3,252-16,[]
TX,764.215764321,290742.861762307,4641056.407183988,1.2,991,7,3,28-19,[]
TX,764.274306933,299760.384686659,4630297.164193207,1.2,628,12,3,220-8,[]
TX,764.574196878,290760.791226757,4642697.535374746,1.2,1234,10,3,343-13,[]
TX,764.786179156,291565.148494736,4641381.701987934,1.2,725,12,3,233-20,[]
TX,764.946674728,290062.723887976,4642525.137256132,1.2,293,10,3,172-13,[]
TX,765.199588599,293438.77948808,4640929.898495596,1.2,237,12,3,156-26,[]
TX,765.444629295,289843.959579648,4635184.049979939,1.2,1248,12,3,343-7,[]
TX,765.479605923,290260.274706308,4641268.577750162,1.2,1597,7,3,79-25,[]
TX,765.624421831,291190.318332477,4647913.554411377,1.2,771,12,3,236-4,[]
TX,765.963515216,290421.621518487,4641812.905239539,1.2,927,7,3,260-14,"[['RX_GW', 766.078512103, 927, 7, 3, 868.1, -123.011933825, '00:00:00:00:00:02']]"
TX,765.997247262,289092.6504821,4642521.960488645,1.2,928,12,3,260-15,[]
TX,766.035825951,289198.670018537,4642519.159826297,1.2,1323,12,3,360-1,[]
TX,766.521246748,294203.69275302,4639080.321455943,1.2,54,12,3,113-18,[]
TX,766.750258483,291013.599268962,4641844.058513598,1.2,665,8,3,224-3,"[['RX_GW', 766.957672701, 665, 8, 3, 868.1, -126.422622908, '00:00:00:00:00:02']]"
TX,767.409343267,290652.316448933,4642888.10960321,1.2,1455,12,3,42-21,[]
TX,767.756522786,290086.286299666,4640905.09527986,1.2,1657,7,3,85-30,[]
TX,768.236515559,290479.30810742,4639963.895261764,1.2,783,8,3,238-30,[]
TX,768.292805252,291250.187292253,4641259.723796623,1.2,595,9,3,214-24,[]
TX,768.297101668,290448.89337533,4642936.255587665,1.2,221,12,3,155-14,[]
TX,768.381065607,288842.34431676,4641814.674549406,1.2,1354,9,3,362-24,[]
TX,768.569110731,292697.512615417,4640498.494093122,1.2,1048,12,3,294-7,[]
TX,768.602978187,289661.750316523,4643509.567399702,1.2,231,12,3,156-20,[]
TX,768.853815064,291623.404451996,4642098.936593528,1.2,657,11,3,224-19,[]
TX,769.001232665,290075.696747757,4640927.347436768,1.2,1626,7,3,81-18,[]
TX,769.020865013,290535.925507637,4641947.676263844,1.2,863,9,3,250-13,[]
TX,769.384222802,290255.43471884,4640265.082543283,1.2,801,7,3,241-3,[]
TX,769.420772579,290411.638921961,4641807.238073306,1.2,1574,7,3,70-28,[]
TX,769.592993185,291784.674486451,4641031.240852323,1.2,266,10,3,167-29,[]
TX,770.40162167,291500.803988034,4642435.833155047,1.2,1397,11,3,369-25,"[['RX_GW', 771.882382433, 1397, 11, 3, 868.1, -133.851596028, '00:00:00:00:00:02']]"
TX,770.443038413,299599.520230656,4645419.014342049,1.2,1166,12,3,321-9,[]
TX,770.675607498,299457.015643723,4663170.849880286,1.2,741,12,3,235-1,[]
TX,770.821971712,295155.063065716,4642740.827130833,1.2,1559,8,3,7-13,[]
TX,770.834847783,291755.802054517,4644938.31636113,1.2,1525,12,3,59-27,[]
TX,770.893309057,292607.226265664,4641983.738676622,1.2,1434,12,3,40-2,[]
TX,771.0100275,282422.938084855,4640449.694129452,1.2,466,12,3,2-18,[]
TX,771.442511015,290651.308381342,4635656.938232457,1.2,441,12,3,196-8,[]
TX,771.799948263,294812.830924959,4647460.413917819,1.2,333,12,3,179-12,[]
TX,772.1757732,284156.221920234,4640290.603113716,1.2,1620,12,3,80-25,[]
TX,772.191699876,291800.519196355,4642542.742995121,1.2,1125,12,3,311-1,[]
TX,772.406080893,296051.136279744,4641058.30815386,1.2,1764,7,3,99-28,"[['RX_GW', 772.521076833, 1764, 7, 3, 868.1, -112.810228692, '00:00:00:00:00:04']]"
TX,772.628599554,288885.063046634,4635863.943300174,1.2,391,12,3,192-6,[]
TX,772.803573839,290133.310773672,4640861.835575185,1.2,1640,7,3,83-14,[]
TX,772.896454919,290895.13831369,4642246.673722744,1.2,1188,10,3,326-30,[]
TX,773.292900205,287770.452887832,4645579.129668422,1.2,1336,12,3,361-13,[]
TX,773.382674042,290067.05292139,4641534.182021197,1.2,1518,7,3,59-13,[]
TX,773.424486215,291997.521250188,4643716.745820077,1.2,1081,12,3,298-24,[]
TX,773.500398171,290325.740132095,4643399.416362981,1.2,1401,12,3,369-29,[]
TX,773.820996938,289203.682307712,4642069.505789145,1.2,1237,10,3,343-18,[]
TX,773.872186243,271812.171923216,4630664.445519161,1.2,565,12,3,21-7,[]
TX,774.015896973,298671.572528837,4635849.291396836,1.2,910,12,3,259-12,[]
TX,774.261400436,290650.857587401,4641156.939036928,1.2,823,7,3,243-2,[]
TX,774.433534181,290351.421599768,4641813.303008932,1.2,57,7,3,113-20,[]
TX,774.598125802,290958.689934791,4647399.726144677,1.2,1704,12,3,90-17,[]
TX,774.75846373,280732.965472792,4623575.719289887,1.2,284,12,3,170-25,[]
TX,775.098043947,286468.529927507,4642099.047504386,1.2,929,12,3,260-24,[]
TX,775.277032485,290651.860426089,4642291.948599805,1.2,315,10,3,176-6,"[['RX_GW', 775.936543174, 315, 10, 3, 868.1, -132.841728759, '00:00:00:00:00:02']]"
TX,775.324836409,290360.986861809,4641811.341995693,1.2,1745,7,3,94-4,[]
TX,775.472782799,287854.368060525,4643252.61758,1.2,1002,12,3,281-14,[]
TX,775.733264043,291625.659449745,4644625.840698076,1.2,752,12,3,235-24,[]
TX,776.14317299,290627.491346565,4642304.809105676,1.2,80,10,3,115-8,"[['RX_GW', 776.802683681, 80, 10, 3, 868.1, -132.850300524, '00:00:00:00:00:02']]"
TX,776.187283102,292328.795126476,4642048.084768204,1.2,1425,12,3,39-9,[]
TX,776.261792461,290555.463119862,4651490.663439689,1.2,761,12,3,236-12,[]
TX,776.665465803,299734.294301532,4630033.492097551,1.2,616,12,3,220-18,[]
TX,776.728411488,291728.824306611,4642420.584873674,1.2,1621,12,3,80-27,[]
TX,776.867385081,290090.057842607,4645128.985005991,1.2,1382,12,3,365-4,[]
TX,776.869950429,290558.258175128,4642829.076241983,1.2,1116,12,3,308-8,[]
TX,777.012536352,290455.816213224,4641773.074777039,1.2,699,8,3,228-29,[]
TX,777.232075234,290356.377031692,4641806.871664248,1.2,1085,7,3,298-28,[]
TX,777.237945945,291632.291589194,4644619.37067704,1.2,251,12,3,157-14,[]
TX,777.313840715,292720.190387169,4641954.350325194,1.2,815,12,3,242-5,[]
TX,777.326870873,293374.194946653,4639579.073833185,1.2,414,12,3,193-9,[]
TX,777.432138767,294978.356927267,4642587.648147691,1.2,625,8,3,220-5,[]
TX,777.656426283,290526.986250573,4642822.78992951,1.2,840,12,3,246-5,[]
TX,777.827964186,290280.724507918,4641297.354449416,1.2,1615,7,3,80-13,[]
TX,778.626850736,290738.045574188,4642898.499978648,1.2,1073,12,3,297-9,[]
TX,779.147726476,285339.738548794,4636052.850001619,1.2,838,12,3,246-30,[]
TX,779.171165944,294270.447458816,4650464.373391826,1.2,1023,12,3,29-17,[]
TX,779.366060279,291183.865908081,4641317.718823439,1.2,1604,8,3,8-2,[]
TX,779.416342405,291700.832449941,4642657.395991062,1.2,1087,12,3,298-9,[]
TX,779.67561982,290364.966586232,4641827.000229239,1.2,1082,7,3,298-25,"[['RX_GW', 779.790616666, 1082, 7, 3, 868.1, -122.790278467, '00:00:00:00:00:02']]"
TX,779.726564306,291408.375890666,4642036.276465528,1.2,1449,11,3,42-16,[]
TX,779.877065721,293722.358849628,4640231.475073644,1.2,1169,12,3,322-14,[]
TX,780.036409307,288468.957081047,4637703.108573182,1.2,205,12,3,144-7,[]
TX,780.106060967,273676.445339551,4630643.176823164,1.2,1430,12,3,40-16,[]
TX,780.276862782,290176.863491717,4632566.310582968,1.2,73,12,3,115-21,[]
TX,780.378450951,290353.948601487,4641465.067331784,1.2,12,7,3,104-24,[]
TX,780.531218662,295003.130433875,4642858.669185101,1.2,1153,9,3,318-1,"[['RX_GW', 780.902984668, 1153, 9, 3, 868.1, -127.158983996, '00:00:00:00:00:04']]"
TX,780.694754138,291252.348675194,4644863.552586681,1.2,6,12,3,104-11,[]
TX,780.699975416,295140.054184132,4642701.64483169,1.2,1209,8,3,337-7,[]
TX,780.73225789,290381.782807923,4641409.135071391,1.2,1196,7,3,329-16,[]
TX,780.917796796,292241.072169038,4641932.349052343,1.2,1270,12,3,351-15,[]
TX,781.110880885,291288.442245814,4641412.784678569,1.2,1551,10,3,68-11,[]
TX,781.118710341,271648.163538545,4630650.761497173,1.2,1141,12,3,315-23,[]
TX,781.421751895,271584.315044075,4630640.913246697,1.2,866,12,3,250-23,[]
TX,781.485771539,292486.28828786,4642901.89635938,1.2,563,12,3,21-5,[]
TX,781.877386083,290759.891022166,4641288.619996236,1.2,120,7,3,127-29,[]
TX,781.880631453,295011.150705056,4638051.135400502,1.2,621,12,3,220-22,[]
TX,781.899201423,296908.236392924,4637358.839326217,1.2,1523,12,3,59-25,[]
TX,781.964381586,290500.556604575,4640910.078638341,1.2,383,7,3,191-4,[]
TX,782.152186635,288831.438940691,4643195.97218894,1.2,1304,12,3,356-22,[]
TX,783.123098527,290359.100550856,4641814.517386183,1.2,719,7,3,232-28,"[['RX_GW', 783.238095327, 719, 7, 3, 868.1, -122.532771006, '00:00:00:00:00:02']]"
TX,783.301780461,286584.358836281,4642009.74813073,1.2,460,12,3,2-11,[]
TX,783.486350732,290565.922081873,4641038.591935459,1.2,715,7,3,232-24,"[['RX_GW', 783.601346314, 715, 7, 3, 868.1, -111.338115165, '00:00:00:00:00:02']]"
TX,783.607307007,290134.894782297,4640086.182929595,1.2,890,7,3,257-19,"[['RX_GW', 783.722303306, 890, 7, 3, 868.1, -118.138263502, '00:00:00:00:00:02']]"
TX,783.777111336,291486.312827007,4642062.431487834,1.2,1631,11,3,81-22,[]
TX,783.932287984,288931.720389822,4642766.622632599,1.2,932,12,3,260-27,[]
TX,784.074504919,289601.654367784,4640115.413993808,1.2,1007,7,3,285-8,[]
TX,784.178533587,292309.453133661,4642054.529527461,1.2,348,12,3,185-25,[]
TX,784.275183228,292438.103356293,4642431.946309892,1.2,1477,12,3,48-18,[]
TX,784.374027387,290050.047912982,4640960.525477374,1.2,278,7,3,169-8,[]
TX,784.395227649,290358.931337525,4641814.180831374,1.2,922,7,3,260-1,[]
TX,784.487070089,291175.684350799,4641272.6015657,1.2,1444,10,3,41-18,[]
TX,784.533229509,292321.594388556,4641748.166302625,1.2,989,12,3,28-17,[]
TX,784.791623572,291846.705422233,4642547.828994333,1.2,1093,12,3,3-7,[]
TX,784.934824603,285803.331559664,4641352.607560656,1.2,128,12,3,132-1,[]
TX,785.037330713,287994.147152805,4643241.490813782,1.2,1673,12,3,87-6,[]
TX,785.210138927,290925.913192179,4638932.269859671,1.2,259,12,3,157-29,[]
TX,785.324547245,290059.000720604,4641526.712829798,1.2,1557,7,3,7-11,"[['RX_GW', 785.439542825, 1557, 7, 3, 868.1, -113.544749588, '00:00:00:00:00:02']]"
TX,785.372949715,289929.838919332,4634191.018281916,1.2,1388,12,3,368-1,[]
TX,785.603283316,287524.877328094,4641308.93472774,1.2,297,12,3,174-1,[]
TX,785.621596839,292714.156014853,4641129.512448961,1.2,369,12,3,191-13,[]
TX,785.941652057,273674.932106967,4630616.626834358,1.2,322,12,3,178-13,[]
TX,786.065376246,289577.785477666,4642250.300892922,1.2,992,7,3,28-20,[]
TX,786.444814443,290469.748815526,4640620.77155477,1.2,1418,7,3,37-7,[]
TX,786.560124634,294463.719951319,4638802.382455948,1.2,235,12,3,156-24,[]
TX,786.574242884,292253.914733263,4641947.253791446,1.2,555,12,3,21-19,[]
TX,786.671093704,288060.322596332,4641351.859724252,1.2,513,12,3,203-7,[]
TX,786.893295017,290679.097042963,4641310.521080631,1.2,931,7,3,260-26,[]
TX,786.994298886,294036.736824529,4639022.87279095,1.2,1335,12,3,361-12,[]
TX,787.002090167,290258.256016049,4644540.268781191,1.2,1212,12,3,341-12,[]
TX,787.041158247,291256.996131714,4638498.981039706,1.2,258,12,3,157-28,[]
TX,787.061707054,290693.782716353,4641304.852047457,1.2,912,7,3,259-14,[]
TX,787.215906847,290360.458168367,4641795.391721014,1.2,1644,7,3,83-25,[]
TX,787.286446483,290086.176034542,4640894.423348389,1.2,981,7,3,273-28,[]
TX,787.306082528,289230.999791508,4642449.004705553,1.2,837,11,3,246-2,[]
TX,787.394427138,289171.936567324,4642108.95167661,1.2,176,10,3,14-1,[]
TX,787.441871669,289495.00365857,4635474.436384392,1.2,382,12,3,191-3,[]
TX,787.744980195,293248.726874571,4640219.263170493,1.2,265,12,3,167-28,[]
TX,787.95930084,291183.956295387,4641312.338722645,1.2,1716,8,3,90-7,[]
TX,787.981299808,290460.338371939,4642401.173998703,1.2,240,10,3,156-3,[]
TX,788.039915083,292321.506162059,4642044.374450392,1.2,1160,12,3,321-24,[]
TX,788.086915808,292242.925052804,4640626.263355086,1.2,166,12,3,135-5,[]
TX,788.204740092,290292.851552977,4641968.728472087,1.2,1558,7,3,7-12,[]
TX,788.2301139,290408.459039801,4641793.295628178,1.2,1512,7,3,58-28,[]
TX,788.50550565,288665.704299155,4637561.202693755,1.2,204,12,3,144-6,[]
TX,788.658799896,292087.956036138,4640430.703628609,1.2,264,11,3,167-27,[]
TX,789.02547449,273698.045352718,4630637.198944289,1.2,663,12,4,224-27,[]
TX,789.075552978,291820.542976773,4642767.188747134,1.2,228,12,3,156-17,[]
TX,789.196725207,290068.432204403,4640927.390969412,1.2,1539,7,3,62-18,[]
TX,789.487446816,291650.527322848,4642351.047181326,1.2,765,12,3,236-19,[]
TX,789.916598771,290955.02139155,4640517.478404,1.2,1104,8,3,301-4,[]
TX,790.059885074,273702.745901305,4630621.607364154,1.2,867,12,3,250-24,[]
TX,790.133208804,292956.64568752,4640297.824301332,1.2,998,12,3,280-2,[]
TX,790.580715543,294916.692653298,4643863.294740513,1.2,834,12,4,245-5,[]
TX,790.623763332,292844.987156824,4643149.426193389,1.2,880,12,3,253-21,[]
TX,790.705584114,293951.456520399,4629959.453654788,1.2,729,12,3,234-11,[]
TX,790.71123046,288643.724972577,4643936.17921302,1.2,450,12,3,198-3,[]
TX,790.73833629,290367.7439621,4641801.520950624,1.2,943,7,3,264-28,"[['RX_GW', 790.853333063, 943, 7, 3, 868.1, -122.377624527, '00:00:00:00:00:02']]"
TX,790.919918477,291411.685418112,4635911.025605371,1.2,897,12,3,257-26,[]
TX,790.923793319,289719.582603067,4641583.518097821,1.2,662,7,3,224-26,"[['RX_GW', 791.038789187, 662, 7, 3, 868.1, -118.864946684, '00:00:00:00:00:02']]"
TX,791.191939366,293320.684297714,4644828.733621765,1.2,1594,12,3,79-15,[]
TX,791.230040536,287375.944276993,4644076.057718699,1.2,144,12,3,135-10,[]
TX,791.237776636,289190.570598773,4642519.325568634,1.2,425,12,3,196-13,[]
TX,791.357964609,291222.639573567,4641234.472812149,1.2,1120,10,3,309-13,[]
TX,791.575432765,291023.947309749,4641963.056875192,1.2,816,10,3,242-6,[]
TX,791.589554453,291224.245306026,4641303.597300452,1.2,637,8,3,222-30,[]
TX,791.720168053,292308.002370622,4641566.067602533,1.2,1526,12,3,59-28,[]
TX,791.736849866,290388.982185323,4641807.33036848,1.2,1496,7,3,53-28,[]
TX,792.019587575,291342.311159843,4642132.156282415,1.2,478,11,3,2-30,[]
TX,792.127290946,295740.080865534,4641508.774830105,1.2,784,7,3,238-4,[]
TX,792.131656389,290325.626194114,4639623.257206055,1.2,551,9,3,209-8,[]
TX,792.138805044,290422.55848719,4640692.667905292,1.2,1107,7,3,301-7,[]
TX,792.149291791,292839.460995168,4641951.175179887,1.2,554,12,3,21-18,[]
TX,792.590807615,289646.116004099,4641761.342791582,1.2,332,7,3,178-9,[]
TX,792.699404103,290723.661330434,4641474.153116802,1.2,1182,7,3,324-6,[]
TX,792.919190246,292167.674761594,4642923.482382219,1.2,777,12,3,238-18,[]
TX,793.082029759,290376.15746641,4641815.989981855,1.2,1094,7,3,3-8,[]
TX,793.096001663,280728.420762295,4623586.185086971,1.2,285,12,3,170-26,[]
TX,793.100628161,290093.467489755,4640905.852493227,1.2,781,7,3,238-21,[]
TX,793.192287405,290487.835884876,4640629.77703744,1.2,1643,7,3,83-24,[]
TX,793.347872638,289843.228872001,4642399.862778144,1.2,1063,10,3,297-12,[]
TX,793.356275686,289417.803474059,4645293.373565476,1.2,36,12,3,106-6,[]
TX,793.414476836,291115.269726918,4641437.615796284,1.2,1060,7,3,297-1,[]
TX,793.470093057,291104.11452551,4642463.364676814,1.2,1538,12,3,62-17,[]
TX,793.557043142,290810.94675229,4642375.901096233,1.2,982,10,3,273-29,[]
TX,793.900108412,291857.214461389,4641626.206988416,1.2,249,11,3,157-12,"[['RX_GW', 795.380868711, 249, 11, 3, 868.1, -134.833644441, '00:00:00:00:00:02']]"
TX,794.181115985,271629.740349175,4630618.76602667,1.2,1173,12,3,322-26,[]
TX,794.53440281,286900.540102678,4641850.533987235,1.2,469,12,3,2-20,[]
TX,794.58919088,290479.777356523,4640628.840701351,1.2,1014,7,3,288-15,[]
TX,794.681367967,289441.124121855,4635420.503904059,1.2,968,12,3,268-16,[]
TX,794.919751113,290484.673607655,4640627.1274921,1.2,423,7,3,196-11,[]
TX,794.930613168,286635.995510391,4645421.413580479,1.2,1479,12,3,48-20,[]
TX,795.489196111,288962.652798641,4642771.61397047,1.2,1311,12,3,357-15,[]
TX,795.499461462,292833.073573778,4641929.306857983,1.2,509,12,3,203-3,[]
TX,795.661751399,291233.962936846,4642274.278942236,1.2,1635,12,3,81-6,[]
TX,795.664510255,293395.687755636,4640919.757731277,1.2,381,12,3,191-28,[]
TX,795.924621175,291017.065557072,4641200.519486177,1.2,1231,8,3,343-1,[]
TX,795.926148961,292026.36014798,4643047.866452147,1.2,1415,12,3,37-4,[]
TX,796.01194217,291851.98063565,4642558.497671656,1.2,1047,12,3,294-6,[]
TX,796.038923436,292523.140416466,4642910.372003895,1.2,1187,12,3,325-8,[]
TX,796.192768267,271883.534708546,4630633.724924026,1.2,1189,12,3,328-4,[]
TX,796.208836329,297296.093198945,4642997.357338115,1.2,882,12,3,255-1,[]
TX,796.213122066,290878.46903904,4642315.870565392,1.2,1008,10,3,288-1,[]
TX,796.268992178,297791.219578191,4632906.264334421,1.2,979,12,3,273-25,[]
TX,796.518008092,287663.94366896,4644486.291068754,1.2,1322,12,3,359-29,[]
TX,796.619344339,289330.137566555,4634545.675804112,1.2,84,12,3,119-30,[]
TX,796.68454895,285795.895776862,4641377.412217617,1.2,1406,12,3,37-14,[]
TX,796.775811245,293362.181678799,4640075.283239418,1.2,635,12,4,222-22,[]
TX,796.907792165,292409.63580229,4643689.941268213,1.2,23,12,3,105-13,[]
TX,797.074151552,292162.516502092,4643457.089802696,1.2,1139,12,3,315-14,[]
TX,797.097242752,290358.624413441,4641831.593776939,1.2,1531,7,3,61-11,[]
TX,797.111742819,292432.117785855,4652381.965267288,1.2,1206,12,3,337-21,[]
TX,797.570618803,290092.496033534,4640905.341649387,1.2,58,7,3,113-21,[]
TX,797.726113044,290290.295769097,4641966.78873749,1.2,174,7,3,139-7,[]
TX,797.734317869,291324.735709877,4642163.536298141,1.2,357,11,3,188-1,[]
TX,797.754168854,289740.157059958,4638829.409804015,1.2,1192,12,3,328-7,[]
TX,797.961817744,291010.221122702,4641834.100681541,1.2,546,8,3,209-21,[]
TX,798.260275884,291110.266191786,4641451.710156835,1.2,1315,9,3,357-26,"[['RX_GW', 798.63204166, 1315, 9, 3, 868.1, -128.204663114, '00:00:00:00:00:02']]"
TX,798.272878674,291140.214047799,4642455.37813359,1.2,484,11,3,200-17,[]
TX,798.277136812,292675.392426633,4643694.406427569,1.2,1061,12,3,297-10,[]
TX,798.289509586,298069.019916982,4639317.095648353,1.2,217,12,3,154-9,[]
TX,798.577413973,273688.691440974,4630646.725486424,1.2,1157,12,3,321-14,[]
TX,798.718659727,272401.323686616,4630016.19049919,1.2,872,12,3,250-29,[]
TX,798.812521806,291236.703315581,4644903.636296102,1.2,1652,12,3,85-19,[]
TX,799.013374517,291232.094779917,4642274.453593289,1.2,1367,12,3,365-15,[]
TX,799.213994725,290452.279530232,4641586.19911401,1.2,99,7,3,121-12,[]
TX,799.281547518,295161.449627948,4642746.441313246,1.2,963,8,3,267-19,"[['RX_GW', 799.488960928, 963, 8, 3, 868.1, -126.595701983, '00:00:00:00:00:04']]"
TX,799.408801907,292716.647251144,4641837.507969617,1.2,1135,12,3,315-10,[]
TX,799.535745178,290062.069426665,4640944.854162242,1.2,1242,7,3,343-27,[]
TX,799.546249245,291855.670335904,4642844.801424468,1.2,253,12,3,157-23,[]
TX,799.628252716,289781.344755922,4642551.18537011,1.2,896,10,3,257-25,[]
TX,799.910743589,295038.561710617,4639053.672719586,1.2,560,12,3,21-3,[]
TX,799.91917472,292241.910486104,4639455.463964885,1.2,1611,12,3,8-29,[]
TX,799.990715457,290373.193738364,4642325.546157046,1.2,495,10,4,200-8,[]
TX,800.143193951,292673.895229185,4642038.436027582,1.2,1371,12,3,365-19,[]
TX,800.1531268,272119.078636686,4630307.012978334,1.2,1050,12,4,295-12,[]
TX,800.232987725,291862.805510773,4641032.903088212,1.2,859,10,3,249-2,[]
TX,800.257054319,292722.717191235,4641837.617235692,1.2,566,12,3,21-8,[]
TX,800.516800019,290174.732155822,4641476.636888868,1.2,934,7,3,260-29,[]
TX,800.52828397,292167.259883156,4653039.300372185,1.2,106,12,3,122-24,[]
TX,800.636057467,290671.722796335,4641296.042354263,1.2,835,7,3,245-8,[]
TX,801.163370271,290476.360975548,4641393.236641004,1.2,171,7,3,139-4,[]
TX,801.225717236,274989.686024522,4631162.703220159,1.2,958,12,3,266-7,[]
TX,801.385373224,293210.855504407,4639492.688144826,1.2,134,12,3,132-18,[]
TX,801.478436826,301805.334676267,4658631.099389678,1.2,1499,12,4,57-20,[]
TX,801.518518662,290335.851344555,4639891.107212701,1.2,81,8,3,117-23,[]
TX,802.000416848,289302.773452153,4643495.084408493,1.2,1737,12,3,94-24,[]
TX,802.120654487,292249.712350446,4641730.571799766,1.2,633,12,3,222-20,[]
TX,802.449936781,292746.98258406,4641686.115651812,1.2,1134,12,3,315-1,[]
TX,802.478158824,289196.951965232,4642518.145938641,1.2,1753,12,3,96-13,[]
TX,802.63011929,297572.344786525,4643642.734742173,1.2,182,12,3,14-25,[]
TX,803.192363706,295614.338517808,4645784.944103244,1.2,950,12,3,266-20,[]
TX,803.261524038,294585.921992943,4645452.429233295,1.2,75,12,3,115-3,[]
TX,803.401611251,291837.786768304,4642551.634282958,1.2,1724,12,3,92-30,[]
TX,803.488802961,291504.786285799,4636491.89149675,1.2,1376,12,3,365-25,[]
TX,803.554467576,290171.706702005,4646087.336443726,1.2,656,12,3,224-18,[]
TX,803.703208026,291840.486422144,4642533.95955487,1.2,1656,12,3,85-3,[]
TX,803.832417444,290081.060769102,4641538.804343002,1.2,1198,7,3,331-15,[]
TX,803.908866591,290099.958582224,4640893.370058425,1.2,90,7,3,12-10,[]
TX,803.93870717,291850.974641014,4642549.699404379,1.2,1391,12,3,369-11,[]
TX,803.950236842,290070.349162192,4641550.402234402,1.2,448,7,3,197-29,[]
TX,804.127507506,284728.136024275,4630152.627724038,1.2,337,12,3,184-17,[]
TX,804.163825059,297532.227408423,4640938.627323792,1.2,127,12,3,129-8,[]
TX,804.209248634,273684.151865933,4630691.082692209,1.2,1760,12,3,99-24,[]
TX,804.270043584,291855.582738392,4642548.016827428,1.2,762,12,3,236-13,[]
TX,804.418242077,291284.831884927,4641999.400084977,1.2,514,11,3,203-8,[]
TX,804.59122495,292195.443192984,4637080.50357982,1.2,198,12,3,143-4,[]
TX,804.604807752,290203.003648317,4641840.391928134,1.2,1456,8,3,42-22,[]
TX,804.679159235,296181.941844216,4642553.787616026,1.2,614,7,3,220-16,[]
TX,804.968669154,289332.515799254,4634682.375724665,1.2,1702,12,3,90-13,[]
TX,804.978277779,292033.142693358,4643038.184973308,1.2,1357,12,3,362-27,[]
TX,805.629493791,291059.644301349,4641662.089228775,1.2,1578,9,3,74-16,"[['RX_GW', 806.001259768, 1578, 9, 3, 868.1, -129.244162913, '00:00:00:00:00:02']]"
TX,805.630936906,296274.074639449,4636383.858842296,1.2,909,12,4,259-11,[]
TX,805.75032579,299769.82726109,4630295.998822276,1.2,123,12,3,129-4,[]
TX,805.778746931,295144.848702512,4642712.454481087,1.2,585,8,3,212-7,"[['RX_GW', 805.986160268, 585, 8, 3, 868.1, -126.04466469, '00:00:00:00:00:04']]"
TX,805.982673831,289811.917473391,4641369.388390756,1.2,1245,7,3,343-4,[]
TX,806.900844896,271822.355758991,4630648.836027849,1.2,822,12,3,243-15,[]
TX,807.085523864,293269.629944126,4640262.537663948,1.2,1579,12,3,74-2,[]
TX,807.485192104,292124.327401029,4642575.777431113,1.2,238,12,3,156-27,[]
TX,807.562376757,291713.019099741,4642162.570587779,1.2,305,11,3,174-24,[]
TX,807.908162159,289601.432494125,4641762.02039609,1.2,435,7,3,196-27,[]
TX,808.130715892,292521.635397541,4641202.370678439,1.2,1549,12,3,66-28,[]
TX,808.242335833,272125.330838253,4630315.839713937,1.2,652,12,3,224-12,[]
TX,808.576047365,291610.910203104,4644629.721719862,1.2,327,12,3,178-25,[]
TX,808.704466412,290395.610827633,4641807.813035186,1.2,828,7,3,243-30,[]
TX,809.070445079,289214.364565559,4642237.853997487,1.2,48,9,3,111-7,[]
TX,809.094553323,290061.903225055,4642394.975024143,1.2,459,8,3,2-1,[]
TX,809.132110185,293312.104069719,4644316.549374981,1.2,688,12,3,228-12,[]
TX,809.497293787,291580.445131519,4641395.850303609,1.2,1365,10,3,365-13,[]
TX,809.847478666,290761.030825795,4641295.31790431,1.2,15,7,3,104-27,[]
TX,809.875339909,291080.718610333,4641551.267990004,1.2,1660,10,3,85-6,[]
TX,810.104629005,285836.116077471,4641407.572783289,1.2,1542,12,3,62-3,[]
TX,810.133013394,290076.992614872,4641528.779324479,1.2,1327,7,3,360-16,"[['RX_GW', 810.248008992, 1327, 7, 3, 868.1, -113.703483347, '00:00:00:00:00:02']]"
TX,810.54901581,293772.127195066,4640246.192064256,1.2,597,12,3,214-26,[]
TX,810.561506321,285895.511093771,4644228.586657477,1.2,1426,12,3,4-22,[]
TX,810.742907861,290381.86967703,4641839.549088256,1.2,1005,7,3,281-9,"[['RX_GW', 810.857904769, 1005, 7, 3, 868.1, -123.556793115, '00:00:00:00:00:02']]"
TX,810.891467136,292692.374826823,4641811.632526404,1.2,611,12,3,22-6,[]
TX,810.973431178,290156.927607571,4640847.700621951,1.2,716,7,3,232-25,[]
TX,811.089542328,290072.248475886,4640926.496314924,1.2,568,7,3,210-22,[]
TX,811.189039929,292825.585127936,4641970.647124425,1.2,1441,12,3,40-8,[]
TX,811.237178579,289889.630609124,4641318.522967112,1.2,938,7,4,262-22,[]
TX,811.364201639,290484.255270132,4640611.413458357,1.2,1359,7,3,362-29,[]
TX,811.476684603,292310.923656425,4642050.732070397,1.2,1396,12,3,369-24,[]
TX,811.563286579,282997.509443633,4643240.136740162,1.2,1580,12,3,74-26,[]
TX,811.635667817,292049.122788183,4644053.315440686,1.2,746,12,3,235-15,[]
TX,811.714361735,290476.296270483,4640695.300822671,1.2,701,7,3,228-5,[]
TX,811.766652853,291166.037616172,4642377.111488338,1.2,288,12,3,171-8,[]
TX,811.970686681,271542.826023887,4630278.382367453,1.2,667,12,3,224-5,[]
TX,812.200848243,290393.159482458,4641828.517629,1.2,1553,7,3,68-13,[]
TX,812.354702243,290091.444381142,4640901.741943767,1.2,1501,7,3,58-10,[]
TX,812.56516911,292874.830239189,4641512.104824327,1.2,1055,12,4,295-22,[]
TX,812.582894732,290481.468320346,4640774.812077035,1.2,1020,7,3,288-29,[]
TX,812.839576447,283570.341367336,4633414.451013317,1.2,190,12,3,143-17,[]
TX,813.0594912,281507.716112023,4626811.948332613,1.2,1228,12,3,342-25,[]
TX,813.129535779,287968.212739512,4634542.212018336,1.2,367,12,3,191-10,[]
TX,813.17793446,291767.787638567,4640370.49574851,1.2,1022,12,3,29-16,[]
TX,813.580473751,291709.660066516,4642127.821265756,1.2,720,11,3,232-29,[]
TX,813.837561723,290069.55273806,4640932.452066245,1.2,137,7,3,132-21,[]
TX,813.87146426,290194.825604871,4641839.139319047,1.2,753,8,3,235-25,[]
TX,814.142125152,292483.981835701,4641939.131248425,1.2,455,12,3,198-8,[]
TX,814.874553966,290739.573507488,4641178.884943839,1.2,531,7,3,208-22,[]
TX,815.153608402,295076.48448622,4642776.470124104,1.2,572,9,3,212-10,"[['RX_GW', 815.525374048, 572, 9, 3, 868.1, -127.640178023, '00:00:00:00:00:04']]"
TX,815.160547646,290096.497220492,4640891.485189376,1.2,473,7,3,2-26,"[['RX_GW', 815.275541621, 473, 7, 3, 868.1, -84.666630576, '00:00:00:00:00:02']]"
TX,815.456408614,298121.199736493,4636411.070019185,1.2,920,12,3,259-29,[]
TX,815.563177581,290007.89500875,4637576.053205636,1.2,1297,12,3,352-5,[]
TX,815.664454792,290919.334727387,4638474.481265144,1.2,1004,12,3,281-2,[]
TX,816.304580231,290744.018199907,4642882.863420449,1.2,1076,12,3,298-11,[]
TX,816.34326444,292580.451955321,4641240.194851171,1.2,1172,12,3,322-25,[]
TX,816.805623941,273670.98023264,4630697.178219105,1.2,1163,12,3,321-27,[]
TX,816.826543166,271641.521595394,4630611.372927233,1.2,1481,12,3,48-22,[]
TX,816.99064736,290247.056213478,4641981.019741823,1.2,1749,7,3,96-1,[]
TX,817.189041779,291221.056383498,4642839.14779271,1.2,1331,12,3,360-30,[]
TX,817.369878152,289735.992105496,4640400.273618463,1.2,69,7,3,115-18,[]
TX,817.419581698,271805.584333679,4630678.814669043,1.2,1440,12,3,40-6,[]
TX,817.513189886,301159.86834715,4628854.027474656,1.2,949,12,3,266-2,[]
TX,817.514333725,292699.620442746,4642090.66102937,1.2,575,12,3,212-19,[]
TX,817.53475207,291730.253892965,4642146.932233592,1.2,1646,11,3,83-28,[]
TX,817.570290458,291223.468047147,4641600.942226623,1.2,1407,9,3,37-18,[]
TX,817.574505614,290633.91088538,4641110.144168293,1.2,647,7,3,223-5,[]
TX,817.636186534,290181.798504251,4641469.167190506,1.2,475,7,3,2-28,[]
TX,818.029830049,290397.601074425,4641817.566836631,1.2,72,7,3,115-20,[]
TX,818.14193545,283135.208241406,4647888.824877387,1.2,1338,12,3,361-15,[]
TX,818.817888719,287227.975031911,4641124.115287852,1.2,397,12,3,193-14,[]
TX,818.906876905,288896.185746899,4642962.236669641,1.2,53,12,3,113-17,[]
TX,819.068679166,273717.916181257,4630633.346091742,1.2,1713,12,4,90-3,[]
TX,819.228750061,291720.094694771,4642157.490082823,1.2,1111,11,4,308-30,"[['RX_GW', 820.70951079, 1111, 11, 4, 868.1, -133.833324211, '00:00:00:00:00:02']]"
TX,819.271920725,293756.054867517,4639764.267261841,1.2,1319,12,3,357-9,[]
TX,820.023288504,289640.10535218,4643724.143976997,1.2,1105,12,3,301-5,[]
TX,820.25121941,291835.351796774,4641943.272946693,1.2,600,12,3,214-29,[]
TX,820.268124162,290390.865216369,4641820.129631964,1.2,1727,7,3,94-11,[]
TX,820.316160471,292304.249811408,4642023.921515931,1.2,1493,12,4,53-25,[]
TX,820.379187231,293908.717667293,4640687.685368706,1.2,188,12,3,141-8,[]
TX,820.393738959,292854.140845783,4638893.115583645,1.2,852,12,4,248-25,[]
TX,820.61109463,289968.668737658,4644383.229950093,1.2,323,12,3,178-14,[]
TX,820.741608795,293829.161402393,4640552.809509378,1.2,1016,12,3,288-24,[]
TX,820.809850292,291300.005286529,4641161.868697102,1.2,737,9,3,234-26,"[['RX_GW', 821.181616376, 737, 9, 3, 868.1, -129.266388781, '00:00:00:00:00:02']]"
TX,820.834068285,291840.692209173,4642448.174549236,1.2,557,12,3,21-20,[]
TX,820.868285456,290651.702100801,4642003.762636285,1.2,1689,8,3,89-24,[]
TX,821.004792627,290492.926531353,4640809.183573507,1.2,1541,7,3,62-22,[]
TX,821.100179994,291617.739861271,4640987.726125857,1.2,9,11,3,104-14,[]
TX,821.208930379,292354.615368691,4642204.167660359,1.2,1433,12,3,40-19,[]
TX,821.401949274,289934.699309812,4641270.890087776,1.2,591,7,3,213-2,[]
TX,821.560563818,286452.887385102,4642566.284211778,1.2,280,12,3,17-23,[]
TX,821.614664728,292507.542713931,4642909.483895952,1.2,1037,12,3,290-24,[]
TX,821.689599385,291104.292830809,4642476.890592724,1.2,485,12,3,200-18,[]
TX,821.758174845,289705.840006806,4639408.344364374,1.2,109,11,3,125-30,[]
TX,821.858802182,290344.881070176,4646257.148105255,1.2,1051,12,3,295-13,[]
TX,822.369300874,271657.091850044,4630625.014273305,1.2,1205,12,3,337-19,[]
TX,822.514211495,292880.23783434,4640491.234199413,1.2,1122,12,3,309-15,[]
TX,823.027152212,289798.651787253,4638761.491904579,1.2,340,12,3,184-22,[]
TX,823.088522954,290482.030174036,4640628.825502082,1.2,1369,7,3,365-17,[]
TX,823.313875866,291828.865659144,4642406.238964482,1.2,261,12,3,167-24,[]
TX,823.321177186,292085.242990338,4642817.140654521,1.2,62,12,3,113-4,[]
TX,823.368527542,290273.445403951,4641997.83517349,1.2,1009,8,4,288-10,[]
TX,823.384126757,292367.028608856,4637492.363290682,1.2,1006,12,3,284-7,[]
TX,823.924500766,290393.648260483,4641809.140538882,1.2,457,7,3,199-6,"[['RX_GW', 824.039497599, 457, 7, 3, 868.1, -122.716823125, '00:00:00:00:00:02']]"
TX,823.947985471,290723.681778553,4642032.209072699,1.2,1685,8,3,89-19,[]
TX,823.985968902,293343.517018589,4640150.581294974,1.2,1402,12,3,369-9,[]
TX,824.00098907,291848.908971369,4642561.77609015,1.2,295,12,3,172-15,[]
TX,824.02901827,291440.874563435,4644393.700699412,1.2,696,12,3,228-26,[]
TX,824.030916832,271660.379611004,4630692.480564889,1.2,180,12,3,14-2,[]
TX,824.033403439,291235.538893419,4642283.520542507,1.2,1563,10,3,7-25,[]
TX,824.177011967,291736.332994312,4643888.837236425,1.2,1566,12,3,7-28,[]
TX,824.183346239,271720.36342302,4630299.565907803,1.2,1058,12,3,295-7,[]
TX,824.422326645,291828.752271462,4642547.322460066,1.2,1674,12,3,87-7,[]
TX,824.450138807,290892.036792227,4642715.589036369,1.2,486,11,4,200-19,[]
TX,824.501074984,291615.731429171,4644624.716705242,1.2,1458,12,3,42-30,[]
TX,824.525402627,291292.909321274,4644949.409044785,1.2,883,12,4,255-2,[]
TX,824.776967316,292815.29374688,4644165.912702587,1.2,194,12,3,143-20,[]
TX,824.885474947,290488.247329945,4640823.501890379,1.2,364,7,3,188-28,[]
TX,824.913963467,291500.184943547,4636496.094144758,1.2,556,12,4,21-2,[]
TX,824.931400092,291218.989805553,4641289.099833976,1.2,995,8,3,280-1,[]
TX,825.154598346,292822.663044267,4642926.342594118,1.2,241,12,3,156-4,[]
TX,825.609610823,292265.614175477,4637900.796908529,1.2,404,12,4,193-24,[]
TX,825.662026152,290403.674765277,4643015.289153912,1.2,609,12,3,22-4,[]
TX,825.782561859,291216.642600176,4642278.640922935,1.2,1072,12,4,297-29,[]
TX,825.849621857,290748.856544923,4642810.575646404,1.2,645,12,3,223-30,[]
TX,825.882270852,291548.820492689,4641107.030633358,1.2,1243,11,3,343-28,[]
TX,826.20611984,291600.543358463,4640981.442353456,1.2,1041,11,3,290-28,[]
TX,826.423389923,292117.388823594,4638969.636310853,1.2,1062,12,3,297-11,[]
TX,826.715444931,292455.500009398,4643469.265966498,1.2,944,12,3,264-29,[]
TX,826.914748932,290395.102465289,4641385.516984512,1.2,77,7,3,115-5,[]
TX,826.923706846,291203.616633241,4641854.494604485,1.2,25,11,4,105-15,[]
TX,827.088216076,292495.49450861,4642929.77462705,1.2,1436,12,3,40-21,[]
TX,827.16596045,290037.020272328,4641832.913876429,1.2,1,7,3,102-25,"[['RX_GW', 827.280957033, 1, 7, 3, 868.1, -120.185247606, '00:00:00:00:00:02']]"
TX,827.488137991,292683.894364526,4641799.902085491,1.2,956,12,4,266-5,[]
TX,827.629267714,292953.161098119,4642255.834029761,1.2,1261,12,3,347-20,[]
TX,827.784677974,292317.113037732,4642044.001554576,1.2,846,12,4,248-11,[]
TX,828.150245811,294248.530193839,4642577.616456269,1.2,1629,10,3,81-20,[]
TX,828.294418928,290472.522517126,4640634.655696087,1.2,885,7,3,257-11,[]
TX,828.401288185,290773.036394951,4640941.52546454,1.2,1318,7,3,357-29,[]
TX,828.459971255,273555.759549567,4631005.006271425,1.2,1175,12,3,322-28,[]
TX,828.667577886,292188.349367231,4638230.474966168,1.2,1681,12,3,89-13,[]
TX,828.815228945,285826.188758083,4643310.536072419,1.2,1328,12,3,360-25,[]
TX,828.862696819,293825.815486754,4639967.679704126,1.2,579,12,3,212-25,[]
TX,829.259771966,287668.566044693,4639590.839485008,1.2,655,12,4,224-15,[]
TX,829.428175697,291638.337756317,4642764.927860206,1.2,1029,12,3,29-30,[]
TX,830.098380472,292523.949659402,4642913.985541946,1.2,234,12,3,156-23,[]
TX,830.826226693,291506.182110595,4640999.139978609,1.2,1506,11,3,58-15,"[['RX_GW', 832.306985395, 1506, 11, 3, 868.1, -133.55364195, '00:00:00:00:00:02']]"
TX,831.278955277,290065.510446951,4641509.477743316,1.2,1294,7,3,352-28,[]
TX,831.298741221,297536.681810431,4647035.638340349,1.2,451,12,4,198-4,[]
TX,831.39186089,294036.622010707,4639781.164345657,1.2,1351,12,3,362-14,[]
TX,831.540263577,290142.201889846,4643509.350249103,1.2,1352,12,3,362-15,[]
TX,831.621877267,291026.671625499,4641918.456042342,1.2,242,9,3,156-5,[]
TX,831.670911718,292836.648511662,4640491.955774952,1.2,748,12,3,235-18,[]
TX,832.135778199,291218.132301726,4641313.113423474,1.2,26,8,4,105-23,[]
TX,832.236286107,271525.992466462,4630731.324748994,1.2,146,12,3,135-12,[]
TX,832.38755329,290450.570799366,4635854.426944037,1.2,1210,12,3,341-10,[]
TX,832.535248159,291928.902981823,4641677.801824877,1.2,42,12,4,111-19,[]
TX,832.651592392,295123.260237391,4642701.303556624,1.2,722,8,3,233-16,[]
TX,832.676033179,285199.601298268,4642390.942986256,1.2,705,12,3,230-22,[]
TX,832.710539967,290487.339465304,4640826.642743751,1.2,1299,7,3,355-15,[]
TX,832.764057424,291027.085111672,4641960.91891815,1.2,1361,10,3,365-1,[]
TX,832.833061884,292313.174126451,4642043.397275892,1.2,299,12,3,174-11,[]
TX,833.237622641,288138.651816644,4643187.640183539,1.2,906,12,3,257-9,[]
TX,833.307849763,290196.934854021,4642426.115939369,1.2,1027,10,3,29-21,[]
TX,833.404334716,290069.303193278,4640932.336816118,1.2,973,7,3,273-12,[]
TX,833.539739158,291100.799927905,4641036.117036801,1.2,1127,8,3,311-11,[]
TX,833.887536929,291873.241348126,4642546.726604417,1.2,365,12,3,188-29,[]
TX,834.003832002,299969.463790338,4634655.092809129,1.2,615,12,3,220-17,[]
TX,834.125645083,290353.096178519,4643296.963311919,1.2,727,12,4,233-22,[]
TX,834.136595487,290690.649127805,4641302.617115568,1.2,1700,7,3,90-11,[]
TX,834.376800202,292759.013168891,4642102.02509373,1.2,1039,12,3,290-26,[]
TX,834.478966367,290068.664363156,4641533.881080779,1.2,1349,7,3,362-12,[]
TX,834.745569146,285806.02738506,4644903.547165969,1.2,1372,12,3,365-2,[]
TX,835.035479678,291349.949814925,4641430.272171105,1.2,1249,9,3,344-10,[]
TX,835.177636045,271625.754983086,4630635.258558931,1.2,1464,12,3,44-16,[]
TX,835.469993707,292774.609440151,4638006.71707108,1.2,642,12,3,222-8,[]
TX,835.535127647,295086.635009522,4637889.540167204,1.2,619,12,3,220-20,[]
TX,835.602254948,289208.198287547,4642307.657439094,1.2,893,11,3,257-22,"[['RX_GW', 837.08301374, 893, 11, 3, 868.1, -134.904672635, '00:00:00:00:00:02']]"
TX,836.026553409,293825.234274023,4643643.392018062,1.2,1451,12,3,42-18,[]
TX,836.164365103,292033.44839523,4643070.836508257,1.2,223,12,3,156-10,[]
TX,836.239244525,291162.767816552,4642382.822327128,1.2,405,12,3,193-25,[]
TX,836.330954623,295125.225532225,4638637.208849172,1.2,1114,12,3,308-6,[]
TX,836.523882203,290851.438546933,4642270.089229465,1.2,758,10,3,235-4,[]
TX,836.790738197,291028.784375763,4641946.169325448,1.2,1089,10,4,3-3,[]
TX,836.978153319,290883.742079964,4641311.888432566,1.2,49,8,3,111-8,[]
TX,837.291481945,290876.190981801,4642271.731176007,1.2,1453,10,3,42-2,"[['RX_GW', 837.950992956, 1453, 10, 3, 868.1, -130.919720095, '00:00:00:00:00:02']]"
TX,837.428424606,291934.984984173,4639153.854478558,1.2,1517,12,3,59-12,[]
TX,837.519341259,294967.73701634,4642709.749325824,1.2,578,8,3,212-22,[]
TX,837.528789402,290428.62277272,4634397.465938551,1.2,736,12,3,234-25,[]
TX,837.634918821,290930.365740355,4638653.351315895,1.2,1339,12,3,361-23,[]
TX,837.653728864,291713.737307162,4642195.126755027,1.2,1472,12,3,44-8,[]
TX,837.679303242,295115.285474348,4642742.519340306,1.2,1400,8,3,369-28,[]
TX,837.705551388,291841.445449654,4642463.089102638,1.2,1121,12,3,309-14,[]
TX,838.199966495,292070.322060097,4642272.558899552,1.2,1461,12,4,42-6,[]
TX,838.220877668,290882.269349065,4641283.300991872,1.2,803,8,3,241-4,[]
TX,838.269621379,291468.592872024,4642391.991581011,1.2,1034,11,4,290-14,[]
TX,838.444033496,290508.921257746,4640666.161912814,1.2,162,7,3,135-29,[]
TX,838.652835777,293692.711592636,4639589.264453309,1.2,268,12,4,169-17,[]
TX,838.745811277,291046.210320136,4641355.343721602,1.2,227,8,3,156-14,[]
TX,839.222106016,293385.182424775,4640749.238709668,1.2,1018,12,4,288-27,[]
TX,839.224797001,293841.310142789,4640167.140076892,1.2,1379,12,3,365-28,[]
TX,839.225688199,294362.123180962,4640166.168427396,1.2,582,10,3,212-3,[]
TX,839.26090962,299532.80034256,4630119.56164452,1.2,1609,12,3,8-27,[]
TX,839.331652791,291183.772126352,4641288.925821348,1.2,111,8,3,126-22,[]
TX,839.367712201,288477.742208349,4642835.979462121,1.2,1429,12,3,4-9,[]
TX,839.439411111,292743.067262192,4642090.060650866,1.2,521,12,3,208-10,[]
TX,839.524984535,289349.234269894,4634777.725972173,1.2,1144,12,3,315-26,[]
TX,839.709663634,290432.978288269,4640691.231433312,1.2,1271,7,3,351-23,[]
TX,840.081003649,291095.867614613,4641534.421452475,1.2,905,10,3,257-8,[]
TX,840.227717874,291520.520692117,4641311.87322282,1.2,276,10,3,169-6,[]
TX,840.645203149,291868.815625069,4644192.841100536,1.2,363,12,4,188-27,[]
TX,840.961350539,291334.883180168,4636320.236781695,1.2,1543,12,3,62-4,[]
TX,841.242855947,291251.418572003,4641268.796607407,1.2,1179,9,3,324-22,"[['RX_GW', 841.614621953, 1179, 9, 3, 868.1, -127.656431116, '00:00:00:00:00:02']]"
TX,841.328673496,288744.23751246,4643012.169679318,1.2,904,12,3,257-7,[]
TX,841.631630198,289742.479061702,4641833.568460706,1.2,1505,7,3,58-14,"[['RX_GW', 841.746626848, 1505, 7, 3, 868.1, -123.748760594, '00:00:00:00:00:02']]"
TX,841.876520568,289608.424830703,4642975.322001595,1.2,452,12,3,198-5,[]
TX,841.962147407,290081.151117513,4640919.34861939,1.2,709,7,3,232-11,[]
TX,842.087218903,291066.879150928,4642405.05928684,1.2,1692,11,3,89-27,[]
TX,842.306926421,291261.642649963,4641399.738581229,1.2,93,10,3,12-13,[]
TX,842.407489885,291118.806270216,4642463.497691558,1.2,489,11,3,200-22,[]
TX,842.574229202,291052.040868342,4641200.73000451,1.2,1342,9,3,361-26,[]
TX,842.740870204,292525.170981481,4642921.253062349,1.2,1317,12,4,357-28,[]
TX,842.910942389,289166.980370305,4642518.194917508,1.2,1454,12,3,42-20,[]
TX,843.241729128,282999.740786107,4644209.366509281,1.2,1497,12,3,53-29,[]
TX,843.28702524,291951.457036614,4641344.219557979,1.2,599,12,3,214-28,[]
TX,843.775353056,290196.22202241,4639302.64569007,1.2,824,11,4,243-24,[]
TX,843.789994102,291531.172893602,4641314.184114687,1.2,965,10,4,267-21,[]
TX,843.812294086,290270.859305918,4642026.048480162,1.2,1491,8,3,53-23,[]
TX,843.825735854,292255.217173944,4638742.161275108,1.2,631,12,3,222-19,[]
TX,844.480290995,289958.312096853,4639838.361979458,1.2,447,8,3,197-28,[]
TX,844.619904108,290343.814319545,4641916.731917717,1.2,1500,8,3,58-1,[]
TX,844.777665185,291136.11335396,4642464.93608602,1.2,876,11,3,253-17,[]
TX,844.815764032,265711.06463714,4649223.827905419,1.2,969,12,4,269-13,[]
TX,844.818658323,292648.845458821,4643963.321183657,1.2,534,12,3,208-25,[]
TX,844.912519852,291532.565203038,4640976.997722193,1.2,325,11,3,178-23,[]
TX,844.924078511,290548.418799151,4636476.682852177,1.2,650,12,3,223-8,[]
TX,844.957230171,291150.695277857,4644099.246487316,1.2,1504,12,3,58-13,[]
TX,845.090459811,291212.08259948,4641319.136308707,1.2,28,8,3,105-25,[]
TX,845.244873859,273689.394289453,4630641.188053317,1.2,41,12,3,111-18,[]
TX,845.315343462,273716.573269557,4630634.401836888,1.2,661,12,3,224-25,[]
TX,845.388463266,291008.738796633,4640371.55609459,1.2,726,9,3,233-21,[]
TX,845.420787708,290569.553433854,4642601.977825318,1.2,923,12,3,260-10,[]
TX,845.530972852,291188.255417605,4641320.87776544,1.2,1265,8,4,348-11,[]
TX,845.578559,289215.791476534,4642519.246314043,1.2,1180,12,3,324-30,[]
TX,845.989171586,291222.270684282,4642280.593464583,1.2,660,12,3,224-22,[]
TX,846.140197691,289161.969368074,4644144.838576175,1.2,1608,12,3,8-26,[]
TX,846.202355242,291858.242414142,4642552.925352871,1.2,192,12,3,143-19,[]
TX,846.55761181,292073.685016545,4640458.371497758,1.2,1686,11,4,89-20,[]
TX,846.795175792,290074.744083581,4641525.298105668,1.2,1348,7,4,362-11,[]
TX,846.803669859,292723.141718948,4641841.920818151,1.2,89,12,3,119-8,[]
TX,846.925003702,293176.918044331,4643067.279477138,1.2,704,12,4,229-29,[]
TX,847.05274282,290369.919988637,4641811.28094273,1.2,1672,7,3,87-4,[]
TX,847.062344799,292041.165383598,4641773.457811238,1.2,376,12,3,191-22,[]
TX,847.470439233,291703.433990203,4640058.313630414,1.2,842,11,3,246-7,[]
TX,847.596481312,291726.40136055,4642152.659605168,1.2,468,11,3,2-2,[]
TX,847.714694734,290725.638314045,4642906.349459887,1.2,351,12,3,185-28,[]
TX,847.813581994,290096.226596578,4640903.642973367,1.2,644,7,3,223-3,[]
TX,847.817567125,288651.050784245,4637697.217455029,1.2,203,12,3,144-4,[]
TX,847.984016179,290863.462160325,4642270.567206678,1.2,1253,10,4,344-14,[]
TX,848.016008273,294677.733409658,4642483.255749261,1.2,605,9,3,22-20,[]
TX,848.021664558,290467.428243108,4640625.113309747,1.2,607,7,3,22-3,[]
TX,848.206496076,287903.647723855,4641413.12450661,1.2,35,11,3,106-5,[]
TX,848.211604307,291027.62850259,4641940.385538237,1.2,889,9,3,257-18,[]
TX,848.24723764,291675.562311986,4644932.193625719,1.2,1219,12,3,341-27,[]
TX,848.321843949,290725.054360466,4639581.814057152,1.2,1078,10,3,298-14,[]
TX,848.359422222,290654.259517937,4642598.439795743,1.2,1123,12,4,309-16,[]
TX,848.437121149,290667.191612608,4640255.266715868,1.2,446,7,3,197-27,[]
TX,848.707115739,295146.795118124,4642748.029827129,1.2,1287,8,3,352-2,[]
TX,849.290087423,290688.378947963,4641308.793388712,1.2,850,7,3,248-15,[]
TX,849.718805231,291728.005471658,4642157.018934541,1.2,1690,11,4,89-25,"[['RX_GW', 851.19956598, 1690, 11, 4, 868.1, -133.886696033, '00:00:00:00:00:02']]"
TX,850.165369176,288969.125630113,4642614.136859214,1.2,636,10,3,222-3,[]
TX,850.22331629,284971.571145275,4643540.642583797,1.2,208,12,4,147-19,[]
TX,850.228672282,289711.575468793,4641332.288339647,1.2,408,7,3,193-3,[]
TX,850.382544896,293701.538277575,4644246.980369695,1.2,541,12,3,208-8,[]
TX,850.819359145,288443.582231561,4642840.526771337,1.2,1474,12,3,45-15,[]
TX,850.84800805,290526.411183569,4642821.380373104,1.2,518,12,3,205-8,[]
TX,851.01203843,290686.31240546,4641313.557329489,1.2,1312,7,4,357-23,[]
TX,851.100127624,292028.153756846,4643702.194289285,1.2,229,12,3,156-18,[]
TX,851.107281411,291556.074550023,4641370.625821487,1.2,1310,12,3,357-14,[]
TX,851.109548085,290312.219011432,4641992.011190902,1.2,1511,8,3,58-27,[]
TX,851.293415765,295115.360566014,4642711.000185436,1.2,1424,8,3,39-8,"[['RX_GW', 851.500829147, 1424, 8, 3, 868.1, -126.260363066, '00:00:00:00:00:04']]"
TX,851.618425225,290935.736030789,4642052.260032609,1.2,233,10,3,156-22,"[['RX_GW', 852.277935775, 233, 10, 3, 868.1, -130.488982277, '00:00:00:00:00:02']]"
TX,851.74991843,291740.530103073,4642155.243963246,1.2,1683,11,4,89-17,[]
TX,852.135942101,291833.73782158,4642457.951608113,1.2,767,12,3,236-21,[]
TX,852.236627471,290753.324216103,4641179.168692933,1.2,887,7,3,257-13,[]
TX,852.328299264,290560.512229127,4641987.832436542,1.2,1341,10,3,361-25,"[['RX_GW', 852.987808914, 1341, 10, 3, 868.1, -130.335254753, '00:00:00:00:00:02']]"
TX,852.563537231,294022.705378846,4641044.169730003,1.2,512,10,4,203-6,"[['RX_GW', 853.223048779, 512, 10, 4, 868.1, -131.825178788, '00:00:00:00:00:04']]"
TX,852.684614915,292682.739631187,4641792.552232177,1.2,1610,12,3,8-28,[]
TX,852.825585402,297156.913382561,4649791.564668192,1.2,703,12,4,229-15,[]
TX,853.100558331,291849.23795915,4642554.915176978,1.2,891,12,3,257-20,[]
TX,853.378504293,290393.31101727,4641795.806987672,1.2,674,7,3,225-2,[]
TX,853.397349366,291019.645070903,4641967.293436686,1.2,671,10,3,225-17,[]
TX,853.565678841,295613.70827811,4645551.811555872,1.2,350,12,4,185-27,[]
TX,854.400531542,291383.8309672,4636408.059953004,1.2,1019,12,3,288-28,[]
TX,854.401254459,296389.286120264,4639685.464439336,1.2,831,12,3,244-9,[]
TX,854.445489086,285827.723934696,4643315.929495699,1.2,1325,12,3,360-11,[]
TX,854.55321796,291136.505881511,4641956.830958299,1.2,1216,10,3,341-24,[]
TX,854.62218037,290326.173153847,4640717.719231014,1.2,1258,7,4,347-17,[]
TX,854.660382628,280726.852680781,4623593.243935839,1.2,286,12,4,170-27,[]
TX,854.755855477,290082.20716279,4640917.293471393,1.2,130,7,3,132-12,[]
TX,855.231985121,290098.93601686,4640931.164027532,1.2,43,7,3,111-20,[]
TX,855.238679258,291528.822678495,4641377.230165379,1.2,516,10,3,205-19,[]
TX,855.262289834,295124.287919709,4642708.731604123,1.2,1286,8,3,352-19,[]
TX,855.515243866,290422.695221875,4641812.59036126,1.2,1725,7,4,94-1,[]
TX,856.006491639,291652.928719736,4642136.89937917,1.2,1614,11,3,80-11,[]
TX,856.10556931,291265.875856865,4641996.942071482,1.2,64,11,3,113-6,[]
TX,856.306828632,290655.046184452,4639741.196397118,1.2,226,8,3,156-13,[]
TX,856.366429817,290472.524941588,4640625.641832181,1.2,422,7,3,196-10,[]
TX,856.473987066,290374.622757102,4641808.430840983,1.2,1701,7,3,90-12,[]
TX,856.646111772,290349.720416061,4641799.705415361,1.2,1390,7,4,369-10,[]
TX,856.657603387,290469.872921622,4640636.369550831,1.2,853,7,3,248-26,[]
TX,856.659144574,289808.074524697,4641911.471402931,1.2,1697,7,4,89-6,[]
TX,856.721331635,291656.539566156,4639943.427373545,1.2,733,12,3,234-15,[]
TX,856.802954944,271986.251864212,4630564.889968118,1.2,654,12,3,224-14,[]
TX,856.867532873,290812.706060463,4645040.317309292,1.2,1113,12,3,308-5,[]
TX,857.217845025,291707.13062466,4642125.085447538,1.2,329,11,4,178-27,[]
TX,857.253112086,291826.740307626,4642522.886554079,1.2,503,12,3,203-17,[]
TX,857.404895949,291848.23681304,4642812.253828011,1.2,141,12,3,132-6,[]
TX,857.453189189,290151.770685848,4644288.146680625,1.2,1554,12,3,68-15,[]
TX,857.585577888,291491.90028882,4645032.617562832,1.2,756,12,4,235-29,[]
TX,857.672460507,290993.181206075,4639048.048713606,1.2,594,12,3,214-23,[]
TX,857.944112775,293050.85213497,4640909.394202284,1.2,1124,12,3,310-15,[]
TX,858.536317285,291836.179398429,4642548.717771558,1.2,355,12,3,187-15,[]
TX,859.339285866,290109.593063863,4640889.754142094,1.2,256,7,4,157-26,[]
TX,859.552251431,290229.323036956,4642804.35532146,1.2,492,11,4,200-5,[]
TX,859.756403017,291979.253924789,4643702.610735406,1.2,693,12,3,228-17,[]
TX,859.79027126,289427.491307127,4641745.053697869,1.2,806,7,3,241-7,[]
TX,859.898965249,270875.665857658,4646185.622169768,1.2,1046,12,3,294-5,[]
TX,860.215691024,290689.568397209,4641299.840792285,1.2,88,7,3,119-7,[]
TX,860.265775935,293347.417880387,4642648.776387087,1.2,345,12,3,185-15,[]
TX,860.326996361,291629.220640487,4644618.941878875,1.2,744,12,3,235-13,[]
TX,860.412199562,290699.095581163,4641293.720953341,1.2,779,7,3,238-2,"[['RX_GW', 860.527195854, 779, 7, 3, 868.1, -121.085663537, '00:00:00:00:00:02']]"
TX,860.497684848,294270.856992265,4641971.207012596,1.2,520,9,3,206-22,[]
TX,860.59969647,288182.708530738,4643913.32400192,1.2,504,12,3,203-19,[]
TX,860.632002341,293840.767531839,4643659.963844211,1.2,899,12,3,257-28,[]
TX,861.043936371,289528.893774045,4641789.853889897,1.2,527,7,4,208-18,"[['RX_GW', 861.158933118, 527, 7, 4, 868.1, -121.995303231, '00:00:00:00:00:02']]"
TX,861.167098223,290391.730168475,4641814.509185397,1.2,1740,7,4,94-27,"[['RX_GW', 861.28209507, 1740, 7, 4, 868.1, -122.790815438, '00:00:00:00:00:02']]"
TX,861.320135516,292303.570899786,4640609.465147346,1.2,119,12,3,127-28,[]
TX,861.373199727,293657.897381484,4644152.22748867,1.2,1720,12,3,92-15,[]
TX,861.479319245,292804.770340638,4642209.250513182,1.2,682,12,4,225-6,[]
TX,861.522013994,291018.527484559,4641791.183626165,1.2,1147,8,4,315-29,[]
TX,861.687825422,292395.965729303,4642182.508051359,1.2,1140,12,3,315-15,[]
TX,861.6994084,290278.140279944,4641289.729075145,1.2,1596,7,3,79-24,[]
TX,861.952003515,290548.642711404,4642662.817737601,1.2,1309,12,4,357-13,[]
TX,862.008460511,291844.726373424,4642548.222795901,1.2,1151,12,4,317-1,[]
TX,862.093774124,286458.45850323,4642643.221186627,1.2,324,12,3,178-15,[]
TX,862.349173917,289118.626709948,4640560.177874827,1.2,1591,7,4,79-12,[]
TX,862.437836383,271575.170207752,4630629.721565969,1.2,1190,12,3,328-5,[]
TX,862.598825615,290412.926854668,4641798.993772888,1.2,1743,7,3,94-3,[]
TX,862.687242586,289217.967521941,4642437.253224215,1.2,1337,11,3,361-14,[]
TX,862.740116299,290809.300429999,4641296.142888924,1.2,1480,7,4,48-21,[]
TX,862.921674617,289170.660747733,4642516.55549554,1.2,395,12,4,193-12,[]
TX,863.006159,291652.565700993,4642312.37925073,1.2,1535,12,3,61-15,[]
TX,863.511280701,292639.865128151,4641677.782000273,1.2,1741,12,4,94-28,[]
TX,863.607235752,289728.24022747,4641856.589420052,1.2,543,7,3,209-17,[]
TX,863.626922673,291363.376450829,4638521.045677332,1.2,1587,12,3,78-30,[]
TX,863.635469658,291642.282707279,4636612.346055174,1.2,34,12,4,106-4,[]
TX,863.722928703,292686.08750738,4641803.746038812,1.2,1661,12,3,85-7,[]
TX,863.779216245,290564.91355619,4642903.273415863,1.2,1717,12,4,90-8,[]
TX,863.818402172,293610.316014222,4639332.765830299,1.2,577,12,3,212-21,[]
TX,864.15179669,291032.553356403,4641162.495979481,1.2,524,7,3,208-13,"[['RX_GW', 864.266793881, 524, 7, 3, 868.1, -122.020356275, '00:00:00:00:00:02']]"
TX,864.234261316,291677.438623635,4642108.557013733,1.2,1669,11,3,87-22,[]
TX,864.565201288,288935.673228233,4635876.567040979,1.2,388,12,3,192-18,[]
TX,864.745964395,291712.050141683,4640038.3905786,1.2,871,11,3,250-28,[]
TX,864.801828327,292021.128443474,4643038.928634307,1.2,230,12,4,156-19,[]
TX,864.831498916,291768.859729497,4636722.800642534,1.2,1765,12,3,99-29,[]
TX,865.411642708,290704.45928141,4641292.27392602,1.2,593,7,3,213-30,[]
TX,865.605069536,286603.718071765,4650601.613153315,1.2,1473,12,3,44-9,[]
TX,865.659908036,291150.986795478,4641358.902942908,1.2,677,8,3,225-22,[]
TX,865.85238907,288438.247492347,4642841.969370119,1.2,714,12,3,232-23,[]
TX,865.95269614,288868.983585952,4635890.53104051,1.2,390,12,4,192-22,[]
TX,866.040739496,291125.588844855,4641953.480188066,1.2,387,10,4,191-8,[]
TX,866.064630248,289559.917857944,4643531.854550801,1.2,1666,12,3,87-2,[]
TX,866.520678161,291814.43247249,4641593.4674886,1.2,1522,11,3,59-24,"[['RX_GW', 868.001438289, 1522, 11, 3, 868.1, -134.23808768, '00:00:00:00:00:02']]"
TX,866.854434869,286410.843992327,4644439.184381138,1.2,959,12,3,266-8,[]
TX,867.216299492,290395.619368242,4641321.735089125,1.2,418,7,4,195-25,[]
TX,867.470920586,292540.713741755,4640786.685520089,1.2,474,12,4,2-27,[]
TX,867.545262209,292706.270605394,4641838.890590897,1.2,1295,12,3,352-29,[]
TX,867.941485028,290319.945804596,4641339.952275023,1.2,1291,7,3,352-25,[]
TX,867.998825589,293322.50605111,4643327.357888361,1.2,1560,12,3,7-14,[]
TX,868.041455671,272755.277815836,4629699.350924941,1.2,147,12,3,135-13,[]
TX,868.071581858,290498.253186622,4640664.048405201,1.2,1148,7,3,315-9,"[['RX_GW', 868.186577343, 1148, 7, 3, 868.1, -111.916989229, '00:00:00:00:00:02']]"
TX,868.165079255,298601.945725026,4631792.021643935,1.2,913,12,4,259-15,[]
TX,868.29169455,290477.408008439,4640625.149485772,1.2,370,7,3,191-14,"[['RX_GW', 868.40669003, 370, 7, 3, 868.1, -111.870036406, '00:00:00:00:00:02']]"
TX,868.443771416,280723.137990414,4623604.416163548,1.2,287,12,3,170-28,[]
TX,868.479395973,292179.166149836,4641380.280630608,1.2,1344,12,4,361-29,[]
TX,868.600424997,291897.244390177,4644144.697848245,1.2,157,12,3,135-24,[]
TX,868.665527044,284023.513717858,4632962.256086295,1.2,385,12,3,191-6,[]
TX,868.786457511,299770.717822219,4630300.773091938,1.2,617,12,3,220-19,[]
TX,868.949534427,294180.29768475,4644040.684167439,1.2,810,12,3,242-19,[]
TX,869.041446744,276906.53696195,4640746.162157766,1.2,1256,12,3,345-22,[]
TX,869.068928368,294451.620500648,4641330.121609536,1.2,1751,10,4,96-11,[]
TX,869.169482277,293319.454121148,4640194.977149958,1.2,67,12,3,115-16,[]
TX,869.244680785,294587.123946621,4643066.122755137,1.2,692,10,3,228-16,[]
TX,869.576219577,292671.888732168,4643688.721029617,1.2,875,12,3,253-16,[]
TX,869.635326319,290638.045034384,4640580.077066364,1.2,1419,7,3,37-8,[]
TX,869.971888894,290897.839620431,4642251.371490268,1.2,1208,10,3,337-5,[]
TX,870.143918421,292686.348107687,4641798.789548682,1.2,1155,12,4,321-1,[]
TX,870.286078132,299792.70794519,4630305.989542416,1.2,978,12,3,273-24,[]
TX,870.338063413,291019.059535588,4641956.595689122,1.2,814,10,3,242-30,[]
TX,870.507504228,293437.768205242,4640003.747552525,1.2,907,12,4,259-1,[]
TX,870.637044232,291032.599669374,4641932.942055721,1.2,1680,9,4,89-12,[]
TX,870.778657669,273165.340248594,4629969.672715285,1.2,695,12,3,228-25,[]
TX,871.280510514,290947.699328164,4641190.815055623,1.2,158,7,3,135-25,"[['RX_GW', 871.395507455, 158, 7, 3, 868.1, -122.460468952, '00:00:00:00:00:02']]"
TX,871.465548867,294692.208831834,4646874.218931274,1.2,1677,12,3,88-7,[]
TX,871.677516765,291750.334145024,4642779.455886386,1.2,245,12,3,156-8,[]
TX,871.785841332,290488.867914082,4640793.671177602,1.2,1567,7,3,7-29,[]
TX,871.886150009,291842.329764263,4642457.125273972,1.2,1355,12,4,362-25,[]
TX,872.207787789,273703.938935135,4630653.30139548,1.2,437,12,3,196-3,[]
TX,872.274633143,290414.453029613,4641814.403881285,1.2,1638,7,4,83-11,[]
TX,872.486889543,295139.260950517,4642696.497231558,1.2,1129,8,4,311-13,[]
TX,873.013322711,290259.727767604,4641988.242513705,1.2,71,8,4,115-2,[]
TX,873.075932463,290743.727451917,4642384.804170344,1.2,1252,10,3,344-13,[]
TX,873.166818402,288335.732984965,4644714.578475097,1.2,955,12,3,266-4,[]
TX,873.298494704,290671.876632843,4641305.728712957,1.2,413,7,4,193-8,[]
TX,873.585263514,289632.846328857,4641970.088265209,1.2,1752,7,4,96-12,[]
TX,873.593222006,290074.515266769,4641521.347735535,1.2,1088,7,4,3-2,[]
TX,873.921990905,294528.649653056,4644446.720807331,1.2,1001,12,3,281-11,[]
TX,873.989991314,286469.506446587,4641726.403094266,1.2,98,12,3,121-11,[]
TX,874.025839958,290081.844293902,4641533.973680331,1.2,4,7,4,104-1,[]
TX,874.134954799,290632.022827919,4642292.310511199,1.2,795,10,3,241-18,[]
TX,874.164830038,291588.891657264,4644839.022558821,1.2,140,12,3,132-5,[]
TX,874.416810995,291818.609722075,4642552.21836983,1.2,766,12,4,236-20,[]
TX,874.443818721,291664.158472345,4642122.866999813,1.2,796,11,3,241-19,[]
TX,874.591772814,289406.06062108,4637477.436224283,1.2,0,12,3,102-23,[]
TX,874.735434634,293939.993826063,4638838.054424819,1.2,519,12,4,205-9,[]
TX,874.747803647,291731.84634521,4642137.991170959,1.2,1679,11,4,89-11,[]
TX,874.918894571,295033.917936166,4642932.387898961,1.2,590,9,3,213-16,"[['RX_GW', 875.290660739, 590, 9, 3, 868.1, -127.817956584, '00:00:00:00:00:04']]"
TX,874.942148576,290086.720420636,4640911.554862023,1.2,1478,7,4,48-19,[]
TX,875.049512737,288731.996389773,4635188.375138005,1.2,1350,12,3,362-13,[]
TX,875.081557254,290101.164575127,4640900.181681657,1.2,1067,7,3,297-23,[]
TX,875.299047938,294960.429516364,4642708.675914198,1.2,618,7,3,220-2,"[['RX_GW', 875.414045589, 618, 7, 3, 868.1, -123.325700062, '00:00:00:00:00:04']]"
TX,875.309147181,289026.077053781,4638816.463319667,1.2,1268,12,3,348-15,[]
TX,875.375728623,292179.430852457,4641885.758308124,1.2,1207,12,3,337-3,[]
TX,875.423659625,292801.165217555,4642011.245777551,1.2,561,12,3,21-30,[]
TX,875.427849166,290321.389041035,4641896.433889074,1.2,352,8,3,185-29,[]
TX,875.510799236,291898.330526486,4641655.365032927,1.2,436,12,4,196-28,[]
TX,875.530357687,290470.283688314,4641386.515685502,1.2,8,7,4,104-13,[]
TX,875.548220697,293110.201241744,4642345.760482429,1.2,1292,12,3,352-26,[]
TX,875.584356994,292313.792783201,4640490.453646009,1.2,942,12,3,264-27,[]
TX,875.639110533,289859.886741323,4642399.059673826,1.2,545,10,3,209-19,[]
TX,875.705327443,288330.589331103,4642503.894118719,1.2,476,12,4,2-29,[]
TX,876.04723437,290695.034938837,4641305.365906383,1.2,33,7,3,106-3,[]
TX,876.276157129,290661.307931564,4641639.014964744,1.2,135,7,4,132-19,[]
TX,876.337059516,290519.244783263,4642907.970353538,1.2,1469,12,3,44-21,[]
TX,876.594718463,290766.156288536,4642768.071062517,1.2,1447,12,4,41-21,[]
TX,876.773566501,290694.222306893,4642154.332010133,1.2,403,9,3,193-22,[]
TX,877.141623054,291064.702078268,4644037.870142553,1.2,1576,12,3,74-1,[]
TX,877.150761069,289734.731592302,4641273.981700531,1.2,1080,7,3,298-23,"[['RX_GW', 877.265755974, 1080, 7, 3, 868.1, -108.762927823, '00:00:00:00:00:02']]"
TX,877.475504495,286011.503760425,4644517.545924569,1.2,759,12,3,235-5,[]
TX,877.643359873,290080.387075592,4640921.457117276,1.2,1712,7,4,90-28,"[['RX_GW', 877.758353793, 1712, 7, 4, 868.1, -82.43140405, '00:00:00:00:00:02']]"
TX,877.810443689,290707.526302459,4651386.180327146,1.2,770,12,4,236-26,[]
TX,878.088274654,285825.018333902,4643302.595769132,1.2,1326,12,3,360-15,[]
TX,878.41514199,290329.731257635,4639630.248064371,1.2,281,9,4,17-8,"[['RX_GW', 878.786907945, 281, 9, 4, 868.1, -127.584894467, '00:00:00:00:00:02']]"
TX,878.702969337,294431.91526924,4643155.432533962,1.2,571,12,3,210-9,"[['RX_GW', 881.334705287, 571, 12, 3, 868.1, -135.219445373, '00:00:00:00:00:04']]"
TX,878.820003982,290344.565195802,4641842.008093583,1.2,301,8,4,174-13,"[['RX_GW', 879.027416857, 301, 8, 4, 868.1, -124.299896712, '00:00:00:00:00:02']]"
TX,878.840345375,256234.792061344,4651864.59810408,1.2,1255,12,3,345-19,[]
TX,878.912123105,289248.760952134,4642470.380442631,1.2,1467,10,3,44-19,[]
TX,879.094708491,288536.921967473,4638290.303141034,1.2,279,12,4,17-22,[]
TX,879.354196105,290412.926358814,4641822.785516742,1.2,1732,7,3,94-18,[]
TX,879.463885341,290077.115348387,4640919.990648657,1.2,274,7,4,169-30,[]
TX,879.488051599,291031.158620576,4642327.64693243,1.2,836,11,3,245-9,[]
TX,879.502455819,290499.504723264,4640632.253732266,1.2,434,7,3,196-26,[]
TX,879.703849705,289576.335365172,4647059.144202868,1.2,680,12,3,225-4,[]
TX,879.770745518,291532.364183344,4640966.319373544,1.2,1618,11,3,80-23,[]
TX,879.935319169,292317.770590586,4640601.713691742,1.2,1423,12,3,370-30,[]
TX,879.997727523,291580.010220418,4640950.818176498,1.2,375,10,4,191-21,[]
TX,880.106288379,293081.919017815,4640981.437856417,1.2,526,12,3,208-17,[]
TX,880.124217338,289735.078344217,4642805.601189305,1.2,419,11,4,195-26,[]
TX,880.151383328,288658.621338367,4641548.623984112,1.2,1356,9,3,362-26,[]
TX,880.591089054,290815.754043105,4640325.494520233,1.2,1607,8,4,8-25,[]
TX,880.657719703,280246.973406299,4632616.113004883,1.2,668,12,3,224-6,[]
TX,880.772637001,290845.959397115,4638652.496976333,1.2,353,12,4,186-21,[]
TX,881.231951386,273675.842961406,4630613.468005128,1.2,331,12,3,178-29,[]
TX,881.269762413,299735.36461477,4630019.705471092,1.2,622,12,3,220-3,[]
TX,881.289379996,290428.55917378,4639991.643818161,1.2,646,7,4,223-4,"[['RX_GW', 881.404376932, 646, 7, 4, 868.1, -122.893459354, '00:00:00:00:00:02']]"
TX,881.370430475,287975.491531402,4641820.96571765,1.2,1199,12,3,331-16,[]
TX,881.513091697,290702.076744103,4641304.576217991,1.2,629,7,3,222-17,"[['RX_GW', 881.628088015, 629, 7, 3, 868.1, -121.255032983, '00:00:00:00:00:02']]"
TX,882.198375079,298066.534438158,4639319.902019025,1.2,211,12,3,154-18,[]
TX,882.225832563,293403.012065661,4640923.695934078,1.2,1585,12,3,78-11,[]
TX,882.251274943,291530.233197527,4642154.249471948,1.2,321,12,4,178-12,[]
TX,882.701893103,292665.32608428,4641804.66445563,1.2,85,12,3,119-4,[]
TX,883.083812291,294970.285156053,4642711.533292387,1.2,586,8,4,212-8,[]
TX,883.41498343,291590.179362521,4644808.695577182,1.2,407,12,4,193-27,[]
TX,883.951836869,289450.624504381,4646133.622273978,1.2,1275,12,3,351-27,[]
TX,884.156881434,290532.671176084,4636452.634025462,1.2,470,12,3,2-21,[]
TX,884.508713681,290683.227795588,4642882.999314225,1.2,962,12,4,267-18,[]
TX,884.588796173,291338.585357071,4642160.240277491,1.2,1736,11,3,94-21,[]
TX,885.068320264,290380.5025539,4641811.671532989,1.2,745,7,4,235-14,"[['RX_GW', 885.183317086, 745, 7, 4, 868.1, -122.652708321, '00:00:00:00:00:02']]"
TX,885.221900207,291912.507973426,4641477.58135214,1.2,173,12,3,139-6,[]
TX,885.367235137,290384.969601763,4635994.582342998,1.2,975,12,4,273-14,[]
TX,885.432125554,289613.09323244,4644732.704595932,1.2,1528,12,4,59-9,[]
TX,885.43320216,297582.255532166,4643636.155213322,1.2,183,12,3,14-27,[]
TX,885.443312213,290405.506057967,4641811.102955651,1.2,296,7,3,172-9,[]
TX,885.471121679,289849.869966906,4641886.555721547,1.2,1306,7,3,357-10,[]
TX,885.520375801,287913.8091227,4643975.402432859,1.2,50,12,4,112-13,[]
TX,885.624068612,291624.060969431,4644609.387966557,1.2,750,12,3,235-2,[]
TX,885.697228015,290972.364954443,4640799.714538287,1.2,1494,7,3,53-26,[]
TX,885.768553798,293942.540110408,4642871.364811498,1.2,1197,12,3,331-1,[]
TX,886.068329261,291169.7799362,4641331.758248057,1.2,649,8,4,223-7,[]
TX,886.144158493,289183.690804355,4642909.878149861,1.2,360,12,4,188-24,[]
TX,886.506298598,290449.226528849,4640535.649766067,1.2,218,7,3,155-11,[]
TX,886.552037017,273725.195664533,4630669.342732311,1.2,960,12,4,267-16,[]
TX,886.955786998,292095.194811938,4640668.961976146,1.2,1118,12,4,309-11,[]
TX,887.054533145,290278.739129631,4635333.502371844,1.2,1364,12,3,365-12,[]
TX,887.123861344,291875.041011487,4641637.986407911,1.2,1555,12,3,68-9,[]
TX,887.212708514,290440.540970754,4640846.655309733,1.2,202,7,3,143-8,[]
TX,887.229437651,292290.654376941,4637702.463023154,1.2,308,12,3,174-27,[]
TX,887.261149627,292323.654841652,4642044.973465784,1.2,1577,12,3,74-15,[]
TX,887.384397744,271638.801053895,4630671.033034568,1.2,870,12,4,250-27,[]
TX,887.989612804,291871.141758182,4642552.644135507,1.2,1277,12,4,351-29,[]
TX,888.011963152,293327.298376205,4643222.697983669,1.2,1488,12,4,53-13,[]
TX,888.058961162,293113.513052689,4643423.821343815,1.2,845,12,3,248-10,[]
TX,888.060048588,291067.868428887,4643535.414267812,1.2,773,12,4,236-7,[]
TX,888.659986181,289745.037490109,4641530.268124023,1.2,1465,7,3,44-17,[]
TX,888.909674483,291732.576475366,4642144.976909178,1.2,169,11,3,139-2,[]
TX,889.159449714,292096.489072161,4642730.606461876,1.2,1439,12,4,40-5,[]
TX,889.425256568,286658.803812337,4645756.227476969,1.2,573,12,4,212-13,[]
TX,889.485069331,297002.848943156,4638969.179502887,1.2,402,12,4,193-21,[]
TX,889.498044295,292064.322950156,4644132.55216093,1.2,1721,12,3,92-16,[]
TX,889.531219089,294012.780210332,4639577.993070895,1.2,1321,12,3,359-25,[]
TX,889.650583535,291770.993264444,4642821.258879357,1.2,273,12,4,169-3,[]
TX,889.918069641,295124.579346354,4642705.871690022,1.2,580,8,3,212-27,[]
TX,890.233204081,291872.613243457,4642552.321405574,1.2,347,12,4,185-24,[]
TX,890.405740398,296076.989055289,4635045.588637532,1.2,143,12,3,135-1,[]
TX,890.461896246,290065.611597149,4641531.685325126,1.2,471,7,3,2-24,[]
TX,890.574354966,292748.43330146,4642012.353253812,1.2,1484,12,3,53-1,[]
TX,890.810050728,292656.169807409,4641764.088786688,1.2,1343,12,4,361-28,[]
TX,891.110633935,291827.280692702,4642415.184713207,1.2,1272,12,3,351-24,[]
TX,891.251185941,292488.579268136,4639813.695621442,1.2,610,12,3,22-5,[]
TX,891.434016082,290858.825926927,4642258.482696184,1.2,754,10,4,235-26,[]
TX,891.483214718,291291.84498534,4643552.264324455,1.2,1694,12,3,89-3,[]
TX,891.54297992,301763.698678068,4645301.963398266,1.2,1224,12,3,342-10,[]
TX,891.549569694,290404.191096222,4641804.846753143,1.2,1682,7,4,89-14,[]
TX,891.859439841,293128.156553687,4637679.904844777,1.2,1395,12,3,369-23,[]
TX,892.031051993,290304.907931909,4641412.089171465,1.2,1410,7,3,37-21,[]
TX,892.055655803,292166.11712392,4641852.541100502,1.2,1296,12,3,352-30,[]
TX,892.129525349,290083.283804264,4640917.808739332,1.2,1021,7,4,288-9,[]
TX,892.820587343,291032.166502491,4641779.114816922,1.2,1244,8,3,343-29,[]
TX,892.847649539,292675.740005058,4641826.027755262,1.2,87,12,3,119-6,[]
TX,893.240242053,295418.223581333,4640756.658334944,1.2,833,7,3,245-23,[]
TX,893.31102615,291635.607859696,4644607.38394702,1.2,751,12,4,235-21,[]
TX,893.367809929,290116.142659701,4643331.930805923,1.2,219,12,3,155-12,[]
TX,893.405400391,288563.512003072,4642689.062822701,1.2,1235,12,3,343-14,[]
TX,893.995496886,289644.748348478,4643732.908538161,1.2,1582,12,4,74-30,[]
TX,894.113086648,289674.422308687,4640520.68296976,1.2,676,7,3,225-21,[]
TX,894.1832906,289831.345992669,4641197.419398533,1.2,530,7,4,208-21,[]
TX,894.341343585,298859.381831248,4641834.730996965,1.2,782,12,3,238-22,[]
TX,894.507856154,290393.489388553,4642050.945876455,1.2,1031,8,3,290-11,[]
TX,894.784036384,292074.386004169,4642261.814576549,1.2,380,12,3,191-27,[]
TX,894.886697559,291024.906415311,4640566.017873298,1.2,1516,8,4,59-10,[]
TX,894.971946573,282852.651874466,4657689.867664672,1.2,640,12,3,222-6,[]
TX,895.116223086,288876.158212547,4635827.31570236,1.2,389,12,3,192-21,[]
TX,895.155196007,291950.438625333,4643634.28279222,1.2,27,12,3,105-24,[]
TX,895.162574722,291401.966652548,4641356.93126435,1.2,826,10,4,243-28,[]
TX,895.304171206,289831.717737932,4638450.645454648,1.2,1215,12,3,341-23,[]
TX,895.332754894,290917.316099234,4641227.160249437,1.2,326,7,3,178-24,[]
TX,895.344651902,290060.565619823,4642385.357533193,1.2,1278,8,3,352-1,[]
TX,895.559898097,290080.707603855,4640915.009520696,1.2,400,7,3,193-19,[]
TX,895.792465025,289936.777916371,4642714.109544644,1.2,1463,10,4,42-8,[]
TX,896.454087382,290083.822388833,4641525.153247388,1.2,5,7,4,104-10,[]
TX,896.499338103,289546.729199103,4644106.833107755,1.2,1744,12,3,94-30,[]
TX,896.511854068,291218.120668689,4642270.897261476,1.2,900,10,4,257-3,[]
TX,896.620736059,295114.656030295,4642718.722153427,1.2,1718,8,4,92-1,"[['RX_GW', 896.828149464, 1718, 8, 4, 868.1, -126.5695889, '00:00:00:00:00:04']]"
TX,897.485546508,292756.03098418,4642108.838275709,1.2,207,12,4,145-22,[]
TX,897.737540504,291107.267016159,4644209.957642478,1.2,1731,12,4,94-17,[]
TX,897.867313516,289666.343715101,4641767.211719344,1.2,1739,7,3,94-26,[]
TX,897.876293074,291769.716239479,4642615.067795719,1.2,154,12,3,135-2,[]
TX,898.455152574,290412.908309768,4642313.224773295,1.2,1757,10,3,96-9,[]
TX,898.459980891,291793.049081815,4644108.824532489,1.2,1729,12,4,94-15,[]
TX,898.517332198,291336.503420332,4641143.031470711,1.2,532,9,3,208-23,[]
TX,898.532341477,291132.896388718,4642466.130831814,1.2,881,11,4,253-22,[]
TX,898.651941157,291111.390927021,4636126.099117075,1.2,309,12,3,174-28,[]
TX,898.936109157,292731.923288618,4641845.336696049,1.2,984,12,3,275-29,[]
TX,898.955779432,291122.271630108,4641136.787361341,1.2,1468,8,4,44-20,[]
TX,899.093181057,291055.269606102,4642323.462140973,1.2,1742,11,3,94-29,[]
TX,899.146183309,291735.873406321,4642671.30202555,1.2,1688,12,3,89-22,[]
TX,899.180310403,292094.54662487,4640663.524777813,1.2,1035,12,4,290-15,[]
TX,899.27569755,291721.981181358,4642165.353287701,1.2,507,12,3,203-21,[]
TX,899.289132165,290318.3825137,4643601.259855086,1.2,1763,12,3,99-27,[]
TX,899.433892708,290705.004654328,4641300.66555174,1.2,1211,7,3,341-11,[]
TX,900.033142415,295133.855136094,4642737.042527364,1.2,59,8,3,113-22,[]
TX,900.039556547,290498.172311562,4640670.196144458,1.2,1387,7,3,366-16,[]
TX,900.280380452,290593.465084737,4642833.32049344,1.2,1422,12,4,370-16,[]
TX,900.412254986,294375.831555432,4643076.325747823,1.2,1374,12,3,365-21,[]
TX,900.800501969,292682.032956558,4643694.149130357,1.2,330,12,4,178-28,[]
TX,901.299984082,287757.948875743,4637365.710019097,1.2,1281,12,4,352-14,[]
TX,901.542907872,290309.584475079,4636916.836577545,1.2,384,12,4,191-5,[]
TX,901.619539772,292197.612133906,4643436.488137514,1.2,1462,12,4,42-7,[]
TX,902.069865365,290470.459170934,4640695.949026192,1.2,510,7,4,203-30,[]
TX,902.273134682,291699.959289191,4640848.014292396,1.2,1227,12,3,342-2,[]
TX,902.295877267,290592.684497463,4643874.484783621,1.2,61,12,3,113-30,[]
TX,902.308283292,290698.210417411,4641301.392852147,1.2,51,7,3,112-15,[]
TX,902.394878023,290300.142928016,4640737.535240605,1.2,94,7,3,12-14,[]
TX,902.440087371,292694.392380087,4641811.073937344,1.2,1568,12,3,7-9,[]
TX,902.725384341,292625.719931804,4641773.600999702,1.2,1649,12,4,85-16,[]
TX,903.394171711,290064.361494632,4640924.332721669,1.2,980,7,4,273-27,"[['RX_GW', 903.509165579, 980, 7, 4, 868.1, -80.047440179, '00:00:00:00:00:02']]"
TX,903.506729481,289813.647497282,4641409.435817535,1.2,1509,7,3,58-25,[]
TX,903.701958625,291131.229414733,4643263.206481864,1.2,502,12,4,202-8,[]
TX,903.770542397,290549.773485737,4643181.628110281,1.2,799,12,4,241-21,[]
TX,904.028074272,290999.639371,4640660.806549042,1.2,1711,7,3,90-26,[]
TX,904.302045971,291804.988323929,4642404.569641404,1.2,1065,12,3,297-14,[]
TX,904.306871067,290275.101799517,4642021.76230522,1.2,948,8,4,266-19,[]
TX,904.568078365,288881.726576032,4642616.240566458,1.2,550,12,4,209-7,[]
TX,904.747765848,290079.741142576,4640927.431184039,1.2,131,7,3,132-13,[]
TX,904.763801027,291275.351139473,4641991.988957572,1.2,809,11,3,242-18,[]
TX,904.76768626,294853.00403446,4644861.260084077,1.2,164,12,4,135-30,[]
TX,904.995519676,285780.230898131,4641380.982278043,1.2,300,12,3,174-12,[]
TX,905.500002075,290736.800031919,4642898.803674514,1.2,1459,12,3,42-4,[]
TX,905.55674899,298069.294965382,4639320.454742095,1.2,216,12,3,154-6,[]
TX,905.707801761,300349.278584254,4628916.21410168,1.2,567,12,4,210-19,[]
TX,906.015463583,291005.494306408,4641338.816565236,1.2,740,8,3,234-9,[]
TX,906.037344476,271682.813966441,4630639.127298093,1.2,160,12,4,135-27,[]
TX,906.080987748,291679.104206326,4642108.965385735,1.2,1184,11,3,325-22,[]
TX,906.086467602,292306.978532188,4636381.455905659,1.2,1099,12,4,300-3,[]
TX,906.102083871,290216.650494709,4641244.861233602,1.2,1229,7,4,342-28,[]
TX,906.142570748,290568.326497742,4642286.20491063,1.2,1710,10,4,90-24,[]
TX,906.533865812,290863.243795426,4640740.920478486,1.2,536,7,3,208-27,"[['RX_GW', 906.648862392, 536, 7, 3, 868.1, -116.612344909, '00:00:00:00:00:02']]"
TX,906.804478721,290530.453872974,4641369.276718654,1.2,1498,7,4,54-5,"[['RX_GW', 906.919474676, 1498, 7, 4, 868.1, -118.692587296, '00:00:00:00:00:02']]"
TX,907.065895223,291531.028854745,4642069.372301818,1.2,1570,12,4,70-24,[]
TX,907.121146004,289696.020290075,4638987.641272855,1.2,428,12,3,196-18,[]
TX,907.126572709,290651.353873949,4641327.003702391,1.2,721,7,3,232-9,[]
TX,907.196546323,288965.123950922,4642645.282680411,1.2,24,10,3,105-14,[]
TX,907.268790476,290228.125169188,4641232.748387489,1.2,820,7,3,243-10,[]
TX,907.558307427,290189.135391593,4641401.943256652,1.2,1096,7,3,300-21,[]
TX,907.572129736,273693.124811048,4630625.224247701,1.2,860,12,4,250-1,[]
TX,907.63448296,291232.022055488,4641301.040220298,1.2,843,9,4,246-8,[]
TX,908.186369466,292999.722894236,4644398.71538268,1.2,1386,12,4,366-1,[]
TX,908.269234918,290458.690911166,4641562.207659944,1.2,132,7,4,132-14,[]
TX,908.319228837,290401.645244679,4641798.696121694,1.2,1733,7,3,94-19,[]
TX,908.423116545,297566.239174463,4643632.351444689,1.2,178,12,4,14-12,"[['RX_GW', 911.054854996, 178, 12, 4, 868.1, -139.465270463, '00:00:00:00:00:04']]"
TX,908.47353584,291045.624922195,4640467.105585664,1.2,612,8,3,22-7,[]
TX,908.78541633,292308.605126375,4637613.030575859,1.2,76,12,4,115-30,[]
TX,908.859051733,273687.943607226,4630636.201273392,1.2,60,12,3,113-3,[]
TX,908.926839809,290495.600207862,4643400.413959697,1.2,1593,12,3,79-14,[]
TX,909.368441807,291636.715000634,4638711.659857352,1.2,787,12,4,238-8,[]
TX,909.61903747,291727.259386508,4642155.193846615,1.2,1627,11,3,81-19,[]
TX,909.774995554,289867.490893191,4638244.647427952,1.2,1106,12,4,301-6,[]
TX,909.775458565,289849.608699018,4639657.422115224,1.2,424,9,4,196-12,[]
TX,910.16376048,290495.415310208,4643398.180162019,1.2,945,12,3,266-16,[]
TX,910.172541613,291804.431868299,4642557.246674071,1.2,1706,12,3,90-19,[]
TX,910.198801494,298623.129592096,4631407.682962896,1.2,515,12,4,205-18,[]
TX,910.253517661,283966.293517747,4640187.055449322,1.2,302,12,4,174-14,[]
TX,910.296874661,289851.947155045,4638947.410535404,1.2,1158,12,3,321-15,[]
TX,910.806102086,289659.938756751,4643170.578999988,1.2,1254,12,4,345-17,[]
TX,910.823289314,295149.354719242,4642742.434538022,1.2,1603,8,3,8-1,[]
TX,910.893773152,290516.345332221,4640858.642510394,1.2,46,7,4,111-30,[]
TX,911.136161721,288981.810744788,4643670.335132844,1.2,487,12,4,200-20,[]
TX,911.204370196,290438.778269977,4640699.299974809,1.2,161,7,3,135-28,[]
TX,911.361395205,288416.142551735,4639646.044981446,1.2,40,12,4,111-17,[]
TX,911.411596862,289683.139597694,4634022.857445579,1.2,608,12,3,22-30,[]
TX,911.590562509,290879.99711699,4642278.305175317,1.2,1171,10,3,322-24,[]
TX,911.984256874,291654.277922244,4642759.157705911,1.2,749,12,4,235-19,[]
TX,912.130807369,290837.239210341,4642776.346675994,1.2,1728,11,4,94-13,[]
TX,912.654097246,290702.391245738,4641189.822860288,1.2,877,7,4,253-18,"[['RX_GW', 912.769093408, 877, 7, 4, 868.1, -118.902658628, '00:00:00:00:00:02']]"
TX,912.925089293,292708.963612369,4641968.845958773,1.2,1161,12,3,321-25,[]
TX,913.005855435,290473.671264374,4640624.420989011,1.2,377,7,3,191-23,"[['RX_GW', 913.120850906, 377, 7, 3, 868.1, -114.444422113, '00:00:00:00:00:02']]"
TX,913.07384146,288625.65945725,4642678.565235049,1.2,987,12,4,279-23,[]
TX,913.422949097,290588.205915845,4641353.472078524,1.2,523,7,3,208-12,[]
TX,913.475905494,290092.715456881,4640911.117114314,1.2,940,7,4,264-24,[]
TX,913.526609668,291216.14197574,4641300.576229944,1.2,613,8,3,22-8,[]
TX,914.213672114,296417.882074827,4645757.06007861,1.2,780,12,3,238-20,[]
TX,914.287721955,290941.433186611,4642934.516270382,1.2,1671,12,4,87-30,[]
TX,914.397254648,288948.328348637,4642628.696091324,1.2,961,10,3,267-17,[]
TX,914.596293255,295125.15365156,4642706.997664408,1.2,576,8,4,212-20,[]
TX,914.896784658,290758.135065541,4641297.410434024,1.2,1038,7,3,290-25,[]
TX,915.09984759,290055.583677733,4641552.067294077,1.2,443,7,3,197-24,[]
TX,915.300714743,291835.790547416,4642554.698477261,1.2,1636,12,4,81-7,[]
TX,915.409608154,291666.021040725,4642233.539371081,1.2,1092,12,4,3-6,[]
TX,915.499392479,290594.50245298,4641756.963201995,1.2,1233,7,4,343-12,[]
TX,915.635556561,291962.72224309,4637433.626337601,1.2,1168,12,4,322-12,[]
TX,915.930854,291012.845769704,4641819.421065432,1.2,1347,8,4,362-10,[]
TX,915.947398266,290279.861215403,4641293.323309551,1.2,1592,7,3,79-13,[]
TX,916.23788569,290279.163679579,4641302.65257798,1.2,1613,7,3,80-10,[]
TX,916.33676081,292101.856214352,4640397.690404778,1.2,149,12,4,135-15,[]
TX,916.76162732,290740.26388497,4642895.417999724,1.2,686,12,4,228-10,[]
TX,916.810722124,290361.824704219,4641804.729322005,1.2,775,7,4,238-16,[]
TX,917.066437493,289525.054463784,4641793.235235741,1.2,362,7,4,188-26,[]
TX,917.067816481,289532.027742537,4641812.433154293,1.2,272,7,4,169-22,[]
TX,917.145324748,291839.631401149,4642557.587650849,1.2,312,12,4,175-1,[]
TX,917.262709055,291867.093506734,4642554.06396719,1.2,303,12,3,174-15,[]
TX,917.605245908,290310.614795601,4643446.040599561,1.2,19,12,3,105-1,[]
TX,917.924287223,290346.25687275,4641801.46331888,1.2,547,7,4,209-3,[]
TX,917.998138985,289852.403655495,4640568.719859557,1.2,894,7,4,257-23,[]
TX,918.134072459,289156.51446833,4638662.025170642,1.2,1241,12,4,343-26,[]
TX,918.345224898,290395.013259307,4641813.683248467,1.2,1398,7,4,369-26,[]
TX,918.3755272,290425.61529682,4644156.316084013,1.2,1470,12,3,44-22,[]
TX,918.434017772,290264.165228546,4641448.55249302,1.2,763,7,4,236-17,[]
TX,918.635719601,290077.422359748,4644351.400670532,1.2,941,12,4,264-26,[]
TX,918.835616006,289859.362232081,4638951.403565082,1.2,1659,12,3,85-5,[]
TX,918.988548213,273697.26407396,4630623.782366391,1.2,861,12,4,250-11,[]
TX,919.333809209,273708.385183156,4630643.673701863,1.2,1032,12,4,290-12,[]
TX,919.501753868,298082.92917337,4639298.876875586,1.2,213,12,3,154-23,[]
TX,919.78421303,292813.759783297,4641114.420800096,1.2,533,12,4,208-24,[]
TX,919.90151351,290466.94928701,4640621.615273254,1.2,440,7,4,196-6,"[['RX_GW', 920.016508966, 440, 7, 4, 868.1, -114.301496539, '00:00:00:00:00:02']]"
TX,920.214133859,291817.64061515,4641598.286605277,1.2,1427,11,3,4-23,[]
TX,920.219855699,290731.880852051,4642996.748002195,1.2,829,12,4,244-30,[]
TX,920.277882276,291728.67336501,4642146.72286539,1.2,250,11,4,157-13,[]
TX,920.509000909,289847.279770828,4638906.214651157,1.2,197,12,4,143-3,[]
TX,920.560017505,294367.006755304,4643363.578349628,1.2,1693,12,4,89-28,[]
TX,920.790821415,290094.590656434,4640892.957666484,1.2,630,7,3,222-18,[]
TX,921.092697125,292194.586619304,4642157.444727164,1.2,1097,12,3,300-22,[]
TX,921.110197045,292745.107443715,4643110.203243748,1.2,108,12,4,122-29,[]
TX,921.231450006,292672.022704333,4641057.555430002,1.2,1540,12,3,62-21,[]
TX,921.62529926,296460.932782288,4645777.305335963,1.2,569,12,4,210-23,[]
TX,922.182178134,290051.277913431,4642388.88109518,1.2,79,8,4,115-7,"[['RX_GW', 922.38959258, 79, 8, 4, 868.1, -126.026817924, '00:00:00:00:00:02']]"
TX,922.514007912,273676.33414249,4630684.216474847,1.2,1302,12,4,356-20,[]
TX,922.532596848,291030.384019668,4641152.340750092,1.2,1569,7,4,70-23,"[['RX_GW', 922.647594024, 1569, 7, 4, 868.1, -121.946334882, '00:00:00:00:00:02']]"
TX,922.776610384,292264.080925725,4636527.492442643,1.2,1696,12,4,89-5,[]
TX,922.844851856,291013.85668997,4641825.735234547,1.2,1602,8,4,79-9,"[['RX_GW', 923.052266034, 1602, 8, 4, 868.1, -126.307203077, '00:00:00:00:00:02']]"
TX,923.222202294,295138.203446055,4642735.296195061,1.2,1384,8,4,365-6,"[['RX_GW', 923.429615708, 1384, 8, 4, 868.1, -126.614308097, '00:00:00:00:00:04']]"
TX,923.350370755,288327.479152805,4639446.710020385,1.2,86,12,4,119-5,[]
TX,923.360934968,290831.275254169,4636933.747293347,1.2,1044,12,4,291-9,[]
TX,923.363748055,289518.546548733,4642942.428633759,1.2,785,10,4,238-6,[]
TX,923.436896732,291222.445420715,4642565.23757753,1.2,138,11,3,132-30,[]
TX,924.082296055,292080.552552908,4640662.702560743,1.2,358,12,3,188-14,[]
TX,924.187502062,291144.023461165,4641962.925548959,1.2,82,10,4,118-8,[]
TX,924.236201958,299740.775909813,4630048.918180885,1.2,623,12,3,220-30,[]
TX,924.254672184,290616.875421496,4641350.063075025,1.2,133,7,3,132-15,[]
TX,924.297638599,290071.829007359,4640931.919263386,1.2,1393,7,4,369-13,[]
TX,924.506766783,292214.325014207,4642166.97576491,1.2,583,12,3,212-4,[]
TX,924.640413824,289658.65600141,4644806.235118941,1.2,220,12,4,155-13,[]
TX,925.33047377,290225.338863469,4641451.142086457,1.2,1605,7,3,8-23,[]
TX,925.357193088,290845.284020402,4642796.954352969,1.2,844,11,4,248-1,[]
TX,926.01398202,290531.33734437,4641101.634669044,1.2,379,7,4,191-26,"[['RX_GW', 926.128977546, 379, 7, 4, 868.1, -115.166143444, '00:00:00:00:00:02']]"
TX,926.105317207,282328.865781232,4637014.49860476,1.2,393,12,3,193-10,[]
TX,926.212514939,292155.320145309,4643286.213968241,1.2,776,12,4,238-17,[]
TX,926.731174889,291035.213478413,4641924.347528434,1.2,817,9,3,242-7,"[['RX_GW', 927.10294135, 817, 9, 3, 868.1, -127.32420363, '00:00:00:00:00:02']]"
TX,927.326208971,291237.358221221,4642275.240416476,1.2,1507,10,3,58-23,[]
TX,927.357987123,271840.102579655,4630230.741883639,1.2,1514,12,4,58-9,[]
TX,927.526307216,289316.428229169,4642385.352390645,1.2,892,10,3,257-21,[]
TX,927.637932571,290204.403555226,4640799.674885994,1.2,2,7,4,102-28,[]
TX,927.78039393,294212.42242469,4639812.003918413,1.2,1218,12,4,341-26,[]
TX,927.790729035,289825.426296383,4641736.836691645,1.2,10,7,3,104-15,[]
TX,927.845862249,291142.020071981,4642477.68224392,1.2,483,11,3,200-16,[]
TX,928.513356529,290690.866682864,4642815.837580232,1.2,1420,12,4,37-9,[]
TX,928.60710322,292850.431470659,4641924.955624664,1.2,1432,12,4,40-18,[]
TX,928.713016322,290279.397184843,4641280.241415656,1.2,1589,7,3,79-10,[]
TX,928.718913405,289276.548731855,4644570.157782661,1.2,1586,12,4,78-29,[]
TX,928.930838776,289958.773837091,4642782.960507634,1.2,37,12,4,106-7,[]
TX,929.033777696,290388.087984716,4641799.529292596,1.2,1734,7,4,94-2,[]
TX,929.130676609,293270.068676574,4640256.740363808,1.2,21,12,4,105-11,[]
TX,929.138841686,290475.9594777,4641377.909487903,1.2,116,7,3,127-14,[]
TX,929.142692101,290149.148753868,4642424.840255827,1.2,706,10,3,230-8,[]
TX,929.162907858,290870.469901519,4641310.801202756,1.2,559,8,4,21-22,[]
TX,929.241142976,290073.752816743,4640941.471276318,1.2,45,7,3,111-22,[]
TX,929.276628539,294037.950660708,4641649.74953614,1.2,792,11,4,240-5,[]
TX,929.293969647,293268.006321956,4640227.813075777,1.2,290,12,4,172-10,[]
TX,929.458459517,292412.127820606,4641561.433361486,1.2,1269,12,4,348-9,[]
TX,929.692998104,290284.307483785,4641979.405396481,1.2,1240,7,4,343-21,[]
TX,929.761345289,290037.167898952,4640353.476748058,1.2,292,7,4,172-12,[]
TX,929.772750685,295122.885150361,4642762.453857249,1.2,1024,9,3,29-18,[]
TX,929.841869046,283438.59799841,4640333.702551833,1.2,664,12,4,224-28,[]
TX,929.842086579,292662.823998143,4641321.566552517,1.2,1687,12,3,89-21,[]
TX,929.890548259,292259.969539441,4638886.479615686,1.2,410,12,4,193-5,[]
TX,929.904659085,291831.787800239,4642568.85044617,1.2,1532,12,3,61-12,[]
TX,930.113562717,287276.979809339,4644023.551414656,1.2,199,12,4,143-5,[]
TX,930.146417636,294292.885435911,4644173.640786237,1.2,971,12,4,273-10,[]
TX,930.911066301,290291.547062624,4641306.993622366,1.2,1600,7,4,79-28,[]
TX,931.205717017,290042.854988055,4640962.663086469,1.2,1556,7,3,7-1,"[['RX_GW', 931.320710859, 1556, 7, 3, 868.1, -81.58640297, '00:00:00:00:00:02']]"
TX,931.568119445,289809.821607713,4633943.082732024,1.2,606,12,4,22-22,[]
TX,932.043116562,290380.711615956,4641826.489619357,1.2,1486,7,4,53-11,"[['RX_GW', 932.158113429, 1486, 7, 4, 868.1, -122.903099461, '00:00:00:00:00:02']]"
TX,932.110426251,283202.204846732,4653468.272183815,1.2,31,12,4,105-28,[]
TX,932.381953458,290300.855620088,4642186.873642252,1.2,152,10,4,135-18,"[['RX_GW', 933.041463395, 152, 10, 4, 868.1, -130.491048626, '00:00:00:00:00:02']]"
TX,932.709466097,291024.520925765,4641190.036118112,1.2,689,8,3,228-13,[]
TX,932.737734145,291695.808846296,4642214.410589275,1.2,349,12,4,185-26,[]
TX,932.872595174,292309.228460865,4641965.288119213,1.2,1405,12,3,37-13,[]
TX,933.005825462,291899.660931261,4644437.561440221,1.2,830,12,3,244-8,[]
TX,933.024358035,291936.942344782,4643644.346927913,1.2,1581,12,4,74-29,[]
TX,933.180160886,291109.277796672,4642483.845377382,1.2,1263,12,4,347-22,[]
TX,933.303377121,292309.189972996,4641781.816107388,1.2,639,12,3,222-5,[]
TX,933.479622038,292427.730612758,4641743.338405987,1.2,306,12,4,174-25,[]
TX,933.805861833,290356.802446377,4641806.578216428,1.2,1748,7,3,94-7,[]
TX,933.861481175,292690.029263132,4641798.204682663,1.2,1316,12,4,357-27,[]
TX,934.048798542,292918.759489275,4641858.051836528,1.2,632,12,4,222-2,[]
TX,934.190447628,291834.51377537,4642549.023692086,1.2,854,12,4,248-27,[]
TX,934.214708062,280730.039307948,4623594.145146355,1.2,283,12,4,170-2,[]
TX,934.300140904,290472.726014177,4640667.63813216,1.2,255,7,4,157-25,[]
TX,934.395523097,290825.400258106,4642238.795771577,1.2,113,10,3,127-11,[]
TX,934.68243331,293013.827932652,4642592.490392846,1.2,1695,12,4,89-4,[]
TX,934.724516378,271827.229541071,4630664.543531347,1.2,1300,12,4,356-17,[]
TX,935.180053151,292700.702183334,4641605.940670357,1.2,1375,12,3,365-24,[]
TX,935.265350866,295127.686561265,4642705.164358369,1.2,574,8,4,212-17,[]
TX,935.31372177,285828.493403038,4643308.651343146,1.2,1329,12,4,360-28,[]
TX,935.38729931,290680.501784033,4641307.503964668,1.2,930,7,4,260-25,[]
TX,935.544446608,290309.822870322,4641998.743475346,1.2,411,8,3,193-6,[]
TX,935.55586884,291715.773045696,4642171.195600323,1.2,165,12,4,135-4,[]
TX,935.8233637,291081.098178835,4641219.68989373,1.2,1194,9,3,329-10,"[['RX_GW', 936.195129115, 1194, 9, 3, 868.1, -127.889052324, '00:00:00:00:00:02']]"
TX,935.9298319,293363.080194538,4643244.661945351,1.2,936,12,4,262-19,[]
TX,936.045690622,287250.088207192,4641561.313960547,1.2,1110,12,4,302-8,[]
TX,936.180892305,290658.304013539,4641296.976936958,1.2,1377,7,4,365-26,[]
TX,936.456334048,290107.821548795,4634700.578128163,1.2,1293,12,4,352-27,[]
TX,936.54506781,290084.583037704,4640914.371837488,1.2,260,7,3,157-9,"[['RX_GW', 936.660061742, 260, 7, 3, 868.1, -82.954559942, '00:00:00:00:00:02']]"
TX,936.642649116,271598.831503529,4630623.41198424,1.2,658,12,4,224-20,[]
TX,936.696900355,290120.080334756,4642773.526283606,1.2,191,12,4,143-18,[]
TX,936.830588407,292682.946608364,4641799.747019607,1.2,848,12,4,248-13,[]
TX,937.228918492,289534.539919686,4641793.543933661,1.2,1399,7,4,369-27,[]
TX,937.726091664,292315.396219396,4642046.98036052,1.2,1259,12,4,347-18,[]
TX,937.755208925,290030.823037409,4640977.750610529,1.2,1366,7,4,365-14,[]
TX,937.923375411,290065.427774376,4640938.966266605,1.2,269,7,3,169-18,[]
TX,938.05351956,290897.006955893,4642259.208304483,1.2,857,10,4,248-9,[]
TX,938.150479133,292224.187189332,4638403.278054713,1.2,1378,12,4,365-27,[]
TX,938.199252396,292143.087148008,4642213.376910345,1.2,354,12,4,187-1,[]
TX,938.330104072,290650.489207297,4642543.342329737,1.2,700,12,3,228-30,[]
TX,938.643383105,291636.217996384,4644621.435544861,1.2,743,12,4,235-12,[]
TX,938.76171264,292147.650404415,4642202.422806917,1.2,1703,12,4,90-14,[]
TX,938.783812956,294281.114329577,4641983.579454566,1.2,1719,9,4,92-14,[]
TX,938.93001215,288482.725908533,4642831.483423523,1.2,1308,12,3,357-12,[]
TX,938.956783212,293294.905010849,4637449.751625545,1.2,735,12,4,234-24,[]
TX,939.002366613,290399.573502265,4641789.091557434,1.2,1003,7,4,281-15,[]
TX,939.252040317,285838.677970642,4643274.964680139,1.2,1324,12,3,360-10,[]
TX,939.282414969,290092.838557036,4640910.133573674,1.2,1026,7,4,29-20,[]
TX,939.610562516,291026.695597349,4641950.440098557,1.2,1131,10,4,311-15,[]
TX,939.999116782,290743.107854948,4642878.884664583,1.2,1086,12,3,298-29,[]
TX,940.042089069,288493.900842358,4641293.746271409,1.2,257,9,4,157-27,[]
TX,940.108599197,290299.582449924,4642172.823218821,1.2,1520,10,4,59-15,[]
TX,940.329124415,290310.255536855,4641314.949884791,1.2,39,7,3,111-16,"[['RX_GW', 940.44411971, 39, 7, 3, 868.1, -110.322997969, '00:00:00:00:00:02']]"
TX,940.433793271,291728.824348871,4642153.313537098,1.2,1670,11,3,87-3,[]
TX,940.899469789,289823.699858267,4641207.550530671,1.2,724,7,4,233-19,"[['RX_GW', 941.014464361, 724, 7, 4, 868.1, -105.853104236, '00:00:00:00:00:02']]"
TX,941.027036279,290658.125729728,4641326.19167986,1.2,139,7,3,132-4,"[['RX_GW', 941.142032504, 139, 7, 3, 868.1, -118.507184585, '00:00:00:00:00:02']]"
TX,941.030764002,273685.971002354,4630639.246334037,1.2,1053,12,4,295-20,[]
TX,941.153543174,288978.719387059,4643697.693834609,1.2,30,12,3,105-27,[]
TX,941.348002337,311140.755079534,4650905.814174549,1.2,1165,12,4,321-29,[]
TX,941.525204607,285524.679403196,4648510.51753881,1.2,755,12,4,235-28,[]
TX,941.585490867,290878.808049227,4642275.143930822,1.2,1675,10,4,87-8,"[['RX_GW', 942.245001892, 1675, 10, 4, 868.1, -130.456672816, '00:00:00:00:00:02']]"
TX,941.722677908,290750.127840786,4642871.770949911,1.2,1536,12,4,61-9,[]
TX,941.991346117,292946.809207714,4629924.142173708,1.2,653,12,4,224-13,[]
TX,942.433569198,290675.825087993,4641285.087920888,1.2,394,7,4,193-11,"[['RX_GW', 942.548565408, 394, 7, 4, 868.1, -120.530348031, '00:00:00:00:00:02']]"
TX,942.623676753,290498.39297982,4640623.936448146,1.2,163,7,4,135-3,"[['RX_GW', 942.738672297, 163, 7, 4, 868.1, -115.124317145, '00:00:00:00:00:02']]"
TX,942.961677961,293929.567331783,4641560.430747839,1.2,479,12,4,2-4,[]
TX,943.497669115,292381.672973274,4641789.500007976,1.2,328,12,4,178-26,[]
TX,943.677024674,291106.220276367,4646174.064084174,1.2,52,12,4,113-16,[]
TX,943.795076304,272829.293803131,4629740.231325364,1.2,104,12,4,122-1,[]
TX,943.870970742,291031.993815745,4641941.326660678,1.2,1282,9,4,352-15,[]
TX,943.934230887,291105.697814219,4643097.475764778,1.2,356,12,4,187-16,[]
TX,944.143198265,290879.631705016,4641185.502668336,1.2,1735,8,4,94-20,[]
TX,944.206007648,290355.540520188,4643236.60667945,1.2,924,12,4,260-11,[]
TX,944.618201389,290481.188700487,4640625.510024947,1.2,805,7,4,241-6,[]
TX,945.311321509,290514.215765793,4640845.538342587,1.2,793,7,4,241-16,[]
TX,945.94072601,290094.078275465,4640900.841166148,1.2,988,7,4,279-30,[]
TX,946.184419363,292242.700119174,4641920.694803614,1.2,252,12,4,157-15,[]
TX,946.320168032,290153.366492949,4640838.742236501,1.2,1411,7,3,37-22,[]
TX,946.780746691,293372.102751441,4634222.804726809,1.2,807,12,4,241-8,[]
TX,946.79238279,291950.538238786,4641571.982178322,1.2,895,12,4,257-24,[]
TX,947.719225664,291708.679375172,4642772.880677232,1.2,244,12,4,156-7,[]
TX,947.743167334,292550.278705867,4641734.043511296,1.2,1247,12,4,343-6,[]
TX,947.759401995,291663.189315216,4642125.803818592,1.2,1571,11,4,70-25,[]
TX,947.899936226,291052.272943121,4641909.33464173,1.2,320,9,3,178-11,[]
TX,947.980649696,289691.537738191,4641849.162161467,1.2,1552,7,3,68-12,[]
TX,948.076505274,291042.183002729,4641734.174197978,1.2,925,8,4,260-12,[]
TX,948.085468295,290976.269022802,4639189.150512153,1.2,1230,11,4,342-30,[]
TX,948.142881429,291824.172689068,4642543.226339607,1.2,13,12,4,104-25,[]
TX,948.150367019,272722.372125193,4629807.97732153,1.2,282,12,4,17-9,[]
TX,948.221372206,291193.246677305,4641295.668884487,1.2,634,8,4,222-21,[]
TX,948.310798682,288868.506339803,4638533.973051151,1.2,997,12,4,280-16,[]
TX,948.618430972,291219.575276859,4642274.33841694,1.2,1071,10,4,297-28,[]
TX,948.688443308,290784.795685634,4641304.05415274,1.2,1730,7,3,94-16,[]
TX,948.894901364,291115.289387584,4642461.438294969,1.2,254,11,3,157-24,[]
TX,948.926961095,290884.030695484,4642257.530562577,1.2,1290,10,4,352-24,[]
TX,948.973669976,290355.125011434,4641805.585445177,1.2,1502,7,4,58-11,[]
TX,949.036940068,292675.136129553,4641430.163319645,1.2,1217,12,4,341-25,[]
TX,949.349086008,288789.292483367,4642807.076610619,1.2,1475,12,4,48-16,[]
TX,949.409533631,291089.767174284,4642348.184129824,1.2,346,11,4,185-23,[]
TX,949.431478701,290395.940857013,4641813.450087069,1.2,1394,7,4,369-14,[]
TX,949.56917336,289109.410767724,4641809.874914219,1.2,372,8,3,191-18,[]
TX,949.597134717,290501.928101845,4640665.925660923,1.2,732,7,4,234-14,[]
TX,949.940152954,291828.263145265,4642555.920554901,1.2,935,12,4,262-18,[]
TX,950.08695976,290349.979549246,4641822.418121201,1.2,1726,7,4,94-10,[]
TX,950.147269721,289364.085709122,4640511.111937642,1.2,498,7,4,202-4,[]
TX,950.548447204,291832.296134669,4642548.079493831,1.2,1052,12,4,295-14,[]
TX,950.601937727,271614.168541412,4630656.352337451,1.2,1389,12,3,368-26,[]
TX,950.650322341,292301.939516939,4642047.490697769,1.2,501,12,4,202-7,[]
TX,950.696048782,289649.096799335,4645660.456747455,1.2,986,12,4,279-22,[]
TX,950.83928229,290336.792197344,4641838.817142047,1.2,1000,8,4,281-1,[]
TX,950.851376603,289712.738138988,4638885.629954902,1.2,427,12,3,196-17,[]
TX,950.982368093,291838.759870753,4642560.410298495,1.2,311,12,4,174-9,[]
TX,951.324913704,295030.056773565,4642885.46864147,1.2,553,9,4,21-17,"[['RX_GW', 951.696679742, 553, 9, 4, 868.1, -127.288484983, '00:00:00:00:00:04']]"
TX,951.344574437,291542.504149099,4641339.923390176,1.2,951,10,4,266-21,[]
TX,951.345541678,290736.176131377,4641307.01792812,1.2,1639,7,4,83-12,[]
TX,951.530802383,282972.629846405,4632865.3288332,1.2,313,12,4,176-4,[]
TX,951.699466126,273663.624555845,4630608.381378941,1.2,865,12,3,250-15,[]
TX,951.898694921,290354.213179711,4643799.3227237,1.2,1117,12,4,308-9,[]
TX,951.902219353,290346.011940597,4641935.21125045,1.2,366,8,3,190-1,[]
TX,951.971588543,290374.753592747,4641792.894369049,1.2,121,7,4,127-30,[]
TX,952.478725767,290371.4193159,4641307.389643757,1.2,1251,7,4,344-12,[]
TX,952.58035722,294381.641913927,4645421.286872113,1.2,1625,12,4,81-17,[]
TX,952.994979734,291551.114268714,4642066.41073737,1.2,7,12,4,104-12,[]
TX,953.145686025,290475.584497641,4637358.905053568,1.2,1663,12,4,87-17,[]
TX,953.591357703,292673.801672542,4641830.766020437,1.2,708,12,4,232-10,[]
TX,954.187789939,298138.314835452,4650603.654100684,1.2,186,12,3,14-30,[]
TX,954.348520833,290266.066325496,4641982.516266091,1.2,289,7,4,172-1,[]
TX,954.412473729,288277.157157096,4642149.872085955,1.2,1632,12,4,81-3,[]
TX,954.588885913,292522.34252607,4642911.607541869,1.2,246,12,4,156-9,[]
TX,954.819002967,293368.704939294,4643249.898934919,1.2,1533,12,4,61-13,[]
TX,954.909461742,295604.440777138,4645556.29245693,1.2,1698,12,4,89-7,[]
TX,954.933896388,290674.908391796,4641308.529656438,1.2,201,7,4,143-7,[]
TX,955.11699136,291827.263357774,4641593.170118652,1.2,690,11,4,228-14,[]
TX,955.122426695,291198.406344664,4639567.843289642,1.2,114,10,4,127-12,[]
TX,955.395641785,291833.751374533,4641585.505577843,1.2,151,11,4,135-17,[]
TX,955.52384782,291100.403313512,4643113.244700246,1.2,1471,12,4,44-30,[]
TX,955.708685904,294425.921092963,4644538.11216545,1.2,499,12,4,202-5,[]
TX,955.823121078,291654.773534855,4642264.450732044,1.2,592,12,3,213-29,[]
TX,955.83667927,293074.203767199,4640773.376601784,1.2,1548,12,4,66-26,[]
TX,956.042308761,291240.047414976,4642280.464623451,1.2,1074,10,4,298-1,[]
TX,956.189019391,292499.907457655,4636995.439605565,1.2,1025,12,4,29-19,[]
TX,956.308903215,291184.39298154,4641323.971425348,1.2,602,8,3,22-16,"[['RX_GW', 956.516317052, 602, 8, 3, 868.1, -125.389898688, '00:00:00:00:00:02']]"
TX,956.414313076,292518.893274235,4643818.951713353,1.2,1482,12,4,49-22,[]
TX,956.471820107,291771.265045617,4639321.863605171,1.2,681,12,3,225-5,[]
TX,956.495967653,291125.262956873,4642472.192640274,1.2,1545,11,4,62-7,[]
TX,956.738135784,289137.534115417,4642154.244568693,1.2,371,10,3,191-17,[]
TX,957.038213953,291619.550763477,4642101.80202176,1.2,1527,11,4,59-29,[]
TX,957.212814321,290097.368020547,4640912.351924356,1.2,947,7,4,266-18,[]
TX,957.226145448,293740.994456198,4641752.326859569,1.2,184,12,4,14-28,[]
TX,957.304446937,290539.940891653,4642839.293494207,1.2,392,12,4,192-8,[]
TX,957.601712544,292154.230756204,4639539.252364546,1.2,548,12,4,209-4,[]
TX,957.616980207,294073.991334703,4639236.405666476,1.2,1115,12,4,308-7,[]
TX,957.716408733,290874.004938069,4642270.216385786,1.2,1650,10,4,85-17,[]
TX,957.882509689,290647.625309275,4641180.350391831,1.2,977,7,4,273-23,[]
TX,958.019997472,292086.704493672,4640535.604900069,1.2,110,12,4,125-8,[]
TX,958.355955056,292503.996700509,4643040.246984188,1.2,1521,12,4,59-23,[]
TX,958.578275102,301571.452633873,4635097.347924621,1.2,1095,12,4,300-19,[]
TX,958.660268383,290428.780682699,4641808.737848229,1.2,1707,7,3,90-21,[]
TX,958.948894567,299736.878371896,4630062.193122083,1.2,731,12,4,234-13,[]
TX,959.205863463,288464.813693324,4641424.667903187,1.2,1668,9,4,87-21,[]
TX,959.417598098,291213.107876328,4641294.360345663,1.2,847,8,3,248-12,[]
TX,959.483123,290715.534132051,4643001.099868331,1.2,1654,12,4,85-20,[]
TX,959.565419148,291247.074118471,4638404.875989506,1.2,539,12,4,208-6,[]
TX,959.79860898,292450.489732178,4641954.745569931,1.2,1266,12,3,348-12,[]
TX,959.922040691,289663.968052538,4641701.791349806,1.2,710,7,4,232-12,[]
TX,960.01564209,293324.625675855,4642689.314746107,1.2,985,12,4,275-30,[]
TX,960.142321238,292295.748193778,4642046.03177193,1.2,1305,12,4,357-1,[]
TX,960.157489405,299929.604890464,4642837.335901533,1.2,20,12,4,105-10,[]
TX,960.264585026,291096.830058307,4642453.459322586,1.2,490,12,4,200-3,[]
TX,960.272148252,289205.889924912,4642229.265875421,1.2,454,9,4,198-7,[]
TX,960.480178133,284007.356028348,4632499.76796987,1.2,798,12,4,241-20,[]
TX,960.540889635,292116.150448249,4640627.406116348,1.2,430,12,4,196-22,[]
TX,960.724588404,292133.065889689,4640648.474961082,1.2,444,12,4,197-25,[]
TX,960.825081189,291951.109844039,4639722.882596529,1.2,439,12,4,196-5,[]
TX,960.864529103,290487.345043369,4640626.710501007,1.2,1651,7,4,85-18,[]
TX,960.938883132,291636.802317944,4642833.742838924,1.2,1330,12,4,360-29,[]
TX,960.978604235,291222.084801688,4642288.14606331,1.2,976,12,4,273-15,[]
TX,961.194956989,294056.388433599,4641651.049159092,1.2,789,11,3,240-20,[]
TX,961.382311398,291222.283603963,4641389.082974856,1.2,1040,8,4,290-27,[]
TX,961.898204963,290089.980461885,4640919.136865634,1.2,1010,7,4,288-11,[]
TX,961.936963097,296378.850230633,4650038.457225865,1.2,511,12,4,203-4,[]
TX,962.10969424,290654.966213567,4643073.304118516,1.2,1070,12,4,297-27,[]
TX,962.466482449,291553.080787493,4642321.117467924,1.2,1298,12,4,352-7,[]
TX,962.491043963,291123.593975973,4642472.988768361,1.2,1490,11,4,53-15,[]
TX,962.583124645,290060.142212296,4642389.565948715,1.2,1028,8,4,29-22,[]
TX,963.05379452,285067.383750538,4642532.224767496,1.2,939,12,4,264-1,[]
TX,963.408571092,290414.579474019,4641807.673307738,1.2,1030,7,4,290-10,[]
TX,963.483008981,290367.810399298,4641441.540170715,1.2,464,7,4,2-15,[]
TX,963.61125457,290691.162717245,4641308.299346266,1.2,675,7,4,225-20,"[['RX_GW', 963.726250861, 675, 7, 4, 868.1, -121.08089934, '00:00:00:00:00:02']]"
TX,963.759886938,289968.205027987,4637904.251024217,1.2,1102,12,4,301-3,[]
TX,964.08261353,297578.502550436,4643635.52124068,1.2,179,12,4,14-13,[]
TX,964.331957976,290147.866868958,4643619.363477873,1.2,1403,12,4,37-11,[]
TX,964.371177537,290367.836113621,4641803.345743978,1.2,718,7,4,232-27,[]
TX,964.378412299,291009.775978917,4639220.195429112,1.2,538,12,4,208-5,[]
TX,964.895789966,291843.939763166,4642518.717584874,1.2,1346,12,4,362-1,[]
TX,965.465022458,292312.43142766,4642051.21655093,1.2,1185,12,4,325-23,[]
TX,965.588117949,291300.559300639,4640343.437138146,1.2,1754,10,3,96-14,[]
TX,965.878208974,271982.49368836,4630008.743778877,1.2,1036,12,4,290-23,[]
TX,966.858572959,290660.160146527,4641269.30890652,1.2,821,7,4,243-14,"[['RX_GW', 966.973569098, 821, 7, 4, 868.1, -118.514443178, '00:00:00:00:00:02']]"
TX,967.801840665,291620.732669628,4644626.809725219,1.2,760,12,3,235-7,[]
TX,967.97763049,290349.582281596,4643316.754124642,1.2,1409,12,4,37-20,[]
TX,968.068758219,290035.933938497,4645851.49290313,1.2,1665,12,4,87-19,[]
TX,968.179804167,289195.607456498,4642525.734051416,1.2,291,12,4,172-11,[]
TX,968.606461376,291753.315083378,4639567.663392341,1.2,1714,12,4,90-4,[]
TX,968.629266462,284730.154038746,4630149.187539249,1.2,341,12,3,184-5,[]
TX,968.631607045,286450.088761705,4642311.998348967,1.2,1142,12,4,315-24,[]
TX,968.854212249,290693.236197806,4641304.267852923,1.2,1307,7,4,357-11,[]
TX,969.114764526,290795.661477079,4640282.140440672,1.2,813,7,4,242-3,[]
TX,969.366432167,282866.119739204,4646284.031833813,1.2,1201,12,4,334-1,[]
TX,969.624507748,287259.995217978,4640751.590403468,1.2,66,12,3,113-8,[]
TX,969.852778806,291098.734252121,4642463.665062274,1.2,878,12,4,253-19,[]
TX,970.101208627,292407.602529829,4643448.925861311,1.2,275,12,4,169-5,[]
TX,970.272786531,290539.056063105,4642122.06153664,1.2,694,10,4,228-24,[]
TX,970.28300173,298152.312030078,4632270.977170004,1.2,914,12,4,259-23,[]
TX,970.430640102,284751.114350889,4630149.331554748,1.2,338,12,4,184-18,[]
TX,970.459419223,289628.983636028,4638794.026905043,1.2,903,12,4,257-6,[]
TX,970.668149739,290566.575289496,4641008.288352892,1.2,115,7,4,127-13,"[['RX_GW', 970.783145305, 115, 7, 4, 868.1, -111.19144434, '00:00:00:00:00:02']]"
TX,970.766692401,290993.414259426,4642251.675424534,1.2,1239,10,4,343-20,[]
TX,971.118034874,289953.467364631,4637940.291217605,1.2,415,12,4,194-30,[]
TX,971.1652573,294348.416303859,4639004.112127922,1.2,1373,12,4,365-20,[]
TX,971.200199794,291016.0840912,4641976.154502683,1.2,818,10,3,242-8,[]
TX,971.408014528,271909.846482332,4630611.810495732,1.2,429,12,4,196-21,[]
TX,971.447296867,290048.713126745,4638934.838336173,1.2,426,12,3,196-14,[]
TX,971.698972152,290312.284310316,4641316.088997016,1.2,145,7,4,135-11,[]
TX,972.286443172,289757.441546805,4642742.782689915,1.2,1460,11,4,42-5,[]
TX,972.289054476,291825.385230702,4640759.25262647,1.2,1042,11,4,290-29,[]
TX,972.448068879,291811.939722553,4642550.438880239,1.2,1445,12,4,41-19,[]
TX,972.716772737,296671.530648589,4646522.809428507,1.2,177,12,3,14-11,[]
TX,972.722134579,291624.56231996,4644627.507967849,1.2,1152,12,4,317-29,[]
TX,972.763137329,287986.186013847,4641826.152575601,1.2,698,12,4,228-28,[]
TX,972.835551555,294417.244951743,4644308.519431272,1.2,1438,12,4,40-4,[]
TX,973.109570766,291063.116461693,4642057.064808928,1.2,996,10,4,280-15,[]
TX,973.274046357,292655.516389301,4629987.53788604,1.2,1191,12,4,328-6,[]
TX,973.336400346,295180.332276324,4646194.461495503,1.2,596,12,4,214-25,[]
TX,973.449655783,292234.067529132,4638852.620981958,1.2,1678,12,4,89-10,[]
TX,973.508741783,290365.537672725,4641806.603873599,1.2,74,7,3,115-22,[]
TX,973.674115656,303278.896587249,4632978.994799774,1.2,1178,12,4,324-19,[]
TX,973.780930646,290461.942984149,4641603.179887314,1.2,1360,7,4,362-9,"[['RX_GW', 973.895927008, 1360, 7, 4, 868.1, -121.18742265, '00:00:00:00:00:02']]"
TX,973.907543186,290357.893789703,4641811.254835761,1.2,1575,7,4,70-29,"[['RX_GW', 974.022539975, 1575, 7, 4, 868.1, -122.467406301, '00:00:00:00:00:02']]"
TX,974.048109114,291731.170719294,4642164.720208604,1.2,1647,11,4,83-29,"[['RX_GW', 975.528869887, 1647, 11, 4, 868.1, -133.946999139, '00:00:00:00:00:02']]"
TX,974.186278505,298801.980601116,4644350.866824179,1.2,1408,12,4,37-19,[]
TX,974.487391884,273669.626857743,4630634.459865694,1.2,421,12,4,195-9,[]
TX,975.260143774,291229.366331876,4642271.659658085,1.2,841,12,4,246-6,[]
TX,975.310018967,290419.339070179,4641385.737530944,1.2,432,7,4,196-24,[]
TX,975.438795736,290247.474765415,4642130.053698271,1.2,1385,7,4,365-7,[]
TX,976.829088962,289678.43124398,4642083.944147391,1.2,1358,9,4,362-28,"[['RX_GW', 977.200854494, 1358, 9, 4, 868.1, -127.716923937, '00:00:00:00:00:02']]"
TX,976.923341183,291182.189900858,4641385.210340792,1.2,1617,8,4,80-15,[]
TX,977.453908334,291839.738505498,4642553.52692004,1.2,298,12,4,174-10,[]
TX,977.846962316,291103.683017432,4643145.586076659,1.2,1667,12,4,87-20,[]
TX,977.886680245,292154.076905008,4642156.789182122,1.2,481,12,4,2-6,[]
TX,978.1205858,290345.154966578,4641792.408102995,1.2,1203,7,4,337-17,[]
TX,978.393637219,291176.494338303,4641962.278763444,1.2,222,10,4,155-15,[]
TX,978.87612431,291442.858833137,4642081.125899902,1.2,1283,12,4,352-16,[]
TX,979.314424456,290483.989863428,4640640.12683592,1.2,1414,7,4,37-28,[]
TX,980.202076376,293250.624174191,4639333.760516743,1.2,210,12,3,152-22,[]
TX,980.212514428,291132.741635276,4641208.412114337,1.2,461,10,4,2-12,"[['RX_GW', 980.87202401, 461, 10, 4, 868.1, -130.212214734, '00:00:00:00:00:02']]"
TX,980.216123567,294847.617384765,4640470.182130983,1.2,1641,9,4,83-15,"[['RX_GW', 980.587890093, 1641, 9, 4, 868.1, -129.700795182, '00:00:00:00:00:04']]"
TX,980.625942099,290684.080211096,4641282.96633153,1.2,1170,7,3,322-23,[]
TX,981.164483022,289553.745185611,4638135.878065512,1.2,1098,12,4,300-23,[]
TX,981.305362087,290009.59533,4637602.116576307,1.2,412,12,4,193-7,[]
TX,981.349330645,294389.625616424,4636762.416223291,1.2,908,12,4,259-10,[]
TX,981.600546493,289837.802159829,4638523.4004278,1.2,1417,12,4,37-6,[]
TX,981.651542447,290290.606716716,4642341.90291536,1.2,200,10,4,143-6,[]
TX,981.859817353,291186.901085741,4641287.615046416,1.2,1601,8,4,79-29,[]
TX,982.128171182,290360.895048194,4641830.406826692,1.2,1738,7,4,94-25,[]
TX,982.42309188,290852.341764237,4642273.610071292,1.2,1214,10,4,341-15,[]
TX,982.506087309,285916.494597832,4641169.848836715,1.2,712,12,4,232-14,[]
TX,982.563522588,293912.534730197,4633602.349482018,1.2,314,12,4,176-5,[]
TX,982.855656168,287499.206849068,4641319.267612809,1.2,1222,12,4,341-9,[]
TX,983.125219104,297567.462730442,4643638.399020311,1.2,187,12,4,14-9,[]
TX,983.308681086,291888.98669099,4642567.098529538,1.2,102,12,4,121-15,[]
TX,983.347864787,288090.832884133,4641963.615484411,1.2,717,12,4,232-26,[]
TX,983.410347578,290475.802815001,4640627.893044075,1.2,378,7,4,191-25,[]
TX,983.606616992,289418.647360495,4635406.992146094,1.2,794,12,4,241-17,[]
TX,983.698887294,290673.655903673,4641293.284995404,1.2,38,7,4,106-8,[]
TX,983.906197756,290207.480847386,4646793.445130708,1.2,409,12,4,193-4,[]
TX,984.020461637,292709.180837205,4642093.833475008,1.2,465,12,4,2-16,[]
TX,984.116033099,291748.907963975,4639618.774428281,1.2,1033,12,4,290-13,[]
TX,984.118287647,291657.059007891,4642300.931188821,1.2,416,12,4,195-12,[]
TX,984.279649505,290319.746819227,4641332.384457339,1.2,1616,7,4,80-14,"[['RX_GW', 984.394644865, 1616, 7, 4, 868.1, -110.978752051, '00:00:00:00:00:02']]"
TX,984.444120586,290120.248886993,4640876.795378911,1.2,558,7,4,21-21,"[['RX_GW', 984.559114647, 558, 7, 4, 868.1, -87.690640167, '00:00:00:00:00:02']]"
TX,985.543556371,300099.077371486,4641932.142718513,1.2,1485,12,4,53-10,[]
TX,985.658937024,289212.233205185,4643056.163663629,1.2,1284,12,4,352-17,[]
TX,985.73667498,290472.999880627,4640625.106103331,1.2,1059,7,4,295-8,[]
TX,985.793701113,290721.308005516,4637650.789342426,1.2,294,12,4,172-14,[]
TX,986.156902523,289582.839022997,4642228.038834692,1.2,1637,7,4,81-8,[]
TX,986.19857309,290371.556708622,4641811.414157636,1.2,1612,7,4,80-1,[]
TX,986.209628913,293323.244690628,4640236.568666012,1.2,1547,12,4,66-1,[]
TX,986.244092722,293119.909832715,4642319.415470855,1.2,1437,12,4,40-30,[]
TX,986.833838688,283544.07684347,4634369.378301307,1.2,1133,12,4,313-8,[]
TX,986.839400313,293843.559075034,4640193.690909953,1.2,1279,12,4,352-11,[]
TX,986.845788667,290582.993869598,4642345.908637411,1.2,420,11,4,195-27,[]
TX,987.391811713,291390.458197472,4641877.539136764,1.2,811,11,4,242-21,[]
TX,987.537134749,289813.678849715,4642394.305397243,1.2,55,10,4,113-19,[]
TX,987.587707657,290083.132125915,4640903.023567139,1.2,129,7,4,132-11,[]
TX,987.643442446,293380.968182488,4640046.156741054,1.2,562,12,4,21-4,[]
TX,987.722236942,286332.926615534,4641701.700571554,1.2,522,12,4,208-11,[]
TX,987.991218589,291659.755416744,4642788.088622394,1.2,678,12,4,225-3,[]
TX,988.074627322,291620.128749262,4640093.192105388,1.2,679,11,3,225-30,[]
TX,988.098147559,288685.045765883,4639368.080106835,1.2,22,10,4,105-12,[]
TX,988.353959959,292283.351597782,4642287.390877823,1.2,1195,12,4,329-15,[]
TX,988.470727503,282075.551877262,4638396.6716314,1.2,1225,12,4,342-13,[]
TX,988.507664356,292630.022003826,4641671.584905434,1.2,124,12,3,129-5,[]
TX,988.527777058,291574.548003165,4640956.964761265,1.2,1276,11,4,351-28,[]
TX,988.540166788,291547.86776296,4641111.816848016,1.2,399,11,4,193-18,[]
TX,988.556803143,292707.218421961,4641836.899002796,1.2,1126,12,4,311-10,[]
TX,988.663841362,290314.450355563,4636953.023333828,1.2,869,12,4,250-26,[]
TX,988.676435535,289934.596718197,4645867.355768844,1.2,1515,12,4,59-1,[]
TX,988.746565093,299750.612488584,4630069.172570682,1.2,921,12,4,259-9,[]
TX,988.826004584,295466.415605553,4642515.878564164,1.2,570,7,4,210-8,[]
TX,988.87430302,292292.467960379,4642006.071753098,1.2,1761,12,4,99-25,[]
TX,988.94864844,298078.888076514,4639314.909586935,1.2,214,12,4,154-3,[]
TX,989.252942349,289821.452887473,4641119.996163162,1.2,172,7,4,139-5,[]
TX,989.335697459,294497.65704731,4631913.524290823,1.2,195,12,4,143-21,[]
TX,989.630348762,290965.223347983,4640765.765345017,1.2,277,7,4,169-7,[]
TX,989.711083467,289918.439296477,4642869.25787805,1.2,196,12,4,143-22,[]
TX,990.102687924,284967.976879832,4643530.080934562,1.2,209,12,4,147-22,[]
TX,990.263786577,291489.304763409,4642057.448900038,1.2,697,11,4,228-27,[]
TX,990.449480428,290533.756866849,4641263.17359458,1.2,1289,7,4,352-21,[]
TX,990.675905928,291732.937990325,4642141.656852035,1.2,983,11,4,273-9,[]
TX,991.046880131,290212.872454899,4640732.030400387,1.2,711,7,4,232-13,[]
TX,991.33383676,286915.126337205,4641603.662135091,1.2,1164,12,4,321-28,[]
TX,991.440636855,294196.464953429,4652164.987663904,1.2,747,12,4,235-16,[]
TX,991.596613586,290505.136433233,4640917.324936994,1.2,772,7,4,236-6,"[['RX_GW', 991.71160892, 772, 7, 4, 868.1, -109.72879859, '00:00:00:00:00:02']]"
TX,991.708052797,290484.84071535,4640623.782322283,1.2,386,7,4,191-7,[]
TX,991.806085733,291563.858084665,4644731.076286628,1.2,3,12,4,103-15,[]
TX,991.884327017,290476.668530546,4641395.760770509,1.2,673,7,4,225-19,"[['RX_GW', 991.999322893, 673, 7, 4, 868.1, -118.037292819, '00:00:00:00:00:02']]"
TX,992.053445271,292526.439837374,4642904.778362881,1.2,1755,12,4,96-15,[]
TX,992.281566972,289580.640876702,4642517.567590014,1.2,1320,10,4,359-15,[]
TX,992.288915557,270922.537784163,4644419.900473066,1.2,1174,12,4,322-27,[]
TX,992.351128496,291698.84381499,4642122.948420944,1.2,243,11,4,156-6,[]
TX,992.453784684,290107.539671257,4640895.833961422,1.2,1762,7,4,99-26,[]
TX,992.45534143,276136.718729764,4631974.81493746,1.2,953,12,4,266-3,[]
TX,992.587172917,292551.175332714,4646186.342865807,1.2,584,12,4,212-6,[]
TX,992.593559693,289143.298412482,4641093.896457989,1.2,685,7,4,228-1,[]
TX,992.905620827,292901.274419548,4642224.595789272,1.2,1544,12,4,62-6,[]
TX,993.186651651,290271.226441875,4642027.575774548,1.2,544,8,4,209-18,"[['RX_GW', 993.39406503, 544, 8, 4, 868.1, -124.680200134, '00:00:00:00:00:02']]"
TX,993.853466888,290690.890278396,4641305.585612685,1.2,1530,7,4,61-10,"[['RX_GW', 993.968463174, 1530, 7, 4, 868.1, -121.046957826, '00:00:00:00:00:02']]"
TX,994.106535925,290267.401801246,4641298.278543659,1.2,1619,7,4,80-24,"[['RX_GW', 994.221531085, 1619, 7, 4, 868.1, -108.875645883, '00:00:00:00:00:02']]"
TX,994.315028992,290612.165713227,4641757.759507855,1.2,1154,7,4,318-30,"[['RX_GW', 994.430026068, 1154, 7, 4, 868.1, -122.638814347, '00:00:00:00:00:02']]"
TX,994.350051427,290667.880717019,4639701.828168735,1.2,964,9,4,267-20,[]
TX,994.373239186,284731.554665374,4630160.286054321,1.2,339,12,4,184-20,[]
TX,994.519406492,291042.268352884,4640478.352112646,1.2,103,8,4,121-9,[]
TX,994.564222695,290377.124423171,4642049.131015772,1.2,1684,8,4,89-18,[]
TX,994.869394106,295082.723961459,4633535.337557241,1.2,858,12,4,249-1,[]
TX,995.052978656,291476.338805567,4642062.028517785,1.2,1221,11,4,341-29,"[['RX_GW', 996.53373854, 1221, 11, 4, 868.1, -134.817314472, '00:00:00:00:00:02']]"
TX,995.072618077,289345.126627327,4642453.088102001,1.2,449,10,4,198-2,[]
TX,995.165693947,289378.691323132,4640514.639933023,1.2,248,7,4,157-11,[]
TX,995.249333239,291857.872393793,4642547.683796329,1.2,1353,12,4,362-23,[]
TX,995.528616285,296803.084933543,4641703.954059651,1.2,1709,7,4,90-23,"[['RX_GW', 995.643613437, 1709, 7, 4, 868.1, -122.785667287, '00:00:00:00:00:04']]"
TX,995.812680213,290832.174022351,4643154.179652552,1.2,11,12,4,104-23,[]
TX,995.883119956,290684.176274824,4641287.105498829,1.2,344,7,4,185-1,[]
TX,996.230541273,298076.540909424,4639317.051260442,1.2,215,12,4,154-4,[]
TX,996.388988336,291846.644617281,4642565.248977762,1.2,774,12,4,236-8,[]
TX,996.41189493,290668.771946342,4643073.624776592,1.2,1392,12,4,369-12,[]
TX,996.56738281,289451.894379122,4643126.228698445,1.2,361,12,4,188-25,[]
TX,997.309287346,287530.121414511,4640942.521536244,1.2,970,12,4,273-1,[]
TX,997.505770504,291983.125392654,4644115.884604404,1.2,406,12,4,193-26,[]
TX,997.834724367,291636.001065727,4644642.808066298,1.2,239,12,4,156-28,[]
TX,998.098125606,291019.257781527,4641759.80899177,1.2,95,8,4,12-15,[]
TX,998.642977242,290676.53269399,4641311.591542525,1.2,856,7,4,248-29,[]
TX,999.217163917,291472.709691459,4642248.033886927,1.2,1664,12,4,87-18,[]
TX,999.537104714,285823.843503389,4641082.583330716,1.2,142,12,4,132-7,[]
TX,999.68587647,294389.099493162,4645739.866590591,1.2,1562,12,4,7-23,[]
TX,1000.52669399,296205.887130579,4643506.5352244,1.2,56,10,4,113-2,"[['RX_GW', 1001.186205739, 56, 10, 4, 868.1, -130.228806284, '00:00:00:00:00:04']]"
TX,1000.560281625,292661.68412467,4642645.934068323,1.2,401,12,4,193-20,[]
TX,1000.737281562,288867.960963583,4639556.240376505,1.2,994,10,4,28-22,[]
TX,1001.082960097,271625.467432944,4630626.123243275,1.2,666,12,4,224-4,[]
TX,1001.103918016,292358.489188416,4641503.186256388,1.2,497,12,4,202-3,[]
TX,1001.125086955,289675.421247829,4638812.573734866,1.2,96,12,4,12-9,[]
TX,1001.610829253,294212.447459143,4642770.314690189,1.2,488,12,4,200-21,[]
TX,1001.738846555,294776.966370765,4644758.065356374,1.2,1057,12,4,295-6,[]
TX,1002.38679914,283956.866854706,4643133.624880831,1.2,1747,12,4,94-6,[]
TX,1002.495948282,292551.500018866,4642934.9456943,1.2,1273,12,4,351-25,[]
TX,1002.561559164,291466.181355783,4642050.312191746,1.2,1064,12,4,297-13,[]
TX,1002.671936839,287581.023905238,4641414.867732562,1.2,1068,12,4,297-25,[]
TX,1002.797816245,290601.700350706,4641346.152988672,1.2,952,7,4,266-22,[]
TX,1003.123293468,294030.647807171,4641618.391606976,1.2,791,11,4,240-23,[]
TX,1003.225446191,292656.267531839,4642382.920641664,1.2,1204,12,4,337-18,[]
TX,1003.304564099,290713.352645537,4642486.333721571,1.2,1622,12,4,80-29,[]
TX,1003.354867082,273702.902203916,4630633.12768291,1.2,868,12,4,250-25,[]
TX,1003.488109386,292691.920328581,4641795.451006508,1.2,802,12,4,241-30,[]
TX,1003.578663338,297587.347345537,4643640.084909319,1.2,181,12,4,14-24,[]
TX,1003.778268305,291230.846095302,4642288.223576021,1.2,1658,10,4,85-4,[]
TX,1003.807089192,290870.336456941,4642270.094307694,1.2,458,10,4,199-8,[]
TX,1003.99069493,292774.386193421,4642165.108808613,1.2,496,12,3,202-2,[]
TX,1004.02341578,290118.012758825,4640874.858797467,1.2,1368,7,4,365-16,[]
TX,1004.087931605,291839.552152521,4641049.328521387,1.2,800,10,4,241-22,[]
TX,1004.210337223,291442.515159045,4642030.207898146,1.2,1623,11,4,80-9,[]
TX,1004.396260065,291570.811810097,4640953.796366182,1.2,638,10,4,222-4,[]
TX,1004.746109388,291795.061871678,4642550.69299421,1.2,1285,12,4,352-18,[]
TX,1004.924510165,281912.872072332,4632787.187881094,1.2,506,12,4,203-20,[]
TX,1005.026233539,290291.287857769,4642852.89820938,1.2,884,11,4,257-10,[]
TX,1005.120752119,291704.231880206,4642150.601260046,1.2,707,11,4,232-1,[]
TX,1005.479605923,290260.274706308,4641268.577750162,1.2,1597,7,4,79-25,"[['RX_GW', 1005.594600992, 1597, 7, 4, 868.1, -109.362796109, '00:00:00:00:00:02']]"
TX,1006.095258288,290073.849574226,4640925.304111531,1.2,790,7,4,240-22,"[['RX_GW', 1006.210252188, 790, 7, 4, 868.1, -81.5414949, '00:00:00:00:00:02']]"
TX,1006.163376091,291979.633729902,4641715.472208574,1.2,1200,12,4,331-30,[]
TX,1006.184671055,290566.23355089,4637458.898557866,1.2,100,12,4,121-13,[]
TX,1006.188167236,289516.695223009,4637542.686451895,1.2,1100,12,4,300-8,[]
TX,1006.244136794,290276.463670589,4640902.996146644,1.2,1662,7,4,85-8,"[['RX_GW', 1006.359131366, 1662, 7, 4, 868.1, -100.994923835, '00:00:00:00:00:02']]"
TX,1006.483716587,289193.896765371,4643501.523700994,1.2,1435,12,4,40-20,[]
TX,1006.567120302,293487.487173569,4639945.656750153,1.2,1546,12,4,62-8,[]
TX,1006.948406081,292539.829141899,4641872.690591677,1.2,1130,12,4,311-14,[]
TX,1007.025493548,289794.461528506,4638757.353831871,1.2,1226,12,4,342-14,[]
TX,1007.2978928,291226.180372372,4642255.874458876,1.2,1075,11,4,298-10,[]
TX,1007.419844009,289171.102114124,4641982.009501487,1.2,1598,9,4,79-26,[]
TX,1007.472827589,290420.040320739,4641809.932356673,1.2,1280,7,4,352-12,[]
TX,1007.531909146,290078.068826459,4637822.628013521,1.2,63,12,4,113-5,[]
TX,1007.701672296,290528.798521628,4646811.629615364,1.2,453,12,4,198-6,[]
TX,1007.946674728,290062.723887976,4642525.137256132,1.2,293,10,4,172-13,[]
TX,1008.336953395,290191.854820332,4643176.978829569,1.2,804,12,4,241-5,[]
TX,1008.409404435,290336.437512653,4636131.316689133,1.2,1090,12,4,3-4,[]
TX,1008.593466098,292329.556033056,4642046.397804792,1.2,999,12,4,280-29,[]
TX,1008.602978187,289661.750316523,4643509.567399702,1.2,231,12,4,156-20,[]
TX,1008.698022396,287218.338790656,4641781.041067801,1.2,990,12,4,28-18,[]
TX,1008.798790462,289681.414884084,4641893.07960006,1.2,1722,7,4,92-2,[]
TX,1008.976372405,290258.713842419,4641990.245145316,1.2,1413,8,4,37-25,[]
TX,1009.065873489,293867.986961307,4644252.919146407,1.2,1054,12,4,295-21,[]
TX,1009.162253209,290709.489889895,4641291.742547657,1.2,1572,7,4,70-26,"[['RX_GW', 1009.277249529, 1572, 7, 4, 868.1, -121.270423181, '00:00:00:00:00:02']]"
TX,1009.705895789,290478.988386592,4640629.239231187,1.2,1238,7,4,343-19,"[['RX_GW', 1009.820891268, 1238, 7, 4, 868.1, -111.853304865, '00:00:00:00:00:02']]"
TX,1009.78549794,293742.879662994,4639568.328552636,1.2,1246,12,4,343-5,[]
TX,1010.18900463,291118.103979819,4642466.835103462,1.2,493,11,4,200-6,[]
TX,1010.333909208,293323.908273886,4640161.383151664,1.2,1715,12,4,90-6,[]
TX,1010.851057806,290081.698079371,4641498.102155139,1.2,832,7,4,245-22,[]
TX,1010.924934912,288985.759280392,4642505.293026551,1.2,431,11,4,196-23,[]
TX,1011.04732105,290872.617560422,4641278.907446168,1.2,1380,8,4,365-29,[]
TX,1011.203761921,294462.732751447,4642673.255649317,1.2,1628,10,4,81-2,[]
TX,1011.2997974,290570.977927609,4641800.354745059,1.2,1524,7,4,59-26,[]
TX,1011.379168428,290851.026236581,4644705.427147148,1.2,500,12,4,202-6,[]
TX,1011.519802571,291124.57331958,4642467.919889217,1.2,247,11,4,157-10,[]
TX,1012.013797197,290085.719533165,4640915.000015815,1.2,136,7,4,132-20,"[['RX_GW', 1012.128791133, 136, 7, 4, 868.1, -83.116373531, '00:00:00:00:00:02']]"
TX,1012.21099228,291952.701174087,4638206.108114535,1.2,1642,12,4,83-23,[]
TX,1012.353291242,290079.594944028,4641516.936521171,1.2,1633,7,4,81-4,"[['RX_GW', 1012.468286803, 1633, 7, 4, 868.1, -113.373736611, '00:00:00:00:00:02']]"
TX,1013.392280421,292021.508208804,4641756.863102,1.2,684,12,4,225-8,[]
TX,1013.587118605,284713.635844859,4630156.685794314,1.2,342,12,4,184-6,[]
TX,1014.074605088,289814.888233222,4642395.777964048,1.2,1084,10,4,298-27,[]
TX,1014.227296527,292712.393687133,4636373.182549706,1.2,1370,12,4,365-18,[]
TX,1014.291603857,289843.709922101,4643074.633107929,1.2,1012,12,4,288-13,[]
TX,1014.392941882,290707.628137893,4641307.839458505,1.2,1013,7,4,288-14,[]
TX,1014.764048523,290348.993601933,4641825.715193424,1.2,1676,7,4,88-30,[]
TX,1014.837816248,291974.194468089,4637376.05788407,1.2,1167,12,4,322-10,[]
TX,1014.942390749,290084.118860506,4640914.504309371,1.2,739,7,4,234-29,[]
TX,1015.041885506,290474.551513992,4640625.099084181,1.2,193,7,4,143-2,[]
TX,1015.212000986,293314.967047405,4644292.564316646,1.2,1049,12,4,295-11,[]
TX,1015.845982815,292174.166192544,4643169.974279718,1.2,480,12,4,2-5,[]
TX,1016.015393731,292381.082600999,4637320.25858973,1.2,603,12,4,22-17,[]
TX,1016.314161488,288735.703243251,4641761.43616535,1.2,525,11,4,208-14,[]
TX,1016.343454363,290097.730166396,4641507.681271173,1.2,540,7,4,208-7,[]
TX,1016.350482578,291126.184175637,4642467.278367926,1.2,494,11,4,200-7,[]
TX,1016.382447912,291037.270762941,4641931.464428764,1.2,1691,9,4,89-26,[]
TX,1016.464309698,291467.292162252,4638069.592680068,1.2,1149,12,4,316-11,[]
TX,1016.569110731,292697.512615417,4640498.494093122,1.2,1048,12,4,294-7,[]
TX,1017.092599892,280202.484372171,4632613.707050539,1.2,167,12,4,135-6,[]
TX,1017.205351915,289590.215870791,4652558.752493417,1.2,769,12,4,236-25,[]
TX,1017.409699511,291076.169403659,4641547.525148265,1.2,1056,10,4,295-23,[]
TX,1017.443038413,299599.520230656,4645419.014342049,1.2,1166,12,4,321-9,[]
TX,1017.511458601,290082.84539779,4640925.116959774,1.2,91,7,4,12-11,[]
TX,1017.572628585,298783.219629006,4631162.978542684,1.2,620,12,4,220-21,[]
TX,1017.69513592,284485.126956732,4633004.837566325,1.2,373,12,4,191-19,[]
TX,1017.728431087,290529.696494604,4640937.880167955,1.2,482,7,4,2-7,[]
TX,1017.834299159,291121.774260551,4642464.957845891,1.2,508,11,4,203-22,"[['RX_GW', 1019.315059161, 508, 11, 4, 868.1, -134.146125713, '00:00:00:00:00:02']]"
TX,1018.045411823,290137.715534142,4641381.968137686,1.2,159,7,4,135-26,[]
TX,1018.456491656,290355.481545152,4641801.878037686,1.2,17,7,4,104-29,[]
TX,1019.036737299,294742.882447222,4642971.053734084,1.2,1091,10,4,3-5,[]
TX,1019.08975974,291304.507038383,4641166.106775349,1.2,44,9,4,111-21,[]
TX,1019.382674042,290067.05292139,4641534.182021197,1.2,1518,7,4,59-13,"[['RX_GW', 1019.497669651, 1518, 7, 4, 868.1, -113.804092796, '00:00:00:00:00:02']]"
TX,1019.574196878,290760.791226757,4642697.535374746,1.2,1234,10,4,343-13,"[['RX_GW', 1020.233708944, 1234, 10, 4, 868.1, -132.367402113, '00:00:00:00:00:02']]"
TX,1019.605811678,290458.725011748,4641740.090767957,1.2,1699,8,4,89-8,[]
TX,1019.905575363,291704.443433023,4642822.342482106,1.2,786,12,4,238-7,[]
TX,1019.914827345,297565.459652034,4643624.409449359,1.2,185,12,4,14-29,[]
TX,1020.199264818,299804.165453261,4630159.640306999,1.2,918,12,4,259-27,[]
TX,1020.332137642,299759.950599181,4630032.208033273,1.2,915,12,4,259-24,[]
TX,1020.384222802,290255.43471884,4640265.082543283,1.2,801,7,4,241-3,"[['RX_GW', 1020.499218664, 801, 7, 4, 868.1, -112.507567735, '00:00:00:00:00:02']]"
TX,1020.555759917,291851.251235792,4644143.258196943,1.2,225,12,4,156-12,[]
TX,1020.586112682,291420.511593544,4641312.462444998,1.2,1250,10,4,344-11,[]
TX,1020.663846215,290081.294674379,4640914.64681733,1.2,92,7,4,12-12,[]
TX,1020.678602696,290362.06165005,4641443.905951014,1.2,542,7,4,208-9,[]
TX,1020.726177923,294061.972473702,4641646.404062342,1.2,788,11,4,240-18,[]
TX,1020.786179156,291565.148494736,4641381.701987934,1.2,725,12,4,233-20,[]
TX,1020.951933725,291945.383403741,4644193.244412268,1.2,1015,12,4,288-23,[]
TX,1020.978981583,290043.724991717,4640964.13633639,1.2,1561,7,4,7-15,[]
TX,1021.068456937,290098.617345904,4640895.167410169,1.2,47,7,4,111-6,[]
TX,1021.248241105,289979.205444891,4640227.513160486,1.2,728,7,4,234-1,"[['RX_GW', 1021.363236867, 728, 7, 4, 868.1, -119.744751456, '00:00:00:00:00:02']]"
TX,1021.481644528,293118.397266733,4643531.125708424,1.2,396,12,4,193-13,[]
TX,1021.531218662,295003.130433875,4642858.669185101,1.2,1153,9,4,318-1,[]
TX,1021.755275097,289625.001265175,4643160.862480112,1.2,946,12,4,266-17,[]
TX,1021.755977534,290557.487343942,4635705.46266761,1.2,148,12,4,135-14,[]
TX,1021.909399003,293159.690654885,4640600.357754916,1.2,1443,12,4,41-17,[]
TX,1021.974816313,287039.198089998,4641720.746669591,1.2,70,12,4,115-19,[]
TX,1021.978315314,290481.801612627,4640620.884223485,1.2,368,7,4,191-12,[]
TX,1022.139136621,290360.963941585,4640367.409488195,1.2,232,7,4,156-21,[]
TX,1022.230301747,292236.848726169,4638606.707603447,1.2,1267,12,4,348-13,[]
TX,1022.379156891,294186.877903969,4642999.630664358,1.2,879,12,4,253-20,[]
TX,1022.623470871,255589.907680279,4652261.466649564,1.2,1588,12,4,79-1,[]
TX,1022.782076142,291874.25927918,4642842.927801231,1.2,150,12,4,135-16,[]
TX,1023.101713092,291927.947937057,4644148.718308345,1.2,742,12,4,235-11,[]
TX,1023.121769858,292100.89899319,4640615.658266736,1.2,1705,12,4,90-18,[]
TX,1023.139791337,291764.668495034,4641033.553320838,1.2,898,10,4,257-27,[]
TX,1023.171443243,290763.691578397,4640955.734458144,1.2,886,7,4,257-12,[]
TX,1023.432138767,294978.356927267,4642587.648147691,1.2,625,8,4,220-5,"[['RX_GW', 1023.639552073, 625, 8, 4, 868.1, -124.502847246, '00:00:00:00:00:04']]"
TX,1023.645517596,282994.908997739,4640410.654040196,1.2,670,12,4,224-8,[]
TX,1023.688069875,290590.178464082,4642301.684730817,1.2,819,10,4,243-1,[]
TX,1023.805936236,290953.342203783,4642040.699403808,1.2,1362,10,4,365-10,[]
TX,1024.145921408,289963.427184593,4644136.113899116,1.2,83,12,4,119-3,[]
TX,1024.218453683,287724.758571247,4641676.490354499,1.2,1450,12,4,42-17,[]
TX,1024.781656871,290930.359839781,4641308.112223365,1.2,14,7,4,104-26,"[['RX_GW', 1024.896653885, 14, 7, 4, 868.1, -122.0162845, '00:00:00:00:00:02']]"
TX,1025.086980633,291786.826000354,4644542.107749613,1.2,334,12,4,183-23,[]
TX,1025.090471163,291911.223323412,4642879.546219059,1.2,1634,12,4,81-5,[]
TX,1025.428349711,293265.787451001,4639499.737551895,1.2,1069,12,4,297-26,[]
TX,1025.48737124,289187.483357124,4643494.886979225,1.2,1383,12,4,365-5,[]
TX,1025.542974969,290283.791377341,4641305.658871576,1.2,168,7,4,135-7,[]
TX,1025.84312888,293959.823062822,4639367.894757715,1.2,156,12,4,135-21,[]
TX,1025.971799741,291829.428144109,4642544.01508602,1.2,1045,12,4,294-4,[]
TX,1026.26615024,288544.634673209,4638776.046547049,1.2,825,12,4,243-25,[]
TX,1026.348223426,288549.111485691,4642863.420515564,1.2,1489,12,4,53-14,[]
TX,1026.355596386,291682.69003032,4642137.076779709,1.2,1648,11,4,83-9,[]
TX,1026.952150604,292918.900451131,4640404.963922667,1.2,1442,12,4,41-16,[]
TX,1027.036409307,288468.957081047,4637703.108573182,1.2,205,12,4,144-7,[]
TX,1027.082050957,291070.231958715,4644041.86789283,1.2,1303,12,4,356-21,[]
TX,1027.191699876,291800.519196355,4642542.742995121,1.2,1125,12,4,311-1,[]
TX,1027.196143291,288187.482927562,4643627.552405959,1.2,624,12,4,220-4,[]
TX,1027.621834623,293361.330100368,4643235.887868345,1.2,954,12,4,266-30,[]
TX,1027.670393834,290670.759985259,4641308.226458494,1.2,851,7,4,248-24,[]
TX,1027.867830936,291755.546692843,4642832.799783892,1.2,1137,12,4,315-12,[]
TX,1028.0100275,282422.938084855,4640449.694129452,1.2,466,12,4,2-18,[]
TX,1028.097691413,290791.458936081,4644286.231670901,1.2,552,12,4,21-16,[]
TX,1028.11676725,293228.176337357,4642657.386418787,1.2,417,12,4,195-13,[]
TX,1028.347868497,291206.757375267,4641980.156399371,1.2,713,10,4,232-15,[]
TX,1028.395015182,290365.670958662,4641831.064202915,1.2,456,7,4,199-3,[]
TX,1028.405733686,290065.16021733,4641538.428879839,1.2,442,7,4,197-1,[]
TX,1028.827964186,290280.724507918,4641297.354449416,1.2,1615,7,4,80-13,[]
TX,1028.880631453,295011.150705056,4638051.135400502,1.2,621,12,4,220-22,[]
TX,1029.001232665,290075.696747757,4640927.347436768,1.2,1626,7,4,81-18,[]
TX,1029.016340311,292783.966707347,4638946.47467458,1.2,919,12,4,259-28,[]
TX,1029.628599554,288885.063046634,4635863.943300174,1.2,391,12,4,192-6,[]
TX,1029.843338981,290054.130094113,4641535.893635166,1.2,359,7,4,188-23,[]
TX,1030.147726476,285339.738548794,4636052.850001619,1.2,838,12,4,246-30,[]
TX,1030.413760714,292038.096356731,4641774.188975303,1.2,564,12,4,21-6,[]
TX,1031.028422546,291018.737661146,4641186.512584086,1.2,588,8,4,213-1,"[['RX_GW', 1031.235835722, 588, 8, 4, 868.1, -126.758479966, '00:00:00:00:00:02']]"
TX,1031.179380562,290648.92539717,4641166.91879332,1.2,118,7,4,127-27,[]
TX,1031.420772579,290411.638921961,4641807.238073306,1.2,1574,7,4,70-28,"[['RX_GW', 1031.535769433, 1574, 7, 4, 868.1, -122.834924814, '00:00:00:00:00:02']]"
TX,1031.509756613,292169.049008182,4638919.160250095,1.2,643,12,4,223-2,[]
TX,1031.521836373,291185.74521169,4641310.327787872,1.2,153,8,4,135-19,[]
TX,1031.59075211,291418.096636603,4638514.352248779,1.2,957,12,4,266-6,[]
TX,1032.097389812,271570.027806286,4630618.833388915,1.2,1260,12,4,347-19,[]
TX,1032.110880885,291288.442245814,4641412.784678569,1.2,1551,10,4,68-11,"[['RX_GW', 1032.770391168, 1551, 10, 4, 868.1, -130.754053412, '00:00:00:00:00:02']]"
TX,1032.190202401,290976.112137696,4641943.377790459,1.2,1448,8,4,41-22,[]
TX,1032.374381824,290080.749273653,4641528.34283474,1.2,1503,7,4,58-12,[]
TX,1032.664366432,294392.399262896,4643065.028024086,1.2,1145,12,4,315-27,[]
TX,1032.697679671,292076.150042016,4644248.293862172,1.2,902,12,4,257-5,[]
TX,1032.772994637,292543.503797519,4643842.567950866,1.2,702,12,4,228-7,[]
TX,1033.297749757,292701.156586408,4641817.678333976,1.2,1176,12,4,322-29,[]
TX,1033.379788292,290096.044132348,4641289.902868231,1.2,738,7,4,234-27,[]
TX,1033.528805875,291210.13328366,4641283.463157244,1.2,1584,10,4,78-1,[]
TX,1033.560124634,294463.719951319,4638802.382455948,1.2,235,12,4,156-24,[]
TX,1033.64785601,290146.938913704,4640099.53991088,1.2,1476,7,4,48-17,[]
TX,1033.7922952,291711.733802197,4642771.842224696,1.2,224,12,4,156-11,[]
TX,1033.900267981,290480.149944124,4640629.718305956,1.2,1314,7,4,357-25,[]
TX,1034.039915083,292321.506162059,4642044.374450392,1.2,1160,12,4,321-24,[]
TX,1034.108558903,291239.332860544,4642280.330701571,1.2,1108,10,4,301-8,[]
TX,1034.271829986,294391.385941275,4604815.911818226,1.2,1186,12,4,325-6,[]
TX,1034.370783532,291082.249445731,4642331.008642318,1.2,768,11,4,236-23,[]
TX,1034.387980683,271650.530102138,4630647.698631669,1.2,1262,12,4,347-21,[]
TX,1034.414476836,291115.269726918,4641437.615796284,1.2,1060,7,4,297-1,[]
TX,1034.657750948,292595.463536974,4642879.488757319,1.2,888,12,4,257-17,[]
TX,1034.665252084,284952.613044451,4642826.85541626,1.2,1177,12,4,324-17,[]
TX,1034.674562342,295986.184534726,4641247.25756765,1.2,587,7,4,212-9,[]
TX,1034.681367967,289441.124121855,4635420.503904059,1.2,968,12,4,268-16,[]
TX,1034.761965016,291114.267593445,4642472.829110002,1.2,1653,12,4,85-2,[]
TX,1034.870482124,291239.587033787,4641291.869970168,1.2,262,9,4,167-25,[]
TX,1034.978525107,292144.585976884,4640649.566065867,1.2,529,12,4,208-20,[]
TX,1035.356275686,289417.803474059,4645293.373565476,1.2,36,12,4,106-6,[]
TX,1035.381065607,288842.34431676,4641814.674549406,1.2,1354,9,4,362-24,[]
TX,1035.519753291,290796.002727429,4640932.298899934,1.2,687,7,4,228-11,[]
TX,1035.602843802,288858.578947278,4637837.539793937,1.2,1183,12,4,324-8,[]
TX,1035.875478191,294835.283020314,4644910.0518228,1.2,723,12,4,233-18,[]
TX,1036.255656541,291452.128820783,4642050.436549105,1.2,1590,12,4,79-11,[]
TX,1036.272511404,293917.452835233,4638523.354954973,1.2,1583,12,4,76-6,[]
TX,1036.324547245,290059.000720604,4641526.712829798,1.2,1557,7,4,7-11,[]
TX,1036.441871669,289495.00365857,4635474.436384392,1.2,382,12,4,191-3,[]
TX,1036.447195898,290858.289466953,4642306.606587705,1.2,1758,10,4,99-1,[]
TX,1036.575576162,291251.385216644,4644887.38242621,1.2,1340,12,4,361-24,[]
TX,1036.62551192,291730.914617858,4642697.43409795,1.2,1159,12,4,321-23,[]
TX,1036.830714744,297385.550583105,4641707.74504918,1.2,310,9,4,174-29,"[['RX_GW', 1037.202481858, 310, 9, 4, 868.1, -129.40609238, '00:00:00:00:00:04']]"
TX,1036.973551897,291217.61753774,4642268.836318186,1.2,1066,10,4,297-15,[]
TX,1037.937760549,287560.923548107,4634293.32984513,1.2,1017,12,4,288-26,[]
TX,1038.292900205,287770.452887832,4645579.129668422,1.2,1336,12,4,361-13,[]
TX,1038.403788576,290075.201023838,4640924.411549881,1.2,1624,7,4,81-16,[]
TX,1039.01194217,291851.98063565,4642558.497671656,1.2,1047,12,4,294-6,[]
TX,1039.265491629,292958.898896559,4644346.065236373,1.2,757,12,4,235-3,[]
TX,1039.272371328,291109.007800519,4641367.777780083,1.2,335,9,4,183-8,[]
TX,1039.374027387,290050.047912982,4640960.525477374,1.2,278,7,4,169-8,[]
TX,1039.499800119,293365.12420757,4639047.813121455,1.2,319,12,4,178-10,[]
TX,1039.574242884,292253.914733263,4641947.253791446,1.2,555,12,4,21-19,[]
TX,1039.582130277,294086.66039178,4641590.274283082,1.2,581,10,4,212-28,"[['RX_GW', 1040.241641206, 581, 10, 4, 868.1, -132.836473466, '00:00:00:00:00:04']]"
TX,1039.711002422,292652.86829445,4641811.011806848,1.2,1332,12,4,361-1,[]
TX,1039.712307694,292325.167749388,4642120.277214815,1.2,839,12,4,246-4,[]
TX,1039.888894445,287167.687280117,4641756.611100281,1.2,472,12,4,2-25,[]
TX,1040.059885074,273702.745901305,4630621.607364154,1.2,867,12,4,250-24,[]
TX,1040.314965756,271636.971077099,4630632.413200523,1.2,1404,12,4,37-12,[]
TX,1040.416342405,291700.832449941,4642657.395991062,1.2,1087,12,4,298-9,[]
TX,1040.505331793,290070.054293287,4640931.864986596,1.2,730,7,4,234-12,[]
TX,1040.944754398,290987.588059203,4641333.025122491,1.2,517,7,4,205-22,[]
TX,1041.199588599,293438.77948808,4640929.898495596,1.2,237,12,4,156-26,[]
TX,1041.237776636,289190.570598773,4642519.325568634,1.2,425,12,4,196-13,[]
TX,1041.407629131,292728.439510096,4641847.567731664,1.2,1363,12,4,365-11,[]
TX,1041.52417479,282195.303312093,4632812.457931017,1.2,862,12,4,250-12,[]
TX,1041.838970978,299763.668063112,4630298.78602514,1.2,911,12,4,259-13,[]
TX,1042.000416848,289302.773452153,4643495.084408493,1.2,1737,12,4,94-24,[]
TX,1042.178511451,290060.005279816,4642394.671336762,1.2,78,8,4,115-6,[]
TX,1042.440003622,290961.312960141,4642624.336102501,1.2,1083,12,4,298-26,[]
TX,1042.607307007,290134.894782297,4640086.182929595,1.2,890,7,4,257-19,[]
TX,1042.647994097,293738.681250997,4641354.479847373,1.2,206,12,4,144-8,[]
TX,1042.92940851,290951.99365424,4640729.523582882,1.2,1495,7,4,53-27,[]
TX,1042.947909103,293034.309519753,4642566.355787078,1.2,477,12,4,2-3,[]
TX,1043.054403622,292733.987906798,4641853.191595986,1.2,1143,12,4,315-25,[]
TX,1043.118710341,271648.163538545,4630650.761497173,1.2,1141,12,4,315-23,[]
TX,1043.487446816,291650.527322848,4642351.047181326,1.2,765,12,4,236-19,[]
TX,1043.593099532,291150.47802841,4641348.199185885,1.2,993,8,4,28-21,[]
TX,1044.173995558,293842.440927303,4640803.339729159,1.2,16,12,4,104-28,[]
TX,1044.202200507,291504.77858374,4643021.97449209,1.2,764,12,4,236-18,[]
TX,1044.230040536,287375.944276993,4644076.057718699,1.2,144,12,4,135-10,[]
TX,1044.240730125,273684.165280315,4630706.95753322,1.2,1759,12,4,99-23,[]
TX,1044.275183228,292438.103356293,4642431.946309892,1.2,1477,12,4,48-18,[]
TX,1044.632557818,289008.419692418,4636559.912148767,1.2,528,12,4,208-19,[]
TX,1044.877065721,293722.358849628,4640231.475073644,1.2,1169,12,4,322-14,[]
TX,1044.950896344,289951.352870682,4634421.804954883,1.2,1043,12,4,291-1,[]
TX,1045.138805044,290422.55848719,4640692.667905292,1.2,1107,7,4,301-7,"[['RX_GW', 1045.25380026, 1107, 7, 4, 868.1, -109.881645185, '00:00:00:00:00:02']]"
TX,1045.261400436,290650.857587401,4641156.939036928,1.2,823,7,4,243-2,"[['RX_GW', 1045.376396399, 823, 7, 4, 868.1, -116.797059275, '00:00:00:00:00:02']]"
TX,1045.300323169,273237.798371865,4630007.99300526,1.2,604,12,4,22-2,[]
TX,1045.468218637,295131.793500455,4642721.497804213,1.2,1466,8,4,44-18,[]
TX,1045.963515216,290421.621518487,4641812.905239539,1.2,927,7,4,260-14,"[['RX_GW', 1046.078512103, 927, 7, 4, 868.1, -123.011933825, '00:00:00:00:00:02']]"
TX,1046.035825951,289198.670018537,4642519.159826297,1.2,1323,12,4,360-1,[]
TX,1046.068746395,291070.850595351,4641080.791401775,1.2,175,7,4,139-8,[]
TX,1046.452946695,271464.092333501,4630554.570359223,1.2,1193,12,4,328-9,[]
TX,1046.628252716,289781.344755922,4642551.18537011,1.2,896,10,4,257-25,"[['RX_GW', 1047.287763741, 896, 10, 4, 868.1, -131.771399191, '00:00:00:00:00:02']]"
TX,1046.675607498,299457.015643723,4663170.849880286,1.2,741,12,4,235-1,[]
TX,1046.941652057,273674.932106967,4630616.626834358,1.2,322,12,4,178-13,[]
TX,1046.948246436,293440.510989605,4640914.97135321,1.2,263,12,4,167-26,[]
TX,1046.961817744,291010.221122702,4641834.100681541,1.2,546,8,4,209-21,[]
TX,1047.194820772,289988.792942819,4641930.179872431,1.2,691,8,4,228-15,[]
TX,1047.398049015,291259.346059452,4642253.601829589,1.2,126,12,4,129-7,[]
TX,1047.562376757,291713.019099741,4642162.570587779,1.2,305,11,4,174-24,[]
TX,1047.616087104,288459.723208207,4642423.418221045,1.2,491,12,4,200-4,[]
TX,1047.775811245,293362.181678799,4640075.283239418,1.2,635,12,5,222-22,[]
TX,1047.784810682,290683.314514644,4641291.032706566,1.2,1128,7,4,311-12,[]
TX,1047.802784618,292301.307888806,4642049.833102768,1.2,1301,12,4,356-19,[]
TX,1048.2403485,290672.898595231,4641313.777785799,1.2,855,7,4,248-28,[]
TX,1048.51295172,294163.246688844,4642912.69419063,1.2,1483,10,4,49-23,[]
TX,1048.518518662,290335.851344555,4639891.107212701,1.2,81,8,4,117-23,[]
TX,1048.53440281,286900.540102678,4641850.533987235,1.2,469,12,4,2-20,[]
TX,1048.842673089,291117.15091598,4642464.215889567,1.2,1537,11,4,62-16,[]
TX,1048.877286486,290087.831283582,4640908.626811497,1.2,467,7,4,2-19,[]
TX,1049.204710378,288292.287920652,4644150.385670024,1.2,1077,12,4,298-13,[]
TX,1049.357964609,291222.639573567,4641234.472812149,1.2,1120,10,4,309-13,[]
TX,1049.360024878,291773.80458196,4642395.617194104,1.2,1156,12,4,321-13,[]
TX,1049.5351325,295130.607755388,4642717.859177784,1.2,1313,8,4,357-24,[]
TX,1049.893309057,292607.226265664,4641983.738676622,1.2,1434,12,4,40-2,[]
TX,1049.908162159,289601.432494125,4641762.02039609,1.2,435,7,4,196-27,[]
TX,1050.604494302,299231.110318531,4639003.443104842,1.2,1132,12,4,311-24,[]
TX,1050.657466299,291728.016400682,4642767.722597347,1.2,318,12,4,178-1,[]
TX,1050.893295017,290679.097042963,4641310.521080631,1.2,931,7,4,260-26,[]
TX,1050.989073034,290761.073123179,4642848.209475044,1.2,343,12,4,184-8,[]
TX,1051.024537824,290976.047856273,4640752.240981955,1.2,271,7,4,169-21,[]
TX,1051.108808932,292402.411964561,4641555.670057978,1.2,648,12,4,223-6,[]
TX,1051.566285289,293006.285251285,4643280.582117024,1.2,1756,12,4,96-2,[]
TX,1051.570618803,290092.496033534,4640905.341649387,1.2,58,7,4,113-21,[]
TX,1051.665465803,299734.294301532,4630033.492097551,1.2,616,12,4,220-18,[]
TX,1051.730531757,291456.34141045,4638078.340726745,1.2,1150,12,4,316-28,[]
TX,1051.732964079,290487.389429742,4641381.296356316,1.2,101,7,4,121-14,[]
TX,1051.787140245,292414.786565998,4641761.49462612,1.2,1220,12,4,341-28,[]
TX,1051.852450574,289990.143920393,4646324.914819428,1.2,105,12,4,122-13,[]
TX,1051.94210594,291842.158476466,4641929.922692778,1.2,307,12,4,174-26,[]
TX,1052.444629295,289843.959579648,4635184.049979939,1.2,1248,12,4,343-7,[]
TX,1052.664510255,293395.687755636,4640919.757731277,1.2,381,12,4,191-28,[]
TX,1052.897172874,292653.424941323,4641665.206810144,1.2,505,12,4,203-2,[]
TX,1053.045823668,291061.116468669,4644048.440548792,1.2,1103,12,4,301-30,[]
TX,1054.411645055,288291.957344982,4642175.463773649,1.2,1487,12,4,53-12,[]
TX,1054.478158824,289196.951965232,4642518.145938641,1.2,1753,12,4,96-13,[]
TX,1055.127290946,295740.080865534,4641508.774830105,1.2,784,7,4,238-4,[]
TX,1055.132110185,293312.104069719,4644316.549374981,1.2,688,12,4,228-12,[]
TX,1055.48055265,290560.057088986,4641026.857002548,1.2,1162,7,4,321-26,[]
TX,1055.716354295,290367.140907762,4639161.293128802,1.2,627,12,4,220-7,[]
TX,1055.818292475,291711.110724964,4641302.199043931,1.2,1112,11,4,308-4,[]
TX,1056.023812205,290991.339798949,4642047.438440759,1.2,1079,10,4,298-15,[]
TX,1056.165756004,287986.235749007,4642187.646500072,1.2,1181,12,4,324-5,[]
TX,1056.183338614,291391.667710032,4644239.06379054,1.2,462,12,4,2-13,[]
TX,1056.313840715,292720.190387169,4641954.350325194,1.2,815,12,4,242-5,[]
TX,1056.459756972,292833.962021459,4641924.46731739,1.2,336,12,4,183-9,[]
TX,1056.648237012,290832.066893018,4635531.953346333,1.2,1510,12,4,58-26,[]
TX,1056.875247519,288221.508744746,4643501.095555329,1.2,1599,12,4,79-27,[]
TX,1057.213122066,290878.46903904,4642315.870565392,1.2,1008,10,4,288-1,"[['RX_GW', 1057.872633204, 1008, 10, 4, 868.1, -130.833613169, '00:00:00:00:00:02']]"
TX,1057.34326444,292580.451955321,4641240.194851171,1.2,1172,12,4,322-25,[]
TX,1057.372949715,289929.838919332,4634191.018281916,1.2,1388,12,4,368-1,[]
TX,1057.531861931,290928.025849178,4642101.201561726,1.2,549,11,4,209-6,[]
TX,1057.563685097,290741.016901823,4642997.40059272,1.2,1202,12,4,336-16,[]
TX,1057.726113044,290290.295769097,4641966.78873749,1.2,174,7,4,139-7,[]
TX,1057.759764864,290366.612267642,4641798.570995006,1.2,1508,7,4,58-24,[]
TX,1057.910743589,295038.561710617,4639053.672719586,1.2,560,12,4,21-3,[]
TX,1057.997247262,289092.6504821,4642521.960488645,1.2,928,12,4,260-15,[]
TX,1058.079900615,292071.932959324,4640506.965690744,1.2,734,11,4,234-23,[]
TX,1058.208836329,297296.093198945,4642997.357338115,1.2,882,12,4,255-1,[]
TX,1058.605925219,291490.994602018,4642691.267125258,1.2,1529,12,4,61-1,[]
TX,1058.623763332,292844.987156824,4643149.426193389,1.2,880,12,4,253-21,[]
TX,1058.726564306,291408.375890666,4642036.276465528,1.2,1449,11,4,42-16,[]
TX,1058.756522786,290086.286299666,4640905.09527986,1.2,1657,7,4,85-30,[]
TX,1058.791202979,289715.226241778,4647162.876947364,1.2,117,12,4,127-15,[]
TX,1058.81722167,290621.97291711,4639817.177685023,1.2,1213,9,4,341-14,[]
TX,1058.981040852,292677.492129171,4641805.778217563,1.2,65,12,4,113-7,[]
TX,1059.020865013,290535.925507637,4641947.676263844,1.2,863,9,4,250-13,[]
TX,1059.068679166,273717.916181257,4630633.346091742,1.2,1713,12,5,90-3,[]
TX,1059.128552838,261573.866926388,4646078.720842904,1.2,601,12,4,215-19,[]
TX,1059.228750061,291720.094694771,4642157.490082823,1.2,1111,11,5,308-30,[]
TX,1059.230525289,290658.820019552,4640930.243230583,1.2,18,7,4,104-9,[]
TX,1059.32460114,287562.5645004,4649605.200151218,1.2,1232,12,4,343-11,[]
TX,1059.508133268,290156.743913097,4635333.166890067,1.2,1136,12,4,315-11,[]
TX,1059.586668276,290211.378980223,4641240.894404011,1.2,1223,7,4,342-1,[]
TX,1059.705584114,293951.456520399,4629959.453654788,1.2,729,12,4,234-11,[]
TX,1059.776125507,290906.023882225,4641182.570188376,1.2,374,7,4,191-20,[]
TX,1059.794363839,290633.524252976,4641340.939681163,1.2,1146,7,4,315-28,[]
TX,1059.87146426,290194.825604871,4641839.139319047,1.2,753,8,4,235-25,[]
TX,1059.913804032,293124.133343858,4644553.088140188,1.2,778,12,4,238-19,[]
TX,1060.038923436,292523.140416466,4642910.372003895,1.2,1187,12,4,325-8,[]
TX,1060.277136812,292675.392426633,4643694.406427569,1.2,1061,12,4,297-10,[]
TX,1060.521246748,294203.69275302,4639080.321455943,1.2,54,12,4,113-18,[]
TX,1060.54692752,292596.429539534,4643826.861258447,1.2,1428,12,4,4-5,[]
TX,1060.653287408,290833.615045141,4644921.579077133,1.2,1381,12,4,365-30,[]
TX,1061.039989397,290810.150307605,4642275.763252019,1.2,445,10,4,197-26,"[['RX_GW', 1061.699500299, 445, 10, 4, 868.1, -130.033158204, '00:00:00:00:00:02']]"
TX,1061.245493533,286582.079050394,4641758.849902261,1.2,316,12,4,176-7,[]
TX,1061.364201639,290484.255270132,4640611.413458357,1.2,1359,7,4,362-29,[]
TX,1061.616504726,291408.393123203,4641384.528966386,1.2,1534,11,4,61-14,[]
TX,1061.737658627,292702.399152975,4641138.845494139,1.2,626,12,4,220-6,[]
TX,1061.75032579,299769.82726109,4630295.998822276,1.2,123,12,4,129-4,[]
TX,1062.192287405,290487.835884876,4640629.77703744,1.2,1643,7,4,83-24,[]
TX,1062.246692009,294168.251739776,4644281.826827752,1.2,808,12,4,242-17,[]
TX,1062.281547518,295161.449627948,4642746.441313246,1.2,963,8,4,267-19,[]
TX,1062.324836409,290360.986861809,4641811.341995693,1.2,1745,7,4,94-4,[]
TX,1062.395227649,290358.931337525,4641814.180831374,1.2,922,7,4,260-1,[]
TX,1062.560563818,286452.887385102,4642566.284211778,1.2,280,12,4,17-23,[]
TX,1062.73833629,290367.7439621,4641801.520950624,1.2,943,7,4,264-28,[]
TX,1062.832528574,290471.359710585,4640625.50508883,1.2,672,7,4,225-18,[]
TX,1062.908154922,295149.950155066,4642699.952546245,1.2,1606,8,4,8-24,[]
TX,1062.925620817,287859.46984714,4638159.491143196,1.2,29,12,4,105-26,[]
TX,1063.106060967,273676.445339551,4630643.176823164,1.2,1430,12,4,40-16,[]
TX,1063.191939366,293320.684297714,4644828.733621765,1.2,1594,12,4,79-15,[]
TX,1063.406080893,296051.136279744,4641058.30815386,1.2,1764,7,4,99-28,[]
TX,1063.41589247,289138.641506091,4641945.723036112,1.2,535,8,4,208-26,[]
TX,1063.508281893,288983.289180016,4642517.236111994,1.2,1550,11,4,68-10,[]
TX,1063.553988653,290291.084607468,4641366.048606962,1.2,537,7,4,208-28,[]
TX,1063.63011929,297572.344786525,4643642.734742173,1.2,182,12,4,14-25,[]
TX,1063.714361735,290476.296270483,4640695.300822671,1.2,701,7,4,228-5,[]
TX,1064.045035959,291413.277468486,4641343.451344071,1.2,972,10,4,273-11,[]
TX,1064.276890691,290277.269997831,4646535.546994932,1.2,433,12,4,196-25,[]
TX,1064.278669041,290075.291274471,4640003.489895221,1.2,122,7,4,129-2,[]
TX,1064.40162167,291500.803988034,4642435.833155047,1.2,1397,11,4,369-25,[]
TX,1064.603283316,287524.877328094,4641308.93472774,1.2,297,12,4,174-1,[]
TX,1064.747924987,291187.042848927,4641321.672552263,1.2,1645,8,4,83-27,[]
TX,1064.834847783,291755.802054517,4644938.31636113,1.2,1525,12,4,59-27,[]
TX,1064.853815064,291623.404451996,4642098.936593528,1.2,657,11,4,224-19,[]
TX,1065.019587575,291342.311159843,4642132.156282415,1.2,478,11,4,2-30,[]
TX,1065.02901827,291440.874563435,4644393.700699412,1.2,696,12,4,228-26,[]
TX,1065.46919725,292708.88689257,4641824.201310669,1.2,1257,12,4,347-16,[]
TX,1065.575432765,291023.947309749,4641963.056875192,1.2,816,10,4,242-6,[]
TX,1065.830357035,289663.991897836,4642192.730392887,1.2,937,7,4,262-20,[]
TX,1066.138797156,293919.030760389,4640886.486762889,1.2,236,12,4,156-25,[]
TX,1066.160547646,290096.497220492,4640891.485189376,1.2,473,7,4,2-26,"[['RX_GW', 1066.275541621, 473, 7, 4, 868.1, -84.666630576, '00:00:00:00:00:02']]"
TX,1066.277032485,290651.860426089,4642291.948599805,1.2,315,10,4,176-6,[]
TX,1066.497293787,291580.445131519,4641395.850303609,1.2,1365,10,4,365-13,[]
TX,1066.72969564,288396.567645578,4642372.811079745,1.2,170,11,4,139-3,[]
TX,1066.882270852,291548.820492689,4641107.030633358,1.2,1243,11,4,343-28,[]
TX,1066.930613168,286635.995510391,4645421.413580479,1.2,1479,12,4,48-20,[]
TX,1067.28537874,298034.073229745,4639336.755742617,1.2,212,12,4,154-19,[]
TX,1067.803573839,290133.310773672,4640861.835575185,1.2,1640,7,4,83-14,"[['RX_GW', 1067.918567953, 1640, 7, 4, 868.1, -89.102163664, '00:00:00:00:00:02']]"
TX,1067.821971712,295155.063065716,4642740.827130833,1.2,1559,8,4,7-13,[]
TX,1067.970686681,271542.826023887,4630278.382367453,1.2,667,12,4,224-5,[]
TX,1068.094553323,290061.903225055,4642394.975024143,1.2,459,8,4,2-1,"[['RX_GW', 1068.301967792, 459, 8, 4, 868.1, -126.112583566, '00:00:00:00:00:02']]"
TX,1068.152186635,288831.438940691,4643195.97218894,1.2,1304,12,4,356-22,[]
TX,1068.152933605,290262.731156365,4636442.30851946,1.2,874,12,4,252-16,[]
TX,1068.241544981,290408.776637163,4643864.849093459,1.2,304,12,4,174-23,[]
TX,1068.347872638,289843.228872001,4642399.862778144,1.2,1063,10,4,297-12,"[['RX_GW', 1069.007383142, 1063, 10, 4, 868.1, -130.463379506, '00:00:00:00:00:02']]"
TX,1069.06276454,291199.534466191,4643538.036447058,1.2,1334,12,4,361-11,[]
TX,1069.192768267,271883.534708546,4630633.724924026,1.2,1189,12,4,328-4,[]
TX,1069.225717236,274989.686024522,4631162.703220159,1.2,958,12,4,266-7,[]
TX,1069.292805252,291250.187292253,4641259.723796623,1.2,595,9,4,214-24,"[['RX_GW', 1069.664571246, 595, 9, 4, 868.1, -127.606770517, '00:00:00:00:00:02']]"
TX,1069.472782799,287854.368060525,4643252.61758,1.2,1002,12,4,281-14,[]
TX,1069.552920154,292845.352240713,4641909.539199938,1.2,1101,12,4,300-9,[]
TX,1069.56516911,292874.830239189,4641512.104824327,1.2,1055,12,5,295-22,[]
TX,1069.812521806,291236.703315581,4644903.636296102,1.2,1652,12,4,85-19,[]
TX,1070.029830049,290397.601074425,4641817.566836631,1.2,72,7,4,115-20,"[['RX_GW', 1070.144826913, 72, 7, 4, 868.1, -122.889278701, '00:00:00:00:00:02']]"
TX,1070.576047365,291610.910203104,4644629.721719862,1.2,327,12,4,178-25,[]
TX,1070.839576447,283570.341367336,4633414.451013317,1.2,190,12,4,143-17,[]
TX,1071.028495577,292541.504357877,4641963.946353457,1.2,864,12,4,250-14,[]
TX,1071.260275884,291110.266191786,4641451.710156835,1.2,1315,9,4,357-26,[]
TX,1071.362073351,292057.741302478,4641769.485745237,1.2,974,12,4,273-13,[]
TX,1071.366060279,291183.865908081,4641317.718823439,1.2,1604,8,4,8-2,[]
TX,1071.73225789,290381.782807923,4641409.135071391,1.2,1196,7,4,329-16,[]
TX,1071.768826269,295131.324678759,4642740.323268955,1.2,1264,8,4,348-10,[]
TX,1072.656964594,292936.83243357,4641518.824881476,1.2,1274,12,4,351-26,[]
TX,1072.840839131,273715.148761909,4630639.711096265,1.2,651,12,4,224-11,[]
TX,1072.896454919,290895.13831369,4642246.673722744,1.2,1188,10,4,326-30,[]
TX,1072.914748932,290395.102465289,4641385.516984512,1.2,77,7,4,115-5,[]
TX,1073.033592649,291178.916017964,4640448.536293521,1.2,1573,9,4,70-27,[]
TX,1073.074151552,292162.516502092,4643457.089802696,1.2,1139,12,4,315-14,[]
TX,1073.115713408,291108.27263736,4641077.794015367,1.2,270,7,4,169-2,[]
TX,1073.163825059,297532.227408423,4640938.627323792,1.2,127,12,4,129-8,[]
TX,1073.313875866,291828.865659144,4642406.238964482,1.2,261,12,4,167-24,[]
TX,1073.338190184,292104.602857238,4642722.396638438,1.2,1446,12,4,41-20,[]
TX,1073.532763302,291604.962431151,4642109.946399081,1.2,125,11,4,129-6,[]
TX,1073.601287288,290536.988140045,4639823.773204296,1.2,669,8,4,224-7,[]
TX,1074.366181775,274083.624311902,4630521.262680058,1.2,112,12,4,127-10,[]
TX,1074.53798014,291768.548966549,4642794.767144024,1.2,917,12,4,259-26,[]
TX,1074.624421831,291190.318332477,4647913.554411377,1.2,771,12,4,236-4,[]
TX,1074.651592392,295123.260237391,4642701.303556624,1.2,722,8,4,233-16,"[['RX_GW', 1074.859005732, 722, 8, 4, 868.1, -126.061087669, '00:00:00:00:00:04']]"
TX,1074.802430307,291216.919133257,4641302.971018786,1.2,641,8,4,222-7,[]
TX,1074.844063789,289277.635918052,4642056.134252295,1.2,1595,9,4,79-23,[]
TX,1074.919190246,292167.674761594,4642923.482382219,1.2,777,12,4,238-18,[]
TX,1075.018627386,291249.380772027,4641985.796394124,1.2,933,11,4,260-28,[]
TX,1075.051083413,273677.048212668,4630682.917347594,1.2,873,12,4,252-15,[]
TX,1075.061707054,290693.782716353,4641304.852047457,1.2,912,7,4,259-14,[]
TX,1075.133013394,290076.992614872,4641528.779324479,1.2,1327,7,4,360-16,[]
TX,1075.209248634,273684.151865933,4630691.082692209,1.2,1760,12,4,99-24,[]
TX,1075.409343267,290652.316448933,4642888.10960321,1.2,1455,12,4,42-21,[]
TX,1075.421751895,271584.315044075,4630640.913246697,1.2,866,12,4,250-23,[]
TX,1075.849621857,290748.856544923,4642810.575646404,1.2,645,12,4,223-30,[]
TX,1075.899201423,296908.236392924,4637358.839326217,1.2,1523,12,4,59-25,[]
TX,1075.913963467,291500.184943547,4636496.094144758,1.2,556,12,5,21-2,[]
TX,1075.91917472,292241.910486104,4639455.463964885,1.2,1611,12,4,8-29,[]
TX,1076.026553409,293825.234274023,4643643.392018062,1.2,1451,12,4,42-18,[]
TX,1076.170340182,292180.133572287,4642148.777282544,1.2,827,12,4,243-29,[]
TX,1076.384126757,292367.028608856,4637492.363290682,1.2,1006,12,4,284-7,[]
TX,1077.653675004,292553.564503216,4641329.074149577,1.2,1708,12,4,90-22,[]
TX,1077.833061884,292313.174126451,4642043.397275892,1.2,299,12,4,174-11,[]
TX,1078.129535779,287968.212739512,4634542.212018336,1.2,367,12,4,191-10,[]
TX,1078.143635959,292075.946391678,4640521.35572401,1.2,598,12,4,214-27,[]
TX,1078.259771966,287668.566044693,4639590.839485008,1.2,655,12,5,224-15,[]
TX,1078.488802961,291504.786285799,4636491.89149675,1.2,1376,12,4,365-25,[]
TX,1078.5867506,290404.727661437,4643002.498735259,1.2,1333,12,4,361-10,[]
TX,1078.641582169,291080.216261868,4641587.670664063,1.2,1109,10,4,301-9,[]
TX,1078.874553966,290739.573507488,4641178.884943839,1.2,531,7,4,208-22,[]
TX,1078.875339909,291080.718610333,4641551.267990004,1.2,1660,10,4,85-6,[]
TX,1078.885448885,291107.592638343,4642472.267433624,1.2,32,12,4,105-9,[]
TX,1079.033403439,291235.538893419,4642283.520542507,1.2,1563,10,4,7-25,[]
TX,1079.120626405,290483.400890534,4640629.583582385,1.2,589,7,4,213-15,[]
TX,1079.2301139,290408.459039801,4641793.295628178,1.2,1512,7,4,58-28,[]
TX,1079.268612757,292705.336777305,4641795.393249454,1.2,1345,12,4,361-9,[]
TX,1079.439411111,292743.067262192,4642090.060650866,1.2,521,12,4,208-10,[]
TX,1079.535127647,295086.635009522,4637889.540167204,1.2,619,12,4,220-20,[]
TX,1079.631758179,290561.990401901,4642277.934450868,1.2,1513,10,4,58-29,[]
TX,1079.872186243,271812.171923216,4630664.445519161,1.2,565,12,4,21-7,[]
TX,1080.081003649,291095.867614613,4641534.421452475,1.2,905,10,4,257-8,[]
TX,1080.276862782,290176.863491717,4632566.310582968,1.2,73,12,4,115-21,[]
TX,1080.39186089,294036.622010707,4639781.164345657,1.2,1351,12,4,362-14,[]
TX,1080.401949274,289934.699309812,4641270.890087776,1.2,591,7,4,213-2,"[['RX_GW', 1080.516943971, 591, 7, 4, 868.1, -102.065632502, '00:00:00:00:00:02']]"
TX,1080.539739158,291100.799927905,4641036.117036801,1.2,1127,8,4,311-11,"[['RX_GW', 1080.747152512, 1127, 8, 4, 868.1, -125.819701079, '00:00:00:00:00:02']]"
TX,1080.683404543,297409.44737901,4640802.655404368,1.2,317,12,4,176-8,[]
TX,1080.924500766,290393.648260483,4641809.140538882,1.2,457,7,4,199-6,"[['RX_GW', 1081.039497599, 457, 7, 4, 868.1, -122.716823125, '00:00:00:00:00:02']]"
TX,1081.068751806,290522.392862997,4642081.125930721,1.2,1630,10,4,81-21,"[['RX_GW', 1081.728261673, 1630, 10, 4, 868.1, -130.859069535, '00:00:00:00:00:02']]"
TX,1081.074504919,289601.654367784,4640115.413993808,1.2,1007,7,4,285-8,[]
TX,1081.189041779,291221.056383498,4642839.14779271,1.2,1331,12,4,360-30,[]
TX,1081.544609605,290778.801824247,4641304.862251145,1.2,1519,7,4,59-14,[]
TX,1081.842531275,292589.867187716,4641495.136667926,1.2,1421,12,4,370-15,[]
TX,1082.111742819,292432.117785855,4652381.965267288,1.2,1206,12,4,337-21,[]
TX,1082.135778199,291218.132301726,4641313.113423474,1.2,26,8,5,105-23,"[['RX_GW', 1082.343192131, 26, 8, 5, 868.1, -125.797092568, '00:00:00:00:00:02']]"
TX,1082.261792461,290555.463119862,4651490.663439689,1.2,761,12,4,236-12,[]
TX,1082.326870873,293374.194946653,4639579.073833185,1.2,414,12,4,193-9,[]
TX,1082.574229202,291052.040868342,4641200.73000451,1.2,1342,9,4,361-26,"[['RX_GW', 1082.945994507, 1342, 9, 4, 868.1, -127.355503676, '00:00:00:00:00:02']]"
TX,1082.699975416,295140.054184132,4642701.64483169,1.2,1209,8,4,337-7,"[['RX_GW', 1082.907388729, 1209, 8, 4, 868.1, -125.92954204, '00:00:00:00:00:04']]"
TX,1082.990715457,290373.193738364,4642325.546157046,1.2,495,10,5,200-8,"[['RX_GW', 1083.650225905, 495, 10, 5, 868.1, -131.296482284, '00:00:00:00:00:02']]"
TX,1083.210138927,290925.913192179,4638932.269859671,1.2,259,12,4,157-29,[]
TX,1083.294418928,290472.522517126,4640634.655696087,1.2,885,7,4,257-11,[]
TX,1084.087218903,291066.879150928,4642405.05928684,1.2,1692,11,4,89-27,[]
TX,1084.100628161,290093.467489755,4640905.852493227,1.2,781,7,4,238-21,[]
TX,1084.150245811,294248.530193839,4642577.616456269,1.2,1629,10,4,81-20,"[['RX_GW', 1084.809756988, 1629, 10, 4, 868.1, -131.151436092, '00:00:00:00:00:04']]"
TX,1084.379192271,288001.454401091,4643361.54343108,1.2,1565,12,4,7-27,[]
TX,1084.407489885,291118.806270216,4642463.497691558,1.2,489,11,4,200-22,[]
TX,1084.449936781,292746.98258406,4641686.115651812,1.2,1134,12,4,315-1,[]
TX,1084.493753855,290373.824627576,4641802.93294698,1.2,97,7,4,121-10,[]
TX,1085.14193545,283135.208241406,4647888.824877387,1.2,1338,12,4,361-15,[]
TX,1085.345302771,271611.353039297,4630628.680107445,1.2,659,12,4,224-21,[]
TX,1085.537674407,292696.022400696,4641801.046929334,1.2,1723,12,4,92-29,[]
TX,1085.947985471,290723.681778553,4642032.209072699,1.2,1685,8,4,89-19,"[['RX_GW', 1086.155399515, 1685, 8, 4, 868.1, -126.721353817, '00:00:00:00:00:02']]"
TX,1086.101014228,273678.562469544,4630680.30098179,1.2,1452,12,4,42-19,[]
TX,1086.592993185,291784.674486451,4641031.240852323,1.2,266,10,4,167-29,[]
TX,1086.636186534,290181.798504251,4641469.167190506,1.2,475,7,4,2-28,[]
TX,1086.638742037,290528.249007682,4643254.939833768,1.2,1492,12,4,53-24,[]
TX,1086.750258483,291013.599268962,4641844.058513598,1.2,665,8,4,224-3,[]
TX,1086.818658323,292648.845458821,4643963.321183657,1.2,534,12,4,208-25,[]
TX,1087.027252952,291621.367484816,4641418.197852504,1.2,926,10,4,260-13,[]
TX,1087.187283102,292328.795126476,4642048.084768204,1.2,1425,12,4,39-9,[]
TX,1087.570290458,291223.468047147,4641600.942226623,1.2,1407,9,4,37-18,"[['RX_GW', 1087.942056795, 1407, 9, 4, 868.1, -129.684961125, '00:00:00:00:00:02']]"
TX,1087.59122495,292195.443192984,4637080.50357982,1.2,198,12,4,143-4,[]
TX,1087.906876905,288896.185746899,4642962.236669641,1.2,53,12,4,113-17,[]
TX,1088.190601277,291429.397670948,4642062.602013316,1.2,463,12,4,2-14,[]
TX,1088.420787708,290569.553433854,4642601.977825318,1.2,923,12,4,260-10,[]
TX,1088.684909229,290275.480860788,4641284.620431126,1.2,1412,7,4,37-23,[]
TX,1089.156595729,290058.465572448,4640945.867257326,1.2,267,7,4,169-16,[]
TX,1089.304580231,290744.018199907,4642882.863420449,1.2,1076,12,4,298-11,[]
TX,1089.777111336,291486.312827007,4642062.431487834,1.2,1631,11,4,81-22,[]
TX,1089.778746931,295144.848702512,4642712.454481087,1.2,585,8,4,212-7,"[['RX_GW', 1089.986160268, 585, 8, 4, 868.1, -126.04466469, '00:00:00:00:00:04']]"
TX,1089.826543166,271641.521595394,4630611.372927233,1.2,1481,12,4,48-22,[]
TX,1090.089542328,290072.248475886,4640926.496314924,1.2,568,7,4,210-22,[]
TX,1090.181115985,271629.740349175,4630618.76602667,1.2,1173,12,4,322-26,[]
TX,1090.268992178,297791.219578191,4632906.264334421,1.2,979,12,4,273-25,[]
TX,1090.938605598,291194.488518589,4641958.357697553,1.2,967,10,4,268-1,"[['RX_GW', 1091.598116542, 967, 10, 4, 868.1, -132.606956286, '00:00:00:00:00:02']]"
TX,1091.20611984,291600.543358463,4640981.442353456,1.2,1041,11,4,290-28,[]
TX,1091.369300874,271657.091850044,4630625.014273305,1.2,1205,12,4,337-19,[]
TX,1091.379187231,293908.717667293,4640687.685368706,1.2,188,12,4,141-8,[]
TX,1091.456408614,298121.199736493,4636411.070019185,1.2,920,12,4,259-29,[]
TX,1091.525402627,291292.909321274,4644949.409044785,1.2,883,12,5,255-2,[]
TX,1091.55761181,292073.685016545,4640458.371497758,1.2,1686,11,5,89-20,[]
TX,1091.740738667,299773.15425154,4630302.815124645,1.2,916,12,4,259-25,[]
TX,1091.891467136,292692.374826823,4641811.632526404,1.2,611,12,4,22-6,[]
TX,1091.984016179,290863.462160325,4642270.567206678,1.2,1253,10,5,344-14,[]
TX,1091.989171586,291222.270684282,4642280.593464583,1.2,660,12,4,224-22,[]
TX,1091.994298886,294036.736824529,4639022.87279095,1.2,1335,12,4,361-12,[]
TX,1092.091887735,290753.387181208,4642869.287854141,1.2,1655,12,4,85-22,[]
TX,1092.133208804,292956.64568752,4640297.824301332,1.2,998,12,4,280-2,[]
TX,1092.232075234,290356.377031692,4641806.871664248,1.2,1085,7,4,298-28,[]
TX,1092.626850736,290738.045574188,4642898.499978648,1.2,1073,12,4,297-9,[]
TX,1092.656426283,290526.986250573,4642822.78992951,1.2,840,12,4,246-5,[]
TX,1092.715444931,292455.500009398,4643469.265966498,1.2,944,12,4,264-29,[]
TX,1092.75846373,280732.965472792,4623575.719289887,1.2,284,12,4,170-25,[]
TX,1092.910822175,291042.858195641,4641918.08309659,1.2,812,9,4,242-22,[]
TX,1092.973431178,290156.927607571,4640847.700621951,1.2,716,7,4,232-25,[]
TX,1093.179322129,293080.167868045,4644120.00431165,1.2,1431,12,4,40-17,[]
TX,1093.388463266,291008.738796633,4640371.55609459,1.2,726,9,4,233-21,[]
TX,1093.424486215,291997.521250188,4643716.745820077,1.2,1081,12,4,298-24,[]
TX,1093.513444771,289573.901190133,4642018.330647714,1.2,683,9,4,225-7,[]
TX,1093.523882203,290851.438546933,4642270.089229465,1.2,758,10,4,235-4,[]
TX,1093.718659727,272401.323686616,4630016.19049919,1.2,872,12,4,250-29,[]
TX,1094.316160471,292304.249811408,4642023.921515931,1.2,1493,12,5,53-25,[]
TX,1094.631630198,289742.479061702,4641833.568460706,1.2,1505,7,4,58-14,[]
TX,1094.704466412,290395.610827633,4641807.813035186,1.2,828,7,4,243-30,[]
TX,1095.086915808,292242.925052804,4640626.263355086,1.2,166,12,4,135-5,[]
TX,1095.222106016,293385.182424775,4640749.238709668,1.2,1018,12,5,288-27,[]
TX,1095.577413973,273688.691440974,4630646.725486424,1.2,1157,12,4,321-14,[]
TX,1095.589554453,291224.245306026,4641303.597300452,1.2,637,8,4,222-30,[]
TX,1095.86717769,290253.992494361,4642069.724026777,1.2,68,7,4,115-17,[]
TX,1095.887536929,291873.241348126,4642546.726604417,1.2,365,12,4,188-29,[]
TX,1096.718805231,291728.005471658,4642157.018934541,1.2,1690,11,5,89-25,[]
TX,1096.812294086,290270.859305918,4642026.048480162,1.2,1491,8,4,53-23,[]
TX,1096.815228945,285826.188758083,4643310.536072419,1.2,1328,12,4,360-25,[]
TX,1097.013374517,291232.094779917,4642274.453593289,1.2,1367,12,4,365-15,[]
TX,1097.106207304,291442.956680167,4642284.356024431,1.2,1746,12,4,94-5,[]
TX,1097.670911718,292836.648511662,4640491.955774952,1.2,748,12,4,235-18,[]
TX,1097.679159235,296181.941844216,4642553.787616026,1.2,614,7,4,220-16,[]
TX,1097.877386083,290759.891022166,4641288.619996236,1.2,120,7,4,127-29,"[['RX_GW', 1097.99238255, 120, 7, 4, 868.1, -122.212555635, '00:00:00:00:00:02']]"
TX,1098.140197691,289161.969368074,4644144.838576175,1.2,1608,12,4,8-26,[]
TX,1098.354702243,290091.444381142,4640901.741943767,1.2,1501,7,4,58-10,"[['RX_GW', 1098.469696198, 1501, 7, 4, 868.1, -83.897811934, '00:00:00:00:00:02']]"
TX,1098.693898335,291292.953824846,4642390.839368315,1.2,1138,11,4,315-13,"[['RX_GW', 1100.17465851, 1138, 11, 4, 868.1, -134.953722443, '00:00:00:00:00:02']]"
TX,1098.820996938,289203.682307712,4642069.505789145,1.2,1237,10,4,343-18,[]
TX,1098.926148961,292026.36014798,4643047.866452147,1.2,1415,12,4,37-4,[]
TX,1099.528789402,290428.62277272,4634397.465938551,1.2,736,12,4,234-25,[]
TX,1100.097242752,290358.624413441,4641831.593776939,1.2,1531,7,4,61-11,[]
TX,1100.270043584,291855.582738392,4642548.016827428,1.2,762,12,4,236-13,[]
TX,1100.661751399,291233.962936846,4642274.278942236,1.2,1635,12,4,81-6,[]
TX,1100.734317869,291324.735709877,4642163.536298141,1.2,357,11,4,188-1,[]
TX,1100.912519852,291532.565203038,4640976.997722193,1.2,325,11,4,178-23,[]
TX,1100.981299808,290460.338371939,4642401.173998703,1.2,240,10,4,156-3,[]
TX,1101.021664558,290467.428243108,4640625.113309747,1.2,607,7,4,22-3,[]
TX,1101.037330713,287994.147152805,4643241.490813782,1.2,1673,12,4,87-6,[]
TX,1101.070445079,289214.364565559,4642237.853997487,1.2,48,9,4,111-7,[]
TX,1101.268124162,290390.865216369,4641820.129631964,1.2,1727,7,4,94-11,[]
TX,1101.546249245,291855.670335904,4642844.801424468,1.2,253,12,4,157-23,[]
TX,1101.678403014,289104.488317299,4632933.709462441,1.2,189,12,4,143-16,[]
TX,1102.476684603,292310.923656425,4642050.732070397,1.2,1396,12,4,369-24,[]
TX,1102.499461462,292833.073573778,4641929.306857983,1.2,509,12,4,203-3,[]
TX,1102.580473751,291709.660066516,4642127.821265756,1.2,720,11,4,232-29,[]
TX,1102.676033179,285199.601298268,4642390.942986256,1.2,705,12,4,230-22,[]
TX,1102.817567125,288651.050784245,4637697.217455029,1.2,203,12,4,144-4,[]
TX,1102.825735854,292255.217173944,4638742.161275108,1.2,631,12,4,222-19,[]
TX,1102.867385081,290090.057842607,4645128.985005991,1.2,1382,12,4,365-4,[]
TX,1103.262289834,295124.287919709,4642708.731604123,1.2,1286,8,4,352-19,"[['RX_GW', 1103.469703194, 1286, 8, 4, 868.1, -126.156533371, '00:00:00:00:00:04']]"
TX,1103.401254459,296389.286120264,4639685.464439336,1.2,831,12,4,244-9,[]
TX,1103.423389923,292117.388823594,4638969.636310853,1.2,1062,12,4,297-11,[]
TX,1103.473987066,290374.622757102,4641808.430840983,1.2,1701,7,4,90-12,[]
TX,1103.658799896,292087.956036138,4640430.703628609,1.2,264,11,4,167-27,[]
TX,1103.826226693,291506.182110595,4640999.139978609,1.2,1506,11,4,58-15,[]
TX,1103.951061454,284764.730536804,4632664.677274172,1.2,1750,12,4,96-10,[]
TX,1104.183346239,271720.36342302,4630299.565907803,1.2,1058,12,4,295-7,[]
TX,1104.412199562,290699.095581163,4641293.720953341,1.2,779,7,4,238-2,[]
TX,1104.486350732,290565.922081873,4641038.591935459,1.2,715,7,4,232-24,[]
TX,1104.776967316,292815.29374688,4644165.912702587,1.2,194,12,4,143-20,[]
TX,1104.900844896,271822.355758991,4630648.836027849,1.2,822,12,4,243-15,[]
TX,1105.088216076,292495.49450861,4642929.77462705,1.2,1436,12,4,40-21,[]
TX,1105.274306933,299760.384686659,4630297.164193207,1.2,628,12,4,220-8,[]
TX,1105.489196111,288962.652798641,4642771.61397047,1.2,1311,12,4,357-15,[]
TX,1105.518008092,287663.94366896,4644486.291068754,1.2,1322,12,4,359-29,[]
TX,1105.52916148,290211.358800147,4640738.875993353,1.2,901,7,4,257-4,[]
TX,1105.533229509,292321.594388556,4641748.166302625,1.2,989,12,4,28-17,[]
TX,1105.694754138,291252.348675194,4644863.552586681,1.2,6,12,4,104-11,[]
TX,1105.817888719,287227.975031911,4641124.115287852,1.2,397,12,4,193-14,[]
TX,1105.968669154,289332.515799254,4634682.375724665,1.2,1702,12,4,90-13,[]
TX,1106.012536352,290455.816213224,4641773.074777039,1.2,699,8,4,228-29,[]
TX,1106.023288504,289640.10535218,4643724.143976997,1.2,1105,12,4,301-5,[]
TX,1106.123098527,290359.100550856,4641814.517386183,1.2,719,7,4,232-28,"[['RX_GW', 1106.238095327, 719, 7, 4, 868.1, -122.532771006, '00:00:00:00:00:02']]"
TX,1106.215764321,290742.861762307,4641056.407183988,1.2,991,7,4,28-19,[]
TX,1106.236515559,290479.30810742,4639963.895261764,1.2,783,8,4,238-30,"[['RX_GW', 1106.443928667, 783, 8, 4, 868.1, -125.148629827, '00:00:00:00:00:02']]"
TX,1106.619344339,289330.137566555,4634545.675804112,1.2,84,12,4,119-30,[]
TX,1107.196725207,290068.432204403,4640927.390969412,1.2,1539,7,4,62-18,"[['RX_GW', 1107.31171909, 1539, 7, 4, 868.1, -80.763789397, '00:00:00:00:00:02']]"
TX,1107.241729128,282999.740786107,4644209.366509281,1.2,1497,12,4,53-29,[]
TX,1107.314849606,292267.561894304,4641733.141565235,1.2,1236,12,4,343-15,[]
TX,1107.585577888,291491.90028882,4645032.617562832,1.2,756,12,5,235-29,[]
TX,1107.766652853,291166.037616172,4642377.111488338,1.2,288,12,4,171-8,[]
TX,1108.0594912,281507.716112023,4626811.948332613,1.2,1228,12,4,342-25,[]
TX,1108.127507506,284728.136024275,4630152.627724038,1.2,337,12,4,184-17,[]
TX,1108.301780461,286584.358836281,4642009.74813073,1.2,460,12,4,2-11,[]
TX,1108.401611251,291837.786768304,4642551.634282958,1.2,1724,12,4,92-30,[]
TX,1108.459971255,273555.759549567,4631005.006271425,1.2,1175,12,4,322-28,[]
TX,1108.540263577,290142.201889846,4643509.350249103,1.2,1352,12,4,362-15,[]
TX,1108.55220119,289332.026408654,4632847.88936789,1.2,1416,12,4,37-5,[]
TX,1108.598125802,290958.689934791,4647399.726144677,1.2,1704,12,4,90-17,[]
TX,1108.621877267,291026.671625499,4641918.456042342,1.2,242,9,4,156-5,[]
TX,1108.907792165,292409.63580229,4643689.941268213,1.2,23,12,4,105-13,[]
TX,1108.925003702,293176.918044331,4643067.279477138,1.2,704,12,5,229-29,[]
TX,1109.100179994,291617.739861271,4640987.726125857,1.2,9,11,4,104-14,[]
TX,1109.178533587,292309.453133661,4642054.529527461,1.2,348,12,4,185-25,[]
TX,1109.190453688,291628.394767986,4644622.097273479,1.2,438,12,4,196-4,[]
TX,1109.237178579,289889.630609124,4641318.522967112,1.2,938,7,5,262-22,[]
TX,1109.253828549,290382.019770598,4644051.184904307,1.2,107,12,4,122-26,[]
TX,1109.368527542,290273.445403951,4641997.83517349,1.2,1009,8,5,288-10,[]
TX,1109.825585402,297156.913382561,4649791.564668192,1.2,703,12,5,229-15,[]
TX,1109.918698508,289186.52823191,4642514.957830625,1.2,1288,12,4,352-20,[]
TX,1110.015896973,298671.572528837,4635849.291396836,1.2,910,12,4,259-12,[]
TX,1110.088522954,290482.030174036,4640628.825502082,1.2,1369,7,4,365-17,"[['RX_GW', 1110.203518442, 1369, 7, 4, 868.1, -111.943245657, '00:00:00:00:00:02']]"
TX,1110.213994725,290452.279530232,4641586.19911401,1.2,99,7,4,121-12,"[['RX_GW', 1110.328991022, 99, 7, 4, 868.1, -119.990960528, '00:00:00:00:00:02']]"
TX,1110.401288185,290773.036394951,4640941.52546454,1.2,1318,7,4,357-29,"[['RX_GW', 1110.516284415, 1318, 7, 4, 868.1, -116.011912636, '00:00:00:00:00:02']]"
TX,1110.557043142,290810.94675229,4642375.901096233,1.2,982,10,4,273-29,"[['RX_GW', 1111.216554331, 982, 10, 4, 868.1, -131.002878492, '00:00:00:00:00:02']]"
TX,1110.630936906,296274.074639449,4636383.858842296,1.2,909,12,5,259-11,[]
TX,1111.131656389,290325.626194114,4639623.257206055,1.2,551,9,4,209-8,[]
TX,1111.249326972,292100.777028181,4640660.026858381,1.2,1119,12,4,309-12,[]
TX,1111.367712201,288477.742208349,4642835.979462121,1.2,1429,12,4,4-9,[]
TX,1111.513189886,301159.86834715,4628854.027474656,1.2,949,12,4,266-2,[]
TX,1112.487070089,291175.684350799,4641272.6015657,1.2,1444,10,4,41-18,[]
TX,1112.754168854,289740.157059958,4638829.409804015,1.2,1192,12,4,328-7,[]
TX,1112.782561859,291216.642600176,4642278.640922935,1.2,1072,12,5,297-29,[]
TX,1113.098380472,292523.949659402,4642913.985541946,1.2,234,12,4,156-23,[]
TX,1113.192363706,295614.338517808,4645784.944103244,1.2,950,12,4,266-20,[]
TX,1113.67561982,290364.966586232,4641827.000229239,1.2,1082,7,4,298-25,[]
TX,1113.736849866,290388.982185323,4641807.33036848,1.2,1496,7,4,53-28,[]
TX,1113.847478666,290761.030825795,4641295.31790431,1.2,15,7,4,104-27,[]
TX,1113.952003515,290548.642711404,4642662.817737601,1.2,1309,12,5,357-13,[]
TX,1114.030916832,271660.379611004,4630692.480564889,1.2,180,12,4,14-2,[]
TX,1114.098043947,286468.529927507,4642099.047504386,1.2,929,12,4,260-24,[]
TX,1114.189039929,292825.585127936,4641970.647124425,1.2,1441,12,4,40-8,[]
TX,1114.237945945,291632.291589194,4644619.37067704,1.2,251,12,4,157-14,[]
TX,1114.244680785,294587.123946621,4643066.122755137,1.2,692,10,4,228-16,[]
TX,1114.385097898,291674.42179232,4642233.79870159,1.2,797,12,4,241-2,[]
TX,1114.514211495,292880.23783434,4640491.234199413,1.2,1122,12,4,309-15,[]
TX,1114.563537231,294022.705378846,4641044.169730003,1.2,512,10,5,203-6,[]
TX,1114.799948263,294812.830924959,4647460.413917819,1.2,333,12,4,179-12,[]
TX,1114.962147407,290081.151117513,4640919.34861939,1.2,709,7,4,232-11,[]
TX,1115.065376246,289577.785477666,4642250.300892922,1.2,992,7,4,28-20,[]
TX,1115.25121941,291835.351796774,4641943.272946693,1.2,600,12,4,214-29,[]
TX,1115.479377292,291193.855447239,4641317.734642154,1.2,398,8,4,193-17,[]
TX,1115.607235752,289728.24022747,4641856.589420052,1.2,543,7,4,209-17,[]
TX,1115.618425225,290935.736030789,4642052.260032609,1.2,233,10,4,156-22,[]
TX,1115.745811277,291046.210320136,4641355.343721602,1.2,227,8,4,156-14,[]
TX,1115.923793319,289719.582603067,4641583.518097821,1.2,662,7,4,224-26,[]
TX,1116.047875603,289656.921259643,4641747.662942225,1.2,1564,7,4,7-26,[]
TX,1116.085523864,293269.629944126,4640262.537663948,1.2,1579,12,4,74-2,[]
TX,1116.100127624,292028.153756846,4643702.194289285,1.2,229,12,4,156-18,[]
TX,1116.286446483,290086.176034542,4640894.423348389,1.2,981,7,4,273-28,[]
TX,1116.443771416,280723.137990414,4623604.416163548,1.2,287,12,4,170-28,[]
TX,1116.644118483,291521.47902959,4641308.332836299,1.2,155,10,4,135-20,"[['RX_GW', 1117.303629404, 155, 10, 4, 868.1, -132.390942305, '00:00:00:00:00:02']]"
TX,1116.703208026,291840.486422144,4642533.95955487,1.2,1656,12,4,85-3,[]
TX,1116.766563968,292689.883728007,4640974.014778033,1.2,1011,12,4,288-12,[]
TX,1116.916598771,290955.02139155,4640517.478404,1.2,1104,8,4,301-4,[]
TX,1117.096001663,280728.420762295,4623586.185086971,1.2,285,12,4,170-26,[]
TX,1117.211604307,291027.62850259,4641940.385538237,1.2,889,9,4,257-18,[]
TX,1117.26090962,299532.80034256,4630119.56164452,1.2,1609,12,4,8-27,[]
TX,1117.280510514,290947.699328164,4641190.815055623,1.2,158,7,4,135-25,[]
TX,1117.298494704,290671.876632843,4641305.728712957,1.2,413,7,5,193-8,[]
TX,1117.404895949,291848.23681304,4642812.253828011,1.2,141,12,4,132-6,[]
TX,1117.94481085,291059.255080286,4641100.337930126,1.2,849,7,4,248-14,[]
TX,1118.306082528,289230.999791508,4642449.004705553,1.2,837,11,4,246-2,[]
TX,1118.428424606,291934.984984173,4639153.854478558,1.2,1517,12,4,59-12,[]
TX,1118.444814443,290469.748815526,4640620.77155477,1.2,1418,7,4,37-7,[]
TX,1118.50550565,288665.704299155,4637561.202693755,1.2,204,12,4,144-6,[]
TX,1118.536317285,291836.179398429,4642548.717771558,1.2,355,12,4,187-15,[]
TX,1118.713502462,290078.54165093,4644523.840489401,1.2,1457,12,4,42-3,[]
TX,1118.755855477,290082.20716279,4640917.293471393,1.2,130,7,4,132-12,[]
TX,1119.163370271,290476.360975548,4641393.236641004,1.2,171,7,4,139-4,[]
TX,1119.234261316,291677.438623635,4642108.557013733,1.2,1669,11,4,87-22,[]
TX,1119.433534181,290351.421599768,4641813.303008932,1.2,57,7,4,113-20,[]
TX,1119.501074984,291615.731429171,4644624.716705242,1.2,1458,12,4,42-30,[]
TX,1119.900108412,291857.214461389,4641626.206988416,1.2,249,11,4,157-12,[]
TX,1120.200848243,290393.159482458,4641828.517629,1.2,1553,7,4,68-13,"[['RX_GW', 1120.315845134, 1553, 7, 4, 868.1, -123.03466272, '00:00:00:00:00:02']]"
TX,1120.445489086,285827.723934696,4643315.929495699,1.2,1325,12,4,360-11,[]
TX,1120.604807752,290203.003648317,4641840.391928134,1.2,1456,8,4,42-22,"[['RX_GW', 1120.812220468, 1456, 8, 4, 868.1, -124.521964056, '00:00:00:00:00:02']]"
TX,1120.687242586,289217.967521941,4642437.253224215,1.2,1337,11,4,361-14,[]
TX,1120.705551388,291841.445449654,4642463.089102638,1.2,1121,12,4,309-14,[]
TX,1120.720168053,292308.002370622,4641566.067602533,1.2,1526,12,4,59-28,[]
TX,1120.745569146,285806.02738506,4644903.547165969,1.2,1372,12,4,365-2,[]
TX,1121.629493791,291059.644301349,4641662.089228775,1.2,1578,9,4,74-16,"[['RX_GW', 1122.001259768, 1578, 9, 4, 868.1, -129.244162913, '00:00:00:00:00:02']]"
TX,1121.740870204,292525.170981481,4642921.253062349,1.2,1317,12,5,357-28,[]
TX,1121.742907861,290381.86967703,4641839.549088256,1.2,1005,7,4,281-9,[]
TX,1121.744980195,293248.726874571,4640219.263170493,1.2,265,12,4,167-28,[]
TX,1121.791623572,291846.705422233,4642547.828994333,1.2,1093,12,4,3-7,[]
TX,1121.854434869,286410.843992327,4644439.184381138,1.2,959,12,4,266-8,[]
TX,1121.932287984,288931.720389822,4642766.622632599,1.2,932,12,4,260-27,[]
TX,1122.012527011,289216.171540557,4642518.572882093,1.2,966,12,4,267-22,[]
TX,1122.130715892,292521.635397541,4641202.370678439,1.2,1549,12,4,66-28,[]
TX,1122.1757732,284156.221920234,4640290.603113716,1.2,1620,12,4,80-25,[]
TX,1122.22331629,284971.571145275,4643540.642583797,1.2,208,12,5,147-19,[]
TX,1122.298741221,297536.681810431,4647035.638340349,1.2,451,12,5,198-4,[]
TX,1122.378450951,290353.948601487,4641465.067331784,1.2,12,7,4,104-24,[]
TX,1122.598825615,290412.926854668,4641798.993772888,1.2,1743,7,4,94-3,[]
TX,1123.00098907,291848.908971369,4642561.77609015,1.2,295,12,4,172-15,[]
TX,1123.177011967,291736.332994312,4643888.837236425,1.2,1566,12,4,7-28,[]
TX,1123.488137991,292683.894364526,4641799.902085491,1.2,956,12,5,266-5,[]
TX,1123.513091697,290702.076744103,4641304.576217991,1.2,629,7,4,222-17,[]
TX,1123.574505614,290633.91088538,4641110.144168293,1.2,647,7,4,223-5,[]
TX,1123.733264043,291625.659449745,4644625.840698076,1.2,752,12,4,235-24,[]
TX,1123.919751113,290484.673607655,4640627.1274921,1.2,423,7,4,196-11,[]
TX,1124.02547449,273698.045352718,4630637.198944289,1.2,663,12,5,224-27,[]
TX,1124.041158247,291256.996131714,4638498.981039706,1.2,258,12,4,157-28,[]
TX,1124.299047938,294960.429516364,4642708.675914198,1.2,618,7,4,220-2,[]
TX,1124.591772814,289406.06062108,4637477.436224283,1.2,0,12,4,102-23,[]
TX,1124.728411488,291728.824306611,4642420.584873674,1.2,1621,12,4,80-27,[]
TX,1124.740116299,290809.300429999,4641296.142888924,1.2,1480,7,5,48-21,[]
TX,1125.075552978,291820.542976773,4642767.188747134,1.2,228,12,4,156-17,[]
TX,1125.204740092,290292.851552977,4641968.728472087,1.2,1558,7,4,7-12,[]
TX,1125.646111772,290349.720416061,4641799.705415361,1.2,1390,7,5,369-10,[]
TX,1125.735434634,293939.993826063,4638838.054424819,1.2,519,12,5,205-9,[]
TX,1125.868285456,290651.702100801,4642003.762636285,1.2,1689,8,4,89-24,[]
TX,1126.013322711,290259.727767604,4641988.242513705,1.2,71,8,5,115-2,[]
TX,1126.297101668,290448.89337533,4642936.255587665,1.2,221,12,4,155-14,[]
TX,1126.442511015,290651.308381342,4635656.938232457,1.2,441,12,4,196-8,[]
TX,1126.664454792,290919.334727387,4638474.481265144,1.2,1004,12,4,281-2,[]
TX,1126.697228015,290972.364954443,4640799.714538287,1.2,1494,7,4,53-26,[]
TX,1126.707115739,295146.795118124,4642748.029827129,1.2,1287,8,4,352-2,"[['RX_GW', 1126.914529177, 1287, 8, 4, 868.1, -126.726695768, '00:00:00:00:00:04']]"
TX,1126.869950429,290558.258175128,4642829.076241983,1.2,1116,12,4,308-8,[]
TX,1126.919918477,291411.685418112,4635911.025605371,1.2,897,12,4,257-26,[]
TX,1127.120654487,292249.712350446,4641730.571799766,1.2,633,12,4,222-20,[]
TX,1127.242335833,272125.330838253,4630315.839713937,1.2,652,12,4,224-12,[]
TX,1127.779216245,290564.91355619,4642903.273415863,1.2,1717,12,5,90-8,[]
TX,1128.003832002,299969.463790338,4634655.092809129,1.2,615,12,4,220-17,[]
TX,1128.207787789,273703.938935135,4630653.30139548,1.2,437,12,4,196-3,[]
TX,1128.227717874,291520.520692117,4641311.87322282,1.2,276,10,4,169-6,[]
TX,1128.85238907,288438.247492347,4642841.969370119,1.2,714,12,4,232-23,[]
TX,1128.876520568,289608.424830703,4642975.322001595,1.2,452,12,4,198-5,[]
TX,1128.99064736,290247.056213478,4641981.019741823,1.2,1749,7,4,96-1,[]
TX,1128.997727523,291580.010220418,4640950.818176498,1.2,375,10,5,191-21,[]
TX,1129.035479678,291349.949814925,4641430.272171105,1.2,1249,9,4,344-10,[]
TX,1129.156881434,290532.671176084,4636452.634025462,1.2,470,12,4,2-21,[]
TX,1129.215906847,290360.458168367,4641795.391721014,1.2,1644,7,4,83-25,[]
TX,1129.231985121,290098.93601686,4640931.164027532,1.2,43,7,4,111-20,[]
TX,1129.272878674,291140.214047799,4642455.37813359,1.2,484,11,4,200-17,[]
TX,1129.291481945,290876.190981801,4642271.731176007,1.2,1453,10,4,42-2,[]
TX,1129.660382628,280726.852680781,4623593.243935839,1.2,286,12,5,170-27,[]
TX,1129.885474947,290488.247329945,4640823.501890379,1.2,364,7,4,188-28,[]
TX,1130.14317299,290627.491346565,4642304.809105676,1.2,80,10,4,115-8,[]
TX,1130.154598346,292822.663044267,4642926.342594118,1.2,241,12,4,156-4,[]
TX,1130.212708514,290440.540970754,4640846.655309733,1.2,202,7,4,143-8,[]
TX,1130.478436826,301805.334676267,4658631.099389678,1.2,1499,12,5,57-20,[]
TX,1130.500398171,290325.740132095,4643399.416362981,1.2,1401,12,4,369-29,[]
TX,1130.514333725,292699.620442746,4642090.66102937,1.2,575,12,4,212-19,[]
TX,1130.54901581,293772.127195066,4640246.192064256,1.2,597,12,4,214-26,[]
TX,1130.563286579,282997.509443633,4643240.136740162,1.2,1580,12,4,74-26,[]
TX,1130.6994084,290278.140279944,4641289.729075145,1.2,1596,7,4,79-24,[]
TX,1131.306926421,291261.642649963,4641399.738581229,1.2,93,10,4,12-13,[]
TX,1131.590807615,289646.116004099,4641761.342791582,1.2,332,7,4,178-9,[]
TX,1131.803669859,292723.141718948,4641841.920818151,1.2,89,12,4,119-8,[]
TX,1132.236286107,271525.992466462,4630731.324748994,1.2,146,12,4,135-12,[]
TX,1132.38755329,290450.570799366,4635854.426944037,1.2,1210,12,4,341-10,[]
TX,1132.485192104,292124.327401029,4642575.777431113,1.2,238,12,4,156-27,[]
TX,1132.498044295,292064.322950156,4644132.55216093,1.2,1721,12,4,92-16,[]
TX,1132.561506321,285895.511093771,4644228.586657477,1.2,1426,12,4,4-22,[]
TX,1132.68454895,285795.895776862,4641377.412217617,1.2,1406,12,4,37-14,[]
TX,1132.989612804,291871.141758182,4642552.644135507,1.2,1277,12,5,351-29,[]
TX,1133.619904108,290343.814319545,4641916.731917717,1.2,1500,8,4,58-1,[]
TX,1133.813581994,290096.226596578,4640903.642973367,1.2,644,7,4,223-3,[]
TX,1134.082029759,290376.15746641,4641815.989981855,1.2,1094,7,4,3-8,"[['RX_GW', 1134.197026588, 1094, 7, 4, 868.1, -122.691024393, '00:00:00:00:00:02']]"
TX,1134.167098223,290391.730168475,4641814.509185397,1.2,1740,7,5,94-27,[]
TX,1134.171165944,294270.447458816,4650464.373391826,1.2,1023,12,4,29-17,[]
TX,1134.394427138,289171.936567324,4642108.95167661,1.2,176,10,4,14-1,[]
TX,1134.497684848,294270.856992265,4641971.207012596,1.2,520,9,4,206-22,"[['RX_GW', 1134.869451219, 520, 9, 4, 868.1, -127.773016573, '00:00:00:00:00:04']]"
TX,1134.600424997,291897.244390177,4644144.697848245,1.2,157,12,4,135-24,[]
TX,1134.837561723,290069.55273806,4640932.452066245,1.2,137,7,4,132-21,[]
TX,1134.917796796,292241.072169038,4641932.349052343,1.2,1270,12,4,351-15,[]
TX,1135.55321796,291136.505881511,4641956.830958299,1.2,1216,10,4,341-24,"[['RX_GW', 1136.212728754, 1216, 10, 4, 868.1, -132.084635917, '00:00:00:00:00:02']]"
TX,1135.650583535,291770.993264444,4642821.258879357,1.2,273,12,5,169-3,[]
TX,1135.805623941,273670.98023264,4630697.178219105,1.2,1163,12,4,321-27,[]
TX,1136.143193951,292673.895229185,4642038.436027582,1.2,1371,12,4,365-19,[]
TX,1136.321843949,290725.054360466,4639581.814057152,1.2,1078,10,4,298-14,[]
TX,1136.397349366,291019.645070903,4641967.293436686,1.2,671,10,4,225-17,[]
TX,1136.428175697,291638.337756317,4642764.927860206,1.2,1029,12,4,29-30,[]
TX,1136.699404103,290723.661330434,4641474.153116802,1.2,1182,7,4,324-6,[]
TX,1136.795175792,290074.744083581,4641525.298105668,1.2,1348,7,5,362-11,[]
TX,1137.331652791,291183.772126352,4641288.925821348,1.2,111,8,4,126-22,"[['RX_GW', 1137.53906659, 111, 8, 4, 868.1, -125.226231479, '00:00:00:00:00:02']]"
TX,1137.408801907,292716.647251144,4641837.507969617,1.2,1135,12,4,315-10,[]
TX,1137.418242077,291284.831884927,4641999.400084977,1.2,514,11,4,203-8,[]
TX,1137.520678161,291814.43247249,4641593.4674886,1.2,1522,11,4,59-24,[]
TX,1137.548220697,293110.201241744,4642345.760482429,1.2,1292,12,4,352-26,[]
TX,1137.554467576,290171.706702005,4646087.336443726,1.2,656,12,4,224-18,[]
TX,1137.955786998,292095.194811938,4640668.961976146,1.2,1118,12,5,309-11,[]
TX,1138.041446744,276906.53696195,4640746.162157766,1.2,1256,12,4,345-22,[]
TX,1138.309147181,289026.077053781,4638816.463319667,1.2,1268,12,4,348-15,[]
TX,1138.366429817,290472.524941588,4640625.641832181,1.2,422,7,4,196-10,[]
TX,1138.478966367,290068.664363156,4641533.881080779,1.2,1349,7,4,362-12,[]
TX,1138.645203149,291868.815625069,4644192.841100536,1.2,363,12,5,188-27,[]
TX,1138.714694734,290725.638314045,4642906.349459887,1.2,351,12,4,185-28,[]
TX,1138.910942389,289166.980370305,4642518.194917508,1.2,1454,12,4,42-20,[]
TX,1139.004792627,290492.926531353,4640809.183573507,1.2,1541,7,4,62-22,[]
TX,1139.328673496,288744.23751246,4643012.169679318,1.2,904,12,4,257-7,[]
TX,1139.376800202,292759.013168891,4642102.02509373,1.2,1039,12,4,290-26,[]
TX,1139.427849166,290321.389041035,4641896.433889074,1.2,352,8,4,185-29,[]
TX,1139.789994102,291531.172893602,4641314.184114687,1.2,965,10,5,267-21,[]
TX,1139.978153319,290883.742079964,4641311.888432566,1.2,49,8,4,111-8,[]
TX,1139.982673831,289811.917473391,4641369.388390756,1.2,1245,7,4,343-4,[]
TX,1140.002090167,290258.256016049,4644540.268781191,1.2,1212,12,4,341-12,[]
TX,1140.229437651,292290.654376941,4637702.463023154,1.2,308,12,4,174-27,[]
TX,1140.238679258,291528.822678495,4641377.230165379,1.2,516,10,4,205-19,[]
TX,1140.393738959,292854.140845783,4638893.115583645,1.2,852,12,5,248-25,[]
TX,1140.485771539,292486.28828786,4642901.89635938,1.2,563,12,4,21-5,[]
TX,1140.687825422,292395.965729303,4642182.508051359,1.2,1140,12,4,315-15,[]
TX,1140.703849705,289576.335365172,4647059.144202868,1.2,680,12,4,225-4,[]
TX,1140.747803647,291731.84634521,4642137.991170959,1.2,1679,11,5,89-11,[]
TX,1140.95930084,291183.956295387,4641312.338722645,1.2,1716,8,4,90-7,[]
TX,1140.964381586,290500.556604575,4640910.078638341,1.2,383,7,4,191-4,[]
TX,1141.369878152,289735.992105496,4640400.273618463,1.2,69,7,4,115-18,[]
TX,1141.385373224,293210.855504407,4639492.688144826,1.2,134,12,4,132-18,[]
TX,1141.542907872,290309.584475079,4636916.836577545,1.2,384,12,5,191-5,[]
TX,1141.584356994,292313.792783201,4640490.453646009,1.2,942,12,4,264-27,[]
TX,1141.671093704,288060.322596332,4641351.859724252,1.2,513,12,4,203-7,[]
TX,1141.93870717,291850.974641014,4642549.699404379,1.2,1391,12,4,369-11,[]
TX,1142.068329261,291169.7799362,4641331.758248057,1.2,649,8,5,223-7,[]
TX,1142.332754894,290917.316099234,4641227.160249437,1.2,326,7,4,178-24,[]
TX,1142.563177581,290007.89500875,4637576.053205636,1.2,1297,12,4,352-5,[]
TX,1142.580715543,294916.692653298,4643863.294740513,1.2,834,12,5,245-5,[]
TX,1142.588796173,291338.585357071,4642160.240277491,1.2,1736,11,4,94-21,[]
TX,1142.924621175,291017.065557072,4641200.519486177,1.2,1231,8,4,343-1,[]
TX,1143.315343462,273716.573269557,4630634.401836888,1.2,661,12,4,224-25,[]
TX,1143.886697559,291024.906415311,4640566.017873298,1.2,1516,8,5,59-10,"[['RX_GW', 1144.094110815, 1516, 8, 5, 868.1, -125.609257479, '00:00:00:00:00:02']]"
TX,1143.909674483,291732.576475366,4642144.976909178,1.2,169,11,4,139-2,[]
TX,1144.033142415,295133.855136094,4642737.042527364,1.2,59,8,4,113-22,[]
TX,1144.069865365,290470.459170934,4640695.949026192,1.2,510,7,5,203-30,[]
TX,1144.093774124,286458.45850323,4642643.221186627,1.2,324,12,4,178-15,[]
TX,1144.106288379,293081.919017815,4640981.437856417,1.2,526,12,4,208-17,[]
TX,1144.232987725,291862.805510773,4641032.903088212,1.2,859,10,4,249-2,"[['RX_GW', 1144.892499631, 859, 10, 4, 868.1, -132.639714854, '00:00:00:00:00:02']]"
TX,1144.261524038,294585.921992943,4645452.429233295,1.2,75,12,4,115-3,[]
TX,1144.289509586,298069.019916982,4639317.095648353,1.2,217,12,4,154-9,[]
TX,1144.469993707,292774.609440151,4638006.71707108,1.2,642,12,4,222-8,[]
TX,1144.471121679,289849.869966906,4641886.555721547,1.2,1306,7,4,357-10,[]
TX,1144.519341259,294967.73701634,4642709.749325824,1.2,578,8,4,212-22,[]
TX,1144.530972852,291188.255417605,4641320.87776544,1.2,1265,8,5,348-11,[]
TX,1144.53475207,291730.253892965,4642146.932233592,1.2,1646,11,4,83-28,[]
TX,1144.621596839,292714.156014853,4641129.512448961,1.2,369,12,4,191-13,[]
TX,1144.832417444,290081.060769102,4641538.804343002,1.2,1198,7,4,331-15,[]
TX,1144.934824603,285803.331559664,4641352.607560656,1.2,128,12,4,132-1,[]
TX,1145.1531268,272119.078636686,4630307.012978334,1.2,1050,12,5,295-12,[]
TX,1145.199966495,292070.322060097,4642272.558899552,1.2,1461,12,5,42-6,[]
TX,1145.244873859,273689.394289453,4630641.188053317,1.2,41,12,4,111-18,[]
TX,1145.463885341,290077.115348387,4640919.990648657,1.2,274,7,5,169-30,[]
TX,1146.064630248,289559.917857944,4643531.854550801,1.2,1666,12,4,87-2,[]
TX,1146.113086648,289674.422308687,4640520.68296976,1.2,676,7,4,225-21,[]
TX,1146.142570748,290568.326497742,4642286.20491063,1.2,1710,10,5,90-24,[]
TX,1146.149291791,292839.460995168,4641951.175179887,1.2,554,12,4,21-18,[]
TX,1146.804478721,290530.453872974,4641369.276718654,1.2,1498,7,5,54-5,[]
TX,1147.04723437,290695.034938837,4641305.365906383,1.2,33,7,4,106-3,[]
TX,1147.701893103,292665.32608428,4641804.66445563,1.2,85,12,4,119-4,[]
TX,1148.236627471,290753.324216103,4641179.168692933,1.2,887,7,4,257-13,"[['RX_GW', 1148.351623781, 887, 7, 4, 868.1, -119.909779832, '00:00:00:00:00:02']]"
TX,1149.71123046,288643.724972577,4643936.17921302,1.2,450,12,4,198-3,[]
TX,1149.768553798,293942.540110408,4642871.364811498,1.2,1197,12,4,331-1,[]
TX,1150.068928368,294451.620500648,4641330.121609536,1.2,1751,10,5,96-11,[]
TX,1150.116223086,288876.158212547,4635827.31570236,1.2,389,12,4,192-21,[]
TX,1150.224797001,293841.310142789,4640167.140076892,1.2,1379,12,4,365-28,[]
TX,1150.242855947,291251.418572003,4641268.796607407,1.2,1179,9,4,324-22,[]
TX,1150.384397744,271638.801053895,4630671.033034568,1.2,870,12,5,250-27,[]
TX,1150.52828397,292167.259883156,4653039.300372185,1.2,106,12,4,122-24,[]
TX,1150.535745178,290062.069426665,4640944.854162242,1.2,1242,7,4,343-27,[]
TX,1151.202355242,291858.242414142,4642552.925352871,1.2,192,12,4,143-19,[]
TX,1151.341343585,298859.381831248,4641834.730996965,1.2,782,12,4,238-22,[]
TX,1151.434016082,290858.825926927,4642258.482696184,1.2,754,10,5,235-26,[]
TX,1151.590562509,290879.99711699,4642278.305175317,1.2,1171,10,4,322-24,[]
TX,1151.775458565,289849.608699018,4639657.422115224,1.2,424,9,5,196-12,[]
TX,1151.820003982,290344.565195802,4641842.008093583,1.2,301,8,5,174-13,[]
TX,1151.908866591,290099.958582224,4640893.370058425,1.2,90,7,4,12-10,[]
TX,1151.944112775,293050.85213497,4640909.394202284,1.2,1124,12,4,310-15,[]
TX,1151.949534427,294180.29768475,4644040.684167439,1.2,810,12,4,242-19,[]
TX,1152.172541613,291804.431868299,4642557.246674071,1.2,1706,12,4,90-19,[]
TX,1152.412254986,294375.831555432,4643076.325747823,1.2,1374,12,4,365-21,[]
TX,1152.440087371,292694.392380087,4641811.073937344,1.2,1568,12,4,7-9,[]
TX,1152.578559,289215.791476534,4642519.246314043,1.2,1180,12,4,324-30,[]
TX,1152.800501969,292682.032956558,4643694.149130357,1.2,330,12,5,178-28,[]
TX,1153.153608402,295076.48448622,4642776.470124104,1.2,572,9,4,212-10,[]
TX,1153.422326645,291828.752271462,4642547.322460066,1.2,1674,12,4,87-7,[]
TX,1153.470093057,291104.11452551,4642463.364676814,1.2,1538,12,4,62-17,[]
TX,1153.470920586,292540.713741755,4640786.685520089,1.2,474,12,5,2-27,[]
TX,1153.479319245,292804.770340638,4642209.250513182,1.2,682,12,5,225-6,[]
TX,1153.58919088,290479.777356523,4640628.840701351,1.2,1014,7,4,288-15,[]
TX,1153.591089054,290815.754043105,4640325.494520233,1.2,1607,8,5,8-25,[]
TX,1153.59969647,288182.708530738,4643913.32400192,1.2,504,12,4,203-19,[]
TX,1153.61109463,289968.668737658,4644383.229950093,1.2,323,12,4,178-14,[]
TX,1153.784677974,292317.113037732,4642044.001554576,1.2,846,12,5,248-11,[]
TX,1154.296874661,289851.947155045,4638947.410535404,1.2,1158,12,4,321-15,[]
TX,1154.535248159,291928.902981823,4641677.801824877,1.2,42,12,5,111-19,[]
TX,1155.257054319,292722.717191235,4641837.617235692,1.2,566,12,4,21-8,[]
TX,1155.636057467,290671.722796335,4641296.042354263,1.2,835,7,4,245-8,[]
TX,1155.639110533,289859.886741323,4642399.059673826,1.2,545,10,4,209-19,[]
TX,1155.921674617,289170.660747733,4642516.55549554,1.2,395,12,5,193-12,[]
TX,1156.123861344,291875.041011487,4641637.986407911,1.2,1555,12,4,68-9,[]
TX,1156.216299492,290395.619368242,4641321.735089125,1.2,418,7,5,195-25,[]
TX,1156.373199727,293657.897381484,4644152.22748867,1.2,1720,12,4,92-15,[]
TX,1156.657603387,290469.872921622,4640636.369550831,1.2,853,7,4,248-26,[]
TX,1156.672460507,290993.181206075,4639048.048713606,1.2,594,12,4,214-23,[]
TX,1156.745964395,291712.050141683,4640038.3905786,1.2,871,11,4,250-28,[]
TX,1157.031051993,290304.907931909,4641412.089171465,1.2,1410,7,4,37-21,"[['RX_GW', 1157.146047532, 1410, 7, 4, 868.1, -114.251164223, '00:00:00:00:00:02']]"
TX,1157.416810995,291818.609722075,4642552.21836983,1.2,766,12,5,236-20,[]
TX,1157.552251431,290229.323036956,4642804.35532146,1.2,492,11,5,200-5,[]
TX,1157.565201288,288935.673228233,4635876.567040979,1.2,388,12,4,192-18,[]
TX,1157.931400092,291218.989805553,4641289.099833976,1.2,995,8,4,280-1,[]
TX,1157.995496886,289644.748348478,4643732.908538161,1.2,1582,12,5,74-30,[]
TX,1158.062344799,292041.165383598,4641773.457811238,1.2,376,12,4,191-22,[]
TX,1158.068320264,290380.5025539,4641811.671532989,1.2,745,7,5,235-14,[]
TX,1158.186369466,292999.722894236,4644398.71538268,1.2,1386,12,5,366-1,[]
TX,1158.215691024,290689.568397209,4641299.840792285,1.2,88,7,4,119-7,[]
TX,1158.328299264,290560.512229127,4641987.832436542,1.2,1341,10,4,361-25,[]
TX,1158.78541633,292308.605126375,4637613.030575859,1.2,76,12,5,115-30,[]
TX,1159.165369176,288969.125630113,4642614.136859214,1.2,636,10,4,222-3,[]
TX,1159.419581698,271805.584333679,4630678.814669043,1.2,1440,12,4,40-6,[]
TX,1159.444033496,290508.921257746,4640666.161912814,1.2,162,7,4,135-29,[]
TX,1159.516800019,290174.732155822,4641476.636888868,1.2,934,7,4,260-29,[]
TX,1159.532341477,291132.896388718,4642466.130831814,1.2,881,11,5,253-22,[]
TX,1159.764057424,291027.085111672,4641960.91891815,1.2,1361,10,4,365-1,[]
TX,1159.785841332,290488.867914082,4640793.671177602,1.2,1567,7,4,7-29,[]
TX,1159.950236842,290070.349162192,4641550.402234402,1.2,448,7,4,197-29,[]
TX,1160.058961162,293113.513052689,4643423.821343815,1.2,845,12,4,248-10,[]
TX,1160.274633143,290414.453029613,4641814.403881285,1.2,1638,7,5,83-11,"[['RX_GW', 1160.389630023, 1638, 7, 5, 868.1, -122.976123304, '00:00:00:00:00:02']]"
TX,1160.758174845,289705.840006806,4639408.344364374,1.2,109,11,4,125-30,"[['RX_GW', 1162.238933424, 109, 11, 4, 868.1, -133.496017283, '00:00:00:00:00:02']]"
TX,1160.784036384,292074.386004169,4642261.814576549,1.2,380,12,4,191-27,[]
TX,1160.926839809,290495.600207862,4643400.413959697,1.2,1593,12,4,79-14,[]
TX,1161.01203843,290686.31240546,4641313.557329489,1.2,1312,7,5,357-23,[]
TX,1161.090459811,291212.08259948,4641319.136308707,1.2,28,8,4,105-25,[]
TX,1161.125645083,290353.096178519,4643296.963311919,1.2,727,12,5,233-22,[]
TX,1161.177636045,271625.754983086,4630635.258558931,1.2,1464,12,4,44-16,[]
TX,1161.725384341,292625.719931804,4641773.600999702,1.2,1649,12,5,85-16,[]
TX,1161.985968902,293343.517018589,4640150.581294974,1.2,1402,12,4,369-9,[]
TX,1162.121146004,289696.020290075,4638987.641272855,1.2,428,12,4,196-18,[]
TX,1162.271920725,293756.054867517,4639764.267261841,1.2,1319,12,4,357-9,[]
TX,1162.29169455,290477.408008439,4640625.149485772,1.2,370,7,4,191-14,"[['RX_GW', 1162.40669003, 370, 7, 4, 868.1, -111.870036406, '00:00:00:00:00:02']]"
TX,1162.361395205,288416.142551735,4639646.044981446,1.2,40,12,5,111-17,[]
TX,1162.425256568,286658.803812337,4645756.227476969,1.2,573,12,5,212-13,[]
TX,1162.509000909,289847.279770828,4638906.214651157,1.2,197,12,5,143-3,[]
TX,1162.568078365,288881.726576032,4642616.240566458,1.2,550,12,5,209-7,[]
TX,1162.689599385,291104.292830809,4642476.890592724,1.2,485,12,4,200-18,[]
TX,1162.893773152,290516.345332221,4640858.642510394,1.2,46,7,5,111-30,[]
TX,1162.923706846,291203.616633241,4641854.494604485,1.2,25,11,5,105-15,[]
TX,1162.978277779,292033.142693358,4643038.184973308,1.2,1357,12,4,362-27,[]
TX,1163.107281411,291556.074550023,4641370.625821487,1.2,1310,12,4,357-14,[]
TX,1163.136595487,290690.649127805,4641302.617115568,1.2,1700,7,4,90-11,[]
TX,1163.409608154,291666.021040725,4642233.539371081,1.2,1092,12,5,3-6,[]
TX,1163.514007912,273676.33414249,4630684.216474847,1.2,1302,12,5,356-20,[]
TX,1163.522013994,291018.527484559,4641791.183626165,1.2,1147,8,5,315-29,[]
TX,1164.104629005,285836.116077471,4641407.572783289,1.2,1542,12,4,62-3,[]
TX,1164.443818721,291664.158472345,4642122.866999813,1.2,796,11,4,241-19,[]
TX,1165.221900207,291912.507973426,4641477.58135214,1.2,173,12,4,139-6,[]
TX,1165.582894732,290481.468320346,4640774.812077035,1.2,1020,7,4,288-29,[]
TX,1165.609610823,292265.614175477,4637900.796908529,1.2,404,12,5,193-24,[]
TX,1165.614664728,292507.542713931,4642909.483895952,1.2,1037,12,4,290-24,[]
TX,1166.027152212,289798.651787253,4638761.491904579,1.2,340,12,4,184-22,[]
TX,1166.043936371,289528.893774045,4641789.853889897,1.2,527,7,5,208-18,[]
TX,1166.165079255,298601.945725026,4631792.021643935,1.2,913,12,5,259-15,[]
TX,1166.206496076,287903.647723855,4641413.12450661,1.2,35,11,4,106-5,[]
TX,1166.422949097,290588.205915845,4641353.472078524,1.2,523,7,4,208-12,[]
TX,1166.524984535,289349.234269894,4634777.725972173,1.2,1144,12,4,315-26,[]
TX,1166.643359873,290080.387075592,4640921.457117276,1.2,1712,7,5,90-28,[]
TX,1166.709663634,290432.978288269,4640691.231433312,1.2,1271,7,4,351-23,[]
TX,1166.862696819,293825.815486754,4639967.679704126,1.2,579,12,4,212-25,[]
TX,1167.17793446,291767.787638567,4640370.49574851,1.2,1022,12,4,29-16,[]
TX,1167.253112086,291826.740307626,4642522.886554079,1.2,503,12,4,203-17,[]
TX,1167.28702524,291951.457036614,4641344.219557979,1.2,599,12,4,214-28,[]
TX,1167.453189189,290151.770685848,4644288.146680625,1.2,1554,12,4,68-15,[]
TX,1167.654097246,290702.391245738,4641189.822860288,1.2,877,7,5,253-18,[]
TX,1168.321177186,292085.242990338,4642817.140654521,1.2,62,12,4,113-4,[]
TX,1168.41498343,291590.179362521,4644808.695577182,1.2,407,12,5,193-27,[]
TX,1168.423659625,292801.165217555,4642011.245777551,1.2,561,12,4,21-30,[]
TX,1168.506729481,289813.647497282,4641409.435817535,1.2,1509,7,4,58-25,[]
TX,1168.662026152,290403.674765277,4643015.289153912,1.2,609,12,4,22-4,[]
TX,1168.947398266,290279.861215403,4641293.323309551,1.2,1592,7,4,79-13,[]
TX,1169.289379996,290428.55917378,4639991.643818161,1.2,646,7,5,223-4,[]
TX,1169.585263514,289632.846328857,4641970.088265209,1.2,1752,7,5,96-12,[]
TX,1169.593222006,290074.515266769,4641521.347735535,1.2,1088,7,5,3-2,[]
TX,1169.84800805,290526.411183569,4642821.380373104,1.2,518,12,4,205-8,[]
TX,1170.006491639,291652.928719736,4642136.89937917,1.2,1614,11,4,80-11,[]
TX,1170.05274282,290369.919988637,4641811.28094273,1.2,1672,7,4,87-4,[]
TX,1170.075932463,290743.727451917,4642384.804170344,1.2,1252,10,4,344-13,[]
TX,1170.142125152,292483.981835701,4641939.131248425,1.2,455,12,4,198-8,[]
TX,1170.486889543,295139.260950517,4642696.497231558,1.2,1129,8,5,311-13,"[['RX_GW', 1170.694302843, 1129, 8, 5, 868.1, -125.862807182, '00:00:00:00:00:04']]"
TX,1170.576219577,292671.888732168,4643688.721029617,1.2,875,12,4,253-16,[]
TX,1170.635719601,290077.422359748,4644351.400670532,1.2,941,12,5,264-26,[]
TX,1170.659986181,289745.037490109,4641530.268124023,1.2,1465,7,4,44-17,[]
TX,1170.786457511,299770.717822219,4630300.773091938,1.2,617,12,4,220-19,[]
TX,1170.858802182,290344.881070176,4646257.148105255,1.2,1051,12,4,295-13,[]
TX,1170.867313516,289666.343715101,4641767.211719344,1.2,1739,7,4,94-26,[]
TX,1171.162907858,290870.469901519,4641310.801202756,1.2,559,8,5,21-22,"[['RX_GW', 1171.370320701, 559, 8, 5, 868.1, -125.088792686, '00:00:00:00:00:02']]"
TX,1171.293415765,295115.360566014,4642711.000185436,1.2,1424,8,4,39-8,"[['RX_GW', 1171.500829147, 1424, 8, 4, 868.1, -126.260363066, '00:00:00:00:00:04']]"
TX,1171.400531542,291383.8309672,4636408.059953004,1.2,1019,12,4,288-28,[]
TX,1171.41514199,290329.731257635,4639630.248064371,1.2,281,9,5,17-8,"[['RX_GW', 1171.786907945, 281, 9, 5, 868.1, -127.584894467, '00:00:00:00:00:02']]"
TX,1171.596481312,291726.40136055,4642152.659605168,1.2,468,11,4,2-2,[]
TX,1171.634918821,290930.365740355,4638653.351315895,1.2,1339,12,4,361-23,[]
TX,1171.635667817,292049.122788183,4644053.315440686,1.2,746,12,4,235-15,[]
TX,1171.652835777,293692.711592636,4639589.264453309,1.2,268,12,5,169-17,[]
TX,1171.776610384,292264.080925725,4636527.492442643,1.2,1696,12,5,89-5,[]
TX,1171.831498916,291768.859729497,4636722.800642534,1.2,1765,12,4,99-29,[]
TX,1172.025839958,290081.844293902,4641533.973680331,1.2,4,7,5,104-1,"[['RX_GW', 1172.140835576, 4, 7, 5, 868.1, -113.881623008, '00:00:00:00:00:02']]"
TX,1172.110197045,292745.107443715,4643110.203243748,1.2,108,12,5,122-29,[]
TX,1172.159449714,292096.489072161,4642730.606461876,1.2,1439,12,5,40-5,[]
TX,1172.219855699,290731.880852051,4642996.748002195,1.2,829,12,5,244-30,[]
TX,1172.349173917,289118.626709948,4640560.177874827,1.2,1591,7,5,79-12,[]
TX,1172.455152574,290412.908309768,4642313.224773295,1.2,1757,10,4,96-9,[]
TX,1173.269762413,299735.36461477,4630019.705471092,1.2,622,12,4,220-3,[]
TX,1173.290087423,290688.378947963,4641308.793388712,1.2,850,7,4,248-15,[]
TX,1173.302045971,291804.988323929,4642404.569641404,1.2,1065,12,4,297-14,[]
TX,1173.330954623,295125.225532225,4638637.208849172,1.2,1114,12,4,308-6,[]
TX,1173.629267714,292953.161098119,4642255.834029761,1.2,1261,12,4,347-20,[]
TX,1173.684614915,292682.739631187,4641792.552232177,1.2,1610,12,4,8-28,[]
TX,1174.07384146,288625.65945725,4642678.565235049,1.2,987,12,5,279-23,[]
TX,1174.772637001,290845.959397115,4638652.496976333,1.2,353,12,5,186-21,[]
TX,1175.16596045,290037.020272328,4641832.913876429,1.2,1,7,4,102-25,"[['RX_GW', 1175.280957033, 1, 7, 4, 868.1, -120.185247606, '00:00:00:00:00:02']]"
TX,1175.208930379,292354.615368691,4642204.167660359,1.2,1433,12,4,40-19,[]
TX,1175.367235137,290384.969601763,4635994.582342998,1.2,975,12,5,273-14,[]
TX,1176.083812291,294970.285156053,4642711.533292387,1.2,586,8,5,212-8,"[['RX_GW', 1176.29122594, 586, 8, 5, 868.1, -124.879322027, '00:00:00:00:00:04']]"
TX,1176.635469658,291642.282707279,4636612.346055174,1.2,34,12,5,106-4,[]
TX,1176.653728864,291713.737307162,4642195.126755027,1.2,1472,12,4,44-8,[]
TX,1176.741608795,293829.161402393,4640552.809509378,1.2,1016,12,4,288-24,[]
TX,1177.10556931,291265.875856865,4641996.942071482,1.2,64,11,4,113-6,[]
TX,1177.136161721,288981.810744788,4643670.335132844,1.2,487,12,5,200-20,[]
TX,1177.237622641,288138.651816644,4643187.640183539,1.2,906,12,4,257-9,[]
TX,1177.269621379,291468.592872024,4642391.991581011,1.2,1034,11,5,290-14,[]
TX,1177.602254948,289208.198287547,4642307.657439094,1.2,893,11,4,257-22,[]
TX,1177.626922673,291363.376450829,4638521.045677332,1.2,1587,12,4,78-30,[]
TX,1177.777665185,291136.11335396,4642464.93608602,1.2,876,11,4,253-17,[]
TX,1177.834068285,291840.692209173,4642448.174549236,1.2,557,12,4,21-20,[]
TX,1177.867532873,290812.706060463,4645040.317309292,1.2,1113,12,4,308-5,[]
TX,1178.225688199,294362.123180962,4640166.168427396,1.2,582,10,4,212-3,[]
TX,1178.303377121,292309.189972996,4641781.816107388,1.2,639,12,4,222-5,[]
TX,1178.304171206,289831.717737932,4638450.645454648,1.2,1215,12,4,341-23,[]
TX,1178.485069331,297002.848943156,4638969.179502887,1.2,402,12,5,193-21,[]
TX,1178.651941157,291111.390927021,4636126.099117075,1.2,309,12,4,174-28,[]
TX,1178.770542397,290549.773485737,4643181.628110281,1.2,799,12,5,241-21,[]
TX,1178.95269614,288868.983585952,4635890.53104051,1.2,390,12,5,192-22,[]
TX,1179.01398202,290531.33734437,4641101.634669044,1.2,379,7,5,191-26,[]
TX,1179.164365103,292033.44839523,4643070.836508257,1.2,223,12,4,156-10,[]
TX,1179.620736059,295114.656030295,4642718.722153427,1.2,1718,8,5,92-1,"[['RX_GW', 1179.828149464, 1718, 8, 5, 868.1, -126.5695889, '00:00:00:00:00:04']]"
TX,1179.815764032,265711.06463714,4649223.827905419,1.2,969,12,5,269-13,[]
TX,1180.135942101,291833.73782158,4642457.951608113,1.2,767,12,4,236-21,[]
TX,1180.265775935,293347.417880387,4642648.776387087,1.2,345,12,4,185-15,[]
TX,1180.337059516,290519.244783263,4642907.970353538,1.2,1469,12,4,44-21,[]
TX,1180.517332198,291336.503420332,4641143.031470711,1.2,532,9,4,208-23,[]
TX,1180.679303242,295115.285474348,4642742.519340306,1.2,1400,8,4,369-28,[]
TX,1180.790738197,291028.784375763,4641946.169325448,1.2,1089,10,5,3-3,[]
TX,1180.809850292,291300.005286529,4641161.868697102,1.2,737,9,4,234-26,[]
TX,1181.086467602,292306.978532188,4636381.455905659,1.2,1099,12,5,300-3,[]
TX,1181.239244525,291162.767816552,4642382.822327128,1.2,405,12,4,193-25,[]
TX,1181.276157129,290661.307931564,4641639.014964744,1.2,135,7,5,132-19,[]
TX,1181.289132165,290318.3825137,4643601.259855086,1.2,1763,12,4,99-27,[]
TX,1181.423116545,297566.239174463,4643632.351444689,1.2,178,12,5,14-12,[]
TX,1181.506298598,290449.226528849,4640535.649766067,1.2,218,7,4,155-11,[]
TX,1181.810443689,290707.526302459,4651386.180327146,1.2,770,12,5,236-26,[]
TX,1182.015463583,291005.494306408,4641338.816565236,1.2,740,8,4,234-9,[]
TX,1182.228672282,289711.575468793,4641332.288339647,1.2,408,7,4,193-3,[]
TX,1182.359422222,290654.259517937,4642598.439795743,1.2,1123,12,5,309-16,[]
TX,1182.433793271,291728.824348871,4642153.313537098,1.2,1670,11,4,87-3,[]
TX,1182.450138807,290892.036792227,4642715.589036369,1.2,486,11,5,200-19,[]
TX,1182.533865812,290863.243795426,4640740.920478486,1.2,536,7,4,208-27,[]
TX,1182.635326319,290638.045034384,4640580.077066364,1.2,1419,7,4,37-8,[]
TX,1182.724516378,271827.229541071,4630664.543531347,1.2,1300,12,5,356-17,[]
TX,1183.144158493,289183.690804355,4642909.878149861,1.2,360,12,5,188-24,[]
TX,1183.278955277,290065.510446951,4641509.477743316,1.2,1294,7,4,352-28,[]
TX,1183.470439233,291703.433990203,4640058.313630414,1.2,842,11,4,246-7,[]
TX,1183.60710322,292850.431470659,4641924.955624664,1.2,1432,12,5,40-18,[]
TX,1183.705327443,288330.589331103,4642503.894118719,1.2,476,12,5,2-29,[]
TX,1183.726091664,292315.396219396,4642046.98036052,1.2,1259,12,5,347-18,[]
TX,1183.761345289,290037.167898952,4640353.476748058,1.2,292,7,5,172-12,[]
TX,1183.818402172,293610.316014222,4639332.765830299,1.2,577,12,4,212-21,[]
TX,1184.109548085,290312.219011432,4641992.011190902,1.2,1511,8,4,58-27,[]
TX,1184.231450006,292672.022704333,4641057.555430002,1.2,1540,12,4,62-21,[]
TX,1184.437121149,290667.191612608,4640255.266715868,1.2,446,7,4,197-27,[]
TX,1185.033777696,290388.087984716,4641799.529292596,1.2,1734,7,5,94-2,[]
TX,1185.370430475,287975.491531402,4641820.96571765,1.2,1199,12,4,331-16,[]
TX,1185.500002075,290736.800031919,4642898.803674514,1.2,1459,12,4,42-4,[]
TX,1185.820587343,291032.166502491,4641779.114816922,1.2,1244,8,4,343-29,"[['RX_GW', 1186.028001469, 1244, 8, 4, 868.1, -126.095768179, '00:00:00:00:00:02']]"
TX,1185.840345375,256234.792061344,4651864.59810408,1.2,1255,12,4,345-19,[]
TX,1185.957230171,291150.695277857,4644099.246487316,1.2,1504,12,4,58-13,[]
TX,1186.016008273,294677.733409658,4642483.255749261,1.2,605,9,4,22-20,"[['RX_GW', 1186.387774075, 605, 9, 4, 868.1, -127.013007509, '00:00:00:00:00:04']]"
TX,1186.082296055,292080.552552908,4640662.702560743,1.2,358,12,4,188-14,[]
TX,1186.102083871,290216.650494709,4641244.861233602,1.2,1229,7,5,342-28,[]
TX,1186.507856154,290393.489388553,4642050.945876455,1.2,1031,8,4,290-11,[]
TX,1187.146183309,291735.873406321,4642671.30202555,1.2,1688,12,4,89-22,[]
TX,1187.180310403,292094.54662487,4640663.524777813,1.2,1035,12,5,290-15,[]
TX,1187.180892305,290658.304013539,4641296.976936958,1.2,1377,7,5,365-26,[]
TX,1187.295877267,290592.684497463,4643874.484783621,1.2,61,12,4,113-30,[]
TX,1187.311321509,290514.215765793,4640845.538342587,1.2,793,7,5,241-16,[]
TX,1187.443312213,290405.506057967,4641811.102955651,1.2,296,7,4,172-9,[]
TX,1187.525204607,285524.679403196,4648510.51753881,1.2,755,12,5,235-28,[]
TX,1187.667577886,292188.349367231,4638230.474966168,1.2,1681,12,4,89-13,[]
TX,1187.79027126,289427.491307127,4641745.053697869,1.2,806,7,4,241-7,[]
TX,1188.011963152,293327.298376205,4643222.697983669,1.2,1488,12,5,53-13,[]
TX,1188.055655803,292166.11712392,4641852.541100502,1.2,1296,12,4,352-30,[]
TX,1188.138841686,290475.9594777,4641377.909487903,1.2,116,7,4,127-14,[]
TX,1188.251274943,291530.233197527,4642154.249471948,1.2,321,12,5,178-12,[]
TX,1188.326996361,291629.220640487,4644618.941878875,1.2,744,12,4,235-13,[]
TX,1188.665527044,284023.513717858,4632962.256086295,1.2,385,12,4,191-6,[]
TX,1189.479622038,292427.730612758,4641743.338405987,1.2,306,12,5,174-25,[]
TX,1189.480290995,289958.312096853,4639838.361979458,1.2,447,8,4,197-28,[]
TX,1189.515243866,290422.695221875,4641812.59036126,1.2,1725,7,5,94-1,[]
TX,1189.54506781,290084.583037704,4640914.371837488,1.2,260,7,4,157-9,[]
TX,1189.971888894,290897.839620431,4642251.371490268,1.2,1208,10,4,337-5,[]
TX,1190.164830038,291588.891657264,4644839.022558821,1.2,140,12,4,132-5,[]
TX,1190.307849763,290196.934854021,4642426.115939369,1.2,1027,10,4,29-21,[]
TX,1190.63448296,291232.022055488,4641301.040220298,1.2,843,9,5,246-8,[]
TX,1190.710539967,290487.339465304,4640826.642743751,1.2,1299,7,4,355-15,[]
TX,1190.823289314,295149.354719242,4642742.434538022,1.2,1603,8,4,8-1,"[['RX_GW', 1191.030702731, 1603, 8, 4, 868.1, -126.629370643, '00:00:00:00:00:04']]"
TX,1190.935319169,292317.770590586,4640601.713691742,1.2,1423,12,4,370-30,[]
TX,1190.961350539,291334.883180168,4636320.236781695,1.2,1543,12,4,62-4,[]
TX,1191.100558331,291849.23795915,4642554.915176978,1.2,891,12,4,257-20,[]
TX,1191.110633935,291827.280692702,4642415.184713207,1.2,1272,12,4,351-24,[]
TX,1191.134072459,289156.51446833,4638662.025170642,1.2,1241,12,5,343-26,[]
TX,1191.166818402,288335.732984965,4644714.578475097,1.2,955,12,4,266-4,[]
TX,1191.306828632,290655.046184452,4639741.196397118,1.2,226,8,4,156-13,[]
TX,1191.404334716,290069.303193278,4640932.336816118,1.2,973,7,4,273-12,[]
TX,1191.513356529,290690.866682864,4642815.837580232,1.2,1420,12,5,37-9,[]
TX,1191.532596848,291030.384019668,4641152.340750092,1.2,1569,7,5,70-23,[]
TX,1191.722677908,290750.127840786,4642871.770949911,1.2,1536,12,5,61-9,[]
TX,1191.775353056,290196.22202241,4639302.64569007,1.2,824,11,5,243-24,[]
TX,1191.999116782,290743.107854948,4642878.884664583,1.2,1086,12,4,298-29,[]
TX,1192.028074272,290999.639371,4640660.806549042,1.2,1711,7,4,90-26,[]
TX,1192.220877668,290882.269349065,4641283.300991872,1.2,803,8,4,241-4,"[['RX_GW', 1192.428290512, 803, 8, 4, 868.1, -125.949989475, '00:00:00:00:00:02']]"
TX,1192.240242053,295418.223581333,4640756.658334944,1.2,833,7,4,245-23,"[['RX_GW', 1192.355238851, 833, 7, 4, 868.1, -119.24378589, '00:00:00:00:00:04']]"
TX,1192.479395973,292179.166149836,4641380.280630608,1.2,1344,12,5,361-29,[]
TX,1192.501753868,298082.92917337,4639298.876875586,1.2,213,12,4,154-23,[]
TX,1192.792465025,289936.777916371,4642714.109544644,1.2,1463,10,5,42-8,[]
TX,1192.851376603,289712.738138988,4638885.629954902,1.2,427,12,4,196-17,[]
TX,1192.9298319,293363.080194538,4643244.661945351,1.2,936,12,5,262-19,[]
TX,1193.037344476,271682.813966441,4630639.127298093,1.2,160,12,5,135-27,[]
TX,1193.549569694,290404.191096222,4641804.846753143,1.2,1682,7,5,89-14,[]
TX,1193.991346117,292946.809207714,4629924.142173708,1.2,653,12,5,224-13,[]
TX,1194.040739496,291125.588844855,4641953.480188066,1.2,387,10,5,191-8,[]
TX,1194.041455671,272755.277815836,4629699.350924941,1.2,147,12,4,135-13,[]
TX,1194.228918492,289534.539919686,4641793.543933661,1.2,1399,7,5,369-27,[]
TX,1195.437836383,271575.170207752,4630629.721565969,1.2,1190,12,4,328-5,[]
TX,1195.624068612,291624.060969431,4644609.387966557,1.2,750,12,4,235-2,[]
TX,1195.795076304,272829.293803131,4629740.231325364,1.2,104,12,5,122-1,[]
TX,1195.902219353,290346.011940597,4641935.21125045,1.2,366,8,4,190-1,"[['RX_GW', 1196.109632518, 366, 8, 4, 868.1, -124.861309757, '00:00:00:00:00:02']]"
TX,1196.080987748,291679.104206326,4642108.965385735,1.2,1184,11,4,325-22,[]
TX,1196.141623054,291064.702078268,4644037.870142553,1.2,1576,12,4,74-1,[]
TX,1196.15179669,291032.553356403,4641162.495979481,1.2,524,7,4,208-13,"[['RX_GW', 1196.266793881, 524, 7, 4, 868.1, -122.020356275, '00:00:00:00:00:02']]"
TX,1196.475905494,290092.715456881,4640911.117114314,1.2,940,7,5,264-24,"[['RX_GW', 1196.590899453, 940, 7, 5, 868.1, -84.044962378, '00:00:00:00:00:02']]"
TX,1196.756403017,291979.253924789,4643702.610735406,1.2,693,12,4,228-17,[]
TX,1196.770745518,291532.364183344,4640966.319373544,1.2,1618,11,4,80-23,[]
TX,1196.859051733,273687.943607226,4630636.201273392,1.2,60,12,4,113-3,[]
TX,1196.942148576,290086.720420636,4640911.554862023,1.2,1478,7,5,48-19,[]
TX,1197.339285866,290109.593063863,4640889.754142094,1.2,256,7,5,157-26,[]
TX,1198.276628539,294037.950660708,4641649.74953614,1.2,792,11,5,240-5,"[['RX_GW', 1199.757387609, 792, 11, 5, 868.1, -133.837033905, '00:00:00:00:00:04']]"
TX,1198.308283292,290698.210417411,4641301.392852147,1.2,51,7,4,112-15,[]
TX,1198.378504293,290393.31101727,4641795.806987672,1.2,674,7,4,225-2,[]
TX,1198.405740398,296076.989055289,4635045.588637532,1.2,143,12,4,135-1,[]
TX,1198.488051599,291031.158620576,4642327.64693243,1.2,836,11,4,245-9,[]
TX,1198.559898097,290080.707603855,4640915.009520696,1.2,400,7,4,193-19,[]
TX,1198.778657669,273165.340248594,4629969.672715285,1.2,695,12,4,228-25,[]
TX,1199.094708491,288536.921967473,4638290.303141034,1.2,279,12,5,17-22,[]
TX,1199.394878023,290300.142928016,4640737.535240605,1.2,94,7,4,12-14,[]
TX,1199.461896246,290065.611597149,4641531.685325126,1.2,471,7,4,2-24,[]
TX,1199.483214718,291291.84498534,4643552.264324455,1.2,1694,12,4,89-3,[]
TX,1199.511280701,292639.865128151,4641677.782000273,1.2,1741,12,5,94-28,[]
