label,timestamp,x,y,z,dev_addr,spreading_factor,framecounter,NODE_ID,receptions
TX,0.55095244,290631.093894667,4646613.112565257,1.2,851,12,1,71-7,[]
TX,1.000606084,291177.263640671,4641320.188655695,1.2,441,9,1,234-29,"[['RX_GW', 1.372371904, 441, 9, 1, 868.1, -128.162634226, '00:00:00:00:00:02']]"
TX,1.472599247,291096.302368417,4642439.261928755,1.2,787,11,1,53-16,[]
TX,1.543258764,291986.128187397,4643691.374061383,1.2,892,12,1,91-17,[]
TX,1.78281266,282290.669179125,4632783.181286515,1.2,246,12,1,178-30,[]
TX,1.851746902,282143.713333538,4645838.028833682,1.2,258,12,1,193-27,[]
TX,2.230922077,292190.50900146,4642177.319589882,1.2,250,12,1,178-7,[]
TX,2.242689362,289311.151801097,4639758.565256551,1.2,208,11,1,169-13,[]
TX,2.3743537,293212.703796511,4641605.60004534,1.2,604,12,1,273-16,[]
TX,2.79669987,294130.641544512,4647404.322059101,1.2,779,12,1,51-4,[]
TX,3.44165054,296615.342875326,4643298.562961842,1.2,430,11,1,232-29,[]
TX,3.70598267,295412.756344935,4638424.808152365,1.2,169,12,1,150-16,[]
TX,3.928935368,284126.162430641,4632978.033727862,1.2,368,12,1,222-21,[]
TX,4.217859235,271628.263953181,4630654.853134223,1.2,467,12,1,238-19,[]
TX,4.278753555,299818.626956041,4630212.103873734,1.2,404,12,1,228-27,[]
TX,4.645473641,293363.590312232,4649512.678250604,1.2,119,12,1,130-8,[]
TX,4.884576801,291758.690858326,4642516.294276098,1.2,190,12,1,162-11,[]
TX,4.936339246,294964.398107927,4642730.209767096,1.2,421,9,1,231-27,[]
TX,5.212058402,304804.618342125,4650969.572475184,1.2,767,12,1,47-3,[]
TX,5.576879708,291105.38790482,4642474.760211055,1.2,607,11,1,273-25,[]
TX,6.021117664,292671.495490845,4643693.454460118,1.2,397,12,1,228-13,[]
TX,6.207339393,293368.278390683,4649614.829306407,1.2,111,12,1,130-13,[]
TX,6.693961632,291860.672073315,4641951.369221896,1.2,60,12,1,111-9,[]
TX,7.077235139,289980.452537311,4637716.624517801,1.2,28,12,1,105-2,[]
TX,7.190338032,298782.204889853,4640576.957719427,1.2,273,12,1,195-18,[]
TX,8.655382599,297222.85234983,4639520.693453584,1.2,187,12,1,157-20,[]
TX,8.657397888,292906.567659405,4641948.954891602,1.2,278,12,1,195-27,[]
TX,11.783616512,288300.755507551,4644184.890370936,1.2,363,12,1,221-8,[]
TX,12.422020776,292192.581698187,4642123.337940337,1.2,814,12,1,7-11,[]
TX,12.8141286,291017.311860002,4644816.848178221,1.2,244,12,1,178-29,[]
TX,12.82613428,316824.934618021,4635905.368099571,1.2,876,12,1,8-3,[]
TX,12.856710556,292716.708177295,4652650.435703044,1.2,697,12,1,348-18,[]
TX,13.348012621,292727.304546506,4641830.922475105,1.2,694,12,1,348-15,[]
TX,13.413831379,291818.642694313,4642543.362131416,1.2,355,12,1,220-20,[]
TX,13.487835974,297341.870563639,4633395.798513578,1.2,612,12,1,28-23,[]
TX,13.655843688,300837.574255396,4645109.568657994,1.2,734,12,1,39-28,[]
TX,14.311475208,290079.767871026,4635396.805814478,1.2,436,12,1,234-15,[]
TX,14.366423056,292522.913021691,4642911.813834801,1.2,706,12,1,351-30,[]
TX,14.634756218,282286.245385436,4663495.361751128,1.2,837,12,1,71-1,[]
TX,14.868957501,287053.363815798,4641574.298301593,1.2,77,12,1,115-9,[]
TX,14.956196842,294123.184490862,4647411.532785044,1.2,507,12,1,241-20,[]
TX,16.21629318,296012.227242809,4640441.404014109,1.2,708,9,1,353-2,"[['RX_GW', 16.588059031, 708, 9, 1, 868.1, -128.664848589, '00:00:00:00:00:04']]"
TX,16.265878007,288697.676706588,4641736.7842273,1.2,226,9,1,173-26,"[['RX_GW', 16.637644527, 226, 9, 1, 868.1, -128.114343805, '00:00:00:00:00:02']]"
TX,16.666615839,287215.65992115,4646205.975168297,1.2,564,12,1,259-2,[]
TX,17.108524394,293260.721835173,4639503.704941466,1.2,98,12,1,127-1,[]
TX,17.605241169,288984.947215922,4634448.722513533,1.2,882,12,1,80-14,[]
TX,17.797520501,288220.107704552,4639161.758251816,1.2,863,12,1,79-24,"[['RX_GW', 20.429258223, 863, 12, 1, 868.1, -138.813612932, '00:00:00:00:00:02']]"
TX,17.882960457,289993.856014168,4629096.356610992,1.2,146,12,1,138-10,[]
TX,18.770191307,274151.859824433,4623042.699406856,1.2,637,12,1,291-3,[]
TX,19.054514347,298041.576290301,4631613.146385301,1.2,238,12,1,178-17,[]
TX,19.201772029,281679.06114592,4632750.769042471,1.2,469,12,1,238-21,[]
TX,19.341737526,295608.707084617,4645549.547710589,1.2,13,12,1,104-28,[]
TX,20.265823606,289885.855894091,4645270.312423809,1.2,613,12,1,281-12,[]
TX,20.314905169,298635.815488489,4631431.068160546,1.2,204,12,1,162-5,[]
TX,20.333554555,294129.641710855,4647409.702811935,1.2,737,12,1,40-25,[]
TX,20.555961242,295133.663886671,4642773.754037831,1.2,235,10,1,178-13,"[['RX_GW', 21.215470796, 235, 10, 1, 868.1, -130.522572933, '00:00:00:00:00:04']]"
TX,21.690320156,286439.443931531,4642105.111657587,1.2,584,12,1,261-11,[]
TX,21.737995166,295788.193520813,4636628.224494872,1.2,854,12,1,72-29,[]
TX,22.629435338,291732.072867099,4642160.504946148,1.2,121,12,1,137-1,[]
TX,22.854916088,285395.488729585,4641751.614405355,1.2,74,12,1,115-3,[]
TX,23.604042364,291602.542947704,4642145.541633636,1.2,480,11,1,24-11,[]
TX,23.751427871,290643.026153099,4646606.365099534,1.2,695,12,1,348-16,[]
TX,23.908741882,291826.313619984,4642551.325198257,1.2,350,12,1,22-21,[]
TX,24.246366704,291056.258526072,4640351.61477791,1.2,824,8,1,7-28,[]
TX,25.662237507,291831.782291352,4642553.337613754,1.2,462,12,1,236-5,[]
TX,25.681169503,300667.807455481,4636714.207248414,1.2,332,12,1,212-28,[]
TX,26.093124977,292184.443396663,4642164.386693089,1.2,247,12,1,178-4,[]
TX,26.51971714,290085.543570555,4635393.202917698,1.2,886,12,1,80-29,[]
TX,26.600160434,294471.932207472,4646280.758477984,1.2,177,12,1,153-2,[]
TX,26.83540673,299783.778369315,4634195.670815598,1.2,328,12,1,212-21,[]
TX,27.041792665,293807.508931691,4640396.791741312,1.2,173,11,1,150-20,"[['RX_GW', 28.522553863, 173, 11, 1, 868.1, -134.716622501, '00:00:00:00:00:04']]"
TX,27.247523764,286290.879379353,4642208.904332279,1.2,261,12,1,193-7,[]
TX,28.13231122,290870.671737867,4635917.96025064,1.2,364,12,1,222-17,[]
TX,28.19328398,292732.274500246,4641720.962954029,1.2,185,12,1,155-7,[]
TX,28.305959535,291176.344416926,4641273.651896994,1.2,893,9,1,91-18,"[['RX_GW', 28.677725305, 893, 9, 1, 868.1, -128.048721397, '00:00:00:00:00:02']]"
TX,28.508488817,298775.73008995,4636441.804235825,1.2,679,12,1,332-12,[]
TX,28.615589498,292804.707935793,4642713.371844341,1.2,412,12,1,231-10,[]
TX,28.890036351,298652.96180581,4631380.139594578,1.2,12,12,1,104-27,[]
TX,29.116111657,283544.812822754,4646638.969787258,1.2,792,12,1,53-21,[]
TX,29.315538727,271656.327853627,4630575.121663122,1.2,521,12,1,242-19,[]
TX,30.095288776,292522.543336793,4642907.455531432,1.2,802,12,1,58-4,[]
TX,30.526098993,292751.935350933,4641668.342670262,1.2,107,12,1,129-9,[]
TX,31.118598713,300853.33407753,4665432.224247183,1.2,155,12,1,140-24,[]
TX,31.629414688,300137.609261128,4642833.878098694,1.2,804,12,1,58-6,[]
TX,31.670840291,292557.902535304,4641434.148840743,1.2,626,12,1,288-16,[]
TX,31.750212447,291800.982189719,4636741.204730493,1.2,143,12,1,137-5,[]
TX,31.781480789,296099.651306387,4646903.781831561,1.2,522,12,1,242-21,[]
TX,31.974641268,283641.316401874,4632924.445386773,1.2,310,12,1,203-8,[]
TX,33.095782269,292937.038326315,4641000.57162237,1.2,349,12,1,22-20,[]
TX,33.18124779,296183.730864467,4641580.615683543,1.2,835,7,1,70-6,"[['RX_GW', 33.29624293, 835, 7, 1, 868.1, -112.412412955, '00:00:00:00:00:04']]"
TX,33.381722737,294129.560614413,4647414.728779461,1.2,644,12,1,3-13,[]
TX,33.663079422,295994.049932214,4643021.97081484,1.2,356,9,1,220-21,"[['RX_GW', 34.034845422, 356, 9, 1, 868.1, -129.391623904, '00:00:00:00:00:04']]"
TX,33.8547211,290561.992788257,4642824.959665503,1.2,189,12,1,162-1,[]
TX,34.206459162,291980.438937722,4643746.994746804,1.2,292,12,1,2-30,[]
TX,34.556311016,291727.911897635,4642150.68637557,1.2,133,12,1,137-21,[]
TX,35.035794318,288671.311953198,4630771.480125532,1.2,654,12,1,308-27,[]
TX,35.462840361,292032.862002283,4646087.954727537,1.2,290,12,1,2-28,[]
TX,36.13707356,294134.749789272,4647407.722122674,1.2,775,12,1,51-16,[]
TX,36.32936302,294971.959466789,4642709.065975586,1.2,422,8,1,231-28,"[['RX_GW', 36.536776659, 422, 8, 1, 868.1, -125.730494286, '00:00:00:00:00:04']]"
TX,36.971225098,291059.848331318,4644044.970744691,1.2,385,12,1,225-21,[]
TX,37.574032674,292206.120010623,4642157.83834945,1.2,668,12,1,321-28,[]
TX,38.183058924,290904.952578312,4639018.383610837,1.2,81,12,1,119-26,[]
TX,38.32316363,291826.284326188,4642550.483641407,1.2,714,12,1,369-10,[]
TX,38.588752627,293768.187008876,4639713.810582502,1.2,858,12,1,76-26,[]
TX,38.75007682,291099.013741456,4642464.570737504,1.2,825,11,1,7-29,[]
TX,38.911534285,291976.283253003,4641618.658162686,1.2,403,12,1,228-26,[]
TX,39.91817995,290632.137791957,4646600.731370077,1.2,844,12,1,71-20,[]
TX,40.03894006,283657.050911959,4646809.098926471,1.2,789,12,1,53-19,[]
TX,40.441833788,296718.318199105,4635194.813150787,1.2,406,12,1,228-29,[]
TX,40.686546536,295610.745407804,4645552.175493103,1.2,105,12,1,129-7,[]
TX,42.603718317,298142.077715143,4631675.457427486,1.2,653,12,1,308-26,[]
TX,42.987276809,290100.454947637,4642392.249844002,1.2,319,11,1,211-11,[]
TX,43.259007366,291108.915105324,4642458.769392321,1.2,796,11,1,53-28,[]
TX,43.981692858,273660.094898658,4630678.742552363,1.2,750,12,1,42-14,[]
TX,44.253097568,291842.601616539,4642550.215357676,1.2,237,12,1,178-16,[]
TX,44.397215739,298366.352758929,4634352.227837476,1.2,563,12,1,259-16,[]
TX,44.473537861,287832.461522188,4638855.843230601,1.2,826,12,1,7-30,[]
TX,44.886724915,282494.402582324,4644127.850876946,1.2,257,12,1,193-21,[]
TX,45.65354958,295138.825325644,4642761.758860208,1.2,325,10,1,212-14,"[['RX_GW', 46.313059091, 325, 10, 1, 868.1, -130.320720339, '00:00:00:00:00:04']]"
TX,45.90204117,292677.98965116,4641798.284049477,1.2,29,12,1,106-22,[]
TX,47.10890362,295111.691354162,4646511.202710626,1.2,401,12,1,228-17,[]
TX,47.558668323,294376.207642256,4646288.543456555,1.2,179,12,1,153-30,[]
TX,47.587109729,297028.493071815,4649345.921740428,1.2,411,12,1,229-7,[]
TX,48.638397691,292035.680666177,4641766.883320969,1.2,138,12,1,137-28,[]
TX,48.669984476,287489.913583408,4655546.211063378,1.2,849,12,1,71-4,[]
TX,48.884167607,290846.772537036,4638680.041492317,1.2,442,12,1,234-30,[]
TX,49.037581309,290830.70323773,4629993.874765751,1.2,384,12,1,225-19,[]
TX,49.665026443,291216.823075088,4641978.294513674,1.2,340,10,1,214-25,[]
TX,49.811091311,290414.407265401,4641794.332734864,1.2,819,7,1,7-16,[]
TX,50.245304021,290049.984408569,4642383.457662524,1.2,217,10,1,172-29,[]
TX,50.332626902,271608.192852716,4630631.652119816,1.2,817,12,1,7-14,[]
TX,50.718099751,292524.143500038,4642913.543449386,1.2,570,12,1,259-29,[]
TX,50.913062409,290916.322060507,4641176.518837557,1.2,377,7,1,223-22,[]
TX,50.917341371,283272.636954615,4632907.172687731,1.2,280,12,1,195-29,[]
TX,51.203164074,297766.887465124,4641978.526562518,1.2,833,10,1,70-4,"[['RX_GW', 51.86267653, 833, 10, 1, 868.1, -132.782981487, '00:00:00:00:00:04']]"
TX,51.315922609,289845.678000456,4634165.01869389,1.2,210,12,1,171-22,[]
TX,51.321984402,292043.349668765,4641793.055340613,1.2,125,12,1,137-13,[]
TX,51.513606522,299954.336207424,4636535.554864612,1.2,678,12,1,332-10,[]
TX,51.526279542,290350.429516744,4646188.414048966,1.2,162,12,1,140-6,[]
TX,52.119201151,290905.616520947,4645967.338162376,1.2,661,12,1,317-17,[]
TX,52.194247896,290673.460624926,4642298.653220591,1.2,149,10,1,140-15,[]
TX,52.511465647,290756.548095034,4641524.910873458,1.2,264,7,1,194-13,[]
TX,52.710696999,283078.616766912,4653626.637342374,1.2,301,12,1,200-3,[]
TX,52.712937692,292220.969380493,4638910.202558322,1.2,388,12,1,225-5,[]
TX,52.738855306,292629.643085164,4641770.444207311,1.2,71,12,1,115-21,[]
TX,52.752610638,288260.725856962,4642364.342578856,1.2,513,12,1,241-3,[]
TX,53.004188515,282290.838964594,4643813.959372893,1.2,586,12,1,264-17,[]
TX,53.193095807,291711.82125197,4642759.844478009,1.2,88,12,1,124-20,[]
TX,54.107721302,283391.003089908,4632707.156208363,1.2,294,12,1,200-17,[]
TX,54.325843788,291829.076843778,4642545.129075581,1.2,450,12,1,236-15,[]
TX,54.591767223,285181.931333112,4633068.819994197,1.2,631,12,1,290-2,[]
TX,54.681849985,287349.540982782,4645790.52884545,1.2,592,12,1,266-13,[]
TX,54.74883299,290756.205806563,4641517.215651475,1.2,266,7,1,194-22,[]
TX,55.567397959,299627.370772389,4634956.483684463,1.2,281,12,1,195-5,[]
TX,56.042891963,297685.159548671,4640272.095028297,1.2,339,12,1,214-24,[]
TX,56.066288371,294974.25868872,4642717.423239149,1.2,420,8,1,231-26,[]
TX,56.375974213,291180.007331373,4641313.606801827,1.2,557,9,1,259-10,[]
TX,57.468411245,293698.257311576,4645345.074718159,1.2,705,12,1,351-28,[]
TX,57.585016656,294044.67543454,4644847.18201563,1.2,323,12,1,212-10,[]
TX,59.003409154,271673.36859228,4630654.010875002,1.2,473,12,1,238-4,[]
TX,59.006164286,291392.985031144,4641370.865944538,1.2,184,9,1,155-30,"[['RX_GW', 59.377930842, 184, 9, 1, 868.1, -129.899686843, '00:00:00:00:00:02']]"
TX,59.061784363,293384.93532668,4644051.957391334,1.2,567,12,1,259-26,[]
TX,59.09030833,294975.364682837,4642709.626800063,1.2,424,8,1,231-9,"[['RX_GW', 59.297721964, 424, 8, 1, 868.1, -125.707121777, '00:00:00:00:00:04']]"
TX,59.179965222,291845.930070448,4642538.699379778,1.2,448,12,1,236-13,[]
TX,59.192794005,300474.207350523,4631285.916051079,1.2,655,12,1,308-28,[]
TX,59.227260323,291960.207301004,4642966.179386578,1.2,82,12,1,124-1,[]
TX,59.29716449,291981.895539787,4643686.062785881,1.2,19,12,1,104-6,[]
TX,59.338153885,302151.739434241,4649299.164649611,1.2,62,12,1,113-11,[]
TX,59.528156691,292344.550590299,4642014.337792414,1.2,144,12,1,137-6,[]
TX,59.585469005,292739.398301522,4640858.114327852,1.2,864,12,1,79-26,[]
TX,59.759438207,288844.396939116,4640066.06156076,1.2,283,9,1,198-23,[]
TX,59.812653376,288080.725205539,4639035.157619437,1.2,58,12,1,111-7,[]
TX,60.319534117,291071.402343165,4644042.102748618,1.2,565,12,1,259-24,[]
TX,60.413017278,287299.941099879,4641566.470458655,1.2,320,12,1,211-12,[]
TX,60.52635235,291711.890568091,4642765.321876488,1.2,86,12,1,124-19,[]
TX,60.880507054,294130.964753554,4647401.163930957,1.2,778,12,1,51-3,[]
TX,61.092673499,290649.854588189,4646625.912568446,1.2,845,12,1,71-21,[]
TX,62.589566786,291273.488736755,4642382.534332176,1.2,234,9,1,178-12,"[['RX_GW', 62.961334897, 234, 9, 1, 868.1, -127.533345337, '00:00:00:00:00:02']]"
TX,63.027314145,273687.80403983,4630651.180904117,1.2,269,12,1,194-9,[]
TX,63.054751328,291034.597859183,4641918.576456212,1.2,123,11,1,137-11,"[['RX_GW', 64.535509775, 123, 11, 1, 868.1, -133.250893296, '00:00:00:00:00:02']]"
TX,64.034245982,285465.167743908,4641842.403381128,1.2,66,12,1,115-12,[]
TX,64.201885171,301726.044130618,4645288.731729679,1.2,732,12,1,39-12,[]
TX,64.390748458,282477.052918972,4644021.483892902,1.2,587,12,1,264-18,[]
TX,64.529848872,290627.253662731,4646607.714902344,1.2,842,12,1,71-19,[]
TX,64.572616766,292265.643246461,4638833.033672585,1.2,387,12,1,225-4,[]
TX,64.788907947,290405.088305835,4641805.811562318,1.2,51,7,1,111-17,"[['RX_GW', 64.903904787, 51, 7, 1, 868.1, -123.3163842, '00:00:00:00:00:02']]"
TX,65.73366897,295760.552694709,4635336.547700216,1.2,562,12,1,259-15,[]
TX,65.815630855,279963.815178843,4639797.3944138,1.2,541,12,1,254-18,[]
TX,65.868626837,290091.503620757,4635415.08171812,1.2,194,12,1,162-18,[]
TX,66.048599788,267921.386084692,4644913.508326196,1.2,684,12,1,337-24,[]
TX,66.294423208,290085.344545306,4641505.278624848,1.2,367,7,1,222-20,"[['RX_GW', 66.409418735, 367, 7, 1, 868.1, -115.018798515, '00:00:00:00:00:02']]"
TX,66.651426433,295562.183580675,4648846.261245565,1.2,897,12,1,96-17,[]
TX,67.026548749,285600.304224781,4642670.329570591,1.2,255,12,1,193-18,[]
TX,67.278292517,273660.884979137,4630646.139542967,1.2,539,12,1,254-16,[]
TX,67.480011409,287987.881602545,4641468.564290075,1.2,224,12,1,173-23,[]
TX,68.149469787,299433.410418125,4630233.384829544,1.2,656,12,1,310-3,[]
TX,68.401458586,295168.797699907,4642726.652896102,1.2,875,9,1,8-21,"[['RX_GW', 68.773223937, 875, 9, 1, 868.1, -129.604264512, '00:00:00:00:00:04']]"
TX,68.779290073,291053.137349926,4644055.957797118,1.2,37,12,1,109-19,[]
TX,68.894221058,293327.546390487,4646933.361663895,1.2,109,12,1,130-11,[]
TX,69.197136837,295851.084109495,4642331.481684634,1.2,620,7,1,287-28,"[['RX_GW', 69.312132465, 620, 7, 1, 868.1, -114.75671841, '00:00:00:00:00:04']]"
TX,69.476832507,287797.487450889,4641469.651335035,1.2,744,12,1,41-12,[]
TX,69.571942875,271737.092729563,4629662.666886277,1.2,611,12,1,28-22,[]
TX,69.897057078,288127.505051658,4643002.288114498,1.2,54,12,1,111-20,[]
TX,70.003241757,299910.315321936,4627843.157634947,1.2,658,12,1,310-6,[]
TX,70.150571384,291990.183843574,4643690.357874033,1.2,231,12,1,175-30,[]
TX,70.872674403,295001.806084515,4642710.452651209,1.2,418,8,1,231-24,"[['RX_GW', 71.080087988, 418, 8, 1, 868.1, -125.48460779, '00:00:00:00:00:04']]"
TX,70.979422834,273658.301928124,4630681.144039798,1.2,747,12,1,42-11,[]
TX,71.455674912,295627.734801903,4645564.450362128,1.2,213,12,1,171-25,[]
TX,72.733649501,291841.917130049,4642545.18897315,1.2,41,12,1,11-29,[]
TX,73.277033851,294064.269676618,4647401.959779179,1.2,740,12,1,40-28,[]
TX,73.3332554,290868.628639287,4638542.881002858,1.2,800,12,1,57-12,[]
TX,73.512693585,290056.318258392,4642389.284211931,1.2,106,11,1,129-8,[]
TX,73.669069102,271672.879771953,4630624.713080999,1.2,352,12,1,22-23,[]
TX,74.601771919,290667.681048359,4642296.232248665,1.2,152,10,1,140-18,[]
TX,74.704478387,293319.223306407,4646840.802864103,1.2,118,12,1,130-28,[]
TX,75.041328861,294331.630396666,4641435.781527246,1.2,753,9,1,45-29,"[['RX_GW', 75.413095037, 753, 9, 1, 868.1, -128.435002016, '00:00:00:00:00:04']]"
TX,75.045830013,304691.991423706,4651099.732167387,1.2,764,12,1,47-19,[]
TX,75.1077171,271612.705137496,4630637.200286753,1.2,510,12,1,241-23,[]
TX,75.628544001,295528.98384753,4637977.528303521,1.2,252,12,1,190-29,[]
TX,75.668311873,294435.267454518,4647481.807482064,1.2,780,12,1,51-6,[]
TX,75.735380931,291938.352328245,4641676.834624289,1.2,127,12,1,137-16,[]
TX,76.713581,294381.193351174,4646281.969796477,1.2,180,12,1,153-4,[]
TX,76.733992332,291728.754436039,4642153.101792804,1.2,129,12,1,137-18,[]
TX,76.988782923,294251.432917727,4629995.441933958,1.2,647,12,1,308-11,[]
TX,77.131093117,292161.639082036,4642180.829869229,1.2,199,12,1,162-27,[]
TX,77.404823037,294114.079060838,4647423.480359751,1.2,642,12,1,3-11,[]
TX,78.344336081,295143.229351867,4642752.221901068,1.2,331,10,1,212-26,"[['RX_GW', 79.003845557, 331, 10, 1, 868.1, -130.156438069, '00:00:00:00:00:04']]"
TX,78.40132164,295585.069731654,4648820.046372606,1.2,899,12,1,96-21,[]
TX,78.904536555,291987.922076242,4643691.807499597,1.2,277,12,1,195-26,[]
TX,78.984655679,290047.515220806,4642387.383824631,1.2,72,11,1,115-22,"[['RX_GW', 80.465414129, 72, 11, 1, 868.1, -133.029500534, '00:00:00:00:00:02']]"
TX,79.076674382,292509.161425291,4630032.945880431,1.2,649,12,1,308-13,[]
TX,79.627945125,291289.652157504,4644946.353559865,1.2,38,12,1,109-20,[]
TX,80.136307088,284674.352979211,4640529.971938956,1.2,540,12,1,254-17,[]
TX,80.190876773,288277.850452906,4642691.279423979,1.2,816,12,1,7-13,[]
TX,80.492717084,287762.510237697,4646186.978498731,1.2,597,12,1,270-8,[]
TX,80.641440552,293783.901633044,4640441.614407566,1.2,275,12,1,195-20,[]
TX,80.802085322,294883.391390565,4642699.337370998,1.2,486,10,1,24-17,[]
TX,81.47201574,292678.011398583,4652805.824600196,1.2,698,12,1,348-21,[]
TX,81.665476292,272273.530601818,4630047.382970147,1.2,712,12,1,358-24,[]
TX,81.777588652,292948.145255238,4641834.37460752,1.2,206,12,1,162-7,[]
TX,81.997764915,290570.438911392,4642273.330806713,1.2,499,8,1,24-30,"[['RX_GW', 82.20517941, 499, 8, 1, 868.1, -126.398655789, '00:00:00:00:00:02']]"
TX,82.096997782,289042.024501935,4637890.01404836,1.2,594,12,1,268-3,[]
TX,82.100340765,295140.212731639,4642755.223976977,1.2,337,10,1,212-8,[]
TX,82.399366362,292522.923418676,4641922.087838325,1.2,443,12,1,235-14,[]
TX,82.642387084,292311.584454065,4642706.746826204,1.2,400,12,1,228-16,[]
TX,82.99294679,279586.736473854,4632579.912160973,1.2,270,12,1,195-10,[]
TX,83.043397677,295990.33869424,4649156.657391244,1.2,901,12,1,97-12,[]
TX,83.481966742,290474.542784213,4640675.617992288,1.2,496,7,1,24-28,"[['RX_GW', 83.59696214, 496, 7, 1, 868.1, -111.80713915, '00:00:00:00:00:02']]"
TX,83.504270568,291509.013679157,4642427.962376554,1.2,808,12,1,60-25,[]
TX,83.5794809,295118.327067925,4642683.712096955,1.2,670,8,1,321-6,"[['RX_GW', 83.786894198, 670, 8, 1, 868.1, -124.527510168, '00:00:00:00:00:04']]"
TX,83.640768052,294381.996771983,4639353.046454581,1.2,251,12,1,190-15,[]
TX,83.671790874,298072.144755209,4631634.003108162,1.2,781,12,1,53-1,[]
TX,84.188416207,291586.514084937,4642128.723025517,1.2,483,11,1,24-14,[]
TX,84.617052227,292685.699825395,4641786.643732,1.2,716,12,1,369-12,[]
TX,84.663107225,295140.116759236,4642723.838830039,1.2,720,9,1,369-16,"[['RX_GW', 85.034872613, 720, 9, 1, 868.1, -129.784203101, '00:00:00:00:00:04']]"
TX,84.719143114,291036.040518613,4641927.294649163,1.2,135,11,1,137-25,[]
TX,85.053681091,291729.434012961,4642150.75230936,1.2,139,12,1,137-29,[]
TX,85.638108968,291103.503718691,4642471.85197706,1.2,605,11,1,273-2,[]
TX,85.859218206,271778.138588851,4630717.798871906,1.2,0,12,1,104-1,[]
TX,86.086995039,292291.337594796,4637744.007555227,1.2,527,12,1,242-8,[]
TX,86.83466908,283420.947768171,4643528.457631796,1.2,588,12,1,264-19,[]
TX,86.896944179,291842.527567497,4642556.703451651,1.2,46,12,1,11-6,[]
TX,87.030243757,295828.289697721,4649011.199035802,1.2,904,12,1,97-26,[]
TX,87.280498061,291698.860563732,4642762.453219228,1.2,91,12,1,124-3,[]
TX,88.262680093,299829.873657689,4630252.808920847,1.2,518,12,1,241-8,[]
TX,88.714931987,289010.479241429,4636143.207058043,1.2,595,12,1,268-5,[]
TX,89.971872608,295157.910208045,4642721.047458663,1.2,872,9,1,8-18,"[['RX_GW', 90.343637959, 872, 9, 1, 868.1, -129.606967907, '00:00:00:00:00:04']]"
TX,90.111397775,291798.210132711,4641615.270584241,1.2,126,12,1,137-14,[]
TX,90.579587789,290396.696057272,4645952.22382709,1.2,304,12,1,200-8,[]
TX,91.240418394,296145.561728303,4640320.445726471,1.2,709,10,1,353-6,"[['RX_GW', 91.899928764, 709, 10, 1, 868.1, -130.873273313, '00:00:00:00:00:04']]"
TX,91.561370912,290693.308050046,4641305.118298872,1.2,249,7,1,178-6,[]
TX,91.562167193,290286.826968348,4643376.697169833,1.2,759,12,1,46-16,[]
TX,92.443755694,279953.585794149,4639770.094543144,1.2,537,12,1,254-1,[]
TX,93.148284585,290074.070204527,4640033.0378355,1.2,239,7,1,178-19,"[['RX_GW', 93.263281022, 239, 7, 1, 868.1, -121.34743494, '00:00:00:00:00:02']]"
TX,93.201988699,293012.183270685,4642219.705127293,1.2,809,12,1,60-26,[]
TX,94.022434218,293428.767205832,4640026.065845159,1.2,575,12,1,260-15,[]
TX,94.237611582,278119.474432377,4632449.031722696,1.2,547,12,1,254-7,[]
TX,95.122748423,295737.288847281,4656921.671772885,1.2,445,12,1,235-25,[]
TX,95.747249483,290858.879015399,4641184.659726148,1.2,551,7,1,257-21,"[['RX_GW', 95.862246134, 551, 7, 1, 868.1, -118.892755372, '00:00:00:00:00:02']]"
TX,95.798114926,292197.154339494,4642161.234887512,1.2,23,12,1,105-12,[]
TX,96.883160446,289314.326737434,4639759.5590518,1.2,48,10,1,110-22,"[['RX_GW', 97.542670347, 48, 10, 1, 868.1, -132.976768872, '00:00:00:00:00:02']]"
TX,97.162881472,293732.174204276,4650696.607015461,1.2,773,12,1,49-11,[]
TX,97.401355989,299072.78226918,4630749.874086483,1.2,375,12,1,222-8,[]
TX,97.501600482,295118.7995173,4642757.187568842,1.2,326,10,1,212-18,"[['RX_GW', 98.161110012, 326, 10, 1, 868.1, -130.407863651, '00:00:00:00:00:04']]"
TX,97.639122793,291590.967259312,4642155.008002105,1.2,478,11,1,24-1,"[['RX_GW', 99.119883169, 478, 11, 1, 868.1, -134.60565013, '00:00:00:00:00:02']]"
TX,98.222455645,272429.790193182,4629789.948770412,1.2,635,12,1,290-6,[]
TX,98.902497364,291762.092131828,4642623.576807017,1.2,44,12,1,11-4,[]
TX,99.237309289,273660.546210713,4630677.460732462,1.2,746,12,1,42-10,[]
TX,100.328611691,292519.25759079,4642915.933250127,1.2,559,12,1,259-12,[]
TX,100.906512161,295525.813684612,4643813.311687018,1.2,572,11,1,260-1,"[['RX_GW', 102.387272721, 572, 11, 1, 868.1, -134.617579535, '00:00:00:00:00:04']]"
TX,101.02873191,282850.262208161,4635085.932196021,1.2,10,12,1,104-25,[]
TX,101.170262518,291642.259329147,4642829.4547465,1.2,603,12,1,273-15,[]
TX,101.360312682,289490.327070611,4641766.58328632,1.2,543,7,1,254-28,[]
TX,101.548237964,271618.214725719,4630638.55715418,1.2,232,12,1,178-10,[]
TX,101.749863676,291828.991604766,4642555.012567411,1.2,457,12,1,236-24,[]
TX,102.790277865,291985.677175583,4643698.629182929,1.2,17,12,1,104-4,[]
TX,102.965956767,304109.065113202,4627053.655841799,1.2,182,12,1,155-2,[]
TX,103.432251702,292215.003205604,4642929.829350475,1.2,40,12,1,11-2,[]
TX,103.812612987,295200.113429835,4645962.523387215,1.2,286,12,1,2-15,[]
TX,103.87712312,292202.780933483,4642153.689585377,1.2,73,12,1,115-23,[]
TX,104.361844693,303257.623769394,4678864.676628104,1.2,147,12,1,140-12,[]
TX,104.367837195,289936.415892435,4641710.450707318,1.2,439,7,1,234-26,[]
TX,104.696286208,294988.207930425,4642692.688393294,1.2,419,8,1,231-25,"[['RX_GW', 104.903699771, 419, 8, 1, 868.1, -125.384294862, '00:00:00:00:00:04']]"
TX,105.673594372,297310.646559627,4646233.402772619,1.2,65,12,1,113-14,[]
TX,105.77730143,293762.287342169,4640461.150045309,1.2,164,12,1,149-1,[]
TX,105.804044452,291580.988446133,4642131.406400115,1.2,492,11,1,24-24,[]
TX,105.898059375,289041.416956711,4636160.094522057,1.2,690,12,1,341-21,[]
TX,105.974072833,295994.942957893,4649163.626278622,1.2,900,12,1,97-11,[]
TX,106.13963338,292964.657727638,4642270.818096735,1.2,34,12,1,106-27,[]
TX,106.43886594,294940.995746854,4646688.193305203,1.2,641,12,1,3-10,[]
TX,106.605604005,298922.126869348,4642875.597145393,1.2,665,12,1,321-24,[]
TX,106.91005926,304613.092120601,4650980.661922997,1.2,766,12,1,47-21,[]
TX,107.198881217,291848.830388419,4642553.46591836,1.2,458,12,1,236-26,[]
TX,107.511437582,290045.928623138,4642396.505001639,1.2,70,11,1,115-20,[]
TX,107.596433158,295148.06846158,4642721.65702911,1.2,873,9,1,8-19,[]
TX,107.796679069,294981.340875636,4643081.220717233,1.2,417,9,1,231-22,[]
TX,107.830927667,291075.800305521,4644035.215631844,1.2,299,12,1,200-23,[]
TX,108.247935123,291086.962732933,4642480.800465632,1.2,295,11,1,200-18,[]
TX,108.329038771,291108.345142997,4647888.189803262,1.2,161,12,1,140-5,[]
TX,108.374743406,295961.098114329,4638066.561710273,1.2,416,12,1,231-14,[]
TX,108.42657577,292194.2982613,4642153.454109651,1.2,578,12,1,260-25,[]
TX,109.635842429,294976.17873315,4642719.29170554,1.2,713,8,1,359-1,"[['RX_GW', 109.843256087, 713, 8, 1, 868.1, -124.021235506, '00:00:00:00:00:04']]"
TX,110.026244536,291984.196593811,4643706.867571765,1.2,20,12,1,104-7,[]
TX,110.056637248,273476.946907638,4630979.904936115,1.2,660,12,1,313-27,[]
TX,110.494715134,287892.618714787,4634472.585831295,1.2,630,12,1,290-1,[]
TX,110.817408713,290785.580500822,4644282.215761149,1.2,887,12,1,80-30,[]
TX,110.835310363,282648.995149836,4661160.774094728,1.2,296,12,1,200-19,[]
TX,110.986615108,295024.785936842,4638743.424456087,1.2,220,12,1,172-4,[]
TX,111.140295005,295134.020326109,4642763.307859966,1.2,334,10,1,212-4,"[['RX_GW', 111.799804528, 334, 10, 1, 868.1, -130.377431239, '00:00:00:00:00:04']]"
TX,111.579314807,292419.327036993,4643503.284487541,1.2,67,12,1,115-17,[]
TX,111.742050443,289304.190907942,4642067.387750293,1.2,75,8,1,115-6,"[['RX_GW', 111.949464368, 75, 8, 1, 868.1, -126.294194816, '00:00:00:00:00:02']]"
TX,112.205013921,291341.013251877,4641135.54491315,1.2,345,10,1,214-30,"[['RX_GW', 112.864524134, 345, 10, 1, 868.1, -130.315262112, '00:00:00:00:00:02']]"
TX,112.481944471,282346.039420712,4632818.36291375,1.2,634,12,1,290-5,[]
TX,113.075357889,291504.632285567,4643026.328728113,1.2,30,12,1,106-23,[]
TX,113.135150617,291845.00671903,4642542.411939391,1.2,573,12,1,260-11,[]
TX,113.516364342,289708.579207076,4638891.998468443,1.2,742,11,1,41-10,[]
TX,113.528489324,304599.556008582,4650966.239987331,1.2,762,12,1,47-17,[]
TX,114.025049497,293784.905125006,4640437.415669564,1.2,274,12,1,195-19,"[['RX_GW', 116.656786691, 274, 12, 1, 868.1, -137.766516379, '00:00:00:00:00:04']]"
TX,114.416969776,295817.202959791,4642256.275382071,1.2,359,7,1,220-24,[]
TX,115.47542273,294924.331980492,4638310.220486601,1.2,253,12,1,190-30,[]
TX,115.716062362,307260.73429623,4643659.381905014,1.2,305,12,1,201-22,[]
TX,115.831426343,289947.616968121,4634413.221385795,1.2,524,12,1,242-23,[]
TX,116.256401217,292391.565466847,4641642.03307171,1.2,868,12,1,79-30,[]
TX,116.285079342,292679.608815891,4641804.084520741,1.2,718,12,1,369-14,[]
TX,116.495519394,290272.701409193,4642144.859170503,1.2,153,8,1,140-19,[]
TX,116.638782611,291490.594166365,4642062.785310558,1.2,130,12,1,137-19,[]
TX,116.802156529,295615.085426976,4645561.772595738,1.2,715,12,1,369-11,[]
TX,117.444827181,295615.880286747,4645569.594552022,1.2,215,12,1,171-27,[]
TX,117.653785173,292190.500491267,4642153.361425497,1.2,11,12,1,104-26,[]
TX,117.783506237,288063.953592555,4634611.161381229,1.2,99,12,1,127-3,[]
TX,117.796466686,287307.754634742,4643943.179385551,1.2,528,12,1,242-9,[]
TX,118.196456712,291064.731586101,4644050.909301527,1.2,566,12,1,259-25,[]
TX,118.213433769,297030.765022922,4649346.444989555,1.2,410,12,1,229-5,[]
TX,119.039372368,294739.207549138,4639022.256197263,1.2,166,12,1,149-19,[]
TX,119.251714694,292198.658071355,4642159.220296348,1.2,4,12,1,104-13,[]
TX,119.662900499,291595.139130664,4642155.883641917,1.2,487,11,1,24-18,[]
TX,120.139465851,294058.359041566,4641105.951429608,1.2,755,10,1,45-6,"[['RX_GW', 120.798977214, 755, 10, 1, 868.1, -132.741028541, '00:00:00:00:00:04']]"
TX,120.434098213,271639.680846509,4630615.953671614,1.2,389,12,1,225-6,[]
TX,120.821380575,294485.481864166,4639813.853675265,1.2,142,12,1,137-4,[]
TX,121.368259481,292527.743085717,4642910.151253865,1.2,702,12,1,351-25,[]
TX,121.457058764,293175.329040905,4640199.850478889,1.2,493,12,1,24-25,[]
TX,122.213949267,293907.968905555,4645369.461661229,1.2,317,12,1,21-14,[]
TX,122.417903892,292730.321769282,4642079.044857085,1.2,35,12,1,106-28,[]
TX,122.474994993,272878.977855395,4629761.918705585,1.2,632,12,1,290-3,[]
TX,122.63600256,293708.258504131,4645354.412649654,1.2,315,12,1,21-12,[]
TX,122.722538729,292270.199875704,4641879.41230396,1.2,176,12,1,150-30,[]
TX,122.7769252,304599.850623575,4650974.293554832,1.2,770,12,1,47-6,[]
TX,122.982557113,291589.953856076,4642159.216459809,1.2,495,11,1,24-27,[]
TX,123.315215657,293322.143161136,4640800.948886751,1.2,79,12,1,119-23,[]
TX,123.40595144,295154.910143981,4642772.150306572,1.2,669,10,1,321-4,[]
TX,123.99693236,291446.500717421,4641308.706819475,1.2,122,11,1,137-10,[]
TX,124.296686973,303563.477090844,4638203.809577572,1.2,830,12,1,70-19,[]
TX,124.761263479,292450.404221788,4639740.721124712,1.2,386,12,1,225-3,[]
TX,125.003088871,290059.296233887,4635381.713040272,1.2,233,12,1,178-11,[]
TX,125.167209407,294059.795549289,4650289.940976698,1.2,739,12,1,40-27,[]
TX,125.281001431,289718.01878135,4647153.393089624,1.2,591,12,1,266-11,[]
TX,125.670266044,289146.431201533,4637197.823536769,1.2,688,12,1,341-19,[]
TX,125.692668148,290444.822086487,4635428.346381193,1.2,21,12,1,105-1,[]
TX,125.941296712,290978.907175895,4640936.295682627,1.2,894,7,1,91-19,"[['RX_GW', 126.056293627, 894, 7, 1, 868.1, -121.830898926, '00:00:00:00:00:02']]"
TX,126.417606206,288334.913486093,4638724.865147009,1.2,743,12,1,41-11,[]
TX,126.570999582,271769.323128401,4630737.308042711,1.2,506,12,1,241-19,[]
TX,126.760699592,283214.281944462,4633453.829359955,1.2,529,12,1,250-3,[]
TX,126.822186303,290627.242692778,4646601.151102937,1.2,846,12,1,71-29,[]
TX,127.001013517,293484.113083882,4641297.967356969,1.2,752,12,1,45-2,"[['RX_GW', 129.632750566, 752, 12, 1, 868.1, -135.808491668, '00:00:00:00:00:04']]"
TX,127.098861973,289324.651936432,4639766.554386707,1.2,207,10,1,169-10,[]
TX,127.46814301,287259.231701452,4641551.094541721,1.2,538,12,1,254-15,[]
TX,127.8904523,289053.823607322,4639079.691979154,1.2,686,11,1,341-17,[]
TX,127.94409781,291520.13953315,4639826.15774213,1.2,16,12,1,104-30,[]
TX,127.989272778,287899.451582151,4629598.780989834,1.2,511,12,1,241-25,[]
TX,128.329406374,292185.947380051,4642181.523179285,1.2,623,12,1,288-12,[]
TX,128.444941694,288214.499795964,4639149.196468521,1.2,861,12,1,79-10,[]
TX,128.785438506,306598.036579921,4684630.39234435,1.2,444,12,1,235-22,[]
TX,129.328530188,307074.48855155,4640262.25926278,1.2,877,12,1,8-4,[]
TX,129.558624547,289831.240878956,4638516.347003202,1.2,596,12,1,268-6,[]
TX,130.20441243,294119.751672191,4647404.58216262,1.2,736,12,1,40-24,[]
TX,131.737442687,292682.868231627,4641802.652837698,1.2,672,12,1,322-24,[]
TX,131.756461715,291126.4016833,4641236.740504271,1.2,504,9,1,241-17,[]
TX,131.859536079,290271.582677103,4636454.361295122,1.2,667,12,1,321-27,[]
TX,132.446886866,295913.797754863,4637561.458612097,1.2,423,12,1,231-8,[]
TX,132.5937733,295623.829844972,4645552.760856326,1.2,216,12,1,171-28,[]
TX,133.185961004,290475.511676249,4644961.831383062,1.2,160,12,1,140-30,[]
TX,134.544914352,292197.041858743,4642155.150146677,1.2,27,12,1,105-16,[]
TX,135.30399798,295958.377399016,4642545.408310843,1.2,621,8,1,287-8,"[['RX_GW', 135.5114104, 621, 8, 1, 868.1, -124.098111747, '00:00:00:00:00:04']]"
TX,136.062905448,291834.927886363,4642547.604790634,1.2,451,12,1,236-18,[]
TX,136.166270804,291520.13740065,4642074.951952031,1.2,482,12,1,24-13,[]
TX,136.810044515,291034.576185287,4640406.23995275,1.2,891,8,1,91-15,[]
TX,136.9280555,300353.951374419,4627470.375617371,1.2,853,12,1,72-20,[]
TX,137.16119738,272469.918612258,4629571.338517128,1.2,205,12,1,162-6,[]
TX,137.387296924,291733.156627439,4642151.316162335,1.2,140,12,1,137-3,[]
TX,137.45246832,292503.608709299,4642917.725451809,1.2,211,12,1,171-23,[]
TX,137.859648413,296029.559515458,4639419.254158608,1.2,870,12,1,8-16,[]
TX,138.253388962,271614.948070872,4630647.213425809,1.2,472,12,1,238-3,[]
TX,139.015905329,292684.840204132,4641805.619159986,1.2,724,12,1,369-27,[]
TX,139.514547567,283529.031982277,4633287.493394335,1.2,640,12,1,294-5,[]
TX,140.221162714,291092.291510254,4643692.449103813,1.2,303,12,1,200-6,[]
TX,140.569292227,295860.725938019,4642335.573378257,1.2,619,7,1,287-14,"[['RX_GW', 140.684287876, 619, 7, 1, 868.1, -114.937393579, '00:00:00:00:00:04']]"
TX,140.833750505,294995.456774476,4642702.267062104,1.2,413,8,1,231-11,"[['RX_GW', 141.04116408, 413, 8, 1, 868.1, -125.438480737, '00:00:00:00:00:04']]"
TX,140.835793664,292206.006812273,4642164.916106714,1.2,395,12,1,228-1,[]
TX,142.119868882,292868.182821691,4641898.648987737,1.2,241,12,1,178-25,[]
TX,142.134452765,290566.393763377,4639237.841301084,1.2,366,11,1,222-19,[]
TX,142.456250109,291098.992645171,4642460.344154842,1.2,782,11,1,53-11,[]
TX,142.546784656,288821.354089235,4645579.054245547,1.2,279,12,1,195-28,[]
TX,142.58640766,294138.038496675,4647406.700651691,1.2,774,12,1,51-15,[]
TX,142.636716963,280312.547380044,4632631.743873233,1.2,636,12,1,290-7,[]
TX,143.079408249,294886.793332045,4645803.172249156,1.2,178,12,1,153-29,[]
TX,143.883542792,295577.976570359,4647051.469185899,1.2,394,12,1,226-11,[]
TX,145.150080973,273409.61354892,4630060.314806934,1.2,533,12,1,253-19,[]
TX,145.347896831,283142.049082296,4646076.670460923,1.2,788,12,1,53-18,[]
TX,146.636026864,292650.216755679,4641800.033107035,1.2,1,12,1,104-10,"[['RX_GW', 149.267765861, 1, 12, 1, 868.1, -141.506536738, '00:00:00:00:00:02'], ['RX_GW', 149.267766575, 1, 12, 1, 868.1, -140.460265996, '00:00:00:00:00:04']]"
TX,146.79105541,283229.58612513,4633247.737533092,1.2,546,12,1,254-6,[]
TX,146.949442933,291250.466620325,4630276.921421657,1.2,651,12,1,308-24,[]
TX,147.294664554,287958.76348279,4629799.334666519,1.2,512,12,1,241-26,[]
TX,147.568745886,290412.449419169,4633021.356560593,1.2,193,12,1,162-17,[]
TX,148.158601046,300228.153661598,4631544.388402331,1.2,646,12,1,308-10,[]
TX,148.253392273,282692.783800127,4635671.53950052,1.2,520,12,1,242-18,[]
TX,148.543683089,290050.359182978,4642390.233505076,1.2,68,11,1,115-18,[]
TX,148.957808567,291990.496081178,4643700.860569239,1.2,96,12,1,124-7,[]
TX,149.12724337,301509.104416437,4649077.883362789,1.2,61,12,1,113-10,[]
TX,149.582049998,292132.843218985,4641361.875385369,1.2,693,12,1,348-14,[]
TX,150.056432423,292492.297016776,4637205.217591904,1.2,810,12,1,60-27,[]
TX,150.087759019,291837.827782444,4642562.487158246,1.2,674,12,1,322-26,[]
TX,150.101858848,288196.884342758,4643897.578504073,1.2,242,12,1,178-26,[]
TX,151.778728438,272452.995761223,4629637.514040356,1.2,219,12,1,172-30,[]
TX,152.832229712,292523.00300884,4642923.165773498,1.2,599,12,1,273-11,[]
TX,152.9978453,291597.309560419,4642161.4376992,1.2,494,11,1,24-26,"[['RX_GW', 154.478605706, 494, 11, 1, 868.1, -134.68655284, '00:00:00:00:00:02']]"
TX,153.483627812,291523.74510907,4642436.699016453,1.2,196,12,1,162-20,[]
TX,153.491318068,291508.062583573,4642437.206307497,1.2,807,12,1,60-13,[]
TX,153.869915382,297998.912813201,4636503.683564527,1.2,682,12,1,332-26,[]
TX,153.893626879,293344.74476467,4646889.494731366,1.2,741,12,1,40-9,[]
TX,154.579725431,295869.108085736,4649079.863041057,1.2,905,12,1,97-27,[]
TX,155.77685181,291689.823291213,4642765.530381043,1.2,94,12,1,124-5,[]
TX,155.938005432,271624.553542777,4630641.608858708,1.2,470,12,1,238-22,[]
TX,156.033379341,292700.837474734,4641718.424068595,1.2,428,12,1,232-27,[]
TX,157.20499833,292695.859567187,4641808.701462085,1.2,719,12,1,369-15,[]
TX,157.32877865,294404.148664555,4639991.450811306,1.2,202,12,1,162-30,[]
TX,157.34677781,295627.047415742,4642127.161209076,1.2,801,7,1,58-3,[]
TX,157.570342597,302395.682773216,4639522.02914251,1.2,2,12,1,104-11,[]
TX,157.831743715,295081.723589235,4637823.642525237,1.2,793,12,1,53-24,[]
TX,157.860349685,289750.032474962,4644465.451077314,1.2,378,12,1,223-23,[]
TX,157.887322581,289841.682698561,4638779.691565243,1.2,553,12,1,257-25,[]
TX,157.973366942,271609.031439634,4630654.236387241,1.2,526,12,1,242-7,[]
TX,159.311701505,292293.713117639,4652554.740107762,1.2,97,12,1,125-28,[]
TX,159.501816978,286212.099675318,4614127.975287278,1.2,639,12,1,291-6,[]
TX,159.908912903,294357.451748709,4638962.910921309,1.2,711,12,1,357-20,[]
TX,160.123511707,273581.942644462,4630173.919880864,1.2,509,12,1,241-22,[]
TX,160.334666736,293693.337669448,4650696.642099378,1.2,772,12,1,49-10,[]
TX,160.64131358,292741.489669523,4641686.581810014,1.2,622,12,1,288-10,[]
TX,160.837940954,297690.803097338,4641562.484735116,1.2,751,12,1,42-23,[]
TX,161.019810031,296023.212284072,4647526.019362753,1.2,776,12,1,51-17,[]
TX,161.43900677,290378.119214862,4639173.88101144,1.2,855,12,1,73-2,[]
TX,161.94295615,284348.248914453,4632990.621864941,1.2,381,12,1,223-26,[]
TX,162.446489648,292182.715930385,4642136.656261401,1.2,465,12,1,236-8,[]
TX,162.543838612,293317.257865586,4646846.324828833,1.2,115,12,1,130-25,[]
TX,162.755805918,285878.602600148,4641433.375701074,1.2,544,12,1,254-29,[]
TX,162.827896505,291824.526242215,4641058.379849892,1.2,437,11,1,234-24,[]
TX,163.213969778,291833.037826175,4642541.475800696,1.2,795,12,1,53-27,[]
TX,163.43923197,291985.28832249,4643691.084981262,1.2,84,12,1,124-16,[]
TX,163.551075411,304610.539606148,4650978.47695331,1.2,763,12,1,47-18,[]
TX,163.614686027,290318.46518568,4655885.169860478,1.2,664,12,1,318-16,[]
TX,163.717219548,282559.775074608,4644046.155497094,1.2,589,12,1,264-21,[]
TX,163.933088769,272528.898740584,4629598.468180378,1.2,514,12,1,241-4,[]
TX,164.064352383,279200.778880874,4632525.945837939,1.2,455,12,1,236-22,[]
TX,164.496128264,291985.87312969,4642983.234381196,1.2,57,12,1,111-23,[]
TX,165.391991008,292296.852791971,4642302.490795217,1.2,3,12,1,104-12,[]
TX,165.765433241,302782.682097532,4648615.124894151,1.2,63,12,1,113-12,[]
TX,166.350137721,291843.510593075,4642547.873677982,1.2,42,12,1,11-3,[]
TX,166.384759104,271645.667175748,4630648.601218416,1.2,677,12,1,322-30,[]
TX,166.510804284,290071.176074849,4642398.035080527,1.2,227,11,1,173-27,[]
TX,166.551551232,289321.647127148,4639763.048231495,1.2,49,10,1,110-24,[]
TX,167.268854144,303018.701864057,4640603.296242746,1.2,880,12,1,8-7,[]
TX,167.525298135,273659.753824395,4630677.697290689,1.2,749,12,1,42-13,[]
TX,167.711961591,301799.185758485,4643624.633559165,1.2,834,12,1,70-5,[]
TX,167.925488839,295335.386274317,4653414.695241948,1.2,158,12,1,140-29,[]
TX,168.273014994,284473.351939105,4632917.907711486,1.2,811,12,1,60-8,[]
TX,168.869090295,301421.009444507,4632278.992125202,1.2,650,12,1,308-14,[]
TX,169.092622322,286516.088500314,4641987.966363492,1.2,76,12,1,115-8,[]
TX,169.857155026,291608.950579136,4642167.218808161,1.2,503,12,1,24-7,[]
TX,169.995413128,286863.615136022,4641684.767318773,1.2,583,12,1,261-10,[]
TX,170.015596403,291419.760995714,4642034.800447185,1.2,447,12,1,236-10,[]
TX,170.101290331,292722.684184341,4641735.139692248,1.2,890,12,1,82-7,[]
TX,171.048567601,292676.771482284,4641812.225513044,1.2,311,12,1,203-9,[]
TX,171.117712718,293710.460495299,4645350.714414159,1.2,508,12,1,241-21,[]
TX,171.17633666,294398.682261236,4643078.703526576,1.2,243,12,1,178-27,[]
TX,171.551776021,288991.696428178,4641820.201445298,1.2,225,9,1,173-25,[]
TX,172.163780292,290204.445996177,4640199.165828479,1.2,571,7,1,259-30,[]
TX,172.249084182,295839.076877866,4642279.008666469,1.2,618,7,1,287-12,[]
TX,172.680376986,285210.35795596,4640803.103530338,1.2,291,12,1,2-29,[]
TX,172.979686031,292693.406621528,4641795.805080378,1.2,725,12,1,369-28,[]
TX,173.230994849,293770.966396172,4646925.895124811,1.2,704,12,1,351-27,[]
TX,173.370885537,291724.745068979,4642807.62205147,1.2,47,12,1,11-7,[]
TX,174.49786132,293415.22229608,4649051.396053032,1.2,110,12,1,130-12,[]
TX,174.525841861,290642.135626945,4646618.950208638,1.2,843,12,1,71-2,[]
TX,174.809040958,292192.491153592,4642150.716204206,1.2,203,12,1,162-4,[]
TX,175.30537461,288368.416241796,4641317.298448516,1.2,288,10,1,2-2,[]
TX,175.913320013,291270.639907208,4642805.558501975,1.2,59,12,1,111-8,[]
TX,176.064954307,290184.046741016,4635299.026894205,1.2,580,12,1,260-27,[]
TX,176.550323172,304516.372878585,4650178.912027751,1.2,768,12,1,47-4,[]
TX,176.574369945,291850.511751829,4642541.011126066,1.2,449,12,1,236-14,[]
TX,176.824363781,283766.750774139,4632938.753969747,1.2,379,12,1,223-24,[]
TX,176.833858103,299227.186031462,4639070.922036129,1.2,659,12,1,311-17,[]
TX,176.899021886,286380.293495534,4640681.468085816,1.2,579,12,1,260-26,[]
TX,177.166897256,297078.552606633,4639918.544449402,1.2,728,12,1,369-6,[]
TX,178.124385152,293481.041766969,4645887.13777896,1.2,888,12,1,81-24,[]
TX,178.832172857,295629.385776388,4645543.521412567,1.2,214,12,1,171-26,[]
TX,178.948550769,292692.276561653,4643667.698076344,1.2,569,12,1,259-28,[]
TX,178.980926081,292204.060158006,4642157.735366975,1.2,399,12,1,228-15,[]
TX,179.363580585,287773.091074701,4639516.093672377,1.2,50,12,1,110-25,[]
TX,179.549242403,276006.900918383,4626453.723527398,1.2,525,12,1,242-6,[]
TX,179.985177455,306489.888574474,4640287.29579156,1.2,879,12,1,8-6,[]
TX,180.294490792,271655.684708802,4630614.47079542,1.2,346,12,1,22-17,[]
TX,180.765825835,292206.18374579,4642167.214224262,1.2,289,12,1,2-22,[]
TX,180.824885985,293323.841653859,4644824.815387576,1.2,230,12,1,175-29,[]
TX,181.030700903,293634.043808625,4639346.120538878,1.2,859,12,1,76-27,[]
TX,181.326147009,291840.709316147,4642558.815771424,1.2,39,12,1,11-1,[]
TX,181.544581582,295358.258060701,4638472.050812018,1.2,175,12,1,150-29,[]
TX,182.058100651,300026.715639855,4642805.082741261,1.2,827,12,1,70-1,[]
TX,182.696649851,288386.059825327,4637093.26495348,1.2,24,12,1,105-13,[]
TX,183.956237617,294141.274090313,4647411.460301376,1.2,643,12,1,3-12,[]
TX,183.983291678,292781.653283022,4642159.732838274,1.2,32,12,1,106-25,[]
TX,184.304580519,289719.866975403,4641870.718949237,1.2,228,7,1,173-28,"[['RX_GW', 184.419577307, 228, 7, 1, 868.1, -123.570613373, '00:00:00:00:00:02']]"
TX,185.647244405,291160.946644136,4641959.042650757,1.2,245,10,1,178-3,"[['RX_GW', 186.306755265, 245, 10, 1, 868.1, -131.39928842, '00:00:00:00:00:02']]"
TX,186.191413651,293360.543862227,4649512.525163728,1.2,112,12,1,130-14,[]
TX,186.667472176,289581.662154247,4645188.876358542,1.2,497,12,1,24-29,[]
TX,186.774140491,290090.124805491,4635391.991347111,1.2,532,12,1,253-17,[]
TX,187.790642366,301722.355630797,4643562.564812467,1.2,803,12,1,58-5,[]
TX,187.98027588,291094.044674628,4642462.890146473,1.2,786,11,1,53-15,"[['RX_GW', 189.461035821, 786, 11, 1, 868.1, -134.614696032, '00:00:00:00:00:02']]"
TX,188.332797929,296080.951764174,4640254.795143212,1.2,707,10,1,353-1,"[['RX_GW', 188.99230845, 707, 10, 1, 868.1, -130.686223105, '00:00:00:00:00:04']]"
TX,188.337890285,302252.139982678,4642767.340183779,1.2,358,12,1,220-23,[]
TX,188.439663987,292801.29457582,4641214.766854445,1.2,722,12,1,369-25,[]
TX,188.507398778,289945.791101254,4634414.961758885,1.2,606,12,1,273-24,[]
TX,188.964542421,292217.047804321,4639454.289419231,1.2,102,12,1,129-4,[]
TX,189.06647503,287416.614829884,4641608.775716327,1.2,321,12,1,211-13,[]
TX,189.113431641,291731.763731028,4642145.698984602,1.2,145,12,1,137-7,[]
TX,189.222431103,282297.796635441,4644616.846530192,1.2,683,12,1,334-15,[]
TX,189.379425065,294987.9262303,4642702.187553515,1.2,414,8,1,231-12,"[['RX_GW', 189.586838654, 414, 8, 1, 868.1, -125.504366575, '00:00:00:00:00:04']]"
TX,189.439264243,295861.864236052,4642319.18350784,1.2,616,7,1,287-10,[]
TX,189.474354663,291847.94015936,4642559.755662375,1.2,45,12,1,11-5,[]
TX,189.693805262,300136.48144723,4629289.857466117,1.2,852,12,1,72-1,[]
TX,189.703518631,289918.822656261,4638774.405855514,1.2,348,12,1,22-19,[]
TX,189.937235719,295134.238463628,4642728.510775348,1.2,333,9,1,212-29,"[['RX_GW', 190.30900113, 333, 9, 1, 868.1, -129.895298801, '00:00:00:00:00:04']]"
TX,190.167989664,276327.426034445,4631877.815872353,1.2,380,12,1,223-25,[]
TX,190.212341529,289313.308521576,4639774.972479286,1.2,209,10,1,169-14,[]
TX,190.398602304,294308.548520533,4639006.815807177,1.2,710,12,1,357-17,[]
TX,190.425267235,299468.306594338,4658619.532378014,1.2,353,12,1,220-17,[]
TX,190.699908269,293269.898818393,4640227.921553904,1.2,307,12,1,203-3,[]
TX,191.007031483,292248.788231242,4639485.845658368,1.2,721,12,1,369-24,[]
TX,191.210914373,291281.435462282,4642389.880779335,1.2,534,11,1,253-20,[]
TX,191.432219189,271861.406279553,4630368.800579897,1.2,268,12,1,194-8,[]
TX,191.494147766,290050.371215694,4642393.383994776,1.2,69,11,1,115-19,[]
TX,191.662097504,292816.525692254,4646168.146189847,1.2,867,12,1,79-29,[]
TX,191.683443977,293830.049426162,4639975.855737067,1.2,6,12,1,104-15,[]
TX,191.96210148,301225.399547898,4643270.143537071,1.2,831,12,1,70-2,[]
TX,192.35351165,291291.112113186,4641953.523381443,1.2,625,11,1,288-15,[]
TX,192.746987401,290642.592997936,4646625.865104021,1.2,839,12,1,71-16,[]
TX,192.883435711,294884.643908327,4637147.422709085,1.2,192,12,1,162-13,[]
TX,193.125617892,295871.925875607,4648484.77262144,1.2,560,12,1,259-13,[]
TX,194.547286458,285111.550508385,4642466.098429788,1.2,259,12,1,193-5,[]
TX,194.590688723,291998.836265964,4643690.782285085,1.2,813,12,1,7-10,[]
TX,194.664012778,282664.834433653,4661532.031656841,1.2,848,12,1,71-30,[]
TX,194.671737121,292373.89074574,4641509.109288501,1.2,408,12,1,228-8,[]
TX,194.803602834,291422.748499104,4642036.375416675,1.2,758,12,1,46-15,[]
TX,194.963376585,286060.583765011,4641558.898863796,1.2,322,12,1,211-14,[]
TX,195.413011998,291038.326446749,4641922.777544208,1.2,136,11,1,137-26,[]
TX,195.763683253,273660.69325923,4630683.023675856,1.2,748,12,1,42-12,[]
TX,195.793638989,293056.904098441,4642614.615943496,1.2,415,12,1,231-13,[]
TX,196.002423266,294129.56294688,4647407.748469935,1.2,898,12,1,96-19,[]
TX,196.407158428,292749.185997497,4641869.452948867,1.2,784,12,1,53-13,[]
TX,197.033152515,292198.150180822,4642155.961926963,1.2,735,12,1,40-19,[]
TX,197.246665513,292188.169925425,4642141.473317376,1.2,398,12,1,228-14,[]
TX,197.38592211,292890.370523339,4640461.347443372,1.2,342,12,1,214-27,[]
TX,197.437969261,283244.111863354,4633182.360408754,1.2,446,12,1,235-29,[]
TX,198.036848518,281085.740993856,4640201.134625389,1.2,545,12,1,254-3,[]
TX,198.674357804,290732.411904557,4642894.611807617,1.2,201,12,1,162-3,[]
TX,198.880097355,271901.157318893,4630668.000640763,1.2,22,12,1,105-10,[]
TX,199.247962479,292526.153991334,4642917.549195992,1.2,785,12,1,53-14,[]
TX,200.221164558,292453.116723498,4641526.958294814,1.2,485,12,1,24-16,[]
TX,200.294315805,271624.683633866,4630616.704762253,1.2,675,12,1,322-27,[]
TX,200.773797082,291093.239958127,4641217.202930198,1.2,390,7,1,225-7,[]
TX,200.922520549,289121.506250401,4639505.904122724,1.2,282,10,1,198-22,[]
TX,200.934362922,290274.321989738,4636414.009236305,1.2,896,12,1,91-29,[]
TX,201.371018398,291273.622982151,4642371.687046329,1.2,248,9,1,178-5,[]
TX,201.379421606,294736.45512345,4642509.476734135,1.2,306,10,1,202-26,[]
TX,201.414068693,300562.86651817,4636326.716073668,1.2,14,12,1,104-29,[]
TX,202.108717136,297706.221945104,4641956.071429743,1.2,756,12,1,45-7,[]
TX,202.517727767,291588.589582939,4642150.839477938,1.2,498,11,1,24-3,[]
TX,202.73939978,286112.554671049,4632017.545292169,1.2,523,12,1,242-22,[]
TX,202.848298031,290515.357831036,4637390.875689923,1.2,293,12,1,2-8,[]
TX,202.971158436,291843.182947119,4642555.982522795,1.2,464,12,1,236-7,[]
TX,203.146733612,295076.829489829,4642853.176754735,1.2,327,8,1,212-20,"[['RX_GW', 203.35414747, 327, 8, 1, 868.1, -126.816411891, '00:00:00:00:00:04']]"
TX,203.467080258,299836.242295481,4630247.354782062,1.2,598,12,1,273-10,[]
TX,203.647873867,291794.798284011,4640454.094073552,1.2,548,12,1,257-14,[]
TX,204.22626377,293621.246324405,4650339.83132437,1.2,629,12,1,29-11,[]
TX,205.553594151,291120.342701059,4641121.77935051,1.2,433,9,1,234-10,[]
TX,205.759074771,295108.080068965,4642752.329528688,1.2,336,10,1,212-7,"[['RX_GW', 206.418584304, 336, 10, 1, 868.1, -130.423937502, '00:00:00:00:00:04']]"
TX,206.009934109,271627.050969763,4630656.602217528,1.2,476,12,1,238-8,[]
TX,206.037132408,290408.209734019,4641792.902373224,1.2,221,7,1,172-5,"[['RX_GW', 206.152129215, 221, 7, 1, 868.1, -123.128257286, '00:00:00:00:00:02']]"
TX,206.211170761,295869.125937199,4649079.906979935,1.2,906,12,1,97-28,[]
TX,206.481400469,303254.742897198,4678855.428772617,1.2,148,12,1,140-13,[]
TX,206.831276351,293495.423760215,4640664.776398146,1.2,171,12,1,150-18,[]
TX,207.063461437,295132.796570401,4642768.331621316,1.2,7,10,1,104-16,[]
TX,207.096539711,290659.749065015,4646584.188159783,1.2,850,12,1,71-6,[]
TX,207.461283694,291990.925913327,4643701.875442985,1.2,229,12,1,175-15,[]
TX,207.650876206,299223.846603221,4636309.880016735,1.2,680,12,1,332-24,[]
TX,207.807290629,296555.167884162,4640738.392058109,1.2,186,7,1,157-17,[]
TX,207.941016985,281875.215339898,4632780.899535119,1.2,799,12,1,57-11,[]
TX,208.316048777,295759.199902383,4642547.108559337,1.2,362,7,1,220-28,[]
TX,208.779275935,291975.706929493,4643689.409535297,1.2,15,12,1,104-3,[]
TX,208.864126085,291817.657975941,4642558.864482276,1.2,463,12,1,236-6,[]
TX,209.112219534,291985.691291744,4643686.738308031,1.2,18,12,1,104-5,[]
TX,209.163530125,290806.733530031,4638542.855268941,1.2,857,12,1,73-30,[]
TX,209.28716914,291792.605647091,4641617.175000543,1.2,198,12,1,162-24,[]
TX,209.530682857,295820.198542529,4642262.118395857,1.2,357,7,1,220-22,"[['RX_GW', 209.645678237, 357, 7, 1, 868.1, -113.54152176, '00:00:00:00:00:04']]"
TX,210.210368974,291300.962592401,4636326.360850789,1.2,435,12,1,234-14,[]
TX,210.609597015,294848.792777526,4640635.693040949,1.2,402,9,1,228-2,"[['RX_GW', 210.981363096, 402, 9, 1, 868.1, -128.311260607, '00:00:00:00:00:04']]"
TX,210.631037645,291048.91246135,4651272.469455716,1.2,847,12,1,71-3,[]
TX,210.698634205,291085.348109876,4642458.256619484,1.2,5,11,1,104-14,[]
TX,210.870561925,294087.366778794,4645645.117047497,1.2,582,12,1,260-29,[]
TX,211.356416801,304600.018012082,4650973.592014784,1.2,765,12,1,47-20,[]
TX,212.429197012,285947.248726415,4641489.802864049,1.2,577,12,1,260-24,[]
TX,212.622104917,296203.350912619,4630490.975306053,1.2,652,12,1,308-25,[]
TX,212.713605897,298026.467061083,4632529.920070904,1.2,601,12,1,273-13,[]
TX,213.341922051,291732.805388929,4642171.026940457,1.2,200,12,1,162-29,[]
TX,213.372790017,297159.151764326,4639828.158082264,1.2,729,12,1,369-7,[]
TX,213.731867483,294528.33716594,4644417.194276935,1.2,516,12,1,241-6,[]
TX,214.141442217,292194.288215531,4642154.973875022,1.2,794,12,1,53-25,[]
TX,214.227122873,292686.901851748,4641802.131348145,1.2,517,12,1,241-7,[]
TX,214.463296557,313689.569952889,4643511.867846113,1.2,878,12,1,8-5,[]
TX,214.491176724,292493.065790196,4641929.860157957,1.2,272,12,1,195-14,[]
TX,214.854547891,292517.784499617,4642898.081649752,1.2,405,12,1,228-28,[]
TX,215.909520888,292583.579415891,4641362.200311533,1.2,101,12,1,129-3,[]
TX,216.089904761,291502.838291074,4642064.830359663,1.2,92,12,1,124-30,[]
TX,216.496448738,295414.764476463,4641791.629672585,1.2,360,7,1,220-25,"[['RX_GW', 216.611443233, 360, 7, 1, 868.1, -99.663192253, '00:00:00:00:00:04']]"
TX,217.149646432,292111.553184479,4649345.389143996,1.2,662,12,1,317-18,[]
TX,217.41672636,282971.446725337,4634416.230190409,1.2,240,12,1,178-24,[]
TX,217.874410007,303995.77093213,4637723.426041798,1.2,828,12,1,70-17,[]
TX,218.158574699,294029.043475915,4639873.761141803,1.2,170,12,1,150-17,[]
TX,218.572577033,290867.410083159,4642260.994657244,1.2,318,10,1,211-10,[]
TX,218.631689919,285728.307659889,4633894.997269786,1.2,745,12,1,41-8,[]
TX,218.636421225,293321.68443585,4642689.545298484,1.2,427,12,1,232-26,[]
TX,218.803654799,292198.990042112,4642158.035106427,1.2,128,12,1,137-17,[]
TX,219.076264129,284370.688425341,4631957.232514421,1.2,822,12,1,7-26,[]
TX,219.243791979,292675.516787608,4641791.752016997,1.2,53,12,1,111-19,[]
TX,219.415014711,291642.012135492,4640990.034606892,1.2,726,10,1,369-29,[]
TX,219.510026033,297918.98449194,4632706.240023891,1.2,657,12,1,310-4,[]
TX,219.943649356,291838.085013528,4642548.945733191,1.2,454,12,1,236-21,[]
TX,220.217557532,291823.754452583,4641605.552572514,1.2,895,12,1,91-21,[]
TX,220.28431653,291605.2591628,4642156.287699958,1.2,481,11,1,24-12,[]
TX,220.838834702,294393.134386593,4640318.282092282,1.2,347,12,1,22-18,[]
TX,221.051909327,291822.560677763,4642549.877791989,1.2,459,12,1,236-27,[]
TX,221.11978242,293425.708983033,4641190.183222859,1.2,754,12,1,45-30,[]
TX,221.239935401,293543.993729194,4642748.178897933,1.2,265,12,1,194-14,[]
TX,221.85659973,303250.811397535,4678855.206015632,1.2,156,12,1,140-27,[]
TX,222.432952831,281005.854796898,4623926.162190955,1.2,760,12,1,46-18,[]
TX,222.465275338,282642.169624639,4659851.915099008,1.2,298,12,1,200-22,[]
TX,223.189662705,282728.421160725,4635540.672998014,1.2,615,12,1,281-16,[]
TX,223.256107731,291964.936232581,4642028.704496959,1.2,862,12,1,79-16,[]
TX,223.90428229,271630.738254099,4630629.63684267,1.2,471,12,1,238-23,[]
TX,224.477134479,292530.042128011,4642918.262589599,1.2,556,12,1,259-1,[]
TX,224.492575622,290086.055698913,4635412.534571439,1.2,885,12,1,80-27,[]
TX,224.514519236,291064.588445304,4644027.047242619,1.2,691,12,1,348-10,[]
TX,225.516314922,292249.028146427,4642100.144032252,1.2,344,12,1,214-29,[]
TX,225.672135348,293363.761438718,4649616.013727848,1.2,113,12,1,130-22,[]
TX,227.075761727,289637.975732514,4641961.583993772,1.2,78,7,1,119-22,"[['RX_GW', 227.190758879, 78, 7, 1, 868.1, -123.838515738, '00:00:00:00:00:02']]"
TX,227.697974667,292197.821999113,4642154.060310099,1.2,797,12,1,53-29,[]
TX,227.832943361,291840.981570861,4642559.2720314,1.2,717,12,1,369-13,[]
TX,228.054767785,291843.271030986,4642417.654426556,1.2,883,12,1,80-16,[]
TX,228.316437613,295164.630444676,4642737.796468612,1.2,871,9,1,8-17,"[['RX_GW', 228.688203003, 871, 9, 1, 868.1, -129.794615652, '00:00:00:00:00:04']]"
TX,228.428359216,298125.701787655,4632348.523713509,1.2,723,12,1,369-26,[]
TX,228.859195276,289703.701281337,4647157.354284699,1.2,590,12,1,266-10,[]
TX,228.875234258,291100.613513373,4639344.905457855,1.2,85,12,1,124-18,[]
TX,228.98631809,292199.319132072,4642150.317755722,1.2,271,12,1,195-13,[]
TX,229.147868664,301680.79320394,4632495.002163546,1.2,100,12,1,129-22,[]
TX,230.424445711,288187.520088206,4643920.016636156,1.2,236,12,1,178-14,[]
TX,230.916241121,292664.09134421,4643705.078137115,1.2,561,12,1,259-14,"[['RX_GW', 233.547982775, 561, 12, 1, 868.1, -141.193260386, '00:00:00:00:00:04']]"
TX,230.956392185,290762.860720157,4641518.83531471,1.2,730,7,1,371-27,[]
TX,231.196207666,304606.153405568,4650970.284371096,1.2,771,12,1,47-7,[]
TX,231.5425306,289351.489974988,4635271.872727881,1.2,474,12,1,238-5,[]
TX,231.566980333,273692.368540009,4630638.653788271,1.2,223,12,1,172-7,[]
TX,231.928953887,289828.24505554,4638797.255543229,1.2,549,12,1,257-18,[]
TX,232.126355469,287861.172934951,4643242.737945896,1.2,614,12,1,281-15,[]
TX,232.548934447,304606.25818162,4650966.81014255,1.2,769,12,1,47-5,[]
TX,233.241607694,291272.914094256,4642388.150026454,1.2,535,11,1,253-21,"[['RX_GW', 234.722367818, 535, 11, 1, 868.1, -134.027618876, '00:00:00:00:00:02']]"
TX,233.602948973,294112.401136274,4647414.726722814,1.2,645,12,1,3-14,[]
TX,233.833983921,295149.848000404,4642749.541718786,1.2,329,10,1,212-22,"[['RX_GW', 234.493493379, 329, 10, 1, 868.1, -130.069944377, '00:00:00:00:00:04']]"
TX,235.007407814,291508.479900959,4642442.723796579,1.2,806,12,1,60-12,"[['RX_GW', 237.639144622, 806, 12, 1, 868.1, -136.255239709, '00:00:00:00:00:02']]"
TX,235.398397143,298760.896482448,4631202.533678753,1.2,783,12,1,53-12,[]
TX,236.368963044,294726.248877966,4639033.498649761,1.2,167,12,1,149-2,[]
TX,236.75278354,289707.582141243,4647174.88822919,1.2,593,12,1,266-14,[]
TX,236.847772371,293250.153841439,4640221.042028777,1.2,374,12,1,222-7,[]
TX,237.481108726,293472.124487076,4645679.67143099,1.2,889,12,1,81-25,[]
TX,237.508240808,291829.930202412,4642545.682413366,1.2,581,12,1,260-28,[]
TX,237.530733925,291742.064784839,4642233.599343068,1.2,627,12,1,288-21,[]
TX,237.890559686,290097.095050573,4635390.377017052,1.2,884,12,1,80-26,[]
TX,238.073641834,291823.230201186,4642552.77635612,1.2,407,12,1,228-30,[]
TX,238.209396751,289749.306628023,4641690.988615136,1.2,154,7,1,140-20,[]
TX,238.398603486,289872.597984557,4639953.127327111,1.2,438,7,1,234-25,[]
TX,238.55453602,290788.04905225,4642840.611634461,1.2,461,11,1,236-29,[]
TX,238.622340381,294816.650964501,4642958.562784828,1.2,324,12,1,212-11,[]
TX,238.62317452,273754.322564959,4630625.337987221,1.2,531,12,1,250-7,[]
TX,238.665213748,291832.254850231,4642550.999133975,1.2,466,12,1,236-9,[]
TX,238.8818006,294005.072334187,4645662.089891158,1.2,314,12,1,21-11,[]
TX,239.087816963,291986.841329479,4643690.564289046,1.2,821,12,1,7-24,[]
TX,239.291212794,290048.669674589,4642386.129283725,1.2,820,11,1,7-2,[]
TX,240.099304155,291818.631257412,4642548.509926925,1.2,8,12,1,104-2,[]
TX,240.171610157,291817.294817474,4642208.251142606,1.2,197,12,1,162-21,[]
TX,240.286313085,293793.629972218,4642865.095711677,1.2,83,12,1,124-15,[]
TX,240.376017055,290655.355784254,4641664.571362283,1.2,263,7,1,194-12,[]
TX,240.69851345,294445.16543879,4639431.706384227,1.2,165,12,1,149-18,[]
TX,241.673040289,295435.272183717,4637037.566382997,1.2,137,12,1,137-27,[]
TX,243.320343971,293360.30115676,4649518.961036541,1.2,117,12,1,130-27,[]
TX,243.403255107,290454.050832975,4641789.737773876,1.2,150,7,1,140-16,"[['RX_GW', 243.518251977, 150, 7, 1, 868.1, -123.483304137, '00:00:00:00:00:02']]"
TX,243.745458055,282137.549512206,4645836.046134729,1.2,256,12,1,193-20,[]
TX,243.939090994,292194.182707919,4642146.061692108,1.2,491,12,1,24-21,[]
TX,244.026362536,290662.242664587,4639049.985140496,1.2,80,12,1,119-24,[]
TX,245.027398682,293805.397123808,4642851.548064434,1.2,141,12,1,137-30,[]
TX,245.561823406,289069.382146464,4636276.405358078,1.2,689,12,1,341-20,[]
TX,245.619781824,291029.058638888,4640425.932266779,1.2,26,8,1,105-15,[]
TX,246.057246713,288189.262974393,4641872.515277283,1.2,285,12,1,2-13,[]
TX,246.081850324,292690.824922683,4641788.611527724,1.2,31,12,1,106-24,[]
TX,246.345587898,291824.631728004,4642554.618126986,1.2,703,12,1,351-26,[]
TX,246.405957162,291639.672996236,4642836.256228237,1.2,131,12,1,137-2,[]
TX,246.840169104,293112.488700469,4642613.162563745,1.2,869,12,1,8-15,[]
TX,246.902105225,290489.295863328,4647532.743419712,1.2,159,12,1,140-3,[]
TX,246.968044682,291604.058769208,4646686.752375555,1.2,663,12,1,317-20,[]
TX,247.000606084,291177.263640671,4641320.188655695,1.2,441,9,2,234-29,"[['RX_GW', 247.372371904, 441, 9, 2, 868.1, -128.162634226, '00:00:00:00:00:02']]"
TX,247.576879708,291105.38790482,4642474.760211055,1.2,607,11,2,273-25,"[['RX_GW', 249.057639704, 607, 11, 2, 868.1, -134.771689022, '00:00:00:00:00:02']]"
TX,247.93735218,294909.471292344,4638287.366329489,1.2,576,12,1,260-16,[]
TX,247.984577431,295645.289290072,4645560.915733985,1.2,212,12,1,171-24,[]
TX,248.365067727,295955.751725264,4642442.514000233,1.2,361,7,1,220-27,"[['RX_GW', 248.480063808, 361, 7, 1, 868.1, -115.738513076, '00:00:00:00:00:04']]"
TX,248.469415163,294871.809983723,4646768.013921828,1.2,316,12,1,21-13,[]
TX,248.586408166,271624.139053089,4630640.257908264,1.2,468,12,1,238-20,[]
TX,248.715634209,291132.25663217,4632059.13602265,1.2,163,12,1,143-26,[]
TX,249.098931954,289174.099523025,4642895.475751878,1.2,55,12,1,111-21,[]
TX,249.292424845,291591.015623213,4642163.967351007,1.2,500,11,1,24-4,[]
TX,249.416435039,294590.02629628,4639169.913162252,1.2,172,12,1,150-19,[]
TX,249.44165054,296615.342875326,4643298.562961842,1.2,430,11,2,232-29,[]
TX,249.631877272,291712.288070369,4642819.921254667,1.2,354,12,1,220-19,[]
TX,249.688665297,292328.761685796,4641435.07836923,1.2,431,12,1,232-30,[]
TX,250.725139572,295985.116974447,4637775.03235377,1.2,874,12,1,8-20,[]
TX,251.039249663,271639.360927209,4630625.68315912,1.2,676,12,1,322-28,[]
TX,251.044889357,289241.462909888,4643793.966330679,1.2,866,12,1,79-28,[]
TX,251.151983961,292103.433933532,4642232.63874302,1.2,489,12,1,24-2,[]
TX,251.231309738,295898.589182931,4642561.520093276,1.2,617,7,1,287-11,[]
TX,251.434783241,290752.298723441,4641515.605005103,1.2,267,7,1,194-23,[]
TX,251.470227447,271596.142761675,4630639.664478755,1.2,477,12,1,238-9,[]
TX,251.541286362,298124.042514906,4636404.711488286,1.2,610,12,1,273-30,[]
TX,251.691203203,290403.340485991,4641810.932368522,1.2,52,7,1,111-18,[]
TX,251.958430094,291832.66704621,4642549.707483641,1.2,519,12,1,241-9,[]
TX,252.373484986,292914.284244136,4653257.061960061,1.2,692,12,1,348-11,[]
TX,252.865511527,293243.235978344,4640213.523498894,1.2,602,12,1,273-14,[]
TX,253.025264043,286011.434298494,4639973.674526916,1.2,823,12,1,7-27,[]
TX,253.538765929,292200.053097035,4642141.900507937,1.2,453,12,1,236-20,[]
TX,253.634576745,291688.5314536,4642770.853938779,1.2,95,12,1,124-6,[]
TX,253.693961632,291860.672073315,4641951.369221896,1.2,60,12,2,111-9,[]
TX,253.978450765,292496.506682647,4641710.277368185,1.2,376,12,1,222-9,[]
TX,254.655843688,300837.574255396,4645109.568657994,1.2,734,12,2,39-28,[]
TX,254.796888119,289402.675445803,4642446.341351351,1.2,484,9,1,24-15,"[['RX_GW', 255.168655072, 484, 9, 1, 868.1, -129.804467276, '00:00:00:00:00:02']]"
TX,254.962226057,291603.147029391,4642141.620705694,1.2,479,11,1,24-10,[]
TX,255.000466327,302202.699021406,4674292.125641583,1.2,157,12,1,140-28,[]
TX,255.155143181,293945.433865204,4638813.282383119,1.2,860,12,1,76-9,[]
TX,255.595170139,291827.696642555,4642552.205933303,1.2,815,12,1,7-12,[]
TX,255.80939965,291821.105734885,4641585.78985117,1.2,124,12,1,137-12,[]
TX,255.875633871,289253.485011437,4648185.409846312,1.2,297,12,1,200-20,[]
TX,256.021117664,292671.495490845,4643693.454460118,1.2,397,12,2,228-13,[]
TX,256.21804965,293080.931635113,4642357.553392737,1.2,302,12,1,200-4,[]
TX,257.004684316,290682.498667268,4635717.229691614,1.2,309,12,1,203-5,[]
TX,257.368368965,293999.887377321,4640017.763766233,1.2,174,12,1,150-21,[]
TX,257.371940285,271648.727752652,4630642.122794568,1.2,475,12,1,238-7,[]
TX,258.079251269,283556.64283224,4646644.970388521,1.2,791,12,1,53-20,[]
TX,258.265878007,288697.676706588,4641736.7842273,1.2,226,9,2,173-26,"[['RX_GW', 258.637644527, 226, 9, 2, 868.1, -128.114343805, '00:00:00:00:00:02']]"
TX,258.311475208,290079.767871026,4635396.805814478,1.2,436,12,2,234-15,[]
TX,258.84218289,291702.483596651,4642769.35956579,1.2,87,12,1,124-2,[]
TX,258.877707283,290895.421131431,4638649.370362283,1.2,856,12,1,73-29,[]
TX,259.416654603,291087.161587791,4644050.914950029,1.2,574,12,1,260-14,[]
TX,259.716160972,288404.220669869,4642369.023566482,1.2,542,12,1,254-24,[]
TX,260.02991567,292187.090279151,4642147.538024189,1.2,505,12,1,241-18,[]
TX,260.242689362,289311.151801097,4639758.565256551,1.2,208,11,2,169-13,[]
TX,260.416372345,298419.209743746,4636118.53255276,1.2,276,12,1,195-21,[]
TX,260.599587137,290636.059181357,4646620.082947943,1.2,838,12,1,71-15,[]
TX,260.78281266,282290.669179125,4632783.181286515,1.2,246,12,2,178-30,[]
TX,260.934717225,293829.679089736,4638642.616624289,1.2,731,12,1,371-28,[]
TX,260.944276716,290843.172138624,4639330.973278265,1.2,308,12,1,203-4,[]
TX,261.264817124,292182.563531498,4639429.491185015,1.2,370,12,1,222-23,[]
TX,261.305712222,292895.695081471,4640493.867630182,1.2,600,12,1,273-12,[]
TX,261.429310864,293414.246734363,4648970.289451265,1.2,114,12,1,130-23,[]
TX,261.657397888,292906.567659405,4641948.954891602,1.2,278,12,2,195-27,[]
TX,262.228195402,287471.298279191,4639369.115051002,1.2,818,12,1,7-15,[]
TX,262.472599247,291096.302368417,4642439.261928755,1.2,787,11,2,53-16,[]
TX,262.55095244,290631.093894667,4646613.112565257,1.2,851,12,2,71-7,[]
TX,262.759992399,291816.092254411,4642219.974359118,1.2,624,12,1,288-14,[]
TX,263.398313612,286534.153080061,4634509.441840614,1.2,633,12,1,290-4,[]
TX,263.555961242,295133.663886671,4642773.754037831,1.2,235,10,2,178-13,[]
TX,263.795313814,279046.986579234,4632529.369321392,1.2,104,12,1,129-6,[]
TX,264.139509699,294795.132475549,4644001.430842383,1.2,393,12,1,226-10,[]
TX,264.389379763,295123.356405809,4642737.579387175,1.2,727,10,1,369-30,[]
TX,264.969945818,271511.554704929,4630583.459686104,1.2,351,12,1,22-22,[]
TX,265.212058402,304804.618342125,4650969.572475184,1.2,767,12,2,47-3,[]
TX,265.341737526,295608.707084617,4645549.547710589,1.2,13,12,2,104-28,[]
TX,265.596971717,303263.822166773,4638002.339776125,1.2,805,12,1,58-7,[]
TX,265.635250683,281749.190986978,4624552.640002361,1.2,761,12,1,46-20,[]
TX,265.897138651,291594.047606486,4642147.685207174,1.2,488,11,1,24-19,"[['RX_GW', 267.377899021, 488, 11, 1, 868.1, -134.587821985, '00:00:00:00:00:02']]"
TX,266.626877095,298025.206321916,4631604.194759823,1.2,648,12,1,308-12,[]
TX,266.797520501,288220.107704552,4639161.758251816,1.2,863,12,2,79-24,[]
TX,267.140012622,295206.847519147,4642555.847969925,1.2,832,7,1,70-3,"[['RX_GW', 267.255009393, 832, 7, 1, 868.1, -120.91166543, '00:00:00:00:00:04']]"
TX,267.322637886,293809.649155388,4640396.237870146,1.2,168,11,1,150-15,"[['RX_GW', 268.803399079, 168, 11, 1, 868.1, -134.704907369, '00:00:00:00:00:04']]"
TX,267.377869322,293316.400797701,4646847.711093999,1.2,116,12,1,130-26,[]
TX,267.824941689,293430.653639462,4654965.16391138,1.2,696,12,1,348-17,[]
TX,268.024944595,294129.18632214,4647406.586910108,1.2,777,12,1,51-18,[]
TX,268.489249317,291291.914028947,4644964.690050308,1.2,36,12,1,109-17,[]
TX,268.748834775,291095.644327504,4642461.145087346,1.2,550,11,1,257-19,"[['RX_GW', 270.229594715, 550, 11, 1, 868.1, -134.610269158, '00:00:00:00:00:02']]"
TX,268.751427871,290643.026153099,4646606.365099534,1.2,695,12,2,348-16,[]
TX,268.934688679,297158.26003603,4649798.100324898,1.2,409,12,1,229-3,[]
TX,269.375360833,290450.687682569,4641628.393078091,1.2,134,7,1,137-24,[]
TX,269.522029059,290986.546091851,4641870.632372956,1.2,456,10,1,236-23,[]
TX,270.136523523,293706.49903571,4645347.643851581,1.2,313,12,1,21-10,[]
TX,270.193137484,282804.680886418,4656788.383073642,1.2,300,12,1,200-24,[]
TX,270.392097123,288734.165130498,4643195.259778836,1.2,43,12,1,11-30,[]
TX,270.57674969,290469.112099287,4641368.145963132,1.2,881,7,1,80-13,[]
TX,270.605862207,295197.644656492,4642747.872894677,1.2,671,9,1,321-7,"[['RX_GW', 270.977627577, 671, 9, 1, 868.1, -128.0789234, '00:00:00:00:00:04']]"
TX,270.810177323,294482.583164199,4638809.461614739,1.2,392,12,1,225-9,[]
TX,271.134681952,289989.423876065,4645856.170994403,1.2,372,12,1,222-4,[]
TX,271.854916088,285395.488729585,4641751.614405355,1.2,74,12,2,115-3,[]
TX,272.111477283,295868.951632399,4649080.478763384,1.2,902,12,1,97-13,[]
TX,272.277813156,291827.536411747,4642548.508431996,1.2,552,12,1,257-22,[]
TX,272.411303981,292377.170318716,4641799.282614133,1.2,90,12,1,124-29,[]
TX,272.43395405,304033.900720373,4637709.415845414,1.2,829,12,1,70-18,[]
TX,272.536811881,292178.408101363,4642147.833057602,1.2,371,12,1,222-3,[]
TX,272.85315966,290983.999324704,4639056.614675293,1.2,429,12,1,232-28,[]
TX,273.318492772,292187.522484752,4642140.618121981,1.2,515,12,1,241-5,[]
TX,273.738339179,290759.747022122,4641503.746531648,1.2,262,7,1,194-11,[]
TX,273.757276833,292520.668591799,4642914.676872776,1.2,699,12,1,351-1,[]
TX,273.899563977,291808.727863856,4642541.107256073,1.2,460,12,1,236-28,[]
TX,274.258490429,290861.799536531,4642317.724688364,1.2,490,9,1,24-20,[]
TX,275.095782269,292937.038326315,4641000.57162237,1.2,349,12,2,22-20,[]
TX,275.268160215,280984.5169267,4629317.328213935,1.2,536,12,1,253-22,[]
TX,275.381871005,293385.736722391,4644048.318618976,1.2,365,12,1,222-18,[]
TX,275.511400822,292690.81485777,4643715.821928391,1.2,396,12,1,228-11,[]
TX,275.573802417,286759.372479673,4641745.250037821,1.2,585,12,1,261-13,[]
TX,275.624904159,289822.029591774,4638794.725905987,1.2,555,12,1,257-5,[]
TX,275.904988192,291824.779885434,4642418.004767419,1.2,132,12,1,137-20,[]
TX,276.217859235,271628.263953181,4630654.853134223,1.2,467,12,2,238-19,[]
TX,276.245659836,296501.501652092,4640813.870381139,1.2,188,9,1,157-21,[]
TX,276.283097608,270079.819047225,4641199.822713759,1.2,685,12,1,337-26,[]
TX,276.447987463,273697.79507634,4630633.735052653,1.2,218,12,1,172-3,[]
TX,276.462840361,292032.862002283,4646087.954727537,1.2,290,12,2,2-28,[]
TX,276.504230176,307551.921935994,4653535.61641253,1.2,64,12,1,113-13,[]
TX,276.522529827,271638.180420411,4630605.986765539,1.2,383,12,1,225-18,[]
TX,276.546997302,295112.093495864,4642784.040850602,1.2,335,10,1,212-5,[]
TX,276.666280172,294488.666901319,4645368.499521671,1.2,701,12,1,351-24,[]
TX,277.230851041,294102.720163972,4640337.701641764,1.2,609,12,1,273-29,[]
TX,277.417432424,275972.077336358,4621953.07412986,1.2,638,12,1,291-4,[]
TX,277.424628148,292806.407027049,4640661.45063864,1.2,373,12,1,222-5,[]
TX,277.637341722,291652.190609761,4639993.299263738,1.2,554,12,1,257-4,[]
TX,277.808528482,290997.380541262,4636022.291549982,1.2,425,12,1,232-24,[]
TX,278.116111657,283544.812822754,4646638.969787258,1.2,792,12,2,53-21,[]
TX,278.230922077,292190.50900146,4642177.319589882,1.2,250,12,2,178-7,[]
TX,278.405183881,293489.267818816,4649537.006242979,1.2,628,12,1,29-10,[]
TX,278.579963614,292524.803910133,4642917.248770366,1.2,568,12,1,259-27,[]
TX,278.74513545,290412.202357561,4641817.75078289,1.2,222,7,1,172-6,[]
TX,278.822905895,273694.941994055,4630652.179879244,1.2,530,12,1,250-4,[]
TX,278.972773353,291605.985906719,4642163.522324848,1.2,501,11,1,24-5,[]
TX,278.983252059,296795.133728516,4634256.319627617,1.2,369,12,1,222-22,[]
TX,279.13707356,294134.749789272,4647407.722122674,1.2,775,12,2,51-16,[]
TX,279.503729296,291862.204725276,4641937.957554647,1.2,432,12,1,234-1,[]
TX,279.556311016,291727.911897635,4642150.68637557,1.2,133,12,2,137-21,[]
TX,279.842368398,290872.234011134,4642292.89300778,1.2,195,9,1,162-19,[]
TX,280.279941414,282311.889908161,4632827.47279512,1.2,25,12,1,105-14,[]
TX,280.964797907,296381.194000439,4642546.730426049,1.2,700,8,1,351-2,"[['RX_GW', 281.172211002, 700, 8, 1, 868.1, -126.553034519, '00:00:00:00:00:04']]"
TX,281.525440038,290663.667382212,4642277.279194036,1.2,151,10,1,140-17,"[['RX_GW', 282.184950701, 151, 10, 1, 868.1, -131.127160569, '00:00:00:00:00:02']]"
TX,282.013711416,293396.259392551,4643281.594176367,1.2,284,12,1,2-1,[]
TX,282.132491791,292534.75971927,4642907.220964668,1.2,341,12,1,214-26,[]
TX,282.3743537,293212.703796511,4641605.60004534,1.2,604,12,2,273-16,[]
TX,282.543258764,291986.128187397,4643691.374061383,1.2,892,12,2,91-17,[]
TX,282.576132327,289630.876035007,4641950.273816343,1.2,254,7,1,193-1,"[['RX_GW', 282.69112945, 254, 7, 1, 868.1, -123.688906782, '00:00:00:00:00:02']]"
TX,282.60543148,298521.690116891,4644209.801484904,1.2,733,12,1,39-26,[]
TX,282.663079422,295994.049932214,4643021.97081484,1.2,356,9,2,220-21,[]
TX,282.981615643,296476.907108127,4643387.546265282,1.2,260,11,1,193-6,[]
TX,283.001739546,283963.807452219,4632429.475965699,1.2,312,12,1,208-7,[]
TX,283.033458276,291519.762702122,4640973.22280224,1.2,103,10,1,129-5,"[['RX_GW', 283.692969029, 103, 10, 1, 868.1, -130.165213125, '00:00:00:00:00:02']]"
TX,283.095288776,292522.543336793,4642907.455531432,1.2,802,12,2,58-4,[]
TX,283.181956131,286949.570490774,4626119.316240275,1.2,440,12,1,234-27,[]
TX,283.545659011,299290.136601927,4636215.007770234,1.2,681,12,1,332-25,[]
TX,283.8547211,290561.992788257,4642824.959665503,1.2,189,12,2,162-1,[]
TX,284.13231122,290870.671737867,4635917.96025064,1.2,364,12,2,222-17,[]
TX,285.478330398,291285.942469649,4642397.005706936,1.2,391,11,1,225-8,[]
TX,285.851746902,282143.713333538,4645838.028833682,1.2,258,12,2,193-27,[]
TX,286.378505073,292336.187135095,4650655.428922786,1.2,841,12,1,71-18,[]
TX,286.904577788,293340.654319982,4648935.706080182,1.2,108,12,1,130-10,[]
TX,286.908741882,291826.313619984,4642551.325198257,1.2,350,12,2,22-21,[]
TX,287.305959535,291176.344416926,4641273.651896994,1.2,893,9,2,91-18,[]
TX,287.393616809,271457.033850974,4630374.356504293,1.2,865,12,1,79-27,[]
TX,287.731899541,292716.753616822,4641712.984770292,1.2,181,12,1,155-1,[]
TX,287.780319214,290406.55323395,4641806.353442541,1.2,434,7,1,234-13,[]
TX,288.713820616,292708.449526013,4641708.989283173,1.2,183,12,1,155-29,[]
TX,289.29702299,294716.949046444,4642512.436637453,1.2,836,10,1,70-7,[]
TX,289.686546536,295610.745407804,4645552.175493103,1.2,105,12,2,129-7,[]
TX,289.721111758,294135.307370949,4647402.487848468,1.2,738,12,1,40-26,[]
TX,289.737995166,295788.193520813,4636628.224494872,1.2,854,12,2,72-29,[]
TX,290.247523764,286290.879379353,4642208.904332279,1.2,261,12,2,193-7,[]
TX,290.265823606,289885.855894091,4645270.312423809,1.2,613,12,2,281-12,[]
TX,290.380758489,291846.567036036,4642553.146546749,1.2,452,12,1,236-19,[]
TX,290.452381226,291592.265463188,4642153.762905627,1.2,502,11,1,24-6,[]
TX,290.526098993,292751.935350933,4641668.342670262,1.2,107,12,2,129-9,[]
TX,290.763446171,292182.36812755,4642142.184968177,1.2,790,12,1,53-2,[]
TX,290.911534285,291976.283253003,4641618.658162686,1.2,403,12,2,228-26,[]
TX,290.956658059,292679.360378295,4641792.115740412,1.2,33,12,1,106-26,[]
TX,291.320123871,277384.420374651,4632322.582394879,1.2,382,12,1,223-28,[]
TX,291.536022778,293236.094663157,4640203.746231371,1.2,343,12,1,214-28,[]
TX,292.376935997,292190.183761772,4638909.941019241,1.2,757,12,1,46-1,[]
TX,292.385228144,295783.290856347,4648513.516535603,1.2,903,12,1,97-24,[]
TX,292.626530855,293838.487005505,4639510.970144561,1.2,812,12,1,67-6,[]
TX,293.035794318,288671.311953198,4630771.480125532,1.2,654,12,2,308-27,[]
TX,293.043935055,289097.012201699,4636533.062853799,1.2,687,12,1,341-18,[]
TX,293.326238894,290408.124993932,4641808.065628286,1.2,56,7,1,111-22,"[['RX_GW', 293.441235746, 56, 7, 1, 868.1, -123.37913026, '00:00:00:00:00:02']]"
TX,294.041792665,293807.508931691,4640396.791741312,1.2,173,11,2,150-20,"[['RX_GW', 295.522553863, 173, 11, 2, 868.1, -134.716622501, '00:00:00:00:00:04']]"
TX,294.121969322,290643.695020791,4646603.752939184,1.2,840,12,1,71-17,[]
TX,294.42293582,291821.756368417,4642552.547565679,1.2,558,12,1,259-11,[]
TX,294.631005819,293317.459704201,4646848.503392469,1.2,120,12,1,130-9,[]
TX,294.928935368,284126.162430641,4632978.033727862,1.2,368,12,2,222-21,[]
TX,295.221563313,290040.845747068,4646325.751211482,1.2,426,12,1,232-25,[]
TX,295.956196842,294123.184490862,4647411.532785044,1.2,507,12,2,241-20,[]
TX,296.172511368,291183.906411666,4641291.106020198,1.2,191,9,1,162-12,[]
TX,296.205611645,291710.06504017,4642758.344365934,1.2,93,12,1,124-4,[]
TX,297.163959175,293407.449604225,4641531.207645132,1.2,287,12,1,2-16,[]
TX,297.338873368,290715.179257835,4636925.924745047,1.2,9,12,1,104-24,[]
TX,297.649935658,292194.329778838,4642156.585621894,1.2,798,12,1,53-30,[]
TX,297.79669987,294130.641544512,4647404.322059101,1.2,779,12,2,51-4,[]
TX,298.042891963,297685.159548671,4640272.095028297,1.2,339,12,2,214-24,[]
TX,298.127790286,290651.338215978,4641174.88449302,1.2,330,7,1,212-23,[]
TX,298.175261826,295188.795780488,4642526.532462794,1.2,666,7,1,321-26,[]
TX,298.179878858,294992.433514948,4642711.423497184,1.2,338,8,1,212-9,[]
TX,298.293133393,291105.374710801,4642479.020759018,1.2,608,11,1,273-26,[]
TX,298.690320156,286439.443931531,4642105.111657587,1.2,584,12,2,261-11,[]
TX,298.861202728,291825.948662404,4642559.389801275,1.2,673,12,1,322-25,[]
TX,299.069364859,291709.841971254,4642763.579735376,1.2,89,12,1,124-21,[]
TX,299.634756218,282286.245385436,4663495.361751128,1.2,837,12,2,71-1,[]
TX,300.321984402,292043.349668765,4641793.055340613,1.2,125,12,2,137-13,[]
TX,301.004188515,282290.838964594,4643813.959372893,1.2,586,12,2,264-17,[]
TX,301.29716449,291981.895539787,4643686.062785881,1.2,19,12,2,104-6,[]
TX,304.066288371,294974.25868872,4642717.423239149,1.2,420,8,2,231-26,"[['RX_GW', 304.273702028, 420, 8, 2, 868.1, -124.015357724, '00:00:00:00:00:04']]"
TX,305.529848872,290627.253662731,4646607.714902344,1.2,842,12,2,71-19,[]
TX,308.246366704,291056.258526072,4640351.61477791,1.2,824,8,2,7-28,"[['RX_GW', 308.453780328, 824, 8, 2, 868.1, -125.528644806, '00:00:00:00:00:02']]"
TX,308.759438207,288844.396939116,4640066.06156076,1.2,283,9,2,198-23,"[['RX_GW', 309.131204356, 283, 9, 2, 868.1, -128.145078788, '00:00:00:00:00:02']]"
TX,309.441833788,296718.318199105,4635194.813150787,1.2,406,12,2,228-29,[]
TX,309.513606522,299954.336207424,4636535.554864612,1.2,678,12,2,332-10,[]
TX,309.585469005,292739.398301522,4640858.114327852,1.2,864,12,2,79-26,[]
TX,310.077235139,289980.452537311,4637716.624517801,1.2,28,12,2,105-2,[]
TX,310.092673499,290649.854588189,4646625.912568446,1.2,845,12,2,71-21,[]
TX,310.150571384,291990.183843574,4643690.357874033,1.2,231,12,2,175-30,[]
TX,310.603718317,298142.077715143,4631675.457427486,1.2,653,12,2,308-26,[]
TX,310.779290073,291053.137349926,4644055.957797118,1.2,37,12,2,109-19,[]
TX,310.897057078,288127.505051658,4643002.288114498,1.2,54,12,2,111-20,[]
TX,311.629435338,291732.072867099,4642160.504946148,1.2,121,12,2,137-1,[]
TX,311.638397691,292035.680666177,4641766.883320969,1.2,138,12,2,137-28,[]
TX,311.884167607,290846.772537036,4638680.041492317,1.2,442,12,2,234-30,[]
TX,312.65354958,295138.825325644,4642761.758860208,1.2,325,10,2,212-14,"[['RX_GW', 313.313059091, 325, 10, 2, 868.1, -130.320720339, '00:00:00:00:00:04']]"
TX,313.183058924,290904.952578312,4639018.383610837,1.2,81,12,2,119-26,[]
TX,313.750212447,291800.982189719,4636741.204730493,1.2,143,12,2,137-5,[]
TX,313.783616512,288300.755507551,4644184.890370936,1.2,363,12,2,221-8,[]
TX,314.054514347,298041.576290301,4631613.146385301,1.2,238,12,2,178-17,[]
TX,314.51971714,290085.543570555,4635393.202917698,1.2,886,12,2,80-29,[]
TX,314.872674403,295001.806084515,4642710.452651209,1.2,418,8,2,231-24,"[['RX_GW', 315.080087988, 418, 8, 2, 868.1, -125.48460779, '00:00:00:00:00:04']]"
TX,314.886724915,282494.402582324,4644127.850876946,1.2,257,12,2,193-21,[]
TX,315.375974213,291180.007331373,4641313.606801827,1.2,557,9,2,259-10,[]
TX,315.669984476,287489.913583408,4655546.211063378,1.2,849,12,2,71-4,[]
TX,316.738855306,292629.643085164,4641770.444207311,1.2,71,12,2,115-21,"[['RX_GW', 319.370594207, 71, 12, 2, 868.1, -141.316779591, '00:00:00:00:00:02'], ['RX_GW', 319.370595083, 71, 12, 2, 868.1, -140.580930601, '00:00:00:00:00:04']]"
TX,316.913062409,290916.322060507,4641176.518837557,1.2,377,7,2,223-22,[]
TX,317.604042364,291602.542947704,4642145.541633636,1.2,480,11,2,24-11,[]
TX,317.665026443,291216.823075088,4641978.294513674,1.2,340,10,2,214-25,[]
TX,317.681169503,300667.807455481,4636714.207248414,1.2,332,12,2,212-28,[]
TX,318.32936302,294971.959466789,4642709.065975586,1.2,422,8,2,231-28,[]
TX,320.733992332,291728.754436039,4642153.101792804,1.2,129,12,2,137-18,"[['RX_GW', 323.365729086, 129, 12, 2, 868.1, -136.274123405, '00:00:00:00:00:02']]"
TX,320.979422834,273658.301928124,4630681.144039798,1.2,747,12,2,42-11,[]
TX,321.201885171,301726.044130618,4645288.731729679,1.2,732,12,2,39-12,[]
TX,322.278753555,299818.626956041,4630212.103873734,1.2,404,12,2,228-27,[]
TX,322.487835974,297341.870563639,4633395.798513578,1.2,612,12,2,28-23,[]
TX,322.712937692,292220.969380493,4638910.202558322,1.2,388,12,2,225-5,[]
TX,323.397215739,298366.352758929,4634352.227837476,1.2,563,12,2,259-16,[]
TX,324.19328398,292732.274500246,4641720.962954029,1.2,185,12,2,155-7,"[['RX_GW', 326.825023412, 185, 12, 2, 868.1, -137.499237016, '00:00:00:00:00:04']]"
TX,324.207339393,293368.278390683,4649614.829306407,1.2,111,12,2,130-13,[]
TX,325.733649501,291841.917130049,4642545.18897315,1.2,41,12,2,11-29,[]
TX,325.882960457,289993.856014168,4629096.356610992,1.2,146,12,2,138-10,[]
TX,326.259007366,291108.915105324,4642458.769392321,1.2,796,11,2,53-28,[]
TX,326.90204117,292677.98965116,4641798.284049477,1.2,29,12,2,106-22,[]
TX,327.193095807,291711.82125197,4642759.844478009,1.2,88,12,2,124-20,[]
TX,327.3332554,290868.628639287,4638542.881002858,1.2,800,12,2,57-12,[]
TX,328.528156691,292344.550590299,4642014.337792414,1.2,144,12,2,137-6,[]
TX,328.574032674,292206.120010623,4642157.83834945,1.2,668,12,2,321-28,[]
TX,329.668311873,294435.267454518,4647481.807482064,1.2,780,12,2,51-6,[]
TX,330.108524394,293260.721835173,4639503.704941466,1.2,98,12,2,127-1,[]
TX,330.149469787,299433.410418125,4630233.384829544,1.2,656,12,2,310-3,[]
TX,330.422020776,292192.581698187,4642123.337940337,1.2,814,12,2,7-11,[]
TX,330.605241169,288984.947215922,4634448.722513533,1.2,882,12,2,80-14,[]
TX,330.777588652,292948.145255238,4641834.37460752,1.2,206,12,2,162-7,[]
TX,331.18124779,296183.730864467,4641580.615683543,1.2,835,7,2,70-6,[]
TX,331.562167193,290286.826968348,4643376.697169833,1.2,759,12,2,46-16,[]
TX,332.041328861,294331.630396666,4641435.781527246,1.2,753,9,2,45-29,[]
TX,332.338153885,302151.739434241,4649299.164649611,1.2,62,12,2,113-11,[]
TX,332.884576801,291758.690858326,4642516.294276098,1.2,190,12,2,162-11,[]
TX,333.333554555,294129.641710855,4647409.702811935,1.2,737,12,2,40-25,[]
TX,333.348012621,292727.304546506,4641830.922475105,1.2,694,12,2,348-15,[]
TX,333.8141286,291017.311860002,4644816.848178221,1.2,244,12,2,178-29,[]
TX,334.203164074,297766.887465124,4641978.526562518,1.2,833,10,2,70-4,"[['RX_GW', 334.86267653, 833, 10, 2, 868.1, -132.782981487, '00:00:00:00:00:04']]"
TX,334.662237507,291831.782291352,4642553.337613754,1.2,462,12,2,236-5,[]
TX,335.476832507,287797.487450889,4641469.651335035,1.2,744,12,2,41-12,[]
TX,335.890036351,298652.96180581,4631380.139594578,1.2,12,12,2,104-27,[]
TX,335.971872608,295157.910208045,4642721.047458663,1.2,872,9,2,8-18,"[['RX_GW', 336.343637959, 872, 9, 2, 868.1, -129.606967907, '00:00:00:00:00:04']]"
TX,337.651426433,295562.183580675,4648846.261245565,1.2,897,12,2,96-17,[]
TX,337.82613428,316824.934618021,4635905.368099571,1.2,876,12,2,8-3,[]
TX,338.093124977,292184.443396663,4642164.386693089,1.2,247,12,2,178-4,[]
TX,338.480011409,287987.881602545,4641468.564290075,1.2,224,12,2,173-23,[]
TX,338.492717084,287762.510237697,4646186.978498731,1.2,597,12,2,270-8,[]
TX,338.642387084,292311.584454065,4642706.746826204,1.2,400,12,2,228-16,[]
TX,339.70598267,295412.756344935,4638424.808152365,1.2,169,12,2,150-16,[]
TX,339.781480789,296099.651306387,4646903.781831561,1.2,522,12,2,242-21,[]
TX,340.558668323,294376.207642256,4646288.543456555,1.2,179,12,2,153-30,[]
TX,341.190338032,298782.204889853,4640576.957719427,1.2,273,12,2,195-18,[]
TX,342.600160434,294471.932207472,4646280.758477984,1.2,177,12,2,153-2,[]
TX,342.655382599,297222.85234983,4639520.693453584,1.2,187,12,2,157-20,"[['RX_GW', 345.287120995, 187, 12, 2, 868.1, -135.881098027, '00:00:00:00:00:04']]"
TX,344.645473641,293363.590312232,4649512.678250604,1.2,119,12,2,130-8,[]
TX,345.034245982,285465.167743908,4641842.403381128,1.2,66,12,2,115-12,[]
TX,345.579587789,290396.696057272,4645952.22382709,1.2,304,12,2,200-8,[]
TX,345.83540673,299783.778369315,4634195.670815598,1.2,328,12,2,212-21,[]
TX,346.096997782,289042.024501935,4637890.01404836,1.2,594,12,2,268-3,[]
TX,346.118598713,300853.33407753,4665432.224247183,1.2,155,12,2,140-24,[]
TX,347.245304021,290049.984408569,4642383.457662524,1.2,217,10,2,172-29,"[['RX_GW', 347.904814468, 217, 10, 2, 868.1, -130.397744185, '00:00:00:00:00:02']]"
TX,347.965956767,304109.065113202,4627053.655841799,1.2,182,12,2,155-2,[]
TX,348.856710556,292716.708177295,4652650.435703044,1.2,697,12,2,348-18,[]
TX,348.971225098,291059.848331318,4644044.970744691,1.2,385,12,2,225-21,[]
TX,349.596433158,295148.06846158,4642721.65702911,1.2,873,9,2,8-19,"[['RX_GW', 349.968198527, 873, 9, 2, 868.1, -129.69164258, '00:00:00:00:00:04']]"
TX,350.868957501,287053.363815798,4641574.298301593,1.2,77,12,2,115-9,[]
TX,351.835310363,282648.995149836,4661160.774094728,1.2,296,12,2,200-19,[]
TX,352.122748423,295737.288847281,4656921.671772885,1.2,445,12,2,235-25,[]
TX,352.366423056,292522.913021691,4642911.813834801,1.2,706,12,2,351-30,[]
TX,352.399366362,292522.923418676,4641922.087838325,1.2,443,12,2,235-14,[]
TX,352.997764915,290570.438911392,4642273.330806713,1.2,499,8,2,24-30,"[['RX_GW', 353.20517941, 499, 8, 2, 868.1, -126.398655789, '00:00:00:00:00:02']]"
TX,353.277033851,294064.269676618,4647401.959779179,1.2,740,12,2,40-28,[]
TX,353.294423208,290085.344545306,4641505.278624848,1.2,367,7,2,222-20,"[['RX_GW', 353.409418735, 367, 7, 2, 868.1, -115.018798515, '00:00:00:00:00:02']]"
TX,353.319534117,291071.402343165,4644042.102748618,1.2,565,12,2,259-24,[]
TX,353.329038771,291108.345142997,4647888.189803262,1.2,161,12,2,140-5,[]
TX,353.381722737,294129.560614413,4647414.728779461,1.2,644,12,2,3-13,[]
TX,354.027314145,273687.80403983,4630651.180904117,1.2,269,12,2,194-9,[]
TX,354.314905169,298635.815488489,4631431.068160546,1.2,204,12,2,162-5,[]
TX,354.571942875,271737.092729563,4629662.666886277,1.2,611,12,2,28-22,[]
TX,354.615589498,292804.707935793,4642713.371844341,1.2,412,12,2,231-10,[]
TX,354.796679069,294981.340875636,4643081.220717233,1.2,417,9,2,231-22,"[['RX_GW', 355.168445757, 417, 9, 2, 868.1, -127.651506377, '00:00:00:00:00:04']]"
TX,354.812612987,295200.113429835,4645962.523387215,1.2,286,12,2,2-15,[]
TX,355.413831379,291818.642694313,4642543.362131416,1.2,355,12,2,220-20,[]
TX,355.917341371,283272.636954615,4632907.172687731,1.2,280,12,2,195-29,[]
TX,355.936339246,294964.398107927,4642730.209767096,1.2,421,9,2,231-27,"[['RX_GW', 356.308104967, 421, 9, 2, 868.1, -129.519468955, '00:00:00:00:00:04']]"
TX,356.03894006,283657.050911959,4646809.098926471,1.2,789,12,2,53-19,[]
TX,356.696286208,294988.207930425,4642692.688393294,1.2,419,8,2,231-25,"[['RX_GW', 356.903699771, 419, 8, 2, 868.1, -125.384294862, '00:00:00:00:00:04']]"
TX,356.830927667,291075.800305521,4644035.215631844,1.2,299,12,2,200-23,[]
TX,356.99294679,279586.736473854,4632579.912160973,1.2,270,12,2,195-10,[]
TX,357.10890362,295111.691354162,4646511.202710626,1.2,401,12,2,228-17,[]
TX,357.5794809,295118.327067925,4642683.712096955,1.2,670,8,2,321-6,"[['RX_GW', 357.786894198, 670, 8, 2, 868.1, -124.527510168, '00:00:00:00:00:04']]"
TX,357.585016656,294044.67543454,4644847.18201563,1.2,323,12,2,212-10,[]
TX,357.640768052,294381.996771983,4639353.046454581,1.2,251,12,2,190-15,[]
TX,357.671790874,298072.144755209,4631634.003108162,1.2,781,12,2,53-1,[]
TX,358.526279542,290350.429516744,4646188.414048966,1.2,162,12,2,140-6,[]
TX,358.670840291,292557.902535304,4641434.148840743,1.2,626,12,2,288-16,[]
TX,360.512693585,290056.318258392,4642389.284211931,1.2,106,11,2,129-8,"[['RX_GW', 361.993452043, 106, 11, 2, 868.1, -133.060872876, '00:00:00:00:00:02']]"
TX,360.52635235,291711.890568091,4642765.321876488,1.2,86,12,2,124-19,[]
TX,361.749863676,291828.991604766,4642555.012567411,1.2,457,12,2,236-24,[]
TX,361.812653376,288080.725205539,4639035.157619437,1.2,58,12,2,111-7,[]
TX,362.894221058,293327.546390487,4646933.361663895,1.2,109,12,2,130-11,[]
TX,362.981692858,273660.094898658,4630678.742552363,1.2,750,12,2,42-14,[]
TX,363.206459162,291980.438937722,4643746.994746804,1.2,292,12,2,2-30,[]
TX,363.21629318,296012.227242809,4640441.404014109,1.2,708,9,2,353-2,"[['RX_GW', 363.588059031, 708, 9, 2, 868.1, -128.664848589, '00:00:00:00:00:04']]"
TX,363.32316363,291826.284326188,4642550.483641407,1.2,714,12,2,369-10,[]
TX,363.473537861,287832.461522188,4638855.843230601,1.2,826,12,2,7-30,[]
TX,363.548237964,271618.214725719,4630638.55715418,1.2,232,12,2,178-10,[]
TX,363.601771919,290667.681048359,4642296.232248665,1.2,152,10,2,140-18,[]
TX,363.704478387,293319.223306407,4646840.802864103,1.2,118,12,2,130-28,[]
TX,364.296686973,303563.477090844,4638203.809577572,1.2,830,12,2,70-19,[]
TX,364.315538727,271656.327853627,4630575.121663122,1.2,521,12,2,242-19,[]
TX,364.374743406,295961.098114329,4638066.561710273,1.2,416,12,2,231-14,[]
TX,364.662900499,291595.139130664,4642155.883641917,1.2,487,11,2,24-18,[]
TX,364.982557113,291589.953856076,4642159.216459809,1.2,495,11,2,24-27,[]
TX,365.201772029,281679.06114592,4632750.769042471,1.2,469,12,2,238-21,[]
TX,365.205013921,291341.013251877,4641135.54491315,1.2,345,10,2,214-30,[]
TX,365.770191307,274151.859824433,4623042.699406856,1.2,637,12,2,291-3,[]
TX,366.589566786,291273.488736755,4642382.534332176,1.2,234,9,2,178-12,"[['RX_GW', 366.961334897, 234, 9, 2, 868.1, -127.533345337, '00:00:00:00:00:02']]"
TX,366.868626837,290091.503620757,4635415.08171812,1.2,194,12,2,162-18,[]
TX,367.201988699,293012.183270685,4642219.705127293,1.2,809,12,2,60-26,[]
TX,367.344336081,295143.229351867,4642752.221901068,1.2,331,10,2,212-26,"[['RX_GW', 368.003845557, 331, 10, 2, 868.1, -130.156438069, '00:00:00:00:00:04']]"
TX,368.003241757,299910.315321936,4627843.157634947,1.2,658,12,2,310-6,[]
TX,368.256401217,292391.565466847,4641642.03307171,1.2,868,12,2,79-30,[]
TX,368.713581,294381.193351174,4646281.969796477,1.2,180,12,2,153-4,[]
TX,368.91817995,290632.137791957,4646600.731370077,1.2,844,12,2,71-20,[]
TX,369.222455645,272429.790193182,4629789.948770412,1.2,635,12,2,290-6,[]
TX,369.278292517,273660.884979137,4630646.139542967,1.2,539,12,2,254-16,[]
TX,369.315922609,289845.678000456,4634165.01869389,1.2,210,12,2,171-22,[]
TX,369.474994993,272878.977855395,4629761.918705585,1.2,632,12,2,290-3,[]
TX,369.572616766,292265.643246461,4638833.033672585,1.2,387,12,2,225-4,[]
TX,369.710696999,283078.616766912,4653626.637342374,1.2,301,12,2,200-3,[]
TX,369.91005926,304613.092120601,4650980.661922997,1.2,766,12,2,47-21,[]
TX,370.006164286,291392.985031144,4641370.865944538,1.2,184,9,2,155-30,[]
TX,370.056637248,273476.946907638,4630979.904936115,1.2,660,12,2,313-27,[]
TX,370.280498061,291698.860563732,4642762.453219228,1.2,91,12,2,124-3,[]
TX,371.332626902,271608.192852716,4630631.652119816,1.2,817,12,2,7-14,[]
TX,372.039372368,294739.207549138,4639022.256197263,1.2,166,12,2,149-19,[]
TX,372.629414688,300137.609261128,4642833.878098694,1.2,804,12,2,58-6,[]
TX,373.119201151,290905.616520947,4645967.338162376,1.2,661,12,2,317-17,[]
TX,373.237309289,273660.546210713,4630677.460732462,1.2,746,12,2,42-10,[]
TX,373.360312682,289490.327070611,4641766.58328632,1.2,543,7,2,254-28,"[['RX_GW', 373.475309418, 543, 7, 2, 868.1, -118.467253505, '00:00:00:00:00:02']]"
TX,373.413017278,287299.941099879,4641566.470458655,1.2,320,12,2,211-12,[]
TX,373.558624547,289831.240878956,4638516.347003202,1.2,596,12,2,268-6,[]
TX,373.742050443,289304.190907942,4642067.387750293,1.2,75,8,2,115-6,[]
TX,374.247935123,291086.962732933,4642480.800465632,1.2,295,11,2,200-18,[]
TX,374.47542273,294924.331980492,4638310.220486601,1.2,253,12,2,190-30,[]
TX,374.94409781,291520.13953315,4639826.15774213,1.2,16,12,2,104-30,[]
TX,375.170262518,291642.259329147,4642829.4547465,1.2,603,12,2,273-15,[]
TX,375.285079342,292679.608815891,4641804.084520741,1.2,718,12,2,369-14,[]
TX,375.325843788,291829.076843778,4642545.129075581,1.2,450,12,2,236-15,[]
TX,376.061784363,293384.93532668,4644051.957391334,1.2,567,12,2,259-26,[]
TX,376.47201574,292678.011398583,4652805.824600196,1.2,698,12,2,348-21,[]
TX,376.666615839,287215.65992115,4646205.975168297,1.2,564,12,2,259-2,[]
TX,376.8904523,289053.823607322,4639079.691979154,1.2,686,11,2,341-17,[]
TX,377.026548749,285600.304224781,4642670.329570591,1.2,255,12,2,193-18,[]
TX,377.054751328,291034.597859183,4641918.576456212,1.2,123,11,2,137-11,[]
TX,377.198881217,291848.830388419,4642553.46591836,1.2,458,12,2,236-26,[]
TX,377.802156529,295615.085426976,4645561.772595738,1.2,715,12,2,369-11,[]
TX,378.692668148,290444.822086487,4635428.346381193,1.2,21,12,2,105-1,[]
TX,378.714931987,289010.479241429,4636143.207058043,1.2,595,12,2,268-5,[]
TX,378.7769252,304599.850623575,4650974.293554832,1.2,770,12,2,47-6,[]
TX,379.253097568,291842.601616539,4642550.215357676,1.2,237,12,2,178-16,[]
TX,380.179965222,291845.930070448,4642538.699379778,1.2,448,12,2,236-13,[]
TX,380.984655679,290047.515220806,4642387.383824631,1.2,72,11,2,115-22,[]
TX,380.987276809,290100.454947637,4642392.249844002,1.2,319,11,2,211-11,[]
TX,381.053681091,291729.434012961,4642150.75230936,1.2,139,12,2,137-29,[]
TX,381.673594372,297310.646559627,4646233.402772619,1.2,65,12,2,113-14,[]
TX,382.390748458,282477.052918972,4644021.483892902,1.2,587,12,2,264-18,[]
TX,382.404823037,294114.079060838,4647423.480359751,1.2,642,12,2,3-11,[]
TX,383.022434218,293428.767205832,4640026.065845159,1.2,575,12,2,260-15,[]
TX,383.446886866,295913.797754863,4637561.458612097,1.2,423,12,2,231-8,[]
TX,385.107721302,283391.003089908,4632707.156208363,1.2,294,12,2,200-17,[]
TX,385.139465851,294058.359041566,4641105.951429608,1.2,755,10,2,45-6,[]
TX,385.468411245,293698.257311576,4645345.074718159,1.2,705,12,2,351-28,[]
TX,385.974641268,283641.316401874,4632924.445386773,1.2,310,12,2,203-8,[]
TX,386.075357889,291504.632285567,4643026.328728113,1.2,30,12,2,106-23,[]
TX,387.111397775,291798.210132711,4641615.270584241,1.2,126,12,2,137-14,"[['RX_GW', 389.743133887, 126, 12, 2, 868.1, -136.200066673, '00:00:00:00:00:02']]"
TX,387.401355989,299072.78226918,4630749.874086483,1.2,375,12,2,222-8,[]
TX,387.508488817,298775.73008995,4636441.804235825,1.2,679,12,2,332-12,[]
TX,388.455674912,295627.734801903,4645564.450362128,1.2,213,12,2,171-25,[]
TX,388.587109729,297028.493071815,4649345.921740428,1.2,411,12,2,229-7,[]
TX,389.628544001,295528.98384753,4637977.528303521,1.2,252,12,2,190-29,[]
TX,389.756461715,291126.4016833,4641236.740504271,1.2,504,9,2,241-17,"[['RX_GW', 390.128227291, 504, 9, 2, 868.1, -127.177978887, '00:00:00:00:00:02']]"
TX,389.783506237,288063.953592555,4634611.161381229,1.2,99,12,2,127-3,[]
TX,389.788907947,290405.088305835,4641805.811562318,1.2,51,7,2,111-17,[]
TX,390.166270804,291520.13740065,4642074.951952031,1.2,482,12,2,24-13,[]
TX,390.227260323,291960.207301004,4642966.179386578,1.2,82,12,2,124-1,[]
TX,390.579314807,292419.327036993,4643503.284487541,1.2,67,12,2,115-17,[]
TX,390.833750505,294995.456774476,4642702.267062104,1.2,413,8,2,231-11,"[['RX_GW', 391.04116408, 413, 8, 2, 868.1, -125.438480737, '00:00:00:00:00:04']]"
TX,391.481966742,290474.542784213,4640675.617992288,1.2,496,7,2,24-28,[]
TX,391.501600482,295118.7995173,4642757.187568842,1.2,326,10,2,212-18,"[['RX_GW', 392.161110012, 326, 10, 2, 868.1, -130.407863651, '00:00:00:00:00:04']]"
TX,391.546784656,288821.354089235,4645579.054245547,1.2,279,12,2,195-28,[]
TX,391.605604005,298922.126869348,4642875.597145393,1.2,665,12,2,321-24,[]
TX,391.988782923,294251.432917727,4629995.441933958,1.2,647,12,2,308-11,[]
TX,392.100340765,295140.212731639,4642755.223976977,1.2,337,10,2,212-8,[]
TX,392.262680093,299829.873657689,4630252.808920847,1.2,518,12,2,241-8,[]
TX,393.639122793,291590.967259312,4642155.008002105,1.2,478,11,2,24-1,[]
TX,393.75007682,291099.013741456,4642464.570737504,1.2,825,11,2,7-29,[]
TX,393.77730143,293762.287342169,4640461.150045309,1.2,164,12,2,149-1,[]
TX,394.627945125,291289.652157504,4644946.353559865,1.2,38,12,2,109-20,[]
TX,394.752610638,288260.725856962,4642364.342578856,1.2,513,12,2,241-3,[]
TX,395.544914352,292197.041858743,4642155.150146677,1.2,27,12,2,105-16,[]
TX,395.588752627,293768.187008876,4639713.810582502,1.2,858,12,2,76-26,[]
TX,396.001013517,293484.113083882,4641297.967356969,1.2,752,12,2,45-2,[]
TX,396.033379341,292700.837474734,4641718.424068595,1.2,428,12,2,232-27,[]
TX,396.043397677,295990.33869424,4649156.657391244,1.2,901,12,2,97-12,[]
TX,396.417606206,288334.913486093,4638724.865147009,1.2,743,12,2,41-11,[]
TX,396.434098213,271639.680846509,4630615.953671614,1.2,389,12,2,225-6,[]
TX,396.796466686,287307.754634742,4643943.179385551,1.2,528,12,2,242-9,[]
TX,397.197136837,295851.084109495,4642331.481684634,1.2,620,7,2,287-28,"[['RX_GW', 397.312132465, 620, 7, 2, 868.1, -114.75671841, '00:00:00:00:00:04']]"
TX,397.591767223,285181.931333112,4633068.819994197,1.2,631,12,2,290-2,[]
TX,397.74883299,290756.205806563,4641517.215651475,1.2,266,7,2,194-22,[]
TX,398.188416207,291586.514084937,4642128.723025517,1.2,483,11,2,24-14,"[['RX_GW', 399.669176519, 483, 11, 2, 868.1, -134.429153062, '00:00:00:00:00:02']]"
TX,398.213949267,293907.968905555,4645369.461661229,1.2,317,12,2,21-14,[]
TX,398.681849985,287349.540982782,4645790.52884545,1.2,592,12,2,266-13,[]
TX,399.504270568,291509.013679157,4642427.962376554,1.2,808,12,2,60-25,[]
TX,399.638108968,291103.503718691,4642471.85197706,1.2,605,11,2,273-2,[]
TX,399.641440552,293783.901633044,4640441.614407566,1.2,275,12,2,195-20,[]
TX,400.735380931,291938.352328245,4641676.834624289,1.2,127,12,2,137-16,[]
TX,400.986615108,295024.785936842,4638743.424456087,1.2,220,12,2,172-4,[]
TX,401.140295005,295134.020326109,4642763.307859966,1.2,334,10,2,212-4,[]
TX,401.760699592,283214.281944462,4633453.829359955,1.2,529,12,2,250-3,[]
TX,401.898059375,289041.416956711,4636160.094522057,1.2,690,12,2,341-21,[]
TX,402.131093117,292161.639082036,4642180.829869229,1.2,199,12,2,162-27,[]
TX,402.16119738,272469.918612258,4629571.338517128,1.2,205,12,2,162-6,[]
TX,402.361844693,303257.623769394,4678864.676628104,1.2,147,12,2,140-12,[]
TX,402.989272778,287899.451582151,4629598.780989834,1.2,511,12,2,241-25,[]
TX,403.158601046,300228.153661598,4631544.388402331,1.2,646,12,2,308-10,[]
TX,403.511465647,290756.548095034,4641524.910873458,1.2,264,7,2,194-13,"[['RX_GW', 403.626462516, 264, 7, 2, 868.1, -120.491972047, '00:00:00:00:00:02']]"
TX,403.579725431,295869.108085736,4649079.863041057,1.2,905,12,2,97-27,[]
TX,403.73366897,295760.552694709,4635336.547700216,1.2,562,12,2,259-15,[]
TX,403.778728438,272452.995761223,4629637.514040356,1.2,219,12,2,172-30,[]
TX,403.79105541,283229.58612513,4633247.737533092,1.2,546,12,2,254-6,[]
TX,403.880507054,294130.964753554,4647401.163930957,1.2,778,12,2,51-3,[]
TX,404.570999582,271769.323128401,4630737.308042711,1.2,506,12,2,241-19,[]
TX,404.832229712,292523.00300884,4642923.165773498,1.2,599,12,2,273-11,[]
TX,404.9280555,300353.951374419,4627470.375617371,1.2,853,12,2,72-20,[]
TX,405.804044452,291580.988446133,4642131.406400115,1.2,492,11,2,24-24,"[['RX_GW', 407.284804754, 492, 11, 2, 868.1, -134.40335065, '00:00:00:00:00:02']]"
TX,406.40132164,295585.069731654,4648820.046372606,1.2,899,12,2,96-21,[]
TX,406.457058764,293175.329040905,4640199.850478889,1.2,493,12,2,24-25,[]
TX,406.718099751,292524.143500038,4642913.543449386,1.2,570,12,2,259-29,[]
TX,407.185961004,290475.511676249,4644961.831383062,1.2,160,12,2,140-30,[]
TX,407.190876773,288277.850452906,4642691.279423979,1.2,816,12,2,7-13,[]
TX,407.347896831,283142.049082296,4646076.670460923,1.2,788,12,2,53-18,[]
TX,407.802085322,294883.391390565,4642699.337370998,1.2,486,10,2,24-17,"[['RX_GW', 408.461595137, 486, 10, 2, 868.1, -130.058375227, '00:00:00:00:00:04']]"
TX,407.83466908,283420.947768171,4643528.457631796,1.2,588,12,2,264-19,[]
TX,407.860349685,289750.032474962,4644465.451077314,1.2,378,12,2,223-23,[]
TX,408.037581309,290830.70323773,4629993.874765751,1.2,384,12,2,225-19,[]
TX,408.086995039,292291.337594796,4637744.007555227,1.2,527,12,2,242-8,[]
TX,408.251714694,292198.658071355,4642159.220296348,1.2,4,12,2,104-13,[]
TX,408.635842429,294976.17873315,4642719.29170554,1.2,713,8,2,359-1,"[['RX_GW', 408.843256087, 713, 8, 2, 868.1, -124.021235506, '00:00:00:00:00:04']]"
TX,408.663107225,295140.116759236,4642723.838830039,1.2,720,9,2,369-16,[]
TX,408.811091311,290414.407265401,4641794.332734864,1.2,819,7,2,7-16,[]
TX,408.859218206,271778.138588851,4630717.798871906,1.2,0,12,2,104-1,[]
TX,409.192794005,300474.207350523,4631285.916051079,1.2,655,12,2,308-28,[]
TX,409.510804284,290071.176074849,4642398.035080527,1.2,227,11,2,173-27,[]
TX,409.567397959,299627.370772389,4634956.483684463,1.2,281,12,2,195-5,[]
TX,409.908912903,294357.451748709,4638962.910921309,1.2,711,12,2,357-20,[]
TX,410.079408249,294886.793332045,4645803.172249156,1.2,178,12,2,153-29,[]
TX,410.1077171,271612.705137496,4630637.200286753,1.2,510,12,2,241-23,[]
TX,410.401458586,295168.797699907,4642726.652896102,1.2,875,9,2,8-21,"[['RX_GW', 410.773223937, 875, 9, 2, 868.1, -129.604264512, '00:00:00:00:00:04']]"
TX,410.669069102,271672.879771953,4630624.713080999,1.2,352,12,2,22-23,[]
TX,411.194247896,290673.460624926,4642298.653220591,1.2,149,10,2,140-15,"[['RX_GW', 411.853758638, 149, 10, 2, 868.1, -131.40927239, '00:00:00:00:00:02']]"
TX,412.281001431,289718.01878135,4647153.393089624,1.2,591,12,2,266-11,[]
TX,412.5937733,295623.829844972,4645552.760856326,1.2,216,12,2,171-28,[]
TX,413.150080973,273409.61354892,4630060.314806934,1.2,533,12,2,253-19,[]
TX,413.384759104,271645.667175748,4630648.601218416,1.2,677,12,2,322-30,[]
TX,413.501816978,286212.099675318,4614127.975287278,1.2,639,12,2,291-6,[]
TX,413.893626879,293344.74476467,4646889.494731366,1.2,741,12,2,40-9,[]
TX,414.815630855,279963.815178843,4639797.3944138,1.2,541,12,2,254-18,[]
TX,415.119868882,292868.182821691,4641898.648987737,1.2,241,12,2,178-25,[]
TX,415.561370912,290693.308050046,4641305.118298872,1.2,249,7,2,178-6,"[['RX_GW', 415.676367205, 249, 7, 2, 868.1, -118.082594378, '00:00:00:00:00:02']]"
TX,415.719143114,291036.040518613,4641927.294649163,1.2,135,11,2,137-25,"[['RX_GW', 417.199901584, 135, 11, 2, 868.1, -133.339097273, '00:00:00:00:00:02']]"
TX,415.822186303,290627.242692778,4646601.151102937,1.2,846,12,2,71-29,[]
TX,416.025049497,293784.905125006,4640437.415669564,1.2,274,12,2,195-19,[]
TX,416.030243757,295828.289697721,4649011.199035802,1.2,904,12,2,97-26,[]
TX,416.048599788,267921.386084692,4644913.508326196,1.2,684,12,2,337-24,[]
TX,416.368259481,292527.743085717,4642910.151253865,1.2,702,12,2,351-25,[]
TX,416.755805918,285878.602600148,4641433.375701074,1.2,544,12,2,254-29,[]
TX,417.076674382,292509.161425291,4630032.945880431,1.2,649,12,2,308-13,[]
TX,417.42657577,292194.2982613,4642153.454109651,1.2,578,12,2,260-25,[]
TX,417.514547567,283529.031982277,4633287.493394335,1.2,640,12,2,294-5,[]
TX,417.716062362,307260.73429623,4643659.381905014,1.2,305,12,2,201-22,[]
TX,418.09030833,294975.364682837,4642709.626800063,1.2,424,8,2,231-9,"[['RX_GW', 418.297721964, 424, 8, 2, 868.1, -125.707121777, '00:00:00:00:00:04']]"
TX,418.253392273,282692.783800127,4635671.53950052,1.2,520,12,2,242-18,[]
TX,418.948550769,292692.276561653,4643667.698076344,1.2,569,12,2,259-28,[]
TX,419.003409154,271673.36859228,4630654.010875002,1.2,473,12,2,238-4,[]
TX,420.859648413,296029.559515458,4639419.254158608,1.2,870,12,2,8-16,"[['RX_GW', 423.491385637, 870, 12, 2, 868.1, -138.574737595, '00:00:00:00:00:04']]"
TX,421.446489648,292182.715930385,4642136.656261401,1.2,465,12,2,236-8,[]
TX,421.543838612,293317.257865586,4646846.324828833,1.2,115,12,2,130-25,[]
TX,422.765825835,292206.18374579,4642167.214224262,1.2,289,12,2,2-22,[]
TX,422.980926081,292204.060158006,4642157.735366975,1.2,399,12,2,228-15,[]
TX,423.136307088,284674.352979211,4640529.971938956,1.2,540,12,2,254-17,[]
TX,423.237611582,278119.474432377,4632449.031722696,1.2,547,12,2,254-7,[]
TX,423.906512161,295525.813684612,4643813.311687018,1.2,572,11,2,260-1,"[['RX_GW', 425.387272721, 572, 11, 2, 868.1, -134.617579535, '00:00:00:00:00:04']]"
TX,424.294490792,271655.684708802,4630614.47079542,1.2,346,12,2,22-17,[]
TX,424.432251702,292215.003205604,4642929.829350475,1.2,40,12,2,11-2,[]
TX,424.831743715,295081.723589235,4637823.642525237,1.2,793,12,2,53-24,[]
TX,424.899021886,286380.293495534,4640681.468085816,1.2,579,12,2,260-26,[]
TX,426.213969778,291833.037826175,4642541.475800696,1.2,795,12,2,53-27,[]
TX,426.798114926,292197.154339494,4642161.234887512,1.2,23,12,2,105-12,[]
TX,426.904536555,291987.922076242,4643691.807499597,1.2,277,12,2,195-26,[]
TX,427.253388962,271614.948070872,4630647.213425809,1.2,472,12,2,238-3,[]
TX,427.551075411,304610.539606148,4650978.47695331,1.2,763,12,2,47-18,[]
TX,427.64131358,292741.489669523,4641686.581810014,1.2,622,12,2,288-10,[]
TX,427.647244405,291160.946644136,4641959.042650757,1.2,245,10,2,178-3,[]
TX,427.857155026,291608.950579136,4642167.218808161,1.2,503,12,2,24-7,[]
TX,427.87712312,292202.780933483,4642153.689585377,1.2,73,12,2,115-23,[]
TX,428.481944471,282346.039420712,4632818.36291375,1.2,634,12,2,290-5,[]
TX,429.026244536,291984.196593811,4643706.867571765,1.2,20,12,2,104-7,[]
TX,429.02873191,282850.262208161,4635085.932196021,1.2,10,12,2,104-25,[]
TX,429.13963338,292964.657727638,4642270.818096735,1.2,34,12,2,106-27,[]
TX,429.717219548,282559.775074608,4644046.155497094,1.2,589,12,2,264-21,[]
TX,429.774140491,290090.124805491,4635391.991347111,1.2,532,12,2,253-17,[]
TX,430.191413651,293360.543862227,4649512.525163728,1.2,112,12,2,130-14,[]
TX,431.045830013,304691.991423706,4651099.732167387,1.2,764,12,2,47-19,[]
TX,431.367837195,289936.415892435,4641710.450707318,1.2,439,7,2,234-26,[]
TX,431.432219189,271861.406279553,4630368.800579897,1.2,268,12,2,194-8,[]
TX,431.683443977,293830.049426162,4639975.855737067,1.2,6,12,2,104-15,"[['RX_GW', 434.315182005, 6, 12, 2, 868.1, -138.78493533, '00:00:00:00:00:04']]"
TX,432.696649851,288386.059825327,4637093.26495348,1.2,24,12,2,105-13,[]
TX,432.974072833,295994.942957893,4649163.626278622,1.2,900,12,2,97-11,[]
TX,433.196456712,291064.731586101,4644050.909301527,1.2,566,12,2,259-25,[]
TX,433.221162714,291092.291510254,4643692.449103813,1.2,303,12,2,200-6,[]
TX,433.294664554,287958.76348279,4629799.334666519,1.2,512,12,2,241-26,[]
TX,433.58640766,294138.038496675,4647406.700651691,1.2,774,12,2,51-15,[]
TX,433.638782611,291490.594166365,4642062.785310558,1.2,130,12,2,137-19,[]
TX,433.790277865,291985.677175583,4643698.629182929,1.2,17,12,2,104-4,[]
TX,435.134452765,290566.393763377,4639237.841301084,1.2,366,11,2,222-19,[]
TX,435.665476292,272273.530601818,4630047.382970147,1.2,712,12,2,358-24,[]
TX,435.824885985,293323.841653859,4644824.815387576,1.2,230,12,2,175-29,[]
TX,436.273014994,284473.351939105,4632917.907711486,1.2,811,12,2,60-8,[]
TX,436.350137721,291843.510593075,4642547.873677982,1.2,42,12,2,11-3,[]
TX,436.77685181,291689.823291213,4642765.530381043,1.2,94,12,2,124-5,[]
TX,437.328611691,292519.25759079,4642915.933250127,1.2,559,12,2,259-12,[]
TX,437.883160446,289314.326737434,4639759.5590518,1.2,48,10,2,110-22,[]
TX,438.087759019,291837.827782444,4642562.487158246,1.2,674,12,2,322-26,[]
TX,438.20441243,294119.751672191,4647404.58216262,1.2,736,12,2,40-24,[]
TX,438.507398778,289945.791101254,4634414.961758885,1.2,606,12,2,273-24,[]
TX,438.590688723,291998.836265964,4643690.782285085,1.2,813,12,2,7-10,[]
TX,439.831426343,289947.616968121,4634413.221385795,1.2,524,12,2,242-23,[]
TX,439.956237617,294141.274090313,4647411.460301376,1.2,643,12,2,3-12,[]
TX,440.511437582,290045.928623138,4642396.505001639,1.2,70,11,2,115-20,[]
TX,440.653785173,292190.500491267,4642153.361425497,1.2,11,12,2,104-26,[]
TX,440.99693236,291446.500717421,4641308.706819475,1.2,122,11,2,137-10,[]
TX,441.101290331,292722.684184341,4641735.139692248,1.2,890,12,2,82-7,[]
TX,441.148284585,290074.070204527,4640033.0378355,1.2,239,7,2,178-19,[]
TX,441.240418394,296145.561728303,4640320.445726471,1.2,709,10,2,353-6,"[['RX_GW', 441.899928764, 709, 10, 2, 868.1, -130.873273313, '00:00:00:00:00:04']]"
TX,441.444827181,295615.880286747,4645569.594552022,1.2,215,12,2,171-27,[]
TX,441.896944179,291842.527567497,4642556.703451651,1.2,46,12,2,11-6,[]
TX,442.113431641,291731.763731028,4642145.698984602,1.2,145,12,2,137-7,[]
TX,443.019810031,296023.212284072,4647526.019362753,1.2,776,12,2,51-17,[]
TX,443.17633666,294398.682261236,4643078.703526576,1.2,243,12,2,178-27,[]
TX,443.528489324,304599.556008582,4650966.239987331,1.2,762,12,2,47-17,[]
TX,443.747249483,290858.879015399,4641184.659726148,1.2,551,7,2,257-21,[]
TX,443.859536079,290271.582677103,4636454.361295122,1.2,667,12,2,321-27,[]
TX,443.883435711,294884.643908327,4637147.422709085,1.2,192,12,2,162-13,[]
TX,444.443755694,279953.585794149,4639770.094543144,1.2,537,12,2,254-1,[]
TX,444.617052227,292685.699825395,4641786.643732,1.2,716,12,2,369-12,[]
TX,444.971158436,291843.182947119,4642555.982522795,1.2,464,12,2,236-7,[]
TX,445.933088769,272528.898740584,4629598.468180378,1.2,514,12,2,241-4,[]
TX,446.101858848,288196.884342758,4643897.578504073,1.2,242,12,2,178-26,[]
TX,446.246665513,292188.169925425,4642141.473317376,1.2,398,12,2,228-14,[]
TX,446.517727767,291588.589582939,4642150.839477938,1.2,498,11,2,24-3,[]
TX,446.670266044,289146.431201533,4637197.823536769,1.2,688,12,2,341-19,[]
TX,446.883542792,295577.976570359,4647051.469185899,1.2,394,12,2,226-11,[]
TX,446.973366942,271609.031439634,4630654.236387241,1.2,526,12,2,242-7,[]
TX,447.062905448,291834.927886363,4642547.604790634,1.2,451,12,2,236-18,[]
TX,447.737442687,292682.868231627,4641802.652837698,1.2,672,12,2,322-24,[]
TX,447.810044515,291034.576185287,4640406.23995275,1.2,891,8,2,91-15,"[['RX_GW', 448.017457995, 891, 8, 2, 868.1, -125.508650071, '00:00:00:00:00:02']]"
TX,448.162881472,293732.174204276,4650696.607015461,1.2,773,12,2,49-11,[]
TX,448.294315805,271624.683633866,4630616.704762253,1.2,675,12,2,322-27,[]
TX,448.32877865,294404.148664555,4639991.450811306,1.2,202,12,2,162-30,[]
TX,449.015905329,292684.840204132,4641805.619159986,1.2,724,12,2,369-27,[]
TX,449.22626377,293621.246324405,4650339.83132437,1.2,629,12,2,29-11,[]
TX,450.063461437,295132.796570401,4642768.331621316,1.2,7,10,2,104-16,[]
TX,450.636716963,280312.547380044,4632631.743873233,1.2,636,12,2,290-7,[]
TX,450.985177455,306489.888574474,4640287.29579156,1.2,879,12,2,8-6,[]
TX,451.711961591,301799.185758485,4643624.633559165,1.2,834,12,2,70-5,[]
TX,451.821380575,294485.481864166,4639813.853675265,1.2,142,12,2,137-4,"[['RX_GW', 454.453117603, 142, 12, 2, 868.1, -139.55300713, '00:00:00:00:00:04']]"
TX,452.117712718,293710.460495299,4645350.714414159,1.2,508,12,2,241-21,[]
TX,452.249084182,295839.076877866,4642279.008666469,1.2,618,7,2,287-12,[]
TX,452.609597015,294848.792777526,4640635.693040949,1.2,402,9,2,228-2,[]
TX,452.963376585,286060.583765011,4641558.898863796,1.2,322,12,2,211-14,[]
TX,453.43886594,294940.995746854,4646688.193305203,1.2,641,12,2,3-10,[]
TX,453.803602834,291422.748499104,4642036.375416675,1.2,758,12,2,46-15,"[['RX_GW', 456.435338534, 758, 12, 2, 868.1, -135.495274439, '00:00:00:00:00:02']]"
TX,453.949442933,291250.466620325,4630276.921421657,1.2,651,12,2,308-24,[]
TX,454.268854144,303018.701864057,4640603.296242746,1.2,880,12,2,8-7,[]
TX,454.494715134,287892.618714787,4634472.585831295,1.2,630,12,2,290-1,[]
TX,455.213433769,297030.765022922,4649346.444989555,1.2,410,12,2,229-5,[]
TX,455.495519394,290272.701409193,4642144.859170503,1.2,153,8,2,140-19,[]
TX,455.549242403,276006.900918383,4626453.723527398,1.2,525,12,2,242-6,[]
TX,455.570342597,302395.682773216,4639522.02914251,1.2,2,12,2,104-11,[]
TX,455.938005432,271624.553542777,4630641.608858708,1.2,470,12,2,238-22,[]
TX,456.167209407,294059.795549289,4650289.940976698,1.2,739,12,2,40-27,[]
TX,456.391991008,292296.852791971,4642302.490795217,1.2,3,12,2,104-12,[]
TX,456.835793664,292206.006812273,4642164.916106714,1.2,395,12,2,228-1,[]
TX,457.064352383,279200.778880874,4632525.945837939,1.2,455,12,2,236-22,[]
TX,457.40595144,295154.910143981,4642772.150306572,1.2,669,10,2,321-4,"[['RX_GW', 458.065460957, 669, 10, 2, 868.1, -130.347328095, '00:00:00:00:00:04']]"
TX,457.983291678,292781.653283022,4642159.732838274,1.2,32,12,2,106-25,[]
TX,458.092622322,286516.088500314,4641987.966363492,1.2,76,12,2,115-8,[]
TX,458.371018398,291273.622982151,4642371.687046329,1.2,248,9,2,178-5,[]
TX,458.902497364,291762.092131828,4642623.576807017,1.2,44,12,2,11-4,[]
TX,459.166897256,297078.552606633,4639918.544449402,1.2,728,12,2,369-6,[]
TX,459.370885537,291724.745068979,4642807.62205147,1.2,47,12,2,11-7,[]
TX,459.38592211,292890.370523339,4640461.347443372,1.2,342,12,2,214-27,[]
TX,460.015596403,291419.760995714,4642034.800447185,1.2,447,12,2,236-10,[]
TX,460.329406374,292185.947380051,4642181.523179285,1.2,623,12,2,288-12,[]
TX,460.387296924,291733.156627439,4642151.316162335,1.2,140,12,2,137-3,[]
TX,461.096539711,290659.749065015,4646584.188159783,1.2,850,12,2,71-6,[]
TX,461.530682857,295820.198542529,4642262.118395857,1.2,357,7,2,220-22,[]
TX,462.516364342,289708.579207076,4638891.998468443,1.2,742,11,2,41-10,[]
TX,462.614686027,290318.46518568,4655885.169860478,1.2,664,12,2,318-16,[]
TX,462.817408713,290785.580500822,4644282.215761149,1.2,887,12,2,80-30,[]
TX,463.003088871,290059.296233887,4635381.713040272,1.2,233,12,2,178-11,[]
TX,463.444941694,288214.499795964,4639149.196468521,1.2,861,12,2,79-10,"[['RX_GW', 466.076679459, 861, 12, 2, 868.1, -138.911101313, '00:00:00:00:00:02']]"
TX,463.922520549,289121.506250401,4639505.904122724,1.2,282,10,2,198-22,[]
TX,464.416969776,295817.202959791,4642256.275382071,1.2,359,7,2,220-24,"[['RX_GW', 464.531965135, 359, 7, 2, 868.1, -113.332075821, '00:00:00:00:00:04']]"
TX,466.048567601,292676.771482284,4641812.225513044,1.2,311,12,2,203-9,[]
TX,466.49786132,293415.22229608,4649051.396053032,1.2,110,12,2,130-12,[]
TX,466.869915382,297998.912813201,4636503.683564527,1.2,682,12,2,332-26,[]
TX,467.037132408,290408.209734019,4641792.902373224,1.2,221,7,2,172-5,"[['RX_GW', 467.152129215, 221, 7, 2, 868.1, -123.128257286, '00:00:00:00:00:02']]"
TX,467.135150617,291845.00671903,4642542.411939391,1.2,573,12,2,260-11,[]
TX,467.247962479,292526.153991334,4642917.549195992,1.2,785,12,2,53-14,[]
TX,467.467080258,299836.242295481,4630247.354782062,1.2,598,12,2,273-10,[]
TX,467.667472176,289581.662154247,4645188.876358542,1.2,497,12,2,24-29,[]
TX,468.73939978,286112.554671049,4632017.545292169,1.2,523,12,2,242-22,[]
TX,469.12724337,301509.104416437,4649077.883362789,1.2,61,12,2,113-10,[]
TX,470.098861973,289324.651936432,4639766.554386707,1.2,207,10,2,169-10,"[['RX_GW', 470.758371837, 207, 10, 2, 868.1, -132.818183196, '00:00:00:00:00:02']]"
TX,470.163780292,290204.445996177,4640199.165828479,1.2,571,7,2,259-30,[]
TX,470.63600256,293708.258504131,4645354.412649654,1.2,315,12,2,21-12,[]
TX,470.870561925,294087.366778794,4645645.117047497,1.2,582,12,2,260-29,[]
TX,471.809040958,292192.491153592,4642150.716204206,1.2,203,12,2,162-4,[]
TX,472.551776021,288991.696428178,4641820.201445298,1.2,225,9,2,173-25,[]
TX,472.664012778,282664.834433653,4661532.031656841,1.2,848,12,2,71-30,[]
TX,472.869090295,301421.009444507,4632278.992125202,1.2,650,12,2,308-14,[]
TX,473.28716914,291792.605647091,4641617.175000543,1.2,198,12,2,162-24,[]
TX,473.429197012,285947.248726415,4641489.802864049,1.2,577,12,2,260-24,[]
TX,473.516314922,292249.028146427,4642100.144032252,1.2,344,12,2,214-29,[]
TX,473.622104917,296203.350912619,4630490.975306053,1.2,652,12,2,308-25,[]
TX,474.315215657,293322.143161136,4640800.948886751,1.2,79,12,2,119-23,[]
TX,474.568745886,290412.449419169,4633021.356560593,1.2,193,12,2,162-17,[]
TX,475.316048777,295759.199902383,4642547.108559337,1.2,362,7,2,220-28,[]
TX,475.569292227,295860.725938019,4642335.573378257,1.2,619,7,2,287-14,[]
TX,475.722538729,292270.199875704,4641879.41230396,1.2,176,12,2,150-30,[]
TX,476.731867483,294528.33716594,4644417.194276935,1.2,516,12,2,241-6,[]
TX,476.941296712,290978.907175895,4640936.295682627,1.2,894,7,2,91-19,[]
TX,476.995413128,286863.615136022,4641684.767318773,1.2,583,12,2,261-10,[]
TX,478.417903892,292730.321769282,4642079.044857085,1.2,35,12,2,106-28,"[['RX_GW', 481.049643408, 35, 12, 2, 868.1, -139.802845303, '00:00:00:00:00:04']]"
TX,479.483627812,291523.74510907,4642436.699016453,1.2,196,12,2,162-20,[]
TX,480.428359216,298125.701787655,4632348.523713509,1.2,723,12,2,369-26,[]
TX,480.456250109,291098.992645171,4642460.344154842,1.2,782,11,2,53-11,[]
TX,480.550323172,304516.372878585,4650178.912027751,1.2,768,12,2,47-4,[]
TX,482.167989664,276327.426034445,4631877.815872353,1.2,380,12,2,223-25,[]
TX,482.20499833,292695.859567187,4641808.701462085,1.2,719,12,2,369-15,[]
TX,482.328530188,307074.48855155,4640262.25926278,1.2,877,12,2,8-4,[]
TX,482.356416801,304600.018012082,4650973.592014784,1.2,765,12,2,47-20,[]
TX,482.761263479,292450.404221788,4639740.721124712,1.2,386,12,2,225-3,[]
TX,482.832172857,295629.385776388,4645543.521412567,1.2,214,12,2,171-26,[]
TX,483.363580585,287773.091074701,4639516.093672377,1.2,50,12,2,110-25,[]
TX,484.243791979,292675.516787608,4641791.752016997,1.2,53,12,2,111-19,[]
TX,485.439264243,295861.864236052,4642319.18350784,1.2,616,7,2,287-10,"[['RX_GW', 485.55425984, 616, 7, 2, 868.1, -114.481948016, '00:00:00:00:00:04']]"
TX,485.647873867,291794.798284011,4640454.094073552,1.2,548,12,2,257-14,[]
TX,485.964542421,292217.047804321,4639454.289419231,1.2,102,12,2,129-4,[]
TX,485.9978453,291597.309560419,4642161.4376992,1.2,494,11,2,24-26,[]
TX,486.210914373,291281.435462282,4642389.880779335,1.2,534,11,2,253-20,[]
TX,486.230994849,293770.966396172,4646925.895124811,1.2,704,12,2,351-27,[]
TX,486.46814301,287259.231701452,4641551.094541721,1.2,538,12,2,254-15,[]
TX,487.496128264,291985.87312969,4642983.234381196,1.2,57,12,2,111-23,[]
TX,487.890559686,290097.095050573,4635390.377017052,1.2,884,12,2,80-26,[]
TX,487.902105225,290489.295863328,4647532.743419712,1.2,159,12,2,140-3,[]
TX,487.925488839,295335.386274317,4653414.695241948,1.2,158,12,2,140-29,[]
TX,488.492575622,290086.055698913,4635412.534571439,1.2,885,12,2,80-27,[]
TX,488.582049998,292132.843218985,4641361.875385369,1.2,693,12,2,348-14,[]
TX,488.69851345,294445.16543879,4639431.706384227,1.2,165,12,2,149-18,[]
TX,488.785438506,306598.036579921,4684630.39234435,1.2,444,12,2,235-22,[]
TX,489.957808567,291990.496081178,4643700.860569239,1.2,96,12,2,124-7,[]
TX,489.98631809,292199.319132072,4642150.317755722,1.2,271,12,2,195-13,[]
TX,490.027398682,293805.397123808,4642851.548064434,1.2,141,12,2,137-30,[]
TX,490.06647503,287416.614829884,4641608.775716327,1.2,321,12,2,211-13,[]
TX,490.30537461,288368.416241796,4641317.298448516,1.2,288,10,2,2-2,[]
TX,490.398602304,294308.548520533,4639006.815807177,1.2,710,12,2,357-17,[]
TX,490.439663987,292801.29457582,4641214.766854445,1.2,722,12,2,369-25,[]
TX,490.510026033,297918.98449194,4632706.240023891,1.2,657,12,2,310-4,[]
TX,490.848298031,290515.357831036,4637390.875689923,1.2,293,12,2,2-8,[]
TX,491.009934109,271627.050969763,4630656.602217528,1.2,476,12,2,238-8,[]
TX,491.056432423,292492.297016776,4637205.217591904,1.2,810,12,2,60-27,[]
TX,491.541286362,298124.042514906,4636404.711488286,1.2,610,12,2,273-30,[]
TX,492.341922051,291732.805388929,4642171.026940457,1.2,200,12,2,162-29,[]
TX,493.43900677,290378.119214862,4639173.88101144,1.2,855,12,2,73-2,[]
TX,493.715634209,291132.25663217,4632059.13602265,1.2,163,12,2,143-26,[]
TX,493.880097355,271901.157318893,4630668.000640763,1.2,22,12,2,105-10,[]
TX,494.112219534,291985.691291744,4643686.738308031,1.2,18,12,2,104-5,[]
TX,494.43923197,291985.28832249,4643691.084981262,1.2,84,12,2,124-16,[]
TX,494.697974667,292197.821999113,4642154.060310099,1.2,797,12,2,53-29,[]
TX,495.30399798,295958.377399016,4642545.408310843,1.2,621,8,2,287-8,"[['RX_GW', 495.5114104, 621, 8, 2, 868.1, -124.098111747, '00:00:00:00:00:04']]"
TX,495.525298135,273659.753824395,4630677.697290689,1.2,749,12,2,42-13,[]
TX,495.574369945,291850.511751829,4642541.011126066,1.2,449,12,2,236-14,[]
TX,496.123511707,273581.942644462,4630173.919880864,1.2,509,12,2,241-22,[]
TX,496.379425065,294987.9262303,4642702.187553515,1.2,414,8,2,231-12,"[['RX_GW', 496.586838654, 414, 8, 2, 868.1, -125.504366575, '00:00:00:00:00:04']]"
TX,496.45246832,292503.608709299,4642917.725451809,1.2,211,12,2,171-23,[]
TX,497.125617892,295871.925875607,4648484.77262144,1.2,560,12,2,259-13,[]
TX,497.189662705,282728.421160725,4635540.672998014,1.2,615,12,2,281-16,[]
TX,497.491176724,292493.065790196,4641929.860157957,1.2,272,12,2,195-14,[]
TX,497.561823406,289069.382146464,4636276.405358078,1.2,689,12,2,341-20,[]
TX,497.824363781,283766.750774139,4632938.753969747,1.2,379,12,2,223-24,[]
TX,497.984577431,295645.289290072,4645560.915733985,1.2,212,12,2,171-24,[]
TX,498.316437613,295164.630444676,4642737.796468612,1.2,871,9,2,8-17,"[['RX_GW', 498.688203003, 871, 9, 2, 868.1, -129.794615652, '00:00:00:00:00:04']]"
TX,498.469415163,294871.809983723,4646768.013921828,1.2,316,12,2,21-13,[]
TX,498.655843688,300837.574255396,4645109.568657994,1.2,734,12,3,39-28,[]
TX,498.854547891,292517.784499617,4642898.081649752,1.2,405,12,2,228-28,[]
TX,498.937235719,295134.238463628,4642728.510775348,1.2,333,9,2,212-29,"[['RX_GW', 499.30900113, 333, 9, 2, 868.1, -129.895298801, '00:00:00:00:00:04']]"
TX,499.044889357,289241.462909888,4643793.966330679,1.2,866,12,2,79-28,[]
TX,499.146733612,295076.829489829,4642853.176754735,1.2,327,8,2,212-20,[]
TX,499.147868664,301680.79320394,4632495.002163546,1.2,100,12,2,129-22,[]
TX,499.379421606,294736.45512345,4642509.476734135,1.2,306,10,2,202-26,"[['RX_GW', 500.038931319, 306, 10, 2, 868.1, -130.231007705, '00:00:00:00:00:04']]"
TX,499.398603486,289872.597984557,4639953.127327111,1.2,438,7,2,234-25,[]
TX,499.544581582,295358.258060701,4638472.050812018,1.2,175,12,2,150-29,[]
TX,500.058100651,300026.715639855,4642805.082741261,1.2,827,12,2,70-1,[]
TX,500.081850324,292690.824922683,4641788.611527724,1.2,31,12,2,106-24,[]
TX,500.765433241,302782.682097532,4648615.124894151,1.2,63,12,2,113-12,[]
TX,500.94295615,284348.248914453,4632990.621864941,1.2,381,12,2,223-26,[]
TX,501.212341529,289313.308521576,4639774.972479286,1.2,209,10,2,169-14,[]
TX,503.124385152,293481.041766969,4645887.13777896,1.2,888,12,2,81-24,[]
TX,503.543683089,290050.359182978,4642390.233505076,1.2,68,11,2,115-18,"[['RX_GW', 505.024441549, 68, 11, 2, 868.1, -133.067650714, '00:00:00:00:00:02']]"
TX,503.662097504,292816.525692254,4646168.146189847,1.2,867,12,2,79-29,[]
TX,504.415014711,291642.012135492,4640990.034606892,1.2,726,10,2,369-29,[]
TX,504.474354663,291847.94015936,4642559.755662375,1.2,45,12,2,11-5,[]
TX,504.636421225,293321.68443585,4642689.545298484,1.2,427,12,2,232-26,[]
TX,504.875234258,291100.613513373,4639344.905457855,1.2,85,12,2,124-18,[]
TX,505.076264129,284370.688425341,4631957.232514421,1.2,822,12,2,7-26,[]
TX,505.372790017,297159.151764326,4639828.158082264,1.2,729,12,2,369-7,[]
TX,505.807290629,296555.167884162,4640738.392058109,1.2,186,7,2,157-17,[]
TX,506.35351165,291291.112113186,4641953.523381443,1.2,625,11,2,288-15,"[['RX_GW', 507.834270824, 625, 11, 2, 868.1, -133.985664935, '00:00:00:00:00:02']]"
TX,506.491318068,291508.062583573,4642437.206307497,1.2,807,12,2,60-13,[]
TX,506.636026864,292650.216755679,4641800.033107035,1.2,1,12,2,104-10,[]
TX,506.779275935,291975.706929493,4643689.409535297,1.2,15,12,2,104-3,[]
TX,507.432952831,281005.854796898,4623926.162190955,1.2,760,12,2,46-18,[]
TX,507.551551232,289321.647127148,4639763.048231495,1.2,49,10,2,110-24,[]
TX,507.693805262,300136.48144723,4629289.857466117,1.2,852,12,2,72-1,[]
TX,508.171610157,291817.294817474,4642208.251142606,1.2,197,12,2,162-21,[]
TX,508.425267235,299468.306594338,4658619.532378014,1.2,353,12,2,220-17,[]
TX,508.887322581,289841.682698561,4638779.691565243,1.2,553,12,2,257-25,[]
TX,508.978450765,292496.506682647,4641710.277368185,1.2,376,12,2,222-9,[]
TX,509.151983961,292103.433933532,4642232.63874302,1.2,489,12,2,24-2,[]
TX,509.377869322,293316.400797701,4646847.711093999,1.2,116,12,2,130-26,[]
TX,509.416372345,298419.209743746,4636118.53255276,1.2,276,12,2,195-21,[]
TX,509.530733925,291742.064784839,4642233.599343068,1.2,627,12,2,288-21,[]
TX,509.5425306,289351.489974988,4635271.872727881,1.2,474,12,2,238-5,[]
TX,509.916241121,292664.09134421,4643705.078137115,1.2,561,12,2,259-14,[]
TX,509.98027588,291094.044674628,4642462.890146473,1.2,786,11,2,53-15,[]
TX,510.334666736,293693.337669448,4650696.642099378,1.2,772,12,2,49-10,[]
TX,510.376017055,290655.355784254,4641664.571362283,1.2,263,7,2,194-12,[]
TX,510.389379763,295123.356405809,4642737.579387175,1.2,727,10,2,369-30,[]
TX,510.413011998,291038.326446749,4641922.777544208,1.2,136,11,2,137-26,[]
TX,510.489249317,291291.914028947,4644964.690050308,1.2,36,12,2,109-17,[]
TX,510.827896505,291824.526242215,4641058.379849892,1.2,437,11,2,234-24,[]
TX,511.007031483,292248.788231242,4639485.845658368,1.2,721,12,2,369-24,[]
TX,511.158574699,294029.043475915,4639873.761141803,1.2,170,12,2,150-17,[]
TX,511.28431653,291605.2591628,4642156.287699958,1.2,481,11,2,24-12,[]
TX,512.311701505,292293.713117639,4652554.740107762,1.2,97,12,2,125-28,[]
TX,512.34677781,295627.047415742,4642127.161209076,1.2,801,7,2,58-3,[]
TX,512.837940954,297690.803097338,4641562.484735116,1.2,751,12,2,42-23,[]
TX,513.089904761,291502.838291074,4642064.830359663,1.2,92,12,2,124-30,[]
TX,513.239935401,293543.993729194,4642748.178897933,1.2,265,12,2,194-14,[]
TX,513.759074771,295108.080068965,4642752.329528688,1.2,336,10,2,212-7,[]
TX,513.793638989,293056.904098441,4642614.615943496,1.2,415,12,2,231-13,[]
TX,513.80939965,291821.105734885,4641585.78985117,1.2,124,12,2,137-12,[]
TX,515.075761727,289637.975732514,4641961.583993772,1.2,78,7,2,119-22,[]
TX,515.833858103,299227.186031462,4639070.922036129,1.2,659,12,2,311-17,[]
TX,516.434783241,290752.298723441,4641515.605005103,1.2,267,7,2,194-23,"[['RX_GW', 516.54978008, 267, 7, 2, 868.1, -120.325079786, '00:00:00:00:00:02']]"
TX,516.511400822,292690.81485777,4643715.821928391,1.2,396,12,2,228-11,[]
TX,517.939090994,292194.182707919,4642146.061692108,1.2,491,12,2,24-21,[]
TX,518.11978242,293425.708983033,4641190.183222859,1.2,754,12,2,45-30,[]
TX,518.193137484,282804.680886418,4656788.383073642,1.2,300,12,2,200-24,[]
TX,518.494147766,290050.371215694,4642393.383994776,1.2,69,11,2,115-19,[]
TX,518.665213748,291832.254850231,4642550.999133975,1.2,466,12,2,236-9,[]
TX,518.674357804,290732.411904557,4642894.611807617,1.2,201,12,2,162-3,[]
TX,518.859195276,289703.701281337,4647157.354284699,1.2,590,12,2,266-10,[]
TX,518.913320013,291270.639907208,4642805.558501975,1.2,59,12,2,111-8,[]
TX,519.054767785,291843.271030986,4642417.654426556,1.2,883,12,2,80-16,[]
TX,519.934362922,290274.321989738,4636414.009236305,1.2,896,12,2,91-29,[]
TX,520.033152515,292198.150180822,4642155.961926963,1.2,735,12,2,40-19,[]
TX,520.036848518,281085.740993856,4640201.134625389,1.2,545,12,2,254-3,[]
TX,520.326147009,291840.709316147,4642558.815771424,1.2,39,12,2,11-1,[]
TX,520.481400469,303254.742897198,4678855.428772617,1.2,148,12,2,140-13,[]
TX,520.553594151,291120.342701059,4641121.77935051,1.2,433,9,2,234-10,[]
TX,520.673040289,295435.272183717,4637037.566382997,1.2,137,12,2,137-27,[]
TX,520.904988192,291824.779885434,4642418.004767419,1.2,132,12,2,137-20,[]
TX,520.979686031,292693.406621528,4641795.805080378,1.2,725,12,2,369-28,[]
TX,521.098931954,289174.099523025,4642895.475751878,1.2,55,12,2,111-21,[]
TX,521.332797929,296080.951764174,4640254.795143212,1.2,707,10,2,353-1,"[['RX_GW', 521.99230845, 707, 10, 2, 868.1, -130.686223105, '00:00:00:00:00:04']]"
TX,521.666280172,294488.666901319,4645368.499521671,1.2,701,12,2,351-24,[]
TX,522.030700903,293634.043808625,4639346.120538878,1.2,859,12,2,76-27,[]
TX,522.126355469,287861.172934951,4643242.737945896,1.2,614,12,2,281-15,[]
TX,522.713605897,298026.467061083,4632529.920070904,1.2,601,12,2,273-13,[]
TX,523.095288776,292522.543336793,4642907.455531432,1.2,802,12,3,58-4,[]
TX,523.21804965,293080.931635113,4642357.553392737,1.2,302,12,2,200-4,[]
TX,523.368368965,293999.887377321,4640017.763766233,1.2,174,12,2,150-21,[]
TX,523.536811881,292178.408101363,4642147.833057602,1.2,371,12,2,222-3,[]
TX,523.672135348,293363.761438718,4649616.013727848,1.2,113,12,2,130-22,[]
TX,523.810177323,294482.583164199,4638809.461614739,1.2,392,12,2,225-9,[]
TX,524.134681952,289989.423876065,4645856.170994403,1.2,372,12,2,222-4,[]
TX,524.141442217,292194.288215531,4642154.973875022,1.2,794,12,2,53-25,[]
TX,524.525841861,290642.135626945,4646618.950208638,1.2,843,12,2,71-2,[]
TX,525.099304155,291818.631257412,4642548.509926925,1.2,8,12,2,104-2,[]
TX,525.624904159,289822.029591774,4638794.725905987,1.2,555,12,2,257-5,[]
TX,526.221164558,292453.116723498,4641526.958294814,1.2,485,12,2,24-16,[]
TX,526.85315966,290983.999324704,4639056.614675293,1.2,429,12,2,232-28,[]
TX,526.969945818,271511.554704929,4630583.459686104,1.2,351,12,2,22-22,[]
TX,527.026362536,290662.242664587,4639049.985140496,1.2,80,12,2,119-24,[]
TX,527.064954307,290184.046741016,4635299.026894205,1.2,580,12,2,260-27,[]
TX,527.368963044,294726.248877966,4639033.498649761,1.2,167,12,2,149-2,[]
TX,527.650876206,299223.846603221,4636309.880016735,1.2,680,12,2,332-24,[]
TX,528.222431103,282297.796635441,4644616.846530192,1.2,683,12,2,334-15,[]
TX,528.55453602,290788.04905225,4642840.611634461,1.2,461,11,2,236-29,[]
TX,528.576879708,291105.38790482,4642474.760211055,1.2,607,11,3,273-25,[]
TX,528.759992399,291816.092254411,4642219.974359118,1.2,624,12,2,288-14,[]
TX,528.780319214,290406.55323395,4641806.353442541,1.2,434,7,2,234-13,[]
TX,528.96210148,301225.399547898,4643270.143537071,1.2,831,12,2,70-2,[]
TX,529.000606084,291177.263640671,4641320.188655695,1.2,441,9,3,234-29,"[['RX_GW', 529.372371904, 441, 9, 3, 868.1, -128.162634226, '00:00:00:00:00:02']]"
TX,529.365067727,295955.751725264,4642442.514000233,1.2,361,7,2,220-27,"[['RX_GW', 529.480063808, 361, 7, 2, 868.1, -115.738513076, '00:00:00:00:00:04']]"
TX,529.41672636,282971.446725337,4634416.230190409,1.2,240,12,2,178-24,[]
TX,529.657397888,292906.567659405,4641948.954891602,1.2,278,12,3,195-27,[]
TX,529.663079422,295994.049932214,4643021.97081484,1.2,356,9,3,220-21,[]
TX,529.763683253,273660.69325923,4630683.023675856,1.2,748,12,2,42-12,[]
TX,529.78281266,282290.669179125,4632783.181286515,1.2,246,12,3,178-30,[]
TX,530.242689362,289311.151801097,4639758.565256551,1.2,208,11,3,169-13,"[['RX_GW', 531.723447261, 208, 11, 3, 868.1, -133.010995802, '00:00:00:00:00:02']]"
TX,530.304580519,289719.866975403,4641870.718949237,1.2,228,7,2,173-28,[]
TX,530.680376986,285210.35795596,4640803.103530338,1.2,291,12,2,2-29,[]
TX,530.716160972,288404.220669869,4642369.023566482,1.2,542,12,2,254-24,[]
TX,531.024944595,294129.18632214,4647406.586910108,1.2,777,12,2,51-18,[]
TX,531.163530125,290806.733530031,4638542.855268941,1.2,857,12,2,73-30,[]
TX,531.746987401,290642.592997936,4646625.865104021,1.2,839,12,2,71-16,[]
TX,531.831276351,293495.423760215,4640664.776398146,1.2,171,12,2,150-18,[]
TX,531.8818006,294005.072334187,4645662.089891158,1.2,314,12,2,21-11,[]
TX,531.909520888,292583.579415891,4641362.200311533,1.2,101,12,2,129-3,[]
TX,531.972773353,291605.985906719,4642163.522324848,1.2,501,11,2,24-5,"[['RX_GW', 533.453533786, 501, 11, 2, 868.1, -134.760174094, '00:00:00:00:00:02']]"
TX,532.547286458,285111.550508385,4642466.098429788,1.2,259,12,2,193-5,[]
TX,532.968044682,291604.058769208,4646686.752375555,1.2,663,12,2,317-20,[]
TX,533.217557532,291823.754452583,4641605.552572514,1.2,895,12,2,91-21,[]
TX,533.631877272,291712.288070369,4642819.921254667,1.2,354,12,2,220-19,[]
TX,533.824941689,293430.653639462,4654965.16391138,1.2,696,12,2,348-17,[]
TX,534.217859235,271628.263953181,4630654.853134223,1.2,467,12,3,238-19,[]
TX,534.337890285,302252.139982678,4642767.340183779,1.2,358,12,2,220-23,[]
TX,534.393616809,271457.033850974,4630374.356504293,1.2,865,12,2,79-27,[]
TX,535.004684316,290682.498667268,4635717.229691614,1.2,309,12,2,203-5,[]
TX,535.424628148,292806.407027049,4640661.45063864,1.2,373,12,2,222-5,[]
TX,535.698634205,291085.348109876,4642458.256619484,1.2,5,11,2,104-14,[]
TX,535.847772371,293250.153841439,4640221.042028777,1.2,374,12,2,222-7,[]
TX,536.211170761,295869.125937199,4649079.906979935,1.2,906,12,2,97-28,[]
TX,536.212058402,304804.618342125,4650969.572475184,1.2,767,12,3,47-3,[]
TX,536.44165054,296615.342875326,4643298.562961842,1.2,430,11,3,232-29,[]
TX,536.481108726,293472.124487076,4645679.67143099,1.2,889,12,2,81-25,[]
TX,536.548934447,304606.25818162,4650966.81014255,1.2,769,12,2,47-5,[]
TX,536.703518631,289918.822656261,4638774.405855514,1.2,348,12,2,22-19,[]
TX,536.75278354,289707.582141243,4647174.88822919,1.2,593,12,2,266-14,[]
TX,536.956392185,290762.860720157,4641518.83531471,1.2,730,7,2,371-27,[]
TX,537.265823606,289885.855894091,4645270.312423809,1.2,613,12,3,281-12,[]
TX,537.305712222,292895.695081471,4640493.867630182,1.2,600,12,2,273-12,[]
TX,537.322637886,293809.649155388,4640396.237870146,1.2,168,11,2,150-15,[]
TX,537.556311016,291727.911897635,4642150.68637557,1.2,133,12,3,137-21,[]
TX,537.671737121,292373.89074574,4641509.109288501,1.2,408,12,2,228-8,[]
TX,537.691203203,290403.340485991,4641810.932368522,1.2,52,7,2,111-18,[]
TX,538.874410007,303995.77093213,4637723.426041798,1.2,828,12,2,70-17,[]
TX,539.503729296,291862.204725276,4641937.957554647,1.2,432,12,2,234-1,[]
TX,539.773797082,291093.239958127,4641217.202930198,1.2,390,7,2,225-7,[]
TX,540.002423266,294129.56294688,4647407.748469935,1.2,898,12,2,96-19,[]
TX,540.376935997,292190.183761772,4638909.941019241,1.2,757,12,2,46-1,[]
TX,540.43395405,304033.900720373,4637709.415845414,1.2,829,12,2,70-18,[]
TX,540.693961632,291860.672073315,4641951.369221896,1.2,60,12,3,111-9,[]
TX,540.699908269,293269.898818393,4640227.921553904,1.2,307,12,2,203-3,[]
TX,541.087816963,291986.841329479,4643690.564289046,1.2,821,12,2,7-24,[]
TX,541.116111657,283544.812822754,4646638.969787258,1.2,792,12,3,53-21,[]
TX,542.546997302,295112.093495864,4642784.040850602,1.2,335,10,2,212-5,[]
TX,542.572577033,290867.410083159,4642260.994657244,1.2,318,10,2,211-10,"[['RX_GW', 543.232087998, 318, 10, 2, 868.1, -132.192552771, '00:00:00:00:00:02']]"
TX,542.795313814,279046.986579234,4632529.369321392,1.2,104,12,2,129-6,[]
TX,542.803654799,292198.990042112,4642158.035106427,1.2,128,12,2,137-17,[]
TX,542.928953887,289828.24505554,4638797.255543229,1.2,549,12,2,257-18,[]
TX,543.405957162,291639.672996236,4642836.256228237,1.2,131,12,2,137-2,[]
TX,543.465275338,282642.169624639,4659851.915099008,1.2,298,12,2,200-22,[]
TX,543.631037645,291048.91246135,4651272.469455716,1.2,847,12,2,71-3,[]
TX,543.85659973,303250.811397535,4678855.206015632,1.2,156,12,2,140-27,[]
TX,544.463296557,313689.569952889,4643511.867846113,1.2,878,12,2,8-5,[]
TX,545.209396751,289749.306628023,4641690.988615136,1.2,154,7,2,140-20,[]
TX,545.227122873,292686.901851748,4641802.131348145,1.2,517,12,2,241-7,[]
TX,545.414068693,300562.86651817,4636326.716073668,1.2,14,12,2,104-29,[]
TX,545.943649356,291838.085013528,4642548.945733191,1.2,454,12,2,236-21,[]
TX,545.962226057,291603.147029391,4642141.620705694,1.2,479,11,2,24-10,[]
TX,546.043935055,289097.012201699,4636533.062853799,1.2,687,12,2,341-18,[]
TX,546.566980333,273692.368540009,4630638.653788271,1.2,223,12,2,172-7,[]
TX,546.790642366,301722.355630797,4643562.564812467,1.2,803,12,2,58-5,[]
TX,546.796888119,289402.675445803,4642446.341351351,1.2,484,9,2,24-15,"[['RX_GW', 547.168655072, 484, 9, 2, 868.1, -129.804467276, '00:00:00:00:00:02']]"
TX,547.958430094,291832.66704621,4642549.707483641,1.2,519,12,2,241-9,[]
TX,548.258490429,290861.799536531,4642317.724688364,1.2,490,9,2,24-20,[]
TX,548.84218289,291702.483596651,4642769.35956579,1.2,87,12,2,124-2,[]
TX,548.865511527,293243.235978344,4640213.523498894,1.2,602,12,2,273-14,[]
TX,549.407158428,292749.185997497,4641869.452948867,1.2,784,12,2,53-13,[]
TX,549.522529827,271638.180420411,4630605.986765539,1.2,383,12,2,225-18,[]
TX,549.55095244,290631.093894667,4646613.112565257,1.2,851,12,3,71-7,[]
TX,550.897138651,291594.047606486,4642147.685207174,1.2,488,11,2,24-19,"[['RX_GW', 552.377899021, 488, 11, 2, 868.1, -134.587821985, '00:00:00:00:00:02']]"
TX,551.079251269,283556.64283224,4646644.970388521,1.2,791,12,2,53-20,[]
TX,551.29702299,294716.949046444,4642512.436637453,1.2,836,10,2,70-7,[]
TX,552.013711416,293396.259392551,4643281.594176367,1.2,284,12,2,2-1,"[['RX_GW', 554.645450255, 284, 12, 2, 868.1, -139.253174004, '00:00:00:00:00:04']]"
TX,552.265878007,288697.676706588,4641736.7842273,1.2,226,9,3,173-26,[]
TX,552.424445711,288187.520088206,4643920.016636156,1.2,236,12,2,178-14,[]
TX,553.398397143,298760.896482448,4631202.533678753,1.2,783,12,2,53-12,[]
TX,553.635250683,281749.190986978,4624552.640002361,1.2,761,12,2,46-20,[]
TX,553.757276833,292520.668591799,4642914.676872776,1.2,699,12,2,351-1,[]
TX,553.864126085,291817.657975941,4642558.864482276,1.2,463,12,2,236-6,[]
TX,554.025264043,286011.434298494,4639973.674526916,1.2,823,12,2,7-27,[]
TX,554.073641834,291823.230201186,4642552.77635612,1.2,407,12,2,228-30,[]
TX,554.345587898,291824.631728004,4642554.618126986,1.2,703,12,2,351-26,[]
TX,554.437969261,283244.111863354,4633182.360408754,1.2,446,12,2,235-29,[]
TX,554.576132327,289630.876035007,4641950.273816343,1.2,254,7,2,193-1,[]
TX,554.579963614,292524.803910133,4642917.248770366,1.2,568,12,2,259-27,[]
TX,555.411303981,292377.170318716,4641799.282614133,1.2,90,12,2,124-29,[]
TX,555.42293582,291821.756368417,4642552.547565679,1.2,558,12,2,259-11,[]
TX,555.472599247,291096.302368417,4642439.261928755,1.2,787,11,3,53-16,[]
TX,555.941016985,281875.215339898,4632780.899535119,1.2,799,12,2,57-11,[]
TX,556.210368974,291300.962592401,4636326.360850789,1.2,435,12,2,234-14,[]
TX,556.245659836,296501.501652092,4640813.870381139,1.2,188,9,2,157-21,"[['RX_GW', 556.617425336, 188, 9, 2, 868.1, -127.001217423, '00:00:00:00:00:04']]"
TX,556.908741882,291826.313619984,4642551.325198257,1.2,350,12,3,22-21,[]
TX,557.054514347,298041.576290301,4631613.146385301,1.2,238,12,3,178-17,[]
TX,557.751427871,290643.026153099,4646606.365099534,1.2,695,12,3,348-16,[]
TX,558.004188515,282290.838964594,4643813.959372893,1.2,586,12,3,264-17,[]
TX,558.514519236,291064.588445304,4644027.047242619,1.2,691,12,2,348-10,[]
TX,559.373484986,292914.284244136,4653257.061960061,1.2,692,12,2,348-11,[]
TX,559.721111758,294135.307370949,4647402.487848468,1.2,738,12,2,40-26,[]
TX,560.586408166,271624.139053089,4630640.257908264,1.2,468,12,2,238-20,[]
TX,560.913062409,290916.322060507,4641176.518837557,1.2,377,7,3,223-22,"[['RX_GW', 561.028059236, 377, 7, 3, 868.1, -121.814254085, '00:00:00:00:00:02']]"
TX,561.121969322,290643.695020791,4646603.752939184,1.2,840,12,2,71-17,[]
TX,561.149646432,292111.553184479,4649345.389143996,1.2,662,12,2,317-18,[]
TX,561.230851041,294102.720163972,4640337.701641764,1.2,609,12,2,273-29,[]
TX,561.247523764,286290.879379353,4642208.904332279,1.2,261,12,3,193-7,[]
TX,561.833983921,295149.848000404,4642749.541718786,1.2,329,10,2,212-22,[]
TX,562.108717136,297706.221945104,4641956.071429743,1.2,756,12,2,45-7,[]
TX,562.140012622,295206.847519147,4642555.847969925,1.2,832,7,2,70-3,[]
TX,562.241607694,291272.914094256,4642388.150026454,1.2,535,11,2,253-21,"[['RX_GW', 563.722367818, 535, 11, 2, 868.1, -134.027618876, '00:00:00:00:00:02']]"
TX,562.808528482,290997.380541262,4636022.291549982,1.2,425,12,2,232-24,[]
TX,563.163959175,293407.449604225,4641531.207645132,1.2,287,12,2,2-16,[]
TX,563.90428229,271630.738254099,4630629.63684267,1.2,471,12,2,238-23,[]
TX,563.934717225,293829.679089736,4638642.616624289,1.2,731,12,2,371-28,[]
TX,563.956196842,294123.184490862,4647411.532785044,1.2,507,12,3,241-20,[]
TX,564.051909327,291822.560677763,4642549.877791989,1.2,459,12,2,236-27,[]
TX,564.279941414,282311.889908161,4632827.47279512,1.2,25,12,2,105-14,[]
TX,564.688665297,292328.761685796,4641435.07836923,1.2,431,12,2,232-30,[]
TX,564.8547211,290561.992788257,4642824.959665503,1.2,189,12,3,162-1,[]
TX,565.207339393,293368.278390683,4649614.829306407,1.2,111,12,3,130-13,[]
TX,566.283097608,270079.819047225,4641199.822713759,1.2,685,12,2,337-26,[]
TX,566.944276716,290843.172138624,4639330.973278265,1.2,308,12,2,203-4,[]
TX,567.320343971,293360.30115676,4649518.961036541,1.2,117,12,2,130-27,[]
TX,567.461283694,291990.925913327,4643701.875442985,1.2,229,12,2,175-15,[]
TX,567.763446171,292182.36812755,4642142.184968177,1.2,790,12,2,53-2,[]
TX,567.838834702,294393.134386593,4640318.282092282,1.2,347,12,2,22-18,[]
TX,568.021117664,292671.495490845,4643693.454460118,1.2,397,12,3,228-13,[]
TX,568.462840361,292032.862002283,4646087.954727537,1.2,290,12,3,2-28,[]
TX,568.496448738,295414.764476463,4641791.629672585,1.2,360,7,2,220-25,[]
TX,568.585469005,292739.398301522,4640858.114327852,1.2,864,12,3,79-26,[]
TX,569.231309738,295898.589182931,4642561.520093276,1.2,617,7,2,287-11,[]
TX,569.278753555,299818.626956041,4630212.103873734,1.2,404,12,3,228-27,[]
TX,569.371940285,271648.727752652,4630642.122794568,1.2,475,12,2,238-7,[]
TX,569.631689919,285728.307659889,4633894.997269786,1.2,745,12,2,41-8,[]
TX,570.403255107,290454.050832975,4641789.737773876,1.2,150,7,2,140-16,"[['RX_GW', 570.518251977, 150, 7, 2, 868.1, -123.483304137, '00:00:00:00:00:02']]"
TX,570.416435039,294590.02629628,4639169.913162252,1.2,172,12,2,150-19,[]
TX,570.629435338,291732.072867099,4642160.504946148,1.2,121,12,3,137-1,"[['RX_GW', 573.261172115, 121, 12, 3, 868.1, -136.334011501, '00:00:00:00:00:02']]"
TX,571.737995166,295788.193520813,4636628.224494872,1.2,854,12,3,72-29,[]
TX,572.596971717,303263.822166773,4638002.339776125,1.2,805,12,2,58-7,[]
TX,572.638397691,292035.680666177,4641766.883320969,1.2,138,12,3,137-28,[]
TX,573.196207666,304606.153405568,4650970.284371096,1.2,771,12,2,47-7,[]
TX,573.221563313,290040.845747068,4646325.751211482,1.2,426,12,2,232-25,[]
TX,573.634756218,282286.245385436,4663495.361751128,1.2,837,12,3,71-1,[]
TX,574.528156691,292344.550590299,4642014.337792414,1.2,144,12,3,137-6,[]
TX,575.286313085,293793.629972218,4642865.095711677,1.2,83,12,2,124-15,[]
TX,575.750212447,291800.982189719,4636741.204730493,1.2,143,12,3,137-5,[]
TX,576.139509699,294795.132475549,4644001.430842383,1.2,393,12,2,226-10,[]
TX,576.150571384,291990.183843574,4643690.357874033,1.2,231,12,3,175-30,[]
TX,576.595170139,291827.696642555,4642552.205933303,1.2,815,12,2,7-12,[]
TX,577.759438207,288844.396939116,4640066.06156076,1.2,283,9,3,198-23,"[['RX_GW', 578.131204356, 283, 9, 3, 868.1, -128.145078788, '00:00:00:00:00:02']]"
TX,577.82613428,316824.934618021,4635905.368099571,1.2,876,12,3,8-3,[]
TX,577.840169104,293112.488700469,4642613.162563745,1.2,869,12,2,8-15,[]
TX,578.268160215,280984.5169267,4629317.328213935,1.2,536,12,2,253-22,[]
TX,578.797520501,288220.107704552,4639161.758251816,1.2,863,12,3,79-24,[]
TX,579.293133393,291105.374710801,4642479.020759018,1.2,608,11,2,273-26,[]
TX,579.573802417,286759.372479673,4641745.250037821,1.2,585,12,2,261-13,[]
TX,579.777588652,292948.145255238,4641834.37460752,1.2,206,12,3,162-7,[]
TX,580.035794318,288671.311953198,4630771.480125532,1.2,654,12,3,308-27,[]
TX,580.136523523,293706.49903571,4645347.643851581,1.2,313,12,2,21-10,[]
TX,581.039249663,271639.360927209,4630625.68315912,1.2,676,12,2,322-28,[]
TX,581.256107731,291964.936232581,4642028.704496959,1.2,862,12,2,79-16,[]
TX,581.333554555,294129.641710855,4647409.702811935,1.2,737,12,3,40-25,[]
TX,581.477134479,292530.042128011,4642918.262589599,1.2,556,12,2,259-1,[]
TX,581.508240808,291829.930202412,4642545.682413366,1.2,581,12,2,260-28,[]
TX,582.311475208,290079.767871026,4635396.805814478,1.2,436,12,3,234-15,[]
TX,582.341737526,295608.707084617,4645549.547710589,1.2,13,12,3,104-28,[]
TX,582.378505073,292336.187135095,4650655.428922786,1.2,841,12,2,71-18,[]
TX,582.574032674,292206.120010623,4642157.83834945,1.2,668,12,3,321-28,[]
TX,582.619781824,291029.058638888,4640425.932266779,1.2,26,8,2,105-15,[]
TX,582.681169503,300667.807455481,4636714.207248414,1.2,332,12,3,212-28,[]
TX,582.899563977,291808.727863856,4642541.107256073,1.2,460,12,2,236-28,[]
TX,583.513606522,299954.336207424,4636535.554864612,1.2,678,12,3,332-10,[]
TX,584.291212794,290048.669674589,4642386.129283725,1.2,820,11,2,7-2,"[['RX_GW', 585.77197124, 820, 11, 2, 868.1, -133.014664518, '00:00:00:00:00:02']]"
TX,584.348012621,292727.304546506,4641830.922475105,1.2,694,12,3,348-15,[]
TX,584.637341722,291652.190609761,4639993.299263738,1.2,554,12,2,257-4,[]
TX,584.983252059,296795.133728516,4634256.319627617,1.2,369,12,2,222-22,[]
TX,585.622340381,294816.650964501,4642958.562784828,1.2,324,12,2,212-11,[]
TX,585.877707283,290895.421131431,4638649.370362283,1.2,856,12,2,73-29,[]
TX,586.066288371,294974.25868872,4642717.423239149,1.2,420,8,3,231-26,[]
TX,586.093124977,292184.443396663,4642164.386693089,1.2,247,12,3,178-4,[]
TX,586.155143181,293945.433865204,4638813.282383119,1.2,860,12,2,76-9,[]
TX,586.181956131,286949.570490774,4626119.316240275,1.2,440,12,2,234-27,[]
TX,586.745458055,282137.549512206,4645836.046134729,1.2,256,12,2,193-20,[]
TX,586.832943361,291840.981570861,4642559.2720314,1.2,717,12,2,369-13,[]
TX,586.93735218,294909.471292344,4638287.366329489,1.2,576,12,2,260-16,[]
TX,587.132491791,292534.75971927,4642907.220964668,1.2,341,12,2,214-26,[]
TX,587.392097123,288734.165130498,4643195.259778836,1.2,43,12,2,11-30,[]
TX,587.545659011,299290.136601927,4636215.007770234,1.2,681,12,2,332-25,[]
TX,588.007407814,291508.479900959,4642442.723796579,1.2,806,12,2,60-12,[]
TX,588.320123871,277384.420374651,4632322.582394879,1.2,382,12,2,223-28,[]
TX,588.3743537,293212.703796511,4641605.60004534,1.2,604,12,3,273-16,[]
TX,588.602948973,294112.401136274,4647414.726722814,1.2,645,12,2,3-14,[]
TX,588.626530855,293838.487005505,4639510.970144561,1.2,812,12,2,67-6,[]
TX,588.713820616,292708.449526013,4641708.989283173,1.2,183,12,2,155-29,[]
TX,588.904577788,293340.654319982,4648935.706080182,1.2,108,12,2,130-10,[]
TX,589.057246713,288189.262974393,4641872.515277283,1.2,285,12,2,2-13,[]
TX,589.338153885,302151.739434241,4649299.164649611,1.2,62,12,3,113-11,[]
TX,589.62317452,273754.322564959,4630625.337987221,1.2,531,12,2,250-7,[]
TX,590.264817124,292182.563531498,4639429.491185015,1.2,370,12,2,222-23,[]
TX,590.57674969,290469.112099287,4641368.145963132,1.2,881,7,2,80-13,[]
TX,590.890036351,298652.96180581,4631380.139594578,1.2,12,12,3,104-27,[]
TX,591.321984402,292043.349668765,4641793.055340613,1.2,125,12,3,137-13,[]
TX,591.738855306,292629.643085164,4641770.444207311,1.2,71,12,3,115-21,[]
TX,591.74513545,290412.202357561,4641817.75078289,1.2,222,7,2,172-6,[]
TX,593.13231122,290870.671737867,4635917.96025064,1.2,364,12,3,222-17,[]
TX,593.981615643,296476.907108127,4643387.546265282,1.2,260,11,2,193-6,[]
TX,594.111477283,295868.951632399,4649080.478763384,1.2,902,12,2,97-13,[]
TX,594.292424845,291591.015623213,4642163.967351007,1.2,500,11,2,24-4,[]
TX,595.429310864,293414.246734363,4648970.289451265,1.2,114,12,2,130-23,[]
TX,595.725139572,295985.116974447,4637775.03235377,1.2,874,12,2,8-20,[]
TX,596.02991567,292187.090279151,4642147.538024189,1.2,505,12,2,241-18,[]
TX,596.205611645,291710.06504017,4642758.344365934,1.2,93,12,2,124-4,[]
TX,596.470227447,271596.142761675,4630639.664478755,1.2,477,12,2,238-9,[]
TX,597.305959535,291176.344416926,4641273.651896994,1.2,893,9,3,91-18,[]
TX,597.318492772,292187.522484752,4642140.618121981,1.2,515,12,2,241-5,[]
TX,597.326238894,290408.124993932,4641808.065628286,1.2,56,7,2,111-22,[]
TX,597.381871005,293385.736722391,4644048.318618976,1.2,365,12,2,222-18,[]
TX,597.822905895,273694.941994055,4630652.179879244,1.2,530,12,2,250-4,[]
TX,598.042891963,297685.159548671,4640272.095028297,1.2,339,12,3,214-24,[]
TX,598.522029059,290986.546091851,4641870.632372956,1.2,456,10,2,236-23,[]
TX,599.447987463,273697.79507634,4630633.735052653,1.2,218,12,2,172-3,[]
TX,599.555961242,295133.663886671,4642773.754037831,1.2,235,10,3,178-13,[]
TX,600.092673499,290649.854588189,4646625.912568446,1.2,845,12,3,71-21,[]
TX,600.228195402,287471.298279191,4639369.115051002,1.2,818,12,2,7-15,[]
TX,600.599587137,290636.059181357,4646620.082947943,1.2,838,12,2,71-15,[]
TX,601.338873368,290715.179257835,4636925.924745047,1.2,9,12,2,104-24,[]
TX,601.579587789,290396.696057272,4645952.22382709,1.2,304,12,3,200-8,[]
TX,602.538765929,292200.053097035,4642141.900507937,1.2,453,12,2,236-20,[]
TX,602.911534285,291976.283253003,4641618.658162686,1.2,403,12,3,228-26,[]
TX,603.18124779,296183.730864467,4641580.615683543,1.2,835,7,3,70-6,"[['RX_GW', 603.29624293, 835, 7, 3, 868.1, -112.412412955, '00:00:00:00:00:04']]"
TX,603.642387084,292311.584454065,4642706.746826204,1.2,400,12,3,228-16,[]
TX,603.851746902,282143.713333538,4645838.028833682,1.2,258,12,3,193-27,[]
TX,603.99294679,279586.736473854,4632579.912160973,1.2,270,12,3,195-10,[]
TX,604.246366704,291056.258526072,4640351.61477791,1.2,824,8,3,7-28,[]
TX,604.936339246,294964.398107927,4642730.209767096,1.2,421,9,3,231-27,"[['RX_GW', 605.308104967, 421, 9, 3, 868.1, -129.519468955, '00:00:00:00:00:04']]"
TX,605.096997782,289042.024501935,4637890.01404836,1.2,594,12,3,268-3,[]
TX,605.733992332,291728.754436039,4642153.101792804,1.2,129,12,3,137-18,[]
TX,606.314905169,298635.815488489,4631431.068160546,1.2,204,12,3,162-5,[]
TX,606.405183881,293489.267818816,4649537.006242979,1.2,628,12,2,29-10,[]
TX,606.416654603,291087.161587791,4644050.914950029,1.2,574,12,2,260-14,[]
TX,606.696286208,294988.207930425,4642692.688393294,1.2,419,8,3,231-25,"[['RX_GW', 606.903699771, 419, 8, 3, 868.1, -125.384294862, '00:00:00:00:00:04']]"
TX,607.413831379,291818.642694313,4642543.362131416,1.2,355,12,3,220-20,[]
TX,607.596433158,295148.06846158,4642721.65702911,1.2,873,9,3,8-19,"[['RX_GW', 607.968198527, 873, 9, 3, 868.1, -129.69164258, '00:00:00:00:00:04']]"
TX,607.605241169,288984.947215922,4634448.722513533,1.2,882,12,3,80-14,[]
TX,608.033458276,291519.762702122,4640973.22280224,1.2,103,10,2,129-5,[]
TX,608.10890362,295111.691354162,4646511.202710626,1.2,401,12,3,228-17,[]
TX,608.60543148,298521.690116891,4644209.801484904,1.2,733,12,2,39-26,[]
TX,609.201885171,301726.044130618,4645288.731729679,1.2,732,12,3,39-12,[]
TX,609.634576745,291688.5314536,4642770.853938779,1.2,95,12,2,124-6,[]
TX,609.665026443,291216.823075088,4641978.294513674,1.2,340,10,3,214-25,[]
TX,609.738339179,290759.747022122,4641503.746531648,1.2,262,7,2,194-11,[]
TX,609.997764915,290570.438911392,4642273.330806713,1.2,499,8,3,24-30,[]
TX,610.686546536,295610.745407804,4645552.175493103,1.2,105,12,3,129-7,[]
TX,611.000466327,302202.699021406,4674292.125641583,1.2,157,12,2,140-28,[]
TX,611.183058924,290904.952578312,4639018.383610837,1.2,81,12,3,119-26,[]
TX,611.417432424,275972.077336358,4621953.07412986,1.2,638,12,2,291-4,[]
TX,611.842368398,290872.234011134,4642292.89300778,1.2,195,9,2,162-19,[]
TX,612.095782269,292937.038326315,4641000.57162237,1.2,349,12,3,22-20,[]
TX,612.572616766,292265.643246461,4638833.033672585,1.2,387,12,3,225-4,[]
TX,613.172511368,291183.906411666,4641291.106020198,1.2,191,9,2,162-12,"[['RX_GW', 613.544277179, 191, 9, 2, 868.1, -128.12482129, '00:00:00:00:00:02']]"
TX,613.375360833,290450.687682569,4641628.393078091,1.2,134,7,2,137-24,[]
TX,613.605862207,295197.644656492,4642747.872894677,1.2,671,9,2,321-7,[]
TX,615.504230176,307551.921935994,4653535.61641253,1.2,64,12,2,113-13,[]
TX,615.631005819,293317.459704201,4646848.503392469,1.2,120,12,2,130-9,[]
TX,615.830927667,291075.800305521,4644035.215631844,1.2,299,12,3,200-23,[]
TX,615.854916088,285395.488729585,4641751.614405355,1.2,74,12,3,115-3,[]
TX,615.875633871,289253.485011437,4648185.409846312,1.2,297,12,2,200-20,[]
TX,616.277813156,291827.536411747,4642548.508431996,1.2,552,12,2,257-22,[]
TX,616.422020776,292192.581698187,4642123.337940337,1.2,814,12,3,7-11,[]
TX,616.835310363,282648.995149836,4661160.774094728,1.2,296,12,3,200-19,[]
TX,616.884576801,291758.690858326,4642516.294276098,1.2,190,12,3,162-11,[]
TX,617.127790286,290651.338215978,4641174.88449302,1.2,330,7,2,212-23,[]
TX,617.179878858,294992.433514948,4642711.423497184,1.2,338,8,2,212-9,"[['RX_GW', 617.387292463, 338, 8, 2, 868.1, -125.578736024, '00:00:00:00:00:04']]"
TX,618.385228144,295783.290856347,4648513.516535603,1.2,903,12,2,97-24,[]
TX,618.748834775,291095.644327504,4642461.145087346,1.2,550,11,2,257-19,[]
TX,620.230922077,292190.50900146,4642177.319589882,1.2,250,12,3,178-7,[]
TX,620.280498061,291698.860563732,4642762.453219228,1.2,91,12,3,124-3,[]
TX,620.319534117,291071.402343165,4644042.102748618,1.2,565,12,3,259-24,[]
TX,620.32936302,294971.959466789,4642709.065975586,1.2,422,8,3,231-28,"[['RX_GW', 620.536776659, 422, 8, 3, 868.1, -125.730494286, '00:00:00:00:00:04']]"
TX,620.452381226,291592.265463188,4642153.762905627,1.2,502,11,2,24-6,[]
TX,620.529848872,290627.253662731,4646607.714902344,1.2,842,12,3,71-19,[]
TX,620.796679069,294981.340875636,4643081.220717233,1.2,417,9,3,231-22,"[['RX_GW', 621.168445757, 417, 9, 3, 868.1, -127.651506377, '00:00:00:00:00:04']]"
TX,621.118598713,300853.33407753,4665432.224247183,1.2,155,12,3,140-24,[]
TX,621.398313612,286534.153080061,4634509.441840614,1.2,633,12,2,290-4,[]
TX,621.626877095,298025.206321916,4631604.194759823,1.2,648,12,2,308-12,[]
TX,623.325843788,291829.076843778,4642545.129075581,1.2,450,12,3,236-15,[]
TX,623.649935658,292194.329778838,4642156.585621894,1.2,798,12,2,53-30,[]
TX,624.175261826,295188.795780488,4642526.532462794,1.2,666,7,2,321-26,"[['RX_GW', 624.290258544, 666, 7, 2, 868.1, -120.611747024, '00:00:00:00:00:04']]"
TX,624.245304021,290049.984408569,4642383.457662524,1.2,217,10,3,172-29,[]
TX,624.525440038,290663.667382212,4642277.279194036,1.2,151,10,2,140-17,[]
TX,624.601771919,290667.681048359,4642296.232248665,1.2,152,10,3,140-18,[]
TX,624.673594372,297310.646559627,4646233.402772619,1.2,65,12,3,113-14,[]
TX,624.934688679,297158.26003603,4649798.100324898,1.2,409,12,2,229-3,[]
TX,625.526279542,290350.429516744,4646188.414048966,1.2,162,12,3,140-6,[]
TX,625.655382599,297222.85234983,4639520.693453584,1.2,187,12,3,157-20,"[['RX_GW', 628.287120995, 187, 12, 3, 868.1, -135.881098027, '00:00:00:00:00:04']]"
TX,625.884167607,290846.772537036,4638680.041492317,1.2,442,12,3,234-30,[]
TX,626.558668323,294376.207642256,4646288.543456555,1.2,179,12,3,153-30,[]
TX,626.861202728,291825.948662404,4642559.389801275,1.2,673,12,2,322-25,[]
TX,627.441833788,296718.318199105,4635194.813150787,1.2,406,12,3,228-29,[]
TX,627.536022778,293236.094663157,4640203.746231371,1.2,343,12,2,214-28,[]
TX,627.856710556,292716.708177295,4652650.435703044,1.2,697,12,3,348-18,[]
TX,629.7769252,304599.850623575,4650974.293554832,1.2,770,12,3,47-6,[]
TX,629.83540673,299783.778369315,4634195.670815598,1.2,328,12,3,212-21,[]
TX,630.375974213,291180.007331373,4641313.606801827,1.2,557,9,3,259-10,"[['RX_GW', 630.747740035, 557, 9, 3, 868.1, -128.170234015, '00:00:00:00:00:02']]"
TX,630.562167193,290286.826968348,4643376.697169833,1.2,759,12,3,46-16,[]
TX,631.001739546,283963.807452219,4632429.475965699,1.2,312,12,2,208-7,[]
TX,631.294423208,290085.344545306,4641505.278624848,1.2,367,7,3,222-20,"[['RX_GW', 631.409418735, 367, 7, 3, 868.1, -115.018798515, '00:00:00:00:00:02']]"
TX,631.733649501,291841.917130049,4642545.18897315,1.2,41,12,3,11-29,[]
TX,631.779290073,291053.137349926,4644055.957797118,1.2,37,12,3,109-19,[]
TX,631.882960457,289993.856014168,4629096.356610992,1.2,146,12,3,138-10,[]
TX,631.91817995,290632.137791957,4646600.731370077,1.2,844,12,3,71-20,[]
TX,631.971872608,295157.910208045,4642721.047458663,1.2,872,9,3,8-18,"[['RX_GW', 632.343637959, 872, 9, 3, 868.1, -129.606967907, '00:00:00:00:00:04']]"
TX,632.100340765,295140.212731639,4642755.223976977,1.2,337,10,3,212-8,[]
TX,632.8141286,291017.311860002,4644816.848178221,1.2,244,12,3,178-29,[]
TX,632.981692858,273660.094898658,4630678.742552363,1.2,750,12,3,42-14,[]
TX,633.662237507,291831.782291352,4642553.337613754,1.2,462,12,3,236-5,[]
TX,634.3332554,290868.628639287,4638542.881002858,1.2,800,12,3,57-12,[]
TX,634.51971714,290085.543570555,4635393.202917698,1.2,886,12,3,80-29,[]
TX,634.558624547,289831.240878956,4638516.347003202,1.2,596,12,3,268-6,[]
TX,634.731899541,292716.753616822,4641712.984770292,1.2,181,12,2,155-1,"[['RX_GW', 637.363639025, 181, 12, 2, 868.1, -137.596323315, '00:00:00:00:00:04']]"
TX,635.13707356,294134.749789272,4647407.722122674,1.2,775,12,3,51-16,[]
TX,636.222455645,272429.790193182,4629789.948770412,1.2,635,12,3,290-6,[]
TX,636.332626902,271608.192852716,4630631.652119816,1.2,817,12,3,7-14,[]
TX,636.770191307,274151.859824433,4623042.699406856,1.2,637,12,3,291-3,[]
TX,636.894221058,293327.546390487,4646933.361663895,1.2,109,12,3,130-11,[]
TX,637.956658059,292679.360378295,4641792.115740412,1.2,33,12,2,106-26,[]
TX,638.190338032,298782.204889853,4640576.957719427,1.2,273,12,3,195-18,[]
TX,638.19328398,292732.274500246,4641720.962954029,1.2,185,12,3,155-7,[]
TX,638.543258764,291986.128187397,4643691.374061383,1.2,892,12,3,91-17,[]
TX,639.122748423,295737.288847281,4656921.671772885,1.2,445,12,3,235-25,[]
TX,639.193095807,291711.82125197,4642759.844478009,1.2,88,12,3,124-20,[]
TX,639.380758489,291846.567036036,4642553.146546749,1.2,452,12,2,236-19,[]
TX,639.812653376,288080.725205539,4639035.157619437,1.2,58,12,3,111-7,[]
TX,639.964797907,296381.194000439,4642546.730426049,1.2,700,8,2,351-2,[]
TX,640.006164286,291392.985031144,4641370.865944538,1.2,184,9,3,155-30,[]
TX,640.077235139,289980.452537311,4637716.624517801,1.2,28,12,3,105-2,[]
TX,640.478330398,291285.942469649,4642397.005706936,1.2,391,11,2,225-8,[]
TX,640.796466686,287307.754634742,4643943.179385551,1.2,528,12,3,242-9,[]
TX,640.868957501,287053.363815798,4641574.298301593,1.2,77,12,3,115-9,[]
TX,641.041792665,293807.508931691,4640396.791741312,1.2,173,11,3,150-20,"[['RX_GW', 642.522553863, 173, 11, 3, 868.1, -134.716622501, '00:00:00:00:00:04']]"
TX,641.29716449,291981.895539787,4643686.062785881,1.2,19,12,3,104-6,[]
TX,641.714931987,289010.479241429,4636143.207058043,1.2,595,12,3,268-5,[]
TX,641.79669987,294130.641544512,4647404.322059101,1.2,779,12,3,51-4,[]
TX,641.982557113,291589.953856076,4642159.216459809,1.2,495,11,3,24-27,"[['RX_GW', 643.463317495, 495, 11, 3, 868.1, -134.621458355, '00:00:00:00:00:02']]"
TX,642.474994993,272878.977855395,4629761.918705585,1.2,632,12,3,290-3,[]
TX,642.487835974,297341.870563639,4633395.798513578,1.2,612,12,3,28-23,[]
TX,643.21629318,296012.227242809,4640441.404014109,1.2,708,9,3,353-2,"[['RX_GW', 643.588059031, 708, 9, 3, 868.1, -128.664848589, '00:00:00:00:00:04']]"
TX,643.468411245,293698.257311576,4645345.074718159,1.2,705,12,3,351-28,[]
TX,645.570999582,271769.323128401,4630737.308042711,1.2,506,12,3,241-19,[]
TX,645.651426433,295562.183580675,4648846.261245565,1.2,897,12,3,96-17,[]
TX,645.70598267,295412.756344935,4638424.808152365,1.2,169,12,3,150-16,[]
TX,646.315538727,271656.327853627,4630575.121663122,1.2,521,12,3,242-19,[]
TX,646.710696999,283078.616766912,4653626.637342374,1.2,301,12,3,200-3,[]
TX,646.788907947,290405.088305835,4641805.811562318,1.2,51,7,3,111-17,"[['RX_GW', 646.903904787, 51, 7, 3, 868.1, -123.3163842, '00:00:00:00:00:02']]"
TX,646.90204117,292677.98965116,4641798.284049477,1.2,29,12,3,106-22,[]
TX,647.197136837,295851.084109495,4642331.481684634,1.2,620,7,3,287-28,"[['RX_GW', 647.312132465, 620, 7, 3, 868.1, -114.75671841, '00:00:00:00:00:04']]"
TX,647.492717084,287762.510237697,4646186.978498731,1.2,597,12,3,270-8,[]
TX,647.671790874,298072.144755209,4631634.003108162,1.2,781,12,3,53-1,[]
TX,647.988782923,294251.432917727,4629995.441933958,1.2,647,12,3,308-11,[]
TX,648.149469787,299433.410418125,4630233.384829544,1.2,656,12,3,310-3,[]
TX,648.480011409,287987.881602545,4641468.564290075,1.2,224,12,3,173-23,[]
TX,648.526098993,292751.935350933,4641668.342670262,1.2,107,12,3,129-9,[]
TX,648.641440552,293783.901633044,4640441.614407566,1.2,275,12,3,195-20,[]
TX,648.690320156,286439.443931531,4642105.111657587,1.2,584,12,3,261-11,[]
TX,649.629414688,300137.609261128,4642833.878098694,1.2,804,12,3,58-6,[]
TX,649.65354958,295138.825325644,4642761.758860208,1.2,325,10,3,212-14,[]
TX,650.638108968,291103.503718691,4642471.85197706,1.2,605,11,3,273-2,[]
TX,650.681849985,287349.540982782,4645790.52884545,1.2,592,12,3,266-13,[]
TX,650.811091311,290414.407265401,4641794.332734864,1.2,819,7,3,7-16,[]
TX,650.83466908,283420.947768171,4643528.457631796,1.2,588,12,3,264-19,[]
TX,651.501600482,295118.7995173,4642757.187568842,1.2,326,10,3,212-18,"[['RX_GW', 652.161110012, 326, 10, 3, 868.1, -130.407863651, '00:00:00:00:00:04']]"
TX,651.965956767,304109.065113202,4627053.655841799,1.2,182,12,3,155-2,[]
TX,652.668311873,294435.267454518,4647481.807482064,1.2,780,12,3,51-6,[]
TX,653.003241757,299910.315321936,4627843.157634947,1.2,658,12,3,310-6,[]
TX,653.043397677,295990.33869424,4649156.657391244,1.2,901,12,3,97-12,[]
TX,653.140295005,295134.020326109,4642763.307859966,1.2,334,10,3,212-4,"[['RX_GW', 653.799804528, 334, 10, 3, 868.1, -130.377431239, '00:00:00:00:00:04']]"
TX,653.384759104,271645.667175748,4630648.601218416,1.2,677,12,3,322-30,[]
TX,653.928935368,284126.162430641,4632978.033727862,1.2,368,12,3,222-21,[]
TX,654.259007366,291108.915105324,4642458.769392321,1.2,796,11,3,53-28,"[['RX_GW', 655.739767326, 796, 11, 3, 868.1, -134.668267529, '00:00:00:00:00:02']]"
TX,654.40132164,295585.069731654,4648820.046372606,1.2,899,12,3,96-21,[]
TX,654.5937733,295623.829844972,4645552.760856326,1.2,216,12,3,171-28,[]
TX,656.571942875,271737.092729563,4629662.666886277,1.2,611,12,3,28-22,[]
TX,656.979422834,273658.301928124,4630681.144039798,1.2,747,12,3,42-11,[]
TX,657.033379341,292700.837474734,4641718.424068595,1.2,428,12,3,232-27,"[['RX_GW', 659.665118878, 428, 12, 3, 868.1, -137.695636058, '00:00:00:00:00:04']]"
TX,658.054751328,291034.597859183,4641918.576456212,1.2,123,11,3,137-11,[]
TX,658.069364859,291709.841971254,4642763.579735376,1.2,89,12,2,124-21,[]
TX,658.366423056,292522.913021691,4642911.813834801,1.2,706,12,3,351-30,[]
TX,658.585016656,294044.67543454,4644847.18201563,1.2,323,12,3,212-10,[]
TX,659.206459162,291980.438937722,4643746.994746804,1.2,292,12,3,2-30,[]
TX,660.03894006,283657.050911959,4646809.098926471,1.2,789,12,3,53-19,[]
TX,660.514547567,283529.031982277,4633287.493394335,1.2,640,12,3,294-5,[]
TX,660.832229712,292523.00300884,4642923.165773498,1.2,599,12,3,273-11,[]
TX,661.107721302,283391.003089908,4632707.156208363,1.2,294,12,3,200-17,[]
TX,662.32316363,291826.284326188,4642550.483641407,1.2,714,12,3,369-10,[]
TX,662.404823037,294114.079060838,4647423.480359751,1.2,642,12,3,3-11,[]
TX,663.360312682,289490.327070611,4641766.58328632,1.2,543,7,3,254-28,[]
TX,663.603718317,298142.077715143,4631675.457427486,1.2,653,12,3,308-26,[]
TX,663.669984476,287489.913583408,4655546.211063378,1.2,849,12,3,71-4,[]
TX,663.987276809,290100.454947637,4642392.249844002,1.2,319,11,3,211-11,[]
TX,664.034245982,285465.167743908,4641842.403381128,1.2,66,12,3,115-12,[]
TX,664.108524394,293260.721835173,4639503.704941466,1.2,98,12,3,127-1,[]
TX,664.886724915,282494.402582324,4644127.850876946,1.2,257,12,3,193-21,[]
TX,665.188416207,291586.514084937,4642128.723025517,1.2,483,11,3,24-14,[]
TX,665.783616512,288300.755507551,4644184.890370936,1.2,363,12,3,221-8,[]
TX,665.899021886,286380.293495534,4640681.468085816,1.2,579,12,3,260-26,[]
TX,666.075357889,291504.632285567,4643026.328728113,1.2,30,12,3,106-23,[]
TX,666.635842429,294976.17873315,4642719.29170554,1.2,713,8,3,359-1,"[['RX_GW', 666.843256087, 713, 8, 3, 868.1, -124.021235506, '00:00:00:00:00:04']]"
TX,666.639122793,291590.967259312,4642155.008002105,1.2,478,11,3,24-1,[]
TX,667.16119738,272469.918612258,4629571.338517128,1.2,205,12,3,162-6,[]
TX,668.397215739,298366.352758929,4634352.227837476,1.2,563,12,3,259-16,[]
TX,668.872674403,295001.806084515,4642710.452651209,1.2,418,8,3,231-24,"[['RX_GW', 669.080087988, 418, 8, 3, 868.1, -125.48460779, '00:00:00:00:00:04']]"
TX,668.974641268,283641.316401874,4632924.445386773,1.2,310,12,3,203-8,[]
TX,669.401458586,295168.797699907,4642726.652896102,1.2,875,9,3,8-21,"[['RX_GW', 669.773223937, 875, 9, 3, 868.1, -129.604264512, '00:00:00:00:00:04']]"
TX,669.473537861,287832.461522188,4638855.843230601,1.2,826,12,3,7-30,[]
TX,669.544914352,292197.041858743,4642155.150146677,1.2,27,12,3,105-16,[]
TX,670.897057078,288127.505051658,4643002.288114498,1.2,54,12,3,111-20,[]
TX,672.508488817,298775.73008995,4636441.804235825,1.2,679,12,3,332-12,[]
TX,672.980926081,292204.060158006,4642157.735366975,1.2,399,12,3,228-15,[]
TX,673.026548749,285600.304224781,4642670.329570591,1.2,255,12,3,193-18,[]
TX,673.52635235,291711.890568091,4642765.321876488,1.2,86,12,3,124-19,[]
TX,673.64131358,292741.489669523,4641686.581810014,1.2,622,12,3,288-10,[]
TX,673.712937692,292220.969380493,4638910.202558322,1.2,388,12,3,225-5,[]
TX,673.75007682,291099.013741456,4642464.570737504,1.2,825,11,3,7-29,[]
TX,673.778728438,272452.995761223,4629637.514040356,1.2,219,12,3,172-30,[]
TX,674.061784363,293384.93532668,4644051.957391334,1.2,567,12,3,259-26,[]
TX,674.294490792,271655.684708802,4630614.47079542,1.2,346,12,3,22-17,[]
TX,675.039372368,294739.207549138,4639022.256197263,1.2,166,12,3,149-19,[]
TX,675.904536555,291987.922076242,4643691.807499597,1.2,277,12,3,195-26,[]
TX,676.079408249,294886.793332045,4645803.172249156,1.2,178,12,3,153-29,[]
TX,676.278292517,273660.884979137,4630646.139542967,1.2,539,12,3,254-16,[]
TX,676.476832507,287797.487450889,4641469.651335035,1.2,744,12,3,41-12,"[['RX_GW', 679.10856945, 744, 12, 3, 868.1, -135.0036216, '00:00:00:00:00:02']]"
TX,676.604042364,291602.542947704,4642145.541633636,1.2,480,11,3,24-11,[]
TX,677.056637248,273476.946907638,4630979.904936115,1.2,660,12,3,313-27,[]
TX,677.381722737,294129.560614413,4647414.728779461,1.2,644,12,3,3-13,[]
TX,677.719143114,291036.040518613,4641927.294649163,1.2,135,11,3,137-25,[]
TX,677.917341371,283272.636954615,4632907.172687731,1.2,280,12,3,195-29,[]
TX,678.203164074,297766.887465124,4641978.526562518,1.2,833,10,3,70-4,"[['RX_GW', 678.86267653, 833, 10, 3, 868.1, -132.782981487, '00:00:00:00:00:04']]"
TX,678.390748458,282477.052918972,4644021.483892902,1.2,587,12,3,264-18,[]
TX,678.615589498,292804.707935793,4642713.371844341,1.2,412,12,3,231-10,[]
TX,679.13963338,292964.657727638,4642270.818096735,1.2,34,12,3,106-27,[]
TX,679.367837195,289936.415892435,4641710.450707318,1.2,439,7,3,234-26,[]
TX,679.401355989,299072.78226918,4630749.874086483,1.2,375,12,3,222-8,[]
TX,679.628544001,295528.98384753,4637977.528303521,1.2,252,12,3,190-29,[]
TX,679.645473641,293363.590312232,4649512.678250604,1.2,119,12,3,130-8,[]
TX,680.076674382,292509.161425291,4630032.945880431,1.2,649,12,3,308-13,[]
TX,680.201772029,281679.06114592,4632750.769042471,1.2,469,12,3,238-21,[]
TX,680.589566786,291273.488736755,4642382.534332176,1.2,234,9,3,178-12,[]
TX,680.798114926,292197.154339494,4642161.234887512,1.2,23,12,3,105-12,[]
TX,681.444827181,295615.880286747,4645569.594552022,1.2,215,12,3,171-27,[]
TX,682.086995039,292291.337594796,4637744.007555227,1.2,527,12,3,242-8,[]
TX,682.79105541,283229.58612513,4633247.737533092,1.2,546,12,3,254-6,[]
TX,683.713581,294381.193351174,4646281.969796477,1.2,180,12,3,153-4,[]
TX,684.605604005,298922.126869348,4642875.597145393,1.2,665,12,3,321-24,[]
TX,685.781480789,296099.651306387,4646903.781831561,1.2,522,12,3,242-21,[]
TX,686.666615839,287215.65992115,4646205.975168297,1.2,564,12,3,259-2,[]
TX,686.755805918,285878.602600148,4641433.375701074,1.2,544,12,3,254-29,[]
TX,686.802085322,294883.391390565,4642699.337370998,1.2,486,10,3,24-17,"[['RX_GW', 687.461595137, 486, 10, 3, 868.1, -130.058375227, '00:00:00:00:00:04']]"
TX,686.896944179,291842.527567497,4642556.703451651,1.2,46,12,3,11-6,[]
TX,686.974072833,295994.942957893,4649163.626278622,1.2,900,12,3,97-11,[]
TX,687.221162714,291092.291510254,4643692.449103813,1.2,303,12,3,200-6,[]
TX,687.281001431,289718.01878135,4647153.393089624,1.2,591,12,3,266-11,[]
TX,688.053681091,291729.434012961,4642150.75230936,1.2,139,12,3,137-29,[]
TX,688.653785173,292190.500491267,4642153.361425497,1.2,11,12,3,104-26,[]
TX,688.692668148,290444.822086487,4635428.346381193,1.2,21,12,3,105-1,[]
TX,689.277033851,294064.269676618,4647401.959779179,1.2,740,12,3,40-28,[]
TX,689.434098213,271639.680846509,4630615.953671614,1.2,389,12,3,225-6,[]
TX,690.113431641,291731.763731028,4642145.698984602,1.2,145,12,3,137-7,[]
TX,690.196456712,291064.731586101,4644050.909301527,1.2,566,12,3,259-25,[]
TX,691.041328861,294331.630396666,4641435.781527246,1.2,753,9,3,45-29,"[['RX_GW', 691.413095037, 753, 9, 3, 868.1, -128.435002016, '00:00:00:00:00:04']]"
TX,691.273014994,284473.351939105,4632917.907711486,1.2,811,12,3,60-8,[]
TX,691.711961591,301799.185758485,4643624.633559165,1.2,834,12,3,70-5,[]
TX,691.91005926,304613.092120601,4650980.661922997,1.2,766,12,3,47-21,[]
TX,692.481944471,282346.039420712,4632818.36291375,1.2,634,12,3,290-5,[]
TX,693.1077171,271612.705137496,4630637.200286753,1.2,510,12,3,241-23,[]
TX,693.166270804,291520.13740065,4642074.951952031,1.2,482,12,3,24-13,[]
TX,693.5794809,295118.327067925,4642683.712096955,1.2,670,8,3,321-6,"[['RX_GW', 693.786894198, 670, 8, 3, 868.1, -124.527510168, '00:00:00:00:00:04']]"
TX,693.627945125,291289.652157504,4644946.353559865,1.2,38,12,3,109-20,[]
TX,694.347896831,283142.049082296,4646076.670460923,1.2,788,12,3,53-18,[]
TX,694.368259481,292527.743085717,4642910.151253865,1.2,702,12,3,351-25,[]
TX,694.9280555,300353.951374419,4627470.375617371,1.2,853,12,3,72-20,[]
TX,695.43886594,294940.995746854,4646688.193305203,1.2,641,12,3,3-10,[]
TX,695.971225098,291059.848331318,4644044.970744691,1.2,385,12,3,225-21,[]
TX,696.048599788,267921.386084692,4644913.508326196,1.2,684,12,3,337-24,[]
TX,696.087759019,291837.827782444,4642562.487158246,1.2,674,12,3,322-26,[]
TX,696.546784656,288821.354089235,4645579.054245547,1.2,279,12,3,195-28,[]
TX,696.670840291,292557.902535304,4641434.148840743,1.2,626,12,3,288-16,[]
TX,696.716062362,307260.73429623,4643659.381905014,1.2,305,12,3,201-22,[]
TX,697.256401217,292391.565466847,4641642.03307171,1.2,868,12,3,79-30,[]
TX,697.512693585,290056.318258392,4642389.284211931,1.2,106,11,3,129-8,[]
TX,697.600160434,294471.932207472,4646280.758477984,1.2,177,12,3,153-2,[]
TX,697.756461715,291126.4016833,4641236.740504271,1.2,504,9,3,241-17,[]
TX,698.285079342,292679.608815891,4641804.084520741,1.2,718,12,3,369-14,[]
TX,698.683443977,293830.049426162,4639975.855737067,1.2,6,12,3,104-15,[]
TX,700.432251702,292215.003205604,4642929.829350475,1.2,40,12,3,11-2,[]
TX,701.148284585,290074.070204527,4640033.0378355,1.2,239,7,3,178-19,"[['RX_GW', 701.263281022, 239, 7, 3, 868.1, -121.34743494, '00:00:00:00:00:02']]"
TX,701.77685181,291689.823291213,4642765.530381043,1.2,94,12,3,124-5,"[['RX_GW', 704.408589811, 94, 12, 3, 868.1, -139.807528339, '00:00:00:00:00:02']]"
TX,702.47201574,292678.011398583,4652805.824600196,1.2,698,12,3,348-21,[]
TX,702.640768052,294381.996771983,4639353.046454581,1.2,251,12,3,190-15,[]
TX,702.893626879,293344.74476467,4646889.494731366,1.2,741,12,3,40-9,[]
TX,702.984655679,290047.515220806,4642387.383824631,1.2,72,11,3,115-22,[]
TX,704.119868882,292868.182821691,4641898.648987737,1.2,241,12,3,178-25,[]
TX,704.329038771,291108.345142997,4647888.189803262,1.2,161,12,3,140-5,[]
TX,704.417606206,288334.913486093,4638724.865147009,1.2,743,12,3,41-11,[]
TX,704.817408713,290785.580500822,4644282.215761149,1.2,887,12,3,80-30,[]
TX,705.166897256,297078.552606633,4639918.544449402,1.2,728,12,3,369-6,[]
TX,705.237309289,273660.546210713,4630677.460732462,1.2,746,12,3,42-10,[]
TX,705.294315805,271624.683633866,4630616.704762253,1.2,675,12,3,322-27,[]
TX,705.444941694,288214.499795964,4639149.196468521,1.2,861,12,3,79-10,[]
TX,705.752610638,288260.725856962,4642364.342578856,1.2,513,12,3,241-3,[]
TX,705.783506237,288063.953592555,4634611.161381229,1.2,99,12,3,127-3,[]
TX,705.812612987,295200.113429835,4645962.523387215,1.2,286,12,3,2-15,[]
TX,705.831743715,295081.723589235,4637823.642525237,1.2,793,12,3,53-24,[]
TX,706.015596403,291419.760995714,4642034.800447185,1.2,447,12,3,236-10,[]
TX,706.246665513,292188.169925425,4642141.473317376,1.2,398,12,3,228-14,[]
TX,706.989272778,287899.451582151,4629598.780989834,1.2,511,12,3,241-25,[]
TX,707.253392273,282692.783800127,4635671.53950052,1.2,520,12,3,242-18,[]
TX,707.587109729,297028.493071815,4649345.921740428,1.2,411,12,3,229-7,[]
TX,707.662900499,291595.139130664,4642155.883641917,1.2,487,11,3,24-18,"[['RX_GW', 709.143660888, 487, 11, 3, 868.1, -134.640548898, '00:00:00:00:00:02']]"
TX,707.802156529,295615.085426976,4645561.772595738,1.2,715,12,3,369-11,[]
TX,708.735380931,291938.352328245,4641676.834624289,1.2,127,12,3,137-16,[]
TX,709.026244536,291984.196593811,4643706.867571765,1.2,20,12,3,104-7,[]
TX,709.027314145,273687.80403983,4630651.180904117,1.2,269,12,3,194-9,[]
TX,709.432219189,271861.406279553,4630368.800579897,1.2,268,12,3,194-8,[]
TX,709.567397959,299627.370772389,4634956.483684463,1.2,281,12,3,195-5,[]
TX,710.528489324,304599.556008582,4650966.239987331,1.2,762,12,3,47-17,[]
TX,711.022434218,293428.767205832,4640026.065845159,1.2,575,12,3,260-15,[]
TX,711.399366362,292522.923418676,4641922.087838325,1.2,443,12,3,235-14,[]
TX,712.037132408,290408.209734019,4641792.902373224,1.2,221,7,3,172-5,"[['RX_GW', 712.152129215, 221, 7, 3, 868.1, -123.128257286, '00:00:00:00:00:02']]"
TX,712.251714694,292198.658071355,4642159.220296348,1.2,4,12,3,104-13,[]
TX,712.669069102,271672.879771953,4630624.713080999,1.2,352,12,3,22-23,[]
TX,712.73939978,286112.554671049,4632017.545292169,1.2,523,12,3,242-22,[]
TX,713.455674912,295627.734801903,4645564.450362128,1.2,213,12,3,171-25,[]
TX,713.822186303,290627.242692778,4646601.151102937,1.2,846,12,3,71-29,[]
TX,714.162881472,293732.174204276,4650696.607015461,1.2,773,12,3,49-11,[]
TX,714.227260323,291960.207301004,4642966.179386578,1.2,82,12,3,124-1,[]
TX,714.344336081,295143.229351867,4642752.221901068,1.2,331,10,3,212-26,"[['RX_GW', 715.003845557, 331, 10, 3, 868.1, -130.156438069, '00:00:00:00:00:04']]"
TX,715.28716914,291792.605647091,4641617.175000543,1.2,198,12,3,162-24,[]
TX,715.374743406,295961.098114329,4638066.561710273,1.2,416,12,3,231-14,[]
TX,715.747249483,290858.879015399,4641184.659726148,1.2,551,7,3,257-21,[]
TX,716.253097568,291842.601616539,4642550.215357676,1.2,237,12,3,178-16,[]
TX,716.8904523,289053.823607322,4639079.691979154,1.2,686,11,3,341-17,[]
TX,716.948550769,292692.276561653,4643667.698076344,1.2,569,12,3,259-28,[]
TX,716.985177455,306489.888574474,4640287.29579156,1.2,879,12,3,8-6,[]
TX,717.185961004,290475.511676249,4644961.831383062,1.2,160,12,3,140-30,[]
TX,717.205013921,291341.013251877,4641135.54491315,1.2,345,10,3,214-30,[]
TX,717.49786132,293415.22229608,4649051.396053032,1.2,110,12,3,130-12,[]
TX,717.543838612,293317.257865586,4646846.324828833,1.2,115,12,3,130-25,[]
TX,718.136307088,284674.352979211,4640529.971938956,1.2,540,12,3,254-17,[]
TX,718.296686973,303563.477090844,4638203.809577572,1.2,830,12,3,70-19,[]
TX,718.316048777,295759.199902383,4642547.108559337,1.2,362,7,3,220-28,"[['RX_GW', 718.431045074, 362, 7, 3, 868.1, -122.651552645, '00:00:00:00:00:04']]"
TX,718.548237964,271618.214725719,4630638.55715418,1.2,232,12,3,178-10,[]
TX,718.579314807,292419.327036993,4643503.284487541,1.2,67,12,3,115-17,[]
TX,719.12724337,301509.104416437,4649077.883362789,1.2,61,12,3,113-10,[]
TX,719.249084182,295839.076877866,4642279.008666469,1.2,618,7,3,287-12,"[['RX_GW', 719.36407963, 618, 7, 3, 868.1, -112.925860032, '00:00:00:00:00:04']]"
TX,720.47542273,294924.331980492,4638310.220486601,1.2,253,12,3,190-30,[]
TX,720.481966742,290474.542784213,4640675.617992288,1.2,496,7,3,24-28,"[['RX_GW', 720.59696214, 496, 7, 3, 868.1, -111.80713915, '00:00:00:00:00:02']]"
TX,721.511437582,290045.928623138,4642396.505001639,1.2,70,11,3,115-20,"[['RX_GW', 722.992196062, 70, 11, 3, 868.1, -133.142598669, '00:00:00:00:00:02']]"
TX,721.704478387,293319.223306407,4646840.802864103,1.2,118,12,3,130-28,[]
TX,721.73366897,295760.552694709,4635336.547700216,1.2,562,12,3,259-15,[]
TX,721.749863676,291828.991604766,4642555.012567411,1.2,457,12,3,236-24,[]
TX,721.859648413,296029.559515458,4639419.254158608,1.2,870,12,3,8-16,[]
TX,722.192794005,300474.207350523,4631285.916051079,1.2,655,12,3,308-28,[]
TX,722.201988699,293012.183270685,4642219.705127293,1.2,809,12,3,60-26,[]
TX,722.315922609,289845.678000456,4634165.01869389,1.2,210,12,3,171-22,[]
TX,723.037581309,290830.70323773,4629993.874765751,1.2,384,12,3,225-19,[]
TX,723.247962479,292526.153991334,4642917.549195992,1.2,785,12,3,53-14,[]
TX,723.742050443,289304.190907942,4642067.387750293,1.2,75,8,3,115-6,"[['RX_GW', 723.949464368, 75, 8, 3, 868.1, -126.294194816, '00:00:00:00:00:02']]"
TX,723.995413128,286863.615136022,4641684.767318773,1.2,583,12,3,261-10,[]
TX,724.32877865,294404.148664555,4639991.450811306,1.2,202,12,3,162-30,[]
TX,724.363580585,287773.091074701,4639516.093672377,1.2,50,12,3,110-25,[]
TX,724.413017278,287299.941099879,4641566.470458655,1.2,320,12,3,211-12,[]
TX,725.17633666,294398.682261236,4643078.703526576,1.2,243,12,3,178-27,[]
TX,725.868626837,290091.503620757,4635415.08171812,1.2,194,12,3,162-18,[]
TX,725.898059375,289041.416956711,4636160.094522057,1.2,690,12,3,341-21,[]
TX,726.179965222,291845.930070448,4642538.699379778,1.2,448,12,3,236-13,[]
TX,726.456250109,291098.992645171,4642460.344154842,1.2,782,11,3,53-11,[]
TX,726.667472176,289581.662154247,4645188.876358542,1.2,497,12,3,24-29,[]
TX,726.94409781,291520.13953315,4639826.15774213,1.2,16,12,3,104-30,[]
TX,726.973366942,271609.031439634,4630654.236387241,1.2,526,12,3,242-7,[]
TX,726.983291678,292781.653283022,4642159.732838274,1.2,32,12,3,106-25,[]
TX,727.198881217,291848.830388419,4642553.46591836,1.2,458,12,3,236-26,[]
TX,727.504270568,291509.013679157,4642427.962376554,1.2,808,12,3,60-25,[]
TX,727.561370912,290693.308050046,4641305.118298872,1.2,249,7,3,178-6,[]
TX,728.111397775,291798.210132711,4641615.270584241,1.2,126,12,3,137-14,[]
TX,728.170262518,291642.259329147,4642829.4547465,1.2,603,12,3,273-15,[]
TX,728.20441243,294119.751672191,4647404.58216262,1.2,736,12,3,40-24,[]
TX,728.213949267,293907.968905555,4645369.461661229,1.2,317,12,3,21-14,[]
TX,728.568745886,290412.449419169,4633021.356560593,1.2,193,12,3,162-17,[]
TX,728.860349685,289750.032474962,4644465.451077314,1.2,378,12,3,223-23,[]
TX,729.150080973,273409.61354892,4630060.314806934,1.2,533,12,3,253-19,[]
TX,729.167989664,276327.426034445,4631877.815872353,1.2,380,12,3,223-25,[]
TX,729.370885537,291724.745068979,4642807.62205147,1.2,47,12,3,11-7,[]
TX,729.883542792,295577.976570359,4647051.469185899,1.2,394,12,3,226-11,[]
TX,730.387296924,291733.156627439,4642151.316162335,1.2,140,12,3,137-3,[]
TX,730.617052227,292685.699825395,4641786.643732,1.2,716,12,3,369-12,[]
TX,730.760699592,283214.281944462,4633453.829359955,1.2,529,12,3,250-3,[]
TX,730.77730143,293762.287342169,4640461.150045309,1.2,164,12,3,149-1,[]
TX,731.262680093,299829.873657689,4630252.808920847,1.2,518,12,3,241-8,[]
TX,732.048567601,292676.771482284,4641812.225513044,1.2,311,12,3,203-9,[]
TX,732.119201151,290905.616520947,4645967.338162376,1.2,661,12,3,317-17,[]
TX,732.361844693,303257.623769394,4678864.676628104,1.2,147,12,3,140-12,[]
TX,732.804044452,291580.988446133,4642131.406400115,1.2,492,11,3,24-24,[]
TX,732.880507054,294130.964753554,4647401.163930957,1.2,778,12,3,51-3,[]
TX,732.956237617,294141.274090313,4647411.460301376,1.2,643,12,3,3-12,[]
TX,733.101858848,288196.884342758,4643897.578504073,1.2,242,12,3,178-26,[]
TX,733.131093117,292161.639082036,4642180.829869229,1.2,199,12,3,162-27,[]
TX,733.247935123,291086.962732933,4642480.800465632,1.2,295,11,3,200-18,[]
TX,733.328611691,292519.25759079,4642915.933250127,1.2,559,12,3,259-12,[]
TX,734.268854144,303018.701864057,4640603.296242746,1.2,880,12,3,8-7,[]
TX,734.647873867,291794.798284011,4640454.094073552,1.2,548,12,3,257-14,[]
TX,734.859218206,271778.138588851,4630717.798871906,1.2,0,12,3,104-1,[]
TX,735.614686027,290318.46518568,4655885.169860478,1.2,664,12,3,318-16,[]
TX,735.98631809,292199.319132072,4642150.317755722,1.2,271,12,3,195-13,[]
TX,735.9978453,291597.309560419,4642161.4376992,1.2,494,11,3,24-26,[]
TX,736.190876773,288277.850452906,4642691.279423979,1.2,816,12,3,7-13,[]
TX,736.446886866,295913.797754863,4637561.458612097,1.2,423,12,3,231-8,[]
TX,736.501816978,286212.099675318,4614127.975287278,1.2,639,12,3,291-6,[]
TX,736.511465647,290756.548095034,4641524.910873458,1.2,264,7,3,194-13,[]
TX,736.638782611,291490.594166365,4642062.785310558,1.2,130,12,3,137-19,[]
TX,736.647244405,291160.946644136,4641959.042650757,1.2,245,10,3,178-3,[]
TX,736.883160446,289314.326737434,4639759.5590518,1.2,48,10,3,110-22,[]
TX,737.001013517,293484.113083882,4641297.967356969,1.2,752,12,3,45-2,[]
TX,737.027398682,293805.397123808,4642851.548064434,1.2,141,12,3,137-30,[]
TX,737.030243757,295828.289697721,4649011.199035802,1.2,904,12,3,97-26,[]
TX,737.194247896,290673.460624926,4642298.653220591,1.2,149,10,3,140-15,[]
TX,737.541286362,298124.042514906,4636404.711488286,1.2,610,12,3,273-30,[]
TX,737.591767223,285181.931333112,4633068.819994197,1.2,631,12,3,290-2,[]
TX,737.74883299,290756.205806563,4641517.215651475,1.2,266,7,3,194-22,[]
TX,737.986615108,295024.785936842,4638743.424456087,1.2,220,12,3,172-4,[]
TX,738.717219548,282559.775074608,4644046.155497094,1.2,589,12,3,264-21,[]
TX,739.003409154,271673.36859228,4630654.010875002,1.2,473,12,3,238-4,[]
TX,739.139465851,294058.359041566,4641105.951429608,1.2,755,10,3,45-6,[]
TX,740.457058764,293175.329040905,4640199.850478889,1.2,493,12,3,24-25,[]
TX,740.494715134,287892.618714787,4634472.585831295,1.2,630,12,3,290-1,[]
TX,740.507398778,289945.791101254,4634414.961758885,1.2,606,12,3,273-24,[]
TX,740.737442687,292682.868231627,4641802.652837698,1.2,672,12,3,322-24,[]
TX,741.015905329,292684.840204132,4641805.619159986,1.2,724,12,3,369-27,[]
TX,741.096539711,290659.749065015,4646584.188159783,1.2,850,12,3,71-6,[]
TX,741.213969778,291833.037826175,4642541.475800696,1.2,795,12,3,53-27,[]
TX,741.516364342,289708.579207076,4638891.998468443,1.2,742,11,3,41-10,[]
TX,741.58640766,294138.038496675,4647406.700651691,1.2,774,12,3,51-15,[]
TX,741.880097355,271901.157318893,4630668.000640763,1.2,22,12,3,105-10,[]
TX,742.025049497,293784.905125006,4640437.415669564,1.2,274,12,3,195-19,[]
TX,742.09030833,294975.364682837,4642709.626800063,1.2,424,8,3,231-9,[]
TX,742.516314922,292249.028146427,4642100.144032252,1.2,344,12,3,214-29,[]
TX,742.722538729,292270.199875704,4641879.41230396,1.2,176,12,3,150-30,[]
TX,743.163780292,290204.445996177,4640199.165828479,1.2,571,7,3,259-30,[]
TX,743.718099751,292524.143500038,4642913.543449386,1.2,570,12,3,259-29,[]
TX,743.821380575,294485.481864166,4639813.853675265,1.2,142,12,3,137-4,[]
TX,744.112219534,291985.691291744,4643686.738308031,1.2,18,12,3,104-5,[]
TX,744.636716963,280312.547380044,4632631.743873233,1.2,636,12,3,290-7,[]
TX,745.02873191,282850.262208161,4635085.932196021,1.2,10,12,3,104-25,[]
TX,745.062905448,291834.927886363,4642547.604790634,1.2,451,12,3,236-18,[]
TX,745.081850324,292690.824922683,4641788.611527724,1.2,31,12,3,106-24,[]
TX,746.525298135,273659.753824395,4630677.697290689,1.2,749,12,3,42-13,[]
TX,746.890559686,290097.095050573,4635390.377017052,1.2,884,12,3,80-26,[]
TX,747.379421606,294736.45512345,4642509.476734135,1.2,306,10,3,202-26,"[['RX_GW', 748.038931319, 306, 10, 3, 868.1, -130.231007705, '00:00:00:00:00:04']]"
TX,747.416969776,295817.202959791,4642256.275382071,1.2,359,7,3,220-24,[]
TX,747.510804284,290071.176074849,4642398.035080527,1.2,227,11,3,173-27,[]
TX,747.570342597,302395.682773216,4639522.02914251,1.2,2,12,3,104-11,[]
TX,747.833750505,294995.456774476,4642702.267062104,1.2,413,8,3,231-11,[]
TX,748.551075411,304610.539606148,4650978.47695331,1.2,763,12,3,47-18,[]
TX,748.663107225,295140.116759236,4642723.838830039,1.2,720,9,3,369-16,"[['RX_GW', 749.034872613, 720, 9, 3, 868.1, -129.784203101, '00:00:00:00:00:04']]"
TX,749.123511707,273581.942644462,4630173.919880864,1.2,509,12,3,241-22,[]
TX,749.42657577,292194.2982613,4642153.454109651,1.2,578,12,3,260-25,"[['RX_GW', 752.058313843, 578, 12, 3, 868.1, -138.731099184, '00:00:00:00:00:02']]"
TX,750.167209407,294059.795549289,4650289.940976698,1.2,739,12,3,40-27,[]
TX,750.774140491,290090.124805491,4635391.991347111,1.2,532,12,3,253-17,[]
TX,751.496128264,291985.87312969,4642983.234381196,1.2,57,12,3,111-23,[]
TX,751.517727767,291588.589582939,4642150.839477938,1.2,498,11,3,24-3,[]
TX,751.588752627,293768.187008876,4639713.810582502,1.2,858,12,3,76-26,[]
TX,752.835793664,292206.006812273,4642164.916106714,1.2,395,12,3,228-1,[]
TX,753.371018398,291273.622982151,4642371.687046329,1.2,248,9,3,178-5,[]
TX,753.398602304,294308.548520533,4639006.815807177,1.2,710,12,3,357-17,[]
TX,753.40595144,295154.910143981,4642772.150306572,1.2,669,10,3,321-4,"[['RX_GW', 754.065460957, 669, 10, 3, 868.1, -130.347328095, '00:00:00:00:00:04']]"
TX,753.662097504,292816.525692254,4646168.146189847,1.2,867,12,3,79-29,[]
TX,754.579725431,295869.108085736,4649079.863041057,1.2,905,12,3,97-27,[]
TX,755.158601046,300228.153661598,4631544.388402331,1.2,646,12,3,308-10,[]
TX,755.389379763,295123.356405809,4642737.579387175,1.2,727,10,3,369-30,"[['RX_GW', 756.048889228, 727, 10, 3, 868.1, -130.105293175, '00:00:00:00:00:04']]"
TX,755.869915382,297998.912813201,4636503.683564527,1.2,682,12,3,332-26,[]
TX,755.906512161,295525.813684612,4643813.311687018,1.2,572,11,3,260-1,[]
TX,755.925488839,295335.386274317,4653414.695241948,1.2,158,12,3,140-29,[]
TX,757.315215657,293322.143161136,4640800.948886751,1.2,79,12,3,119-23,[]
TX,757.765825835,292206.18374579,4642167.214224262,1.2,289,12,3,2-22,[]
TX,757.87712312,292202.780933483,4642153.689585377,1.2,73,12,3,115-23,[]
TX,757.978450765,292496.506682647,4641710.277368185,1.2,376,12,3,222-9,[]
TX,758.491318068,291508.062583573,4642437.206307497,1.2,807,12,3,60-13,[]
TX,759.609597015,294848.792777526,4640635.693040949,1.2,402,9,3,228-2,[]
TX,759.696649851,288386.059825327,4637093.26495348,1.2,24,12,3,105-13,[]
TX,759.908912903,294357.451748709,4638962.910921309,1.2,711,12,3,357-20,[]
TX,760.329406374,292185.947380051,4642181.523179285,1.2,623,12,3,288-12,[]
TX,760.45246832,292503.608709299,4642917.725451809,1.2,211,12,3,171-23,[]
TX,760.815630855,279963.815178843,4639797.3944138,1.2,541,12,3,254-18,[]
TX,760.833858103,299227.186031462,4639070.922036129,1.2,659,12,3,311-17,[]
TX,761.20499833,292695.859567187,4641808.701462085,1.2,719,12,3,369-15,[]
TX,762.210914373,291281.435462282,4642389.880779335,1.2,534,11,3,253-20,"[['RX_GW', 763.69167452, 534, 11, 3, 868.1, -134.093163385, '00:00:00:00:00:02']]"
TX,762.22626377,293621.246324405,4650339.83132437,1.2,629,12,3,29-11,[]
TX,762.832172857,295629.385776388,4645543.521412567,1.2,214,12,3,171-26,[]
TX,762.883435711,294884.643908327,4637147.422709085,1.2,192,12,3,162-13,[]
TX,762.949442933,291250.466620325,4630276.921421657,1.2,651,12,3,308-24,[]
TX,763.311701505,292293.713117639,4652554.740107762,1.2,97,12,3,125-28,[]
TX,763.5425306,289351.489974988,4635271.872727881,1.2,474,12,3,238-5,[]
TX,763.551776021,288991.696428178,4641820.201445298,1.2,225,9,3,173-25,[]
TX,763.713605897,298026.467061083,4632529.920070904,1.2,601,12,3,273-13,[]
TX,764.063461437,295132.796570401,4642768.331621316,1.2,7,10,3,104-16,"[['RX_GW', 764.722970977, 7, 10, 3, 868.1, -130.45506403, '00:00:00:00:00:04']]"
TX,766.064352383,279200.778880874,4632525.945837939,1.2,455,12,3,236-22,[]
TX,766.147868664,301680.79320394,4632495.002163546,1.2,100,12,3,129-22,[]
TX,766.495519394,290272.701409193,4642144.859170503,1.2,153,8,3,140-19,"[['RX_GW', 766.702933151, 153, 8, 3, 868.1, -124.930944285, '00:00:00:00:00:02']]"
TX,767.38592211,292890.370523339,4640461.347443372,1.2,342,12,3,214-27,[]
TX,767.69851345,294445.16543879,4639431.706384227,1.2,165,12,3,149-18,[]
TX,767.938005432,271624.553542777,4630641.608858708,1.2,470,12,3,238-22,[]
TX,768.003088871,290059.296233887,4635381.713040272,1.2,233,12,3,178-11,[]
TX,768.240418394,296145.561728303,4640320.445726471,1.2,709,10,3,353-6,[]
TX,768.316437613,295164.630444676,4642737.796468612,1.2,871,9,3,8-17,[]
TX,768.655843688,300837.574255396,4645109.568657994,1.2,734,12,4,39-28,[]
TX,768.857155026,291608.950579136,4642167.218808161,1.2,503,12,3,24-7,[]
TX,769.429197012,285947.248726415,4641489.802864049,1.2,577,12,3,260-24,[]
TX,769.492575622,290086.055698913,4635412.534571439,1.2,885,12,3,80-27,[]
TX,769.673040289,295435.272183717,4637037.566382997,1.2,137,12,3,137-27,[]
TX,770.019810031,296023.212284072,4647526.019362753,1.2,776,12,3,51-17,[]
TX,770.191413651,293360.543862227,4649512.525163728,1.2,112,12,3,130-14,[]
TX,770.253388962,271614.948070872,4630647.213425809,1.2,472,12,3,238-3,[]
TX,770.544581582,295358.258060701,4638472.050812018,1.2,175,12,3,150-29,[]
TX,770.902497364,291762.092131828,4642623.576807017,1.2,44,12,3,11-4,[]
TX,771.933088769,272528.898740584,4629598.468180378,1.2,514,12,3,241-4,[]
TX,771.99693236,291446.500717421,4641308.706819475,1.2,122,11,3,137-10,[]
TX,772.134452765,290566.393763377,4639237.841301084,1.2,366,11,3,222-19,[]
TX,772.135150617,291845.00671903,4642542.411939391,1.2,573,12,3,260-11,[]
TX,773.372790017,297159.151764326,4639828.158082264,1.2,729,12,3,369-7,[]
TX,773.859195276,289703.701281337,4647157.354284699,1.2,590,12,3,266-10,[]
TX,774.859536079,290271.582677103,4636454.361295122,1.2,667,12,3,321-27,[]
TX,774.902105225,290489.295863328,4647532.743419712,1.2,159,12,3,140-3,[]
TX,775.11978242,293425.708983033,4641190.183222859,1.2,754,12,3,45-30,[]
TX,775.337890285,302252.139982678,4642767.340183779,1.2,358,12,3,220-23,[]
TX,775.824885985,293323.841653859,4644824.815387576,1.2,230,12,3,175-29,[]
TX,775.837940954,297690.803097338,4641562.484735116,1.2,751,12,3,42-23,[]
TX,777.033152515,292198.150180822,4642155.961926963,1.2,735,12,3,40-19,"[['RX_GW', 779.664890603, 735, 12, 3, 868.1, -138.764451525, '00:00:00:00:00:02']]"
TX,777.550323172,304516.372878585,4650178.912027751,1.2,768,12,3,47-4,[]
TX,779.322637886,293809.649155388,4640396.237870146,1.2,168,11,3,150-15,"[['RX_GW', 780.803399079, 168, 11, 3, 868.1, -134.704907369, '00:00:00:00:00:04']]"
TX,779.350137721,291843.510593075,4642547.873677982,1.2,42,12,3,11-3,[]
TX,779.446489648,292182.715930385,4642136.656261401,1.2,465,12,3,236-8,[]
TX,779.530682857,295820.198542529,4642262.118395857,1.2,357,7,3,220-22,[]
TX,779.831276351,293495.423760215,4640664.776398146,1.2,171,12,3,150-18,[]
TX,779.971158436,291843.182947119,4642555.982522795,1.2,464,12,3,236-7,[]
TX,780.056432423,292492.297016776,4637205.217591904,1.2,810,12,3,60-27,[]
TX,780.092622322,286516.088500314,4641987.966363492,1.2,76,12,3,115-8,[]
TX,780.237611582,278119.474432377,4632449.031722696,1.2,547,12,3,254-7,[]
TX,780.294664554,287958.76348279,4629799.334666519,1.2,512,12,3,241-26,[]
TX,780.30399798,295958.377399016,4642545.408310843,1.2,621,8,3,287-8,[]
TX,780.443755694,279953.585794149,4639770.094543144,1.2,537,12,3,254-1,[]
TX,781.663079422,295994.049932214,4643021.97081484,1.2,356,9,4,220-21,"[['RX_GW', 782.034845422, 356, 9, 4, 868.1, -129.391623904, '00:00:00:00:00:04']]"
TX,782.265823606,289885.855894091,4645270.312423809,1.2,613,12,4,281-12,[]
TX,782.665476292,272273.530601818,4630047.382970147,1.2,712,12,3,358-24,[]
TX,782.765433241,302782.682097532,4648615.124894151,1.2,63,12,3,113-12,[]
TX,783.117712718,293710.460495299,4645350.714414159,1.2,508,12,3,241-21,[]
TX,783.158574699,294029.043475915,4639873.761141803,1.2,170,12,3,150-17,[]
TX,783.341922051,291732.805388929,4642171.026940457,1.2,200,12,3,162-29,[]
TX,783.831426343,289947.616968121,4634413.221385795,1.2,524,12,3,242-23,[]
TX,783.922520549,289121.506250401,4639505.904122724,1.2,282,10,3,198-22,[]
TX,784.045830013,304691.991423706,4651099.732167387,1.2,764,12,3,47-19,[]
TX,784.146733612,295076.829489829,4642853.176754735,1.2,327,8,3,212-20,[]
TX,784.243791979,292675.516787608,4641791.752016997,1.2,53,12,3,111-19,[]
TX,784.34677781,295627.047415742,4642127.161209076,1.2,801,7,3,58-3,[]
TX,784.530733925,291742.064784839,4642233.599343068,1.2,627,12,3,288-21,[]
TX,784.795313814,279046.986579234,4632529.369321392,1.2,104,12,3,129-6,[]
TX,785.116111657,283544.812822754,4646638.969787258,1.2,792,12,4,53-21,[]
TX,785.428359216,298125.701787655,4632348.523713509,1.2,723,12,3,369-26,[]
TX,785.636421225,293321.68443585,4642689.545298484,1.2,427,12,3,232-26,[]
TX,785.85315966,290983.999324704,4639056.614675293,1.2,429,12,3,232-28,[]
TX,785.94295615,284348.248914453,4632990.621864941,1.2,381,12,3,223-26,[]
TX,786.098861973,289324.651936432,4639766.554386707,1.2,207,10,3,169-10,"[['RX_GW', 786.758371837, 207, 10, 3, 868.1, -132.818183196, '00:00:00:00:00:02']]"
TX,786.21804965,293080.931635113,4642357.553392737,1.2,302,12,3,200-4,[]
TX,786.543683089,290050.359182978,4642390.233505076,1.2,68,11,3,115-18,[]
TX,787.007031483,292248.788231242,4639485.845658368,1.2,721,12,3,369-24,[]
TX,787.213433769,297030.765022922,4649346.444989555,1.2,410,12,3,229-5,[]
TX,787.230994849,293770.966396172,4646925.895124811,1.2,704,12,3,351-27,[]
TX,787.561823406,289069.382146464,4636276.405358078,1.2,689,12,3,341-20,[]
TX,788.101290331,292722.684184341,4641735.139692248,1.2,890,12,3,82-7,[]
TX,788.716160972,288404.220669869,4642369.023566482,1.2,542,12,3,254-24,[]
TX,788.779275935,291975.706929493,4643689.409535297,1.2,15,12,3,104-3,[]
TX,788.848298031,290515.357831036,4637390.875689923,1.2,293,12,3,2-8,[]
TX,789.511400822,292690.81485777,4643715.821928391,1.2,396,12,3,228-11,[]
TX,789.590688723,291998.836265964,4643690.782285085,1.2,813,12,3,7-10,[]
TX,789.759992399,291816.092254411,4642219.974359118,1.2,624,12,3,288-14,[]
TX,790.398603486,289872.597984557,4639953.127327111,1.2,438,7,3,234-25,[]
TX,790.415014711,291642.012135492,4640990.034606892,1.2,726,10,3,369-29,[]
TX,790.481400469,303254.742897198,4678855.428772617,1.2,148,12,3,140-13,[]
TX,790.551551232,289321.647127148,4639763.048231495,1.2,49,10,3,110-24,[]
TX,791.30537461,288368.416241796,4641317.298448516,1.2,288,10,3,2-2,[]
TX,791.467080258,299836.242295481,4630247.354782062,1.2,598,12,3,273-10,[]
TX,791.790277865,291985.677175583,4643698.629182929,1.2,17,12,3,104-4,[]
TX,791.937235719,295134.238463628,4642728.510775348,1.2,333,9,3,212-29,[]
TX,792.134681952,289989.423876065,4645856.170994403,1.2,372,12,3,222-4,[]
TX,793.549242403,276006.900918383,4626453.723527398,1.2,525,12,3,242-6,[]
TX,793.670266044,289146.431201533,4637197.823536769,1.2,688,12,3,341-19,[]
TX,793.810044515,291034.576185287,4640406.23995275,1.2,891,8,3,91-15,"[['RX_GW', 794.017457995, 891, 8, 3, 868.1, -125.508650071, '00:00:00:00:00:02']]"
TX,794.044889357,289241.462909888,4643793.966330679,1.2,866,12,3,79-28,[]
TX,794.332797929,296080.951764174,4640254.795143212,1.2,707,10,3,353-1,"[['RX_GW', 794.99230845, 707, 10, 3, 868.1, -130.686223105, '00:00:00:00:00:04']]"
TX,794.824941689,293430.653639462,4654965.16391138,1.2,696,12,3,348-17,[]
TX,795.073641834,291823.230201186,4642552.77635612,1.2,407,12,3,228-30,[]
TX,795.222431103,282297.796635441,4644616.846530192,1.2,683,12,3,334-15,[]
TX,795.424628148,292806.407027049,4640661.45063864,1.2,373,12,3,222-5,[]
TX,795.439264243,295861.864236052,4642319.18350784,1.2,616,7,3,287-10,"[['RX_GW', 795.55425984, 616, 7, 3, 868.1, -114.481948016, '00:00:00:00:00:04']]"
TX,796.55095244,290631.093894667,4646613.112565257,1.2,851,12,4,71-7,[]
TX,797.099304155,291818.631257412,4642548.509926925,1.2,8,12,3,104-2,[]
TX,797.42293582,291821.756368417,4642552.547565679,1.2,558,12,3,259-11,[]
TX,797.437969261,283244.111863354,4633182.360408754,1.2,446,12,3,235-29,[]
TX,797.574369945,291850.511751829,4642541.011126066,1.2,449,12,3,236-14,[]
TX,797.751427871,290643.026153099,4646606.365099534,1.2,695,12,4,348-16,[]
TX,798.095288776,292522.543336793,4642907.455531432,1.2,802,12,4,58-4,[]
TX,798.510026033,297918.98449194,4632706.240023891,1.2,657,12,3,310-4,[]
TX,799.000606084,291177.263640671,4641320.188655695,1.2,441,9,4,234-29,[]
TX,799.391991008,292296.852791971,4642302.490795217,1.2,3,12,3,104-12,[]
TX,799.870561925,294087.366778794,4645645.117047497,1.2,582,12,3,260-29,[]
TX,799.963376585,286060.583765011,4641558.898863796,1.2,322,12,3,211-14,[]
TX,800.189662705,282728.421160725,4635540.672998014,1.2,615,12,3,281-16,[]
TX,800.212341529,289313.308521576,4639774.972479286,1.2,209,10,3,169-14,"[['RX_GW', 800.871851387, 209, 10, 3, 868.1, -132.791708879, '00:00:00:00:00:02']]"
TX,800.379425065,294987.9262303,4642702.187553515,1.2,414,8,3,231-12,"[['RX_GW', 800.586838654, 414, 8, 3, 868.1, -125.504366575, '00:00:00:00:00:04']]"
TX,800.934362922,290274.321989738,4636414.009236305,1.2,896,12,3,91-29,[]
TX,801.036848518,281085.740993856,4640201.134625389,1.2,545,12,3,254-3,[]
TX,801.124385152,293481.041766969,4645887.13777896,1.2,888,12,3,81-24,[]
TX,801.305712222,292895.695081471,4640493.867630182,1.2,600,12,3,273-12,[]
TX,801.43900677,290378.119214862,4639173.88101144,1.2,855,12,3,73-2,[]
TX,801.790642366,301722.355630797,4643562.564812467,1.2,803,12,3,58-5,[]
TX,802.258490429,290861.799536531,4642317.724688364,1.2,490,9,3,24-20,[]
TX,802.265878007,288697.676706588,4641736.7842273,1.2,226,9,4,173-26,[]
TX,802.41672636,282971.446725337,4634416.230190409,1.2,240,12,3,178-24,[]
TX,802.939090994,292194.182707919,4642146.061692108,1.2,491,12,3,24-21,[]
TX,802.941296712,290978.907175895,4640936.295682627,1.2,894,7,3,91-19,[]
TX,803.869090295,301421.009444507,4632278.992125202,1.2,650,12,3,308-14,[]
TX,804.125617892,295871.925875607,4648484.77262144,1.2,560,12,3,259-13,[]
TX,804.28431653,291605.2591628,4642156.287699958,1.2,481,11,3,24-12,"[['RX_GW', 805.765076947, 481, 11, 3, 868.1, -134.715655159, '00:00:00:00:00:02']]"
TX,804.793638989,293056.904098441,4642614.615943496,1.2,415,12,3,231-13,[]
TX,805.731867483,294528.33716594,4644417.194276935,1.2,516,12,3,241-6,[]
TX,806.576879708,291105.38790482,4642474.760211055,1.2,607,11,4,273-25,"[['RX_GW', 808.057639704, 607, 11, 4, 868.1, -134.771689022, '00:00:00:00:00:02']]"
TX,806.780319214,290406.55323395,4641806.353442541,1.2,434,7,3,234-13,[]
TX,806.874410007,303995.77093213,4637723.426041798,1.2,828,12,3,70-17,[]
TX,807.569292227,295860.725938019,4642335.573378257,1.2,619,7,3,287-14,"[['RX_GW', 807.684287876, 619, 7, 3, 868.1, -114.937393579, '00:00:00:00:00:04']]"
TX,807.957808567,291990.496081178,4643700.860569239,1.2,96,12,3,124-7,[]
TX,808.624904159,289822.029591774,4638794.725905987,1.2,555,12,3,257-5,[]
TX,808.665213748,291832.254850231,4642550.999133975,1.2,466,12,3,236-9,[]
TX,809.377869322,293316.400797701,4646847.711093999,1.2,116,12,3,130-26,[]
TX,810.55453602,290788.04905225,4642840.611634461,1.2,461,11,3,236-29,[]
TX,810.962226057,291603.147029391,4642141.620705694,1.2,479,11,3,24-10,[]
TX,812.393616809,271457.033850974,4630374.356504293,1.2,865,12,3,79-27,[]
TX,812.715634209,291132.25663217,4632059.13602265,1.2,163,12,3,143-26,[]
TX,812.803602834,291422.748499104,4642036.375416675,1.2,758,12,3,46-15,[]
TX,813.761263479,292450.404221788,4639740.721124712,1.2,386,12,3,225-3,[]
TX,814.009934109,271627.050969763,4630656.602217528,1.2,476,12,3,238-8,[]
TX,814.691203203,290403.340485991,4641810.932368522,1.2,52,7,3,111-18,[]
TX,814.697974667,292197.821999113,4642154.060310099,1.2,797,12,3,53-29,[]
TX,814.807290629,296555.167884162,4640738.392058109,1.2,186,7,3,157-17,"[['RX_GW', 814.922288416, 186, 7, 3, 868.1, -123.953807933, '00:00:00:00:00:04']]"
TX,814.809040958,292192.491153592,4642150.716204206,1.2,203,12,3,162-4,[]
TX,815.698634205,291085.348109876,4642458.256619484,1.2,5,11,3,104-14,"[['RX_GW', 817.179394117, 5, 11, 3, 868.1, -134.528528063, '00:00:00:00:00:02']]"
TX,816.943649356,291838.085013528,4642548.945733191,1.2,454,12,3,236-21,[]
TX,816.956392185,290762.860720157,4641518.83531471,1.2,730,7,3,371-27,[]
TX,817.63600256,293708.258504131,4645354.412649654,1.2,315,12,3,21-12,[]
TX,817.763446171,292182.36812755,4642142.184968177,1.2,790,12,3,53-2,[]
TX,818.439663987,292801.29457582,4641214.766854445,1.2,722,12,3,369-25,[]
TX,818.664012778,282664.834433653,4661532.031656841,1.2,848,12,3,71-30,[]
TX,818.785438506,306598.036579921,4684630.39234435,1.2,444,12,3,235-22,[]
TX,818.908741882,291826.313619984,4642551.325198257,1.2,350,12,4,22-21,[]
TX,818.913320013,291270.639907208,4642805.558501975,1.2,59,12,3,111-8,[]
TX,819.956196842,294123.184490862,4647411.532785044,1.2,507,12,4,241-20,[]
TX,820.087816963,291986.841329479,4643690.564289046,1.2,821,12,3,7-24,[]
TX,820.979686031,292693.406621528,4641795.805080378,1.2,725,12,3,369-28,[]
TX,821.221563313,290040.845747068,4646325.751211482,1.2,426,12,3,232-25,[]
TX,822.121969322,290643.695020791,4646603.752939184,1.2,840,12,3,71-17,[]
TX,822.469415163,294871.809983723,4646768.013921828,1.2,316,12,3,21-13,[]
TX,823.803654799,292198.990042112,4642158.035106427,1.2,128,12,3,137-17,[]
TX,823.899563977,291808.727863856,4642541.107256073,1.2,460,12,3,236-28,[]
TX,824.341737526,295608.707084617,4645549.547710589,1.2,13,12,4,104-28,[]
TX,825.089904761,291502.838291074,4642064.830359663,1.2,92,12,3,124-30,[]
TX,825.209396751,289749.306628023,4641690.988615136,1.2,154,7,3,140-20,[]
TX,825.328530188,307074.48855155,4640262.25926278,1.2,877,12,3,8-4,[]
TX,825.737995166,295788.193520813,4636628.224494872,1.2,854,12,4,72-29,[]
TX,826.211170761,295869.125937199,4649079.906979935,1.2,906,12,3,97-28,[]
TX,826.245659836,296501.501652092,4640813.870381139,1.2,188,9,3,157-21,"[['RX_GW', 826.617425336, 188, 9, 3, 868.1, -127.001217423, '00:00:00:00:00:04']]"
TX,826.503729296,291862.204725276,4641937.957554647,1.2,432,12,3,234-1,[]
TX,827.286313085,293793.629972218,4642865.095711677,1.2,83,12,3,124-15,[]
TX,828.139509699,294795.132475549,4644001.430842383,1.2,393,12,3,226-10,[]
TX,828.483627812,291523.74510907,4642436.699016453,1.2,196,12,3,162-20,[]
TX,828.622104917,296203.350912619,4630490.975306053,1.2,652,12,3,308-25,[]
TX,828.984577431,295645.289290072,4645560.915733985,1.2,212,12,3,171-24,[]
TX,829.378505073,292336.187135095,4650655.428922786,1.2,841,12,3,71-18,[]
TX,829.432952831,281005.854796898,4623926.162190955,1.2,760,12,3,46-18,[]
TX,829.904577788,293340.654319982,4648935.706080182,1.2,108,12,3,130-10,[]
TX,830.413011998,291038.326446749,4641922.777544208,1.2,136,11,3,137-26,"[['RX_GW', 831.893770463, 136, 11, 3, 868.1, -133.321286442, '00:00:00:00:00:02']]"
TX,830.465275338,282642.169624639,4659851.915099008,1.2,298,12,3,200-22,[]
TX,830.928953887,289828.24505554,4638797.255543229,1.2,549,12,3,257-18,[]
TX,831.193137484,282804.680886418,4656788.383073642,1.2,300,12,3,200-24,[]
TX,831.356416801,304600.018012082,4650973.592014784,1.2,765,12,3,47-20,[]
TX,831.824363781,283766.750774139,4632938.753969747,1.2,379,12,3,223-24,[]
TX,831.934717225,293829.679089736,4638642.616624289,1.2,731,12,3,371-28,[]
TX,832.416372345,298419.209743746,4636118.53255276,1.2,276,12,3,195-21,[]
TX,832.46814301,287259.231701452,4641551.094541721,1.2,538,12,3,254-15,[]
TX,832.693805262,300136.48144723,4629289.857466117,1.2,852,12,3,72-1,[]
TX,833.964542421,292217.047804321,4639454.289419231,1.2,102,12,3,129-4,[]
TX,834.407158428,292749.185997497,4641869.452948867,1.2,784,12,3,53-13,[]
TX,834.586408166,271624.139053089,4630640.257908264,1.2,468,12,3,238-20,[]
TX,835.547286458,285111.550508385,4642466.098429788,1.2,259,12,3,193-5,[]
TX,835.573802417,286759.372479673,4641745.250037821,1.2,585,12,3,261-13,[]
TX,835.759074771,295108.080068965,4642752.329528688,1.2,336,10,3,212-7,"[['RX_GW', 836.418584304, 336, 10, 3, 868.1, -130.423937502, '00:00:00:00:00:04']]"
TX,836.434783241,290752.298723441,4641515.605005103,1.2,267,7,3,194-23,[]
TX,836.650876206,299223.846603221,4636309.880016735,1.2,680,12,3,332-24,[]
TX,837.376017055,290655.355784254,4641664.571362283,1.2,263,7,3,194-12,"[['RX_GW', 837.491013987, 263, 7, 3, 868.1, -123.408281581, '00:00:00:00:00:02']]"
TX,837.425267235,299468.306594338,4658619.532378014,1.2,353,12,3,220-17,[]
TX,837.582049998,292132.843218985,4641361.875385369,1.2,693,12,3,348-14,[]
TX,838.171610157,291817.294817474,4642208.251142606,1.2,197,12,3,162-21,[]
TX,838.417903892,292730.321769282,4642079.044857085,1.2,35,12,3,106-28,[]
TX,838.44165054,296615.342875326,4643298.562961842,1.2,430,11,4,232-29,[]
TX,838.657397888,292906.567659405,4641948.954891602,1.2,278,12,4,195-27,[]
TX,838.666280172,294488.666901319,4645368.499521671,1.2,701,12,3,351-24,[]
TX,839.093124977,292184.443396663,4642164.386693089,1.2,247,12,4,178-4,[]
TX,839.239935401,293543.993729194,4642748.178897933,1.2,265,12,3,194-14,[]
TX,839.398397143,298760.896482448,4631202.533678753,1.2,783,12,3,53-12,[]
TX,839.556311016,291727.911897635,4642150.68637557,1.2,133,12,4,137-21,[]
TX,840.333554555,294129.641710855,4647409.702811935,1.2,737,12,4,40-25,[]
TX,841.004188515,282290.838964594,4643813.959372893,1.2,586,12,4,264-17,[]
TX,841.024944595,294129.18632214,4647406.586910108,1.2,777,12,3,51-18,[]
TX,841.278753555,299818.626956041,4630212.103873734,1.2,404,12,4,228-27,[]
TX,841.283097608,270079.819047225,4641199.822713759,1.2,685,12,3,337-26,[]
TX,841.494147766,290050.371215694,4642393.383994776,1.2,69,11,3,115-19,"[['RX_GW', 842.974906237, 69, 11, 3, 868.1, -133.10715672, '00:00:00:00:00:02']]"
TX,841.738855306,292629.643085164,4641770.444207311,1.2,71,12,4,115-21,[]
TX,842.066288371,294974.25868872,4642717.423239149,1.2,420,8,4,231-26,[]
TX,842.06647503,287416.614829884,4641608.775716327,1.2,321,12,3,211-13,[]
TX,842.151983961,292103.433933532,4642232.63874302,1.2,489,12,3,24-2,[]
TX,842.268160215,280984.5169267,4629317.328213935,1.2,536,12,3,253-22,[]
TX,842.489249317,291291.914028947,4644964.690050308,1.2,36,12,3,109-17,[]
TX,842.536811881,292178.408101363,4642147.833057602,1.2,371,12,3,222-3,[]
TX,843.35351165,291291.112113186,4641953.523381443,1.2,625,11,3,288-15,"[['RX_GW', 844.834270824, 625, 11, 3, 868.1, -133.985664935, '00:00:00:00:00:02']]"
TX,843.368963044,294726.248877966,4639033.498649761,1.2,167,12,3,149-2,[]
TX,843.392097123,288734.165130498,4643195.259778836,1.2,43,12,3,11-30,[]
TX,843.642387084,292311.584454065,4642706.746826204,1.2,400,12,4,228-16,[]
TX,843.763683253,273660.69325923,4630683.023675856,1.2,748,12,3,42-12,[]
TX,843.904988192,291824.779885434,4642418.004767419,1.2,132,12,3,137-20,[]
TX,844.004684316,290682.498667268,4635717.229691614,1.2,309,12,3,203-5,[]
TX,844.076264129,284370.688425341,4631957.232514421,1.2,822,12,3,7-26,[]
TX,844.136523523,293706.49903571,4645347.643851581,1.2,313,12,3,21-10,[]
TX,844.163530125,290806.733530031,4638542.855268941,1.2,857,12,3,73-30,[]
TX,844.212058402,304804.618342125,4650969.572475184,1.2,767,12,4,47-3,[]
TX,844.909520888,292583.579415891,4641362.200311533,1.2,101,12,3,129-3,[]
TX,845.210368974,291300.962592401,4636326.360850789,1.2,435,12,3,234-14,[]
TX,845.326147009,291840.709316147,4642558.815771424,1.2,39,12,3,11-1,[]
TX,846.035794318,288671.311953198,4630771.480125532,1.2,654,12,4,308-27,[]
TX,846.163959175,293407.449604225,4641531.207645132,1.2,287,12,3,2-16,[]
TX,846.777588652,292948.145255238,4641834.37460752,1.2,206,12,4,162-7,[]
TX,847.111477283,295868.951632399,4649080.478763384,1.2,902,12,3,97-13,[]
TX,847.132491791,292534.75971927,4642907.220964668,1.2,341,12,3,214-26,[]
TX,847.304580519,289719.866975403,4641870.718949237,1.2,228,7,3,173-28,[]
TX,847.311475208,290079.767871026,4635396.805814478,1.2,436,12,4,234-15,[]
TX,848.43923197,291985.28832249,4643691.084981262,1.2,84,12,3,124-16,[]
TX,848.864126085,291817.657975941,4642558.864482276,1.2,463,12,3,236-6,[]
TX,849.064954307,290184.046741016,4635299.026894205,1.2,580,12,3,260-27,[]
TX,849.572577033,290867.410083159,4642260.994657244,1.2,318,10,3,211-10,[]
TX,849.674357804,290732.411904557,4642894.611807617,1.2,201,12,3,162-3,[]
TX,849.8818006,294005.072334187,4645662.089891158,1.2,314,12,3,21-11,[]
TX,849.887322581,289841.682698561,4638779.691565243,1.2,553,12,3,257-25,[]
TX,849.958430094,291832.66704621,4642549.707483641,1.2,519,12,3,241-9,[]
TX,850.030700903,293634.043808625,4639346.120538878,1.2,859,12,3,76-27,[]
TX,850.373484986,292914.284244136,4653257.061960061,1.2,692,12,3,348-11,[]
TX,850.875234258,291100.613513373,4639344.905457855,1.2,85,12,3,124-18,[]
TX,851.013711416,293396.259392551,4643281.594176367,1.2,284,12,3,2-1,[]
TX,851.058100651,300026.715639855,4642805.082741261,1.2,827,12,3,70-1,[]
TX,851.279941414,282311.889908161,4632827.47279512,1.2,25,12,3,105-14,[]
TX,851.491176724,292493.065790196,4641929.860157957,1.2,272,12,3,195-14,[]
TX,851.553594151,291120.342701059,4641121.77935051,1.2,433,9,3,234-10,"[['RX_GW', 851.925359621, 433, 9, 3, 868.1, -128.264309356, '00:00:00:00:00:02']]"
TX,851.672135348,293363.761438718,4649616.013727848,1.2,113,12,3,130-22,[]
TX,851.773797082,291093.239958127,4641217.202930198,1.2,390,7,3,225-7,[]
TX,851.833983921,295149.848000404,4642749.541718786,1.2,329,10,3,212-22,[]
TX,851.847772371,293250.153841439,4640221.042028777,1.2,374,12,3,222-7,[]
TX,851.854547891,292517.784499617,4642898.081649752,1.2,405,12,3,228-28,[]
TX,851.968044682,291604.058769208,4646686.752375555,1.2,663,12,3,317-20,[]
TX,852.969945818,271511.554704929,4630583.459686104,1.2,351,12,3,22-22,[]
TX,853.292424845,291591.015623213,4642163.967351007,1.2,500,11,3,24-4,"[['RX_GW', 854.77318524, 500, 11, 3, 868.1, -134.655214253, '00:00:00:00:00:02']]"
TX,853.75278354,289707.582141243,4647174.88822919,1.2,593,12,3,266-14,[]
TX,854.043935055,289097.012201699,4636533.062853799,1.2,687,12,3,341-18,[]
TX,854.29702299,294716.949046444,4642512.436637453,1.2,836,10,3,70-7,"[['RX_GW', 854.956532759, 836, 10, 3, 868.1, -130.480939093, '00:00:00:00:00:04']]"
TX,855.140012622,295206.847519147,4642555.847969925,1.2,832,7,3,70-3,"[['RX_GW', 855.255009393, 832, 7, 3, 868.1, -120.91166543, '00:00:00:00:00:04']]"
TX,855.345587898,291824.631728004,4642554.618126986,1.2,703,12,3,351-26,[]
TX,855.365067727,295955.751725264,4642442.514000233,1.2,361,7,3,220-27,"[['RX_GW', 855.480063808, 361, 7, 3, 868.1, -115.738513076, '00:00:00:00:00:04']]"
TX,855.411303981,292377.170318716,4641799.282614133,1.2,90,12,3,124-29,[]
TX,855.635250683,281749.190986978,4624552.640002361,1.2,761,12,3,46-20,[]
TX,856.277813156,291827.536411747,4642548.508431996,1.2,552,12,3,257-22,[]
TX,856.381871005,293385.736722391,4644048.318618976,1.2,365,12,3,222-18,[]
TX,856.699908269,293269.898818393,4640227.921553904,1.2,307,12,3,203-3,[]
TX,856.810177323,294482.583164199,4638809.461614739,1.2,392,12,3,225-9,[]
TX,856.897138651,291594.047606486,4642147.685207174,1.2,488,11,3,24-19,[]
TX,856.972773353,291605.985906719,4642163.522324848,1.2,501,11,3,24-5,[]
TX,857.025264043,286011.434298494,4639973.674526916,1.2,823,12,3,7-27,[]
TX,858.474354663,291847.94015936,4642559.755662375,1.2,45,12,3,11-5,[]
TX,859.227122873,292686.901851748,4641802.131348145,1.2,517,12,3,241-7,[]
TX,859.596971717,303263.822166773,4638002.339776125,1.2,805,12,3,58-7,[]
TX,859.916241121,292664.09134421,4643705.078137115,1.2,561,12,3,259-14,[]
TX,860.78281266,282290.669179125,4632783.181286515,1.2,246,12,4,178-30,[]
TX,861.80939965,291821.105734885,4641585.78985117,1.2,124,12,3,137-12,[]
TX,861.827896505,291824.526242215,4641058.379849892,1.2,437,11,3,234-24,[]
TX,862.205611645,291710.06504017,4642758.344365934,1.2,93,12,3,124-4,[]
TX,862.231309738,295898.589182931,4642561.520093276,1.2,617,7,3,287-11,[]
TX,862.637341722,291652.190609761,4639993.299263738,1.2,554,12,3,257-4,[]
TX,862.688665297,292328.761685796,4641435.07836923,1.2,431,12,3,232-30,[]
TX,862.733992332,291728.754436039,4642153.101792804,1.2,129,12,4,137-18,[]
TX,863.228195402,287471.298279191,4639369.115051002,1.2,818,12,3,7-15,[]
TX,863.334666736,293693.337669448,4650696.642099378,1.2,772,12,3,49-10,[]
TX,863.525841861,290642.135626945,4646618.950208638,1.2,843,12,3,71-2,[]
TX,863.631689919,285728.307659889,4633894.997269786,1.2,745,12,3,41-8,[]
TX,863.636026864,292650.216755679,4641800.033107035,1.2,1,12,3,104-10,[]
TX,864.750212447,291800.982189719,4636741.204730493,1.2,143,12,4,137-5,[]
TX,865.141442217,292194.288215531,4642154.973875022,1.2,794,12,3,53-25,[]
TX,865.414068693,300562.86651817,4636326.716073668,1.2,14,12,3,104-29,[]
TX,865.703518631,289918.822656261,4638774.405855514,1.2,348,12,3,22-19,[]
TX,865.746987401,290642.592997936,4646625.865104021,1.2,839,12,3,71-16,[]
TX,865.796679069,294981.340875636,4643081.220717233,1.2,417,9,4,231-22,[]
TX,866.207339393,293368.278390683,4649614.829306407,1.2,111,12,4,130-13,[]
TX,866.548934447,304606.25818162,4650966.81014255,1.2,769,12,3,47-5,[]
TX,867.634756218,282286.245385436,4663495.361751128,1.2,837,12,4,71-1,[]
TX,867.96210148,301225.399547898,4643270.143537071,1.2,831,12,3,70-2,[]
TX,868.680376986,285210.35795596,4640803.103530338,1.2,291,12,3,2-29,[]
TX,869.054767785,291843.271030986,4642417.654426556,1.2,883,12,3,80-16,[]
TX,869.221164558,292453.116723498,4641526.958294814,1.2,485,12,3,24-16,[]
TX,869.725139572,295985.116974447,4637775.03235377,1.2,874,12,3,8-20,[]
TX,869.98027588,291094.044674628,4642462.890146473,1.2,786,11,3,53-15,[]
TX,870.217859235,271628.263953181,4630654.853134223,1.2,467,12,4,238-19,[]
TX,870.242689362,289311.151801097,4639758.565256551,1.2,208,11,4,169-13,[]
TX,870.60543148,298521.690116891,4644209.801484904,1.2,733,12,3,39-26,[]
TX,870.99294679,279586.736473854,4632579.912160973,1.2,270,12,4,195-10,[]
TX,871.246366704,291056.258526072,4640351.61477791,1.2,824,8,4,7-28,[]
TX,871.566980333,273692.368540009,4630638.653788271,1.2,223,12,3,172-7,[]
TX,872.026362536,290662.242664587,4639049.985140496,1.2,80,12,3,119-24,[]
TX,872.057246713,288189.262974393,4641872.515277283,1.2,285,12,3,2-13,[]
TX,872.385228144,295783.290856347,4648513.516535603,1.2,903,12,3,97-24,[]
TX,872.796888119,289402.675445803,4642446.341351351,1.2,484,9,3,24-15,[]
TX,873.108717136,297706.221945104,4641956.071429743,1.2,756,12,3,45-7,[]
TX,873.319534117,291071.402343165,4644042.102748618,1.2,565,12,4,259-24,[]
TX,873.375360833,290450.687682569,4641628.393078091,1.2,134,7,3,137-24,[]
TX,873.477134479,292530.042128011,4642918.262589599,1.2,556,12,3,259-1,[]
TX,873.574032674,292206.120010623,4642157.83834945,1.2,668,12,4,321-28,[]
TX,873.626530855,293838.487005505,4639510.970144561,1.2,812,12,3,67-6,[]
TX,873.629435338,291732.072867099,4642160.504946148,1.2,121,12,4,137-1,[]
TX,873.90428229,271630.738254099,4630629.63684267,1.2,471,12,3,238-23,[]
TX,874.051909327,291822.560677763,4642549.877791989,1.2,459,12,3,236-27,[]
TX,874.075761727,289637.975732514,4641961.583993772,1.2,78,7,3,119-22,[]
TX,875.002423266,294129.56294688,4647407.748469935,1.2,898,12,3,96-19,[]
TX,875.368368965,293999.887377321,4640017.763766233,1.2,174,12,3,150-21,[]
TX,875.513606522,299954.336207424,4636535.554864612,1.2,678,12,4,332-10,[]
TX,876.098931954,289174.099523025,4642895.475751878,1.2,55,12,3,111-21,[]
TX,876.338873368,290715.179257835,4636925.924745047,1.2,9,12,3,104-24,[]
TX,876.416435039,294590.02629628,4639169.913162252,1.2,172,12,3,150-19,[]
TX,876.599587137,290636.059181357,4646620.082947943,1.2,838,12,3,71-15,[]
TX,877.305959535,291176.344416926,4641273.651896994,1.2,893,9,4,91-18,[]
TX,877.579963614,292524.803910133,4642917.248770366,1.2,568,12,3,259-27,[]
TX,877.631037645,291048.91246135,4651272.469455716,1.2,847,12,3,71-3,[]
TX,878.079251269,283556.64283224,4646644.970388521,1.2,791,12,3,53-20,[]
TX,879.376935997,292190.183761772,4638909.941019241,1.2,757,12,3,46-1,[]
TX,879.417432424,275972.077336358,4621953.07412986,1.2,638,12,3,291-4,[]
TX,879.43395405,304033.900720373,4637709.415845414,1.2,829,12,3,70-18,[]
TX,879.85659973,303250.811397535,4678855.206015632,1.2,156,12,3,140-27,[]
TX,879.894221058,293327.546390487,4646933.361663895,1.2,109,12,4,130-11,[]
TX,880.441833788,296718.318199105,4635194.813150787,1.2,406,12,4,228-29,[]
TX,880.997764915,290570.438911392,4642273.330806713,1.2,499,8,4,24-30,[]
TX,881.247523764,286290.879379353,4642208.904332279,1.2,261,12,4,193-7,[]
TX,882.126355469,287861.172934951,4643242.737945896,1.2,614,12,3,281-15,[]
TX,882.856710556,292716.708177295,4652650.435703044,1.2,697,12,4,348-18,[]
TX,883.13707356,294134.749789272,4647407.722122674,1.2,775,12,4,51-16,[]
TX,883.413831379,291818.642694313,4642543.362131416,1.2,355,12,4,220-20,[]
TX,883.57674969,290469.112099287,4641368.145963132,1.2,881,7,3,80-13,[]
TX,883.884576801,291758.690858326,4642516.294276098,1.2,190,12,4,162-11,[]
TX,883.981692858,273660.094898658,4630678.742552363,1.2,750,12,4,42-14,[]
TX,884.217557532,291823.754452583,4641605.552572514,1.2,895,12,3,91-21,[]
TX,884.321984402,292043.349668765,4641793.055340613,1.2,125,12,4,137-13,[]
TX,884.514519236,291064.588445304,4644027.047242619,1.2,691,12,3,348-10,[]
TX,884.74513545,290412.202357561,4641817.75078289,1.2,222,7,3,172-6,[]
TX,884.79669987,294130.641544512,4647404.322059101,1.2,779,12,4,51-4,[]
TX,885.054514347,298041.576290301,4631613.146385301,1.2,238,12,4,178-17,[]
TX,885.462840361,292032.862002283,4646087.954727537,1.2,290,12,4,2-28,[]
TX,885.655382599,297222.85234983,4639520.693453584,1.2,187,12,4,157-20,[]
TX,885.797520501,288220.107704552,4639161.758251816,1.2,863,12,4,79-24,[]
TX,885.82613428,316824.934618021,4635905.368099571,1.2,876,12,4,8-3,[]
TX,885.877707283,290895.421131431,4638649.370362283,1.2,856,12,3,73-29,[]
TX,886.293133393,291105.374710801,4642479.020759018,1.2,608,11,3,273-26,"[['RX_GW', 887.7738934, 608, 11, 3, 868.1, -134.804532304, '00:00:00:00:00:02']]"
TX,886.671737121,292373.89074574,4641509.109288501,1.2,408,12,3,228-8,[]
TX,887.18124779,296183.730864467,4641580.615683543,1.2,835,7,4,70-6,[]
TX,887.634576745,291688.5314536,4642770.853938779,1.2,95,12,3,124-6,[]
TX,887.757276833,292520.668591799,4642914.676872776,1.2,699,12,3,351-1,[]
TX,888.318492772,292187.522484752,4642140.618121981,1.2,515,12,3,241-5,[]
TX,888.481108726,293472.124487076,4645679.67143099,1.2,889,12,3,81-25,[]
TX,888.508240808,291829.930202412,4642545.682413366,1.2,581,12,3,260-28,[]
TX,888.546997302,295112.093495864,4642784.040850602,1.2,335,10,3,212-5,"[['RX_GW', 889.206506921, 335, 10, 3, 868.1, -130.818474028, '00:00:00:00:00:04']]"
TX,888.570999582,271769.323128401,4630737.308042711,1.2,506,12,4,241-19,[]
TX,888.622340381,294816.650964501,4642958.562784828,1.2,324,12,3,212-11,[]
TX,888.631877272,291712.288070369,4642819.921254667,1.2,354,12,3,220-19,[]
TX,888.865511527,293243.235978344,4640213.523498894,1.2,602,12,3,273-14,[]
TX,889.576132327,289630.876035007,4641950.273816343,1.2,254,7,3,193-1,[]
TX,890.077235139,289980.452537311,4637716.624517801,1.2,28,12,4,105-2,[]
TX,890.096997782,289042.024501935,4637890.01404836,1.2,594,12,4,268-3,[]
TX,890.320123871,277384.420374651,4632322.582394879,1.2,382,12,3,223-28,[]
TX,890.545659011,299290.136601927,4636215.007770234,1.2,681,12,3,332-25,[]
TX,890.70598267,295412.756344935,4638424.808152365,1.2,169,12,4,150-16,[]
TX,890.738339179,290759.747022122,4641503.746531648,1.2,262,7,3,194-11,[]
TX,890.796466686,287307.754634742,4643943.179385551,1.2,528,12,4,242-9,[]
TX,891.181956131,286949.570490774,4626119.316240275,1.2,440,12,3,234-27,[]
TX,891.405957162,291639.672996236,4642836.256228237,1.2,131,12,3,137-2,[]
TX,891.487835974,297341.870563639,4633395.798513578,1.2,612,12,4,28-23,[]
TX,891.944276716,290843.172138624,4639330.973278265,1.2,308,12,3,203-4,[]
TX,892.230851041,294102.720163972,4640337.701641764,1.2,609,12,3,273-29,"[['RX_GW', 894.862587588, 609, 12, 3, 868.1, -135.528063794, '00:00:00:00:00:04']]"
TX,893.320343971,293360.30115676,4649518.961036541,1.2,117,12,3,130-27,[]
TX,893.463296557,313689.569952889,4643511.867846113,1.2,878,12,3,8-5,[]
TX,893.693961632,291860.672073315,4641951.369221896,1.2,60,12,4,111-9,[]
TX,894.118598713,300853.33407753,4665432.224247183,1.2,155,12,4,140-24,[]
TX,894.452381226,291592.265463188,4642153.762905627,1.2,502,11,3,24-6,"[['RX_GW', 895.933141603, 502, 11, 3, 868.1, -134.60819593, '00:00:00:00:00:02']]"
TX,896.043397677,295990.33869424,4649156.657391244,1.2,901,12,4,97-12,[]
TX,896.91817995,290632.137791957,4646600.731370077,1.2,844,12,4,71-20,[]
TX,896.928935368,284126.162430641,4632978.033727862,1.2,368,12,4,222-21,[]
TX,897.021117664,292671.495490845,4643693.454460118,1.2,397,12,4,228-13,[]
TX,898.721111758,294135.307370949,4647402.487848468,1.2,738,12,3,40-26,[]
TX,898.851746902,282143.713333538,4645838.028833682,1.2,258,12,4,193-27,[]
TX,899.770191307,274151.859824433,4623042.699406856,1.2,637,12,4,291-3,[]
TX,899.890036351,298652.96180581,4631380.139594578,1.2,12,12,4,104-27,[]
TX,900.149646432,292111.553184479,4649345.389143996,1.2,662,12,3,317-18,[]
TX,900.371940285,271648.727752652,4630642.122794568,1.2,475,12,3,238-7,[]
TX,900.941016985,281875.215339898,4632780.899535119,1.2,799,12,3,57-11,[]
TX,900.981615643,296476.907108127,4643387.546265282,1.2,260,11,3,193-6,"[['RX_GW', 902.462375321, 260, 11, 3, 868.1, -134.105027941, '00:00:00:00:00:04']]"
TX,900.983252059,296795.133728516,4634256.319627617,1.2,369,12,3,222-22,[]
TX,901.155143181,293945.433865204,4638813.282383119,1.2,860,12,3,76-9,[]
TX,901.197136837,295851.084109495,4642331.481684634,1.2,620,7,4,287-28,[]
TX,901.602948973,294112.401136274,4647414.726722814,1.2,645,12,3,3-14,[]
TX,902.256107731,291964.936232581,4642028.704496959,1.2,862,12,3,79-16,[]
TX,902.3743537,293212.703796511,4641605.60004534,1.2,604,12,4,273-16,[]
TX,902.538765929,292200.053097035,4642141.900507937,1.2,453,12,3,236-20,[]
TX,902.555961242,295133.663886671,4642773.754037831,1.2,235,10,4,178-13,"[['RX_GW', 903.215470796, 235, 10, 4, 868.1, -130.522572933, '00:00:00:00:00:04']]"
TX,903.02991567,292187.090279151,4642147.538024189,1.2,505,12,3,241-18,[]
TX,903.522529827,271638.180420411,4630605.986765539,1.2,383,12,3,225-18,[]
TX,903.911534285,291976.283253003,4641618.658162686,1.2,403,12,4,228-26,[]
TX,903.913062409,290916.322060507,4641176.518837557,1.2,377,7,4,223-22,[]
TX,904.241607694,291272.914094256,4642388.150026454,1.2,535,11,3,253-21,[]
TX,904.838834702,294393.134386593,4640318.282092282,1.2,347,12,3,22-18,[]
TX,904.8547211,290561.992788257,4642824.959665503,1.2,189,12,4,162-1,[]
TX,905.179878858,294992.433514948,4642711.423497184,1.2,338,8,3,212-9,[]
TX,905.32936302,294971.959466789,4642709.065975586,1.2,422,8,4,231-28,[]
TX,905.380758489,291846.567036036,4642553.146546749,1.2,452,12,3,236-19,[]
TX,905.474994993,272878.977855395,4629761.918705585,1.2,632,12,4,290-3,[]
TX,905.641440552,293783.901633044,4640441.614407566,1.2,275,12,4,195-20,[]
TX,905.681169503,300667.807455481,4636714.207248414,1.2,332,12,4,212-28,[]
TX,905.714931987,289010.479241429,4636143.207058043,1.2,595,12,4,268-5,[]
TX,905.84218289,291702.483596651,4642769.35956579,1.2,87,12,3,124-2,[]
TX,906.424445711,288187.520088206,4643920.016636156,1.2,236,12,3,178-14,[]
TX,906.468411245,293698.257311576,4645345.074718159,1.2,705,12,4,351-28,[]
TX,906.536022778,293236.094663157,4640203.746231371,1.2,343,12,3,214-28,[]
TX,906.7769252,304599.850623575,4650974.293554832,1.2,770,12,4,47-6,[]
TX,907.196207666,304606.153405568,4650970.284371096,1.2,771,12,3,47-7,[]
TX,907.558668323,294376.207642256,4646288.543456555,1.2,179,12,4,153-30,[]
TX,908.001739546,283963.807452219,4632429.475965699,1.2,312,12,3,208-7,[]
TX,908.585469005,292739.398301522,4640858.114327852,1.2,864,12,4,79-26,[]
TX,908.842368398,290872.234011134,4642292.89300778,1.2,195,9,3,162-19,[]
TX,908.988782923,294251.432917727,4629995.441933958,1.2,647,12,4,308-11,[]
TX,909.201885171,301726.044130618,4645288.731729679,1.2,732,12,4,39-12,[]
TX,909.472599247,291096.302368417,4642439.261928755,1.2,787,11,4,53-16,[]
TX,909.496448738,295414.764476463,4641791.629672585,1.2,360,7,3,220-25,"[['RX_GW', 909.611443233, 360, 7, 3, 868.1, -99.663192253, '00:00:00:00:00:04']]"
TX,909.543258764,291986.128187397,4643691.374061383,1.2,892,12,4,91-17,[]
TX,909.619781824,291029.058638888,4640425.932266779,1.2,26,8,3,105-15,[]
TX,909.631005819,293317.459704201,4646848.503392469,1.2,120,12,3,130-9,[]
TX,909.759438207,288844.396939116,4640066.06156076,1.2,283,9,4,198-23,[]
TX,910.338153885,302151.739434241,4649299.164649611,1.2,62,12,4,113-11,[]
TX,910.480011409,287987.881602545,4641468.564290075,1.2,224,12,4,173-23,[]
TX,910.528156691,292344.550590299,4642014.337792414,1.2,144,12,4,137-6,[]
TX,911.3332554,290868.628639287,4638542.881002858,1.2,800,12,4,57-12,[]
TX,912.32316363,291826.284326188,4642550.483641407,1.2,714,12,4,369-10,[]
TX,912.669984476,287489.913583408,4655546.211063378,1.2,849,12,4,71-4,[]
TX,913.042891963,297685.159548671,4640272.095028297,1.2,339,12,4,214-24,[]
TX,913.713820616,292708.449526013,4641708.989283173,1.2,183,12,3,155-29,[]
TX,913.808528482,290997.380541262,4636022.291549982,1.2,425,12,3,232-24,[]
TX,915.447987463,273697.79507634,4630633.735052653,1.2,218,12,3,172-3,[]
TX,915.595170139,291827.696642555,4642552.205933303,1.2,815,12,3,7-12,[]
TX,915.882960457,289993.856014168,4629096.356610992,1.2,146,12,4,138-10,[]
TX,916.696286208,294988.207930425,4642692.688393294,1.2,419,8,4,231-25,"[['RX_GW', 916.903699771, 419, 8, 4, 868.1, -125.384294862, '00:00:00:00:00:04']]"
TX,916.840169104,293112.488700469,4642613.162563745,1.2,869,12,3,8-15,[]
TX,916.936339246,294964.398107927,4642730.209767096,1.2,421,9,4,231-27,"[['RX_GW', 917.308104967, 421, 9, 4, 868.1, -129.519468955, '00:00:00:00:00:04']]"
TX,917.508488817,298775.73008995,4636441.804235825,1.2,679,12,4,332-12,[]
TX,917.710696999,283078.616766912,4653626.637342374,1.2,301,12,4,200-3,[]
TX,919.039249663,271639.360927209,4630625.68315912,1.2,676,12,3,322-28,[]
TX,919.605241169,288984.947215922,4634448.722513533,1.2,882,12,4,80-14,[]
TX,920.326238894,290408.124993932,4641808.065628286,1.2,56,7,3,111-22,[]
TX,920.360312682,289490.327070611,4641766.58328632,1.2,543,7,4,254-28,[]
TX,920.403255107,290454.050832975,4641789.737773876,1.2,150,7,3,140-16,[]
TX,921.201772029,281679.06114592,4632750.769042471,1.2,469,12,4,238-21,[]
TX,921.558624547,289831.240878956,4638516.347003202,1.2,596,12,4,268-6,"[['RX_GW', 924.190362055, 596, 12, 4, 868.1, -137.701479553, '00:00:00:00:00:02']]"
TX,921.745458055,282137.549512206,4645836.046134729,1.2,256,12,3,193-20,[]
TX,922.788907947,290405.088305835,4641805.811562318,1.2,51,7,4,111-17,[]
TX,922.822905895,273694.941994055,4630652.179879244,1.2,530,12,3,250-4,[]
TX,922.868957501,287053.363815798,4641574.298301593,1.2,77,12,4,115-9,[]
TX,923.172511368,291183.906411666,4641291.106020198,1.2,191,9,3,162-12,[]
TX,923.638108968,291103.503718691,4642471.85197706,1.2,605,11,4,273-2,[]
TX,924.525440038,290663.667382212,4642277.279194036,1.2,151,10,3,140-17,"[['RX_GW', 925.184950701, 151, 10, 3, 868.1, -131.127160569, '00:00:00:00:00:02']]"
TX,925.348012621,292727.304546506,4641830.922475105,1.2,694,12,4,348-15,[]
TX,925.461283694,291990.925913327,4643701.875442985,1.2,229,12,3,175-15,[]
TX,925.854916088,285395.488729585,4641751.614405355,1.2,74,12,4,115-3,[]
TX,926.230922077,292190.50900146,4642177.319589882,1.2,250,12,4,178-7,[]
TX,926.314905169,298635.815488489,4631431.068160546,1.2,204,12,4,162-5,[]
TX,926.755805918,285878.602600148,4641433.375701074,1.2,544,12,4,254-29,[]
TX,927.473537861,287832.461522188,4638855.843230601,1.2,826,12,4,7-30,[]
TX,927.504230176,307551.921935994,4653535.61641253,1.2,64,12,3,113-13,[]
TX,927.522029059,290986.546091851,4641870.632372956,1.2,456,10,3,236-23,[]
TX,927.812653376,288080.725205539,4639035.157619437,1.2,58,12,4,111-7,[]
TX,927.875633871,289253.485011437,4648185.409846312,1.2,297,12,3,200-20,[]
TX,928.007407814,291508.479900959,4642442.723796579,1.2,806,12,3,60-12,[]
TX,928.086995039,292291.337594796,4637744.007555227,1.2,527,12,4,242-8,[]
TX,928.596433158,295148.06846158,4642721.65702911,1.2,873,9,4,8-19,"[['RX_GW', 928.968198527, 873, 9, 4, 868.1, -129.69164258, '00:00:00:00:00:04']]"
TX,928.638397691,292035.680666177,4641766.883320969,1.2,138,12,4,137-28,[]
TX,928.686546536,295610.745407804,4645552.175493103,1.2,105,12,4,129-7,[]
TX,929.422020776,292192.581698187,4642123.337940337,1.2,814,12,4,7-11,[]
TX,930.264817124,292182.563531498,4639429.491185015,1.2,370,12,3,222-23,[]
TX,930.429310864,293414.246734363,4648970.289451265,1.2,114,12,3,130-23,[]
TX,931.291212794,290048.669674589,4642386.129283725,1.2,820,11,3,7-2,[]
TX,931.526279542,290350.429516744,4646188.414048966,1.2,162,12,4,140-6,[]
TX,931.65354958,295138.825325644,4642761.758860208,1.2,325,10,4,212-14,"[['RX_GW', 932.313059091, 325, 10, 4, 868.1, -130.320720339, '00:00:00:00:00:04']]"
TX,931.781480789,296099.651306387,4646903.781831561,1.2,522,12,4,242-21,[]
TX,932.52635235,291711.890568091,4642765.321876488,1.2,86,12,4,124-19,[]
TX,932.733649501,291841.917130049,4642545.18897315,1.2,41,12,4,11-29,[]
TX,933.000466327,302202.699021406,4674292.125641583,1.2,157,12,3,140-28,[]
TX,934.006164286,291392.985031144,4641370.865944538,1.2,184,9,4,155-30,[]
TX,934.150571384,291990.183843574,4643690.357874033,1.2,231,12,4,175-30,[]
TX,934.971872608,295157.910208045,4642721.047458663,1.2,872,9,4,8-18,"[['RX_GW', 935.343637959, 872, 9, 4, 868.1, -129.606967907, '00:00:00:00:00:04']]"
TX,935.29716449,291981.895539787,4643686.062785881,1.2,19,12,4,104-6,[]
TX,935.405183881,293489.267818816,4649537.006242979,1.2,628,12,3,29-10,[]
TX,935.662237507,291831.782291352,4642553.337613754,1.2,462,12,4,236-5,[]
TX,936.087759019,291837.827782444,4642562.487158246,1.2,674,12,4,322-26,[]
TX,936.980926081,292204.060158006,4642157.735366975,1.2,399,12,4,228-15,[]
TX,937.579587789,290396.696057272,4645952.22382709,1.2,304,12,4,200-8,[]
TX,937.779290073,291053.137349926,4644055.957797118,1.2,37,12,4,109-19,[]
TX,937.964797907,296381.194000439,4642546.730426049,1.2,700,8,3,351-2,"[['RX_GW', 938.172211002, 700, 8, 3, 868.1, -126.553034519, '00:00:00:00:00:04']]"
TX,939.092673499,290649.854588189,4646625.912568446,1.2,845,12,4,71-21,[]
TX,939.108524394,293260.721835173,4639503.704941466,1.2,98,12,4,127-1,[]
TX,939.245304021,290049.984408569,4642383.457662524,1.2,217,10,4,172-29,"[['RX_GW', 939.904814468, 217, 10, 4, 868.1, -130.397744185, '00:00:00:00:00:02']]"
TX,939.562167193,290286.826968348,4643376.697169833,1.2,759,12,4,46-16,[]
TX,939.571942875,271737.092729563,4629662.666886277,1.2,611,12,4,28-22,[]
TX,940.069364859,291709.841971254,4642763.579735376,1.2,89,12,3,124-21,[]
TX,940.470227447,271596.142761675,4630639.664478755,1.2,477,12,3,238-9,[]
TX,941.21629318,296012.227242809,4640441.404014109,1.2,708,9,4,353-2,"[['RX_GW', 941.588059031, 708, 9, 4, 868.1, -128.664848589, '00:00:00:00:00:04']]"
TX,941.832943361,291840.981570861,4642559.2720314,1.2,717,12,3,369-13,[]
TX,941.835310363,282648.995149836,4661160.774094728,1.2,296,12,4,200-19,[]
TX,941.93735218,294909.471292344,4638287.366329489,1.2,576,12,3,260-16,[]
TX,942.62317452,273754.322564959,4630625.337987221,1.2,531,12,3,250-7,[]
TX,942.861202728,291825.948662404,4642559.389801275,1.2,673,12,3,322-25,[]
TX,942.904536555,291987.922076242,4643691.807499597,1.2,277,12,4,195-26,[]
TX,944.830927667,291075.800305521,4644035.215631844,1.2,299,12,4,200-23,[]
TX,944.832229712,292523.00300884,4642923.165773498,1.2,599,12,4,273-11,[]
TX,944.984655679,290047.515220806,4642387.383824631,1.2,72,11,4,115-22,[]
TX,945.673594372,297310.646559627,4646233.402772619,1.2,65,12,4,113-14,[]
TX,946.831743715,295081.723589235,4637823.642525237,1.2,793,12,4,53-24,[]
TX,947.03894006,283657.050911959,4646809.098926471,1.2,789,12,4,53-19,[]
TX,947.041792665,293807.508931691,4640396.791741312,1.2,173,11,4,150-20,"[['RX_GW', 948.522553863, 173, 11, 4, 868.1, -134.716622501, '00:00:00:00:00:04']]"
TX,947.404823037,294114.079060838,4647423.480359751,1.2,642,12,4,3-11,[]
TX,947.492717084,287762.510237697,4646186.978498731,1.2,597,12,4,270-8,[]
TX,947.665026443,291216.823075088,4641978.294513674,1.2,340,10,4,214-25,"[['RX_GW', 948.324537487, 340, 10, 4, 868.1, -132.029301552, '00:00:00:00:00:02']]"
TX,948.671790874,298072.144755209,4631634.003108162,1.2,781,12,4,53-1,[]
TX,949.095782269,292937.038326315,4641000.57162237,1.2,349,12,4,22-20,[]
TX,949.626877095,298025.206321916,4631604.194759823,1.2,648,12,3,308-12,[]
TX,949.640768052,294381.996771983,4639353.046454581,1.2,251,12,4,190-15,[]
TX,949.798114926,292197.154339494,4642161.234887512,1.2,23,12,4,105-12,[]
TX,949.982557113,291589.953856076,4642159.216459809,1.2,495,11,4,24-27,[]
TX,950.033458276,291519.762702122,4640973.22280224,1.2,103,10,3,129-5,[]
TX,950.175261826,295188.795780488,4642526.532462794,1.2,666,7,3,321-26,[]
TX,950.294490792,271655.684708802,4630614.47079542,1.2,346,12,4,22-17,[]
TX,950.605862207,295197.644656492,4642747.872894677,1.2,671,9,3,321-7,[]
TX,951.13231122,290870.671737867,4635917.96025064,1.2,364,12,4,222-17,[]
TX,953.259007366,291108.915105324,4642458.769392321,1.2,796,11,4,53-28,"[['RX_GW', 954.739767326, 796, 11, 4, 868.1, -134.668267529, '00:00:00:00:00:02']]"
TX,953.280498061,291698.860563732,4642762.453219228,1.2,91,12,4,124-3,[]
TX,953.325843788,291829.076843778,4642545.129075581,1.2,450,12,4,236-15,[]
TX,953.627945125,291289.652157504,4644946.353559865,1.2,38,12,4,109-20,[]
TX,954.366423056,292522.913021691,4642911.813834801,1.2,706,12,4,351-30,[]
TX,954.401458586,295168.797699907,4642726.652896102,1.2,875,9,4,8-21,"[['RX_GW', 954.773223937, 875, 9, 4, 868.1, -129.604264512, '00:00:00:00:00:04']]"
TX,954.476832507,287797.487450889,4641469.651335035,1.2,744,12,4,41-12,[]
TX,954.681849985,287349.540982782,4645790.52884545,1.2,592,12,4,266-13,[]
TX,955.397215739,298366.352758929,4634352.227837476,1.2,563,12,4,259-16,[]
TX,955.529848872,290627.253662731,4646607.714902344,1.2,842,12,4,71-19,[]
TX,955.731899541,292716.753616822,4641712.984770292,1.2,181,12,3,155-1,"[['RX_GW', 958.363639025, 181, 12, 3, 868.1, -137.596323315, '00:00:00:00:00:04']]"
TX,955.987276809,290100.454947637,4642392.249844002,1.2,319,11,4,211-11,[]
TX,956.100340765,295140.212731639,4642755.223976977,1.2,337,10,4,212-8,[]
TX,957.206459162,291980.438937722,4643746.994746804,1.2,292,12,4,2-30,[]
TX,957.974641268,283641.316401874,4632924.445386773,1.2,310,12,4,203-8,[]
TX,958.026244536,291984.196593811,4643706.867571765,1.2,20,12,4,104-7,[]
TX,958.190338032,298782.204889853,4640576.957719427,1.2,273,12,4,195-18,[]
TX,958.316048777,295759.199902383,4642547.108559337,1.2,362,7,4,220-28,[]
TX,958.398313612,286534.153080061,4634509.441840614,1.2,633,12,3,290-4,[]
TX,958.615589498,292804.707935793,4642713.371844341,1.2,412,12,4,231-10,[]
TX,958.83466908,283420.947768171,4643528.457631796,1.2,588,12,4,264-19,[]
TX,959.10890362,295111.691354162,4646511.202710626,1.2,401,12,4,228-17,[]
TX,959.572616766,292265.643246461,4638833.033672585,1.2,387,12,4,225-4,[]
TX,960.514547567,283529.031982277,4633287.493394335,1.2,640,12,4,294-5,[]
TX,960.683443977,293830.049426162,4639975.855737067,1.2,6,12,4,104-15,[]
TX,961.375974213,291180.007331373,4641313.606801827,1.2,557,9,4,259-10,"[['RX_GW', 961.747740035, 557, 9, 4, 868.1, -128.170234015, '00:00:00:00:00:02']]"
TX,961.601771919,290667.681048359,4642296.232248665,1.2,152,10,4,140-18,[]
TX,961.670840291,292557.902535304,4641434.148840743,1.2,626,12,4,288-16,[]
TX,961.690320156,286439.443931531,4642105.111657587,1.2,584,12,4,261-11,[]
TX,962.193095807,291711.82125197,4642759.844478009,1.2,88,12,4,124-20,[]
TX,962.19328398,292732.274500246,4641720.962954029,1.2,185,12,4,155-7,[]
TX,962.416654603,291087.161587791,4644050.914950029,1.2,574,12,3,260-14,[]
TX,963.041328861,294331.630396666,4641435.781527246,1.2,753,9,4,45-29,[]
TX,963.222455645,272429.790193182,4629789.948770412,1.2,635,12,4,290-6,[]
TX,963.347896831,283142.049082296,4646076.670460923,1.2,788,12,4,53-18,[]
TX,964.91005926,304613.092120601,4650980.661922997,1.2,766,12,4,47-21,[]
TX,965.481944471,282346.039420712,4632818.36291375,1.2,634,12,4,290-5,[]
TX,965.748834775,291095.644327504,4642461.145087346,1.2,550,11,3,257-19,"[['RX_GW', 967.229594715, 550, 11, 3, 868.1, -134.610269158, '00:00:00:00:00:02']]"
TX,965.989272778,287899.451582151,4629598.780989834,1.2,511,12,4,241-25,[]
TX,966.344336081,295143.229351867,4642752.221901068,1.2,331,10,4,212-26,"[['RX_GW', 967.003845557, 331, 10, 4, 868.1, -130.156438069, '00:00:00:00:00:04']]"
TX,966.712937692,292220.969380493,4638910.202558322,1.2,388,12,4,225-5,[]
TX,968.179965222,291845.930070448,4642538.699379778,1.2,448,12,4,236-13,[]
TX,968.75007682,291099.013741456,4642464.570737504,1.2,825,11,4,7-29,[]
TX,969.605604005,298922.126869348,4642875.597145393,1.2,665,12,4,321-24,[]
TX,969.899021886,286380.293495534,4640681.468085816,1.2,579,12,4,260-26,[]
TX,970.183058924,290904.952578312,4639018.383610837,1.2,81,12,4,119-26,[]
TX,970.8141286,291017.311860002,4644816.848178221,1.2,244,12,4,178-29,[]
TX,971.956658059,292679.360378295,4641792.115740412,1.2,33,12,3,106-26,[]
TX,972.384759104,271645.667175748,4630648.601218416,1.2,677,12,4,322-30,[]
TX,973.119201151,290905.616520947,4645967.338162376,1.2,661,12,4,317-17,[]
TX,973.332626902,271608.192852716,4630631.652119816,1.2,817,12,4,7-14,[]
TX,973.47201574,292678.011398583,4652805.824600196,1.2,698,12,4,348-21,[]
TX,973.884167607,290846.772537036,4638680.041492317,1.2,442,12,4,234-30,[]
TX,973.897057078,288127.505051658,4643002.288114498,1.2,54,12,4,111-20,[]
TX,973.948550769,292692.276561653,4643667.698076344,1.2,569,12,4,259-28,[]
TX,974.015596403,291419.760995714,4642034.800447185,1.2,447,12,4,236-10,[]
TX,974.140295005,295134.020326109,4642763.307859966,1.2,334,10,4,212-4,"[['RX_GW', 974.799804528, 334, 10, 4, 868.1, -130.377431239, '00:00:00:00:00:04']]"
TX,974.478330398,291285.942469649,4642397.005706936,1.2,391,11,3,225-8,[]
TX,975.649935658,292194.329778838,4642156.585621894,1.2,798,12,3,53-30,[]
TX,975.662900499,291595.139130664,4642155.883641917,1.2,487,11,4,24-18,[]
TX,976.20441243,294119.751672191,4647404.58216262,1.2,736,12,4,40-24,[]
TX,976.804044452,291580.988446133,4642131.406400115,1.2,492,11,4,24-24,"[['RX_GW', 978.284804754, 492, 11, 4, 868.1, -134.40335065, '00:00:00:00:00:02']]"
TX,977.027398682,293805.397123808,4642851.548064434,1.2,141,12,4,137-30,"[['RX_GW', 979.659135597, 141, 12, 4, 868.1, -135.683228374, '00:00:00:00:00:04']]"
TX,977.127790286,290651.338215978,4641174.88449302,1.2,330,7,3,212-23,[]
TX,978.170262518,291642.259329147,4642829.4547465,1.2,603,12,4,273-15,[]
TX,978.196456712,291064.731586101,4644050.909301527,1.2,566,12,4,259-25,[]
TX,979.113431641,291731.763731028,4642145.698984602,1.2,145,12,4,137-7,[]
TX,979.16119738,272469.918612258,4629571.338517128,1.2,205,12,4,162-6,[]
TX,979.188416207,291586.514084937,4642128.723025517,1.2,483,11,4,24-14,[]
TX,979.83540673,299783.778369315,4634195.670815598,1.2,328,12,4,212-21,[]
TX,980.048599788,267921.386084692,4644913.508326196,1.2,684,12,4,337-24,[]
TX,980.651426433,295562.183580675,4648846.261245565,1.2,897,12,4,96-17,[]
TX,980.802156529,295615.085426976,4645561.772595738,1.2,715,12,4,369-11,[]
TX,981.003241757,299910.315321936,4627843.157634947,1.2,658,12,4,310-6,[]
TX,981.5937733,295623.829844972,4645552.760856326,1.2,216,12,4,171-28,[]
TX,982.253392273,282692.783800127,4635671.53950052,1.2,520,12,4,242-18,[]
TX,982.281001431,289718.01878135,4647153.393089624,1.2,591,12,4,266-11,[]
TX,982.401355989,299072.78226918,4630749.874086483,1.2,375,12,4,222-8,[]
TX,982.481966742,290474.542784213,4640675.617992288,1.2,496,7,4,24-28,"[['RX_GW', 982.59696214, 496, 7, 4, 868.1, -111.80713915, '00:00:00:00:00:02']]"
TX,982.51971714,290085.543570555,4635393.202917698,1.2,886,12,4,80-29,[]
TX,982.934688679,297158.26003603,4649798.100324898,1.2,409,12,3,229-3,[]
TX,983.026548749,285600.304224781,4642670.329570591,1.2,255,12,4,193-18,[]
TX,984.294423208,290085.344545306,4641505.278624848,1.2,367,7,4,222-20,"[['RX_GW', 984.409418735, 367, 7, 4, 868.1, -115.018798515, '00:00:00:00:00:02']]"
TX,984.979422834,273658.301928124,4630681.144039798,1.2,747,12,4,42-11,[]
TX,985.256401217,292391.565466847,4641642.03307171,1.2,868,12,4,79-30,"[['RX_GW', 987.888139233, 868, 12, 4, 868.1, -141.144227237, '00:00:00:00:00:02']]"
TX,985.277033851,294064.269676618,4647401.959779179,1.2,740,12,4,40-28,[]
TX,985.516364342,289708.579207076,4638891.998468443,1.2,742,11,4,41-10,[]
TX,985.667472176,289581.662154247,4645188.876358542,1.2,497,12,4,24-29,[]
TX,986.149469787,299433.410418125,4630233.384829544,1.2,656,12,4,310-3,[]
TX,986.974072833,295994.942957893,4649163.626278622,1.2,900,12,4,97-11,[]
TX,987.585016656,294044.67543454,4644847.18201563,1.2,323,12,4,212-10,[]
TX,987.737442687,292682.868231627,4641802.652837698,1.2,672,12,4,322-24,[]
TX,988.278292517,273660.884979137,4630646.139542967,1.2,539,12,4,254-16,[]
TX,988.315538727,271656.327853627,4630575.121663122,1.2,521,12,4,242-19,[]
TX,988.315922609,289845.678000456,4634165.01869389,1.2,210,12,4,171-22,[]
TX,988.40132164,295585.069731654,4648820.046372606,1.2,899,12,4,96-21,[]
TX,989.49786132,293415.22229608,4649051.396053032,1.2,110,12,4,130-12,[]
TX,989.604042364,291602.542947704,4642145.541633636,1.2,480,11,4,24-11,"[['RX_GW', 991.084802752, 480, 11, 4, 868.1, -134.637704451, '00:00:00:00:00:02']]"
TX,990.64131358,292741.489669523,4641686.581810014,1.2,622,12,4,288-10,"[['RX_GW', 993.273052982, 622, 12, 4, 868.1, -137.441471053, '00:00:00:00:00:04']]"
TX,990.811091311,290414.407265401,4641794.332734864,1.2,819,7,4,7-16,[]
TX,990.965956767,304109.065113202,4627053.655841799,1.2,182,12,4,155-2,[]
TX,991.053681091,291729.434012961,4642150.75230936,1.2,139,12,4,137-29,[]
TX,991.756461715,291126.4016833,4641236.740504271,1.2,504,9,4,241-17,"[['RX_GW', 992.128227291, 504, 9, 4, 868.1, -127.177978887, '00:00:00:00:00:02']]"
TX,992.511465647,290756.548095034,4641524.910873458,1.2,264,7,4,194-13,"[['RX_GW', 992.626462516, 264, 7, 4, 868.1, -120.491972047, '00:00:00:00:00:02']]"
TX,992.589566786,291273.488736755,4642382.534332176,1.2,234,9,4,178-12,[]
TX,992.668311873,294435.267454518,4647481.807482064,1.2,780,12,4,51-6,[]
TX,992.79105541,283229.58612513,4633247.737533092,1.2,546,12,4,254-6,[]
TX,993.525298135,273659.753824395,4630677.697290689,1.2,749,12,4,42-13,[]
TX,993.760699592,283214.281944462,4633453.829359955,1.2,529,12,4,250-3,[]
TX,993.896944179,291842.527567497,4642556.703451651,1.2,46,12,4,11-6,[]
TX,994.033379341,292700.837474734,4641718.424068595,1.2,428,12,4,232-27,[]
TX,994.43886594,294940.995746854,4646688.193305203,1.2,641,12,4,3-10,[]
TX,994.783506237,288063.953592555,4634611.161381229,1.2,99,12,4,127-3,[]
TX,994.995413128,286863.615136022,4641684.767318773,1.2,583,12,4,261-10,[]
TX,995.163780292,290204.445996177,4640199.165828479,1.2,571,7,4,259-30,[]
TX,995.201988699,293012.183270685,4642219.705127293,1.2,809,12,4,60-26,[]
TX,995.328611691,292519.25759079,4642915.933250127,1.2,559,12,4,259-12,[]
TX,995.528489324,304599.556008582,4650966.239987331,1.2,762,12,4,47-17,[]
TX,995.58640766,294138.038496675,4647406.700651691,1.2,774,12,4,51-15,[]
TX,996.198881217,291848.830388419,4642553.46591836,1.2,458,12,4,236-26,[]
TX,996.273014994,284473.351939105,4632917.907711486,1.2,811,12,4,60-8,[]
TX,996.526098993,292751.935350933,4641668.342670262,1.2,107,12,4,129-9,[]
TX,996.635842429,294976.17873315,4642719.29170554,1.2,713,8,4,359-1,[]
TX,996.719143114,291036.040518613,4641927.294649163,1.2,135,11,4,137-25,"[['RX_GW', 998.199901584, 135, 11, 4, 868.1, -133.339097273, '00:00:00:00:00:02']]"
TX,996.890559686,290097.095050573,4635390.377017052,1.2,884,12,4,80-26,[]
TX,997.122748423,295737.288847281,4656921.671772885,1.2,445,12,4,235-25,[]
TX,997.148284585,290074.070204527,4640033.0378355,1.2,239,7,4,178-19,[]
TX,997.666615839,287215.65992115,4646205.975168297,1.2,564,12,4,259-2,[]
TX,997.742050443,289304.190907942,4642067.387750293,1.2,75,8,4,115-6,[]
TX,999.048567601,292676.771482284,4641812.225513044,1.2,311,12,4,203-9,[]
TX,999.783616512,288300.755507551,4644184.890370936,1.2,363,12,4,221-8,[]
TX,999.971225098,291059.848331318,4644044.970744691,1.2,385,12,4,225-21,[]
TX,1000.77685181,291689.823291213,4642765.530381043,1.2,94,12,4,124-5,[]
TX,1000.90204117,292677.98965116,4641798.284049477,1.2,29,12,4,106-22,[]
TX,1001.123511707,273581.942644462,4630173.919880864,1.2,509,12,4,241-22,[]
TX,1001.399366362,292522.923418676,4641922.087838325,1.2,443,12,4,235-14,[]
TX,1001.880097355,271901.157318893,4630668.000640763,1.2,22,12,4,105-10,[]
TX,1001.893626879,293344.74476467,4646889.494731366,1.2,741,12,4,40-9,[]
TX,1002.13963338,292964.657727638,4642270.818096735,1.2,34,12,4,106-27,[]
TX,1003.603718317,298142.077715143,4631675.457427486,1.2,653,12,4,308-26,[]
TX,1003.711961591,301799.185758485,4643624.633559165,1.2,834,12,4,70-5,[]
TX,1003.802085322,294883.391390565,4642699.337370998,1.2,486,10,4,24-17,[]
TX,1004.061784363,293384.93532668,4644051.957391334,1.2,567,12,4,259-26,[]
TX,1004.367837195,289936.415892435,4641710.450707318,1.2,439,7,4,234-26,"[['RX_GW', 1004.482833357, 439, 7, 4, 868.1, -117.416708702, '00:00:00:00:00:02']]"
TX,1004.501600482,295118.7995173,4642757.187568842,1.2,326,10,4,212-18,[]
TX,1005.015905329,292684.840204132,4641805.619159986,1.2,724,12,4,369-27,[]
TX,1005.329406374,292185.947380051,4642181.523179285,1.2,623,12,4,288-12,[]
TX,1005.544914352,292197.041858743,4642155.150146677,1.2,27,12,4,105-16,[]
TX,1005.886724915,282494.402582324,4644127.850876946,1.2,257,12,4,193-21,[]
TX,1006.056637248,273476.946907638,4630979.904936115,1.2,660,12,4,313-27,[]
TX,1007.629414688,300137.609261128,4642833.878098694,1.2,804,12,4,58-6,[]
TX,1007.774140491,290090.124805491,4635391.991347111,1.2,532,12,4,253-17,[]
TX,1007.872674403,295001.806084515,4642710.452651209,1.2,418,8,4,231-24,"[['RX_GW', 1008.080087988, 418, 8, 4, 868.1, -125.48460779, '00:00:00:00:00:04']]"
TX,1008.039372368,294739.207549138,4639022.256197263,1.2,166,12,4,149-19,[]
TX,1008.579725431,295869.108085736,4649079.863041057,1.2,905,12,4,97-27,[]
TX,1009.107721302,283391.003089908,4632707.156208363,1.2,294,12,4,200-17,[]
TX,1009.294315805,271624.683633866,4630616.704762253,1.2,675,12,4,322-27,[]
TX,1009.973366942,271609.031439634,4630654.236387241,1.2,526,12,4,242-7,[]
TX,1010.09030833,294975.364682837,4642709.626800063,1.2,424,8,4,231-9,"[['RX_GW', 1010.297721964, 424, 8, 4, 868.1, -125.707121777, '00:00:00:00:00:04']]"
TX,1011.136307088,284674.352979211,4640529.971938956,1.2,540,12,4,254-17,[]
TX,1011.639122793,291590.967259312,4642155.008002105,1.2,478,11,4,24-1,"[['RX_GW', 1013.119883169, 478, 11, 4, 868.1, -134.60565013, '00:00:00:00:00:02']]"
TX,1011.908912903,294357.451748709,4638962.910921309,1.2,711,12,4,357-20,[]
TX,1012.713581,294381.193351174,4646281.969796477,1.2,180,12,4,153-4,[]
TX,1013.253388962,271614.948070872,4630647.213425809,1.2,472,12,4,238-3,[]
TX,1013.985177455,306489.888574474,4640287.29579156,1.2,879,12,4,8-6,[]
TX,1014.003088871,290059.296233887,4635381.713040272,1.2,233,12,4,178-11,[]
TX,1014.185961004,290475.511676249,4644961.831383062,1.2,160,12,4,140-30,[]
TX,1014.543838612,293317.257865586,4646846.324828833,1.2,115,12,4,130-25,[]
TX,1014.568745886,290412.449419169,4633021.356560593,1.2,193,12,4,162-17,[]
TX,1015.432219189,271861.406279553,4630368.800579897,1.2,268,12,4,194-8,[]
TX,1016.054751328,291034.597859183,4641918.576456212,1.2,123,11,4,137-11,"[['RX_GW', 1017.535509775, 123, 11, 4, 868.1, -133.250893296, '00:00:00:00:00:02']]"
TX,1016.131093117,292161.639082036,4642180.829869229,1.2,199,12,4,162-27,[]
TX,1016.501816978,286212.099675318,4614127.975287278,1.2,639,12,4,291-6,[]
TX,1016.837940954,297690.803097338,4641562.484735116,1.2,751,12,4,42-23,[]
TX,1017.150080973,273409.61354892,4630060.314806934,1.2,533,12,4,253-19,[]
TX,1017.567397959,299627.370772389,4634956.483684463,1.2,281,12,4,195-5,[]
TX,1017.868626837,290091.503620757,4635415.08171812,1.2,194,12,4,162-18,[]
TX,1018.119868882,292868.182821691,4641898.648987737,1.2,241,12,4,178-25,[]
TX,1018.268854144,303018.701864057,4640603.296242746,1.2,880,12,4,8-7,[]
TX,1018.716062362,307260.73429623,4643659.381905014,1.2,305,12,4,201-22,[]
TX,1018.859648413,296029.559515458,4639419.254158608,1.2,870,12,4,8-16,[]
TX,1018.949442933,291250.466620325,4630276.921421657,1.2,651,12,4,308-24,[]
TX,1018.956237617,294141.274090313,4647411.460301376,1.2,643,12,4,3-12,[]
TX,1019.075357889,291504.632285567,4643026.328728113,1.2,30,12,4,106-23,[]
TX,1019.379421606,294736.45512345,4642509.476734135,1.2,306,10,4,202-26,[]
TX,1019.390748458,282477.052918972,4644021.483892902,1.2,587,12,4,264-18,[]
TX,1020.030243757,295828.289697721,4649011.199035802,1.2,904,12,4,97-26,[]
TX,1020.645473641,293363.590312232,4649512.678250604,1.2,119,12,4,130-8,[]
TX,1020.817408713,290785.580500822,4644282.215761149,1.2,887,12,4,80-30,[]
TX,1020.859195276,289703.701281337,4647157.354284699,1.2,590,12,4,266-10,[]
TX,1021.213949267,293907.968905555,4645369.461661229,1.2,317,12,4,21-14,[]
TX,1022.034245982,285465.167743908,4641842.403381128,1.2,66,12,4,115-12,[]
TX,1022.194247896,290673.460624926,4642298.653220591,1.2,149,10,4,140-15,"[['RX_GW', 1022.853758638, 149, 10, 4, 868.1, -131.40927239, '00:00:00:00:00:02']]"
TX,1022.614686027,290318.46518568,4655885.169860478,1.2,664,12,4,318-16,[]
TX,1022.815630855,279963.815178843,4639797.3944138,1.2,541,12,4,254-18,[]
TX,1023.027314145,273687.80403983,4630651.180904117,1.2,269,12,4,194-9,[]
TX,1023.329038771,291108.345142997,4647888.189803262,1.2,161,12,4,140-5,[]
TX,1023.492575622,290086.055698913,4635412.534571439,1.2,885,12,4,80-27,[]
TX,1023.833750505,294995.456774476,4642702.267062104,1.2,413,8,4,231-11,"[['RX_GW', 1024.04116408, 413, 8, 4, 868.1, -125.438480737, '00:00:00:00:00:04']]"
TX,1024.076674382,292509.161425291,4630032.945880431,1.2,649,12,4,308-13,[]
TX,1024.778728438,272452.995761223,4629637.514040356,1.2,219,12,4,172-30,[]
TX,1024.925488839,295335.386274317,4653414.695241948,1.2,158,12,4,140-29,[]
TX,1025.296686973,303563.477090844,4638203.809577572,1.2,830,12,4,70-19,[]
TX,1025.444827181,295615.880286747,4645569.594552022,1.2,215,12,4,171-27,[]
TX,1025.73939978,286112.554671049,4632017.545292169,1.2,523,12,4,242-22,[]
TX,1025.917341371,283272.636954615,4632907.172687731,1.2,280,12,4,195-29,[]
TX,1025.9978453,291597.309560419,4642161.4376992,1.2,494,11,4,24-26,"[['RX_GW', 1027.478605706, 494, 11, 4, 868.1, -134.68655284, '00:00:00:00:00:02']]"
TX,1026.037132408,290408.209734019,4641792.902373224,1.2,221,7,4,172-5,[]
TX,1026.166897256,297078.552606633,4639918.544449402,1.2,728,12,4,369-6,[]
TX,1026.653785173,292190.500491267,4642153.361425497,1.2,11,12,4,104-26,[]
TX,1027.17633666,294398.682261236,4643078.703526576,1.2,243,12,4,178-27,[]
TX,1027.247962479,292526.153991334,4642917.549195992,1.2,785,12,4,53-14,[]
TX,1027.38592211,292890.370523339,4640461.347443372,1.2,342,12,4,214-27,[]
TX,1028.628544001,295528.98384753,4637977.528303521,1.2,252,12,4,190-29,[]
TX,1028.669069102,271672.879771953,4630624.713080999,1.2,352,12,4,22-23,[]
TX,1029.11978242,293425.708983033,4641190.183222859,1.2,754,12,4,45-30,[]
TX,1029.203164074,297766.887465124,4641978.526562518,1.2,833,10,4,70-4,[]
TX,1029.210914373,291281.435462282,4642389.880779335,1.2,534,11,4,253-20,[]
TX,1029.262680093,299829.873657689,4630252.808920847,1.2,518,12,4,241-8,[]
TX,1029.511437582,290045.928623138,4642396.505001639,1.2,70,11,4,115-20,[]
TX,1029.647244405,291160.946644136,4641959.042650757,1.2,245,10,4,178-3,[]
TX,1029.978450765,292496.506682647,4641710.277368185,1.2,376,12,4,222-9,[]
TX,1030.111397775,291798.210132711,4641615.270584241,1.2,126,12,4,137-14,[]
TX,1030.28716914,291792.605647091,4641617.175000543,1.2,198,12,4,162-24,[]
TX,1030.361844693,303257.623769394,4678864.676628104,1.2,147,12,4,140-12,[]
TX,1030.370885537,291724.745068979,4642807.62205147,1.2,47,12,4,11-7,[]
TX,1030.860349685,289750.032474962,4644465.451077314,1.2,378,12,4,223-23,[]
TX,1031.213969778,291833.037826175,4642541.475800696,1.2,795,12,4,53-27,[]
TX,1031.398602304,294308.548520533,4639006.815807177,1.2,710,12,4,357-17,[]
TX,1032.455674912,295627.734801903,4645564.450362128,1.2,213,12,4,171-25,[]
TX,1032.692668148,290444.822086487,4635428.346381193,1.2,21,12,4,105-1,[]
TX,1033.079408249,294886.793332045,4645803.172249156,1.2,178,12,4,153-29,[]
TX,1033.237309289,273660.546210713,4630677.460732462,1.2,746,12,4,42-10,[]
TX,1033.443755694,279953.585794149,4639770.094543144,1.2,537,12,4,254-1,[]
TX,1033.638782611,291490.594166365,4642062.785310558,1.2,130,12,4,137-19,[]
TX,1033.822186303,290627.242692778,4646601.151102937,1.2,846,12,4,71-29,[]
TX,1034.022434218,293428.767205832,4640026.065845159,1.2,575,12,4,260-15,[]
TX,1034.135150617,291845.00671903,4642542.411939391,1.2,573,12,4,260-11,[]
TX,1034.166270804,291520.13740065,4642074.951952031,1.2,482,12,4,24-13,[]
TX,1034.647873867,291794.798284011,4640454.094073552,1.2,548,12,4,257-14,[]
TX,1034.74883299,290756.205806563,4641517.215651475,1.2,266,7,4,194-22,[]
TX,1035.381722737,294129.560614413,4647414.728779461,1.2,644,12,4,3-13,[]
TX,1035.434098213,271639.680846509,4630615.953671614,1.2,389,12,4,225-6,[]
TX,1036.251714694,292198.658071355,4642159.220296348,1.2,4,12,4,104-13,[]
TX,1036.265823606,289885.855894091,4645270.312423809,1.2,613,12,5,281-12,[]
TX,1036.432251702,292215.003205604,4642929.829350475,1.2,40,12,4,11-2,[]
TX,1036.516314922,292249.028146427,4642100.144032252,1.2,344,12,4,214-29,[]
TX,1037.902497364,291762.092131828,4642623.576807017,1.2,44,12,4,11-4,[]
TX,1038.134681952,289989.423876065,4645856.170994403,1.2,372,12,4,222-4,[]
TX,1038.374743406,295961.098114329,4638066.561710273,1.2,416,12,4,231-14,[]
TX,1039.446886866,295913.797754863,4637561.458612097,1.2,423,12,4,231-8,[]
TX,1039.546784656,288821.354089235,4645579.054245547,1.2,279,12,4,195-28,[]
TX,1040.1077171,271612.705137496,4630637.200286753,1.2,510,12,4,241-23,[]
TX,1040.504270568,291509.013679157,4642427.962376554,1.2,808,12,4,60-25,[]
TX,1040.590688723,291998.836265964,4643690.782285085,1.2,813,12,4,7-10,[]
TX,1040.662097504,292816.525692254,4646168.146189847,1.2,867,12,4,79-29,[]
TX,1040.898059375,289041.416956711,4636160.094522057,1.2,690,12,4,341-21,[]
TX,1041.092622322,286516.088500314,4641987.966363492,1.2,76,12,4,115-8,[]
TX,1041.315215657,293322.143161136,4640800.948886751,1.2,79,12,4,119-23,[]
TX,1041.387296924,291733.156627439,4642151.316162335,1.2,140,12,4,137-3,[]
TX,1041.446489648,292182.715930385,4642136.656261401,1.2,465,12,4,236-8,[]
TX,1041.835793664,292206.006812273,4642164.916106714,1.2,395,12,4,228-1,[]
TX,1042.116111657,283544.812822754,4646638.969787258,1.2,792,12,5,53-21,[]
TX,1042.417606206,288334.913486093,4638724.865147009,1.2,743,12,4,41-11,[]
TX,1042.45246832,292503.608709299,4642917.725451809,1.2,211,12,4,171-23,[]
TX,1042.496128264,291985.87312969,4642983.234381196,1.2,57,12,4,111-23,[]
TX,1042.600160434,294471.932207472,4646280.758477984,1.2,177,12,4,153-2,[]
TX,1043.363580585,287773.091074701,4639516.093672377,1.2,50,12,4,110-25,[]
TX,1043.574369945,291850.511751829,4642541.011126066,1.2,449,12,4,236-14,[]
TX,1043.94409781,291520.13953315,4639826.15774213,1.2,16,12,4,104-30,[]
TX,1043.983291678,292781.653283022,4642159.732838274,1.2,32,12,4,106-25,[]
TX,1044.512693585,290056.318258392,4642389.284211931,1.2,106,11,4,129-8,[]
TX,1044.880507054,294130.964753554,4647401.163930957,1.2,778,12,4,51-3,[]
TX,1045.424628148,292806.407027049,4640661.45063864,1.2,373,12,4,222-5,[]
TX,1045.587109729,297028.493071815,4649345.921740428,1.2,411,12,4,229-7,[]
TX,1045.790277865,291985.677175583,4643698.629182929,1.2,17,12,4,104-4,[]
TX,1046.704478387,293319.223306407,4646840.802864103,1.2,118,12,4,130-28,[]
TX,1046.869915382,297998.912813201,4636503.683564527,1.2,682,12,4,332-26,[]
TX,1047.221162714,291092.291510254,4643692.449103813,1.2,303,12,4,200-6,[]
TX,1047.821380575,294485.481864166,4639813.853675265,1.2,142,12,4,137-4,[]
TX,1048.530733925,291742.064784839,4642233.599343068,1.2,627,12,4,288-21,[]
TX,1048.655843688,300837.574255396,4645109.568657994,1.2,734,12,5,39-28,[]
TX,1048.906512161,295525.813684612,4643813.311687018,1.2,572,11,4,260-1,[]
TX,1048.9280555,300353.951374419,4627470.375617371,1.2,853,12,4,72-20,[]
TX,1049.212341529,289313.308521576,4639774.972479286,1.2,209,10,4,169-14,[]
TX,1049.253097568,291842.601616539,4642550.215357676,1.2,237,12,4,178-16,[]
TX,1049.368259481,292527.743085717,4642910.151253865,1.2,702,12,4,351-25,[]
TX,1049.624904159,289822.029591774,4638794.725905987,1.2,555,12,4,257-5,[]
TX,1049.857155026,291608.950579136,4642167.218808161,1.2,503,12,4,24-7,[]
TX,1050.5794809,295118.327067925,4642683.712096955,1.2,670,8,4,321-6,"[['RX_GW', 1050.786894198, 670, 8, 4, 868.1, -124.527510168, '00:00:00:00:00:04']]"
TX,1050.735380931,291938.352328245,4641676.834624289,1.2,127,12,4,137-16,[]
TX,1051.134452765,290566.393763377,4639237.841301084,1.2,366,11,4,222-19,[]
TX,1051.372790017,297159.151764326,4639828.158082264,1.2,729,12,4,369-7,[]
TX,1051.416969776,295817.202959791,4642256.275382071,1.2,359,7,4,220-24,[]
TX,1051.812612987,295200.113429835,4645962.523387215,1.2,286,12,4,2-15,[]
TX,1052.098861973,289324.651936432,4639766.554386707,1.2,207,10,4,169-10,[]
TX,1052.205013921,291341.013251877,4641135.54491315,1.2,345,10,4,214-30,[]
TX,1052.285079342,292679.608815891,4641804.084520741,1.2,718,12,4,369-14,[]
TX,1052.311701505,292293.713117639,4652554.740107762,1.2,97,12,4,125-28,[]
TX,1052.550323172,304516.372878585,4650178.912027751,1.2,768,12,4,47-4,[]
TX,1052.569292227,295860.725938019,4642335.573378257,1.2,619,7,4,287-14,[]
TX,1052.579314807,292419.327036993,4643503.284487541,1.2,67,12,4,115-17,[]
TX,1052.795313814,279046.986579234,4632529.369321392,1.2,104,12,4,129-6,[]
TX,1054.32877865,294404.148664555,4639991.450811306,1.2,202,12,4,162-30,[]
TX,1055.243791979,292675.516787608,4641791.752016997,1.2,53,12,4,111-19,[]
TX,1055.371018398,291273.622982151,4642371.687046329,1.2,248,9,4,178-5,"[['RX_GW', 1055.742786483, 248, 9, 4, 868.1, -127.457997272, '00:00:00:00:00:02']]"
TX,1055.444941694,288214.499795964,4639149.196468521,1.2,861,12,4,79-10,[]
TX,1056.322637886,293809.649155388,4640396.237870146,1.2,168,11,4,150-15,[]
TX,1056.747249483,290858.879015399,4641184.659726148,1.2,551,7,4,257-21,"[['RX_GW', 1056.862246134, 551, 7, 4, 868.1, -118.892755372, '00:00:00:00:00:02']]"
TX,1057.246665513,292188.169925425,4642141.473317376,1.2,398,12,4,228-14,[]
TX,1057.8904523,289053.823607322,4639079.691979154,1.2,686,11,4,341-17,[]
TX,1058.698634205,291085.348109876,4642458.256619484,1.2,5,11,4,104-14,[]
TX,1058.824885985,293323.841653859,4644824.815387576,1.2,230,12,4,175-29,[]
TX,1059.037581309,290830.70323773,4629993.874765751,1.2,384,12,4,225-19,[]
TX,1059.101290331,292722.684184341,4641735.139692248,1.2,890,12,4,82-7,[]
TX,1060.249084182,295839.076877866,4642279.008666469,1.2,618,7,4,287-12,"[['RX_GW', 1060.36407963, 618, 7, 4, 868.1, -112.925860032, '00:00:00:00:00:04']]"
TX,1060.543683089,290050.359182978,4642390.233505076,1.2,68,11,4,115-18,"[['RX_GW', 1062.024441549, 68, 11, 4, 868.1, -133.067650714, '00:00:00:00:00:02']]"
TX,1061.191413651,293360.543862227,4649512.525163728,1.2,112,12,4,130-14,[]
TX,1061.439663987,292801.29457582,4641214.766854445,1.2,722,12,4,369-25,[]
TX,1061.541286362,298124.042514906,4636404.711488286,1.2,610,12,4,273-30,[]
TX,1061.716160972,288404.220669869,4642369.023566482,1.2,542,12,4,254-24,[]
TX,1062.696649851,288386.059825327,4637093.26495348,1.2,24,12,4,105-13,[]
TX,1062.752610638,288260.725856962,4642364.342578856,1.2,513,12,4,241-3,[]
TX,1062.870561925,294087.366778794,4645645.117047497,1.2,582,12,4,260-29,[]
TX,1063.096539711,290659.749065015,4646584.188159783,1.2,850,12,4,71-6,[]
TX,1063.41672636,282971.446725337,4634416.230190409,1.2,240,12,4,178-24,[]
TX,1063.803654799,292198.990042112,4642158.035106427,1.2,128,12,4,137-17,[]
TX,1064.22626377,293621.246324405,4650339.83132437,1.2,629,12,4,29-11,[]
TX,1064.588752627,293768.187008876,4639713.810582502,1.2,858,12,4,76-26,[]
TX,1065.162881472,293732.174204276,4650696.607015461,1.2,773,12,4,49-11,[]
TX,1065.517727767,291588.589582939,4642150.839477938,1.2,498,11,4,24-3,"[['RX_GW', 1066.998488129, 498, 11, 4, 868.1, -134.565572172, '00:00:00:00:00:02']]"
TX,1065.548237964,271618.214725719,4630638.55715418,1.2,232,12,4,178-10,[]
TX,1065.922520549,289121.506250401,4639505.904122724,1.2,282,10,4,198-22,[]
TX,1066.717219548,282559.775074608,4644046.155497094,1.2,589,12,4,264-21,[]
TX,1067.003409154,271673.36859228,4630654.010875002,1.2,473,12,4,238-4,[]
TX,1067.227260323,291960.207301004,4642966.179386578,1.2,82,12,4,124-1,[]
TX,1067.413017278,287299.941099879,4641566.470458655,1.2,320,12,4,211-12,[]
TX,1067.456250109,291098.992645171,4642460.344154842,1.2,782,11,4,53-11,[]
TX,1067.765433241,302782.682097532,4648615.124894151,1.2,63,12,4,113-12,[]
TX,1068.167989664,276327.426034445,4631877.815872353,1.2,380,12,4,223-25,[]
TX,1068.43900677,290378.119214862,4639173.88101144,1.2,855,12,4,73-2,[]
TX,1068.467080258,299836.242295481,4630247.354782062,1.2,598,12,4,273-10,[]
TX,1068.551075411,304610.539606148,4650978.47695331,1.2,763,12,4,47-18,[]
TX,1068.77730143,293762.287342169,4640461.150045309,1.2,164,12,4,149-1,[]
TX,1069.617052227,292685.699825395,4641786.643732,1.2,716,12,4,369-12,[]
TX,1070.389379763,295123.356405809,4642737.579387175,1.2,727,10,4,369-30,[]
TX,1070.98631809,292199.319132072,4642150.317755722,1.2,271,12,4,195-13,[]
TX,1071.576879708,291105.38790482,4642474.760211055,1.2,607,11,5,273-25,[]
TX,1072.12724337,301509.104416437,4649077.883362789,1.2,61,12,4,113-10,[]
TX,1072.510026033,297918.98449194,4632706.240023891,1.2,657,12,4,310-4,[]
TX,1072.751427871,290643.026153099,4646606.365099534,1.2,695,12,5,348-16,[]
TX,1073.139465851,294058.359041566,4641105.951429608,1.2,755,10,4,45-6,"[['RX_GW', 1073.798977214, 755, 10, 4, 868.1, -132.741028541, '00:00:00:00:00:04']]"
TX,1073.494715134,287892.618714787,4634472.585831295,1.2,630,12,4,290-1,[]
TX,1074.495519394,290272.701409193,4642144.859170503,1.2,153,8,4,140-19,"[['RX_GW', 1074.702933151, 153, 8, 4, 868.1, -124.930944285, '00:00:00:00:00:02']]"
TX,1074.697974667,292197.821999113,4642154.060310099,1.2,797,12,4,53-29,[]
TX,1075.245659836,296501.501652092,4640813.870381139,1.2,188,9,4,157-21,"[['RX_GW', 1075.617425336, 188, 9, 4, 868.1, -127.001217423, '00:00:00:00:00:04']]"
TX,1075.379425065,294987.9262303,4642702.187553515,1.2,414,8,4,231-12,[]
TX,1075.42293582,291821.756368417,4642552.547565679,1.2,558,12,4,259-11,[]
TX,1075.561823406,289069.382146464,4636276.405358078,1.2,689,12,4,341-20,[]
TX,1075.570342597,302395.682773216,4639522.02914251,1.2,2,12,4,104-11,[]
TX,1075.573802417,286759.372479673,4641745.250037821,1.2,585,12,4,261-13,[]
TX,1075.963376585,286060.583765011,4641558.898863796,1.2,322,12,4,211-14,[]
TX,1076.117712718,293710.460495299,4645350.714414159,1.2,508,12,4,241-21,[]
TX,1076.30399798,295958.377399016,4642545.408310843,1.2,621,8,4,287-8,"[['RX_GW', 1076.5114104, 621, 8, 4, 868.1, -124.098111747, '00:00:00:00:00:04']]"
TX,1077.001013517,293484.113083882,4641297.967356969,1.2,752,12,4,45-2,[]
TX,1077.213433769,297030.765022922,4649346.444989555,1.2,410,12,4,229-5,[]
TX,1077.46814301,287259.231701452,4641551.094541721,1.2,538,12,4,254-15,[]
TX,1077.591767223,285181.931333112,4633068.819994197,1.2,631,12,4,290-2,[]
TX,1077.718099751,292524.143500038,4642913.543449386,1.2,570,12,4,259-29,[]
TX,1077.73366897,295760.552694709,4635336.547700216,1.2,562,12,4,259-15,[]
TX,1078.000606084,291177.263640671,4641320.188655695,1.2,441,9,5,234-29,[]
TX,1078.025049497,293784.905125006,4640437.415669564,1.2,274,12,4,195-19,[]
TX,1078.503729296,291862.204725276,4641937.957554647,1.2,432,12,4,234-1,[]
TX,1078.663079422,295994.049932214,4643021.97081484,1.2,356,9,5,220-21,[]
TX,1078.943649356,291838.085013528,4642548.945733191,1.2,454,12,4,236-21,[]
TX,1079.073641834,291823.230201186,4642552.77635612,1.2,407,12,4,228-30,[]
TX,1079.47542273,294924.331980492,4638310.220486601,1.2,253,12,4,190-30,[]
TX,1079.510804284,290071.176074849,4642398.035080527,1.2,227,11,4,173-27,[]
TX,1080.457058764,293175.329040905,4640199.850478889,1.2,493,12,4,24-25,[]
TX,1080.582049998,292132.843218985,4641361.875385369,1.2,693,12,4,348-14,[]
TX,1080.713605897,298026.467061083,4632529.920070904,1.2,601,12,4,273-13,[]
TX,1080.715634209,291132.25663217,4632059.13602265,1.2,163,12,4,143-26,[]
TX,1080.749863676,291828.991604766,4642555.012567411,1.2,457,12,4,236-24,[]
TX,1080.832172857,295629.385776388,4645543.521412567,1.2,214,12,4,171-26,[]
TX,1080.937235719,295134.238463628,4642728.510775348,1.2,333,9,4,212-29,"[['RX_GW', 1081.30900113, 333, 9, 4, 868.1, -129.895298801, '00:00:00:00:00:04']]"
TX,1081.081850324,292690.824922683,4641788.611527724,1.2,31,12,4,106-24,[]
TX,1081.146733612,295076.829489829,4642853.176754735,1.2,327,8,4,212-20,[]
TX,1081.561370912,290693.308050046,4641305.118298872,1.2,249,7,4,178-6,"[['RX_GW', 1081.676367205, 249, 7, 4, 868.1, -118.082594378, '00:00:00:00:00:02']]"
TX,1081.933088769,272528.898740584,4629598.468180378,1.2,514,12,4,241-4,[]
TX,1082.147868664,301680.79320394,4632495.002163546,1.2,100,12,4,129-22,[]
TX,1082.192794005,300474.207350523,4631285.916051079,1.2,655,12,4,308-28,[]
TX,1082.21804965,293080.931635113,4642357.553392737,1.2,302,12,4,200-4,[]
TX,1082.407158428,292749.185997497,4641869.452948867,1.2,784,12,4,53-13,[]
TX,1082.663107225,295140.116759236,4642723.838830039,1.2,720,9,4,369-16,[]
TX,1082.957808567,291990.496081178,4643700.860569239,1.2,96,12,4,124-7,[]
TX,1083.28431653,291605.2591628,4642156.287699958,1.2,481,11,4,24-12,[]
TX,1083.40595144,295154.910143981,4642772.150306572,1.2,669,10,4,321-4,[]
TX,1083.859218206,271778.138588851,4630717.798871906,1.2,0,12,4,104-1,[]
TX,1084.163530125,290806.733530031,4638542.855268941,1.2,857,12,4,73-30,[]
TX,1084.507398778,289945.791101254,4634414.961758885,1.2,606,12,4,273-24,[]
TX,1084.87712312,292202.780933483,4642153.689585377,1.2,73,12,4,115-23,[]
TX,1085.69851345,294445.16543879,4639431.706384227,1.2,165,12,4,149-18,[]
TX,1085.986615108,295024.785936842,4638743.424456087,1.2,220,12,4,172-4,[]
TX,1086.247935123,291086.962732933,4642480.800465632,1.2,295,11,4,200-18,"[['RX_GW', 1087.728695099, 295, 11, 4, 868.1, -134.714200101, '00:00:00:00:00:02']]"
TX,1086.883542792,295577.976570359,4647051.469185899,1.2,394,12,4,226-11,[]
TX,1087.337890285,302252.139982678,4642767.340183779,1.2,358,12,4,220-23,[]
TX,1087.465275338,282642.169624639,4659851.915099008,1.2,298,12,4,200-22,[]
TX,1087.785438506,306598.036579921,4684630.39234435,1.2,444,12,4,235-22,[]
TX,1087.902105225,290489.295863328,4647532.743419712,1.2,159,12,4,140-3,[]
TX,1088.033152515,292198.150180822,4642155.961926963,1.2,735,12,4,40-19,[]
TX,1088.064352383,279200.778880874,4632525.945837939,1.2,455,12,4,236-22,[]
TX,1088.167209407,294059.795549289,4650289.940976698,1.2,739,12,4,40-27,[]
TX,1088.190876773,288277.850452906,4642691.279423979,1.2,816,12,4,7-13,[]
TX,1088.20499833,292695.859567187,4641808.701462085,1.2,719,12,4,369-15,[]
TX,1089.258490429,290861.799536531,4642317.724688364,1.2,490,9,4,24-20,[]
TX,1089.415014711,291642.012135492,4640990.034606892,1.2,726,10,4,369-29,[]
TX,1089.511400822,292690.81485777,4643715.821928391,1.2,396,12,4,228-11,[]
TX,1089.883160446,289314.326737434,4639759.5590518,1.2,48,10,4,110-22,[]
TX,1090.101858848,288196.884342758,4643897.578504073,1.2,242,12,4,178-26,[]
TX,1090.691203203,290403.340485991,4641810.932368522,1.2,52,7,4,111-18,"[['RX_GW', 1090.806200056, 52, 7, 4, 868.1, -123.386644333, '00:00:00:00:00:02']]"
TX,1090.731867483,294528.33716594,4644417.194276935,1.2,516,12,4,241-6,[]
TX,1091.095288776,292522.543336793,4642907.455531432,1.2,802,12,5,58-4,[]
TX,1091.642387084,292311.584454065,4642706.746826204,1.2,400,12,5,228-16,[]
TX,1091.765825835,292206.18374579,4642167.214224262,1.2,289,12,4,2-22,[]
TX,1092.305712222,292895.695081471,4640493.867630182,1.2,600,12,4,273-12,[]
TX,1093.221563313,290040.845747068,4646325.751211482,1.2,426,12,4,232-25,[]
TX,1093.494147766,290050.371215694,4642393.383994776,1.2,69,11,4,115-19,[]
TX,1094.062905448,291834.927886363,4642547.604790634,1.2,451,12,4,236-18,[]
TX,1094.112219534,291985.691291744,4643686.738308031,1.2,18,12,4,104-5,[]
TX,1094.763683253,273660.69325923,4630683.023675856,1.2,748,12,4,42-12,[]
TX,1094.779275935,291975.706929493,4643689.409535297,1.2,15,12,4,104-3,[]
TX,1094.934362922,290274.321989738,4636414.009236305,1.2,896,12,4,91-29,[]
TX,1094.938005432,271624.553542777,4630641.608858708,1.2,470,12,4,238-22,[]
TX,1095.158574699,294029.043475915,4639873.761141803,1.2,170,12,4,150-17,[]
TX,1095.171610157,291817.294817474,4642208.251142606,1.2,197,12,4,162-21,[]
TX,1095.29702299,294716.949046444,4642512.436637453,1.2,836,10,4,70-7,[]
TX,1095.5425306,289351.489974988,4635271.872727881,1.2,474,12,4,238-5,[]
TX,1095.63600256,293708.258504131,4645354.412649654,1.2,315,12,4,21-12,[]
TX,1095.864126085,291817.657975941,4642558.864482276,1.2,463,12,4,236-6,[]
TX,1096.036848518,281085.740993856,4640201.134625389,1.2,545,12,4,254-3,[]
TX,1097.432952831,281005.854796898,4623926.162190955,1.2,760,12,4,46-18,[]
TX,1097.670266044,289146.431201533,4637197.823536769,1.2,688,12,4,341-19,[]
TX,1098.279941414,282311.889908161,4632827.47279512,1.2,25,12,4,105-14,[]
TX,1098.609597015,294848.792777526,4640635.693040949,1.2,402,9,4,228-2,"[['RX_GW', 1098.981363096, 402, 9, 4, 868.1, -128.311260607, '00:00:00:00:00:04']]"
TX,1099.06647503,287416.614829884,4641608.775716327,1.2,321,12,4,211-13,[]
TX,1100.030700903,293634.043808625,4639346.120538878,1.2,859,12,4,76-27,[]
TX,1100.132491791,292534.75971927,4642907.220964668,1.2,341,12,4,214-26,[]
TX,1100.42657577,292194.2982613,4642153.454109651,1.2,578,12,4,260-25,[]
TX,1101.491176724,292493.065790196,4641929.860157957,1.2,272,12,4,195-14,[]
TX,1101.759074771,295108.080068965,4642752.329528688,1.2,336,10,4,212-7,[]
TX,1102.02873191,282850.262208161,4635085.932196021,1.2,10,12,4,104-25,[]
TX,1102.158601046,300228.153661598,4631544.388402331,1.2,646,12,4,308-10,[]
TX,1102.332797929,296080.951764174,4640254.795143212,1.2,707,10,4,353-1,[]
TX,1102.481400469,303254.742897198,4678855.428772617,1.2,148,12,4,140-13,[]
TX,1102.636716963,280312.547380044,4632631.743873233,1.2,636,12,4,290-7,[]
TX,1102.722538729,292270.199875704,4641879.41230396,1.2,176,12,4,150-30,[]
TX,1102.833858103,299227.186031462,4639070.922036129,1.2,659,12,4,311-17,[]
TX,1103.491318068,291508.062583573,4642437.206307497,1.2,807,12,4,60-13,[]
TX,1104.34677781,295627.047415742,4642127.161209076,1.2,801,7,4,58-3,"[['RX_GW', 1104.461772724, 801, 7, 4, 868.1, -105.649516046, '00:00:00:00:00:04']]"
TX,1105.240418394,296145.561728303,4640320.445726471,1.2,709,10,4,353-6,"[['RX_GW', 1105.899928764, 709, 10, 4, 868.1, -130.873273313, '00:00:00:00:00:04']]"
TX,1105.413011998,291038.326446749,4641922.777544208,1.2,136,11,4,137-26,"[['RX_GW', 1106.893770463, 136, 11, 4, 868.1, -133.321286442, '00:00:00:00:00:02']]"
TX,1107.428359216,298125.701787655,4632348.523713509,1.2,723,12,4,369-26,[]
TX,1108.056432423,292492.297016776,4637205.217591904,1.2,810,12,4,60-27,[]
TX,1108.121969322,290643.695020791,4646603.752939184,1.2,840,12,4,71-17,[]
TX,1108.341737526,295608.707084617,4645549.547710589,1.2,13,12,5,104-28,[]
TX,1108.551551232,289321.647127148,4639763.048231495,1.2,49,10,4,110-24,"[['RX_GW', 1109.211061111, 49, 10, 4, 868.1, -132.882845081, '00:00:00:00:00:02']]"
TX,1108.551776021,288991.696428178,4641820.201445298,1.2,225,9,4,173-25,[]
TX,1108.80939965,291821.105734885,4641585.78985117,1.2,124,12,4,137-12,[]
TX,1108.8818006,294005.072334187,4645662.089891158,1.2,314,12,4,21-11,[]
TX,1109.141442217,292194.288215531,4642154.973875022,1.2,794,12,4,53-25,[]
TX,1109.209396751,289749.306628023,4641690.988615136,1.2,154,7,4,140-20,"[['RX_GW', 1109.324392934, 154, 7, 4, 868.1, -119.060109148, '00:00:00:00:00:02']]"
TX,1109.30537461,288368.416241796,4641317.298448516,1.2,288,10,4,2-2,[]
TX,1110.316437613,295164.630444676,4642737.796468612,1.2,871,9,4,8-17,"[['RX_GW', 1110.688203003, 871, 9, 4, 868.1, -129.794615652, '00:00:00:00:00:04']]"
TX,1111.124385152,293481.041766969,4645887.13777896,1.2,888,12,4,81-24,[]
TX,1111.242689362,289311.151801097,4639758.565256551,1.2,208,11,5,169-13,"[['RX_GW', 1112.723447261, 208, 11, 5, 868.1, -133.010995802, '00:00:00:00:00:02']]"
TX,1111.311475208,290079.767871026,4635396.805814478,1.2,436,12,5,234-15,[]
TX,1112.237611582,278119.474432377,4632449.031722696,1.2,547,12,4,254-7,[]
TX,1112.377869322,293316.400797701,4646847.711093999,1.2,116,12,4,130-26,[]
TX,1112.411303981,292377.170318716,4641799.282614133,1.2,90,12,4,124-29,[]
TX,1112.810177323,294482.583164199,4638809.461614739,1.2,392,12,4,225-9,[]
TX,1112.874410007,303995.77093213,4637723.426041798,1.2,828,12,4,70-17,[]
TX,1113.434783241,290752.298723441,4641515.605005103,1.2,267,7,4,194-23,"[['RX_GW', 1113.54978008, 267, 7, 4, 868.1, -120.325079786, '00:00:00:00:00:02']]"
TX,1113.544581582,295358.258060701,4638472.050812018,1.2,175,12,4,150-29,[]
TX,1113.635250683,281749.190986978,4624552.640002361,1.2,761,12,4,46-20,[]
TX,1113.796679069,294981.340875636,4643081.220717233,1.2,417,9,5,231-22,"[['RX_GW', 1114.168445757, 417, 9, 5, 868.1, -127.651506377, '00:00:00:00:00:04']]"
TX,1113.908741882,291826.313619984,4642551.325198257,1.2,350,12,5,22-21,[]
TX,1114.350137721,291843.510593075,4642547.873677982,1.2,42,12,4,11-3,[]
TX,1114.631689919,285728.307659889,4633894.997269786,1.2,745,12,4,41-8,[]
TX,1114.969945818,271511.554704929,4630583.459686104,1.2,351,12,4,22-22,[]
TX,1115.140012622,295206.847519147,4642555.847969925,1.2,832,7,4,70-3,"[['RX_GW', 1115.255009393, 832, 7, 4, 868.1, -120.91166543, '00:00:00:00:00:04']]"
TX,1115.483627812,291523.74510907,4642436.699016453,1.2,196,12,4,162-20,[]
TX,1115.673040289,295435.272183717,4637037.566382997,1.2,137,12,4,137-27,[]
TX,1115.824363781,283766.750774139,4632938.753969747,1.2,379,12,4,223-24,[]
TX,1116.093124977,292184.443396663,4642164.386693089,1.2,247,12,5,178-4,[]
TX,1117.43923197,291985.28832249,4643691.084981262,1.2,84,12,4,124-16,[]
TX,1117.477134479,292530.042128011,4642918.262589599,1.2,556,12,4,259-1,[]
TX,1117.746987401,290642.592997936,4646625.865104021,1.2,839,12,4,71-16,[]
TX,1117.761263479,292450.404221788,4639740.721124712,1.2,386,12,4,225-3,[]
TX,1118.004188515,282290.838964594,4643813.959372893,1.2,586,12,5,264-17,[]
TX,1118.139509699,294795.132475549,4644001.430842383,1.2,393,12,4,226-10,[]
TX,1118.824941689,293430.653639462,4654965.16391138,1.2,696,12,4,348-17,[]
TX,1120.063461437,295132.796570401,4642768.331621316,1.2,7,10,4,104-16,[]
TX,1120.207339393,293368.278390683,4649614.829306407,1.2,111,12,5,130-13,[]
TX,1120.572577033,290867.410083159,4642260.994657244,1.2,318,10,4,211-10,"[['RX_GW', 1121.232087998, 318, 10, 4, 868.1, -132.192552771, '00:00:00:00:00:02']]"
TX,1120.941296712,290978.907175895,4640936.295682627,1.2,894,7,4,91-19,[]
TX,1121.111477283,295868.951632399,4649080.478763384,1.2,902,12,4,97-13,[]
TX,1121.326147009,291840.709316147,4642558.815771424,1.2,39,12,4,11-1,"[['RX_GW', 1123.957884893, 39, 12, 4, 868.1, -141.256111614, '00:00:00:00:00:02']]"
TX,1121.429197012,285947.248726415,4641489.802864049,1.2,577,12,4,260-24,[]
TX,1121.596971717,303263.822166773,4638002.339776125,1.2,805,12,4,58-7,[]
TX,1121.831426343,289947.616968121,4634413.221385795,1.2,524,12,4,242-23,[]
TX,1121.883435711,294884.643908327,4637147.422709085,1.2,192,12,4,162-13,[]
TX,1123.019810031,296023.212284072,4647526.019362753,1.2,776,12,4,51-17,[]
TX,1123.13707356,294134.749789272,4647407.722122674,1.2,775,12,5,51-16,[]
TX,1123.530682857,295820.198542529,4642262.118395857,1.2,357,7,4,220-22,"[['RX_GW', 1123.645678237, 357, 7, 4, 868.1, -113.54152176, '00:00:00:00:00:04']]"
TX,1124.045830013,304691.991423706,4651099.732167387,1.2,764,12,4,47-19,[]
TX,1124.636026864,292650.216755679,4641800.033107035,1.2,1,12,4,104-10,[]
TX,1124.94295615,284348.248914453,4632990.621864941,1.2,381,12,4,223-26,[]
TX,1125.089904761,291502.838291074,4642064.830359663,1.2,92,12,4,124-30,[]
TX,1125.294664554,287958.76348279,4629799.334666519,1.2,512,12,4,241-26,[]
TX,1125.99693236,291446.500717421,4641308.706819475,1.2,122,11,4,137-10,[]
TX,1126.076264129,284370.688425341,4631957.232514421,1.2,822,12,4,7-26,[]
TX,1126.217557532,291823.754452583,4641605.552572514,1.2,895,12,4,91-21,[]
TX,1126.665476292,272273.530601818,4630047.382970147,1.2,712,12,4,358-24,[]
TX,1126.847772371,293250.153841439,4640221.042028777,1.2,374,12,4,222-7,[]
TX,1126.956392185,290762.860720157,4641518.83531471,1.2,730,7,4,371-27,[]
TX,1127.807290629,296555.167884162,4640738.392058109,1.2,186,7,4,157-17,"[['RX_GW', 1127.922288416, 186, 7, 4, 868.1, -123.953807933, '00:00:00:00:00:04']]"
TX,1128.066288371,294974.25868872,4642717.423239149,1.2,420,8,5,231-26,"[['RX_GW', 1128.273702028, 420, 8, 5, 868.1, -124.015357724, '00:00:00:00:00:04']]"
TX,1129.757276833,292520.668591799,4642914.676872776,1.2,699,12,4,351-1,[]
TX,1129.810044515,291034.576185287,4640406.23995275,1.2,891,8,4,91-15,"[['RX_GW', 1130.017457995, 891, 8, 4, 868.1, -125.508650071, '00:00:00:00:00:02']]"
TX,1130.341922051,291732.805388929,4642171.026940457,1.2,200,12,4,162-29,[]
TX,1130.513606522,299954.336207424,4636535.554864612,1.2,678,12,5,332-10,[]
TX,1130.548934447,304606.25818162,4650966.81014255,1.2,769,12,4,47-5,[]
TX,1130.636421225,293321.68443585,4642689.545298484,1.2,427,12,4,232-26,[]
TX,1130.793638989,293056.904098441,4642614.615943496,1.2,415,12,4,231-13,[]
TX,1131.334666736,293693.337669448,4650696.642099378,1.2,772,12,4,49-10,[]
TX,1131.85315966,290983.999324704,4639056.614675293,1.2,429,12,4,232-28,[]
TX,1132.222431103,282297.796635441,4644616.846530192,1.2,683,12,4,334-15,[]
TX,1133.60543148,298521.690116891,4644209.801484904,1.2,733,12,4,39-26,[]
TX,1133.859536079,290271.582677103,4636454.361295122,1.2,667,12,4,321-27,[]
TX,1134.193137484,282804.680886418,4656788.383073642,1.2,300,12,4,200-24,[]
TX,1134.376017055,290655.355784254,4641664.571362283,1.2,263,7,4,194-12,"[['RX_GW', 1134.491013987, 263, 7, 4, 868.1, -123.408281581, '00:00:00:00:00:02']]"
TX,1134.525841861,290642.135626945,4646618.950208638,1.2,843,12,4,71-2,[]
TX,1134.70598267,295412.756344935,4638424.808152365,1.2,169,12,5,150-16,[]
TX,1134.759992399,291816.092254411,4642219.974359118,1.2,624,12,4,288-14,[]
TX,1134.848298031,290515.357831036,4637390.875689923,1.2,293,12,4,2-8,[]
TX,1134.971158436,291843.182947119,4642555.982522795,1.2,464,12,4,236-7,[]
TX,1135.416372345,298419.209743746,4636118.53255276,1.2,276,12,4,195-21,[]
TX,1135.452381226,291592.265463188,4642153.762905627,1.2,502,11,4,24-6,[]
TX,1135.877707283,290895.421131431,4638649.370362283,1.2,856,12,4,73-29,[]
TX,1136.211170761,295869.125937199,4649079.906979935,1.2,906,12,4,97-28,[]
TX,1136.338873368,290715.179257835,4636925.924745047,1.2,9,12,4,104-24,[]
TX,1136.375360833,290450.687682569,4641628.393078091,1.2,134,7,4,137-24,[]
TX,1136.437969261,283244.111863354,4633182.360408754,1.2,446,12,4,235-29,[]
TX,1136.831276351,293495.423760215,4640664.776398146,1.2,171,12,4,150-18,[]
TX,1136.904988192,291824.779885434,4642418.004767419,1.2,132,12,4,137-20,[]
TX,1137.318492772,292187.522484752,4642140.618121981,1.2,515,12,4,241-5,[]
TX,1137.393616809,271457.033850974,4630374.356504293,1.2,865,12,4,79-27,[]
TX,1137.939090994,292194.182707919,4642146.061692108,1.2,491,12,4,24-21,[]
TX,1138.246366704,291056.258526072,4640351.61477791,1.2,824,8,5,7-28,[]
TX,1138.549242403,276006.900918383,4626453.723527398,1.2,525,12,4,242-6,[]
TX,1138.622340381,294816.650964501,4642958.562784828,1.2,324,12,4,212-11,[]
TX,1139.013711416,293396.259392551,4643281.594176367,1.2,284,12,4,2-1,[]
TX,1139.230994849,293770.966396172,4646925.895124811,1.2,704,12,4,351-27,[]
TX,1139.365067727,295955.751725264,4642442.514000233,1.2,361,7,4,220-27,[]
TX,1139.441833788,296718.318199105,4635194.813150787,1.2,406,12,5,228-29,[]
TX,1139.693805262,300136.48144723,4629289.857466117,1.2,852,12,4,72-1,[]
TX,1139.916241121,292664.09134421,4643705.078137115,1.2,561,12,4,259-14,[]
TX,1140.85659973,303250.811397535,4678855.206015632,1.2,156,12,4,140-27,[]
TX,1141.004684316,290682.498667268,4635717.229691614,1.2,309,12,4,203-5,[]
TX,1141.189662705,282728.421160725,4635540.672998014,1.2,615,12,4,281-16,[]
TX,1141.228195402,287471.298279191,4639369.115051002,1.2,818,12,4,7-15,[]
TX,1141.398603486,289872.597984557,4639953.127327111,1.2,438,7,4,234-25,[]
TX,1141.962226057,291603.147029391,4642141.620705694,1.2,479,11,4,24-10,[]
TX,1142.025264043,286011.434298494,4639973.674526916,1.2,823,12,4,7-27,[]
TX,1142.664012778,282664.834433653,4661532.031656841,1.2,848,12,4,71-30,[]
TX,1142.666280172,294488.666901319,4645368.499521671,1.2,701,12,4,351-24,[]
TX,1143.391991008,292296.852791971,4642302.490795217,1.2,3,12,4,104-12,[]
TX,1143.417903892,292730.321769282,4642079.044857085,1.2,35,12,4,106-28,[]
TX,1144.231309738,295898.589182931,4642561.520093276,1.2,617,7,4,287-11,[]
TX,1144.780319214,290406.55323395,4641806.353442541,1.2,434,7,4,234-13,"[['RX_GW', 1144.895316058, 434, 7, 4, 868.1, -123.337645441, '00:00:00:00:00:02']]"
TX,1145.425267235,299468.306594338,4658619.532378014,1.2,353,12,4,220-17,[]
TX,1145.55095244,290631.093894667,4646613.112565257,1.2,851,12,5,71-7,[]
TX,1145.777588652,292948.145255238,4641834.37460752,1.2,206,12,5,162-7,[]
TX,1146.163959175,293407.449604225,4641531.207645132,1.2,287,12,4,2-16,[]
TX,1146.750212447,291800.982189719,4636741.204730493,1.2,143,12,5,137-5,[]
TX,1147.007031483,292248.788231242,4639485.845658368,1.2,721,12,4,369-24,[]
TX,1147.763446171,292182.36812755,4642142.184968177,1.2,790,12,4,53-2,[]
TX,1148.368368965,293999.887377321,4640017.763766233,1.2,174,12,4,150-21,[]
TX,1148.738855306,292629.643085164,4641770.444207311,1.2,71,12,5,115-21,[]
TX,1148.869090295,301421.009444507,4632278.992125202,1.2,650,12,4,308-14,[]
TX,1148.956196842,294123.184490862,4647411.532785044,1.2,507,12,5,241-20,[]
TX,1149.024944595,294129.18632214,4647406.586910108,1.2,777,12,4,51-18,[]
TX,1149.043935055,289097.012201699,4636533.062853799,1.2,687,12,4,341-18,[]
TX,1149.126355469,287861.172934951,4643242.737945896,1.2,614,12,4,281-15,[]
TX,1149.304580519,289719.866975403,4641870.718949237,1.2,228,7,4,173-28,[]
TX,1149.439264243,295861.864236052,4642319.18350784,1.2,616,7,4,287-10,"[['RX_GW', 1149.55425984, 616, 7, 4, 868.1, -114.481948016, '00:00:00:00:00:04']]"
TX,1149.838834702,294393.134386593,4640318.282092282,1.2,347,12,4,22-18,[]
TX,1150.151983961,292103.433933532,4642232.63874302,1.2,489,12,4,24-2,[]
TX,1150.481108726,293472.124487076,4645679.67143099,1.2,889,12,4,81-25,[]
TX,1150.547286458,285111.550508385,4642466.098429788,1.2,259,12,4,193-5,[]
TX,1150.928953887,289828.24505554,4638797.255543229,1.2,549,12,4,257-18,[]
TX,1151.392097123,288734.165130498,4643195.259778836,1.2,43,12,4,11-30,[]
TX,1151.570999582,271769.323128401,4630737.308042711,1.2,506,12,5,241-19,[]
TX,1151.934717225,293829.679089736,4638642.616624289,1.2,731,12,4,371-28,[]
TX,1152.044889357,289241.462909888,4643793.966330679,1.2,866,12,4,79-28,[]
TX,1152.054514347,298041.576290301,4631613.146385301,1.2,238,12,5,178-17,[]
TX,1152.328530188,307074.48855155,4640262.25926278,1.2,877,12,4,8-4,[]
TX,1152.809040958,292192.491153592,4642150.716204206,1.2,203,12,4,162-4,[]
TX,1152.964542421,292217.047804321,4639454.289419231,1.2,102,12,4,129-4,[]
TX,1153.75278354,289707.582141243,4647174.88822919,1.2,593,12,4,266-14,[]
TX,1153.913320013,291270.639907208,4642805.558501975,1.2,59,12,4,111-8,[]
TX,1153.96210148,301225.399547898,4643270.143537071,1.2,831,12,4,70-2,[]
TX,1154.277813156,291827.536411747,4642548.508431996,1.2,552,12,4,257-22,[]
TX,1154.378505073,292336.187135095,4650655.428922786,1.2,841,12,4,71-18,[]
TX,1154.79669987,294130.641544512,4647404.322059101,1.2,779,12,5,51-4,[]
TX,1155.099304155,291818.631257412,4642548.509926925,1.2,8,12,4,104-2,[]
TX,1155.514519236,291064.588445304,4644027.047242619,1.2,691,12,4,348-10,[]
TX,1155.57674969,290469.112099287,4641368.145963132,1.2,881,7,4,80-13,"[['RX_GW', 1155.691745486, 881, 7, 4, 868.1, -116.184894902, '00:00:00:00:00:02']]"
TX,1156.009934109,271627.050969763,4630656.602217528,1.2,476,12,4,238-8,[]
TX,1156.125617892,295871.925875607,4648484.77262144,1.2,560,12,4,259-13,[]
TX,1156.268160215,280984.5169267,4629317.328213935,1.2,536,12,4,253-22,[]
TX,1156.368963044,294726.248877966,4639033.498649761,1.2,167,12,4,149-2,[]
TX,1156.55453602,290788.04905225,4642840.611634461,1.2,461,11,4,236-29,"[['RX_GW', 1158.035296549, 461, 11, 4, 868.1, -133.709372895, '00:00:00:00:00:02']]"
TX,1156.91817995,290632.137791957,4646600.731370077,1.2,844,12,5,71-20,[]
TX,1157.265878007,288697.676706588,4641736.7842273,1.2,226,9,5,173-26,[]
TX,1157.665213748,291832.254850231,4642550.999133975,1.2,466,12,4,236-9,[]
TX,1157.979686031,292693.406621528,4641795.805080378,1.2,725,12,4,369-28,[]
TX,1157.981615643,296476.907108127,4643387.546265282,1.2,260,11,4,193-6,"[['RX_GW', 1159.462375321, 260, 11, 4, 868.1, -134.105027941, '00:00:00:00:00:04']]"
TX,1158.469415163,294871.809983723,4646768.013921828,1.2,316,12,4,21-13,[]
TX,1158.546997302,295112.093495864,4642784.040850602,1.2,335,10,4,212-5,[]
TX,1159.098931954,289174.099523025,4642895.475751878,1.2,55,12,4,111-21,[]
TX,1159.43395405,304033.900720373,4637709.415845414,1.2,829,12,4,70-18,[]
TX,1160.545659011,299290.136601927,4636215.007770234,1.2,681,12,4,332-25,[]
TX,1160.790642366,301722.355630797,4643562.564812467,1.2,803,12,4,58-5,[]
TX,1160.84218289,291702.483596651,4642769.35956579,1.2,87,12,4,124-2,[]
TX,1161.096997782,289042.024501935,4637890.01404836,1.2,594,12,5,268-3,[]
TX,1161.414068693,300562.86651817,4636326.716073668,1.2,14,12,4,104-29,[]
TX,1161.629435338,291732.072867099,4642160.504946148,1.2,121,12,5,137-1,[]
TX,1161.721111758,294135.307370949,4647402.487848468,1.2,738,12,4,40-26,[]
TX,1162.210368974,291300.962592401,4636326.360850789,1.2,435,12,4,234-14,[]
TX,1162.737995166,295788.193520813,4636628.224494872,1.2,854,12,5,72-29,[]
TX,1163.039249663,271639.360927209,4630625.68315912,1.2,676,12,4,322-28,[]
TX,1163.087816963,291986.841329479,4643690.564289046,1.2,821,12,4,7-24,[]
TX,1163.671737121,292373.89074574,4641509.109288501,1.2,408,12,4,228-8,[]
TX,1163.703518631,289918.822656261,4638774.405855514,1.2,348,12,4,22-19,[]
TX,1163.968044682,291604.058769208,4646686.752375555,1.2,663,12,4,317-20,[]
TX,1163.984577431,295645.289290072,4645560.915733985,1.2,212,12,4,171-24,[]
TX,1164.356416801,304600.018012082,4650973.592014784,1.2,765,12,4,47-20,[]
TX,1164.381871005,293385.736722391,4644048.318618976,1.2,365,12,4,222-18,[]
TX,1164.536811881,292178.408101363,4642147.833057602,1.2,371,12,4,222-3,[]
TX,1165.897138651,291594.047606486,4642147.685207174,1.2,488,11,4,24-19,[]
TX,1166.622104917,296203.350912619,4630490.975306053,1.2,652,12,4,308-25,[]
TX,1166.631877272,291712.288070369,4642819.921254667,1.2,354,12,4,220-19,[]
TX,1166.909520888,292583.579415891,4641362.200311533,1.2,101,12,4,129-3,[]
TX,1167.002423266,294129.56294688,4647407.748469935,1.2,898,12,4,96-19,[]
TX,1167.473537861,287832.461522188,4638855.843230601,1.2,826,12,5,7-30,[]
TX,1167.553594151,291120.342701059,4641121.77935051,1.2,433,9,4,234-10,[]
TX,1167.78281266,282290.669179125,4632783.181286515,1.2,246,12,5,178-30,[]
TX,1168.595170139,291827.696642555,4642552.205933303,1.2,815,12,4,7-12,[]
TX,1169.504230176,307551.921935994,4653535.61641253,1.2,64,12,4,113-13,[]
TX,1169.566980333,273692.368540009,4630638.653788271,1.2,223,12,4,172-7,[]
TX,1170.035794318,288671.311953198,4630771.480125532,1.2,654,12,5,308-27,[]
TX,1170.042891963,297685.159548671,4640272.095028297,1.2,339,12,5,214-24,"[['RX_GW', 1172.674629638, 339, 12, 5, 868.1, -141.419223531, '00:00:00:00:00:04']]"
TX,1170.064954307,290184.046741016,4635299.026894205,1.2,580,12,4,260-27,[]
TX,1170.212058402,304804.618342125,4650969.572475184,1.2,767,12,5,47-3,[]
TX,1170.672135348,293363.761438718,4649616.013727848,1.2,113,12,4,130-22,[]
TX,1170.803602834,291422.748499104,4642036.375416675,1.2,758,12,4,46-15,[]
TX,1170.904577788,293340.654319982,4648935.706080182,1.2,108,12,4,130-10,[]
TX,1171.417432424,275972.077336358,4621953.07412986,1.2,638,12,4,291-4,[]
TX,1171.496448738,295414.764476463,4641791.629672585,1.2,360,7,4,220-25,[]
TX,1171.875234258,291100.613513373,4639344.905457855,1.2,85,12,4,124-18,[]
TX,1172.058100651,300026.715639855,4642805.082741261,1.2,827,12,4,70-1,[]
TX,1172.293133393,291105.374710801,4642479.020759018,1.2,608,11,4,273-26,[]
TX,1172.333554555,294129.641710855,4647409.702811935,1.2,737,12,5,40-25,[]
TX,1172.574032674,292206.120010623,4642157.83834945,1.2,668,12,5,321-28,[]
TX,1172.796888119,289402.675445803,4642446.341351351,1.2,484,9,4,24-15,[]
TX,1173.725139572,295985.116974447,4637775.03235377,1.2,874,12,4,8-20,[]
TX,1173.788907947,290405.088305835,4641805.811562318,1.2,51,7,5,111-17,"[['RX_GW', 1173.903904787, 51, 7, 5, 868.1, -123.3163842, '00:00:00:00:00:02']]"
TX,1174.525440038,290663.667382212,4642277.279194036,1.2,151,10,4,140-17,"[['RX_GW', 1175.184950701, 151, 10, 4, 868.1, -131.127160569, '00:00:00:00:00:02']]"
TX,1174.773797082,291093.239958127,4641217.202930198,1.2,390,7,4,225-7,[]
TX,1175.489249317,291291.914028947,4644964.690050308,1.2,36,12,4,109-17,[]
TX,1176.051909327,291822.560677763,4642549.877791989,1.2,459,12,4,236-27,[]
TX,1176.405957162,291639.672996236,4642836.256228237,1.2,131,12,4,137-2,[]
TX,1176.522029059,290986.546091851,4641870.632372956,1.2,456,10,4,236-23,[]
TX,1176.686546536,295610.745407804,4645552.175493103,1.2,105,12,5,129-7,[]
TX,1176.738339179,290759.747022122,4641503.746531648,1.2,262,7,4,194-11,[]
TX,1176.854547891,292517.784499617,4642898.081649752,1.2,405,12,4,228-28,[]
TX,1177.320343971,293360.30115676,4649518.961036541,1.2,117,12,4,130-27,[]
TX,1177.44165054,296615.342875326,4643298.562961842,1.2,430,11,5,232-29,"[['RX_GW', 1178.922410165, 430, 11, 5, 868.1, -134.37264028, '00:00:00:00:00:04']]"
TX,1177.681169503,300667.807455481,4636714.207248414,1.2,332,12,5,212-28,[]
TX,1178.286313085,293793.629972218,4642865.095711677,1.2,83,12,4,124-15,[]
TX,1178.292424845,291591.015623213,4642163.967351007,1.2,500,11,4,24-4,[]
TX,1178.508240808,291829.930202412,4642545.682413366,1.2,581,12,4,260-28,[]
TX,1178.887322581,289841.682698561,4638779.691565243,1.2,553,12,4,257-25,[]
TX,1179.021117664,292671.495490845,4643693.454460118,1.2,397,12,5,228-13,[]
TX,1179.398397143,298760.896482448,4631202.533678753,1.2,783,12,4,53-12,[]
TX,1179.508488817,298775.73008995,4636441.804235825,1.2,679,12,5,332-12,[]
TX,1179.827896505,291824.526242215,4641058.379849892,1.2,437,11,4,234-24,[]
TX,1180.179878858,294992.433514948,4642711.423497184,1.2,338,8,4,212-9,"[['RX_GW', 1180.387292463, 338, 8, 4, 868.1, -125.578736024, '00:00:00:00:00:04']]"
TX,1180.674357804,290732.411904557,4642894.611807617,1.2,201,12,4,162-3,[]
TX,1180.822905895,273694.941994055,4630652.179879244,1.2,530,12,4,250-4,[]
TX,1181.958430094,291832.66704621,4642549.707483641,1.2,519,12,4,241-9,[]
TX,1182.181956131,286949.570490774,4626119.316240275,1.2,440,12,4,234-27,[]
TX,1182.586408166,271624.139053089,4630640.257908264,1.2,468,12,4,238-20,[]
TX,1182.884576801,291758.690858326,4642516.294276098,1.2,190,12,5,162-11,[]
TX,1183.797520501,288220.107704552,4639161.758251816,1.2,863,12,5,79-24,[]
TX,1183.808528482,290997.380541262,4636022.291549982,1.2,425,12,4,232-24,[]
TX,1183.851746902,282143.713333538,4645838.028833682,1.2,258,12,5,193-27,[]
TX,1183.899563977,291808.727863856,4642541.107256073,1.2,460,12,4,236-28,[]
TX,1184.713820616,292708.449526013,4641708.989283173,1.2,183,12,4,155-29,"[['RX_GW', 1187.345560128, 183, 12, 4, 868.1, -137.648116867, '00:00:00:00:00:04']]"
TX,1184.988782923,294251.432917727,4629995.441933958,1.2,647,12,5,308-11,[]
TX,1185.079251269,283556.64283224,4646644.970388521,1.2,791,12,4,53-20,[]
TX,1185.241607694,291272.914094256,4642388.150026454,1.2,535,11,4,253-21,[]
TX,1185.360312682,289490.327070611,4641766.58328632,1.2,543,7,5,254-28,[]
TX,1185.650876206,299223.846603221,4636309.880016735,1.2,680,12,4,332-24,[]
TX,1185.779290073,291053.137349926,4644055.957797118,1.2,37,12,5,109-19,[]
TX,1185.832229712,292523.00300884,4642923.165773498,1.2,599,12,5,273-11,[]
TX,1186.197136837,295851.084109495,4642331.481684634,1.2,620,7,5,287-28,[]
TX,1186.21629318,296012.227242809,4640441.404014109,1.2,708,9,5,353-2,[]
TX,1187.057246713,288189.262974393,4641872.515277283,1.2,285,12,4,2-13,[]
TX,1187.283097608,270079.819047225,4641199.822713759,1.2,685,12,4,337-26,[]
TX,1187.812653376,288080.725205539,4639035.157619437,1.2,58,12,5,111-7,[]
TX,1189.373484986,292914.284244136,4653257.061960061,1.2,692,12,4,348-11,[]
TX,1189.422020776,292192.581698187,4642123.337940337,1.2,814,12,5,7-11,[]
TX,1190.18124779,296183.730864467,4641580.615683543,1.2,835,7,5,70-6,"[['RX_GW', 1190.29624293, 835, 7, 5, 868.1, -112.412412955, '00:00:00:00:00:04']]"
TX,1190.305959535,291176.344416926,4641273.651896994,1.2,893,9,5,91-18,[]
TX,1190.326238894,290408.124993932,4641808.065628286,1.2,56,7,4,111-22,[]
TX,1190.626530855,293838.487005505,4639510.970144561,1.2,812,12,4,67-6,[]
TX,1190.637341722,291652.190609761,4639993.299263738,1.2,554,12,4,257-4,[]
TX,1190.833983921,295149.848000404,4642749.541718786,1.2,329,10,4,212-22,"[['RX_GW', 1191.493493379, 329, 10, 4, 868.1, -130.069944377, '00:00:00:00:00:04']]"
TX,1191.026362536,290662.242664587,4639049.985140496,1.2,80,12,4,119-24,[]
TX,1191.320123871,277384.420374651,4632322.582394879,1.2,382,12,4,223-28,[]
TX,1191.404823037,294114.079060838,4647423.480359751,1.2,642,12,5,3-11,[]
TX,1191.972773353,291605.985906719,4642163.522324848,1.2,501,11,4,24-5,[]
TX,1192.136523523,293706.49903571,4645347.643851581,1.2,313,12,4,21-10,[]
TX,1192.196207666,304606.153405568,4650970.284371096,1.2,771,12,4,47-7,[]
TX,1192.205611645,291710.06504017,4642758.344365934,1.2,93,12,4,124-4,[]
TX,1192.239935401,293543.993729194,4642748.178897933,1.2,265,12,4,194-14,[]
TX,1192.291212794,290048.669674589,4642386.129283725,1.2,820,11,4,7-2,[]
TX,1192.657397888,292906.567659405,4641948.954891602,1.2,278,12,5,195-27,[]
TX,1193.221164558,292453.116723498,4641526.958294814,1.2,485,12,4,24-16,[]
TX,1193.245304021,290049.984408569,4642383.457662524,1.2,217,10,5,172-29,[]
TX,1193.463296557,313689.569952889,4643511.867846113,1.2,878,12,4,8-5,[]
TX,1193.543258764,291986.128187397,4643691.374061383,1.2,892,12,5,91-17,[]
TX,1193.894221058,293327.546390487,4646933.361663895,1.2,109,12,5,130-11,[]
TX,1194.556311016,291727.911897635,4642150.68637557,1.2,133,12,5,137-21,[]
TX,1195.579587789,290396.696057272,4645952.22382709,1.2,304,12,5,200-8,[]
TX,1195.835310363,282648.995149836,4661160.774094728,1.2,296,12,5,200-19,[]
TX,1196.416435039,294590.02629628,4639169.913162252,1.2,172,12,4,150-19,"[['RX_GW', 1199.048173799, 172, 12, 4, 868.1, -141.2458906, '00:00:00:00:00:04']]"
TX,1196.472599247,291096.302368417,4642439.261928755,1.2,787,11,5,53-16,"[['RX_GW', 1197.95335913, 787, 11, 5, 868.1, -134.443170154, '00:00:00:00:00:02']]"
TX,1196.529848872,290627.253662731,4646607.714902344,1.2,842,12,5,71-19,[]
TX,1196.981692858,273660.094898658,4630678.742552363,1.2,750,12,5,42-14,[]
TX,1197.99294679,279586.736473854,4632579.912160973,1.2,270,12,5,195-10,[]
TX,1198.278753555,299818.626956041,4630212.103873734,1.2,404,12,5,228-27,[]
TX,1198.8547211,290561.992788257,4642824.959665503,1.2,189,12,5,162-1,"[['RX_GW', 1201.486457326, 189, 12, 5, 868.1, -135.123193295, '00:00:00:00:00:02']]"
