label,timestamp,x,y,z,dev_addr,spreading_factor,framecounter,NODE_ID,receptions
TX,0.163411566,290432.835875706,4635835.166543798,1.2,1942,12,1,349-25,[]
TX,0.437531804,291920.333191842,4642570.041264323,1.2,1026,12,1,223-23,[]
TX,0.485473987,291059.165350278,4644031.657871172,1.2,50,12,1,102-5,[]
TX,0.576697457,292175.469522878,4642181.922035605,1.2,573,12,1,157-4,[]
TX,0.691594636,289857.728073642,4641776.464843274,1.2,772,7,1,186-11,[]
TX,0.713767215,292440.017346876,4651424.419246849,1.2,2405,12,1,71-1,[]
TX,0.762191917,294384.177833401,4643074.605233816,1.2,1533,12,1,293-21,[]
TX,0.905879467,289313.327981376,4639909.662862561,1.2,2433,8,1,72-13,[]
TX,1.068318733,302111.906902023,4640255.538109937,1.2,1436,12,1,275-19,[]
TX,1.101299009,295298.73617971,4638060.276869959,1.2,1979,12,1,357-3,[]
TX,1.181207607,292524.844926324,4642907.887929412,1.2,1795,12,1,332-14,[]
TX,1.514290206,295116.054336964,4642704.63251738,1.2,2503,8,1,8-21,[]
TX,1.598338347,292733.937671561,4642775.56421587,1.2,1980,12,1,357-4,[]
TX,1.733370325,291452.035174685,4641323.184614106,1.2,2144,10,1,43-6,[]
TX,1.784772349,290559.618925539,4635561.680393917,1.2,2349,12,1,62-26,[]
TX,2.018034439,292642.106479235,4641767.571257248,1.2,1951,12,1,351-3,[]
TX,2.088960151,287808.5004204,4637491.589441814,1.2,1623,12,1,308-14,[]
TX,2.127417093,273683.778802396,4630610.730190239,1.2,1545,12,1,297-17,[]
TX,2.366951502,273702.869382211,4630620.761302737,1.2,191,12,1,115-25,[]
TX,2.381003134,291140.448091531,4640351.278409964,1.2,1241,9,1,250-20,[]
TX,2.396271889,294981.915918673,4642698.97969368,1.2,1478,8,1,287-19,[]
TX,2.659280377,291850.306479016,4642558.975834552,1.2,490,12,1,149-2,[]
TX,2.707368126,292443.92056885,4644369.457333065,1.2,1709,12,1,317-4,[]
TX,2.828792293,290360.799233255,4641792.774046608,1.2,1043,9,1,226-21,[]
TX,2.861699996,289389.109819029,4642055.210388072,1.2,2039,8,1,367-13,[]
TX,3.364592487,291726.116268634,4642150.740713358,1.2,353,11,1,137-30,"[['RX_GW', 4.845353219, 353, 11, 1, 868.1, -134.42826772, '00:00:00:00:00:02']]"
TX,3.453875546,290482.778104355,4640766.81990091,1.2,2575,7,1,85-12,[]
TX,3.493507631,292678.86742922,4642029.300667235,1.2,820,12,1,190-5,[]
TX,3.942043059,291204.320410338,4641286.813195525,1.2,288,8,1,128-6,[]
TX,4.119833013,292695.60496877,4641804.193744936,1.2,303,12,1,130-12,[]
TX,4.40553767,290418.509155262,4643858.938950278,1.2,2172,12,1,46-18,[]
TX,4.444293427,291038.715276019,4641924.262389054,1.2,2282,9,1,55-20,[]
TX,4.489265413,293523.75233025,4639910.493516014,1.2,293,12,1,129-13,[]
TX,4.710547388,293705.845614259,4645359.61567953,1.2,2616,12,1,93-19,[]
TX,4.828524008,290656.458778904,4646613.247424274,1.2,1884,12,1,340-25,[]
TX,4.842570332,271859.929750295,4630655.347021298,1.2,2063,12,1,368-5,[]
TX,4.995764777,286660.834544672,4641730.166837237,1.2,36,12,1,101-3,[]
TX,5.27194417,292269.177052892,4641976.13770522,1.2,2,12,1,100-13,[]
TX,5.348332229,293779.671346235,4640298.849305484,1.2,297,12,1,129-25,[]
TX,5.473764342,295132.531007847,4642703.11572467,1.2,450,8,1,145-9,[]
TX,5.876891785,292150.13177728,4644262.652412318,1.2,335,12,1,137-11,[]
TX,5.981069697,294794.448309377,4646116.975979087,1.2,2618,12,1,93-20,[]
TX,6.039580413,290634.752305223,4646610.268303996,1.2,536,12,1,152-27,[]
TX,6.066891379,273054.468246187,4629909.638845093,1.2,1622,12,1,308-13,[]
TX,6.119613971,272551.506020536,4629957.008604763,1.2,2362,12,1,67-15,[]
TX,6.223476374,292468.195166674,4641898.471775283,1.2,1510,12,1,29-26,[]
TX,6.311455697,291233.93060581,4640396.290694274,1.2,1563,10,1,3-25,[]
TX,6.322342812,290061.606397489,4642387.365822355,1.2,690,9,1,173-25,[]
TX,6.595119152,294370.227077872,4643117.505031275,1.2,790,12,1,187-4,[]
TX,6.636851322,290069.417322273,4642512.424392519,1.2,474,10,1,148-24,[]
TX,7.195955234,290960.387493915,4640373.629716108,1.2,351,9,1,137-29,[]
TX,7.270678997,291839.795222679,4642557.111085404,1.2,1887,12,1,340-28,[]
TX,7.374301886,291839.12373201,4642555.52838032,1.2,548,12,1,153-30,[]
TX,7.434491567,290532.924452737,4641087.362748431,1.2,1034,7,1,226-10,[]
TX,7.580868591,294868.929295149,4640630.030292937,1.2,1475,10,1,287-14,[]
TX,7.586587843,291935.362474539,4642578.686019779,1.2,2672,12,1,97-6,[]
TX,7.625880391,296755.632078405,4646471.827638012,1.2,1507,12,1,29-14,[]
TX,7.647156107,291797.510778505,4648681.124024121,1.2,1705,12,1,317-18,[]
TX,7.744658321,291667.152409689,4642105.126924153,1.2,1212,11,1,245-28,[]
TX,7.836850041,291432.564731364,4643094.298561925,1.2,1954,12,1,351-6,[]
TX,7.884763656,291112.453636715,4644082.438547405,1.2,583,12,1,158-24,[]
TX,7.980811051,292424.173704005,4641556.015558057,1.2,1575,12,1,301-25,[]
TX,8.386894721,286369.761754809,4640716.314132736,1.2,1314,12,1,260-5,[]
TX,8.464673268,276213.353546795,4632009.571665327,1.2,1428,12,1,274-30,[]
TX,8.534803328,290874.590538607,4642262.628097517,1.2,938,10,1,206-9,[]
TX,8.548280451,293205.855589512,4644054.519054173,1.2,1056,12,1,226-8,[]
TX,8.631731382,290243.483472159,4636521.168200315,1.2,1240,12,1,250-19,[]
TX,8.681007406,292324.962378389,4642050.917290702,1.2,1140,12,1,239-25,[]
TX,8.781623008,293429.104842013,4640943.588470392,1.2,2212,12,1,48-28,[]
TX,8.857465405,271714.902864864,4630605.217179829,1.2,1535,12,1,293-3,[]
TX,9.064102658,292310.362917551,4642048.867930814,1.2,1941,12,1,349-23,[]
TX,9.230860979,292530.408287888,4642927.718814062,1.2,2299,12,1,56-25,[]
TX,9.499370859,290179.982526156,4634782.601600191,1.2,1943,12,1,349-26,[]
TX,9.595468336,289228.544287593,4642391.219036849,1.2,2599,12,1,91-17,[]
TX,9.714640705,292408.764832748,4637342.268054884,1.2,1809,12,1,332-8,[]
TX,9.93951691,289309.21701313,4634312.93783276,1.2,1757,12,1,324-24,[]
TX,10.006447388,289370.337116791,4642454.886191092,1.2,2137,10,1,43-2,[]
TX,10.134643923,292002.228662551,4642608.528385011,1.2,2055,12,1,367-7,[]
TX,10.181952923,292516.093337672,4643037.979153335,1.2,1590,12,1,305-12,[]
TX,10.206431365,286648.042207016,4641635.984569403,1.2,899,12,1,202-13,[]
TX,10.505121826,293311.860359942,4644276.158049728,1.2,1822,12,1,334-7,[]
TX,10.715502437,291248.547205732,4642265.767520845,1.2,1040,11,1,226-18,[]
TX,10.942447086,292511.852899558,4641922.854078362,1.2,106,12,1,109-10,[]
TX,11.03285814,273763.438712137,4630721.824120208,1.2,1991,12,1,358-21,[]
TX,11.080986472,290343.373524785,4641438.975578031,1.2,1878,7,1,340-12,[]
TX,11.499896131,297564.688030007,4633146.598653853,1.2,2267,12,1,53-17,[]
TX,11.621804702,290727.904623028,4637633.095001291,1.2,815,12,1,190-21,[]
TX,11.784028623,291855.735949642,4641071.867315636,1.2,1064,11,1,229-21,[]
TX,11.819719816,291175.879804489,4640453.830584211,1.2,2669,9,1,97-3,[]
TX,12.053494878,291604.444931516,4639311.822518859,1.2,1285,12,1,256-13,[]
TX,12.089517646,288383.154339825,4642774.083804579,1.2,1192,12,1,244-11,[]
TX,12.095746587,282380.249970843,4636786.152113089,1.2,157,12,1,111-13,[]
TX,12.260920449,294953.678683771,4646425.254466844,1.2,2625,12,1,93-3,[]
TX,12.323088469,289893.967213888,4642703.840564065,1.2,927,11,1,206-10,[]
TX,12.346081637,292118.343836998,4643803.730720444,1.2,1058,12,1,229-1,[]
TX,12.362988845,290473.206883878,4641681.052127681,1.2,1891,7,1,340-7,[]
TX,12.370989372,291915.597482107,4642575.691447985,1.2,330,12,1,131-26,[]
TX,12.373591394,293676.595346794,4639602.148957394,1.2,2279,12,1,55-17,[]
TX,12.427059138,291048.01632492,4632414.549560592,1.2,372,12,1,138-6,[]
TX,12.62376628,292434.910543742,4643724.920685272,1.2,2218,12,1,49-9,[]
TX,12.641379663,288019.341320928,4639267.323819211,1.2,147,12,1,110-22,[]
TX,12.671169716,290066.936998075,4641527.835555651,1.2,1893,7,1,340-9,[]
TX,12.781352284,291593.280969105,4641392.104999821,1.2,1333,11,1,262-25,[]
TX,12.794006094,292573.221509169,4641281.413416873,1.2,6,12,1,100-24,[]
TX,12.916969388,273657.693242887,4630686.723128827,1.2,2128,12,1,42-27,[]
TX,12.938706388,292108.03739665,4641758.205713818,1.2,1614,12,1,306-3,[]
TX,13.268145094,279367.414801646,4632546.78937465,1.2,262,12,1,126-26,[]
TX,13.282235772,271682.432218245,4630724.057240694,1.2,599,12,1,159-7,[]
TX,13.325070583,291841.041722322,4642561.367025028,1.2,2100,12,1,40-12,[]
TX,13.411639931,289413.017140563,4645291.21213357,1.2,2662,12,1,97-22,[]
TX,13.670095508,292526.643383309,4642917.578159097,1.2,21,12,1,101-13,[]
TX,13.747207834,293912.05155479,4639050.558471633,1.2,517,12,1,151-23,[]
TX,13.989578539,291251.234943152,4642399.277090228,1.2,2061,12,1,368-21,[]
TX,14.063904091,271976.9408193,4630599.938406976,1.2,2073,12,1,371-20,[]
TX,14.153251062,290271.102904852,4642029.170441524,1.2,1672,7,1,310-19,[]
TX,14.182374335,289736.565897995,4643216.32901698,1.2,33,12,1,101-26,[]
TX,14.197804651,291913.445566681,4642573.792170159,1.2,2435,12,1,72-15,[]
TX,14.205755096,288173.918783206,4643893.177368152,1.2,1804,12,1,332-3,[]
TX,14.417721214,292248.471839766,4638747.290675789,1.2,139,12,1,11-5,[]
TX,14.831720824,289770.936777436,4643208.762295745,1.2,620,12,1,162-27,[]
TX,14.908495987,291982.355960124,4643709.19260095,1.2,1803,12,1,332-28,[]
TX,14.91153785,286661.9360802,4641682.395586349,1.2,1489,12,1,287-4,[]
TX,15.11252109,290945.625764117,4639039.611178605,1.2,1516,10,1,290-19,[]
TX,15.194244859,291627.012087862,4644622.948968575,1.2,1476,12,1,287-17,[]
TX,15.318347603,292109.018351271,4643632.845467873,1.2,2307,12,1,56-7,[]
TX,15.340611336,291375.824645667,4641437.300060933,1.2,1529,10,1,293-17,[]
TX,15.384638193,292248.430962307,4638769.599400247,1.2,594,12,1,159-20,[]
TX,15.856348257,293762.902470562,4642854.547540395,1.2,1129,12,1,239-11,[]
TX,15.857836883,273652.274742812,4630655.136139766,1.2,1905,12,1,344-20,[]
TX,15.944696314,292325.52591034,4642039.873926615,1.2,1557,12,1,3-10,[]
TX,16.020219431,292646.019570269,4643063.190630405,1.2,918,12,1,204-13,[]
TX,16.04498153,298537.968799552,4643067.383585318,1.2,908,12,1,203-10,[]
TX,16.063393848,271672.466814696,4630654.301867588,1.2,1383,12,1,269-20,[]
TX,16.739257956,290487.789663939,4639927.769945591,1.2,595,7,1,159-21,"[['RX_GW', 16.854255173, 595, 7, 1, 868.1, -123.599089049, '00:00:00:00:00:02']]"
TX,17.207168852,294395.734294419,4643082.77456596,1.2,1088,12,1,231-7,[]
TX,17.221833132,271590.395787232,4630625.611870569,1.2,1452,12,1,28-14,[]
TX,17.303370055,291385.770590243,4642033.332345624,1.2,1461,10,1,282-19,"[['RX_GW', 17.962881652, 1461, 10, 1, 868.1, -132.558034278, '00:00:00:00:00:02']]"
TX,17.395321074,291661.83411837,4639981.178779857,1.2,753,11,1,182-6,[]
TX,17.473159691,289997.659761663,4643470.215684237,1.2,1720,12,1,318-3,[]
TX,17.559431482,293214.10939647,4640456.994418367,1.2,1662,12,1,31-29,[]
TX,17.659717605,290336.974985996,4644223.340098202,1.2,1873,12,1,339-7,[]
TX,17.831232587,292978.452135063,4646075.909237923,1.2,2099,12,1,40-11,[]
TX,18.152433278,291454.05255056,4641682.783542453,1.2,2106,10,1,40-27,"[['RX_GW', 18.811944433, 2106, 10, 1, 868.1, -130.578304186, '00:00:00:00:00:02']]"
TX,18.21948257,290554.890964629,4642680.101070442,1.2,670,11,1,171-13,[]
TX,18.334140166,291949.178183199,4644225.884867745,1.2,1742,12,1,321-6,[]
TX,18.34106711,293660.126236966,4641767.881928122,1.2,929,12,1,206-12,[]
TX,18.600738134,289923.19276653,4647685.754185015,1.2,722,12,1,181-11,[]
TX,18.644047569,291141.125862173,4642927.118661335,1.2,177,12,1,113-11,[]
TX,18.69652087,289192.103211106,4643184.760731472,1.2,181,12,1,113-24,[]
TX,18.768122443,299783.790341922,4645115.829098676,1.2,237,12,1,124-19,[]
TX,19.015039842,289216.593564936,4642520.425958812,1.2,2285,10,1,55-4,"[['RX_GW', 19.674551268, 2285, 10, 1, 868.1, -132.53947156, '00:00:00:00:00:02']]"
TX,19.182904155,301400.996789847,4646068.534575614,1.2,458,12,1,147-26,[]
TX,19.23067444,290248.367081266,4641979.09384594,1.2,744,7,1,182-18,[]
TX,19.322219565,286069.277933142,4640610.228747016,1.2,2493,12,1,79-4,[]
TX,19.454345397,290086.837499132,4645126.654796501,1.2,1820,12,1,334-5,[]
TX,19.896321636,288506.85209259,4642467.125954472,1.2,817,12,1,190-3,[]
TX,19.900791006,295164.856595758,4642741.582876712,1.2,1738,8,1,321-21,"[['RX_GW', 20.108204397, 1738, 8, 1, 868.1, -124.188914177, '00:00:00:00:00:04']]"
TX,19.97736689,290287.038452411,4643370.623877801,1.2,775,12,1,186-22,[]
TX,20.058246532,291240.981982609,4641298.748961911,1.2,1610,9,1,306-16,[]
TX,20.069880684,290629.22819538,4646622.865711801,1.2,2428,12,1,71-6,[]
TX,20.093375439,289200.871446412,4642064.12597247,1.2,1118,9,1,237-26,[]
TX,20.223135968,291665.643728174,4642099.08635382,1.2,114,11,1,109-18,[]
TX,20.869699595,292241.113993861,4638755.694541954,1.2,1589,12,1,305-11,[]
TX,21.048818709,291095.148488772,4642459.897219432,1.2,1598,11,1,305-2,[]
TX,21.099260097,289574.161405201,4635170.395866022,1.2,2356,12,1,66-21,[]
TX,21.105226546,282336.071994465,4632823.235910869,1.2,1627,12,1,308-25,[]
TX,21.685150477,290800.474787165,4638092.239714952,1.2,469,12,1,148-19,[]
TX,21.692655075,289315.883177292,4639755.233614638,1.2,1223,9,1,248-19,[]
TX,21.811498034,290659.115623731,4641303.967711809,1.2,72,7,1,104-5,[]
TX,21.886847017,291037.535735361,4644009.555368307,1.2,766,12,1,185-3,[]
TX,21.990295423,290672.361686641,4641299.249476439,1.2,2389,7,1,7-4,[]
TX,22.061564235,271739.487928619,4630705.765235659,1.2,1936,12,1,349-17,[]
TX,22.332268568,290866.071153056,4642319.879544041,1.2,1495,10,1,288-17,[]
TX,22.376556381,290413.523568194,4647316.291520348,1.2,1899,12,1,341-4,[]
TX,22.441321813,290477.086918149,4640625.70910492,1.2,1211,7,1,245-27,[]
TX,22.513755919,295131.913377053,4642704.473187734,1.2,1481,8,1,287-22,"[['RX_GW', 22.721169254, 1481, 8, 1, 868.1, -125.226085987, '00:00:00:00:00:04']]"
TX,22.66107905,291563.743405423,4636372.382360484,1.2,1292,12,1,256-24,[]
TX,22.780983927,292318.551886922,4642046.068826806,1.2,2634,12,1,95-16,[]
TX,22.905523018,289800.433728457,4642532.971576017,1.2,1393,10,1,270-11,"[['RX_GW', 23.565033977, 1393, 10, 1, 868.1, -130.735268707, '00:00:00:00:00:02']]"
TX,22.934090711,291835.387607605,4642558.960470539,1.2,2486,12,1,76-8,[]
TX,23.213724565,295050.64846774,4642894.244458132,1.2,2222,10,1,50-12,"[['RX_GW', 23.873234605, 2222, 10, 1, 868.1, -130.899158228, '00:00:00:00:00:04']]"
TX,23.403825021,290705.917770856,4641307.024639984,1.2,205,7,1,12-17,[]
TX,23.646918246,295179.764549075,4638491.512508092,1.2,963,12,1,214-1,[]
TX,23.705424142,273723.6371125,4630611.84129361,1.2,1032,12,1,225-25,[]
TX,23.712740915,286699.036710452,4645111.147335272,1.2,1752,12,1,323-5,[]
TX,23.826826376,286625.558010766,4644666.779585172,1.2,1913,12,1,346-4,[]
TX,23.954247655,292290.744314728,4642043.473642283,1.2,387,12,1,14-15,[]
TX,23.97023432,293721.047749279,4645344.252134157,1.2,40,12,1,101-7,[]
TX,24.047753378,290129.206084681,4635326.20274087,1.2,1245,12,1,250-5,[]
TX,24.182545912,288886.888315459,4642950.926665984,1.2,159,12,1,111-26,[]
TX,24.319627824,290186.817093482,4646752.423551769,1.2,1354,12,1,266-25,[]
TX,24.345176705,288954.731235938,4642639.142806858,1.2,1427,12,1,274-29,[]
TX,24.34753635,292636.485062935,4641774.050910926,1.2,1318,12,1,261-11,[]
TX,24.357367625,290682.898408359,4641305.416010771,1.2,494,7,1,150-15,[]
TX,24.639290577,287456.371383652,4641216.416315858,1.2,2416,12,1,71-20,[]
TX,24.670148624,291857.31862337,4642544.774606649,1.2,2378,12,1,68-3,[]
TX,24.740724253,292326.958976351,4642037.41496226,1.2,1390,12,1,269-6,[]
TX,24.844634991,290061.366554989,4642391.95548017,1.2,52,9,1,102-7,[]
TX,24.85519598,292726.32475506,4642085.90429219,1.2,226,12,1,121-5,[]
TX,25.196489561,283314.009244989,4632908.830286969,1.2,809,12,1,190-15,[]
TX,25.213122611,290961.208259248,4642851.987082542,1.2,30,12,1,101-21,[]
TX,25.307041351,292818.19491266,4641958.060710093,1.2,2214,12,1,48-9,[]
TX,25.31405917,291683.054705464,4642114.236887014,1.2,1242,11,1,250-21,[]
TX,25.446016735,291962.246853529,4642598.217320222,1.2,822,12,1,190-7,[]
TX,25.577417532,290982.087552995,4640748.048446476,1.2,943,8,1,209-27,[]
TX,25.662780864,292310.156719481,4642048.701787716,1.2,1131,12,1,239-13,[]
TX,25.675629275,290291.61259027,4642338.834298043,1.2,110,10,1,109-14,[]
TX,25.681982897,291234.85050577,4641248.42009342,1.2,81,9,1,105-4,[]
TX,25.795480787,293278.557113816,4647673.58275428,1.2,1957,12,1,353-17,[]
TX,26.103765244,291202.525026693,4641292.457045177,1.2,145,8,1,110-13,[]
TX,26.142713226,290109.229812364,4642421.848792242,1.2,1645,9,1,31-10,[]
TX,26.273137741,291851.787917338,4636812.585409105,1.2,251,12,1,125-11,[]
TX,26.32645517,290989.016359233,4641173.637230478,1.2,780,8,1,186-27,[]
TX,26.357099968,292338.593378739,4642018.045230922,1.2,15,12,1,100-7,[]
TX,26.457991265,292418.457851669,4645611.924806231,1.2,1806,12,1,332-5,[]
TX,26.568187732,290081.289053192,4641111.697494183,1.2,1963,7,1,353-29,[]
TX,26.636226577,295567.413829919,4645520.721573952,1.2,2181,12,1,47-1,[]
TX,26.754042474,291241.333027165,4641251.219393174,1.2,266,9,1,127-18,"[['RX_GW', 27.125808433, 266, 9, 1, 868.1, -127.769045112, '00:00:00:00:00:02']]"
TX,26.966992837,290423.941628123,4645995.173684135,1.2,2413,12,1,71-18,[]
TX,27.205532593,273723.639986829,4630625.086858925,1.2,1279,12,1,254-6,[]
TX,27.236131291,291678.027706798,4642109.369405817,1.2,2336,11,1,61-18,[]
TX,27.316359379,296938.714364879,4645551.85702306,1.2,2256,12,1,51-21,[]
TX,27.599623645,293705.125589094,4645354.721138154,1.2,2619,12,1,93-21,[]
TX,27.678736103,292659.824977143,4642627.984325861,1.2,743,12,1,182-12,[]
TX,27.713895185,293135.112241708,4640635.261666798,1.2,563,12,1,155-4,[]
TX,27.808120982,291139.576664142,4641233.264689771,1.2,2332,8,1,60-22,[]
TX,27.980576832,290594.696951567,4643069.191731153,1.2,239,11,1,124-20,[]
TX,28.166685127,291040.139923581,4637433.993781538,1.2,406,12,1,140-16,[]
TX,28.186576502,290271.095175874,4640282.757084902,1.2,614,7,1,162-17,[]
TX,28.566822326,293266.254269593,4639496.567794495,1.2,1504,12,1,29-11,[]
TX,28.627073195,289370.347471808,4642449.960631993,1.2,1767,10,1,326-21,[]
TX,28.656713701,291035.242373536,4644008.276341826,1.2,696,12,1,174-20,[]
TX,28.704682707,292750.878238619,4642104.155560019,1.2,2233,12,1,50-26,[]
TX,28.746124235,286610.384662627,4645008.494717893,1.2,249,12,1,124-7,[]
TX,28.832134929,291816.258561272,4642563.007537214,1.2,1731,12,1,320-28,[]
TX,29.631899358,272355.112393145,4629646.370822672,1.2,2395,12,1,70-18,[]
TX,29.653837175,294324.45050962,4642717.259516913,1.2,2387,11,1,7-21,[]
TX,29.675721277,282334.470739021,4638999.931385145,1.2,203,12,1,119-26,[]
TX,29.707550788,292347.788031839,4641969.652881377,1.2,2555,12,1,84-17,[]
TX,30.019174316,289221.059916329,4642512.911234252,1.2,54,10,1,103-17,[]
TX,30.14699185,293296.380648869,4649490.534910534,1.2,199,12,1,119-14,[]
TX,30.196083192,290073.947939603,4642393.368998274,1.2,2558,9,1,84-2,[]
TX,30.224153,290696.354487336,4641293.755669124,1.2,2338,7,1,61-20,[]
TX,30.396125773,289635.177194161,4643593.242869809,1.2,1657,12,1,31-21,[]
TX,30.403644201,291880.698812913,4640514.190116079,1.2,1919,12,1,347-25,[]
TX,30.493948036,292139.04466706,4638948.571184884,1.2,1067,12,1,229-5,[]
TX,30.802331261,292436.182546046,4641741.898002229,1.2,1127,12,1,238-27,[]
TX,30.864953859,290859.694779835,4641282.978576765,1.2,905,8,1,202-26,[]
TX,31.465757113,289568.299866619,4642426.84011672,1.2,1275,9,1,254-3,[]
TX,31.578053875,273681.762276982,4630635.271322549,1.2,1921,12,1,347-28,[]
TX,31.881327142,293050.068608426,4643434.743715016,1.2,668,12,1,171-11,[]
TX,32.054981116,293794.626307836,4635091.034657412,1.2,992,12,1,22-24,[]
TX,32.232004335,289617.887174632,4642241.351815827,1.2,534,9,1,152-25,[]
TX,32.235062333,290439.360076018,4642869.175707265,1.2,1348,12,1,264-7,[]
TX,32.258016036,293312.856358841,4644279.763521521,1.2,770,12,1,185-7,[]
TX,32.362522727,291744.692318661,4641534.021146328,1.2,1935,11,1,349-14,"[['RX_GW', 33.843282569, 1935, 11, 1, 868.1, -134.954192931, '00:00:00:00:00:02']]"
TX,32.579472306,289549.936115722,4642052.389029674,1.2,710,7,1,178-18,[]
TX,32.770980851,286005.488720791,4631508.329927101,1.2,2135,12,1,43-18,[]
TX,32.791936169,290230.58473993,4635022.606796553,1.2,522,12,1,151-3,[]
TX,33.142471637,293577.217949965,4642777.089728673,1.2,1474,12,1,287-13,[]
TX,33.232159403,296751.180278029,4646469.617601321,1.2,1699,12,1,315-5,[]
TX,33.24826083,290108.76035153,4641494.828648003,1.2,1235,7,1,249-5,[]
TX,33.528287725,292320.524127604,4642048.462922362,1.2,1039,12,1,226-17,[]
TX,33.683421324,292891.628432988,4642213.630050639,1.2,1508,12,1,29-24,[]
TX,33.890481933,293504.200535848,4643378.545484022,1.2,2632,12,1,95-12,[]
TX,33.95404065,273664.589072608,4630682.0594491,1.2,2125,12,1,42-24,[]
TX,34.092309999,292724.719891095,4642077.720569198,1.2,2382,12,1,68-7,[]
TX,34.146880801,290930.237479066,4638873.532180399,1.2,557,12,1,155-2,[]
TX,34.188255204,292004.245989219,4643704.654347311,1.2,2273,12,1,53-4,[]
TX,34.212113035,292350.096457134,4637514.273624667,1.2,685,12,1,172-5,[]
TX,34.418242764,289946.619532979,4634417.899360106,1.2,2317,12,1,58-20,[]
TX,34.429603596,291941.299772523,4642893.769779093,1.2,550,12,1,153-5,[]
TX,34.736752306,291019.766493686,4639226.803355236,1.2,2220,12,1,50-10,[]
TX,34.759639303,295163.900146367,4642730.001776441,1.2,1777,8,1,330-17,[]
TX,34.824602409,292679.325382817,4641797.714295602,1.2,73,12,1,104-6,[]
TX,34.878131829,282843.317542563,4632855.688320708,1.2,975,12,1,215-10,[]
TX,34.97273132,291907.782987988,4642352.197098169,1.2,1142,12,1,239-27,[]
TX,35.540199883,292777.613781193,4642123.096906948,1.2,914,12,1,203-28,[]
TX,35.699693329,290686.180276652,4641287.191181302,1.2,1678,7,1,310-30,[]
TX,35.720960942,289634.518490323,4643597.779083764,1.2,2359,12,1,66-5,[]
TX,35.741038395,290613.522404404,4635617.525390336,1.2,2142,12,1,43-4,[]
TX,35.889553223,288841.240489716,4638499.947412511,1.2,2310,12,1,57-11,[]
TX,35.961080896,292095.878402438,4640707.04494465,1.2,2161,12,1,45-29,[]
TX,36.072240863,295156.824618154,4642695.842011545,1.2,253,8,1,125-13,[]
TX,36.138840745,290915.436776604,4639987.578630962,1.2,381,10,1,139-22,[]
TX,36.307546112,291481.076757418,4642489.160465765,1.2,612,12,1,162-12,[]
TX,36.347429934,287765.077599947,4645623.133585003,1.2,1445,12,1,279-11,[]
TX,36.430546566,290856.172957214,4642271.797496496,1.2,650,10,1,163-7,[]
TX,36.581721252,290273.270551744,4635891.403842632,1.2,2549,12,1,84-11,[]
TX,36.616010851,294125.913728578,4639984.332873493,1.2,2304,12,1,56-4,[]
TX,36.653963551,287817.018235143,4634433.245964422,1.2,2434,12,1,72-14,[]
TX,36.753749625,291046.353614936,4641119.796407737,1.2,2370,8,1,67-5,[]
TX,36.818583719,289604.151571529,4643542.215757262,1.2,683,12,1,172-3,[]
TX,36.838571555,291872.830589789,4642567.216250307,1.2,2518,12,1,81-14,[]
TX,36.870538948,293805.095518773,4640750.662632838,1.2,1199,12,1,244-25,[]
TX,36.969820849,291859.047817984,4642548.544049799,1.2,2397,12,1,70-2,[]
TX,37.033416308,291991.8615938,4643713.953107913,1.2,1947,12,1,351-18,[]
TX,37.046094426,294559.237197852,4646330.664504004,1.2,2469,12,1,75-4,[]
TX,37.263167079,299753.215857569,4630083.739580054,1.2,970,12,1,214-3,[]
TX,37.336458513,292553.975328929,4642899.835397717,1.2,2608,12,1,91-5,[]
TX,37.40602964,294409.100725391,4642770.811045984,1.2,1169,11,1,24-28,[]
TX,37.589348158,295533.28387784,4646790.942401721,1.2,1953,12,1,351-5,[]
TX,37.648678973,289151.254492079,4642452.617159067,1.2,2560,12,1,84-21,[]
TX,37.699990473,291941.654742694,4642589.409852441,1.2,839,12,1,195-21,[]
TX,37.985769938,292331.709424695,4650296.298412341,1.2,2511,12,1,80-19,[]
TX,38.00695038,289118.776831314,4640527.664902315,1.2,1222,7,1,248-18,[]
TX,38.016992599,291773.046673379,4640791.261403766,1.2,1493,12,1,287-8,[]
TX,38.056410107,291319.262254767,4643162.635805893,1.2,832,12,1,194-27,[]
TX,38.187690065,292130.544187346,4642901.346519809,1.2,561,12,1,155-3,[]
TX,38.407462599,293718.47706826,4645344.108685525,1.2,2173,12,1,46-19,[]
TX,38.514496225,288178.46296766,4643911.116858366,1.2,1008,12,1,221-23,[]
TX,38.605029445,292729.869337858,4643720.946422386,1.2,1964,12,1,353-3,[]
TX,38.870458627,291991.44519392,4643722.340864769,1.2,902,12,1,202-23,[]
TX,38.890732216,290474.901180281,4641815.453170778,1.2,1666,8,1,31-5,[]
TX,38.992456884,291801.097191159,4642552.818047201,1.2,11,12,1,100-3,[]
TX,39.047310436,289215.33590387,4642074.185319941,1.2,184,9,1,113-28,[]
TX,39.048578758,293849.47409583,4642028.585042556,1.2,173,10,1,112-5,[]
TX,39.197403577,291054.387360354,4644028.317893167,1.2,735,12,1,181-3,[]
TX,39.297224575,286579.085642717,4631590.61161461,1.2,198,12,1,119-13,[]
TX,39.432242792,290162.727490095,4635326.999329156,1.2,947,12,1,21-13,[]
TX,39.707555915,290090.120746872,4642758.049731714,1.2,785,11,1,187-18,[]
TX,39.943209501,285189.078398972,4640740.734345774,1.2,604,12,1,160-21,[]
TX,39.983375793,290782.728655744,4637969.870876603,1.2,1164,12,1,24-21,[]
TX,40.05519774,294016.898347525,4641809.452895448,1.2,1073,10,1,231-13,"[['RX_GW', 40.714708898, 1073, 10, 1, 868.1, -131.392641274, '00:00:00:00:00:04']]"
TX,40.159593162,292710.976830395,4641834.273702685,1.2,1326,12,1,261-28,[]
TX,40.195691925,302479.768039866,4642767.545650869,1.2,1388,12,1,269-4,[]
TX,40.206939741,292319.551280332,4641977.964294087,1.2,1317,12,1,261-10,[]
TX,40.293222917,290336.657752227,4642337.463643135,1.2,1846,10,1,337-24,[]
TX,40.307256459,290986.259802861,4640938.033845204,1.2,2348,7,1,62-14,[]
TX,40.362729224,288624.852941361,4620266.962749965,1.2,991,12,1,22-14,[]
TX,40.420278675,272034.735906258,4629933.99375558,1.2,437,12,1,143-25,[]
TX,40.645475558,295654.793867323,4642002.635551068,1.2,1434,7,1,275-17,[]
TX,40.664332117,292070.730676087,4640495.332491578,1.2,2034,11,1,363-6,[]
TX,40.949579681,291034.380270364,4643996.766404463,1.2,462,12,1,147-9,[]
TX,41.103794833,292343.941472126,4641793.065119806,1.2,2284,12,1,55-3,[]
TX,41.210963547,289506.547750296,4644817.237647358,1.2,453,12,1,147-12,[]
TX,41.214742388,272223.982233344,4630077.870851584,1.2,836,12,1,195-18,[]
TX,41.217150858,289253.307424592,4632624.815644151,1.2,633,12,1,163-14,[]
TX,41.248052213,271970.779289263,4630378.607888654,1.2,1872,12,1,339-6,[]
TX,41.267494248,288188.410073672,4634725.813923509,1.2,134,12,1,11-20,[]
TX,41.406064017,273706.947433132,4630648.434187074,1.2,1196,12,1,244-22,[]
TX,41.652542553,292765.841350727,4642503.64759882,1.2,1147,12,1,239-6,[]
TX,41.675331203,282233.58645483,4632857.442604887,1.2,1989,12,1,358-19,[]
TX,41.794296468,276905.321259829,4632309.15166868,1.2,1263,12,1,254-16,[]
TX,41.81939992,289274.061104401,4640466.626362462,1.2,2052,7,1,367-4,"[['RX_GW', 41.934396106, 2052, 7, 1, 868.1, -119.383908223, '00:00:00:00:00:02']]"
TX,41.962926887,295140.592939673,4642687.528746678,1.2,1711,8,1,317-6,"[['RX_GW', 42.170340159, 1711, 8, 1, 868.1, -124.914838766, '00:00:00:00:00:04']]"
TX,42.130913157,292677.483900698,4642815.996139378,1.2,2287,12,1,55-6,[]
TX,42.223987421,291056.254493563,4644027.847591782,1.2,677,12,1,171-27,[]
TX,42.577668199,282292.623145133,4637129.538511002,1.2,154,12,1,111-10,[]
TX,42.664989753,289506.171627092,4635226.137274614,1.2,1247,12,1,250-7,[]
TX,42.779660061,298963.073692032,4640405.607120068,1.2,2658,12,1,97-18,[]
TX,42.780903377,292081.256502284,4642620.243030444,1.2,2270,12,1,53-20,[]
TX,42.793552926,295825.661079951,4639315.299872881,1.2,2025,12,1,363-2,[]
TX,42.92755372,293172.87139646,4640329.771586447,1.2,1441,12,1,275-4,[]
TX,43.010038287,289173.48736877,4642115.19554238,1.2,167,10,1,112-20,"[['RX_GW', 43.669548593, 167, 10, 1, 868.1, -130.068431827, '00:00:00:00:00:02']]"
TX,43.131428507,291671.486117558,4642145.529038236,1.2,2432,11,1,72-12,[]
TX,43.569497592,290822.882405726,4635540.994912203,1.2,2589,12,1,87-28,[]
TX,43.963895562,291279.429200608,4642371.353779484,1.2,1543,11,1,294-26,[]
TX,44.16905739,286440.484429649,4640794.196180321,1.2,850,12,1,197-21,[]
TX,44.203447642,292124.732465329,4642548.175611631,1.2,2534,12,1,82-4,[]
TX,44.242653926,291870.504071087,4642559.050431108,1.2,2456,12,1,73-7,[]
TX,44.293822304,290798.302495517,4634127.96315636,1.2,1933,12,1,349-12,[]
TX,44.434358748,292186.870627227,4642184.883163807,1.2,1580,12,1,303-17,[]
TX,44.620175771,291056.583008596,4641691.455997802,1.2,47,9,1,102-21,[]
TX,44.91279941,291387.381767268,4642032.3176282,1.2,2101,10,1,40-13,[]
TX,44.936331465,273720.031792267,4630647.5909578,1.2,1526,12,1,291-4,[]
TX,45.007209191,291836.70953428,4642554.30811058,1.2,1788,12,1,330-6,[]
TX,45.217701072,290691.896438189,4641304.52589142,1.2,1105,7,1,233-9,[]
TX,45.260978935,295402.612256771,4640746.555895737,1.2,769,7,1,185-6,[]
TX,45.270975822,288863.671457285,4640086.906779204,1.2,2045,10,1,367-21,[]
TX,45.356952081,291085.787589532,4641995.248550827,1.2,481,9,1,148-5,[]
TX,45.508160713,292659.9581707,4643060.682281097,1.2,290,12,1,129-10,[]
TX,45.784466742,292820.494527734,4644274.931614751,1.2,999,12,1,220-25,[]
TX,45.853901872,290602.239609759,4633576.002681812,1.2,1746,12,1,322-21,[]
TX,45.912667887,293181.665408278,4640202.589291768,1.2,858,12,1,198-12,[]
TX,45.923501567,289479.540741046,4635471.722978759,1.2,2060,12,1,368-20,[]
TX,45.979754827,293308.297717836,4644256.432232862,1.2,1072,12,1,231-12,[]
TX,46.019945496,290626.801097987,4646626.341450239,1.2,2415,12,1,71-2,[]
TX,46.242201099,291253.278374596,4640378.592529038,1.2,1138,10,1,239-23,[]
TX,46.467864575,290552.681630393,4642605.549705503,1.2,596,11,1,159-4,[]
TX,46.528921573,292168.875568674,4642517.079850176,1.2,1821,12,1,334-6,[]
TX,46.613544154,290855.516806533,4641186.526755909,1.2,2000,8,1,359-1,[]
TX,46.690639995,290787.691960295,4642276.423067432,1.2,2610,10,1,91-7,[]
TX,46.851715176,273675.322275781,4630625.178013186,1.2,1524,12,1,290-7,[]
TX,46.932248017,276093.6130098,4631929.280364407,1.2,1256,12,1,254-1,[]
TX,47.100029768,290269.99247334,4635881.254080626,1.2,1236,12,1,249-6,[]
TX,47.209725975,295150.146766843,4642726.138589431,1.2,1308,8,1,259-5,[]
TX,47.299609947,290769.857170579,4637884.043687894,1.2,1154,12,1,24-12,[]
TX,47.366426431,289589.328434507,4642506.19739955,1.2,1688,10,1,311-4,"[['RX_GW', 48.025937412, 1688, 10, 1, 868.1, -131.546185798, '00:00:00:00:00:02']]"
TX,47.388748977,288638.026527834,4648743.140378453,1.2,1704,12,1,317-17,[]
TX,47.50562652,291111.659287115,4644666.292500069,1.2,2013,12,1,362-19,[]
TX,47.671039825,289370.76381311,4638054.462692054,1.2,1226,12,1,248-3,[]
TX,47.975734662,292741.253006058,4642106.269635606,1.2,232,12,1,124-13,[]
TX,47.986134928,290964.034620526,4642005.846232751,1.2,2132,10,1,43-13,[]
TX,48.291845723,290631.178537704,4641098.617228495,1.2,435,7,1,143-14,"[['RX_GW', 48.406841564, 435, 7, 1, 868.1, -120.047122068, '00:00:00:00:00:02']]"
TX,48.439756146,291371.941070781,4636368.730574615,1.2,816,12,1,190-29,[]
TX,48.5380969,289325.22624839,4648358.358388821,1.2,229,12,1,122-19,[]
TX,48.661008645,295272.097719994,4645393.812826773,1.2,2189,12,1,47-19,[]
TX,48.68492019,290129.84612275,4640193.168208856,1.2,2058,7,1,368-18,"[['RX_GW', 48.799916138, 2058, 7, 1, 868.1, -121.027112364, '00:00:00:00:00:02']]"
TX,48.956088531,286736.508954504,4645891.345345446,1.2,676,12,1,171-26,[]
TX,49.123700828,292729.504973099,4642304.874161886,1.2,2644,12,1,96-19,[]
TX,49.193510071,295863.7800893,4642550.770907369,1.2,102,7,1,107-26,[]
TX,49.318016124,286631.498913395,4641118.350627655,1.2,587,12,1,158-8,[]
TX,49.493911837,290675.344204896,4641307.863722661,1.2,1185,7,1,241-27,[]
TX,49.569866692,298511.313217055,4631943.680981698,1.2,2637,12,1,95-2,[]
TX,49.611506173,292202.495578054,4644134.984582764,1.2,1209,12,1,245-25,[]
TX,49.776791165,290712.342128918,4643886.764493248,1.2,1323,12,1,261-25,[]
TX,49.839240537,291748.109034051,4639642.461767052,1.2,2490,12,1,79-19,[]
TX,49.887016899,293310.761597214,4644288.949014267,1.2,1343,12,1,264-21,[]
TX,49.945731016,290986.503139779,4639053.177116762,1.2,1569,11,1,301-12,[]
TX,50.024111313,273686.316130735,4630634.939540086,1.2,1986,12,1,358-13,[]
TX,50.156919083,291828.136415679,4642543.491390267,1.2,1862,12,1,339-22,[]
TX,50.251041295,288677.425460532,4643768.964467349,1.2,848,12,1,197-19,[]
TX,50.400344581,282683.013072062,4632837.539603932,1.2,1396,12,1,270-17,[]
TX,50.410856955,292571.041385876,4641740.491336036,1.2,2116,12,1,41-27,[]
TX,50.501348195,299732.98926069,4630063.983556827,1.2,692,12,1,173-27,[]
TX,50.522525424,292456.440473978,4641535.873137402,1.2,649,12,1,163-6,[]
TX,50.62714562,292151.779436153,4642933.278020103,1.2,1195,12,1,244-14,[]
TX,50.636284759,294139.432829795,4647412.025870535,1.2,99,12,1,107-23,[]
TX,50.744171453,291228.788761596,4642282.440436172,1.2,1305,11,1,259-21,[]
TX,50.756504586,292171.373940234,4640825.032703466,1.2,219,12,1,121-19,[]
TX,50.775890113,291247.980085043,4638747.48925612,1.2,1193,12,1,244-12,[]
TX,51.20378161,291977.545956745,4642598.619405641,1.2,2400,12,1,70-3,[]
TX,51.34045232,271811.16807274,4630687.444290305,1.2,1298,12,1,256-5,[]
TX,51.359267668,293531.484530421,4639906.579764282,1.2,1413,12,1,273-20,[]
TX,51.606563021,292440.459057442,4637377.477086051,1.2,1650,12,1,31-15,[]
TX,51.700194471,288845.526077284,4637874.298259888,1.2,1220,12,1,246-28,[]
TX,51.761159479,291103.738897354,4642460.339663814,1.2,880,11,1,200-14,[]
TX,51.778201705,290975.210504228,4641177.964166182,1.2,1060,8,1,229-18,[]
TX,51.860469041,291014.782426719,4641940.945871612,1.2,1976,9,1,357-18,[]
TX,52.027238747,289949.48349911,4634415.09091723,1.2,1498,12,1,288-20,[]
TX,52.115811789,292326.174496468,4642288.628556105,1.2,756,12,1,182-9,[]
TX,52.197129315,291562.057918537,4642453.164106121,1.2,1033,12,1,225-26,[]
TX,52.273982081,286705.91347601,4641701.319159406,1.2,962,12,1,211-28,[]
TX,52.345350358,295120.959437273,4642695.223893849,1.2,452,8,1,147-11,"[['RX_GW', 52.552763685, 452, 8, 1, 868.1, -125.18576429, '00:00:00:00:00:04']]"
TX,52.472407723,293716.66834331,4645365.353072529,1.2,2629,12,1,93-6,[]
TX,52.72929812,291021.115239289,4640625.66111737,1.2,1811,8,1,334-15,[]
TX,52.748913381,292061.437783453,4642273.829135206,1.2,2110,12,1,41-12,[]
TX,52.810328426,291108.951944499,4643750.873830006,1.2,1958,12,1,353-18,[]
TX,52.846534338,293277.257724848,4640272.749896903,1.2,1634,12,1,309-19,[]
TX,53.045259703,290156.774215079,4635342.387833333,1.2,843,12,1,195-6,[]
TX,53.195090141,290145.765181556,4643336.376285818,1.2,580,12,1,158-13,[]
TX,53.231609815,291114.141903714,4641368.893105799,1.2,470,9,1,148-20,[]
TX,53.33890775,292898.558923128,4642009.514274739,1.2,2654,12,1,97-12,[]
TX,53.358414955,291982.35595481,4643703.448256155,1.2,681,12,1,172-20,[]
TX,53.71416725,283981.911863105,4640190.453070606,1.2,1114,12,1,237-13,[]
TX,53.757984,290699.08355821,4637523.019353201,1.2,2578,12,1,85-27,[]
TX,53.76072125,297659.980539848,4640358.076562981,1.2,2032,12,1,363-29,[]
TX,53.870754061,291878.074448749,4642560.224246698,1.2,2103,12,1,40-24,[]
TX,53.973695991,290736.95602104,4642896.201400861,1.2,1332,11,1,262-24,[]
TX,54.003789958,291888.91376407,4642860.255393395,1.2,644,12,1,163-28,[]
TX,54.184572252,294135.561555842,4647404.420997074,1.2,719,12,1,179-29,[]
TX,54.307344997,293036.021351185,4644128.701623834,1.2,1047,12,1,226-25,[]
TX,54.342235159,284480.40323999,4632919.904184559,1.2,2663,12,1,97-23,[]
TX,54.548107144,290569.89275744,4645917.57815875,1.2,691,12,1,173-26,[]
TX,54.719012552,286679.182999312,4645778.987797075,1.2,1362,12,1,267-14,[]
TX,55.091978972,293726.399231869,4645352.593629492,1.2,1512,12,1,29-9,[]
TX,56.165238489,294210.181788894,4644068.615514691,1.2,2594,12,1,88-25,[]
TX,56.211802966,290179.453832679,4643360.12307524,1.2,2148,12,1,44-12,[]
TX,56.426081582,291771.797265395,4642535.636356327,1.2,1555,12,1,298-5,[]
TX,56.510789588,289641.987550303,4635512.57306285,1.2,1260,12,1,254-13,[]
TX,56.634430699,291700.26527418,4642146.498083368,1.2,1152,11,1,24-10,[]
TX,56.860428263,282837.777178992,4632851.067048338,1.2,1449,12,1,28-11,[]
TX,56.886420965,291761.493570094,4642635.833283336,1.2,728,12,1,181-20,[]
TX,56.982962682,294264.439165183,4639049.23739443,1.2,2437,12,1,72-17,[]
TX,57.004690672,296452.332414969,4652930.890177636,1.2,2670,12,1,97-4,[]
TX,57.0528116,289420.689715975,4641745.721926087,1.2,1586,7,1,304-29,[]
TX,57.128051827,285392.471308176,4631705.626678186,1.2,1418,12,1,273-6,[]
TX,57.151631798,290353.365919872,4637186.468367177,1.2,2572,12,1,84-7,[]
TX,57.325362466,291924.176253731,4642598.468997302,1.2,783,12,1,186-9,[]
TX,57.348736591,289213.448085205,4642072.273791794,1.2,1828,9,1,336-1,[]
TX,57.366909746,289336.892036639,4634304.765648426,1.2,142,12,1,110-10,[]
TX,57.453240279,299571.683155369,4630025.578779533,1.2,1716,12,1,318-18,[]
TX,57.557830859,292238.073901519,4637198.22162598,1.2,2094,12,1,39-25,[]
TX,57.654190061,273707.344511808,4630655.343739989,1.2,2278,12,1,54-26,[]
TX,57.690043514,291980.670672226,4642987.878954447,1.2,854,12,1,197-6,[]
TX,57.731410024,292303.695448512,4642046.822909975,1.2,777,12,1,186-24,[]
TX,57.836084144,290796.424537028,4635618.558475388,1.2,2239,12,1,50-4,[]
TX,57.96680929,291037.708341626,4644043.224527825,1.2,1554,12,1,298-4,[]
TX,57.989150276,291730.008348666,4642160.04058274,1.2,1121,11,1,237-8,[]
TX,58.087135148,289706.181857686,4635452.386587467,1.2,2146,12,1,44-10,[]
TX,58.359871534,291311.438703143,4640337.658765371,1.2,69,10,1,104-21,[]
TX,58.472608905,299742.278251669,4630063.23849566,1.2,972,12,1,214-5,[]
TX,58.49240773,292146.859041185,4642467.318157653,1.2,327,12,1,131-14,[]
TX,58.50432058,291128.195818392,4640343.243765988,1.2,1251,9,1,253-24,[]
TX,58.67808254,291106.705612456,4642461.528344781,1.2,2298,11,1,56-23,[]
TX,58.698387632,291719.161782038,4642163.071701624,1.2,645,11,1,163-29,[]
TX,58.728322134,293011.086944733,4643295.956793195,1.2,2476,12,1,76-12,[]
TX,58.825525812,291987.166400112,4643709.769080434,1.2,2003,12,1,361-18,[]
TX,58.865722418,292865.261746601,4644250.601033879,1.2,2460,12,1,75-14,[]
TX,58.902804099,291167.7656309,4642479.574665569,1.2,367,11,1,138-27,[]
TX,59.011584584,292531.739862992,4642896.473843045,1.2,897,12,1,202-11,[]
TX,59.556935957,294007.239387635,4644378.76786993,1.2,2457,12,1,75-11,[]
TX,59.557311536,283180.227946304,4632900.997641099,1.2,1523,12,1,290-6,[]
TX,59.611977822,290429.584912267,4646972.452169483,1.2,2422,12,1,71-28,[]
TX,59.651033931,290873.399558664,4642261.077320823,1.2,152,10,1,110-27,[]
TX,59.676767562,290618.995946286,4646619.152755256,1.2,1925,12,1,348-18,[]
TX,59.728794177,291164.304482626,4641378.118321601,1.2,12,8,1,100-4,[]
TX,59.748382477,291826.000883515,4642550.717956425,1.2,492,12,1,149-5,[]
TX,59.859926754,292690.727481559,4643710.75116208,1.2,2093,12,1,39-24,[]
TX,59.896160047,294253.631284454,4641408.253771798,1.2,1808,10,1,332-7,[]
TX,59.94119811,290439.483113675,4642870.733433321,1.2,2341,12,1,61-3,[]
TX,60.320072515,291058.675108487,4644014.856594791,1.2,921,12,1,204-23,[]
TX,60.358126008,291680.738728447,4642113.12412478,1.2,1372,11,1,268-30,[]
TX,60.999696256,287095.705930486,4634226.996949259,1.2,1870,12,1,339-4,[]
TX,61.037451772,285397.422811288,4640948.842148184,1.2,998,12,1,220-24,[]
TX,61.054892209,292665.996646053,4641792.368961044,1.2,950,12,1,21-25,[]
TX,61.269757906,287506.962519298,4641641.375869055,1.2,465,12,1,148-12,[]
TX,61.503441117,291915.935923539,4642574.794290113,1.2,1119,12,1,237-27,[]
TX,61.523800621,290421.091282181,4644184.223720744,1.2,1093,12,1,232-19,[]
TX,61.772553727,291995.241686102,4643701.758611935,1.2,1117,12,1,237-25,[]
TX,62.093689389,291229.125672073,4642269.82336909,1.2,2114,11,1,41-25,[]
TX,62.131334683,290177.732724805,4635337.48875104,1.2,196,12,1,119-11,[]
TX,62.309010783,299603.405869787,4627195.152683965,1.2,964,12,1,214-17,[]
TX,62.357008007,290065.621282343,4642388.523733798,1.2,2283,9,1,55-21,[]
TX,62.403864734,292107.063877819,4645072.01977462,1.2,669,12,1,171-12,[]
TX,62.531346014,290410.69039358,4642323.486132453,1.2,1607,9,1,305-6,[]
TX,62.689833422,291029.645620789,4641930.853193853,1.2,1736,9,1,321-19,[]
TX,62.717562086,292652.828287342,4641764.280682254,1.2,1078,12,1,231-21,[]
TX,62.917368855,298972.329694002,4644578.594135952,1.2,1877,12,1,340-11,[]
TX,62.959760263,291249.329529297,4638754.098795523,1.2,261,12,1,126-14,[]
TX,62.987928558,294132.097753528,4647410.594218615,1.2,95,12,1,107-12,[]
TX,63.152802697,292992.294882038,4643372.586316437,1.2,8,12,1,100-26,[]
TX,63.24488594,286632.266880127,4641695.202673011,1.2,1401,12,1,270-25,[]
TX,63.268492035,289883.817486342,4642411.115644025,1.2,1997,10,1,358-6,[]
TX,63.482825342,292633.857446948,4641759.69991337,1.2,213,12,1,12-4,[]
TX,63.499893133,291825.34631042,4642523.69652444,1.2,137,12,1,11-3,[]
TX,63.762986907,292017.43886812,4641764.43568277,1.2,1503,12,1,29-10,[]
TX,63.807449692,290621.168983505,4646614.403060467,1.2,1722,12,1,318-5,[]
TX,63.935509603,288323.979388972,4638757.127184563,1.2,1217,12,1,246-25,[]
TX,63.969705953,290416.526160628,4641824.819209041,1.2,875,9,1,199-26,[]
TX,64.116565775,291629.374593261,4644624.472096982,1.2,926,12,1,204-28,[]
TX,64.169170182,289798.545046208,4643194.006446201,1.2,2385,12,1,7-19,[]
TX,64.325475571,291031.493378152,4641557.80032961,1.2,748,10,1,182-23,[]
TX,64.34103902,292000.946496031,4642610.274499057,1.2,702,12,1,175-18,[]
TX,64.46524521,291009.502477844,4640618.624749379,1.2,1866,7,1,339-26,[]
TX,64.516543648,290365.927896547,4641807.231289005,1.2,2553,9,1,84-15,[]
TX,64.6662098,291964.831168196,4642603.687262495,1.2,1116,12,1,237-24,[]
TX,64.892396656,289943.671580775,4634383.426462133,1.2,74,12,1,104-7,[]
TX,64.940970974,289203.951846218,4642204.443347512,1.2,1500,9,1,288-3,[]
TX,65.010751998,290448.696940547,4643684.172202283,1.2,1882,12,1,340-22,[]
TX,65.13740752,289508.570186841,4634226.232681232,1.2,1446,12,1,279-12,[]
TX,65.195450107,292681.859575873,4643701.743695682,1.2,1955,12,1,351-7,[]
TX,65.370212098,289319.673672823,4634321.180455658,1.2,958,12,1,211-14,[]
TX,65.448908743,293480.961867953,4638877.360434708,1.2,1636,12,1,309-20,[]
TX,65.460871815,288994.830612097,4641673.281923229,1.2,569,8,1,157-19,[]
TX,65.522358247,291039.218581024,4644014.517410205,1.2,1075,12,1,231-17,[]
TX,65.524582175,291874.036435918,4636203.728935604,1.2,1304,12,1,259-20,[]
TX,65.528061294,293835.659623198,4643285.124259289,1.2,480,12,1,148-4,[]
TX,65.590259419,291829.164050826,4642561.201901759,1.2,1596,12,1,305-18,[]
TX,65.6308337,292706.707787557,4641792.891050081,1.2,1669,12,1,310-1,[]
TX,65.704440015,292717.195165408,4641841.757329097,1.2,1021,12,1,223-11,[]
TX,65.725023804,293773.986991104,4642853.945000777,1.2,1084,12,1,231-3,[]
TX,65.795893079,283762.763943576,4643171.587907389,1.2,1756,12,1,324-14,[]
TX,65.812430714,290745.530502634,4642889.502649192,1.2,396,11,1,14-5,[]
TX,65.85098768,290373.810790081,4641808.576667771,1.2,45,9,1,102-2,[]
TX,65.935916759,298642.745062139,4636644.115892717,1.2,1014,12,1,222-12,[]
TX,66.019116302,289633.680432069,4646720.409013393,1.2,2345,12,1,61-6,[]
TX,66.253690999,292490.467568481,4641400.693614189,1.2,1635,12,1,309-2,[]
TX,66.377712648,291700.596034705,4640124.737550385,1.2,463,12,1,148-10,[]
TX,66.519290193,290762.443404297,4641507.044513415,1.2,1604,7,1,305-28,"[['RX_GW', 66.634287042, 1604, 7, 1, 868.1, -120.300969883, '00:00:00:00:00:02']]"
TX,66.715887043,291980.881112564,4643717.272555678,1.2,862,12,1,198-23,[]
TX,66.92685334,292850.951064686,4641919.197440541,1.2,431,12,1,141-25,[]
TX,67.113284966,289303.731567821,4639770.79776316,1.2,1430,9,1,274-6,"[['RX_GW', 67.485050842, 1430, 9, 1, 868.1, -128.042186214, '00:00:00:00:00:02']]"
TX,67.186273116,295612.788006249,4645557.681215649,1.2,1784,12,1,330-27,[]
TX,67.373694436,294555.657623634,4642628.580336203,1.2,2547,10,1,84-1,[]
TX,68.031990982,292408.656577353,4644428.373433485,1.2,376,12,1,139-10,[]
TX,68.154833017,292131.20666459,4642156.242068921,1.2,773,12,1,186-12,[]
TX,68.17054755,290063.841966908,4642752.843749015,1.2,1077,11,1,231-20,[]
TX,68.252498888,293702.310177202,4645355.200316031,1.2,2621,12,1,93-26,[]
TX,68.590274096,290377.039434902,4641805.521884812,1.2,146,9,1,110-14,[]
TX,69.026326983,291682.34265415,4642116.257806704,1.2,2067,11,1,369-19,[]
TX,69.045992535,289818.241540413,4638361.299606304,1.2,1338,12,1,264-15,[]
TX,69.244300132,292565.348530827,4642912.13107679,1.2,28,12,1,101-2,[]
TX,69.270565874,283294.783960273,4640432.681824242,1.2,473,12,1,148-23,[]
TX,69.393223857,273700.766100842,4630605.697197363,1.2,1527,12,1,291-5,[]
TX,69.408953268,276180.449210558,4632003.1179412,1.2,1522,12,1,290-5,[]
TX,69.496514614,289341.80382374,4645259.349193412,1.2,1204,12,1,245-11,[]
TX,69.586452579,296747.336101567,4646476.121072503,1.2,1490,12,1,287-5,[]
TX,69.590327254,292330.410436137,4642036.967069737,1.2,244,12,1,124-3,[]
TX,69.770601953,292092.739164187,4643873.728159129,1.2,1136,12,1,239-21,[]
TX,69.917955958,291092.288276401,4641023.815712848,1.2,806,8,1,19-5,[]
TX,70.004146723,288470.809769164,4630658.031613579,1.2,1837,12,1,336-4,[]
TX,70.179879129,295030.017724146,4645225.901208956,1.2,2201,12,1,47-6,[]
TX,70.273521756,290473.111039928,4650817.930652329,1.2,254,12,1,125-14,[]
TX,70.34313116,292488.159664456,4641502.53287843,1.2,1664,12,1,31-30,[]
TX,70.798034599,291034.95924823,4640553.092461742,1.2,636,7,1,163-18,"[['RX_GW', 70.91303189, 636, 7, 1, 868.1, -122.416247295, '00:00:00:00:00:02']]"
TX,70.804555999,293248.617607241,4640219.551373654,1.2,1665,12,1,31-4,[]
TX,70.919025631,290844.468140298,4642259.0811676,1.2,439,9,1,145-10,"[['RX_GW', 71.290792538, 439, 9, 1, 868.1, -129.851857519, '00:00:00:00:00:02']]"
TX,71.06711382,291288.576381228,4641173.455031085,1.2,647,10,1,163-4,[]
TX,71.080067005,294152.527029679,4639146.507166277,1.2,865,12,1,198-26,[]
TX,71.093630042,292083.114315403,4640534.098057489,1.2,247,12,1,124-5,[]
TX,71.101604096,291185.668104053,4641319.368028036,1.2,2293,8,1,56-14,[]
TX,71.10484461,290736.501599209,4642889.033803953,1.2,1737,11,1,321-20,[]
TX,71.154959313,290142.523320136,4636843.77299186,1.2,88,12,1,106-24,[]
TX,71.400681103,288608.779262493,4640587.121947324,1.2,1069,10,1,229-7,[]
TX,71.604962831,290189.611375764,4635355.624546668,1.2,1243,12,1,250-3,[]
TX,71.721507613,289706.958265171,4647165.825499564,1.2,422,12,1,140-7,[]
TX,72.021543649,290418.607434458,4647179.82969543,1.2,1561,12,1,3-14,[]
TX,72.101235924,273706.508094645,4630640.681689058,1.2,675,12,1,171-25,[]
TX,72.140125652,290667.843566634,4641292.96804123,1.2,1576,7,1,301-26,"[['RX_GW', 72.255121851, 1576, 7, 1, 868.1, -115.573688632, '00:00:00:00:00:02']]"
TX,72.144513997,291977.664445823,4643700.662365261,1.2,845,12,1,197-15,[]
TX,72.213998511,290610.810083664,4633568.658839737,1.2,1237,12,1,249-7,[]
TX,72.307388912,290730.073291882,4642314.550461707,1.2,1477,9,1,287-18,"[['RX_GW', 72.67915578, 1477, 9, 1, 868.1, -127.527359798, '00:00:00:00:00:02']]"
TX,72.352284064,289401.173302816,4641535.875774818,1.2,1783,7,1,330-26,[]
TX,72.408416415,292317.620886159,4642048.733278853,1.2,238,12,1,124-2,[]
TX,72.564113487,287056.215261337,4641576.848016003,1.2,2302,12,1,56-28,[]
TX,72.631360103,293935.914556684,4643701.625699104,1.2,2308,12,1,56-8,[]
TX,72.659532659,290061.057088859,4642383.942052275,1.2,1397,9,1,270-18,[]
TX,72.836297226,288008.420542286,4641751.04431444,1.2,1100,12,1,233-10,[]
TX,72.91057102,291893.458140799,4634720.497770631,1.2,1747,12,1,322-4,[]
TX,72.922710391,291072.993996175,4644030.933840053,1.2,2514,12,1,81-10,[]
TX,73.072941973,289833.977376945,4639603.661807771,1.2,1424,9,1,274-2,[]
TX,73.116752996,291699.385048592,4640130.173939818,1.2,1560,12,1,3-13,[]
TX,73.149620256,296035.731061316,4643609.296912275,1.2,2223,12,1,50-13,[]
TX,73.155059343,293833.93040567,4643302.01679432,1.2,1439,12,1,275-21,[]
TX,73.337713525,284714.474853906,4633021.086415877,1.2,1741,12,1,321-5,[]
TX,73.590923148,292306.979094527,4642052.23884514,1.2,1143,12,1,239-28,[]
TX,73.895670583,292874.960346976,4642833.854930392,1.2,2098,12,1,40-10,[]
TX,73.901470092,291672.249174831,4639960.330632668,1.2,509,12,1,151-12,[]
TX,73.906901705,284539.053649784,4631900.905093294,1.2,1450,12,1,28-12,[]
TX,73.92814522,291046.751838559,4639282.515712738,1.2,1985,12,1,358-11,[]
TX,73.984328491,292312.341964596,4642039.138397713,1.2,2033,12,1,363-30,[]
TX,74.214921015,289887.639669505,4638084.343013722,1.2,155,12,1,111-11,[]
TX,74.448420453,290345.319776228,4643842.871249042,1.2,221,12,1,121-20,[]
TX,74.629366892,293772.765735369,4639956.096206466,1.2,1004,12,1,221-12,[]
TX,74.74317107,287848.300686511,4634440.654970373,1.2,1909,12,1,344-4,[]
TX,74.840945137,289345.597171393,4635103.794471581,1.2,366,12,1,138-26,[]
TX,74.897477444,292302.004955773,4642055.138596141,1.2,14,12,1,100-6,[]
TX,74.97675286,289156.660477789,4642510.59388939,1.2,1099,10,1,232-7,[]
TX,75.120618316,290057.380847519,4640950.571918055,1.2,2041,7,1,367-17,[]
TX,75.143322518,286960.326636007,4642109.088393798,1.2,2217,12,1,49-8,[]
TX,75.265896542,291705.511868931,4642127.412255593,1.2,1469,11,1,284-22,[]
TX,75.271393604,292317.314279784,4641988.907074461,1.2,4,12,1,100-21,[]
TX,75.293931775,290458.575390639,4641599.936117359,1.2,1462,7,1,282-21,[]
TX,75.370413711,290227.043558268,4640222.745256297,1.2,44,7,1,102-19,[]
TX,75.489592086,289531.284918275,4641787.096012303,1.2,1592,7,1,305-14,"[['RX_GW', 75.604588822, 1592, 7, 1, 868.1, -120.134583555, '00:00:00:00:00:02']]"
TX,75.60818289,292492.365283735,4641906.450409437,1.2,889,12,1,201-14,[]
TX,75.667604789,292681.823401437,4641796.746164958,1.2,2001,12,1,359-2,[]
TX,75.774192009,290583.732779556,4642391.033481289,1.2,1467,9,1,282-7,[]
TX,75.859726541,273680.67590403,4630649.459010063,1.2,624,12,1,162-30,[]
TX,75.929822235,291301.48110656,4642395.653180359,1.2,2062,12,1,368-3,[]
TX,75.979047199,290231.042114761,4642358.257995008,1.2,2565,9,1,84-28,[]
TX,76.400014336,293187.401767425,4639024.049536092,1.2,632,12,1,163-13,[]
TX,76.40772471,290982.648998418,4640892.015991116,1.2,273,7,1,127-5,[]
TX,76.527760624,288756.258002246,4642560.431272484,1.2,2587,11,1,87-26,[]
TX,76.793838565,290577.878248599,4636745.69109361,1.2,405,12,1,140-15,[]
TX,76.847315808,289155.885018088,4638601.162954184,1.2,682,12,1,172-29,[]
TX,76.851031366,286697.979332982,4645121.768105974,1.2,434,12,1,141-28,[]
TX,77.004943163,292053.841334777,4641790.4736122,1.2,438,12,1,143-26,[]
TX,77.090139206,291218.110913997,4642262.891955077,1.2,1306,12,1,259-3,[]
TX,77.419739403,289632.509746206,4641479.125836554,1.2,1435,7,1,275-18,[]
TX,77.569217382,293413.898571656,4651102.181123566,1.2,89,12,1,106-25,[]
TX,77.698912672,286692.697264831,4641469.56587187,1.2,2015,12,1,362-3,[]
TX,77.764649916,292325.275200017,4642047.849173517,1.2,1794,12,1,332-13,[]
TX,77.98351923,290530.011801483,4640961.659621131,1.2,325,7,1,131-12,[]
TX,78.055292283,291780.463159668,4639805.410578617,1.2,1284,12,1,256-12,[]
TX,78.077736925,290090.107966334,4640909.14307407,1.2,1053,7,1,226-5,[]
TX,78.188543385,291236.345215715,4639689.41682558,1.2,478,12,1,148-28,[]
TX,78.484683303,292036.701078409,4641783.338792712,1.2,1759,12,1,326-1,[]
TX,78.606858907,294555.506790648,4643704.257579699,1.2,1157,12,1,24-15,[]
TX,78.674341264,271729.515718259,4630689.393969112,1.2,1990,12,1,358-20,[]
TX,78.743042419,275230.965863552,4631337.098138867,1.2,1861,12,1,339-19,[]
TX,78.777258048,290366.445528964,4641801.171490132,1.2,886,9,1,201-10,[]
TX,78.901172199,290454.134453656,4641685.239962843,1.2,872,7,1,199-22,[]
TX,79.08326158,291016.033078884,4641955.711889238,1.2,1104,9,1,233-26,[]
TX,79.09942671,291840.30457377,4644937.297466408,1.2,805,12,1,19-4,[]
TX,79.337276076,301905.944630063,4639711.91752335,1.2,1177,12,1,241-10,[]
TX,79.414853388,293099.733850461,4642992.300526717,1.2,2266,12,1,51-7,[]
TX,79.741223479,291522.187117643,4642436.541715317,1.2,2598,12,1,91-16,[]
TX,79.78496088,286143.974174645,4645727.989395809,1.2,1472,12,1,287-11,[]
TX,79.846436206,288861.820511995,4642748.924466122,1.2,1465,12,1,282-5,[]
TX,80.112406579,291245.189889686,4638771.671772212,1.2,265,12,1,127-17,[]
TX,80.176859716,291011.14231707,4640638.116727501,1.2,2607,8,1,91-4,[]
TX,80.207438297,291862.539003314,4641634.299230251,1.2,1764,12,1,326-19,[]
TX,80.305459071,291133.127780342,4641389.248486261,1.2,606,8,1,160-4,[]
TX,80.559462601,290917.387489878,4641230.341108125,1.2,1357,7,1,266-28,[]
TX,80.569408917,273705.254280754,4630697.49662098,1.2,2069,12,1,369-21,[]
TX,80.822802733,290021.422745709,4641926.127988284,1.2,684,7,1,172-4,[]
TX,81.005881598,287830.058487477,4631070.505887157,1.2,994,12,1,22-26,[]
TX,81.046749804,292280.448679345,4637823.035843826,1.2,1423,12,1,274-18,[]
TX,81.094047768,292964.283043563,4643245.608676561,1.2,2122,12,1,42-12,[]
TX,81.253870832,272130.946975604,4630190.162535404,1.2,1353,12,1,266-24,[]
TX,81.353929946,294888.447078457,4643980.593076747,1.2,2383,12,1,7-17,[]
TX,81.36834682,277887.522180892,4632412.760313424,1.2,1501,12,1,288-4,[]
TX,81.617068354,291260.283790153,4643825.345283416,1.2,2628,12,1,93-5,[]
TX,81.710987234,291860.31750115,4642565.591008927,1.2,2593,12,1,88-22,[]
TX,81.786462364,289316.178487003,4639772.267356471,1.2,1227,9,1,248-4,[]
TX,81.808958136,287913.588829317,4643992.104073918,1.2,1712,12,1,317-7,[]
TX,81.900972368,291241.727769885,4641248.512240293,1.2,2079,9,1,371-26,[]
TX,82.264475061,292437.710434812,4641592.010611428,1.2,1853,12,1,338-5,[]
TX,82.553545751,293039.463482661,4642965.530789386,1.2,2264,12,1,51-5,[]
TX,82.732163767,298640.805759289,4644262.839672164,1.2,2455,12,1,73-5,[]
TX,82.873341636,295123.311574149,4642692.795688882,1.2,613,8,1,162-13,[]
TX,82.909076904,289017.733654818,4639242.37392345,1.2,1458,11,1,281-3,[]
TX,82.916181196,292523.778052378,4642912.376959654,1.2,1566,12,1,3-28,[]
TX,82.919387204,292524.137401473,4642919.916243602,1.2,18,12,1,101-10,[]
TX,83.024801795,294132.788010821,4647413.335885761,1.2,1700,12,1,315-6,[]
TX,83.054328867,285661.223282466,4641258.227688699,1.2,1903,12,1,344-19,[]
TX,83.142939278,292328.064345976,4641988.119673023,1.2,2071,12,1,369-7,[]
TX,83.156595983,291369.964953729,4638527.338509111,1.2,1654,12,1,31-19,[]
TX,83.476650659,291958.665186316,4643944.181435016,1.2,2464,12,1,75-22,[]
TX,83.495025748,273667.799766092,4630636.473663913,1.2,1521,12,1,290-4,[]
TX,83.515363389,292166.285388052,4641383.652959079,1.2,1141,12,1,239-26,[]
TX,83.700084059,292724.988022393,4641840.580922751,1.2,1381,12,1,269-19,[]
TX,83.857525126,290475.150042306,4640625.013248051,1.2,1684,7,1,311-19,[]
TX,83.924766643,291320.047056794,4637418.680815248,1.2,1959,12,1,353-19,[]
TX,83.973378959,288298.059037601,4642198.708155061,1.2,2504,12,1,8-3,[]
TX,84.069988081,300731.837886894,4636998.385116791,1.2,2497,12,1,8-15,[]
TX,84.127027773,291743.615511473,4642511.312935076,1.2,483,12,1,148-7,[]
TX,84.399855242,289705.024481059,4641868.058381774,1.2,13,7,1,100-5,"[['RX_GW', 84.514852033, 13, 7, 1, 868.1, -119.637640767, '00:00:00:00:00:02']]"
TX,84.467317133,291829.937696025,4642546.448997485,1.2,333,12,1,131-9,[]
TX,84.53922283,288397.878179563,4642387.52485575,1.2,589,11,1,159-15,[]
TX,84.756670293,289287.062878835,4642526.0038699,1.2,736,10,1,181-4,[]
TX,84.85436103,292663.880022698,4641797.970967663,1.2,2656,12,1,97-14,[]
TX,84.945191947,285538.575640593,4647222.960816477,1.2,2412,12,1,71-17,[]
TX,85.05797046,287951.655974589,4643517.977244633,1.2,1098,12,1,232-6,[]
TX,85.169825636,293667.030128027,4642642.187938626,1.2,2231,10,1,50-24,[]
TX,85.245411966,292817.64073376,4642792.296310446,1.2,270,12,1,127-21,[]
TX,85.302699832,292637.581620185,4642162.019530367,1.2,2077,12,1,371-24,[]
TX,85.314759366,273718.787564321,4630662.031793295,1.2,1579,12,1,303-12,[]
TX,85.392764574,299014.019827329,4644643.072446831,1.2,2360,12,1,66-6,[]
TX,85.393870776,291998.091221527,4643696.225827938,1.2,2466,12,1,75-24,[]
TX,85.406433852,295609.796962129,4645553.242557501,1.2,2198,12,1,47-30,[]
TX,85.444179589,296457.516196108,4649988.522968338,1.2,2614,12,1,93-17,[]
TX,85.517825579,291745.470712419,4641532.793196065,1.2,2074,11,1,371-21,[]
TX,85.543899376,290057.217716264,4642386.330239623,1.2,952,9,1,21-27,[]
TX,85.547477401,290293.521153568,4640331.03810386,1.2,2535,7,1,82-5,[]
TX,85.737813947,291054.121972226,4641707.824364015,1.2,1460,9,1,282-18,[]
TX,85.772652281,292541.861089322,4641948.86817614,1.2,1059,12,1,229-17,[]
TX,85.810225142,290852.236835276,4644472.071034117,1.2,271,12,1,127-3,[]
TX,85.955218174,287062.70356155,4645831.153969422,1.2,1095,12,1,232-3,[]
TX,86.188893212,292199.447935695,4638186.246079769,1.2,301,12,1,130-10,[]
TX,86.193928501,292310.89333069,4642053.786281073,1.2,444,12,1,145-24,[]
TX,86.256518899,291175.100630882,4641309.419902246,1.2,1793,8,1,332-12,"[['RX_GW', 86.463932691, 1793, 8, 1, 868.1, -125.119925523, '00:00:00:00:00:02']]"
TX,86.476289687,292942.103498268,4640324.159224724,1.2,1270,12,1,254-25,[]
TX,86.480237075,294267.149080581,4644148.11787624,1.2,2454,12,1,73-4,[]
TX,86.579979841,291737.460568645,4641688.622774163,1.2,443,12,1,145-14,[]
TX,86.73033806,290493.201799744,4643393.983959308,1.2,2443,12,1,72-25,[]
TX,87.050783123,292689.035077889,4641809.446607612,1.2,867,12,1,198-28,[]
TX,87.095116548,288718.328409204,4641906.429581781,1.2,1883,10,1,340-23,[]
TX,87.105098207,293480.34998958,4642744.747859541,1.2,609,11,1,160-7,[]
TX,87.21154049,292391.629624938,4637315.526601179,1.2,2286,12,1,55-5,[]
TX,87.4380124,291067.983211284,4644052.400189383,1.2,2617,12,1,93-2,[]
TX,87.447478293,289066.985729917,4641813.317016521,1.2,2208,9,1,48-24,[]
TX,87.596552823,292082.541311959,4642720.350727405,1.2,2394,12,1,70-17,[]
TX,87.645500695,296485.760422325,4642595.872599384,1.2,440,9,1,145-11,"[['RX_GW', 88.01726615, 440, 9, 1, 868.1, -127.920087694, '00:00:00:00:00:04']]"
TX,87.7578613,292950.089071064,4640226.365234123,1.2,1190,12,1,242-28,[]
TX,87.759148132,292517.222170812,4642027.371416612,1.2,1234,12,1,249-3,[]
TX,87.810336557,288715.385184731,4649905.678783283,1.2,1695,12,1,315-19,[]
TX,87.917089319,291864.446573812,4642749.959920039,1.2,2657,12,1,97-17,[]
TX,87.96854373,291235.07460167,4641262.173219173,1.2,7,9,1,100-25,[]
TX,88.160192882,271818.945884422,4630665.656294603,1.2,2134,12,1,43-17,[]
TX,88.410716943,293657.982923029,4643436.556421742,1.2,1344,12,1,264-3,[]
TX,88.684534804,289825.818368074,4647400.505226376,1.2,175,12,1,112-7,[]
TX,88.721240138,290082.609375305,4635393.204177575,1.2,1540,12,1,294-11,[]
TX,88.747306042,290887.22226458,4635937.649788541,1.2,1682,12,1,311-17,[]
TX,89.114374955,289321.170856538,4639761.341396545,1.2,1225,9,1,248-21,[]
TX,89.151209509,278377.17885744,4632472.191066002,1.2,158,12,1,111-24,[]
TX,89.334385325,295648.189127602,4636727.286272366,1.2,2521,12,1,82-10,[]
TX,89.399217044,291420.973553062,4641307.742533315,1.2,2080,9,1,371-27,[]
TX,89.462477366,291147.443051506,4642474.804273294,1.2,1252,11,1,253-25,[]
TX,89.538181811,293153.404940481,4643867.957906502,1.2,2630,12,1,93-7,[]
TX,89.552917337,295117.915922828,4642726.222135322,1.2,391,8,1,14-19,[]
TX,89.697186801,291301.785141281,4639839.486039171,1.2,1258,11,1,254-11,[]
TX,89.775678299,291541.397634344,4641655.842437142,1.2,727,10,1,181-19,"[['RX_GW', 90.435189676, 727, 10, 1, 868.1, -131.298726231, '00:00:00:00:00:02']]"
TX,89.789071813,271578.418267032,4630123.394638302,1.2,1626,12,1,308-24,[]
TX,90.141098282,286632.808178864,4641659.205195707,1.2,1772,12,1,326-7,[]
TX,90.40522792,291993.658232371,4643711.512869244,1.2,369,12,1,138-3,[]
TX,90.44524208,290064.737577015,4642393.178764081,1.2,258,9,1,125-27,"[['RX_GW', 90.817008553, 258, 9, 1, 868.1, -128.1892834, '00:00:00:00:00:02']]"
TX,90.483264699,291664.130640208,4642109.166288021,1.2,329,12,1,131-25,[]
TX,90.483464398,290670.825602836,4640604.783638903,1.2,1998,7,1,358-7,[]
TX,90.651756677,289578.327812496,4642150.592059531,1.2,2095,8,1,39-26,[]
TX,90.67669305,289941.63899074,4643418.408829897,1.2,209,12,1,12-21,[]
TX,90.690256367,289606.380059754,4641756.873376455,1.2,131,7,1,11-1,[]
TX,90.962400012,283379.234915284,4633666.39919598,1.2,986,12,1,215-9,[]
TX,90.990732313,290151.051003155,4643442.624853249,1.2,168,12,1,112-21,[]
TX,91.053824578,289175.747474484,4642152.382249011,1.2,715,10,1,178-6,[]
TX,91.073104982,289672.4450365,4643513.36830303,1.2,1509,12,1,29-25,[]
TX,91.208198217,290502.637341201,4640894.143316097,1.2,1233,7,1,249-20,[]
TX,91.260482227,292322.045911459,4641984.094093157,1.2,1155,12,1,24-13,[]
TX,91.329502942,288481.846206194,4641537.874559461,1.2,1585,10,1,304-21,[]
TX,91.370997555,292305.164455113,4642030.272137069,1.2,2035,12,1,363-7,[]
TX,91.443678508,289002.56035042,4643791.577216818,1.2,257,12,1,125-26,[]
TX,91.762602605,275914.883436723,4631805.381805345,1.2,471,12,1,148-21,[]
TX,91.819371422,273716.593857184,4630616.506161434,1.2,1266,12,1,254-19,[]
TX,91.903771184,291533.47249732,4641638.769516508,1.2,1020,10,1,223-10,[]
TX,91.977436661,292894.541042494,4640164.177416909,1.2,2213,12,1,48-8,[]
TX,92.04052229,292831.42835242,4638819.022906239,1.2,965,12,1,214-18,[]
TX,92.054225305,290103.456446372,4634605.907536952,1.2,124,12,1,109-29,[]
TX,92.15066644,290860.328998535,4635891.829812066,1.2,2674,12,1,97-8,[]
TX,92.180322733,292941.249016441,4640318.078061047,1.2,1668,12,1,31-7,[]
TX,92.202601693,287519.597575494,4641303.680958034,1.2,83,12,1,106-11,[]
TX,92.380041702,289670.151409985,4642058.846149178,1.2,1652,8,1,31-17,[]
TX,92.538988648,279973.171477557,4632602.045075886,1.2,501,12,1,150-29,[]
TX,92.555713619,291515.329224187,4642437.707610273,1.2,112,12,1,109-16,[]
TX,92.612005575,271708.003698379,4630738.421300489,1.2,502,12,1,150-3,[]
TX,92.645809513,290382.140614433,4641811.014677198,1.2,904,9,1,202-25,[]
TX,92.854163309,291388.070670543,4643750.111573387,1.2,380,12,1,139-14,[]
TX,93.44657963,288752.558850748,4642575.681170478,1.2,2154,11,1,45-1,[]
TX,93.49837728,292530.356306927,4642909.374340091,1.2,1844,12,1,337-13,[]
TX,93.590984811,294851.61192075,4648223.899298502,1.2,2622,12,1,93-27,[]
TX,93.70363061,283104.297386314,4640466.788283363,1.2,2143,12,1,43-5,[]
TX,93.738012969,283068.733287923,4632872.003865656,1.2,2228,12,1,50-18,[]
TX,93.771689642,291653.402492276,4640874.779313831,1.2,530,10,1,152-11,"[['RX_GW', 94.431200837, 530, 10, 1, 868.1, -130.600910172, '00:00:00:00:00:02']]"
TX,93.810480533,271550.372497142,4630583.081271289,1.2,1262,12,1,254-15,[]
TX,93.829244122,290674.302842462,4641319.114173452,1.2,424,7,1,141-11,[]
TX,93.876148137,287455.091910764,4639342.977740549,1.2,2113,12,1,41-24,[]
TX,94.075252154,271914.614650395,4630619.433908483,1.2,1850,12,1,338-21,[]
TX,94.115505338,292108.192927433,4642935.596185209,1.2,2499,12,1,8-17,[]
TX,94.118995772,290281.543715508,4642864.367526937,1.2,476,11,1,148-26,[]
TX,94.408689727,292665.85026786,4641810.599549893,1.2,1437,12,1,275-2,[]
TX,94.414874873,295158.812076859,4642732.750325723,1.2,1956,8,1,353-1,[]
TX,94.503781305,299965.421870576,4627792.266932999,1.2,967,12,1,214-2,[]
TX,94.598488923,291954.234226352,4640724.553380792,1.2,678,12,1,171-28,[]
TX,94.73804643,289981.489468173,4641582.623908765,1.2,2005,7,1,361-20,[]
TX,94.890254325,284794.446819325,4642726.541068251,1.2,1876,12,1,340-10,[]
TX,95.043952103,289308.359626956,4635101.238922347,1.2,977,12,1,215-13,[]
TX,95.167187041,285123.352920007,4633421.614813672,1.2,2043,12,1,367-19,[]
TX,95.19726613,291007.118540749,4641823.547048255,1.2,2533,9,1,82-3,[]
TX,95.307731727,274599.352819672,4630884.712018479,1.2,42,12,1,102-17,[]
TX,95.435104251,290328.275564022,4641427.173201459,1.2,1681,7,1,310-7,[]
TX,95.643820425,298542.273734282,4644229.263405648,1.2,2105,12,1,40-26,[]
TX,95.708150488,292015.062320091,4642619.308931198,1.2,687,12,1,172-7,[]
TX,95.765503663,288177.663513983,4643892.945542008,1.2,1011,12,1,221-28,[]
TX,95.771787087,292659.784996437,4642044.190321524,1.2,334,12,1,137-10,[]
TX,95.807688387,291778.742059498,4642799.195635312,1.2,2054,12,1,367-6,[]
TX,95.919110637,273705.666110458,4630708.479669629,1.2,2138,12,1,43-21,[]
TX,95.92017926,293402.68136773,4644178.740018667,1.2,1342,12,1,264-19,[]
TX,95.971770994,290415.033712516,4643865.590578746,1.2,2675,12,1,97-9,[]
TX,96.029400912,290746.99173597,4642872.379247829,1.2,163,11,1,112-17,[]
TX,96.029895794,291188.728724092,4641972.617493613,1.2,169,10,1,112-29,[]
TX,96.149228675,291108.950602497,4643064.822228087,1.2,445,12,1,145-25,[]
TX,96.186135105,291056.38150195,4644026.439062945,1.2,869,12,1,199-11,[]
TX,96.230906694,289167.654818809,4643759.757739036,1.2,695,12,1,174-19,[]
TX,96.329630919,293375.583711008,4642686.990240625,1.2,857,12,1,198-11,[]
TX,96.514432755,289161.384119201,4642523.425519004,1.2,1653,10,1,31-18,[]
TX,96.57170246,290732.822158204,4640852.377186217,1.2,1297,7,1,256-4,[]
TX,96.666394711,291848.68080668,4642553.223052348,1.2,622,12,1,162-29,[]
TX,97.386203114,273695.581285182,4630541.448173742,1.2,1920,12,1,347-26,[]
TX,97.393434671,286834.36053052,4645127.349623019,1.2,2244,12,1,51-10,[]
TX,97.437133446,290336.099736752,4641862.712482885,1.2,1686,8,1,311-21,"[['RX_GW', 97.644546374, 1686, 8, 1, 868.1, -126.132533886, '00:00:00:00:00:02']]"
TX,97.494673398,292910.067032914,4643894.703914695,1.2,763,12,1,185-19,[]
TX,97.691362798,293705.752856249,4640664.719277075,1.2,1019,12,1,222-28,[]
TX,97.728951305,291250.106584169,4641268.230370322,1.2,2408,9,1,71-12,"[['RX_GW', 98.100717307, 2408, 9, 1, 868.1, -127.94897893, '00:00:00:00:00:02']]"
TX,97.929757896,294896.738673092,4648347.275424678,1.2,2289,12,1,56-10,[]
TX,98.020839362,289318.217052322,4634321.897695117,1.2,623,12,1,162-3,[]
TX,98.021225558,289727.368519242,4641852.169435497,1.2,925,7,1,204-27,[]
TX,98.239452539,288534.300009875,4633826.662402487,1.2,1911,12,1,344-6,[]
TX,98.266272116,291938.521726793,4642575.149269948,1.2,2652,12,1,97-10,[]
TX,98.435957817,286706.460989386,4645123.715195062,1.2,1365,12,1,267-26,[]
TX,98.513044996,295132.843292197,4642701.405446446,1.2,2065,8,1,369-17,"[['RX_GW', 98.720458321, 2065, 8, 1, 868.1, -125.175320255, '00:00:00:00:00:04']]"
TX,98.624256652,292811.182309453,4641973.865071041,1.2,2522,12,1,82-11,[]
TX,98.633298421,299750.403428359,4630072.25563515,1.2,969,12,1,214-21,[]
TX,98.770551323,282815.167303398,4644351.378762337,1.2,1367,12,1,267-28,[]
TX,98.819019611,290064.854332954,4642391.781192991,1.2,1409,9,1,270-9,[]
TX,98.869503607,289225.431327362,4642055.68744182,1.2,2245,9,1,51-11,[]
TX,98.879168011,273641.605104938,4630659.426679865,1.2,1182,12,1,241-24,[]
TX,98.892867464,291900.558381883,4642559.412580491,1.2,2402,12,1,70-5,[]
TX,98.901422245,288954.936402812,4642640.606960081,1.2,1170,12,1,24-29,[]
TX,99.018110776,291021.388302432,4644009.23879009,1.2,2227,12,1,50-17,[]
TX,99.046021397,290825.041737374,4642283.039831317,1.2,2585,10,1,87-24,[]
TX,99.409809912,289319.489610144,4634324.717613691,1.2,786,12,1,187-21,[]
TX,99.514321284,287555.133839352,4634267.414138068,1.2,43,12,1,102-18,[]
TX,99.526001816,291368.159849995,4638518.47813841,1.2,260,12,1,126-12,[]
TX,99.601801465,273718.676761454,4630500.152368028,1.2,672,12,1,171-22,[]
TX,99.670173072,292723.629404994,4642427.238461206,1.2,505,12,1,150-5,[]
TX,99.676198333,292722.110174534,4641699.695551602,1.2,467,12,1,148-17,[]
TX,99.82032761,288964.993498167,4642615.4342878,1.2,1615,12,1,306-4,[]
TX,100.892319363,287008.344052035,4641197.394869427,1.2,2375,12,1,68-20,[]
TX,101.070695422,289318.874070511,4640851.234356296,1.2,1723,7,1,318-6,"[['RX_GW', 101.185691029, 1723, 7, 1, 868.1, -111.267087627, '00:00:00:00:00:02']]"
TX,101.147244483,294416.557456933,4642714.761593935,1.2,217,11,1,121-17,"[['RX_GW', 102.628003446, 217, 11, 1, 868.1, -133.890817019, '00:00:00:00:00:04']]"
TX,101.234783338,288486.950261205,4635158.866754324,1.2,1842,12,1,337-11,[]
TX,101.241011442,290080.358182882,4642402.652561435,1.2,1400,9,1,270-23,"[['RX_GW', 101.612777951, 1400, 9, 1, 868.1, -128.323109012, '00:00:00:00:00:02']]"
TX,101.269528703,273642.104940204,4630669.26178161,1.2,1238,12,1,250-17,[]
TX,101.313880917,299772.500123421,4630312.182532609,1.2,968,12,1,214-20,[]
TX,101.566035888,292585.688378182,4643852.818852777,1.2,2027,12,1,363-24,[]
TX,101.62208421,273862.664678328,4630372.261182178,1.2,863,12,1,198-24,[]
TX,101.67178834,291706.543533034,4642116.786953244,1.2,1760,11,1,326-15,"[['RX_GW', 103.152548954, 1760, 11, 1, 868.1, -134.120179997, '00:00:00:00:00:02']]"
TX,101.737605561,289360.360315741,4634604.638757222,1.2,275,12,1,127-7,[]
TX,101.787849346,291060.0909054,4644021.144592798,1.2,255,12,1,125-24,[]
TX,101.970338893,289232.484420255,4642510.657396623,1.2,1074,10,1,231-14,[]
TX,102.102345423,292315.587354373,4642052.154643889,1.2,2050,12,1,367-28,[]
TX,102.121631834,294130.770544547,4647412.73114235,1.2,535,12,1,152-26,[]
TX,102.721840181,294048.764437836,4640169.08408458,1.2,1983,12,1,357-7,[]
TX,102.728774041,294432.677908835,4645301.005332248,1.2,2471,12,1,75-6,[]
TX,103.101303834,287284.142106206,4641564.70943471,1.2,878,12,1,200-12,[]
TX,103.185813539,292007.803815845,4642610.006560103,1.2,2399,12,1,70-21,[]
TX,103.575781114,292307.236428698,4642293.503893249,1.2,545,12,1,153-21,[]
TX,103.629732563,290279.098955526,4636360.389335421,1.2,2559,12,1,84-20,[]
TX,103.665652163,292077.473609871,4642838.427109716,1.2,1994,12,1,358-27,[]
TX,103.781762902,292134.073846336,4644177.329061842,1.2,62,12,1,103-5,[]
TX,103.791742117,281777.829329363,4632760.268600136,1.2,1620,12,1,308-11,[]
TX,104.020361331,292535.201535043,4642903.291911256,1.2,1946,12,1,351-17,[]
TX,104.028088538,286719.479659081,4631536.874608291,1.2,2639,12,1,95-28,[]
TX,104.076248791,271625.856499389,4630692.131935198,1.2,2153,12,1,44-28,[]
TX,104.109075538,290931.483857166,4641189.258886661,1.2,560,7,1,155-29,"[['RX_GW', 104.224072425, 560, 7, 1, 868.1, -123.335430384, '00:00:00:00:00:02']]"
TX,104.116216501,291747.547328342,4639700.647508397,1.2,641,12,1,163-25,[]
TX,104.154347457,293407.819575201,4646148.149665352,1.2,307,12,1,130-18,[]
TX,104.172272996,293251.368933609,4639497.782998774,1.2,2031,12,1,363-28,[]
TX,104.220827337,289679.992071681,4638755.207820807,1.2,1761,12,1,326-16,[]
TX,104.307001828,293741.593710978,4645374.361005066,1.2,1646,12,1,31-11,[]
TX,104.377357501,290700.853010023,4641303.178721788,1.2,138,7,1,11-4,"[['RX_GW', 104.492353813, 138, 7, 1, 868.1, -122.136219018, '00:00:00:00:00:02']]"
TX,104.502688193,286841.517357631,4641281.495528134,1.2,1042,12,1,226-20,[]
TX,104.536480746,286106.368626024,4634508.297604399,1.2,1151,12,1,24-1,[]
TX,104.620202621,292001.069340431,4642608.503703242,1.2,932,12,1,206-24,[]
TX,104.702653451,291705.997475889,4636665.978491283,1.2,390,12,1,14-18,[]
TX,104.759387413,291036.007433504,4641935.943667772,1.2,1415,9,1,273-3,"[['RX_GW', 105.131153903, 1415, 9, 1, 868.1, -128.972538129, '00:00:00:00:00:02']]"
TX,104.8127888,293207.738590476,4643108.27809261,1.2,2182,12,1,47-10,[]
TX,104.890214958,292001.440107596,4643709.119603823,1.2,1419,12,1,273-7,[]
TX,105.361739922,290629.941466303,4643061.275615126,1.2,1379,11,1,269-17,"[['RX_GW', 106.842500957, 1379, 11, 1, 868.1, -134.95373041, '00:00:00:00:00:02']]"
TX,105.5896992,300311.224706412,4645153.250445187,1.2,331,12,1,131-27,[]
TX,105.66859736,283112.097135286,4632877.167433365,1.2,1123,12,1,238-10,[]
TX,105.95260084,290984.971655625,4639071.789064263,1.2,1769,10,1,326-4,[]
TX,106.177747921,290448.899529032,4636313.767417784,1.2,910,12,1,203-13,[]
TX,106.210850084,290646.22267016,4643910.279311483,1.2,919,12,1,204-14,[]
TX,106.358795501,288187.502696253,4634667.187571332,1.2,755,12,1,182-8,[]
TX,106.52171512,295128.41562575,4642703.042069452,1.2,2507,8,1,8-6,"[['RX_GW', 106.729128457, 2507, 8, 1, 868.1, -125.23430273, '00:00:00:00:00:04']]"
TX,106.760696742,295000.32141232,4643012.635793876,1.2,1644,10,1,31-1,"[['RX_GW', 107.420207209, 1644, 10, 1, 868.1, -132.400463017, '00:00:00:00:00:04']]"
TX,107.072774081,292054.96827915,4640536.505320763,1.2,117,12,1,109-20,[]
TX,107.241134952,290100.2748118,4635396.945220237,1.2,1830,12,1,336-18,[]
TX,107.361783862,286697.360914285,4641699.682188442,1.2,1291,12,1,256-21,[]
TX,107.445682247,290562.979271268,4640986.840207987,1.2,1483,7,1,287-24,[]
TX,107.452421786,294134.044509302,4647414.680137904,1.2,101,12,1,107-25,[]
TX,107.46131317,290110.500496579,4642413.782281924,1.2,1272,9,1,254-27,[]
TX,107.484595514,291925.587393796,4642583.110365065,1.2,1993,12,1,358-25,[]
TX,107.509706719,289058.065716507,4637904.725962128,1.2,579,12,1,158-12,[]
TX,107.652150255,288573.582342877,4644121.467633232,1.2,855,12,1,197-7,[]
TX,107.740668046,290322.691262087,4643606.05864206,1.2,1066,12,1,229-4,[]
TX,107.951568754,285720.573024082,4631731.144036022,1.2,1743,12,1,322-17,[]
TX,107.964937751,288170.014249227,4643864.045449096,1.2,374,12,1,138-8,[]
TX,108.072708146,298854.215145083,4632534.462761233,1.2,911,12,1,203-14,[]
TX,108.13622195,291897.781200201,4642572.049181908,1.2,2398,12,1,70-20,[]
TX,108.137282191,289302.320584725,4634320.350671729,1.2,498,12,1,150-19,[]
TX,108.198628086,292518.838335827,4639701.843347986,1.2,1939,12,1,349-20,[]
TX,108.270381791,289232.215750993,4642043.525883287,1.2,2526,10,1,82-22,[]
TX,108.334881936,290878.203599506,4642263.4288117,1.2,388,10,1,14-16,[]
TX,108.340886243,289954.792346402,4634424.822774357,1.2,264,12,1,127-1,[]
TX,108.412114891,275502.303270624,4631513.165135873,1.2,309,12,1,130-20,[]
TX,108.443258552,294987.308803904,4642703.241317409,1.2,1433,8,1,275-16,"[['RX_GW', 108.650672145, 1433, 8, 1, 868.1, -124.16597437, '00:00:00:00:00:04']]"
TX,108.556703845,297981.62132194,4643774.934723926,1.2,1112,12,1,237-11,[]
TX,108.57506685,289758.553913568,4641814.987084102,1.2,2312,7,1,57-26,[]
TX,108.597000126,291896.029006898,4642575.011008151,1.2,588,12,1,158-9,[]
TX,108.775464334,290470.8748272,4640630.468140294,1.2,1334,7,1,262-26,[]
TX,108.879886299,291248.809040848,4641247.737408467,1.2,660,9,1,167-3,[]
TX,109.169523256,293072.284783546,4642401.190993041,1.2,362,12,1,138-22,[]
TX,109.336714293,288442.581034658,4642919.648186317,1.2,2288,12,1,55-7,[]
TX,109.448131235,288734.016171132,4643200.501629015,1.2,432,12,1,141-26,[]
TX,109.614726738,271690.012182542,4629490.202852613,1.2,1871,12,1,339-5,[]
TX,109.816038059,291084.340930264,4644034.81800872,1.2,220,12,1,121-2,[]
TX,109.8772284,291031.65296159,4641770.833794327,1.2,348,9,1,137-26,[]
TX,109.99935483,290684.165782242,4642028.61073078,1.2,2449,9,1,72-5,[]
TX,110.139710015,290313.55179269,4643399.878829838,1.2,1254,12,1,253-27,[]
TX,110.324945474,291216.777153439,4642286.516307869,1.2,2648,11,1,96-4,"[['RX_GW', 111.805705221, 2648, 11, 1, 868.1, -134.741378115, '00:00:00:00:00:02']]"
TX,110.368756427,290256.892401734,4636466.632155648,1.2,332,12,1,131-8,[]
TX,110.427115431,291957.281564684,4642594.863697229,1.2,323,12,1,131-10,[]
TX,110.443838516,290708.644208112,4641291.932684924,1.2,1110,7,1,234-6,[]
TX,110.517580757,293854.605322092,4642880.149234818,1.2,314,12,1,130-26,[]
TX,110.657101384,271619.878772,4630653.602698398,1.2,1265,12,1,254-18,[]
TX,110.750959426,287888.446655143,4630918.792930502,1.2,1451,12,1,28-13,[]
TX,110.809515893,292323.903953919,4637558.552406447,1.2,1857,12,1,339-13,[]
TX,110.87420051,273731.797105944,4630606.660892758,1.2,1264,12,1,254-17,[]
TX,111.274399386,290415.422701126,4641810.716724362,1.2,1312,9,1,260-21,[]
TX,111.307984276,292311.814383965,4642054.979887088,1.2,2430,12,1,72-1,[]
TX,111.513924364,290643.98878283,4646625.611354607,1.2,2418,12,1,71-24,[]
TX,111.57690962,289811.298946773,4641757.49293933,1.2,2543,7,1,83-2,[]
TX,111.65521462,300719.00348793,4645083.749440825,1.2,1173,12,1,24-4,[]
TX,111.814357563,292718.374633217,4641708.506973413,1.2,558,12,1,155-20,[]
TX,111.847628761,290849.871196526,4642268.151641533,1.2,937,9,1,206-8,"[['RX_GW', 112.219395703, 937, 9, 1, 868.1, -129.973124105, '00:00:00:00:00:02']]"
TX,112.056774787,293700.896567354,4645351.206192552,1.2,2178,12,1,46-5,[]
TX,112.064794802,291831.733617397,4642566.999800974,1.2,1385,12,1,269-29,[]
TX,112.136501778,292400.986157499,4637348.790230165,1.2,988,12,1,22-11,[]
TX,112.151265593,292687.091891915,4641821.154795743,1.2,1940,12,1,349-21,[]
TX,112.167438196,290858.791070792,4642265.451245898,1.2,2107,10,1,40-28,[]
TX,112.32133246,291099.302657266,4642470.06245345,1.2,2276,11,1,53-7,[]
TX,112.332159575,271763.203531668,4630745.900772072,1.2,860,12,1,198-14,[]
TX,112.441233985,294420.197983852,4647824.956345114,1.2,103,12,1,107-27,[]
TX,112.478405631,292239.505425303,4642112.499156077,1.2,491,12,1,149-4,[]
TX,112.498676287,292002.099195538,4643694.490609027,1.2,363,12,1,138-23,[]
TX,112.541109674,291665.144591609,4642136.959425469,1.2,1171,11,1,24-3,[]
TX,112.54138027,294140.400435681,4647421.21165383,1.2,97,12,1,107-14,[]
TX,112.678931429,290488.209274203,4643418.736813785,1.2,525,12,1,151-6,[]
TX,112.71217343,291025.091418668,4641771.809924576,1.2,976,9,1,215-12,[]
TX,112.874203309,286679.544437126,4634419.273264626,1.2,1879,12,1,340-14,[]
TX,113.01260139,289910.043292235,4646385.748612703,1.2,1271,12,1,254-26,[]
TX,113.299317324,289924.450250566,4635391.82932365,1.2,1874,12,1,339-8,[]
TX,113.310986749,292543.084015221,4641964.209016716,1.2,1145,12,1,239-4,[]
TX,113.510972752,291979.060334513,4643701.180866827,1.2,1886,12,1,340-27,[]
TX,113.56233587,287761.949725681,4645626.112182329,1.2,1952,12,1,351-4,[]
TX,113.582851906,292734.800633911,4642047.308376465,1.2,2649,12,1,96-5,[]
TX,113.601438498,292003.686216308,4641733.570200454,1.2,240,12,1,124-21,[]
TX,113.612141909,273646.220032372,4630662.202056827,1.2,1246,12,1,250-6,[]
TX,113.900697112,286077.825618709,4634482.561596506,1.2,2475,12,1,76-11,[]
TX,113.94121705,289234.957604531,4642513.15764132,1.2,1765,10,1,326-2,"[['RX_GW', 114.600728429, 1765, 10, 1, 868.1, -132.38937681, '00:00:00:00:00:02']]"
TX,113.966870774,289765.093037075,4638515.031426762,1.2,79,12,1,105-21,[]
TX,113.969236567,285132.516505592,4640756.296986009,1.2,2145,12,1,43-7,[]
TX,114.233180754,291067.5607661,4644021.788193241,1.2,2419,12,1,71-25,[]
TX,114.369069363,290065.580467866,4641535.20397603,1.2,512,7,1,151-18,[]
TX,114.504845234,290212.346348062,4641465.270826442,1.2,788,7,1,187-3,[]
TX,114.963859159,291097.810104101,4641078.045542709,1.2,916,8,1,204-11,"[['RX_GW', 115.171272521, 916, 8, 1, 868.1, -125.501561741, '00:00:00:00:00:02']]"
TX,115.136744163,291204.949019544,4642562.399118686,1.2,2275,12,1,53-6,[]
TX,115.219121371,295194.815243858,4641851.076991912,1.2,888,7,1,201-13,[]
TX,115.384332532,291818.289435117,4642519.727660948,1.2,354,12,1,137-4,[]
TX,115.437540018,289345.642987023,4642053.668361817,1.2,581,8,1,158-22,"[['RX_GW', 115.644953836, 581, 8, 1, 868.1, -125.9180806, '00:00:00:00:00:02']]"
TX,115.442605342,286700.035433736,4645127.068927445,1.2,1753,12,1,323-7,[]
TX,115.715077419,295613.547998692,4645561.629905304,1.2,2190,12,1,47-2,[]
TX,115.76756413,271443.902601397,4630508.206843526,1.2,2513,12,1,80-7,[]
TX,115.770117747,292273.619021848,4637883.026620509,1.2,993,12,1,22-25,[]
TX,115.805963656,293597.275167637,4641924.309818795,1.2,531,12,1,152-12,[]
TX,115.82050577,293170.346643959,4640629.526133659,1.2,1432,12,1,275-15,[]
TX,115.872293291,289179.190811642,4642518.815520766,1.2,955,10,1,211-11,[]
TX,115.904147459,291857.703629154,4642555.574774789,1.2,776,12,1,186-23,[]
TX,115.919341405,289331.586722626,4642547.27123639,1.2,2452,10,1,73-3,[]
TX,115.923203926,291103.349025178,4641927.720958414,1.2,1494,9,1,287-9,[]
TX,115.927672738,289155.199037189,4634978.726929833,1.2,673,12,1,171-23,[]
TX,115.964441145,292523.862762684,4642797.861865883,1.2,824,12,1,194-11,[]
TX,116.187416754,290834.578097918,4636945.550763563,1.2,1106,12,1,234-17,[]
TX,116.210603544,273673.859573106,4630702.006854207,1.2,1544,12,1,294-28,[]
TX,116.377522029,290061.364215561,4635354.857630882,1.2,197,12,1,119-12,[]
TX,116.425204373,290094.098996623,4640898.339985689,1.2,2321,7,1,58-5,[]
TX,116.460547997,295388.106808497,4645464.795297001,1.2,2185,12,1,47-14,[]
TX,116.538699818,289659.685623998,4641927.295107418,1.2,698,8,1,174-4,"[['RX_GW', 116.74611285, 698, 8, 1, 868.1, -124.045768302, '00:00:00:00:00:02']]"
TX,116.633866135,291828.346161162,4642344.010765186,1.2,1597,12,1,305-19,[]
TX,116.723063909,291124.608838447,4641197.01429532,1.2,215,8,1,12-7,[]
TX,116.756376318,293327.661058389,4642682.274067078,1.2,1313,12,1,260-4,[]
TX,116.783361437,291840.973930747,4642539.642620973,1.2,116,12,1,109-2,[]
TX,116.924470085,292326.747276139,4642043.924985334,1.2,1315,12,1,260-6,[]
TX,117.281177638,272785.497221986,4629715.071661398,1.2,2126,12,1,42-25,[]
TX,117.648205689,289128.972195604,4644551.862926405,1.2,360,12,1,138-18,[]
TX,117.769724362,294416.441683954,4645661.268180428,1.2,397,12,1,14-6,[]
TX,117.794284317,292172.518692216,4642934.385395216,1.2,642,12,1,163-26,[]
TX,117.982425573,292541.539769488,4644010.882656612,1.2,10,12,1,100-28,[]
TX,118.28407282,290507.382280774,4640912.272573239,1.2,2152,7,1,44-27,[]
TX,118.313587738,290667.768915894,4641325.082453964,1.2,1584,7,1,304-19,[]
TX,118.789709338,291845.16185068,4641905.164678026,1.2,404,12,1,140-14,[]
TX,118.811784198,280587.941893529,4632656.936107537,1.2,1287,12,1,256-17,[]
TX,118.972623917,292734.342108052,4642102.54552816,1.2,940,12,1,209-12,[]
TX,119.013272727,290083.88500162,4642389.652959103,1.2,1274,9,1,254-29,[]
TX,119.335171282,290605.819065467,4633550.358673954,1.2,1845,12,1,337-14,[]
TX,119.363119901,299512.332470586,4635070.88957251,1.2,2501,12,1,8-19,[]
TX,119.389520383,291896.182995512,4641641.972590402,1.2,2381,12,1,68-6,[]
TX,119.533681651,295139.852212725,4642699.669325691,1.2,2531,8,1,82-27,"[['RX_GW', 119.741094959, 2531, 8, 1, 868.1, -125.093982538, '00:00:00:00:00:04']]"
TX,119.580659776,291253.114848569,4639618.764658411,1.2,804,11,1,19-3,"[['RX_GW', 121.061419396, 804, 11, 1, 868.1, -134.683766058, '00:00:00:00:00:02']]"
TX,119.588159414,293130.43500344,4643038.937650329,1.2,1849,12,1,337-28,[]
TX,119.643940773,290451.088595781,4642320.377843303,1.2,1530,9,1,293-19,[]
TX,119.713301514,294028.709810806,4642844.951570376,1.2,1082,11,1,231-26,[]
TX,119.779382765,290590.57946732,4630401.650989343,1.2,2491,12,1,79-20,[]
TX,119.907761328,292700.609262973,4642332.844905897,1.2,92,12,1,106-28,[]
TX,120.046998925,296588.377565604,4649222.690531947,1.2,1728,12,1,320-25,[]
TX,120.177993829,273708.260640039,4630665.963199375,1.2,1858,12,1,339-14,[]
TX,120.373047431,289771.389456949,4643215.74827363,1.2,542,12,1,153-19,[]
TX,120.433842984,291060.854444781,4641644.452287279,1.2,939,9,1,209-11,[]
TX,120.48535509,288614.908589252,4635217.443062512,1.2,2548,12,1,84-10,[]
TX,120.494082398,291550.854085961,4641369.33665132,1.2,518,10,1,151-24,[]
TX,120.515501584,291594.447526049,4642899.564079791,1.2,1320,12,1,261-13,[]
TX,120.574340382,296751.15192542,4646470.038066398,1.2,2601,12,1,91-19,[]
TX,120.830137639,301215.581376337,4645113.656126465,1.2,2404,12,1,70-7,[]
TX,120.978772818,287915.619627824,4643989.72765911,1.2,412,12,1,140-21,[]
TX,121.333835911,289948.020552798,4634413.393731159,1.2,359,12,1,138-13,[]
TX,121.348133762,288327.561186734,4644343.822079998,1.2,2343,12,1,61-4,[]
TX,121.620240946,271817.775261222,4630683.991332167,1.2,821,12,1,190-6,[]
TX,121.649863362,291139.839372677,4642369.784286067,1.2,1670,11,1,310-17,"[['RX_GW', 123.130623151, 1670, 11, 1, 868.1, -134.867599926, '00:00:00:00:00:02']]"
TX,121.761497186,287914.064738382,4631725.669650931,1.2,942,12,1,209-24,[]
TX,121.927805049,289334.131971575,4639770.651924444,1.2,2037,9,1,367-11,[]
TX,121.950746389,299743.526040262,4630057.130591389,1.2,2444,12,1,72-26,[]
TX,122.092276647,287332.336998516,4634224.443778848,1.2,19,12,1,101-11,[]
TX,122.110179625,288114.065050898,4645464.715660908,1.2,2018,12,1,363-10,[]
TX,122.424359075,299751.974516209,4630064.116135372,1.2,1625,12,1,308-23,[]
TX,122.44706181,289161.945826954,4644503.00946423,1.2,1113,12,1,237-12,[]
TX,122.49000803,285658.471942864,4641257.8258507,1.2,2320,12,1,58-4,[]
TX,122.574912522,273654.775418131,4630682.103526034,1.2,1975,12,1,357-17,[]
TX,122.697542286,291751.119157791,4641538.357322854,1.2,586,12,1,158-28,[]
TX,122.791123446,292699.699313424,4637170.995407961,1.2,1639,12,1,309-3,[]
TX,123.074861918,271700.837577141,4630734.924858999,1.2,2388,12,1,7-3,[]
TX,123.091184627,289678.65999393,4638822.443007624,1.2,76,12,1,105-18,[]
TX,123.160987793,290845.688357799,4642276.123310214,1.2,1464,10,1,282-4,"[['RX_GW', 123.82049876, 1464, 10, 1, 868.1, -131.650528707, '00:00:00:00:00:02']]"
TX,123.264770428,292249.075917129,4638672.469538365,1.2,2661,12,1,97-21,[]
TX,123.323643172,291213.513616732,4644674.021458115,1.2,1755,12,1,324-13,[]
TX,123.514479489,293558.458419686,4639885.461744079,1.2,1587,12,1,305-1,[]
TX,123.840918382,286965.357563635,4632830.478593714,1.2,709,12,1,178-17,[]
TX,123.844392402,295822.840959478,4643712.170587053,1.2,1785,11,1,330-28,[]
TX,123.947514612,290653.843711673,4641319.390370355,1.2,1061,7,1,229-19,"[['RX_GW', 124.062510813, 1061, 7, 1, 868.1, -115.589809257, '00:00:00:00:00:02']]"
TX,124.420888135,290143.012724344,4635340.974429389,1.2,625,12,1,162-4,[]
TX,124.575922966,294314.332396747,4639036.648087181,1.2,808,12,1,19-7,[]
TX,124.627995892,294827.321166964,4644822.73778533,1.2,2084,12,1,372-25,[]
TX,124.654134788,291983.137174613,4642633.792593504,1.2,903,12,1,202-24,[]
TX,124.751104542,291590.131349088,4642163.057016759,1.2,2509,12,1,80-17,[]
TX,124.755200778,289320.168362042,4639756.998598759,1.2,1221,9,1,248-17,[]
TX,124.836963453,293858.468015679,4645345.007487652,1.2,2573,12,1,85-10,[]
TX,125.247533258,290665.141365954,4641297.700903281,1.2,2149,7,1,44-24,[]
TX,125.379776577,291879.740692674,4642566.442151652,1.2,556,12,1,155-19,[]
TX,125.475670583,292030.801872555,4644001.089934871,1.2,731,12,1,181-23,[]
TX,125.584660126,290424.881101658,4642312.604322101,1.2,121,9,1,109-26,[]
TX,125.763256279,295613.703738646,4641902.081422311,1.2,798,7,1,188-4,[]
TX,126.001874545,297395.10743754,4646268.132572186,1.2,1773,12,1,330-10,[]
TX,126.195886206,292092.305582764,4643503.867501352,1.2,497,12,1,150-18,[]
TX,126.367619047,273686.27935339,4630639.256467552,1.2,1546,12,1,297-6,[]
TX,126.506904702,296463.772971055,4645783.307056306,1.2,907,12,1,202-28,[]
TX,126.51599292,290666.082527116,4641307.738723258,1.2,2159,7,1,45-20,[]
TX,126.800833613,289595.814352076,4641760.31479958,1.2,2165,7,1,45-5,[]
TX,126.801735226,291918.150847177,4642572.75741012,1.2,122,12,1,109-27,[]
TX,126.830147155,274506.938773018,4630818.364330011,1.2,1044,12,1,226-22,[]
TX,126.982645274,293590.279820589,4641981.069724133,1.2,541,10,1,153-18,"[['RX_GW', 127.642157903, 541, 10, 1, 868.1, -130.582619798, '00:00:00:00:00:04']]"
TX,127.242419325,289739.684506633,4642404.390399124,1.2,2580,10,1,87-10,[]
TX,127.286031696,292723.160297027,4641849.416782399,1.2,2230,12,1,50-21,[]
TX,127.295859897,290553.472497299,4643180.044802899,1.2,379,12,1,139-13,[]
TX,127.513642847,291161.718153292,4641348.052266843,1.2,590,8,1,159-16,[]
TX,127.522145729,290340.74296574,4643347.562247678,1.2,1404,12,1,270-3,[]
TX,127.607802707,289600.360059999,4643560.212677172,1.2,1889,12,1,340-4,[]
TX,127.709099409,290105.20539347,4642405.751059167,1.2,529,9,1,152-10,[]
TX,127.834767054,295145.917380739,4642704.72921458,1.2,2297,8,1,56-21,"[['RX_GW', 128.042180367, 2297, 8, 1, 868.1, -125.117273753, '00:00:00:00:00:04']]"
TX,127.862978446,286378.061839879,4634546.158832106,1.2,2330,12,1,60-14,[]
TX,128.010822931,292270.111298777,4642926.22228852,1.2,1089,12,1,231-8,[]
TX,128.030513699,291360.47932283,4643142.484465298,1.2,324,12,1,131-11,[]
TX,128.131415823,293089.458695616,4643272.013532714,1.2,500,12,1,150-21,[]
TX,128.260198393,292402.222350052,4641911.005488432,1.2,322,12,1,130-9,[]
TX,128.336584706,290359.989567712,4640410.639454124,1.2,1651,7,1,31-16,[]
TX,128.528491601,291065.142319222,4644021.566458747,1.2,1703,12,1,317-16,[]
TX,128.560251263,292327.124616469,4642038.449858653,1.2,1175,12,1,24-6,[]
TX,128.62624157,292675.203736326,4641823.765499925,1.2,2546,12,1,83-3,[]
TX,128.778855289,290152.706637218,4635345.773293608,1.2,1581,12,1,303-29,[]
TX,128.939604693,295322.082977234,4638498.980005827,1.2,1938,12,1,349-19,[]
TX,129.225011723,292855.90455083,4641917.347514286,1.2,723,12,1,181-12,[]
TX,129.377834221,290743.107945857,4642915.089821688,1.2,1601,11,1,305-24,[]
TX,129.607371044,290387.443263583,4641814.203111027,1.2,1768,9,1,326-3,[]
TX,129.666199504,289871.072069846,4642994.753383393,1.2,187,11,1,115-12,[]
TX,129.667398396,291561.893023496,4642638.567261535,1.2,2523,12,1,82-12,[]
TX,129.791733249,292165.91410256,4642935.296725941,1.2,2631,12,1,95-1,[]
TX,129.827556108,290067.806063843,4642263.100710589,1.2,1186,7,1,241-28,[]
TX,129.919949202,299743.709529276,4630057.238610237,1.2,840,12,1,195-3,[]
TX,129.995088497,290309.433250806,4641520.726915727,1.2,928,7,1,206-11,"[['RX_GW', 130.110084349, 928, 7, 1, 868.1, -114.651718176, '00:00:00:00:00:02']]"
TX,130.033068928,292840.821075198,4634974.417832488,1.2,1659,12,1,31-26,[]
TX,130.086944382,294174.41472211,4642782.983994045,1.2,84,11,1,106-12,[]
TX,130.145914007,273729.933924039,4630670.768767653,1.2,156,12,1,111-12,[]
TX,130.209635892,290432.212876898,4645035.892107382,1.2,2484,12,1,76-27,[]
TX,130.531652982,291146.485467229,4642476.482681469,1.2,1249,11,1,253-13,[]
TX,130.553388375,291890.947403387,4641081.686561479,1.2,1632,11,1,309-17,[]
TX,130.601424855,292323.4867763,4642042.453652629,1.2,1137,12,1,239-22,[]
TX,130.661843222,291053.687567327,4644050.999663074,1.2,60,12,1,103-30,[]
TX,130.704098354,291879.878861342,4642565.902385029,1.2,347,12,1,137-25,[]
TX,130.730670246,295637.867252365,4645569.008417456,1.2,1790,12,1,330-9,[]
TX,130.738882695,291416.270945955,4641312.999773748,1.2,16,9,1,100-8,[]
TX,130.776647082,291854.893734679,4642560.381529611,1.2,1003,12,1,221-10,[]
TX,130.875892383,290560.801748159,4642639.665986952,1.2,1611,11,1,306-17,[]
TX,130.882960074,286533.616768168,4641890.074851183,1.2,2014,12,1,362-20,[]
TX,130.910745176,289949.530084155,4634413.522375301,1.2,1968,12,1,353-6,[]
TX,130.933673385,288253.720884166,4642885.187244607,1.2,915,12,1,204-10,[]
TX,130.976951528,290144.58585456,4633648.848384879,1.2,1041,12,1,226-19,[]
TX,131.169679151,289179.724135443,4642093.84055193,1.2,582,9,1,158-23,[]
TX,131.608802749,291863.548027366,4641071.629798039,1.2,2158,11,1,45-2,[]
TX,131.986542733,293117.716145337,4642325.094180862,1.2,1895,12,1,341-19,[]
TX,132.017689607,288753.886275648,4642565.380560698,1.2,1005,11,1,221-13,[]
TX,132.057407188,289849.51902183,4645793.602191329,1.2,1278,12,1,254-5,[]
TX,132.102395588,295016.864073186,4648707.31467854,1.2,1802,12,1,332-27,[]
TX,132.142551682,292312.504054705,4642112.994285119,1.2,136,12,1,11-29,[]
TX,132.376169095,290544.114827327,4642301.146983283,1.2,1816,10,1,334-20,[]
TX,132.483756136,291862.319559931,4642384.409542877,1.2,637,12,1,163-19,[]
TX,132.506203782,291098.41053157,4640098.665070073,1.2,1674,9,1,310-20,[]
TX,132.569489668,294130.300087932,4647406.752444278,1.2,538,12,1,152-8,[]
TX,132.613433404,291995.951467236,4643715.636296961,1.2,1303,12,1,259-19,[]
TX,132.665383185,290489.01953211,4640638.169715999,1.2,796,7,1,188-21,[]
TX,132.73748439,289001.432607416,4643782.175632165,1.2,125,12,1,109-3,[]
TX,132.741769079,273671.380258207,4630688.429171583,1.2,2133,12,1,43-15,[]
TX,132.782187806,290445.412497884,4641766.446642037,1.2,985,9,1,215-8,[]
TX,133.171061263,295004.103125564,4645940.692096226,1.2,2303,12,1,56-3,[]
TX,133.31459263,292784.910127642,4642168.294678067,1.2,1687,12,1,311-3,[]
TX,133.367827078,291871.037404259,4642561.080900525,1.2,2554,12,1,84-16,[]
TX,133.384614704,290273.615846062,4644088.636551972,1.2,2242,12,1,50-7,[]
TX,133.461051937,292757.778693014,4642124.922646166,1.2,1336,12,1,262-8,[]
TX,133.695913573,291020.922291096,4640561.830842352,1.2,592,7,1,159-18,"[['RX_GW', 133.81091081, 592, 7, 1, 868.1, -122.151435019, '00:00:00:00:00:02']]"
TX,133.745937053,292334.793488628,4642038.410581867,1.2,2044,12,1,367-20,[]
TX,133.788682666,291989.763790446,4643712.866114262,1.2,1697,12,1,315-21,[]
TX,133.798075427,295917.640377083,4646634.157791417,1.2,499,12,1,150-20,[]
TX,134.012726129,291104.714672547,4641505.474452567,1.2,605,10,1,160-3,"[['RX_GW', 134.672235977, 605, 10, 1, 868.1, -130.836615884, '00:00:00:00:00:02']]"
TX,134.165208462,290981.546525949,4644068.554336274,1.2,23,12,1,101-15,[]
TX,134.205516128,294802.011259876,4644851.931775229,1.2,508,12,1,151-11,[]
TX,134.216876401,290757.410350478,4641509.524945472,1.2,105,7,1,109-1,[]
TX,134.454519782,293318.129681282,4644300.840300558,1.2,1109,12,1,234-3,[]
TX,134.781985039,290096.862353272,4647376.805948725,1.2,46,12,1,102-20,[]
TX,134.801446143,291921.463737009,4642581.753031203,1.2,315,12,1,130-28,[]
TX,134.86120213,297525.122872642,4640919.959638778,1.2,2017,11,1,363-1,"[['RX_GW', 136.341962253, 2017, 11, 1, 868.1, -133.796111655, '00:00:00:00:00:04']]"
TX,134.941660372,286694.714739736,4645120.71848271,1.2,456,12,1,147-24,[]
TX,135.100161889,292153.787821643,4643641.086584479,1.2,2563,12,1,84-26,[]
TX,135.272485375,291913.764235769,4642571.805328166,1.2,868,12,1,199-10,[]
TX,135.2800513,291084.55764427,4641025.993243375,1.2,2342,8,1,61-30,[]
TX,135.372800067,273698.555651295,4630647.482387303,1.2,679,12,1,172-17,[]
TX,135.411180734,292155.528502564,4637054.085426807,1.2,2163,12,1,45-30,[]
TX,135.658414758,291135.719959286,4646197.104813303,1.2,1259,12,1,254-12,[]
TX,136.011728269,291411.129172798,4641310.1463202,1.2,1578,9,1,301-28,[]
TX,136.044703726,284247.206614878,4643679.364042185,1.2,1763,12,1,326-18,[]
TX,136.097792747,274984.291834131,4631171.972985148,1.2,706,12,1,176-25,[]
TX,136.51760416,290262.488016662,4640261.582749409,1.2,838,7,1,195-20,[]
TX,136.703294686,291619.169880899,4644621.33977396,1.2,164,12,1,112-18,[]
TX,136.776287376,288951.809560165,4638553.215644935,1.2,75,12,1,105-17,[]
TX,136.973093703,297164.155302469,4649778.883985245,1.2,2268,12,1,53-18,[]
TX,137.230230109,292177.704457502,4642190.452257239,1.2,1537,12,1,293-4,[]
TX,137.236475745,289231.358392807,4642516.941175748,1.2,312,10,1,130-24,[]
TX,137.24089692,273715.308899387,4630673.324062346,1.2,1288,12,1,256-18,[]
TX,137.319696732,297446.475194864,4641384.861303409,1.2,2260,12,1,51-27,[]
TX,137.365081597,290359.551166818,4646973.81890256,1.2,1380,12,1,269-18,[]
TX,137.374971614,273659.055837751,4630685.778282046,1.2,2124,12,1,42-14,[]
TX,137.650618267,294154.966364961,4647423.064898111,1.2,2261,12,1,51-28,[]
TX,137.899611863,290050.249904692,4642745.277464107,1.2,514,11,1,151-20,[]
TX,138.008979569,292231.088869198,4641936.686198265,1.2,1282,12,1,256-10,[]
TX,138.084779149,293405.834100989,4646172.536645169,1.2,2258,12,1,51-25,[]
TX,138.152636106,288594.735517016,4638641.858387421,1.2,2147,12,1,44-11,[]
TX,138.255155937,290175.492424208,4642115.554641214,1.2,2425,8,1,71-30,[]
TX,138.270119871,290098.085407022,4636969.897749881,1.2,787,12,1,187-29,[]
TX,138.44159427,291102.83881863,4641365.335859967,1.2,2291,9,1,56-12,[]
TX,138.498238126,292288.270944776,4641745.360632177,1.2,1799,12,1,332-22,[]
TX,138.58276662,292059.607284288,4640498.416386363,1.2,248,11,1,124-6,[]
TX,138.764975514,291956.898681219,4641706.181331038,1.2,1027,12,1,223-24,[]
TX,138.85805788,292438.726515612,4641385.269371607,1.2,1640,12,1,309-30,[]
TX,138.862086432,288861.0099908,4641824.914629283,1.2,2157,9,1,45-19,[]
TX,139.161557598,295158.113215761,4646467.404723494,1.2,2495,12,1,79-6,[]
TX,139.267393031,291036.41943927,4641350.693777861,1.2,513,8,1,151-19,[]
TX,139.283979421,276703.351616839,4631373.123090055,1.2,1937,12,1,349-18,[]
TX,139.448341006,289300.436643528,4634496.23195987,1.2,1426,12,1,274-26,[]
TX,139.528541295,290161.013469759,4635288.619307525,1.2,1744,12,1,322-18,[]
TX,139.630488502,290072.571243575,4642396.103996031,1.2,1824,9,1,335-15,"[['RX_GW', 140.002254987, 1824, 9, 1, 868.1, -128.233526891, '00:00:00:00:00:02']]"
TX,139.642330595,292982.038622988,4642139.359946597,1.2,2374,12,1,68-19,[]
TX,139.714866192,291845.400197166,4642567.691106414,1.2,2016,12,1,362-6,[]
TX,139.839181137,292684.494439022,4642030.530493434,1.2,1539,12,1,293-7,[]
TX,140.006260904,293323.338493361,4644285.597997386,1.2,944,12,1,21-10,[]
TX,140.110787153,289445.178291988,4641745.436616885,1.2,77,7,1,105-19,"[['RX_GW', 140.225783903, 77, 7, 1, 868.1, -119.392410674, '00:00:00:00:00:02']]"
TX,140.125504938,293855.189144543,4639526.995573203,1.2,807,12,1,19-6,[]
TX,140.20932111,290653.732408545,4641578.794204008,1.2,627,7,1,162-7,[]
TX,140.292824986,290296.049213866,4640315.264769661,1.2,1693,7,1,315-17,"[['RX_GW', 140.407820763, 1693, 7, 1, 868.1, -116.032540861, '00:00:00:00:00:02']]"
TX,140.386352641,273696.348747111,4630672.544603704,1.2,759,12,1,184-14,[]
TX,140.530625388,290667.693078799,4641300.55724154,1.2,252,7,1,125-12,[]
TX,140.548324266,290737.549869243,4641502.33136367,1.2,1977,7,1,357-19,[]
TX,140.568092776,291992.27356194,4643710.844831509,1.2,2295,12,1,56-19,[]
TX,140.599505148,292983.380063234,4642137.124947787,1.2,427,12,1,141-14,[]
TX,140.603849418,291440.294549796,4642047.860620096,1.2,486,11,1,149-1,[]
TX,140.781504354,294314.795137487,4644190.181450591,1.2,1191,12,1,244-10,[]
TX,140.997698443,293315.678656982,4640121.818522926,1.2,1017,12,1,222-24,[]
TX,141.060049538,295117.45664214,4645258.13617897,1.2,2180,12,1,46-7,[]
TX,141.074358076,290922.637270092,4643943.408510162,1.2,2335,12,1,61-17,[]
TX,141.167408591,290365.783919889,4643400.794162486,1.2,487,12,1,149-15,[]
TX,141.304939983,291999.964094669,4643715.084524398,1.2,936,12,1,206-28,[]
TX,141.330002014,295665.604132482,4645473.621183684,1.2,281,12,1,128-20,[]
TX,141.40810075,290047.066968662,4637283.232524816,1.2,1856,12,1,339-12,[]
TX,141.459106519,291370.634338797,4634631.073687657,1.2,814,12,1,190-20,[]
TX,141.488473426,291047.098037461,4644019.95977308,1.2,1070,12,1,231-10,[]
TX,141.601967404,291081.490874075,4641935.270821882,1.2,600,9,1,160-1,[]
TX,141.678657491,277922.508070607,4632429.743248808,1.2,646,12,1,163-30,[]
TX,141.735719396,291865.522902041,4642544.438856782,1.2,532,12,1,152-13,[]
TX,141.860185285,291845.547280362,4642564.474703725,1.2,686,12,1,172-6,[]
TX,141.91183702,282698.307038267,4635718.214071206,1.2,1268,12,1,254-20,[]
TX,141.951460513,292232.024747068,4638043.553433414,1.2,546,12,1,153-29,[]
TX,142.150473726,291068.514851297,4644042.133352234,1.2,328,12,1,131-24,[]
TX,142.210375908,292287.680582107,4642030.426327522,1.2,489,12,1,149-18,[]
TX,142.342468702,293100.057697023,4640758.088234549,1.2,2361,12,1,67-1,[]
TX,142.410026844,289969.663696819,4639938.8269046,1.2,1228,8,1,248-5,[]
TX,142.441574024,287551.59134016,4634273.944581852,1.2,2121,12,1,42-11,[]
TX,142.713323581,291244.985081862,4641258.568700225,1.2,128,9,1,109-5,[]
TX,142.78663157,291758.678419627,4642509.721887641,1.2,616,12,1,162-19,[]
TX,142.877156408,290139.478643883,4641485.205818497,1.2,1565,7,1,3-27,[]
TX,142.894796822,288216.092594152,4645040.127388356,1.2,2409,12,1,71-13,[]
TX,142.950595154,285776.378098163,4634145.554509142,1.2,1922,12,1,347-8,[]
TX,143.128848767,292604.107014118,4641184.661664032,1.2,1349,12,1,266-10,[]
TX,143.159899249,296649.920954149,4642700.380322902,1.2,1751,9,1,323-3,"[['RX_GW', 143.531665331, 1751, 9, 1, 868.1, -128.142714182, '00:00:00:00:00:04']]"
TX,143.228286642,290379.330499442,4643859.575694963,1.2,1897,12,1,341-21,[]
TX,143.302270003,289442.703538752,4635054.681096246,1.2,2352,12,1,66-17,[]
TX,143.525448104,288871.260034205,4639304.753191575,1.2,1616,10,1,306-5,[]
TX,143.595945501,292698.947790514,4641812.641406788,1.2,1573,12,1,301-23,[]
TX,143.746301065,282428.795770188,4632820.771894867,1.2,2155,12,1,45-17,[]
TX,143.896231108,292057.537804287,4642932.206794156,1.2,2004,12,1,361-19,[]
TX,144.016094914,278735.029013471,4628450.034902618,1.2,1914,12,1,347-10,[]
TX,144.080669099,291192.133067435,4641249.672815486,1.2,657,9,1,167-19,"[['RX_GW', 144.452434898, 657, 9, 1, 868.1, -127.367433192, '00:00:00:00:00:02']]"
TX,144.252618054,292530.000914185,4642920.982058251,1.2,1374,12,1,268-6,[]
TX,144.493743347,293731.260200038,4645335.912814009,1.2,983,12,1,215-27,[]
TX,144.500964916,290842.474786809,4642277.660955712,1.2,923,10,1,204-25,"[['RX_GW', 145.160475881, 923, 10, 1, 868.1, -131.645179365, '00:00:00:00:00:02']]"
TX,144.538048483,295139.850733629,4642759.172443694,1.2,2665,8,1,97-25,[]
TX,144.864776342,290050.806151524,4642390.554461543,1.2,703,9,1,175-29,[]
TX,144.868443145,292525.335862213,4642907.9701475,1.2,34,12,1,101-28,[]
TX,144.946202903,293366.103844849,4643248.129757118,1.2,1350,12,1,266-11,[]
TX,145.055048626,292332.1133995,4642043.72504108,1.2,370,12,1,138-4,[]
TX,145.059483282,273686.108545329,4630642.793858744,1.2,835,12,1,194-9,[]
TX,145.167629535,295105.456374185,4644116.769090835,1.2,2508,12,1,8-7,[]
TX,145.180523697,301217.193268697,4640838.983044165,1.2,2028,12,1,363-25,[]
TX,145.213097381,290229.676436964,4641447.355534604,1.2,1740,7,1,321-4,"[['RX_GW', 145.32809289, 1740, 7, 1, 868.1, -115.164392439, '00:00:00:00:00:02']]"
TX,145.233232041,271651.026021525,4630703.665567338,1.2,1273,12,1,254-28,[]
TX,145.287383957,274048.269376003,4630513.169598068,1.2,2314,12,1,57-9,[]
TX,145.367863503,289323.083130754,4634318.057530226,1.2,1448,12,1,28-10,[]
TX,145.397577491,291034.33780177,4644011.642539996,1.2,2081,12,1,371-28,[]
TX,145.648254033,291147.278165977,4636141.791685934,1.2,1917,12,1,347-14,[]
TX,145.680250414,291988.646210711,4643708.586792283,1.2,222,12,1,121-29,[]
TX,145.730179527,291022.681165612,4644013.391752837,1.2,1085,12,1,231-4,[]
TX,145.909298781,292700.647110989,4641827.086928515,1.2,2579,12,1,85-28,[]
TX,145.954624204,291405.579167041,4641316.210082882,1.2,1894,9,1,341-18,[]
TX,146.200347531,290791.553193916,4644245.639427321,1.2,1079,12,1,231-22,[]
TX,146.22369204,292507.751675826,4646141.913354429,1.2,2002,12,1,361-17,[]
TX,146.374981348,294243.958557919,4641269.834450219,1.2,2551,8,1,84-13,"[['RX_GW', 146.582395931, 2551, 8, 1, 868.1, -126.824759623, '00:00:00:00:00:04']]"
TX,146.390689245,291008.79513148,4641834.21229484,1.2,2463,9,1,75-21,[]
TX,146.442304938,289965.923726501,4637832.763558021,1.2,2562,12,1,84-25,[]
TX,146.484288077,286740.232233107,4641386.042059399,1.2,1649,12,1,31-14,[]
TX,146.559131491,285943.875206433,4636313.360038389,1.2,797,12,1,188-3,[]
TX,146.593451195,293360.011599677,4649171.948946671,1.2,2448,12,1,72-4,[]
TX,146.669558111,291748.997704062,4644291.563368776,1.2,304,12,1,130-13,[]
TX,146.70598279,285891.973651277,4641162.528716991,1.2,1107,12,1,234-19,[]
TX,146.953208783,290608.631373364,4633573.348885763,1.2,549,12,1,153-4,[]
TX,147.509210133,273670.231813615,4630588.112506476,1.2,428,12,1,141-22,[]
TX,147.5772853,273710.285921354,4630684.461866232,1.2,653,12,1,167-15,[]
TX,147.727748641,289323.701947057,4639756.742696353,1.2,1368,9,1,268-18,[]
TX,147.730161442,290757.565921134,4641538.295857835,1.2,276,7,1,128-1,[]
TX,147.798480662,290700.39068376,4641293.971202103,1.2,241,7,1,124-24,[]
TX,147.81004245,290047.525631174,4643395.118672165,1.2,475,12,1,148-25,[]
TX,147.899286533,297470.719145138,4641220.627616878,1.2,2248,10,1,51-14,"[['RX_GW', 148.558798161, 2248, 10, 1, 868.1, -132.419774107, '00:00:00:00:00:04']]"
TX,147.910360914,293609.847720853,4641879.085878478,1.2,931,12,1,206-14,[]
TX,148.670142545,282700.701690979,4639976.41774134,1.2,891,12,1,201-23,[]
TX,148.71448491,291779.903006863,4642566.621218959,1.2,1346,12,1,264-5,[]
TX,148.715448131,287975.082945739,4634534.413261218,1.2,1513,12,1,290-1,[]
TX,148.72375802,291868.494767872,4642569.78252662,1.2,935,12,1,206-27,[]
TX,148.796802677,293480.580767418,4643368.770091534,1.2,511,12,1,151-17,[]
TX,148.938764254,293113.525229263,4642322.750815135,1.2,2206,12,1,48-13,[]
TX,149.01202279,292259.42329732,4641677.06560498,1.2,643,12,1,163-27,[]
TX,149.054610264,291035.049916726,4641942.847999618,1.2,176,9,1,113-10,[]
TX,149.214783622,291988.942607137,4643707.784905463,1.2,2605,12,1,91-3,[]
TX,149.251489305,289582.229969931,4642419.500634958,1.2,1600,10,1,305-21,[]
TX,149.321535825,294388.736640329,4642860.980739893,1.2,1130,12,1,239-12,[]
TX,149.483561094,297548.150897537,4636848.607923348,1.2,2485,12,1,76-28,[]
TX,149.565610082,291666.038615427,4640003.550800182,1.2,2259,12,1,51-26,[]
TX,149.627763364,289025.068147038,4642980.259276798,1.2,250,12,1,125-10,[]
TX,149.693824778,290060.918370709,4642399.405656847,1.2,1647,9,1,31-12,[]
TX,149.775989296,292720.712500664,4641637.553310775,1.2,1018,12,1,222-27,[]
TX,149.852249671,292056.830517673,4644156.540032524,1.2,551,12,1,153-6,[]
TX,149.872045422,291834.471131937,4642548.597573843,1.2,782,12,1,186-8,[]
TX,149.958351229,289951.407732569,4634405.041999103,1.2,1787,12,1,330-4,[]
TX,150.085558909,291070.447114896,4644049.104015301,1.2,874,12,1,199-25,[]
TX,150.117330934,286699.676846319,4645104.561404874,1.2,1364,12,1,267-25,[]
TX,150.407455788,291828.821079655,4642553.020322371,1.2,818,12,1,190-30,[]
TX,150.583022442,293707.319807345,4645350.434593919,1.2,308,12,1,130-19,[]
TX,150.607752969,298018.585916972,4642046.948985171,1.2,2108,12,1,41-10,[]
TX,150.813187977,290141.320285021,4643548.934815541,1.2,1438,12,1,275-20,[]
TX,151.029226094,292926.817413819,4640340.479293374,1.2,1826,12,1,335-21,[]
TX,151.229995315,292406.061368607,4637334.337393587,1.2,611,12,1,162-11,[]
TX,151.30427316,289721.139314572,4641857.647262917,1.2,1892,7,1,340-8,[]
TX,151.328364498,293391.375389587,4642712.749549268,1.2,1248,12,1,253-12,[]
TX,151.591420413,294430.00574852,4642282.416707424,1.2,1487,10,1,287-28,"[['RX_GW', 152.250930596, 1487, 10, 1, 868.1, -130.471518875, '00:00:00:00:00:04']]"
TX,151.811725757,295193.215821155,4646408.367935048,1.2,574,12,1,157-5,[]
TX,151.828818554,289823.545390691,4643472.659181462,1.2,1091,12,1,232-17,[]
TX,151.937327045,289229.183478021,4642074.500178212,1.2,1482,9,1,287-23,[]
TX,152.071629588,293227.379232926,4643127.056314584,1.2,2188,12,1,47-18,[]
TX,152.139321562,273707.341246577,4630615.88320324,1.2,132,12,1,11-17,[]
TX,152.230807385,288599.989395998,4639318.860988398,1.2,1218,12,1,246-26,[]
TX,152.28495993,291962.518918885,4642887.870464201,1.2,565,12,1,155-6,[]
TX,152.361100863,286708.600703643,4645132.550310528,1.2,1361,12,1,267-13,[]
TX,152.445023974,291991.600664037,4643709.001144945,1.2,2459,12,1,75-13,[]
TX,152.445575992,294118.468557035,4639196.436854006,1.2,1691,12,1,311-7,[]
TX,152.493628747,289947.654927607,4634411.145161836,1.2,1843,12,1,337-12,[]
TX,152.685282579,289059.299008613,4637317.773114984,1.2,1213,12,1,246-11,[]
TX,152.725457322,293301.524546162,4644263.249179772,1.2,1057,12,1,226-9,[]
TX,152.737770478,292377.254635457,4644049.70592915,1.2,143,12,1,110-11,[]
TX,153.008293063,290918.790196295,4639060.532024462,1.2,1577,10,1,301-27,[]
TX,153.027236654,290845.90829306,4634701.535874453,1.2,2640,12,1,95-6,[]
TX,153.039987905,291398.041978157,4642093.082952793,1.2,603,12,1,160-20,[]
TX,153.120264259,271620.293463049,4630645.119227476,1.2,1867,12,1,339-27,[]
TX,153.147286468,289328.223354026,4639756.33582446,1.2,148,9,1,110-23,[]
TX,153.220326376,290263.900458906,4644140.051957217,1.2,2274,12,1,53-5,[]
TX,153.485735232,284993.307115035,4633229.789594222,1.2,819,12,1,190-4,[]
TX,153.491566033,291844.859397476,4642553.837826665,1.2,302,12,1,130-11,[]
TX,153.58090113,291950.021711879,4641429.152295389,1.2,2414,11,1,71-19,[]
TX,153.814990304,292783.537018477,4640090.676770312,1.2,1655,12,1,31-2,[]
TX,153.819461561,291985.189605234,4639155.503707491,1.2,2530,12,1,82-26,[]
TX,153.990055231,293386.58026334,4644741.75725556,1.2,2306,12,1,56-6,[]
TX,154.141707686,273474.911562888,4630146.084995617,1.2,1549,12,1,298-18,[]
TX,154.245717959,298048.802538625,4646607.585965269,1.2,1015,12,1,222-13,[]
TX,154.476158351,291153.214595616,4641290.295681386,1.2,871,8,1,199-14,"[['RX_GW', 154.683572054, 871, 8, 1, 868.1, -124.728574096, '00:00:00:00:00:02']]"
TX,154.574377776,292746.989591837,4642041.67375258,1.2,2207,12,1,48-14,[]
TX,154.593247467,294136.534463479,4647412.165611365,1.2,2671,12,1,97-5,[]
TX,154.697815835,290391.333759247,4641819.157437026,1.2,870,9,1,199-12,"[['RX_GW', 155.069580715, 870, 9, 1, 868.1, -127.809401367, '00:00:00:00:00:02']]"
TX,154.794924519,291990.359482723,4643708.350540034,1.2,2472,12,1,75-8,[]
TX,154.847773469,292242.009692279,4642933.114351681,1.2,31,12,1,101-24,[]
TX,154.897945448,291708.473201017,4642507.462984894,1.2,342,12,1,137-19,[]
TX,155.140268795,291994.551640308,4643704.754449075,1.2,2596,12,1,88-27,[]
TX,155.156099487,273690.662273283,4630593.503933071,1.2,1277,12,1,254-4,[]
TX,155.356647915,289287.376266866,4642406.895019845,1.2,1967,10,1,353-5,"[['RX_GW', 156.016158899, 1967, 10, 1, 868.1, -132.876281351, '00:00:00:00:00:02']]"
TX,155.410913197,290405.896510689,4645739.2353915,1.2,2269,12,1,53-19,[]
TX,155.585727855,289352.361067338,4642508.068340605,1.2,758,9,1,184-13,[]
TX,155.756773799,290363.616572267,4636124.262400295,1.2,242,12,1,124-26,[]
TX,155.965912072,291061.166748116,4641205.436775195,1.2,2202,7,1,47-7,[]
TX,156.065647993,291237.606034733,4641401.161075416,1.2,2403,8,1,70-6,"[['RX_GW', 156.273062084, 2403, 8, 1, 868.1, -126.332167357, '00:00:00:00:00:02']]"
TX,156.195913462,290257.776563974,4641442.205452863,1.2,689,7,1,173-23,[]
TX,156.293657284,290742.277982679,4641517.348711411,1.2,1923,7,1,347-9,[]
TX,156.428124321,297463.037258148,4646303.779987921,1.2,2197,12,1,47-3,[]
TX,156.454471927,294130.906553177,4647412.428526493,1.2,2225,12,1,50-15,[]
TX,156.751012989,291926.433288429,4642871.069686252,1.2,1551,12,1,298-20,[]
TX,156.886727533,291901.940316874,4642565.658021851,1.2,415,12,1,140-26,[]
TX,157.143396578,293639.74440268,4645917.724845404,1.2,398,12,1,14-7,[]
TX,157.242873079,291846.778678656,4642460.487734606,1.2,1618,12,1,306-7,[]
TX,157.252688707,291165.971022157,4640253.896630825,1.2,317,10,1,130-4,[]
TX,157.359879284,292521.627749487,4642916.699001365,1.2,1633,12,1,309-18,[]
TX,157.468891528,274337.69031358,4630709.588042314,1.2,1376,12,1,269-1,[]
TX,157.557457027,282888.756938512,4634800.464343696,1.2,2111,12,1,41-13,[]
TX,157.56051691,290281.160955844,4646559.909578966,1.2,901,12,1,202-22,[]
TX,157.637486324,295081.590356635,4642773.49267933,1.2,2129,8,1,42-28,"[['RX_GW', 157.844899942, 2129, 8, 1, 868.1, -125.249607349, '00:00:00:00:00:04']]"
TX,157.902572407,291654.8337533,4643920.368538493,1.2,207,12,1,12-2,[]
TX,157.920033938,287739.394744844,4634376.747612477,1.2,1865,12,1,339-25,[]
TX,158.08471173,293000.936615624,4643280.664772253,1.2,1,12,1,100-12,[]
TX,158.201482055,290649.78109505,4646804.601008025,1.2,2292,12,1,56-13,[]
TX,158.387447997,289966.389929323,4639937.834174176,1.2,1766,8,1,326-20,[]
TX,158.609648768,292118.332149636,4637032.15667654,1.2,1827,12,1,335-6,[]
TX,158.722623277,291867.833609919,4642566.920518963,1.2,1321,12,1,261-14,[]
TX,158.7869349,295581.622627307,4645542.617808266,1.2,2199,12,1,47-4,[]
TX,158.949440941,294942.663284672,4636174.574432691,1.2,640,12,1,163-24,[]
TX,158.986711145,291248.827983236,4642074.327722842,1.2,1558,12,1,3-11,[]
TX,159.113709068,291235.20046056,4642277.021835454,1.2,2647,11,1,96-3,[]
TX,159.152579029,291544.068182502,4636530.375162069,1.2,539,12,1,153-1,[]
TX,159.306249845,289968.970116,4642811.111994609,1.2,1930,11,1,348-6,[]
TX,159.334616233,290425.196963827,4641315.17465534,1.2,1673,7,1,310-2,[]
TX,159.361412061,284416.812011497,4640400.168923163,1.2,2544,12,1,83-20,[]
TX,159.408539802,291694.538472021,4642122.863123261,1.2,554,11,1,155-17,[]
TX,159.427379039,291250.570630373,4641256.070562237,1.2,2323,9,1,58-7,[]
TX,159.525009985,276068.280606873,4631907.335099814,1.2,1407,12,1,270-7,[]
TX,159.542631121,291092.33007966,4643698.24142017,1.2,877,12,1,200-10,[]
TX,159.650596954,291869.410757366,4642560.322925394,1.2,781,12,1,186-28,[]
TX,159.698140927,289219.82183225,4642058.894359552,1.2,306,9,1,130-17,[]
TX,159.9284331,296578.26993696,4636038.500270008,1.2,2204,12,1,48-11,[]
TX,160.041733106,293258.183693698,4639493.374353414,1.2,1506,12,1,29-13,[]
TX,160.198941505,286699.978857496,4645125.999623206,1.2,455,12,1,147-14,[]
TX,160.226332379,292852.645561112,4642229.716694081,1.2,426,12,1,141-13,[]
TX,160.340744455,294965.30607338,4642717.288495717,1.2,1491,7,1,287-6,[]
TX,160.533442253,298219.958058105,4636318.910573722,1.2,299,12,1,129-27,[]
TX,160.643272151,289652.178075796,4643507.860097633,1.2,378,12,1,139-12,[]
TX,160.920291899,292150.304621369,4637054.784014505,1.2,1293,12,1,256-25,[]
TX,161.609375456,289893.321037393,4638935.593091452,1.2,1158,12,1,24-16,[]
TX,161.65771152,290674.81259713,4641491.920395526,1.2,827,7,1,194-22,[]
TX,161.834793831,292794.380243357,4641314.749302027,1.2,2363,12,1,67-16,[]
TX,161.867658577,291041.938285823,4640552.402304968,1.2,745,7,1,182-19,[]
TX,161.872709372,302219.825184154,4658274.074989327,1.2,2498,12,1,8-16,[]
TX,161.947922777,290433.422875348,4646525.055939988,1.2,2249,12,1,51-15,[]
TX,162.098006558,272576.968391826,4629938.690665516,1.2,1727,12,1,320-24,[]
TX,162.275508035,292558.352650616,4641722.345429433,1.2,2008,12,1,361-5,[]
TX,162.331296309,290675.957402094,4641309.035770402,1.2,283,7,1,128-29,[]
TX,162.34189788,293696.31523982,4642818.29117133,1.2,2238,12,1,50-30,[]
TX,162.457788733,291686.069970122,4642116.846877316,1.2,1863,11,1,339-23,[]
TX,162.468515195,289554.585250112,4641862.751163847,1.2,186,8,1,115-11,[]
TX,162.547744999,292715.888194458,4641836.962737261,1.2,2366,12,1,67-2,[]
TX,162.550982858,283190.072153549,4648156.633715502,1.2,2500,12,1,8-18,[]
TX,162.712809337,291856.922814041,4642580.82192385,1.2,1122,12,1,237-9,[]
TX,162.789723919,290615.958489873,4633561.529346278,1.2,954,12,1,211-10,[]
TX,162.870519463,290565.103528483,4642275.337290697,1.2,1322,9,1,261-24,[]
TX,163.421282472,296717.23805976,4635095.989977447,1.2,562,12,1,155-30,[]
TX,163.44695317,291048.180878141,4644064.58409594,1.2,211,12,1,12-3,[]
TX,163.631496563,291983.358000146,4643705.646011538,1.2,368,12,1,138-28,[]
TX,163.910052085,292644.61789051,4642410.985275237,1.2,724,12,1,181-13,[]
TX,164.022538977,292709.206335791,4641605.984123923,1.2,1255,12,1,253-28,[]
TX,164.038621266,289927.510876562,4638012.870145932,1.2,2451,12,1,72-7,[]
TX,164.223342565,272036.562422025,4630561.333225049,1.2,981,12,1,215-24,[]
TX,164.237691755,295613.367359173,4645557.839432172,1.2,2186,12,1,47-15,[]
TX,164.26416488,291719.685634493,4642156.993767868,1.2,2542,11,1,83-18,[]
TX,164.825068596,289362.039198849,4645313.914966415,1.2,2482,12,1,76-25,[]
TX,164.9256696,291259.09718883,4641404.476088662,1.2,2424,8,1,71-3,"[['RX_GW', 165.133083762, 2424, 8, 1, 868.1, -126.618320295, '00:00:00:00:00:02']]"
TX,164.965812562,286471.246050245,4639502.010772455,1.2,1307,12,1,259-4,[]
TX,165.019437117,289178.720794256,4642512.269166972,1.2,960,10,1,211-26,[]
TX,165.081557919,290734.816588929,4644879.277928513,1.2,2088,12,1,39-11,[]
TX,165.167892085,291117.821537892,4644571.718474999,1.2,1817,12,1,334-21,[]
TX,165.176096082,271590.965664013,4630625.820315028,1.2,1126,12,1,238-25,[]
TX,165.258465188,295814.705533677,4645562.264255504,1.2,2183,12,1,47-12,[]
TX,165.326337234,285914.805823414,4643189.793049042,1.2,1201,12,1,244-27,[]
TX,165.380079764,301468.535362684,4645225.647430096,1.2,109,12,1,109-13,[]
TX,165.459243072,292521.868356328,4642811.967767433,1.2,638,12,1,163-20,[]
TX,165.571593548,293333.030636534,4644274.612526228,1.2,1054,12,1,226-6,[]
TX,165.701210048,286710.5741258,4645127.730646702,1.2,1970,12,1,356-25,[]
TX,165.719698641,288319.197096377,4638756.255454415,1.2,2550,12,1,84-12,[]
TX,165.725631073,290342.300468206,4635407.805964265,1.2,1520,12,1,290-3,[]
TX,165.88191404,295142.112721974,4642710.073741257,1.2,945,8,1,21-11,[]
TX,166.07197552,293584.464795424,4645066.599685386,1.2,339,12,1,137-15,[]
TX,166.103306657,290209.872480961,4642801.256323236,1.2,356,11,1,137-6,[]
TX,166.183096092,292223.143577049,4638087.916502046,1.2,648,12,1,163-5,[]
TX,166.238967696,288937.789968956,4642788.438715396,1.2,1187,12,1,242-12,[]
TX,166.320478356,292110.742091291,4642707.278683566,1.2,1567,12,1,301-10,[]
TX,166.437150193,291010.602654366,4639058.289359792,1.2,1571,12,1,301-14,[]
TX,166.527467928,291067.489496504,4644028.297362345,1.2,1025,12,1,223-22,[]
TX,166.624657846,292357.848817582,4642276.30715149,1.2,1031,12,1,223-28,[]
TX,166.759195082,299741.241354639,4630073.350718496,1.2,971,12,1,214-4,[]
TX,166.861991725,290213.966589571,4643840.405637734,1.2,2582,12,1,87-12,[]
TX,167.208196264,291047.787654542,4644029.044830355,1.2,2613,12,1,93-16,[]
TX,167.627881389,292821.574993595,4641966.025498532,1.2,433,12,1,141-27,[]
TX,167.687846226,292258.135800844,4642090.560355728,1.2,1369,12,1,268-20,[]
TX,167.730571722,293514.07093299,4638744.433116042,1.2,661,12,1,167-4,[]
TX,167.756473271,290266.409503581,4636438.379394144,1.2,495,12,1,150-16,[]
TX,167.777104,285739.531286194,4641327.643392671,1.2,2386,12,1,7-20,[]
TX,168.145102046,273640.026102335,4630659.797328911,1.2,1351,12,1,266-13,[]
TX,168.27733817,290274.233853522,4643373.68130961,1.2,1399,12,1,270-21,[]
TX,168.343510016,291557.713915961,4642157.256958026,1.2,1547,11,1,297-7,[]
TX,168.349113389,282754.86369477,4640220.151408447,1.2,1406,12,1,270-5,[]
TX,168.434159256,290037.519744586,4642394.92179045,1.2,1613,9,1,306-20,"[['RX_GW', 168.805925729, 1613, 9, 1, 868.1, -128.188279181, '00:00:00:00:00:02']]"
TX,168.600112215,292000.114238247,4642605.021523372,1.2,2042,12,1,367-18,[]
TX,168.708717518,293680.374164155,4643527.327877249,1.2,1471,12,1,287-10,[]
TX,168.781235932,290309.457078232,4641926.897207848,1.2,2568,9,1,84-30,[]
TX,168.797822601,291522.691031433,4641341.817898109,1.2,610,10,1,162-1,[]
TX,168.935852436,273677.394224923,4630624.086317271,1.2,1629,12,1,308-27,[]
TX,169.244716712,287407.301143501,4641867.250810644,1.2,961,12,1,211-27,[]
TX,169.31809483,293441.335374238,4640008.709805077,1.2,771,12,1,186-10,[]
TX,169.473785965,292281.28644069,4642025.408454586,1.2,2635,12,1,95-18,[]
TX,169.49665543,291840.090419231,4642549.131912436,1.2,2480,12,1,76-23,[]
TX,169.632465388,290134.166605236,4644014.154694252,1.2,1006,12,1,221-14,[]
TX,169.664565424,290354.464207359,4637008.765225661,1.2,2552,12,1,84-14,[]
TX,169.687458778,287774.464831139,4645627.936753347,1.2,982,12,1,215-25,[]
TX,169.688430241,286697.227860539,4645129.675163341,1.2,1360,12,1,267-12,[]
TX,169.922384676,291804.409117023,4641546.251374141,1.2,2538,12,1,82-8,[]
TX,170.208681654,292930.617786085,4636852.567973143,1.2,987,12,1,22-10,[]
TX,170.224660357,293202.692461622,4643112.0668503,1.2,2569,12,1,84-4,[]
TX,170.286053889,290893.051530447,4638617.685456021,1.2,2488,12,1,79-17,[]
TX,170.451237599,299742.839642124,4630052.938365106,1.2,292,12,1,129-12,[]
TX,170.599808097,272745.819494504,4629682.862871367,1.2,1124,12,1,238-14,[]
TX,170.637819402,292999.448572512,4642938.676492079,1.2,2102,12,1,40-14,[]
TX,170.639847892,292712.562797409,4641279.340720542,1.2,803,12,1,19-2,[]
TX,170.728921962,291971.354782675,4643718.571551228,1.2,126,12,1,109-30,[]
TX,170.93638155,288860.772197475,4634631.501204059,1.2,1389,12,1,269-5,[]
TX,171.107092637,292526.9667101,4642908.785894434,1.2,2606,12,1,91-30,[]
TX,171.203366203,291850.659372098,4642558.054385584,1.2,133,12,1,11-18,[]
TX,171.247807824,290350.086055533,4636096.132437079,1.2,1823,12,1,335-1,[]
TX,171.575309333,289235.407555747,4642501.843385642,1.2,591,10,1,159-17,[]
TX,171.639703167,290745.227538425,4642998.490704298,1.2,2642,12,1,96-17,[]
TX,171.888359042,290864.966913094,4642271.20080424,1.2,2376,10,1,68-21,[]
TX,171.945737573,289195.278529419,4642065.472134156,1.2,2262,9,1,51-3,[]
TX,172.276501458,292310.687256129,4642008.804363749,1.2,597,12,1,159-5,[]
TX,172.378674069,292429.054397578,4637260.367666749,1.2,1818,12,1,334-3,[]
TX,172.502443143,290110.771525029,4634629.70087227,1.2,1178,12,1,241-11,[]
TX,172.522790912,291890.756623959,4642578.934462457,1.2,733,12,1,181-27,[]
TX,172.549212768,291049.35530458,4641127.472159305,1.2,185,8,1,115-10,"[['RX_GW', 172.756625999, 185, 8, 1, 868.1, -124.856915309, '00:00:00:00:00:02']]"
TX,173.256880123,291951.619092636,4642598.231317768,1.2,568,12,1,157-18,[]
TX,173.426264634,290456.772011559,4635563.537782417,1.2,1012,12,1,221-8,[]
TX,173.467671727,295145.450042193,4642708.485939234,1.2,1847,8,1,337-25,"[['RX_GW', 173.675085051, 1847, 8, 1, 868.1, -125.174446487, '00:00:00:00:00:04']]"
TX,173.626682235,289232.428870276,4642065.871492141,1.2,2078,9,1,371-25,[]
TX,173.843586691,289849.472575252,4641746.33016436,1.2,1559,7,1,3-12,[]
TX,173.917206068,292158.329717043,4643654.06215123,1.2,1880,12,1,340-17,[]
TX,174.043015646,290633.251945661,4640858.598892403,1.2,1690,7,1,311-6,[]
TX,174.076877,291742.242334052,4642829.847642686,1.2,319,12,1,130-6,[]
TX,174.112463909,292417.312414618,4637356.487926185,1.2,995,12,1,22-27,[]
TX,174.147875146,291248.176073489,4639789.727368377,1.2,1184,11,1,241-26,[]
TX,174.27948577,290991.134536925,4639067.829996766,1.2,2070,10,1,369-6,[]
TX,174.502143635,291030.89165667,4643996.638774508,1.2,737,12,1,181-5,[]
TX,174.721915051,290094.453876391,4640899.900218021,1.2,1591,7,1,305-13,[]
TX,174.773161451,273654.638403674,4630682.220540867,1.2,2127,12,1,42-26,[]
TX,174.917851687,289225.071801407,4642412.849388386,1.2,1160,12,1,24-18,[]
TX,174.931845833,292930.781796066,4637900.985506691,1.2,51,12,1,102-6,[]
TX,174.932971593,292003.589571547,4641749.763903855,1.2,1309,12,1,259-6,[]
TX,174.96636342,293413.645493594,4642923.589033052,1.2,1854,12,1,339-10,[]
TX,175.082395998,288108.013912815,4643051.761663319,1.2,64,12,1,103-7,[]
TX,175.317955498,292521.12438629,4642899.928576112,1.2,2407,12,1,71-11,[]
TX,175.385755668,282995.654857885,4634325.743772651,1.2,2364,12,1,67-18,[]
TX,175.607629336,290676.818180854,4641303.109772664,1.2,794,7,1,188-19,[]
TX,175.750225842,290677.158769743,4641308.119365241,1.2,2167,7,1,45-7,[]
TX,176.00023267,290128.810020899,4646762.652423215,1.2,466,12,1,148-14,[]
TX,176.007135657,292526.903361881,4642908.081361975,1.2,1638,12,1,309-29,[]
TX,176.325440261,290424.115628029,4641807.125379074,1.2,1062,9,1,229-2,"[['RX_GW', 176.697205154, 1062, 9, 1, 868.1, -127.883473027, '00:00:00:00:00:02']]"
TX,176.578094514,292242.236856683,4641930.992825992,1.2,1197,12,1,244-23,[]
TX,177.049672563,289779.610174277,4641766.175275807,1.2,1950,7,1,351-21,"[['RX_GW', 177.164668968, 1950, 7, 1, 868.1, -120.48369053, '00:00:00:00:00:02']]"
TX,177.319919732,291097.186955456,4644765.00245435,1.2,1340,12,1,264-17,[]
TX,177.421934763,288333.148817512,4638784.70904112,1.2,1219,12,1,246-27,[]
TX,177.712239689,291238.623649334,4641256.350226435,1.2,2322,9,1,58-6,[]
TX,177.749836298,290299.913979201,4642184.831224496,1.2,1568,10,1,301-11,[]
TX,177.953318812,289314.322902045,4634310.427632285,1.2,49,12,1,102-4,[]
TX,178.373678122,289887.447709003,4634137.72458401,1.2,2318,12,1,58-21,[]
TX,178.496256337,291007.108044095,4639063.46006272,1.2,598,12,1,159-6,[]
TX,178.565156353,286337.662812248,4634559.950335382,1.2,2527,12,1,82-23,[]
TX,178.744443314,289667.291612221,4645678.855171051,1.2,752,12,1,182-5,[]
TX,178.814148202,295137.712822262,4642747.732880875,1.2,2235,8,1,50-28,"[['RX_GW', 179.021561653, 2235, 8, 1, 868.1, -124.477800399, '00:00:00:00:00:04']]"
TX,178.985865816,289316.990617535,4639765.478115389,1.2,1896,9,1,341-20,[]
TX,179.043075382,291185.576110142,4641310.172366465,1.2,386,8,1,139-28,[]
TX,179.104109959,293373.167365522,4646514.966227802,1.2,365,12,1,138-25,[]
TX,179.227859196,292353.099613374,4642015.822508571,1.2,345,12,1,137-21,[]
TX,179.29361928,289970.320108188,4643287.869216776,1.2,959,12,1,211-24,[]
TX,179.296025236,295157.89229614,4642715.751195272,1.2,1912,7,1,346-2,"[['RX_GW', 179.411022552, 1912, 7, 1, 868.1, -123.873658669, '00:00:00:00:00:04']]"
TX,179.436410736,290508.985143696,4643375.484452972,1.2,243,12,1,124-27,[]
TX,179.483226251,290745.841031405,4642904.252487897,1.2,2477,11,1,76-13,[]
TX,179.553072584,290689.394150221,4641291.587103627,1.2,144,7,1,110-12,[]
TX,179.586889025,291090.110673942,4641033.019041626,1.2,2271,8,1,53-21,[]
TX,179.621548266,289984.047277243,4637815.20491999,1.2,666,12,1,169-24,[]
TX,179.635653613,289773.154300667,4639515.652631995,1.2,2075,10,1,371-22,[]
TX,179.642997348,290644.128887316,4641958.882350454,1.2,602,9,1,160-2,[]
TX,179.800139669,291028.293642535,4641945.659829248,1.2,1789,9,1,330-7,[]
TX,179.837065936,290518.009673037,4637404.216594976,1.2,1253,12,1,253-26,[]
TX,180.076299993,285219.699586238,4633366.941687033,1.2,1239,12,1,250-18,[]
TX,180.095674134,290647.135967316,4646621.939415475,1.2,1311,12,1,260-20,[]
TX,180.153227916,292527.073914935,4642909.413820039,1.2,5,12,1,100-22,[]
TX,180.291700665,286821.20504891,4634329.133420859,1.2,844,12,1,195-7,[]
TX,180.41642849,291784.656750778,4642846.870827791,1.2,1583,12,1,304-18,[]
TX,180.452337752,291792.197187635,4644110.141151927,1.2,2537,12,1,82-7,[]
TX,180.556746026,301377.616289284,4645204.493522483,1.2,1719,12,1,318-21,[]
TX,180.579446316,291896.248831121,4642572.422555213,1.2,1962,12,1,353-21,[]
TX,180.596967638,291887.034029686,4642544.708591057,1.2,245,12,1,124-30,[]
TX,180.673962268,292046.561409422,4636951.51057638,1.2,1300,12,1,256-7,[]
TX,181.163776126,294165.052220906,4644024.906435557,1.2,2255,12,1,51-20,[]
TX,181.309651353,292072.890209611,4641807.287439954,1.2,1161,12,1,24-19,[]
TX,181.329628992,292306.980654805,4642056.185328077,1.2,274,12,1,127-6,[]
TX,181.342016188,297480.273175563,4646376.054212438,1.2,2240,12,1,50-5,[]
TX,181.591146129,289641.965414716,4643506.091265819,1.2,791,12,1,187-5,[]
TX,181.733586732,298721.528082629,4640234.283033894,1.2,607,12,1,160-5,[]
TX,182.004717634,292661.629400947,4642019.420105804,1.2,1206,12,1,245-13,[]
TX,182.088973856,292409.764694228,4641902.103442078,1.2,1168,12,1,24-27,[]
TX,182.106955763,290873.107755206,4641306.74599947,1.2,1244,7,1,250-4,[]
TX,182.133237501,292323.521877504,4642048.88613262,1.2,823,12,1,194-10,[]
TX,182.135293512,288324.004923422,4638766.901565575,1.2,1216,12,1,246-14,[]
TX,182.137371596,290818.361879,4642280.390422877,1.2,1459,10,1,282-17,[]
TX,182.165997822,291066.999749742,4644052.313343141,1.2,725,12,1,181-14,[]
TX,182.204790739,291108.774882979,4641445.149311665,1.2,120,8,1,109-25,[]
TX,182.467625861,291941.852572772,4642573.061465666,1.2,2664,12,1,97-24,[]
TX,182.562388519,291043.548806064,4641118.001726098,1.2,2396,8,1,70-19,[]
TX,182.730709088,272094.214768421,4629846.364382426,1.2,1910,12,1,344-5,[]
TX,182.921368476,291879.077986489,4642891.636096745,1.2,2090,12,1,39-14,[]
TX,182.943982154,291574.463425365,4642661.323981415,1.2,1163,12,1,24-20,[]
TX,183.019821897,291337.539347269,4641337.894665882,1.2,1468,9,1,284-10,[]
TX,183.070403821,292522.469143899,4642919.941116785,1.2,1796,12,1,332-17,[]
TX,183.070432529,290667.476998301,4641321.567513669,1.2,1484,7,1,287-25,"[['RX_GW', 183.185428773, 1484, 7, 1, 868.1, -115.883226417, '00:00:00:00:00:02']]"
TX,183.141733471,292054.599449569,4643960.122742054,1.2,2626,12,1,93-30,[]
TX,183.199579572,292024.327982936,4641761.362836177,1.2,859,12,1,198-13,[]
TX,183.319955023,291842.825930239,4642548.893630323,1.2,2021,12,1,363-15,[]
TX,183.465271108,290378.409750251,4641809.109727015,1.2,174,9,1,112-6,[]
TX,183.61192229,289331.305669994,4646218.448654836,1.2,779,12,1,186-26,[]
TX,183.699868854,291093.330765102,4641031.089884077,1.2,1030,8,1,223-27,[]
TX,183.842817889,274344.417647128,4630707.522842484,1.2,1726,12,1,320-13,[]
TX,183.881870365,271781.827214728,4630737.541547352,1.2,399,12,1,140-1,[]
TX,183.971080013,294206.090320133,4639250.795110188,1.2,1800,12,1,332-24,[]
TX,183.995099964,289571.395943263,4642606.287524308,1.2,2445,11,1,72-27,[]
TX,184.048852343,291125.962803373,4642472.095645245,1.2,879,11,1,200-13,[]
TX,184.062298872,286457.693258475,4640880.046178155,1.2,321,12,1,130-8,[]
TX,184.094558374,292701.312043554,4641818.745928012,1.2,1132,12,1,239-14,[]
TX,184.206265261,296141.813659317,4642875.637764729,1.2,837,8,1,195-19,[]
TX,184.318360648,271519.061796735,4630591.222318339,1.2,1386,12,1,269-3,[]
TX,184.793571903,289928.16282577,4645978.366752194,1.2,1696,12,1,315-20,[]
TX,184.868499555,290997.154359711,4640934.014676161,1.2,1080,7,1,231-24,[]
TX,185.0571461,290623.945557523,4647291.075720067,1.2,2410,12,1,71-14,[]
TX,185.153692148,292536.686792098,4642525.22747196,1.2,1641,12,1,309-5,[]
TX,185.261231552,286969.552668713,4641223.055154538,1.2,1384,12,1,269-21,[]
TX,185.292686741,290553.419630382,4643018.466776803,1.2,417,12,1,140-28,[]
TX,185.596888513,296459.174997003,4643399.106771789,1.2,2438,10,1,72-18,[]
TX,185.868224213,291948.92588927,4643913.029211504,1.2,697,12,1,174-21,[]
TX,185.881752326,292551.017470021,4642604.576238321,1.2,26,12,1,101-18,[]
TX,186.059017153,286527.612896348,4634509.218741022,1.2,1125,12,1,238-24,[]
TX,186.100689323,272338.311499735,4630156.199630549,1.2,1852,12,1,338-4,[]
TX,186.406152223,289564.632253545,4642037.801479346,1.2,1901,7,1,341-6,"[['RX_GW', 186.521149692, 1901, 7, 1, 868.1, -122.134873241, '00:00:00:00:00:02']]"
TX,186.494650736,290942.914506389,4642293.986457916,1.2,2379,12,1,68-30,[]
TX,186.599888329,292404.361277809,4644049.25842123,1.2,38,12,1,101-5,[]
TX,186.634321049,293488.066071606,4646177.605087996,1.2,544,12,1,153-20,[]
TX,186.689614162,288285.435065223,4644881.677904093,1.2,2417,12,1,71-21,[]
TX,186.713265519,286710.563231685,4641250.129977729,1.2,206,12,1,12-18,[]
TX,187.12258663,289210.411223421,4642067.228336775,1.2,180,9,1,113-14,[]
TX,187.131289351,292733.0812282,4641834.262220281,1.2,750,12,1,182-3,[]
TX,187.151166756,292484.196911796,4641897.242463578,1.2,1319,12,1,261-12,[]
TX,187.357119836,291042.874663547,4641357.690732621,1.2,849,9,1,197-20,[]
TX,187.427885244,290859.74305146,4642314.614007645,1.2,1497,10,1,288-19,[]
TX,187.491507036,289869.905502433,4639082.367399937,1.2,1049,11,1,226-27,[]
TX,187.541256148,299873.393430371,4645750.833911372,1.2,527,12,1,151-8,[]
TX,187.807232878,282701.427170629,4639998.670929237,1.2,171,12,1,112-30,[]
TX,188.01819659,299225.33670813,4642580.723139501,1.2,2505,12,1,8-4,[]
TX,188.062937026,291067.7993275,4644047.004209157,1.2,58,12,1,103-29,[]
TX,188.279019636,292320.74311356,4643378.666277012,1.2,1786,12,1,330-3,[]
TX,188.365133986,288321.99517168,4638758.666511274,1.2,1215,12,1,246-13,[]
TX,188.409033578,290256.850990016,4636838.648235947,1.2,1518,12,1,290-20,[]
TX,188.906244745,289210.012499493,4642062.308441323,1.2,1538,9,1,293-5,[]
TX,188.994250821,291704.993027114,4642118.030878619,1.2,1609,11,1,306-15,[]
TX,189.437414566,286373.809036846,4640680.68145902,1.2,659,12,1,167-21,[]
TX,189.4420865,290712.731341426,4641306.926744926,1.2,1232,7,1,249-16,[]
TX,189.598526767,291881.400241152,4642570.658222132,1.2,2668,12,1,97-28,[]
TX,189.605092871,291672.386534159,4641472.737439375,1.2,1971,11,1,356-27,[]
TX,189.614451546,292725.971483995,4638209.700854815,1.2,1457,12,1,281-20,[]
TX,189.841019987,290838.95710524,4642275.733068489,1.2,1153,10,1,24-11,[]
TX,189.906988362,290058.136066746,4644359.166082106,1.2,1748,12,1,322-5,[]
TX,190.02998707,290877.972836351,4642319.606344385,1.2,410,10,1,140-2,[]
TX,190.100757577,295119.713708968,4642715.55076569,1.2,2529,8,1,82-25,"[['RX_GW', 190.308170964, 2529, 8, 1, 868.1, -124.172275041, '00:00:00:00:00:04']]"
TX,190.234329008,288925.633318055,4641946.719442245,1.2,1224,9,1,248-20,[]
TX,190.239683019,289732.204775585,4641843.830907535,1.2,552,7,1,153-7,[]
TX,190.297179106,289537.494405565,4642431.648780062,1.2,2528,9,1,82-24,[]
TX,190.35621879,292696.555842413,4641798.981733433,1.2,485,12,1,148-9,[]
TX,190.552450189,291210.632757473,4642259.429134467,1.2,2643,12,1,96-18,[]
TX,190.655899922,293052.883130923,4642971.802791084,1.2,479,12,1,148-3,[]
TX,190.754823637,290825.121225011,4642284.998870105,1.2,364,10,1,138-24,"[['RX_GW', 191.414334592, 364, 10, 1, 868.1, -131.608441806, '00:00:00:00:00:02']]"
TX,190.824098533,289612.399885682,4643515.31791494,1.2,338,12,1,137-14,[]
TX,190.929289398,290595.2382319,4647687.024558292,1.2,1250,12,1,253-14,[]
TX,191.001010413,291892.945467571,4642569.501416934,1.2,2595,12,1,88-26,[]
TX,191.031055486,292537.649129087,4642926.68475361,1.2,2309,12,1,56-9,[]
TX,191.205471863,289410.064605481,4648027.742230183,1.2,1605,12,1,305-3,[]
TX,191.210425848,289647.234992479,4641976.679379328,1.2,1480,8,1,287-21,[]
TX,191.309756155,288962.855332719,4642633.396273574,1.2,1805,12,1,332-4,[]
TX,191.413292012,273646.535832422,4630653.922159027,1.2,1183,12,1,241-25,[]
TX,191.550542191,292669.988280845,4641328.042877913,1.2,1174,12,1,24-5,[]
TX,191.71310488,293850.387453133,4646613.029146686,1.2,635,12,1,163-17,[]
TX,192.022589137,293709.126406296,4645348.292844492,1.2,2176,12,1,46-21,[]
TX,192.050991846,280285.942284976,4632625.03432767,1.2,1370,12,1,268-29,[]
TX,192.082946736,291124.016633499,4641163.304497427,1.2,2532,8,1,82-28,"[['RX_GW', 192.290360235, 2532, 8, 1, 868.1, -124.351871623, '00:00:00:00:00:02']]"
TX,192.165271837,291119.393493657,4641451.739875894,1.2,2384,9,1,7-18,[]
TX,192.218763679,293071.4620983,4642415.059820293,1.2,2646,12,1,96-21,[]
TX,192.313194624,292914.886783811,4640527.631830107,1.2,1341,12,1,264-18,[]
TX,192.449927918,292520.841067093,4642906.949255947,1.2,2319,12,1,58-3,[]
TX,192.520576818,290371.993359026,4635091.823193604,1.2,2123,12,1,42-13,[]
TX,192.536494891,291959.569332432,4642603.696348237,1.2,1176,12,1,24-7,[]
TX,192.539822158,289737.406434707,4639464.839573275,1.2,746,10,1,182-21,[]
TX,192.867837617,291620.501360504,4641434.495410826,1.2,751,11,1,182-4,[]
TX,192.902332014,292234.299945912,4643251.709111648,1.2,1960,12,1,353-2,[]
TX,192.973028691,290690.897316884,4641292.372327886,1.2,296,7,1,129-23,[]
TX,193.144819995,284577.451533149,4640504.006981704,1.2,2140,12,1,43-27,[]
TX,193.430736994,291164.434134285,4643250.060346073,1.2,567,12,1,157-17,[]
TX,193.465214697,294131.956356077,4647408.07244968,1.2,2305,12,1,56-5,[]
TX,193.621989892,290483.188844179,4642103.869825883,1.2,484,9,1,148-8,[]
TX,194.073578498,293469.672268172,4643342.912114625,1.2,1345,12,1,264-4,[]
TX,194.109496491,292049.836800009,4641782.711884897,1.2,231,12,1,124-10,[]
TX,194.15058109,288246.364298426,4620974.424980335,1.2,990,12,1,22-13,[]
TX,194.299111425,291168.165368768,4641362.989588653,1.2,1299,8,1,256-6,[]
TX,194.327099858,291729.132624938,4642819.50035732,1.2,892,12,1,201-24,[]
TX,194.348772108,290496.496020012,4640648.574595254,1.2,278,7,1,128-18,[]
TX,194.377611794,291073.531271262,4644049.968460391,1.2,227,12,1,121-6,[]
TX,194.506524353,289858.836613594,4642400.320398977,1.2,1159,10,1,24-17,[]
TX,194.603887148,290223.185577351,4642586.51545358,1.2,1286,10,1,256-16,[]
TX,194.654246044,291269.420654332,4641405.210354796,1.2,2290,8,1,56-11,[]
TX,194.670550034,293706.562426841,4643407.82233464,1.2,2447,12,1,72-3,[]
TX,194.942236586,290346.766575992,4642710.653529861,1.2,1391,11,1,269-7,[]
TX,194.979009464,291729.4550323,4642153.241629392,1.2,1165,11,1,24-24,[]
TX,195.153850035,291117.280982335,4641230.24737169,1.2,2524,8,1,82-13,[]
TX,195.320919884,290509.77261585,4645038.467035796,1.2,1280,12,1,254-7,[]
TX,195.361173836,292256.5287833,4641937.970322232,1.2,1412,12,1,273-19,[]
TX,195.371857131,292000.887825164,4643710.922743485,1.2,225,12,1,121-4,[]
TX,195.494822241,291862.16845727,4642559.290926663,1.2,2056,12,1,367-8,[]
TX,195.524803681,292110.546524424,4642227.86182573,1.2,1453,12,1,28-24,[]
TX,195.732643947,290764.532281524,4642871.073606558,1.2,851,11,1,197-3,[]
TX,195.903309701,272075.377321029,4629904.536972339,1.2,2086,12,1,374-29,[]
TX,196.009235449,291976.078655395,4642591.736110627,1.2,555,12,1,155-18,[]
TX,196.11706347,290059.696006862,4642395.537227113,1.2,183,9,1,113-27,[]
TX,196.136680267,292146.524551578,4641698.841449807,1.2,1035,12,1,226-11,[]
TX,196.389360993,298816.647269166,4635860.933110295,1.2,1855,12,1,339-11,[]
TX,196.506265707,292329.218864832,4642040.554549886,1.2,349,12,1,137-27,[]
TX,196.54050739,292524.240365154,4642909.115558804,1.2,17,12,1,101-1,[]
TX,196.794640769,291980.581650362,4643700.868024719,1.2,2091,12,1,39-22,[]
TX,197.017764947,290694.959188526,4641311.432633559,1.2,29,7,1,101-20,[]
TX,197.062279211,290860.66440326,4642272.316453744,1.2,1466,10,1,282-6,[]
TX,197.141857772,287470.45410981,4641217.859622137,1.2,2281,12,1,55-19,[]
TX,197.15194218,290529.137325914,4642207.074869402,1.2,2581,9,1,87-11,[]
TX,197.243685886,291743.147158036,4641526.603187575,1.2,1776,11,1,330-14,[]
TX,197.254504409,287557.577026435,4641660.157304426,1.2,2492,12,1,79-21,[]
TX,197.289036036,292988.23141287,4644362.652877466,1.2,2567,12,1,84-3,[]
TX,197.317365753,291980.127588549,4643715.819599515,1.2,1505,12,1,29-12,[]
TX,197.353405423,292437.569038295,4643482.919652383,1.2,1016,12,1,222-14,[]
TX,197.463579469,292549.062238951,4641743.495736501,1.2,441,12,1,145-12,[]
TX,197.522265227,290843.463654652,4642280.844176462,1.2,846,10,1,197-17,[]
TX,197.892370694,273696.206919528,4630625.10268232,1.2,979,12,1,215-22,[]
TX,197.917721901,295863.785199288,4649145.329114205,1.2,2468,12,1,75-27,[]
TX,198.047324571,292521.380203699,4642490.2976879,1.2,570,12,1,157-20,[]
TX,198.054435219,291104.847013576,4636128.199072901,1.2,528,12,1,151-9,[]
TX,198.134399836,291544.122845989,4638772.399105501,1.2,447,12,1,145-27,[]
TX,198.225439253,289948.230223581,4634401.264921465,1.2,313,12,1,130-25,[]
TX,198.524506132,290437.066868682,4646492.921827319,1.2,430,12,1,141-24,[]
TX,198.956641457,271552.186582512,4630214.483603079,1.2,2331,12,1,60-17,[]
TX,199.064036762,288705.696774773,4644027.278760143,1.2,1094,12,1,232-20,[]
TX,199.068957498,289228.316562858,4642334.373047404,1.2,847,10,1,197-18,[]
TX,199.305742014,290827.859864132,4642273.276333842,1.2,1200,9,1,244-26,[]
TX,199.472439356,293704.356152397,4645356.570771845,1.2,765,12,1,185-21,[]
TX,199.744005279,292232.028722944,4642276.575737385,1.2,1797,12,1,332-19,[]
TX,199.926615386,293385.84614385,4640078.902419668,1.2,801,12,1,188-7,[]
TX,200.014207396,291396.001159484,4644170.004191924,1.2,1329,12,1,262-10,[]
TX,200.036419999,273666.962785184,4630694.702466395,1.2,1745,12,1,322-20,[]
TX,200.04152395,293060.131708842,4643338.321750002,1.2,2651,12,1,96-7,[]
TX,200.207956354,289633.675048934,4643498.627448428,1.2,1661,12,1,31-28,[]
TX,200.240196997,289205.726429366,4642071.358346594,1.2,2584,9,1,87-14,[]
TX,200.249594578,273697.571986464,4630601.492338535,1.2,1864,12,1,339-24,[]
TX,200.329822946,273699.563953622,4630640.989756215,1.2,1189,12,1,242-25,[]
TX,200.383497723,289944.57199294,4634412.692389523,1.2,2641,12,1,95-7,[]
TX,200.431555227,291991.103548625,4643724.789220627,1.2,2112,12,1,41-14,[]
TX,200.584775377,292521.714205869,4642915.079679334,1.2,2151,12,1,44-26,[]
TX,200.686198785,291956.724309272,4642593.486087088,1.2,358,12,1,138-12,[]
TX,200.827059608,291457.313669294,4635570.88206679,1.2,1181,12,1,241-14,[]
TX,200.872931462,292529.282919493,4642901.311519611,1.2,1378,12,1,269-16,[]
TX,201.073291577,291040.678531409,4644010.629712974,1.2,2502,12,1,8-20,[]
TX,201.143820266,288378.614023372,4642765.002256452,1.2,1355,12,1,266-26,[]
TX,201.264255159,289918.162363063,4639332.920489335,1.2,2401,11,1,70-4,[]
TX,201.301557843,287664.365413929,4622013.547120376,1.2,402,12,1,140-12,[]
TX,201.562555722,287818.293202307,4629618.231709583,1.2,1179,12,1,241-12,[]
TX,201.646032217,285233.670566041,4642515.799498373,1.2,1532,12,1,293-20,[]
TX,201.911072828,290937.51600505,4641800.381888913,1.2,1595,9,1,305-17,[]
TX,202.149920339,295151.158549354,4642738.917830718,1.2,472,8,1,148-22,"[['RX_GW', 202.357333743, 472, 8, 1, 868.1, -124.253579559, '00:00:00:00:00:04']]"
TX,202.277669001,289049.217694727,4641929.68859979,1.2,2046,8,1,367-22,[]
TX,202.835304823,291632.789653633,4644610.060806117,1.2,408,12,1,140-18,[]
TX,202.873635687,291117.287557353,4642468.439939138,1.2,883,11,1,200-26,[]
TX,202.999415859,291499.968929018,4650688.051924386,1.2,1023,12,1,223-13,[]
TX,203.0993095,290681.914386416,4641290.207151834,1.2,761,7,1,185-17,[]
TX,203.221724058,295607.597063007,4645573.007050068,1.2,2234,12,1,50-27,[]
TX,203.483161708,292692.628086716,4641817.887031008,1.2,1815,12,1,334-19,[]
TX,203.587485814,295112.832162654,4642702.199131272,1.2,150,8,1,110-25,[]
TX,203.626350046,290492.496430837,4647536.663831657,1.2,1102,12,1,233-13,[]
TX,203.645279109,290679.524614902,4641308.764854793,1.2,1762,7,1,326-17,[]
TX,203.743340395,290558.070030167,4640844.857404383,1.2,1331,7,1,262-14,[]
TX,203.828384935,289035.067245218,4636699.572622675,1.2,2557,12,1,84-19,[]
TX,204.092526028,273666.931471744,4630697.511627484,1.2,1447,12,1,279-24,[]
TX,204.13746295,291081.72490506,4641010.541050133,1.2,800,8,1,188-6,[]
TX,204.166079397,290469.43715071,4640723.564621819,1.2,1807,7,1,332-6,[]
TX,204.410673262,291021.926698352,4644007.635834328,1.2,866,12,1,198-27,[]
TX,204.539826103,288841.512324779,4645481.629788125,1.2,1456,12,1,28-28,[]
TX,204.591552506,289169.944461616,4642530.352703276,1.2,2089,10,1,39-12,[]
TX,204.711698642,273719.848919413,4630618.184101486,1.2,1732,12,1,320-8,[]
TX,204.7939328,292262.902771271,4642284.898997611,1.2,1978,12,1,357-20,[]
TX,204.857502484,287657.24588306,4634329.228364647,1.2,930,12,1,206-13,[]
TX,204.871900219,296717.022970717,4635741.030607769,1.2,1051,12,1,226-3,[]
TX,204.896042197,292033.7953779,4641810.281916982,1.2,1770,12,1,326-5,[]
TX,204.925908107,290824.706696153,4641295.892420916,1.2,85,7,1,106-13,[]
TX,204.958263722,291981.301306386,4641599.729787339,1.2,831,11,1,194-26,[]
TX,205.017965646,291527.176260197,4642126.32203929,1.2,1948,12,1,351-19,[]
TX,205.069556682,290653.814226871,4646001.611756837,1.2,1724,12,1,318-7,[]
TX,205.098530966,292353.33816364,4643112.948234199,1.2,39,12,1,101-6,[]
TX,205.377810476,294383.129582081,4641777.70100203,1.2,24,9,1,101-16,[]
TX,205.548190757,291334.255234598,4639997.388763323,1.2,1969,10,1,353-7,[]
TX,205.656677036,295514.902305481,4645847.747528764,1.2,393,12,1,14-21,[]
TX,205.742407635,292639.918779203,4641769.297174267,1.2,504,12,1,150-4,[]
TX,205.771295307,292262.573565301,4642929.656420156,1.2,1052,12,1,226-4,[]
TX,205.774034303,290015.267112945,4642387.533775413,1.2,300,9,1,129-28,[]
TX,205.806799164,290225.225510461,4641982.351473261,1.2,459,8,1,147-27,[]
TX,205.891840212,293709.904497642,4645352.966592423,1.2,2177,12,1,46-3,[]
TX,206.214148852,291857.552640579,4642560.046655632,1.2,747,12,1,182-22,[]
TX,206.398125977,292322.775269011,4642277.79411859,1.2,2429,12,1,71-7,[]
TX,206.413650101,291995.043092859,4643712.471059537,1.2,224,12,1,121-30,[]
TX,206.591846647,290347.114128434,4640397.767900689,1.2,1927,7,1,348-20,"[['RX_GW', 206.70684229, 1927, 7, 1, 868.1, -115.684228323, '00:00:00:00:00:02']]"
TX,206.649409579,293472.701231349,4642088.55360316,1.2,2591,12,1,88-13,[]
TX,206.683487675,291038.478662259,4644011.57408309,1.2,2465,12,1,75-23,[]
TX,206.720437341,287546.321352435,4641988.664090115,1.2,2353,12,1,66-18,[]
TX,207.039427027,292593.75779898,4641804.562432523,1.2,1139,12,1,239-24,[]
TX,207.103782933,290097.880901743,4640901.015904621,1.2,2038,7,1,367-12,[]
TX,207.238035813,290258.190525099,4634988.133049849,1.2,2427,12,1,71-5,[]
TX,207.413655273,292130.831612881,4644175.317964823,1.2,1715,12,1,318-17,[]
TX,207.684130291,290913.95309614,4641687.340731076,1.2,1995,8,1,358-4,[]
TX,207.726461418,292392.716510983,4643099.298635481,1.2,1718,12,1,318-20,[]
TX,207.740101639,294876.182036273,4647334.100546305,1.2,717,12,1,179-18,[]
TX,208.281703577,290958.100931129,4642037.729017447,1.2,212,10,1,12-30,[]
TX,208.379192311,292186.740571434,4643496.069989446,1.2,2588,12,1,87-27,[]
TX,208.445617919,290741.513941535,4640706.175771585,1.2,1203,7,1,245-10,[]
TX,208.874376105,296035.240328761,4647512.326709375,1.2,2229,12,1,50-2,[]
TX,209.034454119,290114.253888082,4635350.650527846,1.2,2512,12,1,80-6,[]
TX,209.104255259,290136.884786413,4640089.234483825,1.2,1417,7,1,273-5,[]
TX,209.175880162,292320.382271084,4642039.644470528,1.2,2023,12,1,363-17,[]
TX,209.178855877,292224.806077345,4641923.034803226,1.2,267,12,1,127-19,[]
TX,209.216940593,290847.614218691,4642253.23603291,1.2,1422,9,1,274-14,[]
TX,209.429692724,291392.208458591,4642029.465682134,1.2,1036,10,1,226-12,"[['RX_GW', 210.08920433, 1036, 10, 1, 868.1, -132.585615987, '00:00:00:00:00:02']]"
TX,209.452247239,291880.608920956,4642564.542587486,1.2,2487,12,1,76-9,[]
TX,209.523802292,292273.704424807,4643522.379139195,1.2,2160,12,1,45-21,[]
TX,209.551203853,286667.207872219,4645798.02135907,1.2,2195,12,1,47-27,[]
TX,209.838679536,297550.189868173,4640873.258822092,1.2,294,11,1,129-14,"[['RX_GW', 211.319439798, 294, 11, 1, 868.1, -134.185663859, '00:00:00:00:00:04']]"
TX,209.918479449,285733.199907075,4633624.463593102,1.2,1624,12,1,308-22,[]
TX,209.98249973,291068.659768909,4644049.361495889,1.2,1556,12,1,298-7,[]
TX,210.179826854,283105.318708841,4633624.637177551,1.2,1907,12,1,344-29,[]
TX,210.415140065,291854.119540243,4642519.005668957,1.2,280,12,1,128-2,[]
TX,210.625958002,294889.616129651,4631414.935352108,1.2,2205,12,1,48-12,[]
TX,210.66002604,293160.206406041,4643049.811558773,1.2,2251,12,1,51-17,[]
TX,210.661101368,290956.422928722,4643932.435472841,1.2,166,12,1,112-2,[]
TX,210.805550484,298140.363218835,4637576.898308878,1.2,1470,12,1,284-25,[]
TX,210.966341169,291937.11233878,4642584.104629538,1.2,2022,12,1,363-16,[]
TX,210.988570257,292320.797621722,4642035.480177222,1.2,1172,12,1,24-30,[]
TX,211.054733302,271916.757183507,4630650.536044974,1.2,543,12,1,153-2,[]
TX,211.07383559,288180.846910018,4634661.068666869,1.2,2564,12,1,84-27,[]
TX,211.364595723,287811.107704643,4637493.845516238,1.2,78,12,1,105-20,[]
TX,211.603385189,290587.339389788,4642296.336381122,1.2,1961,10,1,353-20,[]
TX,211.740657301,273700.54329032,4630623.35611821,1.2,1550,12,1,298-19,[]
TX,211.749044024,291672.582964766,4642221.113891699,1.2,2583,12,1,87-13,[]
TX,211.957443083,286646.531145187,4645656.555359967,1.2,768,12,1,185-5,[]
TX,212.191685786,291111.899906464,4641438.762664944,1.2,421,8,1,140-6,[]
TX,212.28003552,294796.531901786,4644864.507081919,1.2,898,12,1,202-12,[]
TX,212.289185415,293680.542554896,4639688.724689154,1.2,2280,12,1,55-18,[]
TX,212.327064914,299582.359656753,4645092.364044603,1.2,140,12,1,11-6,[]
TX,212.395533402,291865.174910059,4642558.690258023,1.2,700,12,1,174-6,[]
TX,212.493396387,292145.342506424,4642205.975414781,1.2,228,12,1,121-7,[]
TX,212.682874346,288449.351818445,4642415.264801725,1.2,882,11,1,200-25,[]
TX,212.726181267,295144.89443913,4642710.511006093,1.2,2221,8,1,50-11,"[['RX_GW', 212.933594598, 2221, 8, 1, 868.1, -125.207607893, '00:00:00:00:00:04']]"
TX,212.757030374,291809.097801098,4642517.119135238,1.2,730,12,1,181-22,[]
TX,212.950477654,295073.703311382,4642856.042562844,1.2,2347,10,1,62-11,"[['RX_GW', 213.609987545, 2347, 10, 1, 868.1, -130.274711926, '00:00:00:00:00:04']]"
TX,212.978213862,291119.3243143,4643613.408095855,1.2,1028,12,1,223-25,[]
TX,213.03368062,291732.606079411,4642153.613520225,1.2,1156,11,1,24-14,[]
TX,213.132462611,292450.888332443,4643499.932640631,1.2,1347,12,1,264-6,[]
TX,213.31969883,292261.150666701,4643887.746758679,1.2,1931,12,1,348-7,[]
TX,213.319725443,292824.980280261,4642175.868484737,1.2,423,12,1,141-10,[]
TX,213.345104869,291237.2361646,4638752.896538208,1.2,895,12,1,201-27,[]
TX,213.396620886,287147.119348657,4634214.220740841,1.2,515,12,1,151-21,[]
TX,213.40396078,291821.392055334,4642559.21969693,1.2,2515,12,1,81-11,[]
TX,213.435824097,289850.492276614,4643053.855059681,1.2,1848,12,1,337-26,[]
TX,213.442235625,290401.492640637,4644024.030520319,1.2,1685,12,1,311-20,[]
TX,213.493737253,290439.785520804,4635856.934625287,1.2,1086,12,1,231-5,[]
TX,213.514821094,291662.787918912,4640876.916999131,1.2,585,10,1,158-26,[]
TX,213.70372636,290134.580612185,4635349.167996268,1.2,409,12,1,140-19,[]
TX,213.756418079,288398.261441804,4642857.102842131,1.2,1973,12,1,356-8,[]
TX,213.760355618,295013.511484052,4644802.664721217,1.2,1488,12,1,287-3,[]
TX,213.802404904,291741.04064104,4642157.888026083,1.2,2168,11,1,46-1,[]
TX,213.969255216,290659.181738009,4641204.822290848,1.2,663,7,1,167-6,[]
TX,214.162772834,293936.240589705,4642268.059625885,1.2,2253,11,1,51-19,[]
TX,214.668905351,273716.457059107,4630635.460547217,1.2,2369,12,1,67-4,[]
TX,214.813374444,286623.184248654,4645548.848077185,1.2,540,12,1,153-17,[]
TX,214.880894589,273715.504229611,4630603.187691302,1.2,978,12,1,215-14,[]
TX,214.935095749,290182.101935195,4643767.175146428,1.2,729,12,1,181-21,[]
TX,214.97774036,291007.461016739,4642248.370912981,1.2,1463,11,1,282-3,[]
TX,215.012564375,290303.9447076,4642797.032265652,1.2,371,11,1,138-5,[]
TX,215.028899029,289334.815083893,4642539.514767663,1.2,442,10,1,145-13,[]
TX,215.148614126,291818.769163393,4642544.685568919,1.2,311,12,1,130-23,[]
TX,215.161549149,291037.041601814,4644006.97314791,1.2,61,12,1,103-4,[]
TX,215.178757546,275919.795320247,4631824.763644538,1.2,1514,12,1,290-17,[]
TX,215.47085124,292306.684268392,4642047.113386167,1.2,235,12,1,124-16,[]
TX,215.782412882,293256.579799812,4643156.722304001,1.2,619,12,1,162-25,[]
TX,215.937310111,290452.180847136,4645156.892846064,1.2,1928,12,1,348-3,[]
TX,215.986135328,291727.705253561,4642150.631244737,1.2,2047,11,1,367-23,[]
TX,216.016931978,291300.932030267,4642390.883694911,1.2,1517,12,1,290-2,[]
TX,216.091656369,293116.515644162,4640298.487103742,1.2,1440,12,1,275-3,[]
TX,216.428062463,289598.663785396,4643507.855940371,1.2,1076,12,1,231-18,[]
TX,216.586198739,299744.069354676,4630066.976419562,1.2,577,12,1,158-10,[]
TX,216.592669149,291928.44073986,4642591.636809207,1.2,340,12,1,137-16,[]
TX,216.649063295,299794.012939573,4630301.618550217,1.2,407,12,1,140-17,[]
TX,216.763460633,292913.682567022,4642613.383304629,1.2,1414,12,1,273-21,[]
TX,216.844304162,291037.119318897,4644006.296747221,1.2,279,12,1,128-19,[]
TX,217.106454693,293687.718667386,4645531.114045609,1.2,1602,12,1,305-25,[]
TX,217.222122587,289967.393784673,4634422.359040432,1.2,1660,12,1,31-27,[]
TX,217.459248316,292650.898392854,4641765.358236944,1.2,900,12,1,202-14,[]
TX,218.013301642,291560.512645679,4639865.079500002,1.2,2068,12,1,369-20,[]
TX,218.07339535,292244.980414089,4641943.725544803,1.2,233,12,1,124-14,[]
TX,218.144767189,291062.532578322,4644051.473849711,1.2,738,12,1,181-6,[]
TX,218.192453725,273751.836286491,4630712.405557586,1.2,1988,12,1,358-18,[]
TX,218.384555011,285883.068704773,4630716.630583301,1.2,757,12,1,184-10,[]
TX,218.403895904,289682.298844357,4642646.19116748,1.2,2083,11,1,372-24,[]
TX,218.696598892,291746.978784088,4642138.524710997,1.2,2169,11,1,46-15,[]
TX,218.725780419,293649.843725981,4643453.023314172,1.2,418,12,1,140-29,[]
TX,218.730733635,290102.276189743,4640908.710419141,1.2,526,7,1,151-7,[]
TX,218.862709222,286848.450188937,4634322.199131374,1.2,1029,12,1,223-26,[]
TX,219.018715656,291534.204314656,4641419.813770021,1.2,32,11,1,101-25,[]
TX,219.023917954,289678.042110282,4642091.971876537,1.2,1528,8,1,293-1,[]
TX,219.12367476,292333.231969966,4642053.1957813,1.2,1150,12,1,239-9,[]
TX,219.254272851,289243.176063145,4642482.458641379,1.2,2082,12,1,372-23,[]
TX,219.316560872,286684.512874172,4641704.916712153,1.2,2104,12,1,40-25,[]
TX,219.339056294,290806.094901046,4644359.520246039,1.2,890,12,1,201-22,[]
TX,219.697755248,291515.92833552,4641494.969119692,1.2,1599,11,1,305-20,[]
TX,219.790836148,290479.535450856,4640631.155096776,1.2,601,7,1,160-19,[]
TX,219.881982783,271802.784850387,4630730.061132545,1.2,2365,12,1,67-19,[]
TX,219.976154238,299770.062610869,4630299.594808744,1.2,2367,12,1,67-3,[]
TX,220.009014932,294140.907656012,4647419.758474218,1.2,2426,12,1,71-4,[]
TX,220.027625133,288990.540149879,4641734.761700242,1.2,2096,8,1,39-27,[]
TX,220.107670776,294383.610979352,4643077.912918823,1.2,1135,12,1,239-19,[]
TX,220.155308067,289538.264511111,4642433.176075594,1.2,2265,9,1,51-6,[]
TX,220.243028111,290984.082071861,4639058.492893791,1.2,1812,10,1,334-16,[]
TX,220.362537921,293816.035180252,4644262.511312478,1.2,1949,12,1,351-20,[]
TX,220.55144179,290051.653082917,4642394.869717909,1.2,1570,9,1,301-13,[]
TX,220.701738681,292109.045942641,4642625.917287366,1.2,2380,12,1,68-4,[]
TX,220.809136081,291045.264186053,4644018.841568043,1.2,320,12,1,130-7,[]
TX,220.854012234,290658.593275995,4642706.480049536,1.2,742,10,1,182-11,[]
TX,220.905182917,294152.89955701,4644006.518933827,1.2,578,12,1,158-11,[]
TX,220.954887396,293216.889481822,4642667.751471196,1.2,1443,12,1,275-6,[]
TX,220.97043883,292707.145906152,4641798.226620711,1.2,754,12,1,182-7,[]
TX,221.243513356,289429.443366108,4645441.960988898,1.2,1945,12,1,349-5,[]
TX,221.31246967,289895.976903707,4639735.458305885,1.2,1982,8,1,357-6,[]
TX,221.39176625,294134.785971523,4647404.201876295,1.2,2263,12,1,51-4,[]
TX,221.715947896,292682.961786237,4641807.564335152,1.2,1146,12,1,239-5,[]
TX,221.847947022,273647.107131226,4630655.997192719,1.2,1180,12,1,241-13,[]
TX,221.927675688,290190.993776251,4643841.512939837,1.2,658,12,1,167-20,[]
TX,221.957425928,290588.567440778,4641355.676245805,1.2,1352,7,1,266-14,[]
TX,222.107938793,295115.555094292,4642715.31086174,1.2,66,8,1,104-18,[]
TX,222.226852929,294317.791800722,4641325.951110027,1.2,2577,10,1,85-14,[]
TX,222.542388501,294656.064298717,4642601.951333119,1.2,1431,10,1,275-1,[]
TX,222.840690182,292926.866624035,4641022.440349665,1.2,922,12,1,204-24,[]
TX,223.08651018,288046.881054586,4646161.150064898,1.2,792,12,1,187-6,[]
TX,223.296884923,292719.639976681,4641848.192596219,1.2,401,12,1,140-11,[]
TX,223.404446539,291080.634862395,4641968.0147454,1.2,651,9,1,166-8,[]
TX,223.529359813,291972.277081146,4641620.424309601,1.2,416,12,1,140-27,[]
TX,223.908690543,291026.247818921,4644030.98499325,1.2,90,12,1,106-26,[]
TX,224.329140377,290877.169085311,4642324.370884545,1.2,1499,10,1,288-21,[]
TX,224.420341565,289613.305265398,4643524.239592509,1.2,496,12,1,150-17,[]
TX,224.492364887,295605.883812879,4645543.00308101,1.2,2179,12,1,46-6,[]
TX,224.601320134,298988.476159914,4640843.431794432,1.2,825,12,1,194-12,[]
TX,224.767473352,271627.90501138,4630652.392959685,1.2,1725,12,1,320-10,[]
TX,225.089251137,294147.491868821,4647420.980687314,1.2,93,12,1,107-10,[]
TX,225.091378674,292846.115355055,4643596.195747125,1.2,403,12,1,140-13,[]
TX,225.126617314,290273.94374508,4636836.666996878,1.2,1831,12,1,336-19,[]
TX,225.12979685,294120.372796632,4642103.936691912,1.2,1202,10,1,244-28,[]
TX,225.168941667,292317.278532616,4652095.555213368,1.2,118,12,1,109-21,[]
TX,225.183698846,291914.489892916,4642577.769746482,1.2,2458,12,1,75-12,[]
TX,225.196609772,287630.850772811,4634320.002857932,1.2,718,12,1,179-21,[]
TX,225.274303592,299803.422771536,4645112.900263473,1.2,115,12,1,109-19,[]
TX,225.375495729,271682.813221607,4630709.287579263,1.2,1208,12,1,245-24,[]
TX,225.44751535,292803.592321938,4641993.979088326,1.2,1090,12,1,231-9,[]
TX,225.455201974,291125.266306012,4641375.537027883,1.2,1734,8,1,321-17,[]
TX,225.881273202,289957.48628718,4634382.838490419,1.2,712,12,1,178-3,[]
TX,226.113363153,291714.741702237,4642145.751266344,1.2,630,11,1,163-11,[]
TX,226.179831229,290712.371513136,4641308.572968578,1.2,151,7,1,110-26,[]
TX,226.45817881,299554.417453645,4609648.490585335,1.2,989,12,1,22-12,[]
TX,226.465672372,273698.666087994,4630640.871690679,1.2,1128,12,1,238-28,[]
TX,226.523915146,293771.897350975,4640470.00102832,1.2,973,12,1,214-6,[]
TX,226.545768725,291502.248806439,4643027.353455199,1.2,1648,12,1,31-13,[]
TX,226.584936033,271644.128856849,4630656.06698351,1.2,1402,12,1,270-27,[]
TX,226.65376152,291209.524375109,4639555.728952271,1.2,1055,10,1,226-7,[]
TX,226.684688159,290892.153666098,4642257.101572759,1.2,2371,10,1,68-1,[]
TX,226.684925227,291700.736641947,4641500.474154008,1.2,1395,11,1,270-13,[]
TX,226.863046266,299732.495633528,4630059.164875484,1.2,1548,12,1,298-17,[]
TX,226.991105758,294185.396368455,4641876.789983455,1.2,1679,10,1,310-4,[]
TX,227.293858788,292693.214270439,4643665.609926342,1.2,20,12,1,101-12,[]
TX,227.328934051,289918.719419408,4638771.104249099,1.2,295,10,1,129-22,[]
TX,227.434210341,291831.099391927,4640757.688236099,1.2,1798,12,1,332-21,[]
TX,227.725901284,290092.527235607,4641534.467996841,1.2,2576,7,1,85-13,[]
TX,227.746198412,291186.795367426,4639486.115966616,1.2,1167,10,1,24-26,[]
TX,228.039367644,292489.937018196,4641910.213559263,1.2,2203,12,1,48-10,[]
TX,228.474122384,290355.276288888,4639959.522543816,1.2,411,7,1,140-20,[]
TX,228.665835238,291622.471150217,4644622.232050204,1.2,1194,12,1,244-13,[]
TX,228.831115899,273728.448356678,4630484.944819834,1.2,170,12,1,112-3,[]
TX,228.871116439,291046.827177328,4641924.788742027,1.2,811,9,1,190-17,[]
TX,228.94398333,289621.708929868,4650896.937798221,1.2,617,12,1,162-2,[]
TX,229.192760603,297315.03120455,4646240.239396235,1.2,108,12,1,109-12,[]
TX,229.243076332,292343.697405613,4642250.487291632,1.2,1411,12,1,273-18,[]
TX,229.259792572,292537.496237566,4643127.616496902,1.2,1111,12,1,237-10,[]
TX,229.286266116,289045.804532814,4641829.906220306,1.2,1965,9,1,353-30,[]
TX,229.542736789,291882.329747552,4642562.418177196,1.2,1429,12,1,274-5,[]
TX,229.650415193,292307.554450623,4642046.472525099,1.2,2092,12,1,39-23,[]
TX,229.651886845,289901.957460726,4638116.624526308,1.2,2556,12,1,84-18,[]
TX,229.743642706,291116.244020687,4642470.017454409,1.2,881,11,1,200-24,[]
TX,229.806565027,291053.090079863,4644052.04763237,1.2,461,12,1,147-8,[]
TX,229.926336003,292935.765924781,4641203.961880257,1.2,1677,12,1,310-3,[]
TX,229.945552076,292194.305911875,4643435.592170105,1.2,566,12,1,155-7,[]
TX,230.223977748,291242.589213228,4642286.562595026,1.2,2650,11,1,96-6,[]
TX,230.273007414,292650.580678238,4641114.414734577,1.2,639,12,1,163-21,[]
TX,230.336559077,295623.805895059,4645551.115260497,1.2,2200,12,1,47-5,[]
TX,230.370440617,290225.304868255,4637734.342821136,1.2,1792,12,1,332-11,[]
TX,230.622683458,290199.138205569,4635363.042071066,1.2,1835,12,1,336-3,[]
TX,230.855247824,292745.650383892,4641858.174724228,1.2,2600,12,1,91-18,[]
TX,231.057090349,289976.637914088,4634412.068549372,1.2,621,12,1,162-28,[]
TX,231.12424658,291036.635538422,4644065.238709999,1.2,223,12,1,121-3,[]
TX,231.181662619,292741.139059083,4641363.783567293,1.2,2368,12,1,67-30,[]
TX,231.231858207,273692.42492704,4630736.764930414,1.2,1829,12,1,336-17,[]
TX,231.233942787,292076.348769904,4642627.424397395,1.2,1944,12,1,349-4,[]
TX,231.305231366,293152.842206002,4644427.793901096,1.2,2627,12,1,93-4,[]
TX,231.423087636,292330.726237408,4642060.540321639,1.2,896,12,1,202-10,[]
TX,231.44825933,292334.177286054,4641976.276729576,1.2,833,12,1,194-28,[]
TX,231.468684632,291018.9761557,4641940.974347753,1.2,1996,9,1,358-5,[]
TX,231.492220948,273714.303882569,4630600.805959108,1.2,626,12,1,162-6,[]
TX,231.497689301,291493.085945241,4642428.233593872,1.2,2329,12,1,60-13,[]
TX,231.637488207,291164.523037579,4641967.731578734,1.2,2339,10,1,61-21,[]
TX,231.776438655,291301.54778204,4644964.409542178,1.2,507,12,1,150-7,[]
TX,231.874128763,291993.642632095,4643691.518940797,1.2,2597,12,1,91-15,[]
TX,231.957060156,285487.692694191,4642602.376330075,1.2,1045,12,1,226-23,[]
TX,232.102678897,273700.709312785,4630609.157854459,1.2,1733,12,1,320-9,[]
TX,232.217179332,289644.777173275,4635508.055107221,1.2,1841,12,1,337-10,[]
TX,232.308238795,290104.987671756,4643323.220954123,1.2,1606,12,1,305-4,[]
TX,232.325117924,291123.711966516,4639403.221361882,1.2,82,12,1,106-10,[]
TX,232.399778333,275914.029597704,4631804.580266295,1.2,1295,12,1,256-27,[]
TX,232.502253181,290408.610516,4635975.779522565,1.2,48,12,1,102-3,[]
TX,232.910231301,291125.483665525,4641207.751802623,1.2,1574,8,1,301-24,[]
TX,233.028483686,291507.075394589,4641315.761606283,1.2,1046,10,1,226-24,[]
TX,233.269212516,292671.233260834,4643694.086099816,1.2,1814,12,1,334-18,[]
TX,233.338050365,293258.511782368,4643170.022907316,1.2,1442,12,1,275-5,[]
TX,233.386327406,290207.485031902,4635365.933720699,1.2,202,12,1,119-25,[]
TX,233.536313887,291831.821355221,4642556.280546534,1.2,285,12,1,128-30,[]
TX,233.583999375,275286.029642334,4631385.381738054,1.2,1840,12,1,336-7,[]
TX,233.595882399,291054.438724292,4642397.016548263,1.2,1608,10,1,305-7,[]
TX,233.599639588,291959.522041505,4642591.005046729,1.2,2659,12,1,97-19,[]
TX,233.604565004,289835.158357079,4642383.283507951,1.2,161,10,1,111-28,[]
TX,233.655878738,289199.067154054,4642081.687699592,1.2,2141,9,1,43-28,[]
TX,233.87339179,284948.917426522,4640456.452339273,1.2,2156,12,1,45-18,[]
TX,234.113204128,292718.239775007,4641829.631898592,1.2,2474,12,1,76-10,[]
TX,234.120207069,290985.038132818,4641982.927996464,1.2,35,10,1,101-29,[]
TX,234.145695111,292324.90139106,4642038.030717293,1.2,2024,12,1,363-19,[]
TX,234.192845135,291877.66972294,4642562.807089668,1.2,119,12,1,109-24,[]
TX,234.216314465,289321.543657001,4634308.339963122,1.2,2350,12,1,62-27,[]
TX,234.257389773,290512.880999554,4642302.493349995,1.2,2421,10,1,71-27,[]
TX,234.333004043,291871.209603954,4642560.536999643,1.2,2525,12,1,82-14,[]
TX,234.348006603,290700.489507485,4641299.992236041,1.2,284,7,1,128-3,[]
TX,234.582612871,290347.648876526,4641822.707172701,1.2,1832,9,1,336-20,[]
TX,234.682512309,289699.036991474,4647179.075489914,1.2,1966,12,1,353-4,[]
TX,234.746344347,286706.798161137,4645137.531902636,1.2,1358,12,1,267-10,[]
TX,234.877264442,291249.028874147,4641264.679573362,1.2,1779,9,1,330-19,[]
TX,234.928687909,292809.61856304,4641971.978464622,1.2,913,12,1,203-27,[]
TX,234.979567252,291584.784473358,4640983.846012279,1.2,352,11,1,137-3,[]
TX,235.120216432,291741.973184633,4639560.665080723,1.2,2441,12,1,72-21,[]
TX,235.215870646,291670.386461763,4642099.342635266,1.2,767,11,1,185-4,[]
TX,235.249936238,271872.179285817,4630624.184147665,1.2,1838,12,1,336-5,[]
TX,235.330943076,292383.447119133,4641983.083817922,1.2,344,12,1,137-20,[]
TX,235.448029537,292848.806318746,4641941.539926704,1.2,1108,12,1,234-21,[]
TX,235.565334627,290937.273425225,4642272.999706184,1.2,2590,10,1,88-11,[]
TX,235.571483592,291292.947826019,4641405.845833474,1.2,204,9,1,12-1,[]
TX,235.675380779,290526.759591645,4642028.61420786,1.2,2604,7,1,91-29,[]
TX,235.732268689,294185.062382417,4647445.344910468,1.2,2254,12,1,51-2,[]
TX,235.770764746,291410.179872951,4642033.732543454,1.2,2602,10,1,91-20,[]
TX,235.821873753,291162.991373794,4641343.517489795,1.2,282,8,1,128-21,[]
TX,235.862086843,271659.349574287,4630723.575841083,1.2,984,12,1,215-28,[]
TX,236.000805601,292709.067814898,4643574.027775738,1.2,694,12,1,174-18,[]
TX,236.161454213,291146.643735316,4641371.88421198,1.2,705,8,1,176-10,[]
TX,236.209289108,288190.310382417,4643916.843466783,1.2,1007,12,1,221-22,[]
TX,236.28738945,290991.624198193,4639056.104528394,1.2,2224,11,1,50-14,[]
TX,236.352103404,299786.315667423,4630294.892276114,1.2,966,12,1,214-19,[]
TX,236.388888575,294509.275256264,4650901.227713665,1.2,1680,12,1,310-6,[]
TX,236.395744134,295035.373080313,4644589.939991428,1.2,457,12,1,147-25,[]
TX,236.565138354,294546.222591623,4639190.442241516,1.2,2119,12,1,41-9,[]
TX,236.595816191,295963.567894278,4641273.931572929,1.2,2196,7,1,47-29,[]
TX,236.658465053,290681.161041229,4641307.176839081,1.2,2150,7,1,44-25,[]
TX,236.726816054,292090.7933934,4641821.32180374,1.2,2406,12,1,71-10,[]
TX,236.748952452,290803.352058565,4638131.436490784,1.2,829,12,1,194-24,[]
TX,236.763156286,299080.499215176,4636049.557746684,1.2,2327,12,1,59-5,[]
TX,236.772027413,288836.336093193,4645508.807278385,1.2,1097,12,1,232-5,[]
TX,236.917930999,296909.183124685,4647280.210203604,1.2,394,12,1,14-3,[]
TX,236.927148089,291716.566635561,4642133.93123577,1.2,1771,11,1,326-6,[]
TX,236.946547586,289396.651530425,4641739.207345322,1.2,1133,7,1,239-17,[]
TX,237.007834389,299471.492785216,4642656.584563749,1.2,2241,12,1,50-6,[]
TX,237.195628633,295650.175513077,4645572.691580443,1.2,2184,12,1,47-13,[]
TX,237.33251392,283244.046139356,4640364.075212254,1.2,192,12,1,115-26,[]
TX,237.40776204,294977.751192056,4642712.883334811,1.2,1479,8,1,287-20,[]
TX,237.513959431,291224.224607701,4642289.781875098,1.2,464,11,1,148-11,[]
TX,237.707665572,291903.662635011,4645086.254149745,1.2,2603,12,1,91-21,[]
TX,237.835157609,290860.693210921,4642271.481143778,1.2,1310,10,1,260-18,[]
TX,238.005805552,290372.470938973,4641091.187024864,1.2,510,7,1,151-13,[]
TX,238.245492301,290588.175987928,4643025.518284152,1.2,343,12,1,137-2,[]
TX,238.25918442,273705.297854351,4630611.737212433,1.2,2048,12,1,367-26,[]
TX,238.270318592,292482.93250429,4640622.83450378,1.2,91,12,1,106-27,[]
TX,238.367121196,289237.6721101,4635076.000399748,1.2,1729,12,1,320-26,[]
TX,238.604562713,290475.728224925,4641436.138557971,1.2,2645,7,1,96-20,"[['RX_GW', 238.719558681, 2645, 7, 1, 868.1, -120.057200228, '00:00:00:00:00:02']]"
TX,239.014646577,291478.924744002,4642480.592340323,1.2,2064,12,1,368-6,[]
TX,239.241580959,274690.637105045,4630951.763575718,1.2,488,12,1,149-16,[]
TX,239.258562416,287786.368265961,4645632.926503273,1.2,2085,12,1,372-27,[]
TX,239.380152893,290339.885769745,4644219.835467545,1.2,141,12,1,11-7,[]
TX,239.387495441,291893.941308303,4642806.632636315,1.2,123,12,1,109-28,[]
TX,239.452854591,292261.459475696,4637889.727120569,1.2,2326,12,1,59-20,[]
TX,239.544666401,290067.922718741,4634510.238701737,1.2,628,12,1,163-1,[]
TX,239.710117774,273675.103810097,4630627.580947513,1.2,429,12,1,141-23,[]
TX,239.723293427,304909.104263167,4649710.484218054,1.2,2620,12,1,93-25,[]
TX,239.823752148,274421.175976446,4630773.72164942,1.2,1281,12,1,256-1,[]
TX,239.825602733,291470.139340748,4642400.607246881,1.2,906,12,1,202-27,[]
TX,240.084932404,290435.163678451,4642831.376018763,1.2,2373,12,1,68-18,[]
TX,240.244330924,293803.497329593,4640366.370585972,1.2,2029,12,1,363-26,[]
TX,240.305483756,286713.040195005,4641700.257296434,1.2,1791,12,1,332-10,[]
TX,240.325244652,292978.549561661,4640983.939549777,1.2,1408,12,1,270-8,[]
TX,240.346786913,292146.538969648,4644176.663999557,1.2,65,12,1,104-17,[]
TX,240.469868671,290421.355853742,4641817.123440345,1.2,1335,9,1,262-27,[]
TX,240.541161301,291580.37763101,4641383.611217076,1.2,830,11,1,194-25,[]
TX,240.5568268,273515.363145061,4630984.262383484,1.2,2351,12,1,62-28,[]
TX,240.61584972,272083.56573335,4630398.780621506,1.2,200,12,1,119-23,[]
TX,240.638836462,294536.184016854,4644466.342476274,1.2,2470,12,1,75-5,[]
TX,240.652859037,291083.443490499,4642348.563076078,1.2,2272,10,1,53-3,[]
TX,240.75564227,296732.375106323,4646483.314347978,1.2,1000,12,1,220-26,[]
TX,240.762191917,294384.177833401,4643074.605233816,1.2,1533,12,2,293-21,[]
TX,241.168976636,286111.128052223,4646348.522980521,1.2,1394,12,1,270-12,[]
TX,241.31988806,291999.592732335,4643707.794119482,1.2,2011,12,1,362-17,[]
TX,241.416621304,291241.431109407,4641254.263465344,1.2,1301,9,1,259-17,[]
TX,241.485259874,292247.909753234,4636719.898507668,1.2,1455,12,1,28-27,[]
TX,241.494264553,292015.06199703,4642614.28159885,1.2,664,12,1,167-7,[]
TX,241.786066696,273703.307326419,4630630.029980503,1.2,194,12,1,115-28,[]
TX,241.815966972,285681.907630446,4639732.242527618,1.2,2277,12,1,54-23,[]
TX,241.863765196,291786.108997061,4641037.354795654,1.2,2066,11,1,369-18,[]
TX,242.029737295,290445.198932868,4650825.858096696,1.2,701,12,1,174-7,[]
TX,242.142051799,290899.711061932,4636960.340723664,1.2,741,12,1,182-10,[]
TX,242.143774769,288380.248402566,4642760.997619937,1.2,1707,12,1,317-20,[]
TX,242.287764837,290732.329002045,4642904.977825254,1.2,1009,11,1,221-24,[]
TX,242.304667224,291206.429175007,4641294.643049882,1.2,674,8,1,171-24,[]
TX,242.375964674,294150.604554353,4647406.151052332,1.2,2250,12,1,51-16,[]
TX,242.376091381,291888.519850046,4641648.242741194,1.2,2354,12,1,66-19,[]
TX,242.436158826,292327.960181218,4642045.705161098,1.2,2636,12,1,95-19,[]
TX,242.543364979,288936.146642404,4643657.637483406,1.2,1356,12,1,266-27,[]
TX,242.73953519,291700.326528431,4642119.803854278,1.2,2174,11,1,46-2,[]
TX,242.767445253,290746.605783988,4642883.729021439,1.2,1382,11,1,269-2,[]
TX,242.951422239,291103.706410778,4642464.622271998,1.2,1416,11,1,273-4,[]
TX,243.047319178,299743.004727174,4630051.093558743,1.2,2215,12,1,49-10,[]
TX,243.300359557,292260.48099695,4637838.799848117,1.2,934,12,1,206-26,[]
TX,243.397146865,285742.936551536,4633903.797057114,1.2,2130,12,1,43-10,[]
TX,243.441242383,293076.125148254,4643409.132846901,1.2,547,12,1,153-3,[]
TX,243.482399905,290626.581099949,4633552.50889177,1.2,2316,12,1,58-18,[]
TX,243.485473987,291059.165350278,4644031.657871172,1.2,50,12,2,102-5,[]
TX,243.500529194,290410.557817814,4643970.320999516,1.2,520,12,1,151-27,[]
TX,243.539268955,281276.200844061,4632714.688274989,1.2,1420,12,1,274-11,[]
TX,243.823398513,290819.686078724,4638210.900565064,1.2,195,12,1,119-10,[]
TX,244.094448669,295751.876063378,4646240.35182957,1.2,812,12,1,190-18,[]
TX,244.188619985,289941.497088295,4634397.56984981,1.2,1758,12,1,324-26,[]
TX,244.223121646,283185.145984946,4633211.231473245,1.2,1267,12,1,254-2,[]
TX,244.462436029,291034.571636571,4641924.951922699,1.2,2390,9,1,7-5,"[['RX_GW', 244.83420249, 2390, 9, 1, 868.1, -128.864896013, '00:00:00:00:00:02']]"
TX,244.485467405,291901.110103563,4642889.733189389,1.2,2638,12,1,95-21,[]
TX,244.54386252,290107.293669749,4635308.186800531,1.2,1398,12,1,270-19,[]
TX,244.635073347,290405.570604364,4643406.9156509,1.2,1511,12,1,29-28,[]
TX,244.827121757,295426.124718177,4645483.282487981,1.2,2192,12,1,47-21,[]
TX,244.882351168,273680.082730358,4630700.114119579,1.2,1542,12,1,294-14,[]
TX,245.239831602,292165.589365524,4639446.421716147,1.2,1780,12,1,330-20,[]
TX,245.252702574,291185.528195353,4641328.095126044,1.2,1656,8,1,31-20,[]
TX,245.271713709,290220.652328529,4644200.578046036,1.2,1144,12,1,239-3,[]
TX,245.285514653,292058.585684613,4643003.362991067,1.2,1890,12,1,340-6,[]
TX,245.304699014,292840.106562518,4641175.704751668,1.2,1485,12,1,287-26,[]
TX,245.347891592,288690.797889849,4635210.521881851,1.2,210,12,1,12-29,[]
TX,245.453231095,294771.439244689,4638483.857041121,1.2,615,12,1,162-18,[]
TX,245.475043253,292738.045626498,4641849.393535276,1.2,1071,12,1,231-11,[]
TX,245.514214613,292138.729285137,4642146.941996749,1.2,764,12,1,185-20,[]
TX,245.515680049,288324.81848695,4634905.337471486,1.2,2358,12,1,66-4,[]
TX,245.721978603,291831.086735254,4641602.991189923,1.2,2334,12,1,60-26,[]
TX,245.852539673,288935.434966375,4635965.530541196,1.2,2440,12,1,72-20,[]
TX,245.853654187,291851.127022899,4642558.715298149,1.2,53,12,1,103-1,[]
TX,246.224550696,291341.832447202,4653442.805560703,1.2,2325,12,1,59-18,[]
TX,246.238231639,291870.073190119,4644212.717540707,1.2,2036,12,1,367-10,[]
TX,246.239623035,286742.576440068,4641335.041963947,1.2,699,12,1,174-5,[]
TX,246.395790891,291023.00535777,4641944.168472567,1.2,1564,9,1,3-26,[]
TX,246.557444563,303467.181319507,4636210.710656226,1.2,2571,12,1,84-6,[]
TX,246.662640177,289959.867365048,4642888.47902026,1.2,2653,12,1,97-11,[]
TX,246.778075543,294136.869341818,4647413.348914123,1.2,2420,12,1,71-26,[]
TX,246.898507502,292790.303461644,4640482.009306566,1.2,1037,12,1,226-13,[]
TX,246.953865714,287838.856346777,4635419.983404893,1.2,2574,12,1,85-11,[]
TX,247.138612089,290845.71680877,4642271.206606609,1.2,2377,9,1,68-29,[]
TX,247.212024433,273657.567152335,4630699.011800475,1.2,1541,12,1,294-12,[]
TX,247.223441564,292542.274716445,4642553.031643688,1.2,449,12,1,145-8,[]
TX,247.233642969,294612.470761151,4642609.856260434,1.2,2243,10,1,51-1,[]
TX,247.334470563,290732.757984074,4642908.193987131,1.2,810,11,1,190-16,[]
TX,247.364451724,290448.832283982,4642886.610261976,1.2,2506,12,1,8-5,[]
TX,247.366976424,290372.128108556,4641404.392885098,1.2,1628,7,1,308-26,[]
TX,247.394640896,292778.947535096,4642158.515279563,1.2,1410,12,1,273-17,[]
TX,247.401533196,291813.679680996,4644116.61459388,1.2,2236,12,1,50-29,[]
TX,247.417147495,291982.952880283,4643717.408303736,1.2,739,12,1,181-8,[]
TX,247.612711694,292306.771367452,4641763.347511946,1.2,3,12,1,100-14,[]
TX,248.13775644,290732.485167076,4642895.998280868,1.2,1081,11,1,231-25,[]
TX,248.413475456,290939.636812417,4639058.198063142,1.2,2136,10,1,43-19,[]
TX,248.472663779,291774.977786305,4640256.312348061,1.2,852,12,1,197-4,[]
TX,248.55627194,289314.559536713,4639758.603418528,1.2,1643,9,1,309-7,[]
TX,248.752202568,290350.364279783,4641807.581421239,1.2,924,9,1,204-26,[]
TX,248.76801475,290768.471216118,4644491.732801907,1.2,1714,12,1,318-16,[]
TX,248.791703965,291982.653005418,4641729.904707358,1.2,885,12,1,200-28,[]
TX,248.807140079,288179.899433372,4643896.26092006,1.2,784,12,1,187-17,[]
TX,248.812865128,287998.282032092,4634555.603299226,1.2,201,12,1,119-24,[]
TX,249.083328482,295117.182756347,4642679.171694735,1.2,1444,8,1,275-7,[]
TX,249.149198299,289940.708460289,4634384.259402011,1.2,1932,12,1,349-10,[]
TX,249.302272045,273651.752845441,4630678.903787633,1.2,2120,12,1,42-10,[]
TX,249.349947614,273756.236071454,4630637.778722785,1.2,1750,12,1,322-7,[]
TX,249.352734248,290925.845331634,4644873.084099497,1.2,1689,12,1,311-5,[]
TX,249.463682013,291624.678250923,4644619.274144734,1.2,957,12,1,211-13,[]
TX,249.512305785,290067.444830983,4639995.771773877,1.2,1621,7,1,308-12,[]
TX,249.532637699,292113.289967516,4642603.611536713,1.2,162,12,1,112-1,[]
TX,249.617837304,291085.069704826,4641928.402405899,1.2,2191,9,1,47-20,"[['RX_GW', 249.989603897, 2191, 9, 1, 868.1, -129.355390607, '00:00:00:00:00:02']]"
TX,249.728049487,288396.858283808,4635006.161275264,1.2,655,12,1,167-17,[]
TX,249.747974669,291728.486825244,4642140.227289739,1.2,2170,11,1,46-16,[]
TX,249.757917073,288517.395569882,4642842.435655345,1.2,263,12,1,126-9,[]
TX,249.800749718,293174.030226108,4641033.048146973,1.2,1502,12,1,288-5,[]
TX,249.857446311,291467.896809672,4642059.893417392,1.2,41,12,1,102-1,[]
TX,249.950761625,286099.431730727,4638587.161468985,1.2,37,12,1,101-4,[]
TX,250.052378585,291112.829863948,4643017.931116255,1.2,111,12,1,109-15,[]
TX,250.104171066,286656.894922829,4645783.504234258,1.2,68,12,1,104-20,[]
TX,250.141924067,291705.855988769,4642787.655128929,1.2,853,12,1,197-5,[]
TX,250.166019805,291058.80459331,4639297.780854895,1.2,828,12,1,194-23,[]
TX,250.341239518,283368.711158343,4632892.749746527,1.2,1290,12,1,256-2,[]
TX,250.446583352,292728.084079814,4641839.214942376,1.2,693,12,1,174-17,[]
TX,250.586587843,291935.362474539,4642578.686019779,1.2,2672,12,2,97-6,[]
TX,250.678810416,293408.713522899,4644451.091236567,1.2,1900,12,1,341-5,[]
TX,250.80084304,292201.769055062,4637928.865721186,1.2,420,12,1,140-5,[]
TX,251.073075533,287828.039981946,4638410.069381644,1.2,395,12,1,14-4,[]
TX,251.087365421,291039.001452937,4633471.309344843,1.2,1525,12,1,291-3,[]
TX,251.101299009,295298.73617971,4638060.276869959,1.2,1979,12,2,357-3,[]
TX,251.127178346,291558.191647997,4640956.383239446,1.2,1210,11,1,245-26,[]
TX,251.175938254,295193.855922535,4633768.907242358,1.2,318,12,1,130-5,[]
TX,251.312969595,291440.489703074,4642054.750462458,1.2,2450,11,1,72-6,[]
TX,251.392517841,289311.404310082,4639769.791685618,1.2,1230,9,1,248-7,[]
TX,251.405342014,292322.450960077,4642043.959306069,1.2,652,12,1,166-9,[]
TX,251.433879253,299689.52904602,4641883.480802632,1.2,2666,12,1,97-26,[]
TX,251.47393169,290533.708881766,4643228.738991685,1.2,524,12,1,151-5,[]
TX,251.870407114,292215.785172379,4642677.975807929,1.2,135,12,1,11-21,[]
TX,251.962048003,290141.15003317,4635321.539399386,1.2,909,12,1,203-12,[]
TX,251.98274907,290685.41867492,4641310.405682793,1.2,2166,7,1,45-6,[]
TX,252.104487697,292522.987406052,4642916.241876826,1.2,1778,12,1,330-18,[]
TX,252.252736959,285651.735852373,4633425.91113111,1.2,1834,12,1,336-29,[]
TX,252.516949857,291001.210160282,4639047.274653632,1.2,1658,11,1,31-24,[]
TX,252.584518407,292681.926417067,4641807.062137641,1.2,179,12,1,113-13,[]
TX,252.682636482,272836.302854676,4629745.362119916,1.2,2131,12,1,43-11,[]
TX,252.918715939,291164.60139347,4636208.125726482,1.2,795,12,1,188-20,[]
TX,253.064064084,289564.050619906,4645809.565476726,1.2,1819,12,1,334-4,[]
TX,253.14220466,292282.126236679,4637958.74823195,1.2,2461,12,1,75-19,[]
TX,253.27194417,292269.177052892,4641976.13770522,1.2,2,12,2,100-13,[]
TX,253.638280778,292942.107856174,4643235.665214225,1.2,2570,12,1,84-5,[]
TX,253.732885088,292103.072956723,4642707.049194678,1.2,2489,12,1,79-18,[]
TX,253.842570332,271859.929750295,4630655.347021298,1.2,2063,12,2,368-5,[]
TX,253.90084726,291552.894822837,4641294.536160986,1.2,2423,10,1,71-29,[]
TX,253.987999639,271856.210920811,4630666.797617899,1.2,1296,12,1,256-29,[]
TX,254.097724624,289230.893043714,4642398.806506518,1.2,2372,12,1,68-17,[]
TX,254.142388855,291874.994722356,4642571.516786269,1.2,734,12,1,181-28,[]
TX,254.346081637,292118.343836998,4643803.730720444,1.2,1058,12,2,229-1,[]
TX,254.362806516,292662.866410828,4641053.372764807,1.2,9,12,1,100-27,[]
TX,254.433628572,292692.814192191,4637128.332957701,1.2,629,12,1,163-10,[]
TX,254.461212229,289159.046166403,4642598.278060899,1.2,1103,11,1,233-14,[]
TX,254.468205042,271900.577314385,4630660.25014054,1.2,920,12,1,204-22,[]
TX,254.499370859,290179.982526156,4634782.601600191,1.2,1943,12,2,349-26,[]
TX,254.660467051,291963.311559191,4642592.957207603,1.2,385,12,1,139-27,[]
TX,255.058158061,289865.898410486,4643031.559717918,1.2,760,12,1,184-26,[]
TX,255.082835852,292685.300388133,4641799.176044318,1.2,841,12,1,195-4,[]
TX,255.314449711,291976.891479905,4643703.268163989,1.2,71,12,1,104-4,[]
TX,255.362988845,290473.206883878,4641681.052127681,1.2,1891,7,2,340-7,[]
TX,255.365324722,290345.669799463,4640372.974018561,1.2,1048,7,1,226-26,[]
TX,255.49466853,300792.774000638,4645752.846426605,1.2,2411,12,1,71-16,[]
TX,255.503949952,289573.754935193,4642051.340244056,1.2,1553,7,1,298-3,[]
TX,255.537590512,293165.584130392,4640631.651110044,1.2,671,12,1,171-14,[]
TX,255.593576529,291670.473059405,4642116.978169639,1.2,1875,11,1,339-9,[]
TX,255.601695101,289986.219539654,4642803.501545068,1.2,86,11,1,106-14,[]
TX,255.647156107,291797.510778505,4648681.124024121,1.2,1705,12,2,317-18,[]
TX,255.74351223,286577.997147234,4634479.214250414,1.2,357,12,1,137-7,[]
TX,255.97566295,291840.68963864,4642559.694125142,1.2,188,12,1,115-13,[]
TX,256.060684649,294985.676934513,4645952.93092443,1.2,2219,12,1,50-1,[]
TX,256.189622424,289951.038467742,4634414.202426522,1.2,662,12,1,167-5,[]
TX,256.291808725,289326.962437706,4647393.901997331,1.2,1706,12,1,317-19,[]
TX,256.322145698,292750.500771001,4642961.314356158,1.2,1888,12,1,340-3,[]
TX,256.351081705,291875.271032391,4642565.173431906,1.2,1231,12,1,249-15,[]
TX,256.369221681,293421.856182148,4644451.678881819,1.2,2431,12,1,72-10,[]
TX,256.706662451,289840.681043943,4638492.098591449,1.2,1050,12,1,226-28,[]
TX,256.713077122,293860.972481921,4640247.872670723,1.2,2517,12,1,81-13,[]
TX,256.714640705,292408.764832748,4637342.268054884,1.2,1809,12,2,332-8,[]
TX,256.828927323,283083.541261303,4633926.40097625,1.2,1749,12,1,322-6,[]
TX,256.84101312,290702.308147512,4641284.58087922,1.2,1207,7,1,245-14,[]
TX,257.064102658,292310.362917551,4642048.867930814,1.2,1941,12,2,349-23,[]
TX,257.083530368,291765.347360558,4641849.722281317,1.2,392,12,1,14-20,[]
TX,257.10033811,292530.367263556,4642755.858029533,1.2,1813,12,1,334-17,[]
TX,257.100781932,291553.989747611,4639913.756012587,1.2,949,10,1,21-24,[]
TX,257.188693013,295631.317171023,4645557.558293136,1.2,2194,12,1,47-26,[]
TX,257.268145094,279367.414801646,4632546.78937465,1.2,262,12,2,126-26,[]
TX,257.40101641,299330.741903443,4633821.618249436,1.2,1859,12,1,339-17,[]
TX,257.49709377,292309.092236204,4642052.32794842,1.2,291,12,1,129-11,[]
TX,257.559865287,294147.380209819,4647417.567474076,1.2,94,12,1,107-11,[]
TX,257.647477064,284461.475704536,4632952.758469868,1.2,1166,12,1,24-25,[]
TX,257.751260048,289592.162657554,4641756.385253003,1.2,67,7,1,104-19,[]
TX,257.886126553,286733.158359998,4645864.262432224,1.2,2296,12,1,56-20,[]
TX,257.921983149,272123.292956438,4630293.140390219,1.2,1916,12,1,347-13,[]
TX,258.119470926,290957.083955742,4639065.798074944,1.2,593,10,1,159-19,[]
TX,258.235809233,294372.573081232,4643080.411410903,1.2,1087,12,1,231-6,[]
TX,258.242888798,292301.480951161,4642051.729864874,1.2,1702,12,1,317-15,[]
TX,258.393830397,291899.746735022,4642361.633993987,1.2,2257,12,1,51-24,[]
TX,258.743445882,287721.789399079,4645800.30303015,1.2,1359,12,1,267-11,[]
TX,259.01618108,295622.817052125,4645563.259400707,1.2,182,12,1,113-25,[]
TX,259.230860979,292530.408287888,4642927.718814062,1.2,2299,12,2,56-25,[]
TX,259.480359445,292732.6333417,4641857.222887866,1.2,56,12,1,103-20,[]
TX,259.56585102,293451.650838648,4642748.110250816,1.2,70,11,1,104-3,[]
TX,260.048764545,273699.216998039,4630606.532817846,1.2,1261,12,1,254-14,[]
TX,260.401003636,290385.448462268,4643405.207857302,1.2,419,12,1,140-3,[]
TX,260.466013261,290980.630328386,4644331.060821333,1.2,1022,12,1,223-12,[]
TX,260.653813862,292028.041904982,4643705.628779906,1.2,1908,12,1,344-3,[]
TX,260.699973494,290056.044980368,4642390.92080637,1.2,384,9,1,139-26,[]
TX,260.784294885,292125.667762565,4642384.088267973,1.2,665,12,1,169-10,[]
TX,260.79383845,273692.536418272,4630625.511950365,1.2,980,12,1,215-23,[]
TX,260.816199344,288394.48352976,4641372.466776225,1.2,2357,10,1,66-3,[]
TX,260.874176132,290391.327803897,4642322.251487793,1.2,884,9,1,200-27,[]
TX,260.917662985,273678.948047398,4630798.285439403,1.2,1836,12,1,336-30,[]
TX,260.923191828,292253.180199078,4641927.961687444,1.2,2453,12,1,73-30,[]
TX,260.93951691,289309.21701313,4634312.93783276,1.2,1757,12,2,324-24,[]
TX,261.138626168,288980.788049772,4640033.799482335,1.2,1801,9,1,332-25,[]
TX,261.278365702,291976.084515351,4642336.617867408,1.2,2247,12,1,51-13,[]
TX,261.31299889,292508.293479415,4642916.462500255,1.2,214,12,1,12-6,[]
TX,261.370594372,289316.101259042,4639756.424452827,1.2,1898,9,1,341-3,[]
TX,261.431162286,292218.020995872,4638045.259575188,1.2,953,12,1,21-28,[]
TX,261.499896131,297564.688030007,4633146.598653853,1.2,2267,12,2,53-17,[]
TX,261.636101505,292530.527139143,4642927.129050506,1.2,2315,12,1,58-17,[]
TX,261.658015713,292693.732708784,4641815.686878573,1.2,2442,12,1,72-24,[]
TX,261.71545124,294393.278316016,4643082.202333803,1.2,893,12,1,201-25,[]
TX,261.772391816,292118.713819229,4640680.067668681,1.2,2494,12,1,79-5,[]
TX,262.180855249,291023.772031421,4644014.338792885,1.2,894,12,1,201-26,[]
TX,262.181319606,290343.967855575,4633877.46890338,1.2,951,12,1,21-26,[]
TX,262.318425197,289979.631859986,4639942.116053663,1.2,2051,8,1,367-3,[]
TX,262.376033532,290367.968790436,4635076.94608664,1.2,2333,12,1,60-25,[]
TX,262.381003134,291140.448091531,4640351.278409964,1.2,1241,9,2,250-20,[]
TX,262.420547866,290674.483935015,4641292.240580315,1.2,1120,7,1,237-28,[]
TX,262.626175378,291746.70756295,4639238.106027357,1.2,1289,12,1,256-19,[]
TX,262.829607671,291925.213252116,4642572.330713926,1.2,2586,12,1,87-25,[]
TX,262.91153785,286661.9360802,4641682.395586349,1.2,1489,12,2,287-4,[]
TX,263.014726132,292670.188685834,4641775.045035582,1.2,2392,12,1,7-7,[]
TX,263.241560769,290684.667773638,4641302.651978428,1.2,1588,7,1,305-10,"[['RX_GW', 263.356557032, 1588, 7, 1, 868.1, -121.812823528, '00:00:00:00:00:02']]"
TX,263.347612315,291669.398320592,4642108.542608982,1.2,1926,11,1,348-19,[]
TX,263.461355655,291989.104215399,4642599.437921079,1.2,436,12,1,143-24,[]
TX,263.48713378,287531.141885923,4641963.479738384,1.2,2340,12,1,61-29,[]
TX,263.661473952,288153.817003627,4643027.861748937,1.2,2209,12,1,48-25,[]
TX,263.975716057,288729.22054618,4635191.503758008,1.2,2446,12,1,72-29,[]
TX,263.979844005,289219.52028463,4642067.527337319,1.2,1534,9,1,293-29,[]
TX,264.117268947,292259.788151922,4642354.209212865,1.2,1603,12,1,305-26,[]
TX,264.270524649,293687.77481644,4642817.018548604,1.2,256,12,1,125-25,[]
TX,264.315586601,286561.753969296,4634495.79085382,1.2,190,12,1,115-24,[]
TX,264.332268568,290866.071153056,4642319.879544041,1.2,1495,10,2,288-17,[]
TX,264.372483452,290477.955024298,4640751.58332477,1.2,2328,7,1,60-12,[]
TX,264.398141506,291000.908128332,4644441.086125871,1.2,460,12,1,147-28,[]
TX,264.499522167,276283.173891818,4632061.400750285,1.2,1915,12,1,347-12,[]
TX,264.52491242,296732.092371042,4646473.315097474,1.2,2216,12,1,49-11,[]
TX,264.532905962,285503.092052688,4633190.167326792,1.2,1392,12,1,270-10,[]
TX,264.714830289,273482.354141516,4630123.306854468,1.2,2633,12,1,95-15,[]
TX,264.841026413,290687.694179761,4641288.791247927,1.2,762,7,1,185-18,[]
TX,265.121163671,290398.186822947,4641401.78377881,1.2,516,7,1,151-22,[]
TX,265.182374335,289736.565897995,4643216.32901698,1.2,33,12,2,101-26,[]
TX,265.213083118,273779.595317254,4630622.427216908,1.2,2311,12,1,57-24,[]
TX,265.23067444,290248.367081266,4641979.09384594,1.2,744,7,2,182-18,[]
TX,265.380300627,291036.12328253,4641173.978213688,1.2,1904,8,1,344-2,[]
TX,265.481855701,292329.503435718,4642042.656182659,1.2,802,12,1,19-1,[]
TX,265.523284936,291927.504640122,4642579.118842689,1.2,383,12,1,139-25,[]
TX,265.592581765,289944.534892848,4641598.915588505,1.2,826,7,1,194-14,[]
TX,265.779836215,297878.584446715,4640788.119041735,1.2,2007,12,1,361-4,[]
TX,265.868431399,292197.923564963,4641914.645225411,1.2,337,12,1,137-13,[]
TX,265.871516778,291838.774603905,4642559.716703548,1.2,1881,12,1,340-18,[]
TX,266.03285814,273763.438712137,4630721.824120208,1.2,1991,12,2,358-21,[]
TX,266.058246532,291240.981982609,4641298.748961911,1.2,1610,9,2,306-16,[]
TX,266.060262019,287734.78101915,4634382.658863845,1.2,1515,12,1,290-18,[]
TX,266.119833013,292695.60496877,4641804.193744936,1.2,303,12,2,130-12,[]
TX,266.137530528,291661.3114543,4642124.982242178,1.2,113,12,1,109-17,[]
TX,266.184231211,292720.66729358,4641835.531037685,1.2,87,12,1,106-23,[]
TX,266.247214372,287551.307278347,4641987.488499622,1.2,1425,12,1,274-20,[]
TX,266.258043861,288960.576097724,4643616.977510845,1.2,454,12,1,147-13,[]
TX,266.287944486,286664.951678768,4641706.381875403,1.2,714,12,1,178-5,[]
TX,266.323088469,289893.967213888,4642703.840564065,1.2,927,11,2,206-10,[]
TX,266.900470879,291726.007365606,4642133.034440842,1.2,716,11,1,178-7,[]
TX,266.905523018,289800.433728457,4642532.971576017,1.2,1393,10,2,270-11,[]
TX,266.942447086,292511.852899558,4641922.854078362,1.2,106,12,2,109-10,[]
TX,267.020882722,291068.897099733,4644044.696293358,1.2,506,12,1,150-6,[]
TX,267.053494878,291604.444931516,4639311.822518859,1.2,1285,12,2,256-13,[]
TX,267.069880684,290629.22819538,4646622.865711801,1.2,2428,12,2,71-6,[]
TX,267.106121442,289217.046218013,4642070.096640932,1.2,1371,9,1,268-3,[]
TX,267.148338995,289431.781432343,4635046.004266712,1.2,2355,12,1,66-20,[]
TX,267.584320776,291009.509565415,4641193.914798936,1.2,2226,7,1,50-16,[]
TX,267.585514708,292926.367604434,4640350.501353963,1.2,1552,12,1,298-21,[]
TX,267.604361768,290816.180564356,4641856.649059979,1.2,482,8,1,148-6,[]
TX,267.691594636,289857.728073642,4641776.464843274,1.2,772,7,2,186-11,[]
TX,267.746314334,291191.220352498,4644708.981613969,1.2,451,12,1,147-10,[]
TX,267.754042474,291241.333027165,4641251.219393174,1.2,266,9,2,127-18,[]
TX,267.794089927,293238.643268704,4640222.177073097,1.2,2030,12,1,363-27,[]
TX,267.795618018,291932.271684618,4642594.536550834,1.2,286,12,1,128-4,[]
TX,267.857465405,271714.902864864,4630605.217179829,1.2,1535,12,2,293-3,[]
TX,267.953560812,271613.476114873,4630635.500288714,1.2,2519,12,1,81-24,[]
TX,268.036277906,293572.782928127,4642027.272492523,1.2,1868,10,1,339-28,[]
TX,268.06216779,289317.842012094,4639752.011993458,1.2,2057,9,1,367-9,[]
TX,268.113618429,298108.147526131,4640971.295064789,1.2,799,12,1,188-5,[]
TX,268.179031154,291846.654192692,4642561.041535383,1.2,2655,12,1,97-13,[]
TX,268.207150415,287459.09548824,4641225.783029303,1.2,272,12,1,127-4,[]
TX,268.237600194,292479.250403747,4639796.535888973,1.2,2118,12,1,41-8,[]
TX,268.246290552,289304.481850797,4642052.285142168,1.2,711,8,1,178-19,[]
TX,268.395321074,291661.83411837,4639981.178779857,1.2,753,11,2,182-6,[]
TX,268.480140074,290944.156662475,4635971.038527505,1.2,1454,12,1,28-25,[]
TX,268.619529943,291660.0290731,4639992.757814512,1.2,1038,11,1,226-14,[]
TX,268.625880391,296755.632078405,4646471.827638012,1.2,1507,12,2,29-14,[]
TX,268.680730412,287992.071893827,4643362.316315287,1.2,2673,12,1,97-7,[]
TX,268.709950077,289215.601541718,4642084.406467167,1.2,1531,9,1,293-2,[]
TX,269.008618745,291959.241100024,4642599.854153171,1.2,1869,12,1,339-3,[]
TX,269.018308714,291825.972817741,4642550.158449661,1.2,234,12,1,124-15,[]
TX,269.10780174,284490.025554431,4632919.358903788,1.2,2076,12,1,371-23,[]
TX,269.328387738,291462.704514929,4643808.438690848,1.2,876,12,1,199-27,[]
TX,269.406314924,295128.341764039,4642737.473558236,1.2,107,8,1,109-11,"[['RX_GW', 269.613728361, 107, 8, 1, 868.1, -124.407492218, '00:00:00:00:00:04']]"
TX,269.475705072,292319.119909685,4642934.388380413,1.2,521,12,1,151-28,[]
TX,269.491376228,293048.048326997,4640278.695484911,1.2,1860,12,1,339-18,[]
TX,269.57860111,291678.25157586,4642103.96389489,1.2,1612,11,1,306-18,[]
TX,269.733370325,291452.035174685,4641323.184614106,1.2,2144,10,2,43-6,[]
TX,269.741423219,284560.123336503,4633015.936845776,1.2,503,12,1,150-30,[]
TX,269.8756388,290742.033758484,4641516.478439987,1.2,375,7,1,138-9,[]
TX,269.97023432,293721.047749279,4645344.252134157,1.2,40,12,2,101-7,[]
TX,269.982787397,289608.69051659,4642363.953411412,1.2,1754,10,1,324-10,[]
TX,269.985247486,290856.731808371,4642283.208704421,1.2,571,10,1,157-21,[]
TX,270.006266366,289829.093809093,4643468.479555828,1.2,1092,12,1,232-18,[]
TX,270.012598895,291925.412815172,4640744.033083402,1.2,2139,12,1,43-25,[]
TX,270.019996623,292359.448552639,4644009.667062416,1.2,933,12,1,206-25,[]
TX,270.124443104,291799.061514621,4641572.251954137,1.2,350,12,1,137-28,[]
TX,270.413308927,294185.158799232,4646814.295109658,1.2,2246,12,1,51-12,[]
TX,270.437368343,291709.342707244,4642131.84984012,1.2,326,11,1,131-13,[]
TX,270.464673268,276213.353546795,4632009.571665327,1.2,1428,12,2,274-30,[]
TX,270.834820189,294153.399823132,4647426.259076166,1.2,2252,12,1,51-18,[]
TX,270.896380661,292314.714075962,4642055.795974621,1.2,1782,12,1,330-25,[]
TX,270.920873212,291703.09666815,4636434.166220013,1.2,1972,12,1,356-28,[]
TX,271.061564235,271739.487928619,4630705.765235659,1.2,1936,12,2,349-17,[]
TX,271.309308785,290868.127461913,4642261.458908273,1.2,2516,10,1,81-12,[]
TX,271.784028623,291855.735949642,4641071.867315636,1.2,1064,11,2,229-21,[]
TX,271.81351011,290933.446132788,4642092.320656457,1.2,2592,9,1,88-14,[]
TX,271.836492382,293167.200533778,4643587.564606045,1.2,289,12,1,128-7,[]
TX,271.84703996,294330.824107766,4649351.516566634,1.2,2294,12,1,56-17,[]
TX,271.914450581,289175.515975571,4642812.129820241,1.2,1486,12,1,287-27,[]
TX,271.949206633,292346.357464927,4641538.991832881,1.2,1594,12,1,305-16,[]
TX,271.998390316,289216.968746495,4642072.15596138,1.2,1981,9,1,357-5,[]
TX,272.272708367,291374.116553005,4638524.706229335,1.2,2540,12,1,83-1,[]
TX,272.321071741,290191.456564382,4635351.913907377,1.2,377,12,1,139-11,[]
TX,272.357731463,293127.070587498,4642641.855933779,1.2,2175,12,1,46-20,[]
TX,272.590699349,292258.288008913,4637844.893842786,1.2,793,12,1,187-7,[]
TX,272.617291636,292868.715722627,4644232.206336829,1.2,2612,12,1,93-15,[]
TX,272.652275537,293769.555013188,4645622.063322577,1.2,98,12,1,107-22,[]
TX,272.669443771,291994.552433407,4643713.582432814,1.2,2609,12,1,91-6,[]
TX,272.728724225,291236.051377373,4639778.220938946,1.2,1906,11,1,344-21,[]
TX,272.768122443,299783.790341922,4645115.829098676,1.2,237,12,2,124-19,[]
TX,272.773814046,289579.032472765,4635177.449967473,1.2,22,12,1,101-14,[]
TX,272.837956843,297167.780411401,4637163.184360035,1.2,1902,12,1,341-7,[]
TX,272.896321636,288506.85209259,4642467.125954472,1.2,817,12,2,190-3,[]
TX,272.928391436,286400.929879887,4640757.879043016,1.2,1276,12,1,254-30,[]
TX,272.973461839,291974.356938996,4643720.063257736,1.2,2467,12,1,75-26,[]
TX,273.015200367,291715.008450568,4644113.580334145,1.2,130,12,1,109-7,[]
TX,273.024035382,291138.060198016,4641375.325970914,1.2,1316,8,1,260-7,[]
TX,273.226053018,299147.342411749,4636078.276640248,1.2,493,12,1,149-6,[]
TX,273.320973885,288895.784275843,4641547.740219779,1.2,1929,9,1,348-4,"[['RX_GW', 273.692739509, 1929, 9, 1, 868.1, -127.98824707, '00:00:00:00:00:02']]"
TX,273.364592487,291726.116268634,4642150.740713358,1.2,353,11,2,137-30,[]
TX,273.393131039,295128.804978748,4642719.802452564,1.2,2097,8,1,39-28,[]
TX,273.396271889,294981.915918673,4642698.97969368,1.2,1478,8,2,287-19,[]
TX,273.444099299,292528.114169133,4642928.880178733,1.2,27,12,1,101-19,[]
TX,273.496704825,278080.010949443,4632434.748398448,1.2,1992,12,1,358-23,[]
TX,273.550221393,291515.416542832,4642443.293257019,1.2,618,12,1,162-24,[]
TX,273.64186277,288951.036565313,4642739.262740689,1.2,1710,11,1,317-5,[]
TX,273.88468044,290281.558386328,4643370.909532816,1.2,1101,12,1,233-12,[]
TX,273.947877269,298932.91934506,4640416.801868637,1.2,523,12,1,151-4,[]
TX,273.956046691,288859.352818501,4634695.816511191,1.2,1730,12,1,320-27,[]
TX,274.080907718,289566.44818815,4643317.599867352,1.2,721,12,1,181-10,[]
TX,274.246738791,283368.602078468,4632809.110362994,1.2,1363,12,1,267-24,[]
TX,274.303457456,291128.261265439,4642473.985626893,1.2,1717,11,1,318-19,[]
TX,274.518382106,273700.988808769,4630653.361237409,1.2,704,12,1,175-30,[]
TX,274.576697457,292175.469522878,4642181.922035605,1.2,573,12,2,157-4,[]
TX,274.583894087,292220.177590688,4641918.155603468,1.2,1283,12,1,256-11,[]
TX,274.686972083,288188.169016285,4643891.166326125,1.2,1013,12,1,221-9,[]
TX,274.693618583,289333.531634122,4640113.737912256,1.2,1063,7,1,229-20,[]
TX,274.780983927,292318.551886922,4642046.068826806,1.2,2634,12,2,95-16,[]
TX,274.859220411,291752.973959774,4642571.634111495,1.2,1257,12,1,254-10,[]
TX,275.044221596,291832.530927071,4642558.153195075,1.2,1325,12,1,261-27,[]
TX,275.223476374,292468.195166674,4641898.471775283,1.2,1510,12,2,29-26,[]
TX,275.245909195,291096.195213514,4639339.200547585,1.2,1421,12,1,274-12,[]
TX,275.414161031,293476.643819645,4644524.282217618,1.2,2300,12,1,56-26,[]
TX,275.476333382,290972.363607847,4641940.830465444,1.2,341,9,1,137-18,[]
TX,275.48077621,289683.490057921,4638753.764029864,1.2,2541,12,1,83-17,[]
TX,275.490897498,291723.926621609,4642729.565994874,1.2,277,12,1,128-17,[]
TX,275.548496962,291067.99757436,4644057.614670533,1.2,1302,12,1,259-18,[]
TX,275.720960942,289634.518490323,4643597.779083764,1.2,2359,12,2,66-5,[]
TX,275.759639303,295163.900146367,4642730.001776441,1.2,1777,8,2,330-17,[]
TX,275.787965013,292133.331507171,4642206.25318128,1.2,2337,12,1,61-19,[]
TX,276.142713226,290109.229812364,4642421.848792242,1.2,1645,9,2,31-10,[]
TX,276.175780115,273693.523125309,4630635.216534711,1.2,193,12,1,115-27,[]
TX,276.305988727,294093.259564316,4642123.678729714,1.2,608,10,1,160-6,[]
TX,276.448519435,273765.962552724,4630701.557287386,1.2,1987,12,1,358-17,[]
TX,276.529561266,294977.558418242,4642883.13263917,1.2,149,10,1,110-24,[]
TX,276.621804702,290727.904623028,4637633.095001291,1.2,815,12,2,190-21,[]
TX,276.626029992,290484.173464596,4640638.774530008,1.2,778,7,1,186-25,"[['RX_GW', 276.741025471, 778, 7, 1, 868.1, -112.129901011, '00:00:00:00:00:02']]"
TX,276.626081191,292799.779927954,4640065.97822947,1.2,1405,12,1,270-4,[]
TX,276.709561318,294972.539375028,4642697.32752255,1.2,1492,8,1,287-7,[]
TX,276.758373683,290089.638816167,4642404.282039408,1.2,887,9,1,201-11,"[['RX_GW', 277.1301402, 887, 9, 1, 868.1, -128.353570413, '00:00:00:00:00:02']]"
TX,276.99831182,292392.090197856,4637339.424930939,1.2,996,12,1,22-28,[]
TX,277.056697227,290608.515671956,4633564.802498615,1.2,956,12,1,211-12,[]
TX,277.058563597,290155.335471281,4635359.485328767,1.2,1667,12,1,31-6,[]
TX,277.066734905,293255.674931495,4642009.724348934,1.2,584,12,1,158-25,[]
TX,277.202374711,289761.44853253,4642296.921754562,1.2,1339,11,1,264-16,"[['RX_GW', 278.683132892, 1339, 11, 1, 868.1, -133.624939668, '00:00:00:00:00:02']]"
TX,277.322342812,290061.606397489,4642387.365822355,1.2,690,9,2,173-25,[]
TX,277.659280377,291850.306479016,4642558.975834552,1.2,490,12,2,149-2,[]
TX,277.682038922,292293.494337187,4642053.354415664,1.2,208,12,1,12-20,[]
TX,277.682612733,290764.200985229,4641183.257414053,1.2,1375,7,1,268-7,[]
TX,277.704852927,290669.580686704,4641295.873940215,1.2,1205,7,1,245-12,[]
TX,277.856451178,274087.595225733,4631142.649919877,1.2,1692,12,1,313-11,[]
TX,277.949779833,299751.103908849,4630067.601531198,1.2,1739,12,1,321-3,[]
TX,277.985769938,292331.709424695,4650296.298412341,1.2,2511,12,2,80-19,[]
TX,278.021227318,287896.375828865,4644003.867675413,1.2,100,12,1,107-24,[]
TX,278.103765244,291202.525026693,4641292.457045177,1.2,145,8,2,110-13,[]
TX,278.169970973,292320.915933241,4642043.703772504,1.2,2019,12,1,363-12,[]
TX,278.199322024,289802.542584445,4643226.793693474,1.2,259,12,1,125-28,[]
TX,278.205532593,273723.639986829,4630625.086858925,1.2,1279,12,2,254-6,[]
TX,278.282222403,291973.059935153,4638578.694162207,1.2,634,12,1,163-15,[]
TX,278.478982491,291030.072177157,4641944.471478617,1.2,2539,9,1,82-9,[]
TX,278.516714538,293469.545577572,4642640.772223022,1.2,355,12,1,137-5,[]
TX,278.598473651,285520.128220968,4633250.130455066,1.2,789,12,1,187-30,[]
TX,278.696027903,291299.679334274,4642362.550968477,1.2,389,11,1,14-17,[]
TX,278.732983995,273265.389826258,4630023.599381051,1.2,707,12,1,176-27,[]
TX,278.739257956,290487.789663939,4639927.769945591,1.2,595,7,2,159-21,[]
TX,278.758539301,291146.659036961,4639437.144690544,1.2,2006,10,1,361-3,[]
TX,278.978755797,292337.125833604,4637417.177118614,1.2,2462,12,1,75-20,[]
TX,279.055168582,289982.208049751,4637830.971039852,1.2,1572,12,1,301-22,[]
TX,279.182545912,288886.888315459,4642950.926665984,1.2,159,12,2,111-26,[]
TX,279.236131291,291678.027706798,4642109.369405817,1.2,2336,11,2,61-18,[]
TX,279.429603596,291941.299772523,4642893.769779093,1.2,550,12,2,153-5,[]
TX,279.534803328,290874.590538607,4642262.628097517,1.2,938,10,2,206-9,[]
TX,279.600738134,289923.19276653,4647685.754185015,1.2,722,12,2,181-11,[]
TX,279.653837175,294324.45050962,4642717.259516913,1.2,2387,11,2,7-21,[]
TX,279.70319136,292711.992611491,4641818.894185844,1.2,1328,12,1,261-9,[]
TX,279.770980851,286005.488720791,4631508.329927101,1.2,2135,12,2,43-18,[]
TX,279.824025929,293781.033731124,4640448.078889808,1.2,559,12,1,155-21,[]
TX,279.89943142,289654.729498201,4643507.773832171,1.2,667,12,1,171-10,[]
TX,280.095635647,273661.949226864,4630645.587324668,1.2,2496,12,1,79-7,[]
TX,280.226746431,294600.248808172,4647689.479220985,1.2,96,12,1,107-13,[]
TX,280.25834048,289590.853209654,4646224.112532614,1.2,1713,12,1,318-15,[]
TX,280.290822172,291994.865385209,4643706.737261648,1.2,1708,12,1,317-21,[]
TX,280.34753635,292636.485062935,4641774.050910926,1.2,1318,12,2,261-11,[]
TX,280.376044478,289807.212988627,4642399.322706703,1.2,533,10,1,152-14,[]
TX,280.489265413,293523.75233025,4639910.493516014,1.2,293,12,2,129-13,[]
TX,280.527611507,288016.604658839,4638857.754158207,1.2,80,12,1,105-3,[]
TX,280.631731382,290243.483472159,4636521.168200315,1.2,1240,12,2,250-19,[]
TX,280.857836883,273652.274742812,4630655.136139766,1.2,1905,12,2,344-20,[]
TX,280.99007696,293196.588730343,4640470.900954204,1.2,842,12,1,195-5,[]
TX,281.048818709,291095.148488772,4642459.897219432,1.2,1598,11,2,305-2,[]
TX,281.165658562,288017.508000123,4641863.071257962,1.2,2566,12,1,84-29,[]
TX,281.374301886,291839.12373201,4642555.52838032,1.2,548,12,2,153-30,[]
TX,281.662780864,292310.156719481,4642048.701787716,1.2,1131,12,2,239-13,[]
TX,281.687983169,291816.651793352,4641614.745603318,1.2,178,12,1,113-12,[]
TX,281.742951693,299748.913773785,4630058.148003944,1.2,1198,12,1,244-24,[]
TX,281.7701604,290885.46498767,4638637.783695533,1.2,1630,12,1,308-28,[]
TX,281.795858548,295605.430869725,4645549.408155396,1.2,2171,12,1,46-17,[]
TX,281.838352843,290705.012043733,4641292.421545653,1.2,425,7,1,141-12,[]
TX,281.901106758,293272.645915896,4643175.505389856,1.2,688,12,1,173-22,[]
TX,281.961080896,292095.878402438,4640707.04494465,1.2,2161,12,2,45-29,[]
TX,282.051412171,271767.826499433,4630721.100411446,1.2,336,12,1,137-12,[]
TX,282.139656083,271680.722880807,4630655.537940898,1.2,1999,12,1,358-8,[]
TX,282.30191898,295082.030982499,4642852.413105153,1.2,477,8,1,148-27,[]
TX,282.317439681,292718.277822734,4641837.318840998,1.2,59,12,1,103-3,[]
TX,282.521662736,286653.581632964,4645741.571243661,1.2,1366,12,1,267-27,[]
TX,282.54955799,292261.683889759,4638904.128977934,1.2,2473,12,1,75-9,[]
TX,282.554115651,285091.640754293,4633444.025917297,1.2,2049,12,1,367-27,[]
TX,282.622547118,292341.321288191,4644073.446425396,1.2,1851,12,1,338-3,[]
TX,282.664093629,292476.271650475,4641805.418466029,1.2,2026,12,1,363-20,[]
TX,282.68886446,293607.301374243,4641912.997251575,1.2,1774,12,1,330-11,[]
TX,282.704682707,292750.878238619,4642104.155560019,1.2,2233,12,2,50-26,[]
TX,282.712740915,286699.036710452,4645111.147335272,1.2,1752,12,2,323-5,[]
TX,282.716664021,289316.418643307,4639754.731105429,1.2,1229,9,1,248-6,[]
TX,282.847907587,290838.743447301,4640535.951774463,1.2,1010,7,1,221-27,[]
TX,282.942043059,291204.320410338,4641286.813195525,1.2,288,8,2,128-6,[]
TX,283.073097276,292960.040499597,4643422.280517253,1.2,564,12,1,155-5,[]
TX,283.160615315,289715.128557902,4647164.647824185,1.2,268,12,1,127-2,[]
TX,283.181952923,292516.093337672,4643037.979153335,1.2,1590,12,2,305-12,[]
TX,283.393647951,292778.521318163,4642179.215188424,1.2,1148,12,1,239-7,[]
TX,283.528287725,292320.524127604,4642048.462922362,1.2,1039,12,2,226-17,[]
TX,283.53610853,292616.41845737,4641984.444704564,1.2,2391,12,1,7-6,[]
TX,283.558789892,291818.42497276,4644108.962196813,1.2,941,12,1,209-13,[]
TX,283.581721252,290273.270551744,4635891.403842632,1.2,2549,12,2,84-11,[]
TX,283.616997392,289194.466264063,4642510.705509463,1.2,1825,10,1,335-16,[]
TX,283.720643332,289440.338583496,4639468.904737656,1.2,2053,10,1,367-5,[]
TX,283.813788423,291771.677415733,4642633.039456786,1.2,230,12,1,124-1,[]
TX,283.822154471,294136.58004071,4647414.808812562,1.2,104,12,1,107-28,[]
TX,284.047310436,289215.33590387,4642074.185319941,1.2,184,9,2,113-28,[]
TX,284.097233738,287910.16299588,4644001.037347879,1.2,1068,12,1,229-6,[]
TX,284.165107949,288870.036501813,4641390.845782511,1.2,1984,8,1,358-10,[]
TX,284.298073019,273649.234020756,4630690.818662133,1.2,1377,12,1,269-15,[]
TX,284.444912165,291933.266014917,4642584.239821324,1.2,2040,12,1,367-14,[]
TX,284.468571136,291934.298938629,4642587.004194057,1.2,732,12,1,181-24,[]
TX,284.473764342,295132.531007847,4642703.11572467,1.2,450,8,2,145-9,[]
TX,284.707368126,292443.92056885,4644369.457333065,1.2,1709,12,2,317-4,[]
TX,284.969538653,293611.325774016,4641920.752577351,1.2,575,12,1,157-6,[]
TX,284.980811051,292424.173704005,4641556.015558057,1.2,1575,12,2,301-25,[]
TX,284.998925886,287753.878937213,4645630.998357358,1.2,1327,12,1,261-8,[]
TX,285.033924385,290512.082537611,4641373.3185544,1.2,287,7,1,128-5,[]
TX,285.072240863,295156.824618154,4642695.842011545,1.2,253,8,2,125-13,[]
TX,285.296089654,289858.175952985,4642366.667334829,1.2,1337,10,1,262-9,[]
TX,285.319184173,292409.27788926,4641904.225579878,1.2,216,12,1,121-1,[]
TX,285.372353381,273858.748185822,4631211.438736222,1.2,1403,12,1,270-28,[]
TX,285.52001109,291067.677087015,4644055.835251662,1.2,2624,12,1,93-29,[]
TX,285.800970822,291941.906252816,4642585.643986789,1.2,813,12,1,190-19,[]
TX,285.802331261,292436.182546046,4641741.898002229,1.2,1127,12,2,238-27,[]
TX,285.809398756,293136.11528399,4640629.165394996,1.2,1593,12,1,305-15,[]
TX,285.839363712,293363.421078769,4640076.471359511,1.2,1735,12,1,321-18,[]
TX,285.882674475,291073.67120066,4644032.953685072,1.2,2611,12,1,93-1,[]
TX,285.905907994,272175.177072101,4627868.618538048,1.2,1721,12,1,318-4,[]
TX,286.001492498,290104.311031064,4635292.661638985,1.2,656,12,1,167-18,[]
TX,286.115994051,290399.092974869,4643411.546795416,1.2,1065,12,1,229-3,[]
TX,286.148336184,292343.749608206,4642045.816920624,1.2,1162,12,1,24-2,[]
TX,286.208719348,291745.054525043,4642400.040035611,1.2,708,12,1,176-28,[]
TX,286.267494248,288188.410073672,4634725.813923509,1.2,134,12,2,11-20,[]
TX,286.351458556,291702.042323432,4640156.300744616,1.2,2520,12,1,81-25,[]
TX,286.487418201,292323.890061635,4642051.163309513,1.2,1149,12,1,239-8,[]
TX,286.501775284,292553.521295274,4641728.955636842,1.2,1002,12,1,220-28,[]
TX,286.527362721,285770.318879269,4634336.956610038,1.2,1619,12,1,308-10,[]
TX,286.539498181,292461.468804865,4643217.04971513,1.2,2210,12,1,48-26,[]
TX,286.728455903,281806.768683972,4632840.443391419,1.2,1833,12,1,336-21,[]
TX,286.76925426,290422.876797501,4641809.656812274,1.2,654,9,1,167-16,[]
TX,286.79582224,284759.974611393,4642892.284740843,1.2,2012,12,1,362-18,[]
TX,286.886847017,291037.535735361,4644009.555368307,1.2,766,12,2,185-3,[]
TX,287.11252109,290945.625764117,4639039.611178605,1.2,1516,10,2,290-19,[]
TX,287.343527322,299757.301464279,4630049.138742875,1.2,1001,12,1,220-27,[]
TX,287.742648215,290082.481030748,4642395.617072596,1.2,537,9,1,152-28,[]
TX,287.746720703,294222.122988074,4641975.973227849,1.2,2623,9,1,93-28,"[['RX_GW', 288.118487237, 2623, 9, 1, 868.1, -127.960215666, '00:00:00:00:00:04']]"
TX,287.784959575,295573.743865815,4645679.962522192,1.2,1885,12,1,340-26,[]
TX,287.794019296,290086.904605703,4645640.686076865,1.2,2479,12,1,76-22,[]
TX,287.938706388,292108.03739665,4641758.205713818,1.2,1614,12,2,306-3,[]
TX,288.075260938,292590.381497802,4641473.782475296,1.2,382,12,1,139-24,[]
TX,288.213122611,290961.208259248,4642851.987082542,1.2,30,12,2,101-21,[]
TX,288.293222917,290336.657752227,4642337.463643135,1.2,1846,10,2,337-24,[]
TX,288.361893961,295630.391617598,4645565.664400689,1.2,2187,12,1,47-16,[]
TX,288.535569309,291556.682785807,4643893.341273858,1.2,127,12,1,109-4,[]
TX,288.641379663,288019.341320928,4639267.323819211,1.2,147,12,2,110-22,[]
TX,288.699990473,291941.654742694,4642589.409852441,1.2,839,12,2,195-21,[]
TX,288.779871413,287634.568945358,4634317.739010361,1.2,246,12,1,124-4,[]
TX,288.845826587,292510.142124381,4638492.293106032,1.2,1676,12,1,310-29,[]
TX,288.858186402,292574.577100746,4643834.501883098,1.2,726,12,1,181-18,[]
TX,288.916969388,273657.693242887,4630686.723128827,1.2,2128,12,2,42-27,[]
TX,288.921102018,292718.764494194,4641710.056492003,1.2,2117,12,1,41-28,[]
TX,288.930034473,290744.750006793,4642885.314343312,1.2,2481,11,1,76-24,"[['RX_GW', 290.410795084, 2481, 11, 1, 868.1, -134.196325644, '00:00:00:00:00:02']]"
TX,288.963233028,287414.79703476,4641209.366651923,1.2,2164,12,1,45-4,[]
TX,288.986134928,290964.034620526,4642005.846232751,1.2,2132,10,2,43-13,[]
TX,289.087345062,289227.822145078,4642378.059880491,1.2,1324,10,1,261-26,[]
TX,289.123892117,289874.219749613,4635513.104666184,1.2,160,12,1,111-27,[]
TX,289.354020633,290671.715606325,4642304.278641716,1.2,468,10,1,148-18,[]
TX,289.498318875,291973.648765777,4643694.69100221,1.2,236,12,1,124-18,[]
TX,289.55103546,290051.343331617,4639676.297563412,1.2,1387,9,1,269-30,[]
TX,289.605029445,292729.869337858,4643720.946422386,1.2,1964,12,2,353-3,[]
TX,289.645865803,285619.15283349,4641250.221322502,1.2,2072,12,1,371-19,[]
TX,289.667266898,302763.730367906,4644991.788485042,1.2,2536,12,1,82-6,[]
TX,289.69073511,290980.255944145,4639055.014971028,1.2,864,10,1,198-25,[]
TX,289.74162514,292247.9935229,4638735.181037224,1.2,2344,12,1,61-5,[]
TX,289.793303626,271892.239013218,4630087.359045682,1.2,946,12,1,21-12,[]
TX,289.836850041,291432.564731364,4643094.298561925,1.2,1954,12,2,351-6,[]
TX,289.932998946,288390.145575128,4637032.197580886,1.2,2109,12,1,41-11,[]
TX,289.937566874,291992.346167194,4642608.246298723,1.2,2660,12,1,97-20,[]
TX,289.984190095,290706.248151002,4641291.673878678,1.2,1671,7,1,310-18,[]
TX,290.024111313,273686.316130735,4630634.939540086,1.2,1986,12,2,358-13,[]
TX,290.049671831,293226.189585307,4641907.077018672,1.2,1473,12,1,287-12,[]
TX,290.08592524,295638.048000345,4645566.363102043,1.2,774,12,1,186-13,[]
TX,290.123114768,291399.726649394,4641372.626454098,1.2,856,9,1,198-10,[]
TX,290.130913157,292677.483900698,4642815.996139378,1.2,2287,12,2,55-6,[]
TX,290.136920113,292396.537495979,4637324.303068903,1.2,1663,12,1,31-3,[]
TX,290.213873322,290307.16119721,4636227.450866279,1.2,361,12,1,138-21,[]
TX,290.214742388,272223.982233344,4630077.870851584,1.2,836,12,2,195-18,[]
TX,290.336464808,292058.754730685,4641802.588058679,1.2,1698,12,1,315-4,[]
TX,290.34106711,293660.126236966,4641767.881928122,1.2,929,12,2,206-12,[]
TX,290.376556381,290413.523568194,4647316.291520348,1.2,1899,12,2,341-4,[]
TX,290.47074912,293905.038978215,4645265.331104601,1.2,2615,12,1,93-18,[]
TX,290.506055374,290313.357109872,4643360.485139004,1.2,2059,12,1,368-19,[]
TX,290.535148054,290954.76845524,4639054.684815963,1.2,2393,10,1,70-1,[]
TX,290.548280451,293205.855589512,4644054.519054173,1.2,1056,12,2,226-8,[]
TX,290.570919853,294360.969499928,4644245.018612353,1.2,2010,12,1,361-7,[]
TX,290.599623645,293705.125589094,4645354.721138154,1.2,2619,12,2,93-21,[]
TX,290.780476523,290837.662631916,4638356.973168228,1.2,997,12,1,220-14,[]
TX,290.842227054,293415.521132362,4654666.560784601,1.2,1694,12,1,315-18,[]
TX,290.860180393,289068.566258648,4642621.97880285,1.2,1934,12,1,349-13,[]
TX,290.894383519,292499.721348271,4641913.351621328,1.2,1637,12,1,309-21,[]
TX,291.112436855,291482.73797419,4642006.29847471,1.2,129,12,1,109-6,[]
TX,291.196489561,283314.009244989,4632908.830286969,1.2,809,12,2,190-15,[]
TX,291.394731893,291865.527254739,4642566.050852021,1.2,2436,12,1,72-16,[]
TX,291.49238582,289177.686785441,4642517.578542949,1.2,2020,10,1,363-13,[]
TX,291.544278743,273759.464785412,4630642.833319718,1.2,2324,12,1,59-17,[]
TX,291.773624319,291483.116613729,4642500.106154321,1.2,57,11,1,103-21,[]
TX,291.79385111,291989.758664738,4643715.94264724,1.2,400,12,1,140-10,[]
TX,291.811498034,290659.115623731,4641303.967711809,1.2,72,7,2,104-5,[]
TX,291.832134929,291816.258561272,4642563.007537214,1.2,1731,12,2,320-28,[]
TX,291.836772114,292279.048112357,4637690.42956334,1.2,834,12,1,194-8,[]
TX,292.111042178,289675.930308291,4641164.746026818,1.2,2346,7,1,61-7,[]
TX,292.116436772,291364.611308908,4642031.347232491,1.2,1269,10,1,254-21,[]
TX,292.162792959,289227.264473468,4642505.946327771,1.2,519,10,1,151-25,[]
TX,292.175218572,289978.447368047,4637836.604524151,1.2,2545,12,1,83-21,[]
TX,292.195658613,291691.718818587,4642118.408643402,1.2,346,11,1,137-24,[]
TX,292.230457273,291862.702032911,4642557.236246466,1.2,448,12,1,145-28,[]
TX,292.357099968,292338.593378739,4642018.045230922,1.2,15,12,2,100-7,[]
TX,292.368057047,289020.670356221,4641916.043336374,1.2,55,8,1,103-19,[]
TX,292.400507656,292436.473434082,4642584.892610177,1.2,310,12,1,130-21,[]
TX,292.45385505,282586.42906977,4639675.718357222,1.2,2115,12,1,41-26,[]
TX,292.463321013,290991.434100578,4644442.345890359,1.2,1083,12,1,231-27,[]
TX,292.500865794,292686.9300196,4641806.103227933,1.2,2478,12,1,76-14,[]
TX,292.537284118,292812.15981579,4642787.116804078,1.2,572,12,1,157-3,[]
TX,292.688687839,290066.313513923,4641526.777356391,1.2,413,7,1,140-24,[]
TX,292.693720404,299767.490653984,4630174.429309662,1.2,2193,12,1,47-24,[]
TX,293.009508272,291021.806423381,4641932.571902564,1.2,189,9,1,115-14,[]
TX,293.156919083,291828.136415679,4642543.491390267,1.2,1862,12,2,339-22,[]
TX,293.215197182,291894.534303861,4642565.838293526,1.2,316,12,1,130-3,[]
TX,293.235062333,290439.360076018,4642869.175707265,1.2,1348,12,2,264-7,[]
TX,293.329366322,287981.390422421,4638938.590869311,1.2,1214,12,1,246-12,[]
TX,293.376056738,289719.299903045,4647158.217341982,1.2,1024,12,1,223-14,[]
TX,293.380879266,291931.672144838,4642598.818566598,1.2,2483,12,1,76-26,[]
TX,293.523479474,294309.133902842,4639032.707311315,1.2,680,12,1,172-18,[]
TX,293.577469201,287688.782810441,4639483.734952039,1.2,269,12,1,127-20,[]
TX,293.697932313,287880.478692275,4645672.13407494,1.2,305,12,1,130-14,[]
TX,293.707471967,291282.535334096,4642388.328955376,1.2,1519,12,1,290-21,[]
TX,293.777878281,291151.635982876,4636174.49058848,1.2,749,12,1,182-24,[]
TX,293.803477871,291225.434904522,4642271.076907793,1.2,1562,11,1,3-24,[]
TX,293.876388069,273714.231164125,4630622.539844989,1.2,2313,12,1,57-8,[]
TX,293.956088531,286736.508954504,4645891.345345446,1.2,676,12,2,171-26,[]
TX,294.095978367,291865.008015232,4642550.867511096,1.2,2232,12,1,50-25,[]
TX,294.244381786,290869.02260214,4635895.812253733,1.2,1839,12,1,336-6,[]
TX,294.307256459,290986.259802861,4640938.033845204,1.2,2348,7,2,62-14,[]
TX,294.396125773,289635.177194161,4643593.242869809,1.2,1657,12,2,31-21,[]
TX,294.587115797,291025.838966976,4644010.101313983,1.2,165,12,1,112-19,[]
TX,294.59697571,291790.761028163,4642590.932751787,1.2,1115,12,1,237-14,[]
TX,294.644047569,291141.125862173,4642927.118661335,1.2,177,12,2,113-11,[]
TX,294.673967895,288628.192934238,4635214.555448228,1.2,414,12,1,140-25,[]
TX,294.679593758,293085.614115705,4642627.907490427,1.2,1924,12,1,348-17,[]
TX,294.690064712,291017.036360817,4644028.93124109,1.2,63,12,1,103-6,[]
TX,294.694812082,289494.594733602,4642587.260759798,1.2,576,12,1,157-7,[]
TX,294.717883761,290569.561650133,4643880.235854265,1.2,2439,12,1,72-19,[]
TX,294.728233316,290181.700599517,4635340.996069544,1.2,2510,12,1,80-18,[]
TX,294.784466742,292820.494527734,4644274.931614751,1.2,999,12,2,220-25,[]
TX,294.835982477,276715.710164404,4627238.343338184,1.2,1918,12,1,347-24,[]
TX,294.882516641,273707.321388741,4630655.045957102,1.2,1294,12,1,256-26,[]
TX,294.961048022,294306.338216219,4639019.655105607,1.2,2009,12,1,361-6,[]
TX,295.14699185,293296.380648869,4649490.534910534,1.2,199,12,2,119-14,[]
TX,295.273982081,286705.91347601,4641701.319159406,1.2,962,12,2,211-28,[]
TX,295.334425715,298201.870530434,4638192.940742982,1.2,1582,12,1,304-17,[]
TX,295.396734201,291861.766146545,4642563.555737134,1.2,1781,12,1,330-21,[]
TX,295.55515651,292405.223339144,4637348.796337444,1.2,631,12,1,163-12,[]
TX,295.567770227,292210.852654968,4639437.261487377,1.2,2087,12,1,39-10,[]
TX,295.595468336,289228.544287593,4642391.219036849,1.2,2599,12,2,91-17,[]
TX,295.631058279,291756.524334012,4642518.642446275,1.2,373,12,1,138-7,[]
TX,295.748913381,292061.437783453,4642273.829135206,1.2,2110,12,2,41-12,[]
TX,295.878131829,282843.317542563,4632855.688320708,1.2,975,12,2,215-10,[]
TX,295.908728951,290058.301753698,4634495.850138659,1.2,2667,12,1,97-27,[]
TX,296.002980663,288984.865867429,4635017.091643404,1.2,861,12,1,198-22,[]
TX,296.012122666,299740.221894255,4630075.156930469,1.2,974,12,1,214-7,[]
TX,296.018034439,292642.106479235,4641767.571257248,1.2,1951,12,2,351-3,[]
TX,296.082843021,291044.493653199,4644013.086809104,1.2,740,12,1,181-9,[]
TX,296.164457616,289318.419346469,4639758.807169178,1.2,446,9,1,145-26,[]
TX,296.182267765,293908.950632532,4643241.491500368,1.2,25,12,1,101-17,[]
TX,296.347429934,287765.077599947,4645623.133585003,1.2,1445,12,2,279-11,[]
TX,296.481548801,292528.457942082,4642920.391715631,1.2,553,12,1,155-1,[]
TX,296.52404575,285728.365624482,4640638.309009237,1.2,0,12,1,100-10,[]
TX,296.636851322,290069.417322273,4642512.424392519,1.2,474,10,2,148-24,[]
TX,296.772771265,292121.330912581,4637036.762148432,1.2,153,12,1,110-28,[]
TX,296.816272437,290211.3125494,4642596.218331695,1.2,172,10,1,112-4,[]
TX,296.842491171,299773.597724988,4630306.385227741,1.2,298,12,1,129-26,[]
TX,297.143280321,290463.919987394,4640630.519499675,1.2,2301,7,1,56-27,[]
TX,297.185098825,292058.917951122,4642911.323255383,1.2,912,12,1,203-26,[]
TX,297.206412609,283100.822357181,4642845.393264318,1.2,1188,12,1,242-13,[]
TX,297.211802966,290179.453832679,4643360.12307524,1.2,2148,12,2,44-12,[]
TX,297.21955725,291039.232084192,4641931.157834412,1.2,1631,9,1,309-1,[]
TX,297.259521328,294856.587654376,4647356.152319863,1.2,720,12,1,179-7,[]
TX,297.348332229,293779.671346235,4640298.849305484,1.2,297,12,2,129-25,[]
TX,297.432753761,293233.785173729,4640219.450847284,1.2,1642,12,1,309-6,[]
TX,297.583708701,291873.311932401,4641641.915228361,1.2,1701,12,1,315-7,[]
TX,297.590224025,290499.760070239,4642105.094577385,1.2,1496,9,1,288-18,[]
TX,297.883551395,293283.495654836,4643181.30168271,1.2,1134,12,1,239-18,[]
TX,297.915488962,287620.075878933,4630971.436727175,1.2,2211,12,1,48-27,[]
TX,297.990081408,291055.710932439,4644021.792239388,1.2,218,12,1,121-18,[]
TX,297.999976105,290240.935002572,4640234.324289545,1.2,1683,7,1,311-18,[]
TX,298.049955161,290577.48358856,4635653.751428412,1.2,1373,12,1,268-5,[]
TX,298.141672325,286122.113878555,4634505.388333432,1.2,713,12,1,178-4,[]
TX,298.285221155,289950.122725521,4634408.71743201,1.2,1775,12,1,330-12,[]
TX,298.493911837,290675.344204896,4641307.863722661,1.2,1185,7,2,241-27,[]
TX,298.778201705,290975.210504228,4641177.964166182,1.2,1060,8,2,229-18,"[['RX_GW', 298.985614733, 1060, 8, 2, 868.1, -124.039785748, '00:00:00:00:00:02']]"
TX,298.80406846,287992.329328938,4643218.99146226,1.2,1096,12,1,232-4,[]
TX,298.912419791,271913.567806667,4630606.546792694,1.2,2561,12,1,84-24,[]
TX,298.97251343,292353.829632026,4642007.872507814,1.2,2162,12,1,45-3,[]
TX,299.003789958,291888.91376407,4642860.255393395,1.2,644,12,2,163-28,[]
TX,299.089517646,288383.154339825,4642774.083804579,1.2,1192,12,2,244-11,[]
TX,299.242201099,291253.278374596,4640378.592529038,1.2,1138,10,2,239-23,[]
TX,299.291819672,291746.999070925,4639494.925356044,1.2,917,12,1,204-12,[]
TX,299.36237204,291065.486519779,4643410.947783128,1.2,1330,12,1,262-11,[]
TX,299.387984343,273723.692701171,4630667.653689281,1.2,1536,12,1,293-30,[]
TX,299.551966019,289600.918928503,4642359.235240882,1.2,873,10,1,199-23,[]
TX,299.577417532,290982.087552995,4640748.048446476,1.2,943,8,2,209-27,[]
TX,299.609528253,292336.855863677,4642317.753719053,1.2,2237,12,1,50-3,[]
TX,299.752183921,290358.151503924,4641824.939602307,1.2,1974,9,1,356-9,[]
TX,299.773485691,290801.366468401,4643808.954227557,1.2,1675,12,1,310-21,[]
TX,299.881715764,290887.004729717,4638609.283756365,1.2,1617,12,1,306-6,[]
TX,299.893328262,293263.79543471,4639495.337048356,1.2,1810,12,1,332-9,[]
TX,299.995141359,294958.726669052,4645014.314775124,1.2,948,12,1,21-14,[]
TX,300.212113035,292350.096457134,4637514.273624667,1.2,685,12,2,172-5,[]
TX,300.291845723,290631.178537704,4641098.617228495,1.2,435,7,2,143-14,[]
TX,300.299609947,290769.857170579,4637884.043687894,1.2,1154,12,2,24-12,[]
TX,300.683421324,292891.628432988,4642213.630050639,1.2,1508,12,2,29-24,[]
TX,300.741038395,290613.522404404,4635617.525390336,1.2,2142,12,2,43-4,[]
TX,300.794006094,292573.221509169,4641281.413416873,1.2,6,12,2,100-24,[]
TX,301.197804651,291913.445566681,4642573.792170159,1.2,2435,12,2,72-15,[]
TX,301.258016036,293312.856358841,4644279.763521521,1.2,770,12,2,185-7,[]
TX,301.646918246,295179.764549075,4638491.512508092,1.2,963,12,2,214-1,[]
TX,301.71416725,283981.911863105,4640190.453070606,1.2,1114,12,2,237-13,[]
TX,302.068318733,302111.906902023,4640255.538109937,1.2,1436,12,2,275-19,[]
TX,302.366426431,289589.328434507,4642506.19739955,1.2,1688,10,2,311-4,"[['RX_GW', 303.025937412, 1688, 10, 2, 868.1, -131.546185798, '00:00:00:00:00:02']]"
TX,302.418242764,289946.619532979,4634417.899360106,1.2,2317,12,2,58-20,[]
TX,302.453875546,290482.778104355,4640766.81990091,1.2,2575,7,2,85-12,[]
TX,302.548107144,290569.89275744,4645917.57815875,1.2,691,12,2,173-26,[]
TX,302.613544154,290855.516806533,4641186.526755909,1.2,2000,8,2,359-1,[]
TX,302.791936169,290230.58473993,4635022.606796553,1.2,522,12,2,151-3,[]
TX,303.037451772,285397.422811288,4640948.842148184,1.2,998,12,2,220-24,[]
TX,303.388748977,288638.026527834,4648743.140378453,1.2,1704,12,2,317-17,[]
TX,303.69652087,289192.103211106,4643184.760731472,1.2,181,12,2,113-24,[]
TX,303.819719816,291175.879804489,4640453.830584211,1.2,2669,9,2,97-3,[]
TX,303.85519598,292726.32475506,4642085.90429219,1.2,226,12,2,121-5,[]
TX,303.890732216,290474.901180281,4641815.453170778,1.2,1666,8,2,31-5,[]
TX,303.981069697,294794.448309377,4646116.975979087,1.2,2618,12,2,93-20,[]
TX,304.05519774,294016.898347525,4641809.452895448,1.2,1073,10,2,231-13,[]
TX,304.334140166,291949.178183199,4644225.884867745,1.2,1742,12,2,321-6,[]
TX,304.757984,290699.08355821,4637523.019353201,1.2,2578,12,2,85-27,[]
TX,305.251041295,288677.425460532,4643768.964467349,1.2,848,12,2,197-19,[]
TX,305.362729224,288624.852941361,4620266.962749965,1.2,991,12,2,22-14,[]
TX,305.514290206,295116.054336964,4642704.63251738,1.2,2503,8,2,8-21,[]
TX,305.598338347,292733.937671561,4642775.56421587,1.2,1980,12,2,357-4,[]
TX,305.793552926,295825.661079951,4639315.299872881,1.2,2025,12,2,363-2,[]
TX,306.524582175,291874.036435918,4636203.728935604,1.2,1304,12,2,259-20,[]
TX,306.975734662,292741.253006058,4642106.269635606,1.2,232,12,2,124-13,[]
TX,306.987928558,294132.097753528,4647410.594218615,1.2,95,12,2,107-12,[]
TX,307.010751998,290448.696940547,4643684.172202283,1.2,1882,12,2,340-22,[]
TX,307.482825342,292633.857446948,4641759.69991337,1.2,213,12,2,12-4,[]
TX,307.736752306,291019.766493686,4639226.803355236,1.2,2220,12,2,50-10,[]
TX,307.784772349,290559.618925539,4635561.680393917,1.2,2349,12,2,62-26,[]
TX,307.91279941,291387.381767268,4642032.3176282,1.2,2101,10,2,40-13,[]
TX,309.196083192,290073.947939603,4642393.368998274,1.2,2558,9,2,84-2,[]
TX,309.595119152,294370.227077872,4643117.505031275,1.2,790,12,2,187-4,[]
TX,309.639290577,287456.371383652,4641216.416315858,1.2,2416,12,2,71-20,[]
TX,309.675629275,290291.61259027,4642338.834298043,1.2,110,10,2,109-14,"[['RX_GW', 310.335139696, 110, 10, 2, 868.1, -132.33785592, '00:00:00:00:00:02']]"
TX,309.810328426,291108.951944499,4643750.873830006,1.2,1958,12,2,353-18,[]
TX,310.011584584,292531.739862992,4642896.473843045,1.2,897,12,2,202-11,[]
TX,310.348736591,289213.448085205,4642072.273791794,1.2,1828,9,2,336-1,"[['RX_GW', 310.720502695, 1828, 9, 2, 868.1, -129.302494471, '00:00:00:00:00:02']]"
TX,311.232004335,289617.887174632,4642241.351815827,1.2,534,9,2,152-25,"[['RX_GW', 311.603770425, 534, 9, 2, 868.1, -129.806736672, '00:00:00:00:00:02']]"
TX,311.24826083,290108.76035153,4641494.828648003,1.2,1235,7,2,249-5,[]
TX,311.325070583,291841.041722322,4642561.367025028,1.2,2100,12,2,40-12,[]
TX,311.902804099,291167.7656309,4642479.574665569,1.2,367,11,2,138-27,"[['RX_GW', 313.383564233, 367, 11, 2, 868.1, -134.655810708, '00:00:00:00:00:02']]"
TX,312.453240279,299571.683155369,4630025.578779533,1.2,1716,12,2,318-18,[]
TX,312.6308337,292706.707787557,4641792.891050081,1.2,1669,12,2,310-1,[]
TX,312.707550788,292347.788031839,4641969.652881377,1.2,2555,12,2,84-17,[]
TX,312.943209501,285189.078398972,4640740.734345774,1.2,604,12,2,160-21,[]
TX,313.154833017,292131.20666459,4642156.242068921,1.2,773,12,2,186-12,[]
TX,313.358414955,291982.35595481,4643703.448256155,1.2,681,12,2,172-20,[]
TX,313.97273132,291907.782987988,4642352.197098169,1.2,1142,12,2,239-27,[]
TX,314.0528116,289420.689715975,4641745.721926087,1.2,1586,7,2,304-29,[]
TX,314.146880801,290930.237479066,4638873.532180399,1.2,557,12,2,155-2,[]
TX,314.508160713,292659.9581707,4643060.682281097,1.2,290,12,2,129-10,[]
TX,314.756504586,292171.373940234,4640825.032703466,1.2,219,12,2,121-19,[]
TX,314.889553223,288841.240489716,4638499.947412511,1.2,2310,12,2,57-11,[]
TX,315.34045232,271811.16807274,4630687.444290305,1.2,1298,12,2,256-5,[]
TX,315.411639931,289413.017140563,4645291.21213357,1.2,2662,12,2,97-22,[]
TX,315.557311536,283180.227946304,4632900.997641099,1.2,1523,12,2,290-6,[]
TX,315.932248017,276093.6130098,4631929.280364407,1.2,1256,12,2,254-1,[]
TX,316.087135148,289706.181857686,4635452.386587467,1.2,2146,12,2,44-10,[]
TX,316.345176705,288954.731235938,4642639.142806858,1.2,1427,12,2,274-29,[]
TX,316.40553767,290418.509155262,4643858.938950278,1.2,2172,12,2,46-18,[]
TX,316.634430699,291700.26527418,4642146.498083368,1.2,1152,11,2,24-10,[]
TX,316.715502437,291248.547205732,4642265.767520845,1.2,1040,11,2,226-18,[]
TX,316.744658321,291667.152409689,4642105.126924153,1.2,1212,11,2,245-28,[]
TX,317.627073195,289370.347471808,4642449.960631993,1.2,1767,10,2,326-21,[]
TX,317.840945137,289345.597171393,4635103.794471581,1.2,366,12,2,138-26,[]
TX,318.260978935,295402.612256771,4640746.555895737,1.2,769,7,2,185-6,"[['RX_GW', 318.37597578, 769, 7, 2, 868.1, -122.546013514, '00:00:00:00:00:04']]"
TX,318.753749625,291046.353614936,4641119.796407737,1.2,2370,8,2,67-5,"[['RX_GW', 318.961162841, 2370, 8, 2, 868.1, -124.782998604, '00:00:00:00:00:02']]"
TX,318.828524008,290656.458778904,4646613.247424274,1.2,1884,12,2,340-25,[]
TX,318.963895562,291279.429200608,4642371.353779484,1.2,1543,11,2,294-26,"[['RX_GW', 320.444655659, 1543, 11, 2, 868.1, -134.362842576, '00:00:00:00:00:02']]"
TX,319.186273116,295612.788006249,4645557.681215649,1.2,1784,12,2,330-27,[]
TX,319.366951502,273702.869382211,4630620.761302737,1.2,191,12,2,115-25,[]
TX,319.40772471,290982.648998418,4640892.015991116,1.2,273,7,2,127-5,[]
TX,319.5380969,289325.22624839,4648358.358388821,1.2,229,12,2,122-19,[]
TX,319.569497592,290822.882405726,4635540.994912203,1.2,2589,12,2,87-28,[]
TX,319.578053875,273681.762276982,4630635.271322549,1.2,1921,12,2,347-28,[]
TX,319.884763656,291112.453636715,4644082.438547405,1.2,583,12,2,158-24,[]
TX,320.113284966,289303.731567821,4639770.79776316,1.2,1430,9,2,274-6,[]
TX,320.224153,290696.354487336,4641293.755669124,1.2,2338,7,2,61-20,[]
TX,320.340611336,291375.824645667,4641437.300060933,1.2,1529,10,2,293-17,[]
TX,320.400014336,293187.401767425,4639024.049536092,1.2,632,12,2,163-13,[]
TX,320.523800621,290421.091282181,4644184.223720744,1.2,1093,12,2,232-19,[]
TX,320.917955958,291092.288276401,4641023.815712848,1.2,806,8,2,19-5,"[['RX_GW', 321.12536928, 806, 8, 2, 868.1, -125.950757888, '00:00:00:00:00:02']]"
TX,320.94119811,290439.483113675,4642870.733433321,1.2,2341,12,2,61-3,[]
TX,321.045259703,290156.774215079,4635342.387833333,1.2,843,12,2,195-6,[]
TX,321.307546112,291481.076757418,4642489.160465765,1.2,612,12,2,162-12,[]
TX,321.318347603,292109.018351271,4643632.845467873,1.2,2307,12,2,56-7,[]
TX,321.465757113,289568.299866619,4642426.84011672,1.2,1275,9,2,254-3,[]
TX,321.984328491,292312.341964596,4642039.138397713,1.2,2033,12,2,363-30,[]
TX,322.063393848,271672.466814696,4630654.301867588,1.2,1383,12,2,269-20,[]
TX,322.100029768,290269.99247334,4635881.254080626,1.2,1236,12,2,249-6,[]
TX,322.676767562,290618.995946286,4646619.152755256,1.2,1925,12,2,348-18,[]
TX,322.681007406,292324.962378389,4642050.917290702,1.2,1140,12,2,239-25,[]
TX,322.798034599,291034.95924823,4640553.092461742,1.2,636,7,2,163-18,[]
TX,323.031990982,292408.656577353,4644428.373433485,1.2,376,12,2,139-10,[]
TX,323.62376628,292434.910543742,4643724.920685272,1.2,2218,12,2,49-9,[]
TX,324.105226546,282336.071994465,4632823.235910869,1.2,1627,12,2,308-25,[]
TX,324.264475061,292437.710434812,4641592.010611428,1.2,1853,12,2,338-5,[]
TX,324.345350358,295120.959437273,4642695.223893849,1.2,452,8,2,147-11,[]
TX,324.454345397,290086.837499132,4645126.654796501,1.2,1820,12,2,334-5,[]
TX,324.62714562,292151.779436153,4642933.278020103,1.2,1195,12,2,244-14,[]
TX,324.690639995,290787.691960295,4642276.423067432,1.2,2610,10,2,91-7,[]
TX,324.710547388,293705.845614259,4645359.61567953,1.2,2616,12,2,93-19,[]
TX,324.869699595,292241.113993861,4638755.694541954,1.2,1589,12,2,305-11,[]
TX,325.166685127,291040.139923581,4637433.993781538,1.2,406,12,2,140-16,[]
TX,325.179879129,295030.017724146,4645225.901208956,1.2,2201,12,2,47-6,[]
TX,325.489592086,289531.284918275,4641787.096012303,1.2,1592,7,2,305-14,[]
TX,325.664989753,289506.171627092,4635226.137274614,1.2,1247,12,2,250-7,[]
TX,325.962926887,295140.592939673,4642687.528746678,1.2,1711,8,2,317-6,[]
TX,326.016992599,291773.046673379,4640791.261403766,1.2,1493,12,2,287-8,[]
TX,326.282235772,271682.432218245,4630724.057240694,1.2,599,12,2,159-7,[]
TX,326.493948036,292139.04466706,4638948.571184884,1.2,1067,12,2,229-5,[]
TX,326.831720824,289770.936777436,4643208.762295745,1.2,620,12,2,162-27,[]
TX,327.093375439,289200.871446412,4642064.12597247,1.2,1118,9,2,237-26,"[['RX_GW', 327.465141543, 1118, 9, 2, 868.1, -129.301672702, '00:00:00:00:00:02']]"
TX,327.620175771,291056.583008596,4641691.455997802,1.2,47,9,2,102-21,"[['RX_GW', 327.991941795, 47, 9, 2, 868.1, -129.271303508, '00:00:00:00:00:02']]"
TX,327.982962682,294264.439165183,4639049.23739443,1.2,2437,12,2,72-17,[]
TX,327.983375793,290782.728655744,4637969.870876603,1.2,1164,12,2,24-21,[]
TX,328.020219431,292646.019570269,4643063.190630405,1.2,918,12,2,204-13,[]
TX,328.24488594,286632.266880127,4641695.202673011,1.2,1401,12,2,270-25,[]
TX,328.253690999,292490.467568481,4641400.693614189,1.2,1635,12,2,309-2,[]
TX,328.325475571,291031.493378152,4641557.80032961,1.2,748,10,2,182-23,[]
TX,328.559462601,290917.387489878,4641230.341108125,1.2,1357,7,2,266-28,[]
TX,328.671169716,290066.936998075,4641527.835555651,1.2,1893,7,2,340-9,[]
TX,329.101604096,291185.668104053,4641319.368028036,1.2,2293,8,2,56-14,[]
TX,329.134643923,292002.228662551,4642608.528385011,1.2,2055,12,2,367-7,[]
TX,329.40602964,294409.100725391,4642770.811045984,1.2,1169,11,2,24-28,[]
TX,329.427059138,291048.01632492,4632414.549560592,1.2,372,12,2,138-6,[]
TX,329.636284759,294139.432829795,4647412.025870535,1.2,99,12,2,107-23,[]
TX,329.659532659,290061.057088859,4642383.942052275,1.2,1397,9,2,270-18,[]
TX,329.692655075,289315.883177292,4639755.233614638,1.2,1223,9,2,248-19,[]
TX,329.721507613,289706.958265171,4647165.825499564,1.2,422,12,2,140-7,[]
TX,329.864953859,290859.694779835,4641282.978576765,1.2,905,8,2,202-26,[]
TX,329.906901705,284539.053649784,4631900.905093294,1.2,1450,12,2,28-12,[]
TX,329.92814522,291046.751838559,4639282.515712738,1.2,1985,12,2,358-11,[]
TX,330.019116302,289633.680432069,4646720.409013393,1.2,2345,12,2,61-6,[]
TX,330.270678997,291839.795222679,4642557.111085404,1.2,1887,12,2,340-28,[]
TX,330.307344997,293036.021351185,4644128.701623834,1.2,1047,12,2,226-25,[]
TX,330.309010783,299603.405869787,4627195.152683965,1.2,964,12,2,214-17,[]
TX,330.311455697,291233.93060581,4640396.290694274,1.2,1563,10,2,3-25,[]
TX,330.406064017,273706.947433132,4630648.434187074,1.2,1196,12,2,244-22,[]
TX,330.4380124,291067.983211284,4644052.400189383,1.2,2617,12,2,93-2,[]
TX,330.441321813,290477.086918149,4640625.70910492,1.2,1211,7,2,245-27,[]
TX,330.886420965,291761.493570094,4642635.833283336,1.2,728,12,2,181-20,[]
TX,330.897477444,292302.004955773,4642055.138596141,1.2,14,12,2,100-6,[]
TX,330.969705953,290416.526160628,4641824.819209041,1.2,875,9,2,199-26,[]
TX,331.054892209,292665.996646053,4641792.368961044,1.2,950,12,2,21-25,[]
TX,331.092309999,292724.719891095,4642077.720569198,1.2,2382,12,2,68-7,[]
TX,331.207168852,294395.734294419,4643082.77456596,1.2,1088,12,2,231-7,[]
TX,331.293931775,290458.575390639,4641599.936117359,1.2,1462,7,2,282-21,[]
TX,331.420278675,272034.735906258,4629933.99375558,1.2,437,12,2,143-25,[]
TX,331.779660061,298963.073692032,4640405.607120068,1.2,2658,12,2,97-18,[]
TX,332.210963547,289506.547750296,4644817.237647358,1.2,453,12,2,147-12,[]
TX,332.531346014,290410.69039358,4642323.486132453,1.2,1607,9,2,305-6,[]
TX,332.836297226,288008.420542286,4641751.04431444,1.2,1100,12,2,233-10,[]
TX,332.935509603,288323.979388972,4638757.127184563,1.2,1217,12,2,246-25,[]
TX,333.184572252,294135.561555842,4647404.420997074,1.2,719,12,2,179-29,[]
TX,333.828792293,290360.799233255,4641792.774046608,1.2,1043,9,2,226-21,"[['RX_GW', 334.20055705, 1043, 9, 2, 868.1, -127.114982176, '00:00:00:00:00:02']]"
TX,334.054225305,290103.456446372,4634605.907536952,1.2,124,12,2,109-29,[]
TX,334.163411566,290432.835875706,4635835.166543798,1.2,1942,12,2,349-25,[]
TX,334.516543648,290365.927896547,4641807.231289005,1.2,2553,9,2,84-15,"[['RX_GW', 334.888308456, 2553, 9, 2, 868.1, -127.405539642, '00:00:00:00:00:02']]"
TX,334.675721277,282334.470739021,4638999.931385145,1.2,203,12,2,119-26,[]
TX,334.922710391,291072.993996175,4644030.933840053,1.2,2514,12,2,81-10,[]
TX,335.066891379,273054.468246187,4629909.638845093,1.2,1622,12,2,308-13,[]
TX,335.080986472,290343.373524785,4641438.975578031,1.2,1878,7,2,340-12,"[['RX_GW', 335.195982159, 1878, 7, 2, 868.1, -114.056270037, '00:00:00:00:00:02']]"
TX,335.119613971,272551.506020536,4629957.008604763,1.2,2362,12,2,67-15,[]
TX,335.322219565,286069.277933142,4640610.228747016,1.2,2493,12,2,79-4,[]
TX,335.370997555,292305.164455113,4642030.272137069,1.2,2035,12,2,363-7,[]
TX,335.556935957,294007.239387635,4644378.76786993,1.2,2457,12,2,75-11,[]
TX,335.740724253,292326.958976351,4642037.41496226,1.2,1390,12,2,269-6,[]
TX,335.887016899,293310.761597214,4644288.949014267,1.2,1343,12,2,264-21,[]
TX,336.050783123,292689.035077889,4641809.446607612,1.2,867,12,2,198-28,[]
TX,336.120618316,290057.380847519,4640950.571918055,1.2,2041,7,2,367-17,[]
TX,336.342235159,284480.40323999,4632919.904184559,1.2,2663,12,2,97-23,[]
TX,336.467317133,291829.937696025,4642546.448997485,1.2,333,12,2,131-9,[]
TX,336.476289687,292942.103498268,4640324.159224724,1.2,1270,12,2,254-25,[]
TX,336.648678973,289151.254492079,4642452.617159067,1.2,2560,12,2,84-21,[]
TX,336.72929812,291021.115239289,4640625.66111737,1.2,1811,8,2,334-15,[]
TX,336.775678299,291541.397634344,4641655.842437142,1.2,727,10,2,181-19,[]
TX,336.992456884,291801.097191159,4642552.818047201,1.2,11,12,2,100-3,[]
TX,337.152433278,291454.05255056,4641682.783542453,1.2,2106,10,2,40-27,[]
TX,337.217701072,290691.896438189,4641304.52589142,1.2,1105,7,2,233-9,[]
TX,337.505121826,293311.860359942,4644276.158049728,1.2,1822,12,2,334-7,[]
TX,337.559431482,293214.10939647,4640456.994418367,1.2,1662,12,2,31-29,[]
TX,337.780903377,292081.256502284,4642620.243030444,1.2,2270,12,2,53-20,[]
TX,337.876891785,292150.13177728,4644262.652412318,1.2,335,12,2,137-11,[]
TX,338.151631798,290353.365919872,4637186.468367177,1.2,2572,12,2,84-7,[]
TX,338.159593162,292710.976830395,4641834.273702685,1.2,1326,12,2,261-28,[]
TX,338.430546566,290856.172957214,4642271.797496496,1.2,650,10,2,163-7,"[['RX_GW', 339.09005754, 650, 10, 2, 868.1, -130.047693252, '00:00:00:00:00:02']]"
TX,338.678736103,292659.824977143,4642627.984325861,1.2,743,12,2,182-12,[]
TX,338.710987234,291860.31750115,4642565.591008927,1.2,2593,12,2,88-22,[]
TX,338.715887043,291980.881112564,4643717.272555678,1.2,862,12,2,198-23,[]
TX,339.437133446,290336.099736752,4641862.712482885,1.2,1686,8,2,311-21,"[['RX_GW', 339.644546374, 1686, 8, 2, 868.1, -126.132533886, '00:00:00:00:00:02']]"
TX,339.473159691,289997.659761663,4643470.215684237,1.2,1720,12,2,318-3,[]
TX,339.528061294,293835.659623198,4643285.124259289,1.2,480,12,2,148-4,[]
TX,339.553545751,293039.463482661,4642965.530789386,1.2,2264,12,2,51-5,[]
TX,339.651756677,289578.327812496,4642150.592059531,1.2,2095,8,2,39-26,"[['RX_GW', 339.8591705, 2095, 8, 2, 868.1, -126.760436388, '00:00:00:00:00:02']]"
TX,339.945731016,290986.503139779,4639053.177116762,1.2,1569,11,2,301-12,"[['RX_GW', 341.426491611, 1569, 11, 2, 868.1, -133.033802796, '00:00:00:00:00:02']]"
TX,340.337276076,301905.944630063,4639711.91752335,1.2,1177,12,2,241-10,[]
TX,340.44524208,290064.737577015,4642393.178764081,1.2,258,9,2,125-27,[]
TX,340.483464398,290670.825602836,4640604.783638903,1.2,1998,7,2,358-7,[]
TX,340.624256652,292811.182309453,4641973.865071041,1.2,2522,12,2,82-11,[]
TX,340.645809513,290382.140614433,4641811.014677198,1.2,904,9,2,202-25,[]
TX,340.66107905,291563.743405423,4636372.382360484,1.2,1292,12,2,256-24,[]
TX,340.6662098,291964.831168196,4642603.687262495,1.2,1116,12,2,237-24,[]
TX,340.67669305,289941.63899074,4643418.408829897,1.2,209,12,2,12-21,[]
TX,340.919387204,292524.137401473,4642919.916243602,1.2,18,12,2,101-10,[]
TX,341.024801795,294132.788010821,4647413.335885761,1.2,1700,12,2,315-6,[]
TX,341.127417093,273683.778802396,4630610.730190239,1.2,1545,12,2,297-17,[]
TX,341.153251062,290271.102904852,4642029.170441524,1.2,1672,7,2,310-19,[]
TX,341.194244859,291627.012087862,4644622.948968575,1.2,1476,12,2,287-17,[]
TX,341.432242792,290162.727490095,4635326.999329156,1.2,947,12,2,21-13,[]
TX,341.53922283,288397.878179563,4642387.52485575,1.2,589,11,2,159-15,"[['RX_GW', 343.019983492, 589, 11, 2, 868.1, -134.532513176, '00:00:00:00:00:02']]"
TX,341.631899358,272355.112393145,4629646.370822672,1.2,2395,12,2,70-18,[]
TX,341.846436206,288861.820511995,4642748.924466122,1.2,1465,12,2,282-5,[]
TX,341.860469041,291014.782426719,4641940.945871612,1.2,1976,9,2,357-18,[]
TX,341.870754061,291878.074448749,4642560.224246698,1.2,2103,12,2,40-24,[]
TX,341.940970974,289203.951846218,4642204.443347512,1.2,1500,9,2,288-3,[]
TX,342.005881598,287830.058487477,4631070.505887157,1.2,994,12,2,22-26,[]
TX,342.029895794,291188.728724092,4641972.617493613,1.2,169,10,2,112-29,[]
TX,342.04498153,298537.968799552,4643067.383585318,1.2,908,12,2,203-10,[]
TX,342.088960151,287808.5004204,4637491.589441814,1.2,1623,12,2,308-14,[]
TX,342.33890775,292898.558923128,4642009.514274739,1.2,2654,12,2,97-12,[]
TX,342.384638193,292248.430962307,4638769.599400247,1.2,594,12,2,159-20,[]
TX,342.564113487,287056.215261337,4641576.848016003,1.2,2302,12,2,56-28,[]
TX,342.881327142,293050.068608426,4643434.743715016,1.2,668,12,2,171-11,[]
TX,343.047753378,290129.206084681,4635326.20274087,1.2,1245,12,2,250-5,[]
TX,343.213724565,295050.64846774,4642894.244458132,1.2,2222,10,2,50-12,[]
TX,343.305459071,291133.127780342,4641389.248486261,1.2,606,8,2,160-4,"[['RX_GW', 343.512872823, 606, 8, 2, 868.1, -124.945873685, '00:00:00:00:00:02']]"
TX,343.307731727,274599.352819672,4630884.712018479,1.2,42,12,2,102-17,[]
TX,343.905879467,289313.327981376,4639909.662862561,1.2,2433,8,2,72-13,"[['RX_GW', 344.113292919, 2433, 8, 2, 868.1, -125.805861134, '00:00:00:00:00:02']]"
TX,343.92685334,292850.951064686,4641919.197440541,1.2,431,12,2,141-25,[]
TX,344.10484461,290736.501599209,4642889.033803953,1.2,1737,11,2,321-20,[]
TX,344.118995772,290281.543715508,4642864.367526937,1.2,476,11,2,148-26,[]
TX,344.510789588,289641.987550303,4635512.57306285,1.2,1260,12,2,254-13,[]
TX,344.636226577,295567.413829919,4645520.721573952,1.2,2181,12,2,47-1,[]
TX,344.808120982,291139.576664142,4641233.264689771,1.2,2332,8,2,60-22,[]
TX,344.819371422,273716.593857184,4630616.506161434,1.2,1266,12,2,254-19,[]
TX,344.896160047,294253.631284454,4641408.253771798,1.2,1808,10,2,332-7,[]
TX,345.004943163,292053.841334777,4641790.4736122,1.2,438,12,2,143-26,[]
TX,345.054328867,285661.223282466,4641258.227688699,1.2,1903,12,2,344-19,[]
TX,345.099260097,289574.161405201,4635170.395866022,1.2,2356,12,2,66-21,[]
TX,345.318016124,286631.498913395,4641118.350627655,1.2,587,12,2,158-8,[]
TX,345.414853388,293099.733850461,4642992.300526717,1.2,2266,12,2,51-7,[]
TX,345.501348195,299732.98926069,4630063.983556827,1.2,692,12,2,173-27,[]
TX,345.528921573,292168.875568674,4642517.079850176,1.2,1821,12,2,334-6,[]
TX,345.700194471,288845.526077284,4637874.298259888,1.2,1220,12,2,246-28,[]
TX,345.713895185,293135.112241708,4640635.261666798,1.2,563,12,2,155-4,[]
TX,345.81939992,289274.061104401,4640466.626362462,1.2,2052,7,2,367-4,"[['RX_GW', 345.934396106, 2052, 7, 2, 868.1, -119.383908223, '00:00:00:00:00:02']]"
TX,345.844634991,290061.366554989,4642391.95548017,1.2,52,9,2,102-7,[]
TX,345.97675286,289156.660477789,4642510.59388939,1.2,1099,10,2,232-7,"[['RX_GW', 346.636264342, 1099, 10, 2, 868.1, -132.716641718, '00:00:00:00:00:02']]"
TX,346.205755096,288173.918783206,4643893.177368152,1.2,1804,12,2,332-3,[]
TX,346.244300132,292565.348530827,4642912.13107679,1.2,28,12,2,101-2,[]
TX,346.568187732,290081.289053192,4641111.697494183,1.2,1963,7,2,353-29,[]
TX,346.580868591,294868.929295149,4640630.030292937,1.2,1475,10,2,287-14,"[['RX_GW', 347.240378655, 1475, 10, 2, 868.1, -130.96160603, '00:00:00:00:00:04']]"
TX,346.611977822,290429.584912267,4646972.452169483,1.2,2422,12,2,71-28,[]
TX,346.903771184,291533.47249732,4641638.769516508,1.2,1020,10,2,223-10,"[['RX_GW', 347.563282513, 1020, 10, 2, 868.1, -131.145093165, '00:00:00:00:00:02']]"
TX,346.995764777,286660.834544672,4641730.166837237,1.2,36,12,2,101-3,[]
TX,347.105098207,293480.34998958,4642744.747859541,1.2,609,11,2,160-7,[]
TX,347.116752996,291699.385048592,4640130.173939818,1.2,1560,12,2,3-13,[]
TX,347.143322518,286960.326636007,4642109.088393798,1.2,2217,12,2,49-8,[]
TX,347.513755919,295131.913377053,4642704.473187734,1.2,1481,8,2,287-22,"[['RX_GW', 347.721169254, 1481, 8, 2, 868.1, -125.226085987, '00:00:00:00:00:04']]"
TX,347.787849346,291060.0909054,4644021.144592798,1.2,255,12,2,125-24,[]
TX,347.859926754,292690.727481559,4643710.75116208,1.2,2093,12,2,39-24,[]
TX,347.924766643,291320.047056794,4637418.680815248,1.2,1959,12,2,353-19,[]
TX,348.006447388,289370.337116791,4642454.886191092,1.2,2137,10,2,43-2,"[['RX_GW', 348.665958415, 2137, 10, 2, 868.1, -130.459696057, '00:00:00:00:00:02']]"
TX,348.325362466,291924.176253731,4642598.468997302,1.2,783,12,2,186-9,[]
TX,348.336458513,292553.975328929,4642899.835397717,1.2,2608,12,2,91-5,[]
TX,348.552917337,295117.915922828,4642726.222135322,1.2,391,8,2,14-19,"[['RX_GW', 348.760330758, 391, 8, 2, 868.1, -124.333944868, '00:00:00:00:00:04']]"
TX,348.74317107,287848.300686511,4634440.654970373,1.2,1909,12,2,344-4,[]
TX,348.966992837,290423.941628123,4645995.173684135,1.2,2413,12,2,71-18,[]
TX,349.313880917,299772.500123421,4630312.182532609,1.2,968,12,2,214-20,[]
TX,349.447478293,289066.985729917,4641813.317016521,1.2,2208,9,2,48-24,"[['RX_GW', 349.819244021, 2208, 9, 2, 868.1, -128.66588716, '00:00:00:00:00:02']]"
TX,349.577668199,282292.623145133,4637129.538511002,1.2,154,12,2,111-10,[]
TX,349.67178834,291706.543533034,4642116.786953244,1.2,1760,11,2,326-15,[]
TX,349.761159479,291103.738897354,4642460.339663814,1.2,880,11,2,200-14,[]
TX,349.774192009,290583.732779556,4642391.033481289,1.2,1467,9,2,282-7,[]
TX,349.900972368,291241.727769885,4641248.512240293,1.2,2079,9,2,371-26,[]
TX,350.16905739,286440.484429649,4640794.196180321,1.2,850,12,2,197-21,[]
TX,350.195955234,290960.387493915,4640373.629716108,1.2,351,9,2,137-29,[]
TX,350.434491567,290532.924452737,4641087.362748431,1.2,1034,7,2,226-10,"[['RX_GW', 350.549487083, 1034, 7, 2, 868.1, -111.050476192, '00:00:00:00:00:02']]"
TX,350.515363389,292166.285388052,4641383.652959079,1.2,1141,12,2,239-26,[]
TX,350.579472306,289549.936115722,4642052.389029674,1.2,710,7,2,178-18,"[['RX_GW', 350.694469837, 710, 7, 2, 868.1, -122.423642264, '00:00:00:00:00:02']]"
TX,350.670148624,291857.31862337,4642544.774606649,1.2,2378,12,2,68-3,[]
TX,350.96680929,291037.708341626,4644043.224527825,1.2,1554,12,2,298-4,[]
TX,351.123700828,292729.504973099,4642304.874161886,1.2,2644,12,2,96-19,[]
TX,351.195450107,292681.859575873,4643701.743695682,1.2,1955,12,2,351-7,[]
TX,351.611506173,292202.495578054,4644134.984582764,1.2,1209,12,2,245-25,[]
TX,351.775890113,291247.980085043,4638747.48925612,1.2,1193,12,2,244-12,[]
TX,351.776791165,290712.342128918,4643886.764493248,1.2,1323,12,2,261-25,[]
TX,351.826826376,286625.558010766,4644666.779585172,1.2,1913,12,2,346-4,[]
TX,351.854163309,291388.070670543,4643750.111573387,1.2,380,12,2,139-14,[]
TX,351.934090711,291835.387607605,4642558.960470539,1.2,2486,12,2,76-8,[]
TX,351.959760263,291249.329529297,4638754.098795523,1.2,261,12,2,126-14,[]
TX,351.989578539,291251.234943152,4642399.277090228,1.2,2061,12,2,368-21,[]
TX,351.990295423,290672.361686641,4641299.249476439,1.2,2389,7,2,7-4,[]
TX,352.004690672,296452.332414969,4652930.890177636,1.2,2670,12,2,97-4,[]
TX,352.115811789,292326.174496468,4642288.628556105,1.2,756,12,2,182-9,[]
TX,352.231609815,291114.141903714,4641368.893105799,1.2,470,9,2,148-20,[]
TX,352.493507631,292678.86742922,4642029.300667235,1.2,820,12,2,190-5,[]
TX,352.569866692,298511.313217055,4631943.680981698,1.2,2637,12,2,95-2,[]
TX,352.728322134,293011.086944733,4643295.956793195,1.2,2476,12,2,76-12,[]
TX,352.771787087,292659.784996437,4642044.190321524,1.2,334,12,2,137-10,[]
TX,352.8127888,293207.738590476,4643108.27809261,1.2,2182,12,2,47-10,[]
TX,353.026326983,291682.34265415,4642116.257806704,1.2,2067,11,2,369-19,[]
TX,353.046094426,294559.237197852,4646330.664504004,1.2,2469,12,2,75-4,[]
TX,353.182904155,301400.996789847,4646068.534575614,1.2,458,12,2,147-26,[]
TX,353.414874873,295158.812076859,4642732.750325723,1.2,1956,8,2,353-1,[]
TX,353.510972752,291979.060334513,4643701.180866827,1.2,1886,12,2,340-27,[]
TX,353.514496225,288178.46296766,4643911.116858366,1.2,1008,12,2,221-23,[]
TX,353.670173072,292723.629404994,4642427.238461206,1.2,505,12,2,150-5,[]
TX,353.681982897,291234.85050577,4641248.42009342,1.2,81,9,2,105-4,"[['RX_GW', 354.053748832, 81, 9, 2, 868.1, -127.671060326, '00:00:00:00:00:02']]"
TX,353.713767215,292440.017346876,4651424.419246849,1.2,2405,12,2,71-1,[]
TX,353.747207834,293912.05155479,4639050.558471633,1.2,517,12,2,151-23,[]
TX,353.760696742,295000.32141232,4643012.635793876,1.2,1644,10,2,31-1,"[['RX_GW', 354.420207209, 1644, 10, 2, 868.1, -132.400463017, '00:00:00:00:00:04']]"
TX,353.970338893,289232.484420255,4642510.657396623,1.2,1074,10,2,231-14,[]
TX,354.091978972,293726.399231869,4645352.593629492,1.2,1512,12,2,29-9,[]
TX,354.193928501,292310.89333069,4642053.786281073,1.2,444,12,2,145-24,[]
TX,354.437531804,291920.333191842,4642570.041264323,1.2,1026,12,2,223-23,[]
TX,354.652150255,288573.582342877,4644121.467633232,1.2,855,12,2,197-7,[]
TX,354.656713701,291035.242373536,4644008.276341826,1.2,696,12,2,174-20,[]
TX,354.661008645,295272.097719994,4645393.812826773,1.2,2189,12,2,47-19,[]
TX,354.94121705,289234.957604531,4642513.15764132,1.2,1765,10,2,326-2,[]
TX,355.028088538,286719.479659081,4631536.874608291,1.2,2639,12,2,95-28,[]
TX,355.136744163,291204.949019544,4642562.399118686,1.2,2275,12,2,53-6,[]
TX,355.392764574,299014.019827329,4644643.072446831,1.2,2360,12,2,66-6,[]
TX,355.49240773,292146.859041185,4642467.318157653,1.2,327,12,2,131-14,[]
TX,355.814357563,292718.374633217,4641708.506973413,1.2,558,12,2,155-20,[]
TX,355.846534338,293277.257724848,4640272.749896903,1.2,1634,12,2,309-19,[]
TX,355.860428263,282837.777178992,4632851.067048338,1.2,1449,12,2,28-11,[]
TX,355.954247655,292290.744314728,4642043.473642283,1.2,387,12,2,14-15,[]
TX,355.999696256,287095.705930486,4634226.996949259,1.2,1870,12,2,339-4,[]
TX,356.05797046,287951.655974589,4643517.977244633,1.2,1098,12,2,232-6,[]
TX,356.181207607,292524.844926324,4642907.887929412,1.2,1795,12,2,332-14,[]
TX,356.232159403,296751.180278029,4646469.617601321,1.2,1699,12,2,315-5,[]
TX,356.248052213,271970.779289263,4630378.607888654,1.2,1872,12,2,339-6,[]
TX,356.273521756,290473.111039928,4650817.930652329,1.2,254,12,2,125-14,[]
TX,356.407462599,293718.47706826,4645344.108685525,1.2,2173,12,2,46-19,[]
TX,356.601801465,273718.676761454,4630500.152368028,1.2,672,12,2,171-22,[]
TX,356.645500695,296485.760422325,4642595.872599384,1.2,440,9,2,145-11,[]
TX,356.670095508,292526.643383309,4642917.578159097,1.2,21,12,2,101-13,[]
TX,356.675331203,282233.58645483,4632857.442604887,1.2,1989,12,2,358-19,[]
TX,356.704440015,292717.195165408,4641841.757329097,1.2,1021,12,2,223-11,[]
TX,357.007209191,291836.70953428,4642554.30811058,1.2,1788,12,2,330-6,[]
TX,357.155059343,293833.93040567,4643302.01679432,1.2,1439,12,2,275-21,[]
TX,357.36834682,277887.522180892,4632412.760313424,1.2,1501,12,2,288-4,[]
TX,357.5896992,300311.224706412,4645153.250445187,1.2,331,12,2,131-27,[]
TX,357.629366892,293772.765735369,4639956.096206466,1.2,1004,12,2,221-12,[]
TX,357.721840181,294048.764437836,4640169.08408458,1.2,1983,12,2,357-7,[]
TX,357.95404065,273664.589072608,4630682.0594491,1.2,2125,12,2,42-24,[]
TX,358.260482227,292322.045911459,4641984.094093157,1.2,1155,12,2,24-13,[]
TX,358.403644201,291880.698812913,4640514.190116079,1.2,1919,12,2,347-25,[]
TX,358.472608905,299742.278251669,4630063.23849566,1.2,972,12,2,214-5,[]
TX,358.502688193,286841.517357631,4641281.495528134,1.2,1042,12,2,226-20,[]
TX,358.614726738,271690.012182542,4629490.202852613,1.2,1871,12,2,339-5,[]
TX,358.777258048,290366.445528964,4641801.171490132,1.2,886,9,2,201-10,[]
TX,358.824602409,292679.325382817,4641797.714295602,1.2,73,12,2,104-6,[]
TX,358.851031366,286697.979332982,4645121.768105974,1.2,434,12,2,141-28,[]
TX,358.895670583,292874.960346976,4642833.854930392,1.2,2098,12,2,40-10,[]
TX,359.13740752,289508.570186841,4634226.232681232,1.2,1446,12,2,279-12,[]
TX,359.147244483,294416.557456933,4642714.761593935,1.2,217,11,2,121-17,[]
TX,359.206431365,286648.042207016,4641635.984569403,1.2,899,12,2,202-13,[]
TX,359.334385325,295648.189127602,4636727.286272366,1.2,2521,12,2,82-10,[]
TX,359.448908743,293480.961867953,4638877.360434708,1.2,1636,12,2,309-20,[]
TX,359.496514614,289341.80382374,4645259.349193412,1.2,1204,12,2,245-11,[]
TX,359.664332117,292070.730676087,4640495.332491578,1.2,2034,11,2,363-6,[]
TX,359.676198333,292722.110174534,4641699.695551602,1.2,467,12,2,148-17,[]
TX,359.781623008,293429.104842013,4640943.588470392,1.2,2212,12,2,48-28,[]
TX,359.876148137,287455.091910764,4639342.977740549,1.2,2113,12,2,41-24,[]
TX,359.949579681,291034.380270364,4643996.766404463,1.2,462,12,2,147-9,[]
TX,359.97736689,290287.038452411,4643370.623877801,1.2,775,12,2,186-22,[]
TX,360.08326158,291016.033078884,4641955.711889238,1.2,1104,9,2,233-26,[]
TX,360.40522792,291993.658232371,4643711.512869244,1.2,369,12,2,138-3,[]
TX,360.652542553,292765.841350727,4642503.64759882,1.2,1147,12,2,239-6,[]
TX,361.095746587,282380.249970843,4636786.152113089,1.2,157,12,2,111-13,[]
TX,361.221833132,271590.395787232,4630625.611870569,1.2,1452,12,2,28-14,[]
TX,361.348133762,288327.561186734,4644343.822079998,1.2,2343,12,2,61-4,[]
TX,361.861699996,289389.109819029,4642055.210388072,1.2,2039,8,2,367-13,"[['RX_GW', 362.069113753, 2039, 8, 2, 868.1, -125.077801625, '00:00:00:00:00:02']]"
TX,362.020839362,289318.217052322,4634321.897695117,1.2,623,12,2,162-3,[]
TX,362.04052229,292831.42835242,4638819.022906239,1.2,965,12,2,214-18,[]
TX,362.063904091,271976.9408193,4630599.938406976,1.2,2073,12,2,371-20,[]
TX,362.417721214,292248.471839766,4638747.290675789,1.2,139,12,2,11-5,[]
TX,362.435957817,286706.460989386,4645123.715195062,1.2,1365,12,2,267-26,[]
TX,362.444293427,291038.715276019,4641924.262389054,1.2,2282,9,2,55-20,[]
TX,362.503781305,299965.421870576,4627792.266932999,1.2,967,12,2,214-2,[]
TX,362.589348158,295533.28387784,4646790.942401721,1.2,1953,12,2,351-5,[]
TX,362.612005575,271708.003698379,4630738.421300489,1.2,502,12,2,150-3,[]
TX,362.772652281,292541.861089322,4641948.86817614,1.2,1059,12,2,229-17,[]
TX,362.890481933,293504.200535848,4643378.545484022,1.2,2632,12,2,95-12,[]
TX,362.900791006,295164.856595758,4642741.582876712,1.2,1738,8,2,321-21,"[['RX_GW', 363.108204397, 1738, 8, 2, 868.1, -124.188914177, '00:00:00:00:00:04']]"
TX,362.916181196,292523.778052378,4642912.376959654,1.2,1566,12,2,3-28,[]
TX,363.074861918,271700.837577141,4630734.924858999,1.2,2388,12,2,7-3,[]
TX,363.140125652,290667.843566634,4641292.96804123,1.2,1576,7,2,301-26,[]
TX,363.151209509,278377.17885744,4632472.191066002,1.2,158,12,2,111-24,[]
TX,363.21948257,290554.890964629,4642680.101070442,1.2,670,11,2,171-13,[]
TX,363.34103902,292000.946496031,4642610.274499057,1.2,702,12,2,175-18,[]
TX,363.671039825,289370.76381311,4638054.462692054,1.2,1226,12,2,248-3,[]
TX,363.816038059,291084.340930264,4644034.81800872,1.2,220,12,2,121-2,[]
TX,364.020361331,292535.201535043,4642903.291911256,1.2,1946,12,2,351-17,[]
TX,364.021225558,289727.368519242,4641852.169435497,1.2,925,7,2,204-27,[]
TX,364.131428507,291671.486117558,4642145.529038236,1.2,2432,11,2,72-12,[]
TX,364.136501778,292400.986157499,4637348.790230165,1.2,988,12,2,22-11,[]
TX,364.386894721,286369.761754809,4640716.314132736,1.2,1314,12,2,260-5,[]
TX,364.419739403,289632.509746206,4641479.125836554,1.2,1435,7,2,275-18,[]
TX,364.514479489,293558.458419686,4639885.461744079,1.2,1587,12,2,305-1,[]
TX,364.617068354,291260.283790153,4643825.345283416,1.2,2628,12,2,93-5,[]
TX,364.748382477,291826.000883515,4642550.717956425,1.2,492,12,2,149-5,[]
TX,364.756670293,289287.062878835,4642526.0038699,1.2,736,10,2,181-4,[]
TX,364.908495987,291982.355960124,4643709.19260095,1.2,1803,12,2,332-28,[]
TX,364.92755372,293172.87139646,4640329.771586447,1.2,1441,12,2,275-4,[]
TX,364.935916759,298642.745062139,4636644.115892717,1.2,1014,12,2,222-12,[]
TX,365.039580413,290634.752305223,4646610.268303996,1.2,536,12,2,152-27,[]
TX,365.31405917,291683.054705464,4642114.236887014,1.2,1242,11,2,250-21,"[['RX_GW', 366.794819715, 1242, 11, 2, 868.1, -133.937281895, '00:00:00:00:00:02']]"
TX,365.424359075,299751.974516209,4630064.116135372,1.2,1625,12,2,308-23,[]
TX,365.46524521,291009.502477844,4640618.624749379,1.2,1866,7,2,339-26,[]
TX,365.690043514,291980.670672226,4642987.878954447,1.2,854,12,2,197-6,[]
TX,365.772553727,291995.241686102,4643701.758611935,1.2,1117,12,2,237-25,[]
TX,366.195090141,290145.765181556,4643336.376285818,1.2,580,12,2,158-13,[]
TX,366.303370055,291385.770590243,4642033.332345624,1.2,1461,10,2,282-19,[]
TX,366.323643172,291213.513616732,4644674.021458115,1.2,1755,12,2,324-13,[]
TX,366.373694436,294555.657623634,4642628.580336203,1.2,2547,10,2,84-1,[]
TX,366.616010851,294125.913728578,4639984.332873493,1.2,2304,12,2,56-4,[]
TX,367.048578758,293849.47409583,4642028.585042556,1.2,173,10,2,112-5,[]
TX,367.260920449,294953.678683771,4646425.254466844,1.2,2625,12,2,93-3,[]
TX,367.299317324,289924.450250566,4635391.82932365,1.2,1874,12,2,339-8,[]
TX,367.373591394,293676.595346794,4639602.148957394,1.2,2279,12,2,55-17,[]
TX,367.403825021,290705.917770856,4641307.024639984,1.2,205,7,2,12-17,"[['RX_GW', 367.518821354, 205, 7, 2, 868.1, -122.274072299, '00:00:00:00:00:02']]"
TX,367.460871815,288994.830612097,4641673.281923229,1.2,569,8,2,157-19,[]
TX,367.514321284,287555.133839352,4634267.414138068,1.2,43,12,2,102-18,[]
TX,367.702653451,291705.997475889,4636665.978491283,1.2,390,12,2,14-18,[]
TX,368.269528703,273642.104940204,4630669.26178161,1.2,1238,12,2,250-17,[]
TX,368.406433852,295609.796962129,4645553.242557501,1.2,2198,12,2,47-30,[]
TX,368.494082398,291550.854085961,4641369.33665132,1.2,518,10,2,151-24,"[['RX_GW', 369.153593467, 518, 10, 2, 868.1, -131.994166371, '00:00:00:00:00:02']]"
TX,368.557830859,292238.073901519,4637198.22162598,1.2,2094,12,2,39-25,[]
TX,368.648205689,289128.972195604,4644551.862926405,1.2,360,12,2,138-18,[]
TX,369.054981116,293794.626307836,4635091.034657412,1.2,992,12,2,22-24,[]
TX,369.156595983,291369.964953729,4638527.338509111,1.2,1654,12,2,31-19,[]
TX,369.197403577,291054.387360354,4644028.317893167,1.2,735,12,2,181-3,[]
TX,369.60818289,292492.365283735,4641906.450409437,1.2,889,12,2,201-14,[]
TX,369.627995892,294827.321166964,4644822.73778533,1.2,2084,12,2,372-25,[]
TX,369.732163767,298640.805759289,4644262.839672164,1.2,2455,12,2,73-5,[]
TX,369.812430714,290745.530502634,4642889.502649192,1.2,396,11,2,14-5,[]
TX,369.879168011,273641.605104938,4630659.426679865,1.2,1182,12,2,241-24,[]
TX,369.973378959,288298.059037601,4642198.708155061,1.2,2504,12,2,8-3,[]
TX,370.359267668,293531.484530421,4639906.579764282,1.2,1413,12,2,273-20,[]
TX,370.434358748,292186.870627227,4642184.883163807,1.2,1580,12,2,303-17,[]
TX,370.442605342,286700.035433736,4645127.068927445,1.2,1753,12,2,323-7,[]
TX,370.457991265,292418.457851669,4645611.924806231,1.2,1806,12,2,332-5,[]
TX,370.547477401,290293.521153568,4640331.03810386,1.2,2535,7,2,82-5,[]
TX,370.659717605,290336.974985996,4644223.340098202,1.2,1873,12,2,339-7,[]
TX,370.684534804,289825.818368074,4647400.505226376,1.2,175,12,2,112-7,[]
TX,370.705424142,273723.6371125,4630611.84129361,1.2,1032,12,2,225-25,[]
TX,370.759148132,292517.222170812,4642027.371416612,1.2,1234,12,2,249-3,[]
TX,370.781352284,291593.280969105,4641392.104999821,1.2,1333,11,2,262-25,[]
TX,370.879886299,291248.809040848,4641247.737408467,1.2,660,9,2,167-3,[]
TX,370.944696314,292325.52591034,4642039.873926615,1.2,1557,12,2,3-10,[]
TX,371.019174316,289221.059916329,4642512.911234252,1.2,54,10,2,103-17,[]
TX,371.252498888,293702.310177202,4645355.200316031,1.2,2621,12,2,93-26,[]
TX,371.307041351,292818.19491266,4641958.060710093,1.2,2214,12,2,48-9,[]
TX,371.386203114,273695.581285182,4630541.448173742,1.2,1920,12,2,347-26,[]
TX,371.446016735,291962.246853529,4642598.217320222,1.2,822,12,2,190-7,[]
TX,371.472407723,293716.66834331,4645365.353072529,1.2,2629,12,2,93-6,[]
TX,371.522525424,292456.440473978,4641535.873137402,1.2,649,12,2,163-6,[]
TX,371.839240537,291748.109034051,4639642.461767052,1.2,2490,12,2,79-19,[]
TX,371.857525126,290475.150042306,4640625.013248051,1.2,1684,7,2,311-19,[]
TX,371.870458627,291991.44519392,4643722.340864769,1.2,902,12,2,202-23,[]
TX,371.979047199,290231.042114761,4642358.257995008,1.2,2565,9,2,84-28,[]
TX,371.99935483,290684.165782242,4642028.61073078,1.2,2449,9,2,72-5,[]
TX,372.00695038,289118.776831314,4640527.664902315,1.2,1222,7,2,248-18,[]
TX,372.072708146,298854.215145083,4632534.462761233,1.2,911,12,2,203-14,[]
TX,372.274399386,290415.422701126,4641810.716724362,1.2,1312,9,2,260-21,[]
TX,372.302699832,292637.581620185,4642162.019530367,1.2,2077,12,2,371-24,[]
TX,372.32645517,290989.016359233,4641173.637230478,1.2,780,8,2,186-27,[]
TX,372.334881936,290878.203599506,4642263.4288117,1.2,388,10,2,14-16,[]
TX,372.358795501,288187.502696253,4634667.187571332,1.2,755,12,2,182-8,[]
TX,372.370989372,291915.597482107,4642575.691447985,1.2,330,12,2,131-26,[]
TX,372.379776577,291879.740692674,4642566.442151652,1.2,556,12,2,155-19,[]
TX,372.399855242,289705.024481059,4641868.058381774,1.2,13,7,2,100-5,[]
TX,372.667604789,292681.823401437,4641796.746164958,1.2,2001,12,2,359-2,[]
TX,372.719012552,286679.182999312,4645778.987797075,1.2,1362,12,2,267-14,[]
TX,372.782187806,290445.412497884,4641766.446642037,1.2,985,9,2,215-8,[]
TX,373.242653926,291870.504071087,4642559.050431108,1.2,2456,12,2,73-7,[]
TX,373.320072515,291058.675108487,4644014.856594791,1.2,921,12,2,204-23,[]
TX,373.555713619,291515.329224187,4642437.707610273,1.2,112,12,2,109-16,[]
TX,373.606858907,294555.506790648,4643704.257579699,1.2,1157,12,2,24-15,[]
TX,373.643940773,290451.088595781,4642320.377843303,1.2,1530,9,2,293-19,[]
TX,373.936331465,273720.031792267,4630647.5909578,1.2,1526,12,2,291-4,[]
TX,374.142471637,293577.217949965,4642777.089728673,1.2,1474,12,2,287-13,[]
TX,374.197129315,291562.057918537,4642453.164106121,1.2,1033,12,2,225-26,[]
TX,374.270975822,288863.671457285,4640086.906779204,1.2,2045,10,2,367-21,[]
TX,374.316359379,296938.714364879,4645551.85702306,1.2,2256,12,2,51-21,[]
TX,374.353929946,294888.447078457,4643980.593076747,1.2,2383,12,2,7-17,[]
TX,374.462477366,291147.443051506,4642474.804273294,1.2,1252,11,2,253-25,[]
TX,374.483756136,291862.319559931,4642384.409542877,1.2,637,12,2,163-19,[]
TX,374.522358247,291039.218581024,4644014.517410205,1.2,1075,12,2,231-17,[]
TX,374.795480787,293278.557113816,4647673.58275428,1.2,1957,12,2,353-17,[]
TX,375.057407188,289849.51902183,4645793.602191329,1.2,1278,12,2,254-5,[]
TX,375.102345423,292315.587354373,4642052.154643889,1.2,2050,12,2,367-28,[]
TX,375.131334683,290177.732724805,4635337.48875104,1.2,196,12,2,119-11,[]
TX,375.15066644,290860.328998535,4635891.829812066,1.2,2674,12,2,97-8,[]
TX,375.223135968,291665.643728174,4642099.08635382,1.2,114,11,2,109-18,[]
TX,375.295859897,290553.472497299,4643180.044802899,1.2,379,12,2,139-13,[]
TX,375.399217044,291420.973553062,4641307.742533315,1.2,2080,9,2,371-27,[]
TX,375.427115431,291957.281564684,4642594.863697229,1.2,323,12,2,131-10,[]
TX,375.579979841,291737.460568645,4641688.622774163,1.2,443,12,2,145-14,[]
TX,375.707555915,290090.120746872,4642758.049731714,1.2,785,11,2,187-18,[]
TX,375.831232587,292978.452135063,4646075.909237923,1.2,2099,12,2,40-11,[]
TX,375.856348257,293762.902470562,4642854.547540395,1.2,1129,12,2,239-11,[]
TX,376.056410107,291319.262254767,4643162.635805893,1.2,832,12,2,194-27,[]
TX,376.187690065,292130.544187346,4642901.346519809,1.2,561,12,2,155-3,[]
TX,376.209725975,295150.146766843,4642726.138589431,1.2,1308,8,2,259-5,[]
TX,376.367619047,273686.27935339,4630639.256467552,1.2,1546,12,2,297-6,[]
TX,376.504845234,290212.346348062,4641465.270826442,1.2,788,7,2,187-3,[]
TX,376.566822326,293266.254269593,4639496.567794495,1.2,1504,12,2,29-11,[]
TX,376.57690962,289811.298946773,4641757.49293933,1.2,2543,7,2,83-2,[]
TX,376.604962831,290189.611375764,4635355.624546668,1.2,1243,12,2,250-3,[]
TX,376.653963551,287817.018235143,4634433.245964422,1.2,2434,12,2,72-14,[]
TX,377.195691925,302479.768039866,4642767.545650869,1.2,1388,12,2,269-4,[]
TX,377.319696732,297446.475194864,4641384.861303409,1.2,2260,12,2,51-27,[]
TX,377.357008007,290065.621282343,4642388.523733798,1.2,2283,9,2,55-21,"[['RX_GW', 377.728774465, 2283, 9, 2, 868.1, -128.131819662, '00:00:00:00:00:02']]"
TX,377.444179589,296457.516196108,4649988.522968338,1.2,2614,12,2,93-17,[]
TX,377.49837728,292530.356306927,4642909.374340091,1.2,1844,12,2,337-13,[]
TX,377.68492019,290129.84612275,4640193.168208856,1.2,2058,7,2,368-18,[]
TX,377.709099409,290105.20539347,4642405.751059167,1.2,529,9,2,152-10,[]
TX,378.015039842,289216.593564936,4642520.425958812,1.2,2285,10,2,55-4,"[['RX_GW', 378.674551268, 2285, 10, 2, 868.1, -132.53947156, '00:00:00:00:00:02']]"
TX,378.154959313,290142.523320136,4636843.77299186,1.2,88,12,2,106-24,[]
TX,378.362522727,291744.692318661,4641534.021146328,1.2,1935,11,2,349-14,[]
TX,378.454519782,293318.129681282,4644300.840300558,1.2,1109,12,2,234-3,[]
TX,378.601438498,292003.686216308,4641733.570200454,1.2,240,12,2,124-21,[]
TX,378.923501567,289479.540741046,4635471.722978759,1.2,2060,12,2,368-20,[]
TX,379.033416308,291991.8615938,4643713.953107913,1.2,1947,12,2,351-18,[]
TX,379.176859716,291011.14231707,4640638.116727501,1.2,2607,8,2,91-4,"[['RX_GW', 379.384272861, 2607, 8, 2, 868.1, -124.369933773, '00:00:00:00:00:02']]"
TX,379.223987421,291056.254493563,4644027.847591782,1.2,677,12,2,171-27,[]
TX,379.575922966,294314.332396747,4639036.648087181,1.2,808,12,2,19-7,[]
TX,379.745937053,292334.793488628,4642038.410581867,1.2,2044,12,2,367-20,[]
TX,380.01260139,289910.043292235,4646385.748612703,1.2,1271,12,2,254-26,[]
TX,380.101303834,287284.142106206,4641564.70943471,1.2,878,12,2,200-12,[]
TX,380.186576502,290271.095175874,4640282.757084902,1.2,614,7,2,162-17,[]
TX,380.357367625,290682.898408359,4641305.416010771,1.2,494,7,2,150-15,[]
TX,380.369069363,290065.580467866,4641535.20397603,1.2,512,7,2,151-18,[]
TX,380.439756146,291371.941070781,4636368.730574615,1.2,816,12,2,190-29,[]
TX,380.633298421,299750.403428359,4630072.25563515,1.2,969,12,2,214-21,[]
TX,380.685150477,290800.474787165,4638092.239714952,1.2,469,12,2,148-19,[]
TX,380.791123446,292699.699313424,4637170.995407961,1.2,1639,12,2,309-3,[]
TX,380.853901872,290602.239609759,4633576.002681812,1.2,1746,12,2,322-21,[]
TX,380.862978446,286378.061839879,4634546.158832106,1.2,2330,12,2,60-14,[]
TX,381.273137741,291851.787917338,4636812.585409105,1.2,251,12,2,125-11,[]
TX,381.400344581,282683.013072062,4632837.539603932,1.2,1396,12,2,270-17,[]
TX,381.448420453,290345.319776228,4643842.871249042,1.2,221,12,2,121-20,[]
TX,381.678931429,290488.209274203,4643418.736813785,1.2,525,12,2,151-6,[]
TX,381.690256367,289606.380059754,4641756.873376455,1.2,131,7,2,11-1,[]
TX,381.746124235,286610.384662627,4645008.494717893,1.2,249,12,2,124-7,[]
TX,381.810225142,290852.236835276,4644472.071034117,1.2,271,12,2,127-3,[]
TX,381.85436103,292663.880022698,4641797.970967663,1.2,2656,12,2,97-14,[]
TX,382.112406579,291245.189889686,4638771.671772212,1.2,265,12,2,127-17,[]
TX,382.116565775,291629.374593261,4644624.472096982,1.2,926,12,2,204-28,[]
TX,382.435104251,290328.275564022,4641427.173201459,1.2,1681,7,2,310-7,"[['RX_GW', 382.550099876, 1681, 7, 2, 868.1, -113.526411639, '00:00:00:00:00:02']]"
TX,382.46131317,290110.500496579,4642413.782281924,1.2,1272,9,2,254-27,[]
TX,382.575781114,292307.236428698,4642293.503893249,1.2,545,12,2,153-21,[]
TX,383.169170182,289798.545046208,4643194.006446201,1.2,2385,12,2,7-19,[]
TX,383.177747921,290448.899529032,4636313.767417784,1.2,910,12,2,203-13,[]
TX,383.219121371,295194.815243858,4641851.076991912,1.2,888,7,2,201-13,[]
TX,383.247533258,290665.141365954,4641297.700903281,1.2,2149,7,2,44-24,[]
TX,383.319627824,290186.817093482,4646752.423551769,1.2,1354,12,2,266-25,[]
TX,383.514432755,289161.384119201,4642523.425519004,1.2,1653,10,2,31-18,[]
TX,383.713301514,294028.709810806,4642844.951570376,1.2,1082,11,2,231-26,[]
TX,383.735719396,291865.522902041,4642544.438856782,1.2,532,12,2,152-13,[]
TX,383.810336557,288715.385184731,4649905.678783283,1.2,1695,12,2,315-19,[]
TX,383.966870774,289765.093037075,4638515.031426762,1.2,79,12,2,105-21,[]
TX,384.128848767,292604.107014118,4641184.661664032,1.2,1349,12,2,266-10,[]
TX,384.193510071,295863.7800893,4642550.770907369,1.2,102,7,2,107-26,[]
TX,384.374971614,273659.055837751,4630685.778282046,1.2,2124,12,2,42-14,[]
TX,384.476650659,291958.665186316,4643944.181435016,1.2,2464,12,2,75-22,[]
TX,384.597000126,291896.029006898,4642575.011008151,1.2,588,12,2,158-9,[]
TX,384.892867464,291900.558381883,4642559.412580491,1.2,2402,12,2,70-5,[]
TX,384.939604693,295322.082977234,4638498.980005827,1.2,1938,12,2,349-19,[]
TX,384.969820849,291859.047817984,4642548.544049799,1.2,2397,12,2,70-2,[]
TX,385.159899249,296649.920954149,4642700.380322902,1.2,1751,9,2,323-3,[]
TX,385.167438196,290858.791070792,4642265.451245898,1.2,2107,10,2,40-28,[]
TX,385.180322733,292941.249016441,4640318.078061047,1.2,1668,12,2,31-7,[]
TX,385.270119871,290098.085407022,4636969.897749881,1.2,787,12,2,187-29,[]
TX,385.393223857,273700.766100842,4630605.697197363,1.2,1527,12,2,291-5,[]
TX,385.631360103,293935.914556684,4643701.625699104,1.2,2308,12,2,56-8,[]
TX,385.689833422,291029.645620789,4641930.853193853,1.2,1736,9,2,321-19,[]
TX,385.795893079,283762.763943576,4643171.587907389,1.2,1756,12,2,324-14,[]
TX,385.979754827,293308.297717836,4644256.432232862,1.2,1072,12,2,231-12,[]
TX,385.980576832,290594.696951567,4643069.191731153,1.2,239,11,2,124-20,[]
TX,386.127027773,291743.615511473,4642511.312935076,1.2,483,12,2,148-7,[]
TX,386.188255204,292004.245989219,4643704.654347311,1.2,2273,12,2,53-4,[]
TX,386.24089692,273715.308899387,4630673.324062346,1.2,1288,12,2,256-18,[]
TX,386.441233985,294420.197983852,4647824.956345114,1.2,103,12,2,107-27,[]
TX,386.540199883,292777.613781193,4642123.096906948,1.2,914,12,2,203-28,[]
TX,386.730179527,291022.681165612,4644013.391752837,1.2,1085,12,2,231-4,[]
TX,386.840918382,286965.357563635,4632830.478593714,1.2,709,12,2,178-17,[]
TX,386.912667887,293181.665408278,4640202.589291768,1.2,858,12,2,198-12,[]
TX,387.092276647,287332.336998516,4634224.443778848,1.2,19,12,2,101-11,[]
TX,387.121631834,294130.770544547,4647412.73114235,1.2,535,12,2,152-26,[]
TX,387.17054755,290063.841966908,4642752.843749015,1.2,1077,11,2,231-20,[]
TX,387.217150858,289253.307424592,4632624.815644151,1.2,633,12,2,163-14,[]
TX,387.297224575,286579.085642717,4631590.61161461,1.2,198,12,2,119-13,[]
TX,387.467864575,290552.681630393,4642605.549705503,1.2,596,11,2,159-4,[]
TX,387.699693329,290686.180276652,4641287.191181302,1.2,1678,7,2,310-30,[]
TX,387.731410024,292303.695448512,4642046.822909975,1.2,777,12,2,186-24,[]
TX,387.759387413,291036.007433504,4641935.943667772,1.2,1415,9,2,273-3,[]
TX,387.770601953,292092.739164187,4643873.728159129,1.2,1136,12,2,239-21,[]
TX,387.87420051,273731.797105944,4630606.660892758,1.2,1264,12,2,254-17,[]
TX,387.964441145,292523.862762684,4642797.861865883,1.2,824,12,2,194-11,[]
TX,388.110787153,289445.178291988,4641745.436616885,1.2,77,7,2,105-19,[]
TX,388.20932111,290653.732408545,4641578.794204008,1.2,627,7,2,162-7,[]
TX,388.384332532,291818.289435117,4642519.727660948,1.2,354,12,2,137-4,[]
TX,388.408953268,276180.449210558,4632003.1179412,1.2,1522,12,2,290-5,[]
TX,388.410856955,292571.041385876,4641740.491336036,1.2,2116,12,2,41-27,[]
TX,388.499893133,291825.34631042,4642523.69652444,1.2,137,12,2,11-3,[]
TX,388.569408917,273705.254280754,4630697.49662098,1.2,2069,12,2,369-21,[]
TX,388.645475558,295654.793867323,4642002.635551068,1.2,1434,7,2,275-17,[]
TX,388.717562086,292652.828287342,4641764.280682254,1.2,1078,12,2,231-21,[]
TX,388.727748641,289323.701947057,4639756.742696353,1.2,1368,9,2,268-18,[]
TX,388.737605561,289360.360315741,4634604.638757222,1.2,275,12,2,127-7,[]
TX,389.030513699,291360.47932283,4643142.484465298,1.2,324,12,2,131-11,[]
TX,389.141098282,286632.808178864,4641659.205195707,1.2,1772,12,2,326-7,[]
TX,389.206939741,292319.551280332,4641977.964294087,1.2,1317,12,2,261-10,[]
TX,389.50562652,291111.659287115,4644666.292500069,1.2,2013,12,2,362-19,[]
TX,389.590923148,292306.979094527,4642052.23884514,1.2,1143,12,2,239-28,[]
TX,389.620202621,292001.069340431,4642608.503703242,1.2,932,12,2,206-24,[]
TX,389.697542286,291751.119157791,4641538.357322854,1.2,586,12,2,158-28,[]
TX,389.741223479,291522.187117643,4642436.541715317,1.2,2598,12,2,91-16,[]
TX,389.789709338,291845.16185068,4641905.164678026,1.2,404,12,2,140-14,[]
TX,389.938764254,293113.525229263,4642322.750815135,1.2,2206,12,2,48-13,[]
TX,389.946202903,293366.103844849,4643248.129757118,1.2,1350,12,2,266-11,[]
TX,389.982645274,293590.279820589,4641981.069724133,1.2,541,10,2,153-18,[]
TX,390.055292283,291780.463159668,4639805.410578617,1.2,1284,12,2,256-12,[]
TX,390.293822304,290798.302495517,4634127.96315636,1.2,1933,12,2,349-12,[]
TX,390.307984276,292311.814383965,4642054.979887088,1.2,2430,12,2,72-1,[]
TX,390.483561094,297548.150897537,4636848.607923348,1.2,2485,12,2,76-28,[]
TX,390.596552823,292082.541311959,4642720.350727405,1.2,2394,12,2,70-17,[]
TX,390.698387632,291719.161782038,4642163.071701624,1.2,645,11,2,163-29,[]
TX,390.730161442,290757.565921134,4641538.295857835,1.2,276,7,2,128-1,[]
TX,390.809515893,292323.903953919,4637558.552406447,1.2,1857,12,2,339-13,[]
TX,390.890214958,292001.440107596,4643709.119603823,1.2,1419,12,2,273-7,[]
TX,391.010038287,289173.48736877,4642115.19554238,1.2,167,10,2,112-20,[]
TX,391.103794833,292343.941472126,4641793.065119806,1.2,2284,12,2,55-3,[]
TX,391.203447642,292124.732465329,4642548.175611631,1.2,2534,12,2,82-4,[]
TX,391.483264699,291664.130640208,4642109.166288021,1.2,329,12,2,131-25,[]
TX,391.50432058,291128.195818392,4640343.243765988,1.2,1251,9,2,253-24,[]
TX,391.519290193,290762.443404297,4641507.044513415,1.2,1604,7,2,305-28,[]
TX,391.566035888,292585.688378182,4643852.818852777,1.2,2027,12,2,363-24,[]
TX,391.744171453,291228.788761596,4642282.440436172,1.2,1305,11,2,259-21,[]
TX,391.762986907,292017.43886812,4641764.43568277,1.2,1503,12,2,29-10,[]
TX,391.798075427,295917.640377083,4646634.157791417,1.2,499,12,2,150-20,[]
TX,391.818583719,289604.151571529,4643542.215757262,1.2,683,12,2,172-3,[]
TX,391.838571555,291872.830589789,4642567.216250307,1.2,2518,12,2,81-14,[]
TX,391.868443145,292525.335862213,4642907.9701475,1.2,34,12,2,101-28,[]
TX,391.899611863,290050.249904692,4642745.277464107,1.2,514,11,2,151-20,[]
TX,392.018110776,291021.388302432,4644009.23879009,1.2,2227,12,2,50-17,[]
TX,392.070695422,289318.874070511,4640851.234356296,1.2,1723,7,2,318-6,[]
TX,392.368756427,290256.892401734,4636466.632155648,1.2,332,12,2,131-8,[]
TX,392.513924364,290643.98878283,4646625.611354607,1.2,2418,12,2,71-24,[]
TX,392.703294686,291619.169880899,4644621.33977396,1.2,164,12,2,112-18,[]
TX,392.725457322,293301.524546162,4644263.249179772,1.2,1057,12,2,226-9,[]
TX,392.798480662,290700.39068376,4641293.971202103,1.2,241,7,2,124-24,[]
TX,392.870538948,293805.095518773,4640750.662632838,1.2,1199,12,2,244-25,[]
TX,393.210850084,290646.22267016,4643910.279311483,1.2,919,12,2,204-14,[]
TX,393.389520383,291896.182995512,4641641.972590402,1.2,2381,12,2,68-6,[]
TX,393.791742117,281777.829329363,4632760.268600136,1.2,1620,12,2,308-11,[]
TX,393.830147155,274506.938773018,4630818.364330011,1.2,1044,12,2,226-22,[]
TX,394.080067005,294152.527029679,4639146.507166277,1.2,865,12,2,198-26,[]
TX,394.138840745,290915.436776604,4639987.578630962,1.2,381,10,2,139-22,[]
TX,394.263167079,299753.215857569,4630083.739580054,1.2,970,12,2,214-3,[]
TX,394.329502942,288481.846206194,4641537.874559461,1.2,1585,10,2,304-21,[]
TX,394.365081597,290359.551166818,4646973.81890256,1.2,1380,12,2,269-18,[]
TX,394.377357501,290700.853010023,4641303.178721788,1.2,138,7,2,11-4,[]
TX,394.834767054,295145.917380739,4642704.72921458,1.2,2297,8,2,56-21,[]
TX,394.875892383,290560.801748159,4642639.665986952,1.2,1611,11,2,306-17,[]
TX,394.892319363,287008.344052035,4641197.394869427,1.2,2375,12,2,68-20,[]
TX,394.96854373,291235.07460167,4641262.173219173,1.2,7,9,2,100-25,[]
TX,395.125504938,293855.189144543,4639526.995573203,1.2,807,12,2,19-6,[]
TX,395.208198217,290502.637341201,4640894.143316097,1.2,1233,7,2,249-20,[]
TX,395.337713525,284714.474853906,4633021.086415877,1.2,1741,12,2,321-5,[]
TX,395.400681103,288608.779262493,4640587.121947324,1.2,1069,10,2,229-7,[]
TX,395.445575992,294118.468557035,4639196.436854006,1.2,1691,12,2,311-7,[]
TX,395.66859736,283112.097135286,4632877.167433365,1.2,1123,12,2,238-10,[]
TX,395.698912672,286692.697264831,4641469.56587187,1.2,2015,12,2,362-3,[]
TX,395.715077419,295613.547998692,4645561.629905304,1.2,2190,12,2,47-2,[]
TX,395.851715176,273675.322275781,4630625.178013186,1.2,1524,12,2,290-7,[]
TX,396.06711382,291288.576381228,4641173.455031085,1.2,647,10,2,163-4,"[['RX_GW', 396.726623884, 647, 10, 2, 868.1, -130.542827455, '00:00:00:00:00:02']]"
TX,396.167187041,285123.352920007,4633421.614813672,1.2,2043,12,2,367-19,[]
TX,396.169825636,293667.030128027,4642642.187938626,1.2,2231,10,2,50-24,"[['RX_GW', 396.829338632, 2231, 10, 2, 868.1, -130.726537806, '00:00:00:00:00:04']]"
TX,396.7578613,292950.089071064,4640226.365234123,1.2,1190,12,2,242-28,[]
TX,396.794296468,276905.321259829,4632309.15166868,1.2,1263,12,2,254-16,[]
TX,396.929757896,294896.738673092,4648347.275424678,1.2,2289,12,2,56-10,[]
TX,397.045992535,289818.241540413,4638361.299606304,1.2,1338,12,2,264-15,[]
TX,397.095116548,288718.328409204,4641906.429581781,1.2,1883,10,2,340-23,[]
TX,397.172272996,293251.368933609,4639497.782998774,1.2,2031,12,2,363-28,[]
TX,397.598488923,291954.234226352,4640724.553380792,1.2,678,12,2,171-28,[]
TX,397.665652163,292077.473609871,4642838.427109716,1.2,1994,12,2,358-27,[]
TX,397.738012969,283068.733287923,4632872.003865656,1.2,2228,12,2,50-18,[]
TX,397.82032761,288964.993498167,4642615.4342878,1.2,1615,12,2,306-4,[]
TX,397.986542733,293117.716145337,4642325.094180862,1.2,1895,12,2,341-19,[]
TX,398.006260904,293323.338493361,4644285.597997386,1.2,944,12,2,21-10,[]
TX,398.019945496,290626.801097987,4646626.341450239,1.2,2415,12,2,71-2,[]
TX,398.093689389,291229.125672073,4642269.82336909,1.2,2114,11,2,41-25,[]
TX,398.152802697,292992.294882038,4643372.586316437,1.2,8,12,2,100-26,[]
TX,398.185813539,292007.803815845,4642610.006560103,1.2,2399,12,2,70-21,[]
TX,398.335171282,290605.819065467,4633550.358673954,1.2,1845,12,2,337-14,[]
TX,398.543899376,290057.217716264,4642386.330239623,1.2,952,9,2,21-27,[]
TX,398.751012989,291926.433288429,4642871.069686252,1.2,1551,12,2,298-20,[]
TX,398.825525812,291987.166400112,4643709.769080434,1.2,2003,12,2,361-18,[]
TX,399.027238747,289949.48349911,4634415.09091723,1.2,1498,12,2,288-20,[]
TX,399.268492035,289883.817486342,4642411.115644025,1.2,1997,10,2,358-6,[]
TX,399.530625388,290667.693078799,4641300.55724154,1.2,252,7,2,125-12,"[['RX_GW', 399.645621598, 252, 7, 2, 868.1, -115.653531058, '00:00:00:00:00:02']]"
TX,399.582851906,292734.800633911,4642047.308376465,1.2,2649,12,2,96-5,[]
TX,399.601424855,292323.4867763,4642042.453652629,1.2,1137,12,2,239-22,[]
TX,399.67808254,291106.705612456,4642461.528344781,1.2,2298,11,2,56-23,"[['RX_GW', 401.158842503, 2298, 11, 2, 868.1, -133.60808147, '00:00:00:00:00:02']]"
TX,399.8772284,291031.65296159,4641770.833794327,1.2,348,9,2,137-26,[]
TX,399.910745176,289949.530084155,4634413.522375301,1.2,1968,12,2,353-6,[]
TX,400.188543385,291236.345215715,4639689.41682558,1.2,478,12,2,148-28,[]
TX,400.253870832,272130.946975604,4630190.162535404,1.2,1353,12,2,266-24,[]
TX,400.269757906,287506.962519298,4641641.375869055,1.2,465,12,2,148-12,[]
TX,400.356952081,291085.787589532,4641995.248550827,1.2,481,9,2,148-5,[]
TX,400.411180734,292155.528502564,4637054.085426807,1.2,2163,12,2,45-30,[]
TX,400.665383185,290489.01953211,4640638.169715999,1.2,796,7,2,188-21,[]
TX,400.722623277,291867.833609919,4642566.920518963,1.2,1321,12,2,261-14,[]
TX,400.775464334,290470.8748272,4640630.468140294,1.2,1334,7,2,262-26,[]
TX,400.801446143,291921.463737009,4642581.753031203,1.2,315,12,2,130-28,[]
TX,400.909076904,289017.733654818,4639242.37392345,1.2,1458,11,2,281-3,[]
TX,400.910360914,293609.847720853,4641879.085878478,1.2,931,12,2,206-14,[]
TX,400.951568754,285720.573024082,4631731.144036022,1.2,1743,12,2,322-17,[]
TX,401.109075538,290931.483857166,4641189.258886661,1.2,560,7,2,155-29,[]
TX,401.359879284,292521.627749487,4642916.699001365,1.2,1633,12,2,309-18,[]
TX,401.437540018,289345.642987023,4642053.668361817,1.2,581,8,2,158-22,"[['RX_GW', 401.644953836, 581, 8, 2, 868.1, -125.9180806, '00:00:00:00:00:02']]"
TX,401.70363061,283104.297386314,4640466.788283363,1.2,2143,12,2,43-5,[]
TX,401.765503663,288177.663513983,4643892.945542008,1.2,1011,12,2,221-28,[]
TX,401.917368855,298972.329694002,4644578.594135952,1.2,1877,12,2,340-11,[]
TX,401.9284331,296578.26993696,4636038.500270008,1.2,2204,12,2,48-11,[]
TX,402.044703726,284247.206614878,4643679.364042185,1.2,1763,12,2,326-18,[]
TX,402.165238489,294210.181788894,4644068.615514691,1.2,2594,12,2,88-25,[]
TX,402.245411966,292817.64073376,4642792.296310446,1.2,270,12,2,127-21,[]
TX,402.256518899,291175.100630882,4641309.419902246,1.2,1793,8,2,332-12,"[['RX_GW', 402.463932691, 1793, 8, 2, 868.1, -125.119925523, '00:00:00:00:00:02']]"
TX,402.390689245,291008.79513148,4641834.21229484,1.2,2463,9,2,75-21,[]
TX,402.397577491,291034.33780177,4644011.642539996,1.2,2081,12,2,371-28,[]
TX,402.403864734,292107.063877819,4645072.01977462,1.2,669,12,2,171-12,[]
TX,402.829244122,290674.302842462,4641319.114173452,1.2,424,7,2,141-11,"[['RX_GW', 402.944240382, 424, 7, 2, 868.1, -115.989271621, '00:00:00:00:00:02']]"
TX,403.072774081,292054.96827915,4640536.505320763,1.2,117,12,2,109-20,[]
TX,403.094047768,292964.283043563,4643245.608676561,1.2,2122,12,2,42-12,[]
TX,403.19726613,291007.118540749,4641823.547048255,1.2,2533,9,2,82-3,[]
TX,403.808958136,287913.588829317,4643992.104073918,1.2,1712,12,2,317-7,[]
TX,404.01202279,292259.42329732,4641677.06560498,1.2,643,12,2,163-27,[]
TX,404.213097381,290229.676436964,4641447.355534604,1.2,1740,7,2,321-4,[]
TX,404.239452539,288534.300009875,4633826.662402487,1.2,1911,12,2,344-6,[]
TX,404.380041702,289670.151409985,4642058.846149178,1.2,1652,8,2,31-17,[]
TX,404.493743347,293731.260200038,4645335.912814009,1.2,983,12,2,215-27,[]
TX,404.548324266,290737.549869243,4641502.33136367,1.2,1977,7,2,357-19,[]
TX,404.565610082,291666.038615427,4640003.550800182,1.2,2259,12,2,51-26,[]
TX,404.670142545,282700.701690979,4639976.41774134,1.2,891,12,2,201-23,[]
TX,404.776647082,291854.893734679,4642560.381529611,1.2,1003,12,2,221-10,[]
TX,404.807449692,290621.168983505,4646614.403060467,1.2,1722,12,2,318-5,[]
TX,404.972623917,292734.342108052,4642102.54552816,1.2,940,12,2,209-12,[]
TX,405.065647993,291237.606034733,4641401.161075416,1.2,2403,8,2,70-6,[]
TX,405.093630042,292083.114315403,4640534.098057489,1.2,247,12,2,124-5,[]
TX,405.101235924,273706.508094645,4630640.681689058,1.2,675,12,2,171-25,[]
TX,405.214921015,289887.639669505,4638084.343013722,1.2,155,12,2,111-11,[]
TX,405.28407282,290507.382280774,4640912.272573239,1.2,2152,7,2,44-27,[]
TX,405.461051937,292757.778693014,4642124.922646166,1.2,1336,12,2,262-8,[]
TX,405.590274096,290377.039434902,4641805.521884812,1.2,146,9,2,110-14,[]
TX,405.630488502,290072.571243575,4642396.103996031,1.2,1824,9,2,335-15,[]
TX,405.695913573,291020.922291096,4640561.830842352,1.2,592,7,2,159-18,[]
TX,405.738882695,291416.270945955,4641312.999773748,1.2,16,9,2,100-8,[]
TX,406.20378161,291977.545956745,4642598.619405641,1.2,2400,12,2,70-3,[]
TX,406.270565874,283294.783960273,4640432.681824242,1.2,473,12,2,148-23,[]
TX,406.330002014,295665.604132482,4645473.621183684,1.2,281,12,2,128-20,[]
TX,406.367863503,289323.083130754,4634318.057530226,1.2,1448,12,2,28-10,[]
TX,406.443838516,290708.644208112,4641291.932684924,1.2,1110,7,2,234-6,[]
TX,406.494673398,292910.067032914,4643894.703914695,1.2,763,12,2,185-19,[]
TX,406.509706719,289058.065716507,4637904.725962128,1.2,579,12,2,158-12,[]
TX,406.607802707,289600.360059999,4643560.212677172,1.2,1889,12,2,340-4,[]
TX,406.666394711,291848.68080668,4642553.223052348,1.2,622,12,2,162-29,[]
TX,406.769724362,294416.441683954,4645661.268180428,1.2,397,12,2,14-6,[]
TX,406.904147459,291857.703629154,4642555.574774789,1.2,776,12,2,186-23,[]
TX,406.989150276,291730.008348666,4642160.04058274,1.2,1121,11,2,237-8,[]
TX,407.071629588,293227.379232926,4643127.056314584,1.2,2188,12,2,47-18,[]
TX,407.151265593,292687.091891915,4641821.154795743,1.2,1940,12,2,349-21,[]
TX,407.28495993,291962.518918885,4642887.870464201,1.2,565,12,2,155-6,[]
TX,407.410716943,293657.982923029,4643436.556421742,1.2,1344,12,2,264-3,[]
TX,407.515501584,291594.447526049,4642899.564079791,1.2,1320,12,2,261-13,[]
TX,407.574377776,292746.989591837,4642041.67375258,1.2,2207,12,2,48-14,[]
TX,407.950746389,299743.526040262,4630057.130591389,1.2,2444,12,2,72-26,[]
TX,408.154347457,293407.819575201,4646148.149665352,1.2,307,12,2,130-18,[]
TX,408.213998511,290610.810083664,4633568.658839737,1.2,1237,12,2,249-7,[]
TX,408.233180754,291067.5607661,4644021.788193241,1.2,2419,12,2,71-25,[]
TX,408.407455788,291828.821079655,4642553.020322371,1.2,818,12,2,190-30,[]
TX,408.459106519,291370.634338797,4634631.073687657,1.2,814,12,2,190-20,[]
TX,408.488473426,291047.098037461,4644019.95977308,1.2,1070,12,2,231-10,[]
TX,408.503441117,291915.935923539,4642574.794290113,1.2,1119,12,2,237-27,[]
TX,408.547744999,292715.888194458,4641836.962737261,1.2,2366,12,2,67-2,[]
TX,408.613433404,291995.951467236,4643715.636296961,1.2,1303,12,2,259-19,[]
TX,408.927672738,289155.199037189,4634978.726929833,1.2,673,12,2,171-23,[]
TX,409.359871534,291311.438703143,4640337.658765371,1.2,69,10,2,104-21,"[['RX_GW', 410.019381971, 69, 10, 2, 868.1, -132.790208639, '00:00:00:00:00:02']]"
TX,409.509210133,273670.231813615,4630588.112506476,1.2,428,12,2,141-22,[]
TX,409.669558111,291748.997704062,4644291.563368776,1.2,304,12,2,130-13,[]
TX,409.973695991,290736.95602104,4642896.201400861,1.2,1332,11,2,262-24,[]
TX,410.324945474,291216.777153439,4642286.516307869,1.2,2648,11,2,96-4,[]
TX,410.366909746,289336.892036639,4634304.765648426,1.2,142,12,2,110-10,[]
TX,410.370212098,289319.673672823,4634321.180455658,1.2,958,12,2,211-14,[]
TX,410.426081582,291771.797265395,4642535.636356327,1.2,1555,12,2,298-5,[]
TX,410.500964916,290842.474786809,4642277.660955712,1.2,923,10,2,204-25,[]
TX,410.606563021,292440.459057442,4637377.477086051,1.2,1650,12,2,31-15,[]
TX,410.78496088,286143.974174645,4645727.989395809,1.2,1472,12,2,287-11,[]
TX,410.865722418,292865.261746601,4644250.601033879,1.2,2460,12,2,75-14,[]
TX,410.923203926,291103.349025178,4641927.720958414,1.2,1494,9,2,287-9,[]
TX,411.039987905,291398.041978157,4642093.082952793,1.2,603,12,2,160-20,[]
TX,411.167408591,290365.783919889,4643400.794162486,1.2,487,12,2,149-15,[]
TX,411.202601693,287519.597575494,4641303.680958034,1.2,83,12,2,106-11,[]
TX,411.228286642,290379.330499442,4643859.575694963,1.2,1897,12,2,341-21,[]
TX,411.302270003,289442.703538752,4635054.681096246,1.2,2352,12,2,66-17,[]
TX,411.639847892,292712.562797409,4641279.340720542,1.2,803,12,2,19-2,[]
TX,411.651033931,290873.399558664,4642261.077320823,1.2,152,10,2,110-27,[]
TX,411.728794177,291164.304482626,4641378.118321601,1.2,12,8,2,100-4,[]
TX,411.761497186,287914.064738382,4631725.669650931,1.2,942,12,2,209-24,[]
TX,411.770551323,282815.167303398,4644351.378762337,1.2,1367,12,2,267-28,[]
TX,411.901470092,291672.249174831,4639960.330632668,1.2,509,12,2,151-12,[]
TX,411.98351923,290530.011801483,4640961.659621131,1.2,325,7,2,131-12,[]
TX,411.990732313,290151.051003155,4643442.624853249,1.2,168,12,2,112-21,[]
TX,412.072941973,289833.977376945,4639603.661807771,1.2,1424,9,2,274-2,[]
TX,412.077736925,290090.107966334,4640909.14307407,1.2,1053,7,2,226-5,[]
TX,412.241011442,290080.358182882,4642402.652561435,1.2,1400,9,2,270-23,[]
TX,412.448131235,288734.016171132,4643200.501629015,1.2,432,12,2,141-26,[]
TX,412.538988648,279973.171477557,4632602.045075886,1.2,501,12,2,150-29,[]
TX,412.76072125,297659.980539848,4640358.076562981,1.2,2032,12,2,363-29,[]
TX,412.793838565,290577.878248599,4636745.69109361,1.2,405,12,2,140-15,[]
TX,412.825068596,289362.039198849,4645313.914966415,1.2,2482,12,2,76-25,[]
TX,412.827556108,290067.806063843,4642263.100710589,1.2,1186,7,2,241-28,[]
TX,412.890254325,284794.446819325,4642726.541068251,1.2,1876,12,2,340-10,[]
TX,412.909298781,292700.647110989,4641827.086928515,1.2,2579,12,2,85-28,[]
TX,413.064794802,291831.733617397,4642566.999800974,1.2,1385,12,2,269-29,[]
TX,413.149228675,291108.950602497,4643064.822228087,1.2,445,12,2,145-25,[]
TX,413.149620256,296035.731061316,4643609.296912275,1.2,2223,12,2,50-13,[]
TX,413.160192882,271818.945884422,4630665.656294603,1.2,2134,12,2,43-17,[]
TX,413.256880123,291951.619092636,4642598.231317768,1.2,568,12,2,157-18,[]
TX,413.427379039,291250.570630373,4641256.070562237,1.2,2323,9,2,58-7,[]
TX,413.527760624,288756.258002246,4642560.431272484,1.2,2587,11,2,87-26,[]
TX,413.575309333,289235.407555747,4642501.843385642,1.2,591,10,2,159-17,[]
TX,413.600112215,292000.114238247,4642605.021523372,1.2,2042,12,2,367-18,[]
TX,413.919025631,290844.468140298,4642259.0811676,1.2,439,9,2,145-10,[]
TX,414.010822931,292270.111298777,4642926.22228852,1.2,1089,12,2,231-8,[]
TX,414.110179625,288114.065050898,4645464.715660908,1.2,2018,12,2,363-10,[]
TX,414.428124321,297463.037258148,4646303.779987921,1.2,2197,12,2,47-3,[]
TX,414.637486324,295081.590356635,4642773.49267933,1.2,2129,8,2,42-28,[]
TX,414.650596954,291869.410757366,4642560.322925394,1.2,781,12,2,186-28,[]
TX,414.737813947,291054.121972226,4641707.824364015,1.2,1460,9,2,282-18,"[['RX_GW', 415.109579996, 1460, 9, 2, 868.1, -129.374903788, '00:00:00:00:00:02']]"
TX,414.770117747,292273.619021848,4637883.026620509,1.2,993,12,2,22-25,[]
TX,414.789723919,290615.958489873,4633561.529346278,1.2,954,12,2,211-10,[]
TX,414.811784198,280587.941893529,4632656.936107537,1.2,1287,12,2,256-17,[]
TX,415.128051827,285392.471308176,4631705.626678186,1.2,1418,12,2,273-6,[]
TX,415.528491601,291065.142319222,4644021.566458747,1.2,1703,12,2,317-16,[]
TX,415.5772853,273710.285921354,4630684.461866232,1.2,653,12,2,167-15,[]
TX,415.627881389,292821.574993595,4641966.025498532,1.2,433,12,2,141-27,[]
TX,415.637819402,292999.448572512,4642938.676492079,1.2,2102,12,2,40-14,[]
TX,415.751104542,291590.131349088,4642163.057016759,1.2,2509,12,2,80-17,[]
TX,415.836084144,290796.424537028,4635618.558475388,1.2,2239,12,2,50-4,[]
TX,415.847315808,289155.885018088,4638601.162954184,1.2,682,12,2,172-29,[]
TX,415.941660372,286694.714739736,4645120.71848271,1.2,456,12,2,147-24,[]
TX,416.07197552,293584.464795424,4645066.599685386,1.2,339,12,2,137-15,[]
TX,416.150473726,291068.514851297,4644042.133352234,1.2,328,12,2,131-24,[]
TX,416.242873079,291846.778678656,4642460.487734606,1.2,1618,12,2,306-7,[]
TX,416.255155937,290175.492424208,4642115.554641214,1.2,2425,8,2,71-30,[]
TX,416.271393604,292317.314279784,4641988.907074461,1.2,4,12,2,100-21,[]
TX,416.370413711,290227.043558268,4640222.745256297,1.2,44,7,2,102-19,[]
TX,416.810480533,271550.372497142,4630583.081271289,1.2,1262,12,2,254-15,[]
TX,416.877156408,290139.478643883,4641485.205818497,1.2,1565,7,2,3-27,[]
TX,416.982425573,292541.539769488,4644010.882656612,1.2,10,12,2,100-28,[]
TX,417.115505338,292108.192927433,4642935.596185209,1.2,2499,12,2,8-17,[]
TX,417.393434671,286834.36053052,4645127.349623019,1.2,2244,12,2,51-10,[]
TX,417.408416415,292317.620886159,4642048.733278853,1.2,238,12,2,124-2,[]
TX,417.590259419,291829.164050826,4642561.201901759,1.2,1596,12,2,305-18,[]
TX,417.649863362,291139.839372677,4642369.784286067,1.2,1670,11,2,310-17,[]
TX,417.654190061,273707.344511808,4630655.343739989,1.2,2278,12,2,54-26,[]
TX,417.804555999,293248.617607241,4640219.551373654,1.2,1665,12,2,31-4,[]
TX,417.836963453,293858.468015679,4645345.007487652,1.2,2573,12,2,85-10,[]
TX,417.873341636,295123.311574149,4642692.795688882,1.2,613,8,2,162-13,[]
TX,417.901172199,290454.134453656,4641685.239962843,1.2,872,7,2,199-22,[]
TX,417.91057102,291893.458140799,4634720.497770631,1.2,1747,12,2,322-4,[]
TX,417.971770994,290415.033712516,4643865.590578746,1.2,2675,12,2,97-9,[]
TX,417.977436661,292894.541042494,4640164.177416909,1.2,2213,12,2,48-8,[]
TX,418.188893212,292199.447935695,4638186.246079769,1.2,301,12,2,130-10,[]
TX,418.242419325,289739.684506633,4642404.390399124,1.2,2580,10,2,87-10,[]
TX,418.245717959,298048.802538625,4646607.585965269,1.2,1015,12,2,222-13,[]
TX,418.44657963,288752.558850748,4642575.681170478,1.2,2154,11,2,45-1,[]
TX,418.485735232,284993.307115035,4633229.789594222,1.2,819,12,2,190-4,[]
TX,418.607371044,290387.443263583,4641814.203111027,1.2,1768,9,2,326-3,[]
TX,418.658414758,291135.719959286,4646197.104813303,1.2,1259,12,2,254-12,[]
TX,418.691362798,293705.752856249,4640664.719277075,1.2,1019,12,2,222-28,[]
TX,418.786462364,289316.178487003,4639772.267356471,1.2,1227,9,2,248-4,[]
TX,418.822802733,290021.422745709,4641926.127988284,1.2,684,7,2,172-4,[]
TX,419.004146723,288470.809769164,4630658.031613579,1.2,1837,12,2,336-4,[]
TX,419.019437117,289178.720794256,4642512.269166972,1.2,960,10,2,211-26,[]
TX,419.060049538,295117.45664214,4645258.13617897,1.2,2180,12,2,46-7,[]
TX,419.140268795,291994.551640308,4643704.754449075,1.2,2596,12,2,88-27,[]
TX,419.161557598,295158.113215761,4646467.404723494,1.2,2495,12,2,79-6,[]
TX,419.207438297,291862.539003314,4641634.299230251,1.2,1764,12,2,326-19,[]
TX,419.224660357,293202.692461622,4643112.0668503,1.2,2569,12,2,84-4,[]
TX,419.266272116,291938.521726793,4642575.149269948,1.2,2652,12,2,97-10,[]
TX,419.358126008,291680.738728447,4642113.12412478,1.2,1372,11,2,268-30,[]
TX,419.57170246,290732.822158204,4640852.377186217,1.2,1297,7,2,256-4,[]
TX,419.580659776,291253.114848569,4639618.764658411,1.2,804,11,2,19-3,[]
TX,419.586452579,296747.336101567,4646476.121072503,1.2,1490,12,2,287-5,[]
TX,419.697815835,290391.333759247,4641819.157437026,1.2,870,9,2,199-12,[]
TX,419.725023804,293773.986991104,4642853.945000777,1.2,1084,12,2,231-3,[]
TX,419.73748439,289001.432607416,4643782.175632165,1.2,125,12,2,109-3,[]
TX,419.847773469,292242.009692279,4642933.114351681,1.2,31,12,2,101-24,[]
TX,419.85098768,290373.810790081,4641808.576667771,1.2,45,9,2,102-2,[]
TX,419.894796822,288216.092594152,4645040.127388356,1.2,2409,12,2,71-13,[]
TX,420.090139206,291218.110913997,4642262.891955077,1.2,1306,12,2,259-3,[]
TX,420.21154049,292391.629624938,4637315.526601179,1.2,2286,12,2,55-5,[]
TX,420.377834221,290743.107945857,4642915.089821688,1.2,1601,11,2,305-24,[]
TX,420.441574024,287551.59134016,4634273.944581852,1.2,2121,12,2,42-11,[]
TX,420.650618267,294154.966364961,4647423.064898111,1.2,2261,12,2,51-28,[]
TX,420.965912072,291061.166748116,4641205.436775195,1.2,2202,7,2,47-7,[]
TX,421.085558909,291070.447114896,4644049.104015301,1.2,874,12,2,199-25,[]
TX,421.352284064,289401.173302816,4641535.875774818,1.2,1783,7,2,330-26,[]
TX,421.377712648,291700.596034705,4640124.737550385,1.2,463,12,2,148-10,[]
TX,421.433842984,291060.854444781,4641644.452287279,1.2,939,9,2,209-11,[]
TX,421.590327254,292330.410436137,4642036.967069737,1.2,244,12,2,124-3,[]
TX,421.700084059,292724.988022393,4641840.580922751,1.2,1381,12,2,269-19,[]
TX,421.801735226,291918.150847177,4642572.75741012,1.2,122,12,2,109-27,[]
TX,421.859726541,273680.67590403,4630649.459010063,1.2,624,12,2,162-30,[]
TX,421.919341405,289331.586722626,4642547.27123639,1.2,2452,10,2,73-3,[]
TX,421.962400012,283379.234915284,4633666.39919598,1.2,986,12,2,215-9,[]
TX,422.021543649,290418.607434458,4647179.82969543,1.2,1561,12,2,3-14,[]
TX,422.160987793,290845.688357799,4642276.123310214,1.2,1464,10,2,282-4,[]
TX,422.409809912,289319.489610144,4634324.717613691,1.2,786,12,2,187-21,[]
TX,422.480237075,294267.149080581,4644148.11787624,1.2,2454,12,2,73-4,[]
TX,422.51599292,290666.082527116,4641307.738723258,1.2,2159,7,2,45-20,[]
TX,422.65521462,300719.00348793,4645083.749440825,1.2,1173,12,2,24-4,[]
TX,422.73804643,289981.489468173,4641582.623908765,1.2,2005,7,2,361-20,"[['RX_GW', 422.853042168, 2005, 7, 2, 868.1, -116.97853943, '00:00:00:00:00:02']]"
TX,422.759195082,299741.241354639,4630073.350718496,1.2,971,12,2,214-4,[]
TX,422.781504354,294314.795137487,4644190.181450591,1.2,1191,12,2,244-10,[]
TX,422.789071813,271578.418267032,4630123.394638302,1.2,1626,12,2,308-24,[]
TX,422.978772818,287915.619627824,4643989.72765911,1.2,412,12,2,140-21,[]
TX,423.201482055,290649.78109505,4646804.601008025,1.2,2292,12,2,56-13,[]
TX,423.210603544,273673.859573106,4630702.006854207,1.2,1544,12,2,294-28,[]
TX,423.328364498,293391.375389587,4642712.749549268,1.2,1248,12,2,253-12,[]
TX,423.425204373,290094.098996623,4640898.339985689,1.2,2321,7,2,58-5,"[['RX_GW', 423.540198338, 2321, 7, 2, 868.1, -85.907944392, '00:00:00:00:00:02']]"
TX,423.48535509,288614.908589252,4635217.443062512,1.2,2548,12,2,84-10,[]
TX,423.517825579,291745.470712419,4641532.793196065,1.2,2074,11,2,371-21,[]
TX,423.56233587,287761.949725681,4645626.112182329,1.2,1952,12,2,351-4,[]
TX,423.609648768,292118.332149636,4637032.15667654,1.2,1827,12,2,335-6,[]
TX,423.642997348,290644.128887316,4641958.882350454,1.2,602,9,2,160-2,"[['RX_GW', 424.014763051, 602, 9, 2, 868.1, -128.073553156, '00:00:00:00:00:02']]"
TX,423.73033806,290493.201799744,4643393.983959308,1.2,2443,12,2,72-25,[]
TX,423.777104,285739.531286194,4641327.643392671,1.2,2386,12,2,7-20,[]
TX,423.781762902,292134.073846336,4644177.329061842,1.2,62,12,2,103-5,[]
TX,423.892396656,289943.671580775,4634383.426462133,1.2,74,12,2,104-7,[]
TX,423.963859159,291097.810104101,4641078.045542709,1.2,916,8,2,204-11,[]
TX,424.195886206,292092.305582764,4643503.867501352,1.2,497,12,2,150-18,[]
TX,424.226332379,292852.645561112,4642229.716694081,1.2,426,12,2,141-13,[]
TX,424.321535825,294388.736640329,4642860.980739893,1.2,1130,12,2,239-12,[]
TX,424.333835911,289948.020552798,4634413.393731159,1.2,359,12,2,138-13,[]
TX,424.498238126,292288.270944776,4641745.360632177,1.2,1799,12,2,332-22,[]
TX,424.607752969,298018.585916972,4642046.948985171,1.2,2108,12,2,41-10,[]
TX,424.643820425,298542.273734282,4644229.263405648,1.2,2105,12,2,40-26,[]
TX,424.95260084,290984.971655625,4639071.789064263,1.2,1769,10,2,326-4,[]
TX,425.086944382,294174.41472211,4642782.983994045,1.2,84,11,2,106-12,[]
TX,425.102395588,295016.864073186,4648707.31467854,1.2,1802,12,2,332-27,[]
TX,425.152636106,288594.735517016,4638641.858387421,1.2,2147,12,2,44-11,[]
TX,425.186135105,291056.38150195,4644026.439062945,1.2,869,12,2,199-11,[]
TX,425.306249845,289968.970116,4642811.111994609,1.2,1930,11,2,348-6,[]
TX,425.495025748,273667.799766092,4630636.473663913,1.2,1521,12,2,290-4,[]
TX,425.560251263,292327.124616469,4642038.449858653,1.2,1175,12,2,24-6,[]
TX,425.639703167,290745.227538425,4642998.490704298,1.2,2642,12,2,96-17,[]
TX,425.746301065,282428.795770188,4632820.771894867,1.2,2155,12,2,45-17,[]
TX,426.082395998,288108.013912815,4643051.761663319,1.2,64,12,2,103-7,[]
TX,426.286031696,292723.160297027,4641849.416782399,1.2,2230,12,2,50-21,[]
TX,426.526001816,291368.159849995,4638518.47813841,1.2,260,12,2,126-12,[]
TX,426.533681651,295139.852212725,4642699.669325691,1.2,2531,8,2,82-27,"[['RX_GW', 426.741094959, 2531, 8, 2, 868.1, -125.093982538, '00:00:00:00:00:04']]"
TX,426.57506685,289758.553913568,4641814.987084102,1.2,2312,7,2,57-26,[]
TX,426.583022442,293707.319807345,4645350.434593919,1.2,308,12,2,130-19,[]
TX,426.750959426,287888.446655143,4630918.792930502,1.2,1451,12,2,28-13,[]
TX,427.145914007,273729.933924039,4630670.768767653,1.2,156,12,2,111-12,[]
TX,427.151166756,292484.196911796,4641897.242463578,1.2,1319,12,2,261-12,[]
TX,427.225011723,292855.90455083,4641917.347514286,1.2,723,12,2,181-12,[]
TX,427.538181811,293153.404940481,4643867.957906502,1.2,2630,12,2,93-7,[]
TX,427.674341264,271729.515718259,4630689.393969112,1.2,1990,12,2,358-20,[]
TX,427.776287376,288951.809560165,4638553.215644935,1.2,75,12,2,105-17,[]
TX,427.779382765,290590.57946732,4630401.650989343,1.2,2491,12,2,79-20,[]
TX,427.929822235,291301.48110656,4642395.653180359,1.2,2062,12,2,368-3,[]
TX,427.958351229,289951.407732569,4634405.041999103,1.2,1787,12,2,330-4,[]
TX,428.307388912,290730.073291882,4642314.550461707,1.2,1477,9,2,287-18,[]
TX,428.34313116,292488.159664456,4641502.53287843,1.2,1664,12,2,31-30,[]
TX,428.714866192,291845.400197166,4642567.691106414,1.2,2016,12,2,362-6,[]
TX,428.791733249,292165.91410256,4642935.296725941,1.2,2631,12,2,95-1,[]
TX,428.888359042,290864.966913094,4642271.20080424,1.2,2376,10,2,68-21,[]
TX,429.409033578,290256.850990016,4636838.648235947,1.2,1518,12,2,290-20,[]
TX,429.723063909,291124.608838447,4641197.01429532,1.2,215,8,2,12-7,[]
TX,429.781985039,290096.862353272,4647376.805948725,1.2,46,12,2,102-20,[]
TX,430.091184627,289678.65999393,4638822.443007624,1.2,76,12,2,105-18,[]
TX,430.113709068,291235.20046056,4642277.021835454,1.2,2647,11,2,96-3,[]
TX,430.144513997,291977.664445823,4643700.662365261,1.2,845,12,2,197-15,[]
TX,430.265896542,291705.511868931,4642127.412255593,1.2,1469,11,2,284-22,[]
TX,430.31459263,292784.910127642,4642168.294678067,1.2,1687,12,2,311-3,[]
TX,430.484595514,291925.587393796,4642583.110365065,1.2,1993,12,2,358-25,[]
TX,430.484683303,292036.701078409,4641783.338792712,1.2,1759,12,2,326-1,[]
TX,430.721240138,290082.609375305,4635393.204177575,1.2,1540,12,2,294-11,[]
TX,430.764649916,292325.275200017,4642047.849173517,1.2,1794,12,2,332-13,[]
TX,430.7869349,295581.622627307,4645542.617808266,1.2,2199,12,2,47-4,[]
TX,430.995088497,290309.433250806,4641520.726915727,1.2,928,7,2,206-11,[]
TX,431.165208462,290981.546525949,4644068.554336274,1.2,23,12,2,101-15,[]
TX,431.373047431,289771.389456949,4643215.74827363,1.2,542,12,2,153-19,[]
TX,431.588159414,293130.43500344,4643038.937650329,1.2,1849,12,2,337-28,[]
TX,431.740668046,290322.691262087,4643606.05864206,1.2,1066,12,2,229-4,[]
TX,431.783361437,291840.973930747,4642539.642620973,1.2,116,12,2,109-2,[]
TX,431.955218174,287062.70356155,4645831.153969422,1.2,1095,12,2,232-3,[]
TX,432.008979569,292231.088869198,4641936.686198265,1.2,1282,12,2,256-10,[]
TX,432.080669099,291192.133067435,4641249.672815486,1.2,657,9,2,167-19,[]
TX,432.187416754,290834.578097918,4636945.550763563,1.2,1106,12,2,234-17,[]
TX,432.230906694,289167.654818809,4643759.757739036,1.2,695,12,2,174-19,[]
TX,432.244716712,287407.301143501,4641867.250810644,1.2,961,12,2,211-27,[]
TX,432.287383957,274048.269376003,4630513.169598068,1.2,2314,12,2,57-9,[]
TX,432.62624157,292675.203736326,4641823.765499925,1.2,2546,12,2,83-3,[]
TX,432.712239689,291238.623649334,4641256.350226435,1.2,2322,9,2,58-6,[]
TX,432.71448491,291779.903006863,4642566.621218959,1.2,1346,12,2,264-5,[]
TX,432.743042419,275230.965863552,4631337.098138867,1.2,1861,12,2,339-19,[]
TX,433.019821897,291337.539347269,4641337.894665882,1.2,1468,9,2,284-10,"[['RX_GW', 433.391588244, 1468, 9, 2, 868.1, -128.025897286, '00:00:00:00:00:02']]"
TX,433.198628086,292518.838335827,4639701.843347986,1.2,1939,12,2,349-20,[]
TX,433.393870776,291998.091221527,4643696.225827938,1.2,2466,12,2,75-24,[]
TX,433.498676287,292002.099195538,4643694.490609027,1.2,363,12,2,138-23,[]
TX,433.541109674,291665.144591609,4642136.959425469,1.2,1171,11,2,24-3,[]
TX,433.569217382,293413.898571656,4651102.181123566,1.2,89,12,2,106-25,[]
TX,433.627763364,289025.068147038,4642980.259276798,1.2,250,12,2,125-10,[]
TX,433.756376318,293327.661058389,4642682.274067078,1.2,1313,12,2,260-4,[]
TX,433.91183702,282698.307038267,4635718.214071206,1.2,1268,12,2,254-20,[]
TX,433.922384676,291804.409117023,4641546.251374141,1.2,2538,12,2,82-8,[]
TX,433.964937751,288170.014249227,4643864.045449096,1.2,374,12,2,138-8,[]
TX,434.062298872,286457.693258475,4640880.046178155,1.2,321,12,2,130-8,[]
TX,434.356647915,289287.376266866,4642406.895019845,1.2,1967,10,2,353-5,[]
TX,434.374981348,294243.958557919,4641269.834450219,1.2,2551,8,2,84-13,[]
TX,434.553388375,291890.947403387,4641081.686561479,1.2,1632,11,2,309-17,[]
TX,435.029400912,290746.99173597,4642872.379247829,1.2,163,11,2,112-17,[]
TX,435.046749804,292280.448679345,4637823.035843826,1.2,1423,12,2,274-18,[]
TX,435.107092637,292526.9667101,4642908.785894434,1.2,2606,12,2,91-30,[]
TX,435.12258663,289210.411223421,4642067.228336775,1.2,180,9,2,113-14,[]
TX,435.281177638,272785.497221986,4629715.071661398,1.2,2126,12,2,42-25,[]
TX,435.412114891,275502.303270624,4631513.165135873,1.2,309,12,2,130-20,[]
TX,435.648254033,291147.278165977,4636141.791685934,1.2,1917,12,2,347-14,[]
TX,435.664565424,290354.464207359,4637008.765225661,1.2,2552,12,2,84-14,[]
TX,435.762602605,275914.883436723,4631805.381805345,1.2,471,12,2,148-21,[]
TX,435.824098533,289612.399885682,4643515.31791494,1.2,338,12,2,137-14,[]
TX,435.881870365,271781.827214728,4630737.541547352,1.2,399,12,2,140-1,[]
TX,435.927805049,289334.131971575,4639770.651924444,1.2,2037,9,2,367-11,[]
TX,436.053824578,289175.747474484,4642152.382249011,1.2,715,10,2,178-6,[]
TX,436.131415823,293089.458695616,4643272.013532714,1.2,500,12,2,150-21,[]
TX,436.304939983,291999.964094669,4643715.084524398,1.2,936,12,2,206-28,[]
TX,436.314759366,273718.787564321,4630662.031793295,1.2,1579,12,2,303-12,[]
TX,436.413292012,273646.535832422,4630653.922159027,1.2,1183,12,2,241-25,[]
TX,436.661843222,291053.687567327,4644050.999663074,1.2,60,12,2,103-30,[]
TX,436.71217343,291025.091418668,4641771.809924576,1.2,976,9,2,215-12,[]
TX,437.017689607,288753.886275648,4642565.380560698,1.2,1005,11,2,221-13,[]
TX,437.144819995,284577.451533149,4640504.006981704,1.2,2140,12,2,43-27,[]
TX,437.465214697,294131.956356077,4647408.07244968,1.2,2305,12,2,56-5,[]
TX,437.747306042,290887.22226458,4635937.649788541,1.2,1682,12,2,311-17,[]
TX,437.771689642,291653.402492276,4640874.779313831,1.2,530,10,2,152-11,[]
TX,438.012726129,291104.714672547,4641505.474452567,1.2,605,10,2,160-3,[]
TX,438.09942671,291840.30457377,4644937.297466408,1.2,805,12,2,19-4,[]
TX,438.183096092,292223.143577049,4638087.916502046,1.2,648,12,2,163-5,[]
TX,438.363119901,299512.332470586,4635070.88957251,1.2,2501,12,2,8-19,[]
TX,438.40810075,290047.066968662,4637283.232524816,1.2,1856,12,2,339-12,[]
TX,438.536480746,286106.368626024,4634508.297604399,1.2,1151,12,2,24-1,[]
TX,438.697186801,291301.785141281,4639839.486039171,1.2,1258,11,2,254-11,[]
TX,438.728951305,291250.106584169,4641268.230370322,1.2,2408,9,2,71-12,[]
TX,438.730670246,295637.867252365,4645569.008417456,1.2,1790,12,2,330-9,[]
TX,438.85805788,292438.726515612,4641385.269371607,1.2,1640,12,2,309-30,[]
TX,438.947922777,290433.422875348,4646525.055939988,1.2,2249,12,2,51-15,[]
TX,438.995099964,289571.395943263,4642606.287524308,1.2,2445,11,2,72-27,[]
TX,439.043952103,289308.359626956,4635101.238922347,1.2,977,12,2,215-13,[]
TX,439.047324571,292521.380203699,4642490.2976879,1.2,570,12,2,157-20,[]
TX,439.075252154,271914.614650395,4630619.433908483,1.2,1850,12,2,338-21,[]
TX,439.230807385,288599.989395998,4639318.860988398,1.2,1218,12,2,246-26,[]
TX,439.408689727,292665.85026786,4641810.599549893,1.2,1437,12,2,275-2,[]
TX,439.451237599,299742.839642124,4630052.938365106,1.2,292,12,2,129-12,[]
TX,439.513044996,295132.843292197,4642701.405446446,1.2,2065,8,2,369-17,[]
TX,439.574340382,296751.15192542,4646470.038066398,1.2,2601,12,2,91-19,[]
TX,439.945191947,285538.575640593,4647222.960816477,1.2,2412,12,2,71-17,[]
TX,440.073104982,289672.4450365,4643513.36830303,1.2,1509,12,2,29-25,[]
TX,440.137282191,289302.320584725,4634320.350671729,1.2,498,12,2,150-19,[]
TX,440.142939278,292328.064345976,4641988.119673023,1.2,2071,12,2,369-7,[]
TX,440.408539802,291694.538472021,4642122.863123261,1.2,554,11,2,155-17,[]
TX,440.44695317,291048.180878141,4644064.58409594,1.2,211,12,2,12-3,[]
TX,440.484288077,286740.232233107,4641386.042059399,1.2,1649,12,2,31-14,[]
TX,440.496256337,291007.108044095,4639063.46006272,1.2,598,12,2,159-6,[]
TX,440.536494891,291959.569332432,4642603.696348237,1.2,1176,12,2,24-7,[]
TX,440.609375456,289893.321037393,4638935.593091452,1.2,1158,12,2,24-16,[]
TX,440.654134788,291983.137174613,4642633.792593504,1.2,903,12,2,202-24,[]
TX,441.069988081,300731.837886894,4636998.385116791,1.2,2497,12,2,8-15,[]
TX,441.176096082,271590.965664013,4630625.820315028,1.2,1126,12,2,238-25,[]
TX,441.239683019,289732.204775585,4641843.830907535,1.2,552,7,2,153-7,[]
TX,441.258465188,295814.705533677,4645562.264255504,1.2,2183,12,2,47-12,[]
TX,441.361739922,290629.941466303,4643061.275615126,1.2,1379,11,2,269-17,[]
TX,441.44706181,289161.945826954,4644503.00946423,1.2,1113,12,2,237-12,[]
TX,441.460547997,295388.106808497,4645464.795297001,1.2,2185,12,2,47-14,[]
TX,441.506904702,296463.772971055,4645783.307056306,1.2,907,12,2,202-28,[]
TX,441.624657846,292357.848817582,4642276.30715149,1.2,1031,12,2,223-28,[]
TX,441.755200778,289320.168362042,4639756.998598759,1.2,1221,9,2,248-17,[]
TX,441.794640769,291980.581650362,4643700.868024719,1.2,2091,12,2,39-22,[]
TX,441.807688387,291778.742059498,4642799.195635312,1.2,2054,12,2,367-6,[]
TX,441.872709372,302219.825184154,4658274.074989327,1.2,2498,12,2,8-16,[]
TX,441.937327045,289229.183478021,4642074.500178212,1.2,1482,9,2,287-23,[]
TX,441.979009464,291729.4550323,4642153.241629392,1.2,1165,11,2,24-24,[]
TX,442.041733106,293258.183693698,4639493.374353414,1.2,1506,12,2,29-13,[]
TX,442.141707686,273474.911562888,4630146.084995617,1.2,1549,12,2,298-18,[]
TX,442.165997822,291066.999749742,4644052.313343141,1.2,725,12,2,181-14,[]
TX,442.220827337,289679.992071681,4638755.207820807,1.2,1761,12,2,326-16,[]
TX,442.475670583,292030.801872555,4644001.089934871,1.2,731,12,2,181-23,[]
TX,442.541256148,299873.393430371,4645750.833911372,1.2,527,12,2,151-8,[]
TX,442.54138027,294140.400435681,4647421.21165383,1.2,97,12,2,107-14,[]
TX,442.550982858,283190.072153549,4648156.633715502,1.2,2500,12,2,8-18,[]
TX,442.687846226,292258.135800844,4642090.560355728,1.2,1369,12,2,268-20,[]
TX,442.901422245,288954.936402812,4642640.606960081,1.2,1170,12,2,24-29,[]
TX,442.933673385,288253.720884166,4642885.187244607,1.2,915,12,2,204-10,[]
TX,443.048852343,291125.962803373,4642472.095645245,1.2,879,11,2,200-13,[]
TX,443.076248791,271625.856499389,4630692.131935198,1.2,2153,12,2,44-28,[]
TX,443.420888135,290143.012724344,4635340.974429389,1.2,625,12,2,162-4,[]
TX,443.62208421,273862.664678328,4630372.261182178,1.2,863,12,2,198-24,[]
TX,444.112463909,292417.312414618,4637356.487926185,1.2,995,12,2,22-27,[]
TX,444.139321562,273707.341246577,4630615.88320324,1.2,132,12,2,11-17,[]
TX,444.169679151,289179.724135443,4642093.84055193,1.2,582,9,2,158-23,[]
TX,444.234783338,288486.950261205,4635158.866754324,1.2,1842,12,2,337-11,[]
TX,444.307001828,293741.593710978,4645374.361005066,1.2,1646,12,2,31-11,[]
TX,444.666199504,289871.072069846,4642994.753383393,1.2,187,11,2,115-12,[]
TX,445.036419999,273666.962785184,4630694.702466395,1.2,1745,12,2,322-20,[]
TX,445.216876401,290757.410350478,4641509.524945472,1.2,105,7,2,109-1,"[['RX_GW', 445.331873241, 105, 7, 2, 868.1, -120.253375736, '00:00:00:00:00:02']]"
TX,445.27733817,290274.233853522,4643373.68130961,1.2,1399,12,2,270-21,[]
TX,445.289036036,292988.23141287,4644362.652877466,1.2,2567,12,2,84-3,[]
TX,445.539822158,289737.406434707,4639464.839573275,1.2,746,10,2,182-21,"[['RX_GW', 446.199332545, 746, 10, 2, 868.1, -130.933175167, '00:00:00:00:00:02']]"
TX,445.550542191,292669.988280845,4641328.042877913,1.2,1174,12,2,24-5,[]
TX,445.58276662,292059.607284288,4640498.416386363,1.2,248,11,2,124-6,[]
TX,445.881752326,292551.017470021,4642604.576238321,1.2,26,12,2,101-18,[]
TX,445.882960074,286533.616768168,4641890.074851183,1.2,2014,12,2,362-20,[]
TX,445.932971593,292003.589571547,4641749.763903855,1.2,1309,12,2,259-6,[]
TX,445.951460513,292232.024747068,4638043.553433414,1.2,546,12,2,153-29,[]
TX,445.969236567,285132.516505592,4640756.296986009,1.2,2145,12,2,43-7,[]
TX,446.046021397,290825.041737374,4642283.039831317,1.2,2585,10,2,87-24,[]
TX,446.100161889,292153.787821643,4643641.086584479,1.2,2563,12,2,84-26,[]
TX,446.106955763,290873.107755206,4641306.74599947,1.2,1244,7,2,250-4,[]
TX,446.620240946,271817.775261222,4630683.991332167,1.2,821,12,2,190-6,[]
TX,446.728774041,294432.677908835,4645301.005332248,1.2,2471,12,2,75-6,[]
TX,447.114374955,289321.170856538,4639761.341396545,1.2,1225,9,2,248-21,[]
TX,447.11706347,290059.696006862,4642395.537227113,1.2,183,9,2,113-27,[]
TX,447.317955498,292521.12438629,4642899.928576112,1.2,2407,12,2,71-11,[]
TX,447.329630919,293375.583711008,4642686.990240625,1.2,857,12,2,198-11,[]
TX,447.331296309,290675.957402094,4641309.035770402,1.2,283,7,2,128-29,[]
TX,447.437150193,291010.602654366,4639058.289359792,1.2,1571,12,2,301-14,[]
TX,447.517580757,293854.605322092,4642880.149234818,1.2,314,12,2,130-26,[]
TX,447.612141909,273646.220032372,4630662.202056827,1.2,1246,12,2,250-6,[]
TX,447.749836298,290299.913979201,4642184.831224496,1.2,1568,10,2,301-11,"[['RX_GW', 448.409346228, 1568, 10, 2, 868.1, -132.210829472, '00:00:00:00:00:02']]"
TX,447.896231108,292057.537804287,4642932.206794156,1.2,2004,12,2,361-19,[]
TX,447.903309701,272075.377321029,4629904.536972339,1.2,2086,12,2,374-29,[]
TX,447.917089319,291864.446573812,4642749.959920039,1.2,2657,12,2,97-17,[]
TX,447.920033938,287739.394744844,4634376.747612477,1.2,1865,12,2,339-25,[]
TX,448.001874545,297395.10743754,4646268.132572186,1.2,1773,12,2,330-10,[]
TX,448.013272727,290083.88500162,4642389.652959103,1.2,1274,9,2,254-29,[]
TX,448.143820266,288378.614023372,4642765.002256452,1.2,1355,12,2,266-26,[]
TX,448.220326376,290263.900458906,4644140.051957217,1.2,2274,12,2,53-5,[]
TX,448.336714293,288442.581034658,4642919.648186317,1.2,2288,12,2,55-7,[]
TX,449.116216501,291747.547328342,4639700.647508397,1.2,641,12,2,163-25,[]
TX,449.199579572,292024.327982936,4641761.362836177,1.2,859,12,2,198-13,[]
TX,449.483161708,292692.628086716,4641817.887031008,1.2,1815,12,2,334-19,[]
TX,449.556703845,297981.62132194,4643774.934723926,1.2,1112,12,2,237-11,[]
TX,449.590984811,294851.61192075,4648223.899298502,1.2,2622,12,2,93-27,[]
TX,449.869503607,289225.431327362,4642055.68744182,1.2,2245,9,2,51-11,[]
TX,450.156099487,273690.662273283,4630593.503933071,1.2,1277,12,2,254-4,[]
TX,450.208196264,291047.787654542,4644029.044830355,1.2,2613,12,2,93-16,[]
TX,450.227859196,292353.099613374,4642015.822508571,1.2,345,12,2,137-21,[]
TX,450.348772108,290496.496020012,4640648.574595254,1.2,278,7,2,128-18,[]
TX,450.361100863,286708.600703643,4645132.550310528,1.2,1361,12,2,267-13,[]
TX,450.384614704,290273.615846062,4644088.636551972,1.2,2242,12,2,50-7,[]
TX,450.443258552,294987.308803904,4642703.241317409,1.2,1433,8,2,275-16,"[['RX_GW', 450.650672145, 1433, 8, 2, 868.1, -124.16597437, '00:00:00:00:00:04']]"
TX,450.76756413,271443.902601397,4630508.206843526,1.2,2513,12,2,80-7,[]
TX,450.847628761,290849.871196526,4642268.151641533,1.2,937,9,2,206-8,[]
TX,450.852249671,292056.830517673,4644156.540032524,1.2,551,12,2,153-6,[]
TX,450.872293291,289179.190811642,4642518.815520766,1.2,955,10,2,211-11,[]
TX,450.873635687,291117.287557353,4642468.439939138,1.2,883,11,2,200-26,[]
TX,450.976951528,290144.58585456,4633648.848384879,1.2,1041,12,2,226-19,[]
TX,450.997698443,293315.678656982,4640121.818522926,1.2,1017,12,2,222-24,[]
TX,451.004717634,292661.629400947,4642019.420105804,1.2,1206,12,2,245-13,[]
TX,451.074358076,290922.637270092,4643943.408510162,1.2,2335,12,2,61-17,[]
TX,451.098006558,272576.968391826,4629938.690665516,1.2,1727,12,2,320-24,[]
TX,451.139710015,290313.55179269,4643399.878829838,1.2,1254,12,2,253-27,[]
TX,451.223342565,272036.562422025,4630561.333225049,1.2,981,12,2,215-24,[]
TX,451.443678508,289002.56035042,4643791.577216818,1.2,257,12,2,125-26,[]
TX,451.708150488,292015.062320091,4642619.308931198,1.2,687,12,2,172-7,[]
TX,451.741769079,273671.380258207,4630688.429171583,1.2,2133,12,2,43-15,[]
TX,451.92017926,293402.68136773,4644178.740018667,1.2,1342,12,2,264-19,[]
TX,452.054435219,291104.847013576,4636128.199072901,1.2,528,12,2,151-9,[]
TX,452.177993829,273708.260640039,4630665.963199375,1.2,1858,12,2,339-14,[]
TX,452.538699818,289659.685623998,4641927.295107418,1.2,698,8,2,174-4,"[['RX_GW', 452.74611285, 698, 8, 2, 868.1, -124.045768302, '00:00:00:00:00:02']]"
TX,452.614451546,292725.971483995,4638209.700854815,1.2,1457,12,2,281-20,[]
TX,452.621989892,290483.188844179,4642103.869825883,1.2,484,9,2,148-8,[]
TX,452.819019611,290064.854332954,4642391.781192991,1.2,1409,9,2,270-9,[]
TX,452.902572407,291654.8337533,4643920.368538493,1.2,207,12,2,12-2,[]
TX,453.017965646,291527.176260197,4642126.32203929,1.2,1948,12,2,351-19,[]
TX,453.240196997,289205.726429366,4642071.358346594,1.2,2584,9,2,87-14,"[['RX_GW', 453.611963112, 2584, 9, 2, 868.1, -129.348267322, '00:00:00:00:00:02']]"
TX,453.301557843,287664.365413929,4622013.547120376,1.2,402,12,2,140-12,[]
TX,453.329822946,273699.563953622,4630640.989756215,1.2,1189,12,2,242-25,[]
TX,453.919110637,273705.666110458,4630708.479669629,1.2,2138,12,2,43-21,[]
TX,454.049672563,289779.610174277,4641766.175275807,1.2,1950,7,2,351-21,"[['RX_GW', 454.164668968, 1950, 7, 2, 868.1, -120.48369053, '00:00:00:00:00:02']]"
TX,454.260198393,292402.222350052,4641911.005488432,1.2,322,12,2,130-9,[]
TX,454.342468702,293100.057697023,4640758.088234549,1.2,2361,12,2,67-1,[]
TX,454.538048483,295139.850733629,4642759.172443694,1.2,2665,8,2,97-25,[]
TX,454.591146129,289641.965414716,4643506.091265819,1.2,791,12,2,187-5,[]
TX,454.591420413,294430.00574852,4642282.416707424,1.2,1487,10,2,287-28,[]
TX,454.643272151,289652.178075796,4643507.860097633,1.2,378,12,2,139-12,[]
TX,454.645279109,290679.524614902,4641308.764854793,1.2,1762,7,2,326-17,[]
TX,454.693824778,290060.918370709,4642399.405656847,1.2,1647,9,2,31-12,[]
TX,454.72375802,291868.494767872,4642569.78252662,1.2,935,12,2,206-27,[]
TX,454.9256696,291259.09718883,4641404.476088662,1.2,2424,8,2,71-3,[]
TX,454.93638155,288860.772197475,4634631.501204059,1.2,1389,12,2,269-5,[]
TX,455.055048626,292332.1133995,4642043.72504108,1.2,370,12,2,138-4,[]
TX,455.233232041,271651.026021525,4630703.665567338,1.2,1273,12,2,254-28,[]
TX,455.357119836,291042.874663547,4641357.690732621,1.2,849,9,2,197-20,[]
TX,455.52171512,295128.41562575,4642703.042069452,1.2,2507,8,2,8-6,[]
TX,455.552450189,291210.632757473,4642259.429134467,1.2,2643,12,2,96-18,[]
TX,455.599505148,292983.380063234,4642137.124947787,1.2,427,12,2,141-14,[]
TX,455.608802749,291863.548027366,4641071.629798039,1.2,2158,11,2,45-2,[]
TX,455.704098354,291879.878861342,4642565.902385029,1.2,347,12,2,137-25,[]
TX,455.71310488,293850.387453133,4646613.029146686,1.2,635,12,2,163-17,[]
TX,455.743340395,290558.070030167,4640844.857404383,1.2,1331,7,2,262-14,[]
TX,456.054610264,291035.049916726,4641942.847999618,1.2,176,9,2,113-10,[]
TX,456.056774787,293700.896567354,4645351.206192552,1.2,2178,12,2,46-5,[]
TX,456.13622195,291897.781200201,4642572.049181908,1.2,2398,12,2,70-20,[]
TX,456.2800513,291084.55764427,4641025.993243375,1.2,2342,8,2,61-30,[]
TX,456.340886243,289954.792346402,4634424.822774357,1.2,264,12,2,127-1,[]
TX,456.585727855,289352.361067338,4642508.068340605,1.2,758,9,2,184-13,[]
TX,456.794284317,292172.518692216,4642934.385395216,1.2,642,12,2,163-26,[]
TX,456.861991725,290213.966589571,4643840.405637734,1.2,2582,12,2,87-12,[]
TX,456.966341169,291937.11233878,4642584.104629538,1.2,2022,12,2,363-16,[]
TX,457.26416488,291719.685634493,4642156.993767868,1.2,2542,11,2,83-18,[]
TX,457.680250414,291988.646210711,4643708.586792283,1.2,222,12,2,121-29,[]
TX,457.896042197,292033.7953779,4641810.281916982,1.2,1770,12,2,326-5,[]
TX,457.990055231,293386.58026334,4644741.75725556,1.2,2306,12,2,56-6,[]
TX,458.008293063,290918.790196295,4639060.532024462,1.2,1577,10,2,301-27,[]
TX,458.062937026,291067.7993275,4644047.004209157,1.2,58,12,2,103-29,[]
TX,458.097792747,274984.291834131,4631171.972985148,1.2,706,12,2,176-25,[]
TX,458.104109959,293373.167365522,4646514.966227802,1.2,365,12,2,138-25,[]
TX,458.34189788,293696.31523982,4642818.29117133,1.2,2238,12,2,50-30,[]
TX,458.383497723,289944.57199294,4634412.692389523,1.2,2641,12,2,95-7,[]
TX,458.413655273,292130.831612881,4644175.317964823,1.2,1715,12,2,318-17,[]
TX,458.478405631,292239.505425303,4642112.499156077,1.2,491,12,2,149-4,[]
TX,458.586198739,299744.069354676,4630066.976419562,1.2,577,12,2,158-10,[]
TX,458.629732563,290279.098955526,4636360.389335421,1.2,2559,12,2,84-20,[]
TX,458.713265519,286710.563231685,4641250.129977729,1.2,206,12,2,12-18,[]
TX,458.900697112,286077.825618709,4634482.561596506,1.2,2475,12,2,76-11,[]
TX,459.073578498,293469.672268172,4643342.912114625,1.2,1345,12,2,264-4,[]
TX,459.169523256,293072.284783546,4642401.190993041,1.2,362,12,2,138-22,[]
TX,459.221724058,295607.597063007,4645573.007050068,1.2,2234,12,2,50-27,[]
TX,459.22369204,292507.751675826,4646141.913354429,1.2,2002,12,2,361-17,[]
TX,459.29361928,289970.320108188,4643287.869216776,1.2,959,12,2,211-24,[]
TX,459.327064914,299582.359656753,4645092.364044603,1.2,140,12,2,11-6,[]
TX,459.361412061,284416.812011497,4640400.168923163,1.2,2544,12,2,83-20,[]
TX,459.40396078,291821.392055334,4642559.21969693,1.2,2515,12,2,81-11,[]
TX,459.426264634,290456.772011559,4635563.537782417,1.2,1012,12,2,221-8,[]
TX,459.522145729,290340.74296574,4643347.562247678,1.2,1404,12,2,270-3,[]
TX,459.553072584,290689.394150221,4641291.587103627,1.2,144,7,2,110-12,[]
TX,459.806799164,290225.225510461,4641982.351473261,1.2,459,8,2,147-27,"[['RX_GW', 460.014212357, 459, 8, 2, 868.1, -126.671275153, '00:00:00:00:00:02']]"
TX,460.095674134,290647.135967316,4646621.939415475,1.2,1311,12,2,260-20,[]
TX,460.142551682,292312.504054705,4642112.994285119,1.2,136,12,2,11-29,[]
TX,460.163776126,294165.052220906,4644024.906435557,1.2,2255,12,2,51-20,[]
TX,460.264770428,292249.075917129,4638672.469538365,1.2,2661,12,2,97-21,[]
TX,460.270381791,289232.215750993,4642043.525883287,1.2,2526,10,2,82-22,[]
TX,460.32133246,291099.302657266,4642470.06245345,1.2,2276,11,2,53-7,[]
TX,460.361173836,292256.5287833,4641937.970322232,1.2,1412,12,2,273-19,[]
TX,460.47085124,292306.684268392,4642047.113386167,1.2,235,12,2,124-16,[]
TX,460.599888329,292404.361277809,4644049.25842123,1.2,38,12,2,101-5,[]
TX,460.649409579,293472.701231349,4642088.55360316,1.2,2591,12,2,88-13,[]
TX,460.728921962,291971.354782675,4643718.571551228,1.2,126,12,2,109-30,[]
TX,460.78663157,291758.678419627,4642509.721887641,1.2,616,12,2,162-19,[]
TX,460.814148202,295137.712822262,4642747.732880875,1.2,2235,8,2,50-28,[]
TX,460.911072828,290937.51600505,4641800.381888913,1.2,1595,9,2,305-17,[]
TX,460.917206068,292158.329717043,4643654.06215123,1.2,1880,12,2,340-17,[]
TX,461.149920339,295151.158549354,4642738.917830718,1.2,472,8,2,148-22,"[['RX_GW', 461.357333743, 472, 8, 2, 868.1, -124.253579559, '00:00:00:00:00:04']]"
TX,461.195913462,290257.776563974,4641442.205452863,1.2,689,7,2,173-23,[]
TX,461.241134952,290100.2748118,4635396.945220237,1.2,1830,12,2,336-18,[]
TX,461.317365753,291980.127588549,4643715.819599515,1.2,1505,12,2,29-12,[]
TX,461.326337234,285914.805823414,4643189.793049042,1.2,1201,12,2,244-27,[]
TX,461.327099858,291729.132624938,4642819.50035732,1.2,892,12,2,201-24,[]
TX,461.430736994,291164.434134285,4643250.060346073,1.2,567,12,2,157-17,[]
TX,461.506524353,289858.836613594,4642400.320398977,1.2,1159,10,2,24-17,[]
TX,461.574912522,273654.775418131,4630682.103526034,1.2,1975,12,2,357-17,[]
TX,461.626682235,289232.428870276,4642065.871492141,1.2,2078,9,2,371-25,[]
TX,461.756773799,290363.616572267,4636124.262400295,1.2,242,12,2,124-26,[]
TX,461.82050577,293170.346643959,4640629.526133659,1.2,1432,12,2,275-15,[]
TX,461.844392402,295822.840959478,4643712.170587053,1.2,1785,11,2,330-28,[]
TX,461.860185285,291845.547280362,4642564.474703725,1.2,686,12,2,172-6,[]
TX,462.03368062,291732.606079411,4642153.613520225,1.2,1156,11,2,24-14,[]
TX,462.452421786,294134.044509302,4647414.680137904,1.2,101,12,2,107-25,[]
TX,462.524506132,290437.066868682,4646492.921827319,1.2,430,12,2,141-24,[]
TX,462.886727533,291901.940316874,4642565.658021851,1.2,415,12,2,140-26,[]
TX,462.897945448,291708.473201017,4642507.462984894,1.2,342,12,2,137-19,[]
TX,462.937310111,290452.180847136,4645156.892846064,1.2,1928,12,2,348-3,[]
TX,463.043015646,290633.251945661,4640858.598892403,1.2,1690,7,2,311-6,[]
TX,463.454471927,294130.906553177,4647412.428526493,1.2,2225,12,2,50-15,[]
TX,463.502143635,291030.89165667,4643996.638774508,1.2,737,12,2,181-5,[]
TX,463.781235932,290309.457078232,4641926.897207848,1.2,2568,9,2,84-30,[]
TX,463.800833613,289595.814352076,4641760.31479958,1.2,2165,7,2,45-5,[]
TX,463.899286533,297470.719145138,4641220.627616878,1.2,2248,10,2,51-14,[]
TX,463.931845833,292930.781796066,4637900.985506691,1.2,51,12,2,102-6,[]
TX,463.954624204,291405.579167041,4641316.210082882,1.2,1894,9,2,341-18,[]
TX,463.957425928,290588.567440778,4641355.676245805,1.2,1352,7,2,266-14,[]
TX,463.973028691,290690.897316884,4641292.372327886,1.2,296,7,2,129-23,[]
TX,464.0571461,290623.945557523,4647291.075720067,1.2,2410,12,2,71-14,[]
TX,464.073291577,291040.678531409,4644010.629712974,1.2,2502,12,2,8-20,[]
TX,464.088973856,292409.764694228,4641902.103442078,1.2,1168,12,2,24-27,[]
TX,464.147875146,291248.176073489,4639789.727368377,1.2,1184,11,2,241-26,[]
TX,464.292686741,290553.419630382,4643018.466776803,1.2,417,12,2,140-28,[]
TX,464.39176625,294134.785971523,4647404.201876295,1.2,2263,12,2,51-4,[]
TX,464.434159256,290037.519744586,4642394.92179045,1.2,1613,9,2,306-20,[]
TX,464.437414566,286373.809036846,4640680.68145902,1.2,659,12,2,167-21,[]
TX,464.445682247,290562.979271268,4640986.840207987,1.2,1483,7,2,287-24,[]
TX,464.864776342,290050.806151524,4642390.554461543,1.2,703,9,2,175-29,[]
TX,465.131289351,292733.0812282,4641834.262220281,1.2,750,12,2,182-3,[]
TX,465.161549149,291037.041601814,4644006.97314791,1.2,61,12,2,103-4,[]
TX,465.204790739,291108.774882979,4641445.149311665,1.2,120,8,2,109-25,[]
TX,465.332159575,271763.203531668,4630745.900772072,1.2,860,12,2,198-14,[]
TX,465.343510016,291557.713915961,4642157.256958026,1.2,1547,11,2,297-7,[]
TX,465.373678122,289887.447709003,4634137.72458401,1.2,2318,12,2,58-21,[]
TX,465.598526767,291881.400241152,4642570.658222132,1.2,2668,12,2,97-28,[]
TX,465.737770478,292377.254635457,4644049.70592915,1.2,143,12,2,110-11,[]
TX,465.843586691,289849.472575252,4641746.33016436,1.2,1559,7,2,3-12,"[['RX_GW', 465.958582993, 1559, 7, 2, 868.1, -121.589268111, '00:00:00:00:00:02']]"
TX,465.862086432,288861.0099908,4641824.914629283,1.2,2157,9,2,45-19,[]
TX,465.907761328,292700.609262973,4642332.844905897,1.2,92,12,2,106-28,[]
TX,466.082946736,291124.016633499,4641163.304497427,1.2,2532,8,2,82-28,"[['RX_GW', 466.290360235, 2532, 8, 2, 868.1, -124.351871623, '00:00:00:00:00:02']]"
TX,466.166079397,290469.43715071,4640723.564621819,1.2,1807,7,2,332-6,[]
TX,466.293657284,290742.277982679,4641517.348711411,1.2,1923,7,2,347-9,"[['RX_GW', 466.4086541, 1923, 7, 2, 868.1, -120.116538942, '00:00:00:00:00:02']]"
TX,466.310986749,292543.084015221,4641964.209016716,1.2,1145,12,2,239-4,[]
TX,466.361783862,286697.360914285,4641699.682188442,1.2,1291,12,2,256-21,[]
TX,466.528541295,290161.013469759,4635288.619307525,1.2,1744,12,2,322-18,[]
TX,466.775989296,292720.712500664,4641637.553310775,1.2,1018,12,2,222-27,[]
TX,466.830137639,301215.581376337,4645113.656126465,1.2,2404,12,2,70-7,[]
TX,467.022589137,293709.126406296,4645348.292844492,1.2,2176,12,2,46-21,[]
TX,467.091378674,292846.115355055,4643596.195747125,1.2,403,12,2,140-13,[]
TX,467.448341006,289300.436643528,4634496.23195987,1.2,1426,12,2,274-26,[]
TX,467.58090113,291950.021711879,4641429.152295389,1.2,2414,11,2,71-19,[]
TX,467.633866135,291828.346161162,4642344.010765186,1.2,1597,12,2,305-19,[]
TX,467.696598892,291746.978784088,4642138.524710997,1.2,2169,11,2,46-15,[]
TX,467.763256279,295613.703738646,4641902.081422311,1.2,798,7,2,188-4,"[['RX_GW', 467.878250486, 798, 7, 2, 868.1, -95.997377713, '00:00:00:00:00:04']]"
TX,467.921368476,291879.077986489,4642891.636096745,1.2,2090,12,2,39-14,[]
TX,467.943982154,291574.463425365,4642661.323981415,1.2,1163,12,2,24-20,[]
TX,468.214148852,291857.552640579,4642560.046655632,1.2,747,12,2,182-22,[]
TX,468.309756155,288962.855332719,4642633.396273574,1.2,1805,12,2,332-4,[]
TX,468.476158351,291153.214595616,4641290.295681386,1.2,871,8,2,199-14,[]
TX,468.514821094,291662.787918912,4640876.916999131,1.2,585,10,2,158-26,[]
TX,468.732643947,290764.532281524,4642871.073606558,1.2,851,11,2,197-3,[]
TX,468.802404904,291741.04064104,4642157.888026083,1.2,2168,11,2,46-1,[]
TX,468.874203309,286679.544437126,4634419.273264626,1.2,1879,12,2,340-14,[]
TX,468.953208783,290608.631373364,4633573.348885763,1.2,549,12,2,153-4,[]
TX,469.336584706,290359.989567712,4640410.639454124,1.2,1651,7,2,31-16,"[['RX_GW', 469.451580342, 1651, 7, 2, 868.1, -114.942336936, '00:00:00:00:00:02']]"
TX,469.449927918,292520.841067093,4642906.949255947,1.2,2319,12,2,58-3,[]
TX,469.49000803,285658.471942864,4641257.8258507,1.2,2320,12,2,58-4,[]
TX,469.596888513,296459.174997003,4643399.106771789,1.2,2438,10,2,72-18,"[['RX_GW', 470.256400211, 2438, 10, 2, 868.1, -132.586146642, '00:00:00:00:00:04']]"
TX,469.634321049,293488.066071606,4646177.605087996,1.2,544,12,2,153-20,[]
TX,469.66002604,293160.206406041,4643049.811558773,1.2,2251,12,2,51-17,[]
TX,469.797822601,291522.691031433,4641341.817898109,1.2,610,10,2,162-1,"[['RX_GW', 470.457333554, 610, 10, 2, 868.1, -131.602150253, '00:00:00:00:00:02']]"
TX,469.891840212,293709.904497642,4645352.966592423,1.2,2177,12,2,46-3,[]
TX,469.973093703,297164.155302469,4649778.883985245,1.2,2268,12,2,53-18,[]
TX,469.978213862,291119.3243143,4643613.408095855,1.2,1028,12,2,223-25,[]
TX,470.313587738,290667.768915894,4641325.082453964,1.2,1584,7,2,304-19,[]
TX,470.372800067,273698.555651295,4630647.482387303,1.2,679,12,2,172-17,[]
TX,470.657101384,271619.878772,4630653.602698398,1.2,1265,12,2,254-18,[]
TX,470.839181137,292684.494439022,4642030.530493434,1.2,1539,12,2,293-7,[]
TX,471.033068928,292840.821075198,4634974.417832488,1.2,1659,12,2,31-26,[]
TX,471.171061263,295004.103125564,4645940.692096226,1.2,2303,12,2,56-3,[]
TX,471.205516128,294802.011259876,4644851.931775229,1.2,508,12,2,151-11,[]
TX,471.214783622,291988.942607137,4643707.784905463,1.2,2605,12,2,91-3,[]
TX,471.410026844,289969.663696819,4639938.8269046,1.2,1228,8,2,248-5,[]
TX,471.473785965,292281.28644069,4642025.408454586,1.2,2635,12,2,95-18,[]
TX,471.506203782,291098.41053157,4640098.665070073,1.2,1674,9,2,310-20,[]
TX,471.51760416,290262.488016662,4640261.582749409,1.2,838,7,2,195-20,[]
TX,471.578094514,292242.236856683,4641930.992825992,1.2,1197,12,2,244-23,[]
TX,471.631496563,291983.358000146,4643705.646011538,1.2,368,12,2,138-28,[]
TX,471.632465388,290134.166605236,4644014.154694252,1.2,1006,12,2,221-14,[]
TX,471.868224213,291948.92588927,4643913.029211504,1.2,697,12,2,174-21,[]
TX,472.070432529,290667.476998301,4641321.567513669,1.2,1484,7,2,287-25,[]
TX,472.200347531,290791.553193916,4644245.639427321,1.2,1079,12,2,231-22,[]
TX,472.364595723,287811.107704643,4637493.845516238,1.2,78,12,2,105-20,[]
TX,472.467671727,295145.450042193,4642708.485939234,1.2,1847,8,2,337-25,[]
TX,472.635653613,289773.154300667,4639515.652631995,1.2,2075,10,2,371-22,[]
TX,473.442235625,290401.492640637,4644024.030520319,1.2,1685,12,2,311-20,[]
TX,473.642330595,292982.038622988,4642139.359946597,1.2,2374,12,2,68-19,[]
TX,473.744005279,292232.028722944,4642276.575737385,1.2,1797,12,2,332-19,[]
TX,473.86120213,297525.122872642,4640919.959638778,1.2,2017,11,2,363-1,"[['RX_GW', 475.341962253, 2017, 11, 2, 868.1, -133.796111655, '00:00:00:00:00:04']]"
TX,473.868499555,290997.154359711,4640934.014676161,1.2,1080,7,2,231-24,[]
TX,474.064036762,288705.696774773,4644027.278760143,1.2,1094,12,2,232-20,[]
TX,474.08471173,293000.936615624,4643280.664772253,1.2,1,12,2,100-12,[]
TX,474.230230109,292177.704457502,4642190.452257239,1.2,1537,12,2,293-4,[]
TX,474.272485375,291913.764235769,4642571.805328166,1.2,868,12,2,199-10,[]
TX,474.377522029,290061.364215561,4635354.857630882,1.2,197,12,2,119-12,[]
TX,474.586889025,291090.110673942,4641033.019041626,1.2,2271,8,2,53-21,[]
TX,474.805963656,293597.275167637,4641924.309818795,1.2,531,12,2,152-12,[]
TX,474.827059608,291457.313669294,4635570.88206679,1.2,1181,12,2,241-14,[]
TX,474.874376105,296035.240328761,4647512.326709375,1.2,2229,12,2,50-2,[]
TX,475.02998707,290877.972836351,4642319.606344385,1.2,410,10,2,140-2,[]
TX,475.145102046,273640.026102335,4630659.797328911,1.2,1351,12,2,266-13,[]
TX,475.153850035,291117.280982335,4641230.24737169,1.2,2524,8,2,82-13,[]
TX,475.31246967,289895.976903707,4639735.458305885,1.2,1982,8,2,357-6,[]
TX,475.342016188,297480.273175563,4646376.054212438,1.2,2240,12,2,50-5,[]
TX,475.764975514,291956.898681219,4641706.181331038,1.2,1027,12,2,223-24,[]
TX,475.793571903,289928.16282577,4645978.366752194,1.2,1696,12,2,315-20,[]
TX,475.969255216,290659.181738009,4641204.822290848,1.2,663,7,2,167-6,[]
TX,476.046998925,296588.377565604,4649222.690531947,1.2,1728,12,2,320-25,[]
TX,476.215870646,291670.386461763,4642099.342635266,1.2,767,11,2,185-4,[]
TX,476.254272851,289243.176063145,4642482.458641379,1.2,2082,12,2,372-23,[]
TX,476.277669001,289049.217694727,4641929.68859979,1.2,2046,8,2,367-22,[]
TX,476.309651353,292072.890209611,4641807.287439954,1.2,1161,12,2,24-19,[]
TX,476.318360648,271519.061796735,4630591.222318339,1.2,1386,12,2,269-3,[]
TX,476.523802292,292273.704424807,4643522.379139195,1.2,2160,12,2,45-21,[]
TX,476.525448104,288871.260034205,4639304.753191575,1.2,1616,10,2,306-5,"[['RX_GW', 477.184960073, 1616, 10, 2, 868.1, -132.806697551, '00:00:00:00:00:02']]"
TX,476.531652982,291146.485467229,4642476.482681469,1.2,1249,11,2,253-13,[]
TX,476.701210048,286710.5741258,4645127.730646702,1.2,1970,12,2,356-25,[]
TX,476.905182917,294152.89955701,4644006.518933827,1.2,578,12,2,158-11,[]
TX,476.924470085,292326.747276139,4642043.924985334,1.2,1315,12,2,260-6,[]
TX,477.427885244,290859.74305146,4642314.614007645,1.2,1497,10,2,288-19,"[['RX_GW', 478.087396344, 1497, 10, 2, 868.1, -132.101499494, '00:00:00:00:00:02']]"
TX,477.556746026,301377.616289284,4645204.493522483,1.2,1719,12,2,318-21,[]
TX,477.568092776,291992.27356194,4643710.844831509,1.2,2295,12,2,56-19,[]
TX,477.649063295,299794.012939573,4630301.618550217,1.2,407,12,2,140-17,[]
TX,477.667398396,291561.893023496,4642638.567261535,1.2,2523,12,2,82-12,[]
TX,477.684925227,291700.736641947,4641500.474154008,1.2,1395,11,2,270-13,[]
TX,477.756473271,290266.409503581,4636438.379394144,1.2,495,12,2,150-16,[]
TX,477.809136081,291045.264186053,4644018.841568043,1.2,320,12,2,130-7,[]
TX,478.001010413,291892.945467571,4642569.501416934,1.2,2595,12,2,88-26,[]
TX,478.107938793,295115.555094292,4642715.31086174,1.2,66,8,2,104-18,[]
TX,478.206265261,296141.813659317,4642875.637764729,1.2,837,8,2,195-19,[]
TX,478.319955023,291842.825930239,4642548.893630323,1.2,2021,12,2,363-15,[]
TX,478.367827078,291871.037404259,4642561.080900525,1.2,2554,12,2,84-16,[]
TX,478.513642847,291161.718153292,4641348.052266843,1.2,590,8,2,159-16,"[['RX_GW', 478.721056639, 590, 8, 2, 868.1, -125.119243909, '00:00:00:00:00:02']]"
TX,478.682512309,289699.036991474,4647179.075489914,1.2,1966,12,2,353-4,[]
TX,478.771295307,292262.573565301,4642929.656420156,1.2,1052,12,2,226-4,[]
TX,478.805550484,298140.363218835,4637576.898308878,1.2,1470,12,2,284-25,[]
TX,478.919949202,299743.709529276,4630057.238610237,1.2,840,12,2,195-3,[]
TX,479.00023267,290128.810020899,4646762.652423215,1.2,466,12,2,148-14,[]
TX,479.057090349,289976.637914088,4634412.068549372,1.2,621,12,2,162-28,[]
TX,479.208681654,292930.617786085,4636852.567973143,1.2,987,12,2,22-10,[]
TX,479.367121196,289237.6721101,4635076.000399748,1.2,1729,12,2,320-26,[]
TX,479.388888575,294509.275256264,4650901.227713665,1.2,1680,12,2,310-6,[]
TX,479.404446539,291080.634862395,4641968.0147454,1.2,651,9,2,166-8,[]
TX,479.565156353,286337.662812248,4634559.950335382,1.2,2527,12,2,82-23,[]
TX,479.601967404,291081.490874075,4641935.270821882,1.2,600,9,2,160-1,[]
TX,479.65376152,291209.524375109,4639555.728952271,1.2,1055,10,2,226-7,[]
TX,479.712809337,291856.922814041,4642580.82192385,1.2,1122,12,2,237-9,[]
TX,480.245492301,290588.175987928,4643025.518284152,1.2,343,12,2,137-2,[]
TX,480.283979421,276703.351616839,4631373.123090055,1.2,1937,12,2,349-18,[]
TX,480.493628747,289947.654927607,4634411.145161836,1.2,1843,12,2,337-12,[]
TX,480.549212768,291049.35530458,4641127.472159305,1.2,185,8,2,115-10,[]
TX,480.708717518,293680.374164155,4643527.327877249,1.2,1471,12,2,287-10,[]
TX,481.016094914,278735.029013471,4628450.034902618,1.2,1914,12,2,347-10,[]
TX,481.12424658,291036.635538422,4644065.238709999,1.2,223,12,2,121-3,[]
TX,481.292824986,290296.049213866,4640315.264769661,1.2,1693,7,2,315-17,[]
TX,481.384555011,285883.068704773,4630716.630583301,1.2,757,12,2,184-10,[]
TX,481.406152223,289564.632253545,4642037.801479346,1.2,1901,7,2,341-6,[]
TX,481.445023974,291991.600664037,4643709.001144945,1.2,2459,12,2,75-13,[]
TX,481.452247239,291880.608920956,4642564.542587486,1.2,2487,12,2,76-9,[]
TX,481.491566033,291844.859397476,4642553.837826665,1.2,302,12,2,130-11,[]
TX,481.584660126,290424.881101658,4642312.604322101,1.2,121,9,2,109-26,[]
TX,481.788682666,291989.763790446,4643712.866114262,1.2,1697,12,2,315-21,[]
TX,481.947514612,290653.843711673,4641319.390370355,1.2,1061,7,2,229-19,[]
TX,482.059017153,286527.612896348,4634509.218741022,1.2,1125,12,2,238-24,[]
TX,482.386352641,273696.348747111,4630672.544603704,1.2,759,12,2,184-14,[]
TX,482.434210341,291831.099391927,4640757.688236099,1.2,1798,12,2,332-21,[]
TX,482.494650736,290942.914506389,4642293.986457916,1.2,2379,12,2,68-30,[]
TX,482.522790912,291890.756623959,4642578.934462457,1.2,733,12,2,181-27,[]
TX,483.247807824,290350.086055533,4636096.132437079,1.2,1823,12,2,335-1,[]
TX,483.275508035,292558.352650616,4641722.345429433,1.2,2008,12,2,361-5,[]
TX,483.385755668,282995.654857885,4634325.743772651,1.2,2364,12,2,67-18,[]
TX,483.565138354,294546.222591623,4639190.442241516,1.2,2119,12,2,41-9,[]
TX,483.603849418,291440.294549796,4642047.860620096,1.2,486,11,2,149-1,[]
TX,483.778855289,290152.706637218,4635345.773293608,1.2,1581,12,2,303-29,[]
TX,484.027236654,290845.90829306,4634701.535874453,1.2,2640,12,2,95-6,[]
TX,484.084779149,293405.834100989,4646172.536645169,1.2,2258,12,2,51-25,[]
TX,484.167629535,295105.456374185,4644116.769090835,1.2,2508,12,2,8-7,[]
TX,484.325117924,291123.711966516,4639403.221361882,1.2,82,12,2,106-10,[]
TX,484.527467928,291067.489496504,4644028.297362345,1.2,1025,12,2,223-22,[]
TX,484.842817889,274344.417647128,4630707.522842484,1.2,1726,12,2,320-13,[]
TX,484.88191404,295142.112721974,4642710.073741257,1.2,945,8,2,21-11,[]
TX,484.950595154,285776.378098163,4634145.554509142,1.2,1922,12,2,347-8,[]
TX,484.994250821,291704.993027114,4642118.030878619,1.2,1609,11,2,306-15,[]
TX,485.059483282,273686.108545329,4630642.793858744,1.2,835,12,2,194-9,[]
TX,485.126617314,290273.94374508,4636836.666996878,1.2,1831,12,2,336-19,[]
TX,485.192760603,297315.03120455,4646240.239396235,1.2,108,12,2,109-12,[]
TX,485.347891592,288690.797889849,4635210.521881851,1.2,210,12,2,12-29,[]
TX,485.474122384,290355.276288888,4639959.522543816,1.2,411,7,2,140-20,[]
TX,485.591552506,289169.944461616,4642530.352703276,1.2,2089,10,2,39-12,[]
TX,485.688430241,286697.227860539,4645129.675163341,1.2,1360,12,2,267-12,[]
TX,485.94398333,289621.708929868,4650896.937798221,1.2,617,12,2,162-2,[]
TX,486.120264259,271620.293463049,4630645.119227476,1.2,1867,12,2,339-27,[]
TX,486.153227916,292527.073914935,4642909.413820039,1.2,5,12,2,100-22,[]
TX,486.209635892,290432.212876898,4645035.892107382,1.2,2484,12,2,76-27,[]
TX,486.44159427,291102.83881863,4641365.335859967,1.2,2291,9,2,56-12,"[['RX_GW', 486.813359909, 2291, 9, 2, 868.1, -127.970796627, '00:00:00:00:00:02']]"
TX,486.542631121,291092.33007966,4643698.24142017,1.2,877,12,2,200-10,[]
TX,486.569489668,294130.300087932,4647406.752444278,1.2,538,12,2,152-8,[]
TX,486.710117774,273675.103810097,4630627.580947513,1.2,429,12,2,141-23,[]
TX,486.715448131,287975.082945739,4634534.413261218,1.2,1513,12,2,290-1,[]
TX,486.763460633,292913.682567022,4642613.383304629,1.2,1414,12,2,273-21,[]
TX,487.011728269,291411.129172798,4641310.1463202,1.2,1578,9,2,301-28,"[['RX_GW', 487.383494826, 1578, 9, 2, 868.1, -128.817966394, '00:00:00:00:00:02']]"
TX,487.141857772,287470.45410981,4641217.859622137,1.2,2281,12,2,55-19,[]
TX,487.30427316,289721.139314572,4641857.647262917,1.2,1892,7,2,340-8,[]
TX,487.593247467,294136.534463479,4647412.165611365,1.2,2671,12,2,97-5,[]
TX,487.733586732,298721.528082629,4640234.283033894,1.2,607,12,2,160-5,[]
TX,487.811725757,295193.215821155,4646408.367935048,1.2,574,12,2,157-5,[]
TX,487.844304162,291037.119318897,4644006.296747221,1.2,279,12,2,128-19,[]
TX,487.857502484,287657.24588306,4634329.228364647,1.2,930,12,2,206-13,[]
TX,488.183698846,291914.489892916,4642577.769746482,1.2,2458,12,2,75-12,[]
TX,488.243685886,291743.147158036,4641526.603187575,1.2,1776,11,2,330-14,[]
TX,488.377810476,294383.129582081,4641777.70100203,1.2,24,9,2,101-16,"[['RX_GW', 488.749576398, 24, 9, 2, 868.1, -127.632072733, '00:00:00:00:00:04']]"
TX,488.584775377,292521.714205869,4642915.079679334,1.2,2151,12,2,44-26,[]
TX,488.863765196,291786.108997061,4641037.354795654,1.2,2066,11,2,369-18,[]
TX,488.871900219,296717.022970717,4635741.030607769,1.2,1051,12,2,226-3,[]
TX,489.092526028,273666.931471744,4630697.511627484,1.2,1447,12,2,279-24,[]
TX,489.483226251,290745.841031405,4642904.252487897,1.2,2477,11,2,76-13,[]
TX,489.491507036,289869.905502433,4639082.367399937,1.2,1049,11,2,226-27,[]
TX,490.005805552,290372.470938973,4641091.187024864,1.2,510,7,2,151-13,[]
TX,490.224550696,291341.832447202,4653442.805560703,1.2,2325,12,2,59-18,[]
TX,490.225439253,289948.230223581,4634401.264921465,1.2,313,12,2,130-25,[]
TX,490.345104869,291237.2361646,4638752.896538208,1.2,895,12,2,201-27,[]
TX,490.376169095,290544.114827327,4642301.146983283,1.2,1816,10,2,334-20,[]
TX,490.485473987,291059.165350278,4644031.657871172,1.2,50,12,3,102-5,[]
TX,490.800139669,291028.293642535,4641945.659829248,1.2,1789,9,2,330-7,[]
TX,490.906244745,289210.012499493,4642062.308441323,1.2,1538,9,2,293-5,[]
TX,490.929289398,290595.2382319,4647687.024558292,1.2,1250,12,2,253-14,[]
TX,490.953318812,289314.322902045,4634310.427632285,1.2,49,12,2,102-4,[]
TX,491.009014932,294140.907656012,4647419.758474218,1.2,2426,12,2,71-4,[]
TX,491.136680267,292146.524551578,4641698.841449807,1.2,1035,12,2,226-11,[]
TX,491.147286468,289328.223354026,4639756.33582446,1.2,148,9,2,110-23,[]
TX,491.162772834,293936.240589705,4642268.059625885,1.2,2253,11,2,51-19,"[['RX_GW', 492.64353253, 2253, 11, 2, 868.1, -134.984669369, '00:00:00:00:00:04']]"
TX,491.165271837,291119.393493657,4641451.739875894,1.2,2384,9,2,7-18,[]
TX,491.180523697,301217.193268697,4640838.983044165,1.2,2028,12,2,363-25,[]
TX,491.302272045,273651.752845441,4630678.903787633,1.2,2120,12,2,42-10,[]
TX,491.375964674,294150.604554353,4647406.151052332,1.2,2250,12,2,51-16,[]
TX,491.559131491,285943.875206433,4636313.360038389,1.2,797,12,2,188-3,[]
TX,492.178757546,275919.795320247,4631824.763644538,1.2,1514,12,2,290-17,[]
TX,492.252688707,291165.971022157,4640253.896630825,1.2,317,10,2,130-4,"[['RX_GW', 492.912198827, 317, 10, 2, 868.1, -130.168301318, '00:00:00:00:00:02']]"
TX,492.261231552,286969.552668713,4641223.055154538,1.2,1384,12,2,269-21,[]
TX,492.441242383,293076.125148254,4643409.132846901,1.2,547,12,2,153-3,[]
TX,492.457788733,291686.069970122,4642116.846877316,1.2,1863,11,2,339-23,[]
TX,492.950477654,295073.703311382,4642856.042562844,1.2,2347,10,2,62-11,"[['RX_GW', 493.609987545, 2347, 10, 2, 868.1, -130.274711926, '00:00:00:00:00:04']]"
TX,493.155308067,289538.264511111,4642433.176075594,1.2,2265,9,2,51-6,"[['RX_GW', 493.527074843, 2265, 9, 2, 868.1, -127.326697835, '00:00:00:00:00:02']]"
TX,493.410913197,290405.896510689,4645739.2353915,1.2,2269,12,2,53-19,[]
TX,493.494822241,291862.16845727,4642559.290926663,1.2,2056,12,2,367-8,[]
TX,493.621548266,289984.047277243,4637815.20491999,1.2,666,12,2,169-24,[]
TX,493.637488207,291164.523037579,4641967.731578734,1.2,2339,10,2,61-21,[]
TX,493.796802677,293480.580767418,4643368.770091534,1.2,511,12,2,151-17,[]
TX,493.917721901,295863.785199288,4649145.329114205,1.2,2468,12,2,75-27,[]
TX,493.958263722,291981.301306386,4641599.729787339,1.2,831,11,2,194-26,[]
TX,494.134399836,291544.122845989,4638772.399105501,1.2,447,12,2,145-27,[]
TX,494.195628633,295650.175513077,4645572.691580443,1.2,2184,12,2,47-13,[]
TX,494.339056294,290806.094901046,4644359.520246039,1.2,890,12,2,201-22,[]
TX,494.379192311,292186.740571434,4643496.069989446,1.2,2588,12,2,87-27,[]
TX,494.417147495,291982.952880283,4643717.408303736,1.2,739,12,2,181-8,[]
TX,494.472439356,293704.356152397,4645356.570771845,1.2,765,12,2,185-21,[]
TX,494.685282579,289059.299008613,4637317.773114984,1.2,1213,12,2,246-11,[]
TX,494.689614162,288285.435065223,4644881.677904093,1.2,2417,12,2,71-21,[]
TX,494.740101639,294876.182036273,4647334.100546305,1.2,717,12,2,179-18,[]
TX,494.910052085,292644.61789051,4642410.985275237,1.2,724,12,2,181-13,[]
TX,495.031055486,292537.649129087,4642926.68475361,1.2,2309,12,2,56-9,[]
TX,495.12979685,294120.372796632,4642103.936691912,1.2,1202,10,2,244-28,[]
TX,495.210375908,292287.680582107,4642030.426327522,1.2,489,12,2,149-18,[]
TX,495.251489305,289582.229969931,4642419.500634958,1.2,1600,10,2,305-21,[]
TX,495.500529194,290410.557817814,4643970.320999516,1.2,520,12,2,151-27,[]
TX,495.591846647,290347.114128434,4640397.767900689,1.2,1927,7,2,348-20,[]
TX,495.678657491,277922.508070607,4632429.743248808,1.2,646,12,2,163-30,[]
TX,495.713323581,291244.985081862,4641258.568700225,1.2,128,9,2,109-5,[]
TX,495.750225842,290677.158769743,4641308.119365241,1.2,2167,7,2,45-7,[]
TX,495.819461561,291985.189605234,4639155.503707491,1.2,2530,12,2,82-26,[]
TX,495.942236586,290346.766575992,4642710.653529861,1.2,1391,11,2,269-7,[]
TX,496.091656369,293116.515644162,4640298.487103742,1.2,1440,12,2,275-3,[]
TX,496.0993095,290681.914386416,4641290.207151834,1.2,761,7,2,185-17,[]
TX,496.148614126,291818.769163393,4642544.685568919,1.2,311,12,2,130-23,[]
TX,496.175938254,295193.855922535,4633768.907242358,1.2,318,12,2,130-5,[]
TX,496.387495441,291893.941308303,4642806.632636315,1.2,123,12,2,109-28,[]
TX,496.55627194,289314.559536713,4639758.603418528,1.2,1643,9,2,309-7,[]
TX,496.728049487,288396.858283808,4635006.161275264,1.2,655,12,2,167-17,[]
TX,496.867837617,291620.501360504,4641434.495410826,1.2,751,11,2,182-4,[]
TX,496.920291899,292150.304621369,4637054.784014505,1.2,1293,12,2,256-25,[]
TX,496.98249973,291068.659768909,4644049.361495889,1.2,1556,12,2,298-7,[]
TX,497.144767189,291062.532578322,4644051.473849711,1.2,738,12,2,181-6,[]
TX,497.212024433,273657.567152335,4630699.011800475,1.2,1541,12,2,294-12,[]
TX,497.216314465,289321.543657001,4634308.339963122,1.2,2350,12,2,62-27,[]
TX,497.236475745,289231.358392807,4642516.941175748,1.2,312,10,2,130-24,[]
TX,497.25918442,273705.297854351,4630611.737212433,1.2,2048,12,2,367-26,[]
TX,497.267393031,291036.41943927,4641350.693777861,1.2,513,8,2,151-19,[]
TX,497.593451195,293360.011599677,4649171.948946671,1.2,2448,12,2,72-4,[]
TX,497.638836462,294536.184016854,4644466.342476274,1.2,2470,12,2,75-5,[]
TX,497.747974669,291728.486825244,4642140.227289739,1.2,2170,11,2,46-16,[]
TX,497.828384935,289035.067245218,4636699.572622675,1.2,2557,12,2,84-19,[]
TX,497.935095749,290182.101935195,4643767.175146428,1.2,729,12,2,181-21,[]
TX,498.029226094,292926.817413819,4640340.479293374,1.2,1826,12,2,335-21,[]
TX,498.252618054,292530.000914185,4642920.982058251,1.2,1374,12,2,268-6,[]
TX,498.319919732,291097.186955456,4644765.00245435,1.2,1340,12,2,264-17,[]
TX,498.442304938,289965.923726501,4637832.763558021,1.2,2562,12,2,84-25,[]
TX,498.485467405,291901.110103563,4642889.733189389,1.2,2638,12,2,95-21,[]
TX,498.595945501,292698.947790514,4641812.641406788,1.2,1573,12,2,301-23,[]
TX,498.684130291,290913.95309614,4641687.340731076,1.2,1995,8,2,358-4,[]
TX,498.807232878,282701.427170629,4639998.670929237,1.2,171,12,2,112-30,[]
TX,499.022538977,292709.206335791,4641605.984123923,1.2,1255,12,2,253-28,[]
TX,499.07339535,292244.980414089,4641943.725544803,1.2,233,12,2,124-14,[]
TX,499.120216432,291741.973184633,4639560.665080723,1.2,2441,12,2,72-21,[]
TX,499.237691755,295613.367359173,4645557.839432172,1.2,2186,12,2,47-15,[]
TX,499.296025236,295157.89229614,4642715.751195272,1.2,1912,7,2,346-2,[]
TX,499.305742014,290827.859864132,4642273.276333842,1.2,1200,9,2,244-26,[]
TX,499.314449711,291976.891479905,4643703.268163989,1.2,71,12,2,104-4,[]
TX,499.675380779,290526.759591645,4642028.61420786,1.2,2604,7,2,91-29,[]
TX,499.721978603,291831.086735254,4641602.991189923,1.2,2334,12,2,60-26,[]
TX,499.892370694,273696.206919528,4630625.10268232,1.2,979,12,2,215-22,[]
TX,500.296884923,292719.639976681,4641848.192596219,1.2,401,12,2,140-11,[]
TX,500.468515195,289554.585250112,4641862.751163847,1.2,186,8,2,115-11,[]
TX,500.81004245,290047.525631174,4643395.118672165,1.2,475,12,2,148-25,[]
TX,500.823752148,274421.175976446,4630773.72164942,1.2,1281,12,2,256-1,[]
TX,500.872931462,292529.282919493,4642901.311519611,1.2,1378,12,2,269-16,[]
TX,500.908690543,291026.247818921,4644030.98499325,1.2,90,12,2,106-26,[]
TX,500.971080013,294206.090320133,4639250.795110188,1.2,1800,12,2,332-24,[]
TX,501.039367644,292489.937018196,4641910.213559263,1.2,2203,12,2,48-10,[]
TX,501.094558374,292701.312043554,4641818.745928012,1.2,1132,12,2,239-14,[]
TX,501.286266116,289045.804532814,4641829.906220306,1.2,1965,9,2,353-30,[]
TX,501.308238795,290104.987671756,4643323.220954123,1.2,1606,12,2,305-4,[]
TX,501.31809483,293441.335374238,4640008.709805077,1.2,771,12,2,186-10,[]
TX,501.465271108,290378.409750251,4641809.109727015,1.2,174,9,2,112-6,[]
TX,501.665835238,291622.471150217,4644622.232050204,1.2,1194,12,2,244-13,[]
TX,501.828818554,289823.545390691,4643472.659181462,1.2,1091,12,2,232-17,[]
TX,501.838679536,297550.189868173,4640873.258822092,1.2,294,11,2,129-14,[]
TX,501.847947022,273647.107131226,4630655.997192719,1.2,1180,12,2,241-13,[]
TX,501.880894589,273715.504229611,4630603.187691302,1.2,978,12,2,215-14,[]
TX,501.935852436,273677.394224923,4630624.086317271,1.2,1629,12,2,308-27,[]
TX,501.949440941,294942.663284672,4636174.574432691,1.2,640,12,2,163-24,[]
TX,502.01618108,295622.817052125,4645563.259400707,1.2,182,12,2,113-25,[]
TX,502.135293512,288324.004923422,4638766.901565575,1.2,1216,12,2,246-14,[]
TX,502.142388855,291874.994722356,4642571.516786269,1.2,734,12,2,181-28,[]
TX,502.340744455,294965.30607338,4642717.288495717,1.2,1491,7,2,287-6,[]
TX,502.380079764,301468.535362684,4645225.647430096,1.2,109,12,2,109-13,[]
TX,502.40776204,294977.751192056,4642712.883334811,1.2,1479,8,2,287-20,[]
TX,502.502443143,290110.771525029,4634629.70087227,1.2,1178,12,2,241-11,[]
TX,502.525009985,276068.280606873,4631907.335099814,1.2,1407,12,2,270-7,[]
TX,502.812865128,287998.282032092,4634555.603299226,1.2,201,12,2,119-24,[]
TX,503.068957498,289228.316562858,4642334.373047404,1.2,847,10,2,197-18,[]
TX,503.198941505,286699.978857496,4645125.999623206,1.2,455,12,2,147-14,[]
TX,503.238967696,288937.789968956,4642788.438715396,1.2,1187,12,2,242-12,[]
TX,503.353405423,292437.569038295,4643482.919652383,1.2,1016,12,2,222-14,[]
TX,503.362806516,292662.866410828,4641053.372764807,1.2,9,12,2,100-27,[]
TX,503.371857131,292000.887825164,4643710.922743485,1.2,225,12,2,121-4,[]
TX,503.393830397,291899.746735022,4642361.633993987,1.2,2257,12,2,51-24,[]
TX,503.492220948,273714.303882569,4630600.805959108,1.2,626,12,2,162-6,[]
TX,503.533442253,298219.958058105,4636318.910573722,1.2,299,12,2,129-27,[]
TX,503.541161301,291580.37763101,4641383.611217076,1.2,830,11,2,194-25,[]
TX,503.542388501,294656.064298717,4642601.951333119,1.2,1431,10,2,275-1,[]
TX,503.584518407,292681.926417067,4641807.062137641,1.2,179,12,2,113-13,[]
TX,503.607629336,290676.818180854,4641303.109772664,1.2,794,7,2,188-19,[]
TX,503.635073347,290405.570604364,4643406.9156509,1.2,1511,12,2,29-28,[]
TX,503.754823637,290825.121225011,4642284.998870105,1.2,364,10,2,138-24,[]
TX,503.837065936,290518.009673037,4637404.216594976,1.2,1253,12,2,253-26,[]
TX,503.956641457,271552.186582512,4630214.483603079,1.2,2331,12,2,60-17,[]
TX,504.10033811,292530.367263556,4642755.858029533,1.2,1813,12,2,334-17,[]
TX,504.223977748,291242.589213228,4642286.562595026,1.2,2650,11,2,96-6,[]
TX,504.336559077,295623.805895059,4645551.115260497,1.2,2200,12,2,47-5,[]
TX,504.445617919,290741.513941535,4640706.175771585,1.2,1203,7,2,245-10,[]
TX,504.506265707,292329.218864832,4642040.554549886,1.2,349,12,2,137-27,[]
TX,504.532905962,285503.092052688,4633190.167326792,1.2,1392,12,2,270-10,[]
TX,504.603385189,290587.339389788,4642296.336381122,1.2,1961,10,2,353-20,[]
TX,504.698140927,289219.82183225,4642058.894359552,1.2,306,9,2,130-17,[]
TX,504.723293427,304909.104263167,4649710.484218054,1.2,2620,12,2,93-25,[]
TX,504.986711145,291248.827983236,4642074.327722842,1.2,1558,12,2,3-11,[]
TX,505.01819659,299225.33670813,4642580.723139501,1.2,2505,12,2,8-4,[]
TX,505.100689323,272338.311499735,4630156.199630549,1.2,1852,12,2,338-4,[]
TX,505.153692148,292536.686792098,4642525.22747196,1.2,1641,12,2,309-5,[]
TX,505.167892085,291117.821537892,4644571.718474999,1.2,1817,12,2,334-21,[]
TX,505.28738945,290991.624198193,4639056.104528394,1.2,2224,11,2,50-14,[]
TX,505.338050365,293258.511782368,4643170.022907316,1.2,1442,12,2,275-5,[]
TX,505.459243072,292521.868356328,4642811.967767433,1.2,638,12,2,163-20,[]
TX,505.699973494,290056.044980368,4642390.92080637,1.2,384,9,2,139-26,[]
TX,505.743642706,291116.244020687,4642470.017454409,1.2,881,11,2,200-24,[]
TX,505.813187977,290141.320285021,4643548.934815541,1.2,1438,12,2,275-20,[]
TX,505.814990304,292783.537018477,4640090.676770312,1.2,1655,12,2,31-2,[]
TX,505.841019987,290838.95710524,4642275.733068489,1.2,1153,10,2,24-11,[]
TX,505.985865816,289316.990617535,4639765.478115389,1.2,1896,9,2,341-20,[]
TX,505.999415859,291499.968929018,4650688.051924386,1.2,1023,12,2,223-13,[]
TX,506.064064084,289564.050619906,4645809.565476726,1.2,1819,12,2,334-4,[]
TX,506.468684632,291018.9761557,4641940.974347753,1.2,1996,9,2,358-5,[]
TX,506.652859037,291083.443490499,4642348.563076078,1.2,2272,10,2,53-3,[]
TX,506.70598279,285891.973651277,4641162.528716991,1.2,1107,12,2,234-19,[]
TX,506.730571722,293514.07093299,4638744.433116042,1.2,661,12,2,167-4,[]
TX,506.840690182,292926.866624035,4641022.440349665,1.2,922,12,2,204-24,[]
TX,507.053494878,291604.444931516,4639311.822518859,1.2,1285,12,3,256-13,[]
TX,507.562388519,291043.548806064,4641118.001726098,1.2,2396,8,2,70-19,"[['RX_GW', 507.769801725, 2396, 8, 2, 868.1, -124.731118773, '00:00:00:00:00:02']]"
TX,507.658465053,290681.161041229,4641307.176839081,1.2,2150,7,2,44-25,[]
TX,507.684688159,290892.153666098,4642257.101572759,1.2,2371,10,2,68-1,[]
TX,507.773161451,273654.638403674,4630682.220540867,1.2,2127,12,2,42-26,[]
TX,507.872045422,291834.471131937,4642548.597573843,1.2,782,12,2,186-8,[]
TX,507.97774036,291007.461016739,4642248.370912981,1.2,1463,11,2,282-3,[]
TX,508.143774769,288380.248402566,4642760.997619937,1.2,1707,12,2,317-20,[]
TX,508.152579029,291544.068182502,4636530.375162069,1.2,539,12,2,153-1,[]
TX,508.229995315,292406.061368607,4637334.337393587,1.2,611,12,2,162-11,[]
TX,508.28003552,294796.531901786,4644864.507081919,1.2,898,12,2,202-12,[]
TX,508.398141506,291000.908128332,4644441.086125871,1.2,460,12,2,147-28,[]
TX,508.420547866,290674.483935015,4641292.240580315,1.2,1120,7,2,237-28,[]
TX,508.421934763,288333.148817512,4638784.70904112,1.2,1219,12,2,246-27,[]
TX,508.513959431,291224.224607701,4642289.781875098,1.2,464,11,2,148-11,[]
TX,508.687458778,287774.464831139,4645627.936753347,1.2,982,12,2,215-25,[]
TX,508.751260048,289592.162657554,4641756.385253003,1.2,67,7,2,104-19,[]
TX,508.756418079,288398.261441804,4642857.102842131,1.2,1973,12,2,356-8,[]
TX,508.821873753,291162.991373794,4641343.517489795,1.2,282,8,2,128-21,[]
TX,508.96636342,293413.645493594,4642923.589033052,1.2,1854,12,2,339-10,[]
TX,509.04152395,293060.131708842,4643338.321750002,1.2,2651,12,2,96-7,[]
TX,509.274303592,299803.422771536,4645112.900263473,1.2,115,12,2,109-19,[]
TX,509.323088469,289893.967213888,4642703.840564065,1.2,927,11,3,206-10,[]
TX,509.329628992,292306.980654805,4642056.185328077,1.2,274,12,2,127-6,[]
TX,509.463682013,291624.678250923,4644619.274144734,1.2,957,12,2,211-13,[]
TX,509.682874346,288449.351818445,4642415.264801725,1.2,882,11,2,200-25,[]
TX,509.714830289,273482.354141516,4630123.306854468,1.2,2633,12,2,95-15,[]
TX,509.721915051,290094.453876391,4640899.900218021,1.2,1591,7,2,305-13,[]
TX,510.047319178,299743.004727174,4630051.093558743,1.2,2215,12,2,49-10,[]
TX,510.062279211,290860.66440326,4642272.316453744,1.2,1466,10,2,282-6,[]
TX,510.076877,291742.242334052,4642829.847642686,1.2,319,12,2,130-6,[]
TX,510.100781932,291553.989747611,4639913.756012587,1.2,949,10,2,21-24,[]
TX,510.117330934,286699.676846319,4645104.561404874,1.2,1364,12,2,267-25,[]
TX,510.188619985,289941.497088295,4634397.56984981,1.2,1758,12,2,324-26,[]
TX,510.203366203,291850.659372098,4642558.054385584,1.2,133,12,2,11-18,[]
TX,510.218763679,293071.4620983,4642415.059820293,1.2,2646,12,2,96-21,[]
TX,510.320478356,292110.742091291,4642707.278683566,1.2,1567,12,2,301-10,[]
TX,510.349947614,273756.236071454,4630637.778722785,1.2,1750,12,2,322-7,[]
TX,510.421282472,296717.23805976,4635095.989977447,1.2,562,12,2,155-30,[]
TX,510.76801475,290768.471216118,4644491.732801907,1.2,1714,12,2,318-16,[]
TX,510.794924519,291990.359482723,4643708.350540034,1.2,2472,12,2,75-8,[]
TX,511.073075533,287828.039981946,4638410.069381644,1.2,395,12,2,14-4,[]
TX,511.143396578,293639.74440268,4645917.724845404,1.2,398,12,2,14-7,[]
TX,511.332268568,290866.071153056,4642319.879544041,1.2,1495,10,3,288-17,[]
TX,511.604565004,289835.158357079,4642383.283507951,1.2,161,10,2,111-28,[]
TX,511.867658577,291041.938285823,4640552.402304968,1.2,745,7,2,182-19,[]
TX,512.148338995,289431.781432343,4635046.004266712,1.2,2355,12,2,66-20,[]
TX,512.249594578,273697.571986464,4630601.492338535,1.2,1864,12,2,339-24,[]
TX,512.364451724,290448.832283982,4642886.610261976,1.2,2506,12,2,8-5,[]
TX,512.387447997,289966.389929323,4639937.834174176,1.2,1766,8,2,326-20,[]
TX,512.834793831,292794.380243357,4641314.749302027,1.2,2363,12,2,67-16,[]
TX,512.868431399,292197.923564963,4641914.645225411,1.2,337,12,2,137-13,[]
TX,512.945737573,289195.278529419,4642065.472134156,1.2,2262,9,2,51-3,[]
TX,513.246290552,289304.481850797,4642052.285142168,1.2,711,8,2,178-19,[]
TX,513.257389773,290512.880999554,4642302.493349995,1.2,2421,10,2,71-27,[]
TX,513.299111425,291168.165368768,4641362.989588653,1.2,1299,8,2,256-6,[]
TX,513.380152893,290339.885769745,4644219.835467545,1.2,141,12,2,11-7,[]
TX,513.45817881,299554.417453645,4609648.490585335,1.2,989,12,2,22-12,[]
TX,513.503949952,289573.754935193,4642051.340244056,1.2,1553,7,2,298-3,[]
TX,513.542736789,291882.329747552,4642562.418177196,1.2,1429,12,2,274-5,[]
TX,513.596967638,291887.034029686,4642544.708591057,1.2,245,12,2,124-30,[]
TX,513.654246044,291269.420654332,4641405.210354796,1.2,2290,8,2,56-11,[]
TX,513.655878738,289199.067154054,4642081.687699592,1.2,2141,9,2,43-28,[]
TX,513.782412882,293256.579799812,4643156.722304001,1.2,619,12,2,162-25,[]
TX,513.825602733,291470.139340748,4642400.607246881,1.2,906,12,2,202-27,[]
TX,513.957443083,286646.531145187,4645656.555359967,1.2,768,12,2,185-5,[]
TX,514.100757577,295119.713708968,4642715.55076569,1.2,2529,8,2,82-25,[]
TX,514.104171066,286656.894922829,4645783.504234258,1.2,68,12,2,104-20,[]
TX,514.12367476,292333.231969966,4642053.1957813,1.2,1150,12,2,239-9,[]
TX,514.334616233,290425.196963827,4641315.17465534,1.2,1673,7,2,310-2,[]
TX,514.378674069,292429.054397578,4637260.367666749,1.2,1818,12,2,334-3,[]
TX,514.431162286,292218.020995872,4638045.259575188,1.2,953,12,2,21-28,[]
TX,514.468891528,274337.69031358,4630709.588042314,1.2,1376,12,2,269-1,[]
TX,514.626350046,290492.496430837,4647536.663831657,1.2,1102,12,2,233-13,[]
TX,514.651886845,289901.957460726,4638116.624526308,1.2,2556,12,2,84-18,[]
TX,514.965812562,286471.246050245,4639502.010772455,1.2,1307,12,2,259-4,[]
TX,515.009235449,291976.078655395,4642591.736110627,1.2,555,12,2,155-18,[]
TX,515.012564375,290303.9447076,4642797.032265652,1.2,371,11,2,138-5,[]
TX,515.315586601,286561.753969296,4634495.79085382,1.2,190,12,2,115-24,[]
TX,515.401533196,291813.679680996,4644116.61459388,1.2,2236,12,2,50-29,[]
TX,515.56051691,290281.160955844,4646559.909578966,1.2,901,12,2,202-22,[]
TX,515.605092871,291672.386534159,4641472.737439375,1.2,1971,11,2,356-27,[]
TX,515.625958002,294889.616129651,4631414.935352108,1.2,2205,12,2,48-12,[]
TX,515.680730412,287992.071893827,4643362.316315287,1.2,2673,12,2,97-7,[]
TX,515.697755248,291515.92833552,4641494.969119692,1.2,1599,11,2,305-20,[]
TX,515.730709088,272094.214768421,4629846.364382426,1.2,1910,12,2,344-5,[]
TX,515.774034303,290015.267112945,4642387.533775413,1.2,300,9,2,129-28,[]
TX,515.784028623,291855.735949642,4641071.867315636,1.2,1064,11,3,229-21,[]
TX,515.859220411,291752.973959774,4642571.634111495,1.2,1257,12,2,254-10,[]
TX,515.870519463,290565.103528483,4642275.337290697,1.2,1322,9,2,261-24,[]
TX,515.896380661,292314.714075962,4642055.795974621,1.2,1782,12,2,330-25,[]
TX,516.081557919,290734.816588929,4644879.277928513,1.2,2088,12,2,39-11,[]
TX,516.082835852,292685.300388133,4641799.176044318,1.2,841,12,2,195-4,[]
TX,516.279019636,292320.74311356,4643378.666277012,1.2,1786,12,2,330-3,[]
TX,516.464673268,276213.353546795,4632009.571665327,1.2,1428,12,3,274-30,[]
TX,516.714640705,292408.764832748,4637342.268054884,1.2,1809,12,3,332-8,[]
TX,516.73953519,291700.326528431,4642119.803854278,1.2,2174,11,2,46-2,[]
TX,516.746198412,291186.795367426,4639486.115966616,1.2,1167,10,2,24-26,[]
TX,517.038621266,289927.510876562,4638012.870145932,1.2,2451,12,2,72-7,[]
TX,517.132462611,292450.888332443,4643499.932640631,1.2,1347,12,2,264-6,[]
TX,517.189622424,289951.038467742,4634414.202426522,1.2,662,12,2,167-5,[]
TX,517.230860979,292530.408287888,4642927.718814062,1.2,2299,12,3,56-25,[]
TX,517.347612315,291669.398320592,4642108.542608982,1.2,1926,11,2,348-19,[]
TX,517.393131039,295128.804978748,4642719.802452564,1.2,2097,8,2,39-28,[]
TX,517.502253181,290408.610516,4635975.779522565,1.2,48,12,2,102-3,[]
TX,517.557457027,282888.756938512,4634800.464343696,1.2,2111,12,2,41-13,[]
TX,517.65771152,290674.81259713,4641491.920395526,1.2,827,7,2,194-22,"[['RX_GW', 517.772708106, 827, 7, 2, 868.1, -121.391954006, '00:00:00:00:00:02']]"
TX,517.686198785,291956.724309272,4642593.486087088,1.2,358,12,2,138-12,[]
TX,517.877264442,291249.028874147,4641264.679573362,1.2,1779,9,2,330-19,"[['RX_GW', 518.249030437, 1779, 9, 2, 868.1, -127.921484057, '00:00:00:00:00:02']]"
TX,518.036277906,293572.782928127,4642027.272492523,1.2,1868,10,2,339-28,[]
TX,518.076299993,285219.699586238,4633366.941687033,1.2,1239,12,2,250-18,[]
TX,518.13746295,291081.72490506,4641010.541050133,1.2,800,8,2,188-6,[]
TX,518.166019805,291058.80459331,4639297.780854895,1.2,828,12,2,194-23,[]
TX,518.207956354,289633.675048934,4643498.627448428,1.2,1661,12,2,31-28,[]
TX,518.362537921,293816.035180252,4644262.511312478,1.2,1949,12,2,351-20,[]
TX,518.41642849,291784.656750778,4642846.870827791,1.2,1583,12,2,304-18,[]
TX,518.462436029,291034.571636571,4641924.951922699,1.2,2390,9,2,7-5,[]
TX,518.467625861,291941.852572772,4642573.061465666,1.2,2664,12,2,97-24,[]
TX,518.539826103,288841.512324779,4645481.629788125,1.2,1456,12,2,28-28,[]
TX,518.603887148,290223.185577351,4642586.51545358,1.2,1286,10,2,256-16,[]
TX,518.61192229,289331.305669994,4646218.448654836,1.2,779,12,2,186-26,[]
TX,518.647156107,291797.510778505,4648681.124024121,1.2,1705,12,3,317-18,[]
TX,518.732885088,292103.072956723,4642707.049194678,1.2,2489,12,2,79-18,[]
TX,518.813374444,286623.184248654,4645548.848077185,1.2,540,12,2,153-17,[]
TX,518.835304823,291632.789653633,4644610.060806117,1.2,408,12,2,140-18,[]
TX,518.886126553,286733.158359998,4645864.262432224,1.2,2296,12,2,56-20,[]
TX,518.91153785,286661.9360802,4641682.395586349,1.2,1489,12,3,287-4,[]
TX,519.328934051,289918.719419408,4638771.104249099,1.2,295,10,2,129-22,[]
TX,519.362988845,290473.206883878,4641681.052127681,1.2,1891,7,3,340-7,[]
TX,519.415140065,291854.119540243,4642519.005668957,1.2,280,12,2,128-2,[]
TX,519.452337752,291792.197187635,4644110.141151927,1.2,2537,12,2,82-7,[]
TX,519.601320134,298988.476159914,4640843.431794432,1.2,825,12,2,194-12,[]
TX,519.662640177,289959.867365048,4642888.47902026,1.2,2653,12,2,97-11,[]
TX,519.923191828,292253.180199078,4641927.961687444,1.2,2453,12,2,73-30,[]
TX,519.97043883,292707.145906152,4641798.226620711,1.2,754,12,2,182-7,[]
TX,520.039427027,292593.75779898,4641804.562432523,1.2,1139,12,2,239-24,[]
TX,520.044221596,291832.530927071,4642558.153195075,1.2,1325,12,2,261-27,[]
TX,520.233942787,292076.348769904,4642627.424397395,1.2,1944,12,2,349-4,[]
TX,520.328387738,291462.704514929,4643808.438690848,1.2,876,12,2,199-27,[]
TX,520.499896131,297564.688030007,4633146.598653853,1.2,2267,12,3,53-17,[]
TX,520.520576818,290371.993359026,4635091.823193604,1.2,2123,12,2,42-13,[]
TX,520.720437341,287546.321352435,4641988.664090115,1.2,2353,12,2,66-18,[]
TX,520.780983927,292318.551886922,4642046.068826806,1.2,2634,12,3,95-16,[]
TX,520.986135328,291727.705253561,4642150.631244737,1.2,2047,11,2,367-23,[]
TX,521.017764947,290694.959188526,4641311.432633559,1.2,29,7,2,101-20,[]
TX,521.175780115,273693.523125309,4630635.216534711,1.2,193,12,2,115-27,[]
TX,521.223121646,283185.145984946,4633211.231473245,1.2,1267,12,2,254-2,[]
TX,521.312969595,291440.489703074,4642054.750462458,1.2,2450,11,2,72-6,[]
TX,521.377611794,291073.531271262,4644049.968460391,1.2,227,12,2,121-6,[]
TX,521.381003134,291140.448091531,4640351.278409964,1.2,1241,9,3,250-20,[]
TX,521.413650101,291995.043092859,4643712.471059537,1.2,224,12,2,121-30,[]
TX,521.436410736,290508.985143696,4643375.484452972,1.2,243,12,2,124-27,[]
TX,521.446583352,292728.084079814,4641839.214942376,1.2,693,12,2,174-17,[]
TX,521.49665543,291840.090419231,4642549.131912436,1.2,2480,12,2,76-23,[]
TX,521.54050739,292524.240365154,4642909.115558804,1.2,17,12,2,101-1,[]
TX,521.544666401,290067.922718741,4634510.238701737,1.2,628,12,2,163-1,[]
TX,521.571593548,293333.030636534,4644274.612526228,1.2,1054,12,2,226-6,[]
TX,521.621804702,290727.904623028,4637633.095001291,1.2,815,12,3,190-21,[]
TX,521.687983169,291816.651793352,4641614.745603318,1.2,178,12,2,113-12,[]
TX,521.726461418,292392.716510983,4643099.298635481,1.2,1718,12,2,318-20,[]
TX,521.881273202,289957.48628718,4634382.838490419,1.2,712,12,2,178-3,[]
TX,521.902332014,292234.299945912,4643251.709111648,1.2,1960,12,2,353-2,[]
TX,521.917851687,289225.071801407,4642412.849388386,1.2,1160,12,2,24-18,[]
TX,522.016931978,291300.932030267,4642390.883694911,1.2,1517,12,2,290-2,[]
TX,522.15194218,290529.137325914,4642207.074869402,1.2,2581,9,2,87-11,[]
TX,522.27948577,290991.134536925,4639067.829996766,1.2,2070,10,2,369-6,[]
TX,522.389360993,298816.647269166,4635860.933110295,1.2,1855,12,2,339-11,[]
TX,522.436158826,292327.960181218,4642045.705161098,1.2,2636,12,2,95-19,[]
TX,522.584320776,291009.509565415,4641193.914798936,1.2,2226,7,2,50-16,[]
TX,522.599808097,272745.819494504,4629682.862871367,1.2,1124,12,2,238-14,[]
TX,522.622683458,290199.138205569,4635363.042071066,1.2,1835,12,2,336-3,[]
TX,522.758539301,291146.659036961,4639437.144690544,1.2,2006,10,2,361-3,[]
TX,522.87339179,284948.917426522,4640456.452339273,1.2,2156,12,2,45-18,[]
TX,523.103782933,290097.880901743,4640901.015904621,1.2,2038,7,2,367-12,"[['RX_GW', 523.21877691, 2038, 7, 2, 868.1, -86.371710261, '00:00:00:00:00:02']]"
TX,523.133237501,292323.521877504,4642048.88613262,1.2,823,12,2,194-10,[]
TX,523.191685786,291111.899906464,4641438.762664944,1.2,421,8,2,140-6,[]
TX,523.539268955,281276.200844061,4632714.688274989,1.2,1420,12,2,274-11,[]
TX,523.669443771,291994.552433407,4643713.582432814,1.2,2609,12,2,91-6,[]
TX,523.725631073,290342.300468206,4635407.805964265,1.2,1520,12,2,290-3,[]
TX,523.773814046,289579.032472765,4635177.449967473,1.2,22,12,2,101-14,[]
TX,524.043075382,291185.576110142,4641310.172366465,1.2,386,8,2,139-28,"[['RX_GW', 524.250489208, 386, 8, 2, 868.1, -125.267180751, '00:00:00:00:00:02']]"
TX,524.089251137,294147.491868821,4647420.980687314,1.2,93,12,2,107-10,[]
TX,524.205471863,289410.064605481,4648027.742230183,1.2,1605,12,2,305-3,[]
TX,524.398125977,292322.775269011,4642277.79411859,1.2,2429,12,2,71-7,[]
TX,524.455201974,291125.266306012,4641375.537027883,1.2,1734,8,2,321-17,"[['RX_GW', 524.662615685, 1734, 8, 2, 868.1, -124.763292012, '00:00:00:00:00:02']]"
TX,524.461212229,289159.046166403,4642598.278060899,1.2,1103,11,2,233-14,[]
TX,524.670550034,293706.562426841,4643407.82233464,1.2,2447,12,2,72-3,[]
TX,524.719698641,288319.197096377,4638756.255454415,1.2,2550,12,2,84-12,[]
TX,524.787965013,292133.331507171,4642206.25318128,1.2,2337,12,2,61-19,[]
TX,525.014207396,291396.001159484,4644170.004191924,1.2,1329,12,2,262-10,[]
TX,525.138626168,288980.788049772,4640033.799482335,1.2,1801,9,2,332-25,[]
TX,525.168941667,292317.278532616,4652095.555213368,1.2,118,12,2,109-21,[]
TX,525.300359557,292260.48099695,4637838.799848117,1.2,934,12,2,206-26,[]
TX,525.699868854,291093.330765102,4641031.089884077,1.2,1030,8,2,223-27,[]
TX,525.742407635,292639.918779203,4641769.297174267,1.2,504,12,2,150-4,[]
TX,525.757030374,291809.097801098,4642517.119135238,1.2,730,12,2,181-22,[]
TX,525.776438655,291301.54778204,4644964.409542178,1.2,507,12,2,150-7,[]
TX,525.946547586,289396.651530425,4641739.207345322,1.2,1133,7,2,239-17,[]
TX,526.103306657,290209.872480961,4642801.256323236,1.2,356,11,2,137-6,[]
TX,526.234329008,288925.633318055,4641946.719442245,1.2,1224,9,2,248-20,[]
TX,526.254504409,287557.577026435,4641660.157304426,1.2,2492,12,2,79-21,[]
TX,526.286053889,290893.051530447,4638617.685456021,1.2,2488,12,2,79-17,[]
TX,526.291808725,289326.962437706,4647393.901997331,1.2,1706,12,2,317-19,[]
TX,526.325440261,290424.115628029,4641807.125379074,1.2,1062,9,2,229-2,[]
TX,526.349113389,282754.86369477,4640220.151408447,1.2,1406,12,2,270-5,[]
TX,526.413475456,290939.636812417,4639058.198063142,1.2,2136,10,2,43-19,[]
TX,526.493737253,290439.785520804,4635856.934625287,1.2,1086,12,2,231-5,[]
TX,526.706662451,289840.681043943,4638492.098591449,1.2,1050,12,2,226-28,[]
TX,526.71545124,294393.278316016,4643082.202333803,1.2,893,12,2,201-25,[]
TX,526.728455903,281806.768683972,4632840.443391419,1.2,1833,12,2,336-21,[]
TX,526.795858548,295605.430869725,4645549.408155396,1.2,2171,12,2,46-17,[]
TX,526.926336003,292935.765924781,4641203.961880257,1.2,1677,12,2,310-3,[]
TX,527.095635647,273661.949226864,4630645.587324668,1.2,2496,12,2,79-7,[]
TX,527.119470926,290957.083955742,4639065.798074944,1.2,593,10,2,159-19,[]
TX,527.264255159,289918.162363063,4639332.920489335,1.2,2401,11,2,70-4,[]
TX,527.276501458,292310.687256129,4642008.804363749,1.2,597,12,2,159-5,[]
TX,527.291700665,286821.20504891,4634329.133420859,1.2,844,12,2,195-7,[]
TX,527.492364887,295605.883812879,4645543.00308101,1.2,2179,12,2,46-6,[]
TX,528.15058109,288246.364298426,4620974.424980335,1.2,990,12,2,22-13,[]
TX,528.226053018,299147.342411749,4636078.276640248,1.2,493,12,2,149-6,[]
TX,528.317439681,292718.277822734,4641837.318840998,1.2,59,12,2,103-3,[]
TX,528.396271889,294981.915918673,4642698.97969368,1.2,1478,8,3,287-19,"[['RX_GW', 528.603685481, 1478, 8, 3, 868.1, -124.16158307, '00:00:00:00:00:04']]"
TX,528.478982491,291030.072177157,4641944.471478617,1.2,2539,9,2,82-9,"[['RX_GW', 528.850748986, 2539, 9, 2, 868.1, -128.992415781, '00:00:00:00:00:02']]"
TX,528.678810416,293408.713522899,4644451.091236567,1.2,1900,12,2,341-5,[]
TX,529.431555227,291991.103548625,4643724.789220627,1.2,2112,12,2,41-14,[]
TX,529.476333382,290972.363607847,4641940.830465444,1.2,341,9,2,137-18,"[['RX_GW', 529.848099731, 341, 9, 2, 868.1, -129.014672427, '00:00:00:00:00:02']]"
TX,529.800749718,293174.030226108,4641033.048146973,1.2,1502,12,2,288-5,[]
TX,530.341239518,283368.711158343,4632892.749746527,1.2,1290,12,2,256-2,[]
TX,530.396620886,287147.119348657,4634214.220740841,1.2,515,12,2,151-21,[]
TX,530.463579469,292549.062238951,4641743.495736501,1.2,441,12,2,145-12,[]
TX,530.758373683,290089.638816167,4642404.282039408,1.2,887,9,2,201-11,[]
TX,530.838352843,290705.012043733,4641292.421545653,1.2,425,7,2,141-12,[]
TX,530.928687909,292809.61856304,4641971.978464622,1.2,913,12,2,203-27,[]
TX,531.083530368,291765.347360558,4641849.722281317,1.2,392,12,2,14-20,[]
TX,531.102678897,273700.709312785,4630609.157854459,1.2,1733,12,2,320-9,[]
TX,531.138612089,290845.71680877,4642271.206606609,1.2,2377,9,2,68-29,[]
TX,531.33251392,283244.046139356,4640364.075212254,1.2,192,12,2,115-26,[]
TX,531.428062463,289598.663785396,4643507.855940371,1.2,1076,12,2,231-18,[]
TX,531.551203853,286667.207872219,4645798.02135907,1.2,2195,12,2,47-27,[]
TX,531.592669149,291928.44073986,4642591.636809207,1.2,340,12,2,137-16,[]
TX,531.715947896,292682.961786237,4641807.564335152,1.2,1146,12,2,239-5,[]
TX,531.725780419,293649.843725981,4643453.023314172,1.2,418,12,2,140-29,[]
TX,531.741423219,284560.123336503,4633015.936845776,1.2,503,12,2,150-30,[]
TX,531.97566295,291840.68963864,4642559.694125142,1.2,188,12,2,115-13,[]
TX,531.99007696,293196.588730343,4640470.900954204,1.2,842,12,2,195-5,[]
TX,532.050991846,280285.942284976,4632625.03432767,1.2,1370,12,2,268-29,[]
TX,532.08592524,295638.048000345,4645566.363102043,1.2,774,12,2,186-13,[]
TX,532.109496491,292049.836800009,4641782.711884897,1.2,231,12,2,124-10,[]
TX,532.175880162,292320.382271084,4642039.644470528,1.2,2023,12,2,363-17,[]
TX,532.346786913,292146.538969648,4644176.663999557,1.2,65,12,2,104-17,[]
TX,532.352103404,299786.315667423,4630294.892276114,1.2,966,12,2,214-19,[]
TX,532.744443314,289667.291612221,4645678.855171051,1.2,752,12,2,182-5,[]
TX,532.81351011,290933.446132788,4642092.320656457,1.2,2592,9,2,88-14,[]
TX,532.835157609,290860.693210921,4642271.481143778,1.2,1310,10,2,260-18,[]
TX,533.116436772,291364.611308908,4642031.347232491,1.2,1269,10,2,254-21,[]
TX,533.161454213,291146.643735316,4641371.88421198,1.2,705,8,2,176-10,[]
TX,533.31969883,292261.150666701,4643887.746758679,1.2,1931,12,2,348-7,[]
TX,533.35621879,292696.555842413,4641798.981733433,1.2,485,12,2,148-9,[]
TX,533.375495729,271682.813221607,4630709.287579263,1.2,1208,12,2,245-24,[]
TX,533.673962268,292046.561409422,4636951.51057638,1.2,1300,12,2,256-7,[]
TX,533.954887396,293216.889481822,4642667.751471196,1.2,1443,12,2,275-6,[]
TX,534.007135657,292526.903361881,4642908.081361975,1.2,1638,12,2,309-29,[]
TX,534.070403821,292522.469143899,4642919.941116785,1.2,1796,12,2,332-17,[]
TX,534.243513356,289429.443366108,4645441.960988898,1.2,1945,12,2,349-5,[]
TX,534.463321013,290991.434100578,4644442.345890359,1.2,1083,12,2,231-27,[]
TX,534.53610853,292616.41845737,4641984.444704564,1.2,2391,12,2,7-6,[]
TX,534.536313887,291831.821355221,4642556.280546534,1.2,285,12,2,128-30,[]
TX,534.726816054,292090.7933934,4641821.32180374,1.2,2406,12,2,71-10,[]
TX,534.752202568,290350.364279783,4641807.581421239,1.2,924,9,2,204-26,[]
TX,534.791703965,291982.653005418,4641729.904707358,1.2,885,12,2,200-28,[]
TX,534.822154471,294136.58004071,4647414.808812562,1.2,104,12,2,107-28,[]
TX,535.028483686,291507.075394589,4641315.761606283,1.2,1046,10,2,226-24,[]
TX,535.054733302,271916.757183507,4630650.536044974,1.2,543,12,2,153-2,[]
TX,535.245909195,291096.195213514,4639339.200547585,1.2,1421,12,2,274-12,[]
TX,535.394731893,291865.527254739,4642566.050852021,1.2,2436,12,2,72-16,[]
TX,535.420341565,289613.305265398,4643524.239592509,1.2,496,12,2,150-17,[]
TX,535.522265227,290843.463654652,4642280.844176462,1.2,846,10,2,197-17,[]
TX,535.701738681,292109.045942641,4642625.917287366,1.2,2380,12,2,68-4,[]
TX,535.709561318,294972.539375028,4642697.32752255,1.2,1492,8,2,287-7,[]
TX,535.7939328,292262.902771271,4642284.898997611,1.2,1978,12,2,357-20,[]
TX,535.921983149,272123.292956438,4630293.140390219,1.2,1916,12,2,347-13,[]
TX,536.027625133,288990.540149879,4641734.761700242,1.2,2096,8,2,39-27,[]
TX,536.113204128,292718.239775007,4641829.631898592,1.2,2474,12,2,76-10,[]
TX,536.305988727,294093.259564316,4642123.678729714,1.2,608,10,2,160-6,[]
TX,536.416621304,291241.431109407,4641254.263465344,1.2,1301,9,2,259-17,[]
TX,536.516714538,293469.545577572,4642640.772223022,1.2,355,12,2,137-5,[]
TX,536.707471967,291282.535334096,4642388.328955376,1.2,1519,12,2,290-21,[]
TX,536.898507502,292790.303461644,4640482.009306566,1.2,1037,12,2,226-13,[]
TX,537.14220466,292282.126236679,4637958.74823195,1.2,2461,12,2,75-19,[]
TX,537.365133986,288321.99517168,4638758.666511274,1.2,1215,12,2,246-13,[]
TX,537.480140074,290944.156662475,4635971.038527505,1.2,1454,12,2,28-25,[]
TX,537.567770227,292210.852654968,4639437.261487377,1.2,2087,12,2,39-10,[]
TX,537.942043059,291204.320410338,4641286.813195525,1.2,288,8,3,128-6,[]
TX,537.979567252,291584.784473358,4640983.846012279,1.2,352,11,2,137-3,[]
TX,538.020882722,291068.897099733,4644044.696293358,1.2,506,12,2,150-6,[]
TX,538.141733471,292054.599449569,4643960.122742054,1.2,2626,12,2,93-30,[]
TX,538.351081705,291875.271032391,4642565.173431906,1.2,1231,12,2,249-15,[]
TX,538.369221681,293421.856182148,4644451.678881819,1.2,2431,12,2,72-10,[]
TX,538.529359813,291972.277081146,4641620.424309601,1.2,416,12,2,140-27,[]
TX,538.532637699,292113.289967516,4642603.611536713,1.2,162,12,2,112-1,[]
TX,538.579446316,291896.248831121,4642572.422555213,1.2,1962,12,2,353-21,[]
TX,538.784959575,295573.743865815,4645679.962522192,1.2,1885,12,2,340-26,[]
TX,538.953865714,287838.856346777,4635419.983404893,1.2,2574,12,2,85-11,[]
TX,539.246738791,283368.602078468,4632809.110362994,1.2,1363,12,2,267-24,[]
TX,539.399778333,275914.029597704,4631804.580266295,1.2,1295,12,2,256-27,[]
TX,539.44825933,292334.177286054,4641976.276729576,1.2,833,12,2,194-28,[]
TX,539.70372636,290134.580612185,4635349.167996268,1.2,409,12,2,140-19,[]
TX,540.014726132,292670.188685834,4641775.045035582,1.2,2392,12,2,7-7,[]
TX,540.024035382,291138.060198016,4641375.325970914,1.2,1316,8,2,260-7,[]
TX,540.098530966,292353.33816364,4643112.948234199,1.2,39,12,2,101-6,[]
TX,540.213083118,273779.595317254,4630622.427216908,1.2,2311,12,2,57-24,[]
TX,540.297179106,289537.494405565,4642431.648780062,1.2,2528,9,2,82-24,[]
TX,540.320919884,290509.77261585,4645038.467035796,1.2,1280,12,2,254-7,[]
TX,540.534803328,290874.590538607,4642262.628097517,1.2,938,10,3,206-9,[]
TX,540.604562713,290475.728224925,4641436.138557971,1.2,2645,7,2,96-20,[]
TX,540.834820189,294153.399823132,4647426.259076166,1.2,2252,12,2,51-18,[]
TX,540.969538653,293611.325774016,4641920.752577351,1.2,575,12,2,157-6,[]
TX,541.137371596,290818.361879,4642280.390422877,1.2,1459,10,2,282-17,[]
TX,541.243076332,292343.697405613,4642250.487291632,1.2,1411,12,2,273-18,[]
TX,541.287764837,290732.329002045,4642904.977825254,1.2,1009,11,2,221-24,[]
TX,541.395744134,295035.373080313,4644589.939991428,1.2,457,12,2,147-25,[]
TX,541.395790891,291023.00535777,4641944.168472567,1.2,1564,9,2,3-26,[]
TX,541.435824097,289850.492276614,4643053.855059681,1.2,1848,12,2,337-26,[]
TX,541.4420865,290712.731341426,4641306.926744926,1.2,1232,7,2,249-16,[]
TX,541.48713378,287531.141885923,4641963.479738384,1.2,2340,12,2,61-29,[]
TX,541.543364979,288936.146642404,4643657.637483406,1.2,1356,12,2,266-27,[]
TX,541.784466742,292820.494527734,4644274.931614751,1.2,999,12,3,220-25,[]
TX,541.878131829,282843.317542563,4632855.688320708,1.2,975,12,3,215-10,[]
TX,541.893328262,293263.79543471,4639495.337048356,1.2,1810,12,2,332-9,[]
TX,541.925908107,290824.706696153,4641295.892420916,1.2,85,7,2,106-13,[]
TX,542.103765244,291202.525026693,4641292.457045177,1.2,145,8,3,110-13,[]
TX,542.148336184,292343.749608206,4642045.816920624,1.2,1162,12,2,24-2,[]
TX,542.285221155,289950.122725521,4634408.71743201,1.2,1775,12,2,330-12,[]
TX,542.309308785,290868.127461913,4642261.458908273,1.2,2516,10,2,81-12,[]
TX,542.380300627,291036.12328253,4641173.978213688,1.2,1904,8,2,344-2,[]
TX,542.410673262,291021.926698352,4644007.635834328,1.2,866,12,2,198-27,[]
TX,542.646032217,285233.670566041,4642515.799498373,1.2,1532,12,2,293-20,[]
TX,542.767445253,290746.605783988,4642883.729021439,1.2,1382,11,2,269-2,"[['RX_GW', 544.248205862, 1382, 11, 2, 868.1, -134.189494331, '00:00:00:00:00:02']]"
TX,542.806565027,291053.090079863,4644052.04763237,1.2,461,12,2,147-8,[]
TX,543.318425197,289979.631859986,4639942.116053663,1.2,2051,8,2,367-3,[]
TX,543.376091381,291888.519850046,4641648.242741194,1.2,2354,12,2,66-19,[]
TX,543.491376228,293048.048326997,4640278.695484911,1.2,1860,12,2,339-18,[]
TX,543.524803681,292110.546524424,4642227.86182573,1.2,1453,12,2,28-24,[]
TX,543.784294885,292125.667762565,4642384.088267973,1.2,665,12,2,169-10,[]
TX,543.882516641,273707.321388741,4630655.045957102,1.2,1294,12,2,256-26,[]
TX,544.073097276,292960.040499597,4643422.280517253,1.2,564,12,2,155-5,[]
TX,544.242201099,291253.278374596,4640378.592529038,1.2,1138,10,3,239-23,[]
TX,544.329140377,290877.169085311,4642324.370884545,1.2,1499,10,2,288-21,[]
TX,544.61584972,272083.56573335,4630398.780621506,1.2,200,12,2,119-23,[]
TX,544.653813862,292028.041904982,4643705.628779906,1.2,1908,12,2,344-3,[]
TX,544.790836148,290479.535450856,4640631.155096776,1.2,601,7,2,160-19,[]
TX,544.807140079,288179.899433372,4643896.26092006,1.2,784,12,2,187-17,[]
TX,544.816199344,288394.48352976,4641372.466776225,1.2,2357,10,2,66-3,[]
TX,544.837956843,297167.780411401,4637163.184360035,1.2,1902,12,2,341-7,[]
TX,544.917930999,296909.183124685,4647280.210203604,1.2,394,12,2,14-3,[]
TX,545.243028111,290984.082071861,4639058.492893791,1.2,1812,10,2,334-16,[]
TX,545.348006603,290700.489507485,4641299.992236041,1.2,284,7,2,128-3,[]
TX,545.617837304,291085.069704826,4641928.402405899,1.2,2191,9,2,47-20,[]
TX,545.650415193,292307.554450623,4642046.472525099,1.2,2092,12,2,39-23,[]
TX,545.683487675,291038.478662259,4644011.57408309,1.2,2465,12,2,75-23,[]
TX,545.780476523,290837.662631916,4638356.973168228,1.2,997,12,2,220-14,[]
TX,545.819719816,291175.879804489,4640453.830584211,1.2,2669,9,3,97-3,[]
TX,545.842570332,271859.929750295,4630655.347021298,1.2,2063,12,3,368-5,[]
TX,545.855247824,292745.650383892,4641858.174724228,1.2,2600,12,2,91-18,[]
TX,545.88468044,290281.558386328,4643370.909532816,1.2,1101,12,2,233-12,[]
TX,546.018715656,291534.204314656,4641419.813770021,1.2,32,11,2,101-25,[]
TX,546.023917954,289678.042110282,4642091.971876537,1.2,1528,8,2,293-1,[]
TX,546.14699185,293296.380648869,4649490.534910534,1.2,199,12,3,119-14,[]
TX,546.197804651,291913.445566681,4642573.792170159,1.2,2435,12,3,72-15,[]
TX,546.214742388,272223.982233344,4630077.870851584,1.2,836,12,3,195-18,[]
TX,546.290822172,291994.865385209,4643706.737261648,1.2,1708,12,2,317-21,[]
TX,546.537590512,293165.584130392,4640631.651110044,1.2,671,12,2,171-14,[]
TX,546.5568268,273515.363145061,4630984.262383484,1.2,2351,12,2,62-28,[]
TX,546.593576529,291670.473059405,4642116.978169639,1.2,1875,11,2,339-9,[]
TX,546.655899922,293052.883130923,4642971.802791084,1.2,479,12,2,148-3,[]
TX,546.938706388,292108.03739665,4641758.205713818,1.2,1614,12,3,306-3,[]
TX,546.976154238,299770.062610869,4630299.594808744,1.2,2367,12,2,67-3,[]
TX,547.015200367,291715.008450568,4644113.580334145,1.2,130,12,2,109-7,[]
TX,547.060684649,294985.676934513,4645952.93092443,1.2,2219,12,2,50-1,[]
TX,547.217179332,289644.777173275,4635508.055107221,1.2,1841,12,2,337-10,[]
TX,547.293858788,292693.214270439,4643665.609926342,1.2,20,12,2,101-12,[]
TX,547.313194624,292914.886783811,4640527.631830107,1.2,1341,12,2,264-18,[]
TX,547.461355655,291989.104215399,4642599.437921079,1.2,436,12,2,143-24,[]
TX,547.523479474,294309.133902842,4639032.707311315,1.2,680,12,2,172-18,[]
TX,547.595468336,289228.544287593,4642391.219036849,1.2,2599,12,3,91-17,[]
TX,547.662780864,292310.156719481,4642048.701787716,1.2,1131,12,3,239-13,[]
TX,547.762191917,294384.177833401,4643074.605233816,1.2,1533,12,3,293-21,[]
TX,547.815966972,285681.907630446,4639732.242527618,1.2,2277,12,2,54-23,[]
TX,547.905907994,272175.177072101,4627868.618538048,1.2,1721,12,2,318-4,[]
TX,547.926615386,293385.84614385,4640078.902419668,1.2,801,12,2,188-7,[]
TX,548.014646577,291478.924744002,4642480.592340323,1.2,2064,12,2,368-6,[]
TX,548.111042178,289675.930308291,4641164.746026818,1.2,2346,7,2,61-7,[]
TX,548.13775644,290732.485167076,4642895.998280868,1.2,1081,11,2,231-25,[]
TX,548.281703577,290958.100931129,4642037.729017447,1.2,212,10,2,12-30,[]
TX,548.516949857,291001.210160282,4639047.274653632,1.2,1658,11,2,31-24,[]
TX,548.55144179,290051.653082917,4642394.869717909,1.2,1570,9,2,301-13,[]
TX,548.906988362,290058.136066746,4644359.166082106,1.2,1748,12,2,322-5,[]
TX,549.179826854,283105.318708841,4633624.637177551,1.2,1907,12,2,344-29,[]
TX,549.210425848,289647.234992479,4641976.679379328,1.2,1480,8,2,287-21,[]
TX,549.465672372,273698.666087994,4630640.871690679,1.2,1128,12,2,238-28,[]
TX,549.493396387,292145.342506424,4642205.975414781,1.2,228,12,2,121-7,[]
TX,549.497689301,291493.085945241,4642428.233593872,1.2,2329,12,2,60-13,[]
TX,549.726181267,295144.89443913,4642710.511006093,1.2,2221,8,2,50-11,"[['RX_GW', 549.933594598, 2221, 8, 2, 868.1, -125.207607893, '00:00:00:00:00:04']]"
TX,549.748952452,290803.352058565,4638131.436490784,1.2,829,12,2,194-24,[]
TX,549.772027413,288836.336093193,4645508.807278385,1.2,1097,12,2,232-5,[]
TX,550.178855877,292224.806077345,4641923.034803226,1.2,267,12,2,127-19,[]
TX,550.320973885,288895.784275843,4641547.740219779,1.2,1929,9,2,348-4,"[['RX_GW', 550.692739509, 1929, 9, 2, 868.1, -127.98824707, '00:00:00:00:00:02']]"
TX,550.414161031,293476.643819645,4644524.282217618,1.2,2300,12,2,56-26,[]
TX,550.459248316,292650.898392854,4641765.358236944,1.2,900,12,2,202-14,[]
TX,550.68886446,293607.301374243,4641912.997251575,1.2,1774,12,2,330-11,[]
TX,550.767473352,271627.90501138,4630652.392959685,1.2,1725,12,2,320-10,[]
TX,550.881982783,271802.784850387,4630730.061132545,1.2,2365,12,2,67-19,[]
TX,550.949206633,292346.357464927,4641538.991832881,1.2,1594,12,2,305-16,[]
TX,551.018034439,292642.106479235,4641767.571257248,1.2,1951,12,3,351-3,[]
TX,551.106454693,293687.718667386,4645531.114045609,1.2,1602,12,2,305-25,[]
TX,551.282222403,291973.059935153,4638578.694162207,1.2,634,12,2,163-15,[]
TX,551.354020633,290671.715606325,4642304.278641716,1.2,468,10,2,148-18,[]
TX,551.453231095,294771.439244689,4638483.857041121,1.2,615,12,2,162-18,[]
TX,551.583999375,275286.029642334,4631385.381738054,1.2,1840,12,2,336-7,[]
TX,551.587485814,295112.832162654,4642702.199131272,1.2,150,8,2,110-25,[]
TX,551.661101368,290956.422928722,4643932.435472841,1.2,166,12,2,112-2,[]
TX,551.70319136,292711.992611491,4641818.894185844,1.2,1328,12,2,261-9,[]
TX,551.860180393,289068.566258648,4642621.97880285,1.2,1934,12,2,349-13,[]
TX,552.069556682,290653.814226871,4646001.611756837,1.2,1724,12,2,318-7,[]
TX,552.258016036,293312.856358841,4644279.763521521,1.2,770,12,3,185-7,[]
TX,552.433628572,292692.814192191,4637128.332957701,1.2,629,12,2,163-10,[]
TX,552.562555722,287818.293202307,4629618.231709583,1.2,1179,12,2,241-12,[]
TX,552.742648215,290082.481030748,4642395.617072596,1.2,537,9,2,152-28,[]
TX,552.847907587,290838.743447301,4640535.951774463,1.2,1010,7,2,221-27,[]
TX,553.034454119,290114.253888082,4635350.650527846,1.2,2512,12,2,80-6,[]
TX,553.061564235,271739.487928619,4630705.765235659,1.2,1936,12,3,349-17,[]
TX,553.160615315,289715.128557902,4647164.647824185,1.2,268,12,2,127-2,[]
TX,553.230457273,291862.702032911,4642557.236246466,1.2,448,12,2,145-28,[]
TX,553.548190757,291334.255234598,4639997.388763323,1.2,1969,10,2,353-7,[]
TX,553.916969388,273657.693242887,4630686.723128827,1.2,2128,12,3,42-27,[]
TX,553.988570257,292320.797621722,4642035.480177222,1.2,1172,12,2,24-30,[]
TX,554.007834389,299471.492785216,4642656.584563749,1.2,2241,12,2,50-6,[]
TX,554.029737295,290445.198932868,4650825.858096696,1.2,701,12,2,174-7,[]
TX,554.21955725,291039.232084192,4641931.157834412,1.2,1631,9,2,309-1,"[['RX_GW', 554.591323737, 1631, 9, 2, 868.1, -128.960792131, '00:00:00:00:00:02']]"
TX,554.239623035,286742.576440068,4641335.041963947,1.2,699,12,2,174-5,[]
TX,554.269212516,292671.233260834,4643694.086099816,1.2,1814,12,2,334-18,[]
TX,554.565334627,290937.273425225,4642272.999706184,1.2,2590,10,2,88-11,[]
TX,554.717883761,290569.561650133,4643880.235854265,1.2,2439,12,2,72-19,[]
TX,554.770764746,291410.179872951,4642033.732543454,1.2,2602,10,2,91-20,[]
TX,554.871116439,291046.827177328,4641924.788742027,1.2,811,9,2,190-17,[]
TX,555.013301642,291560.512645679,4639865.079500002,1.2,2068,12,2,369-20,[]
TX,555.08651018,288046.881054586,4646161.150064898,1.2,792,12,2,187-6,[]
TX,555.113363153,291714.741702237,4642145.751266344,1.2,630,11,2,163-11,[]
TX,555.24826083,290108.76035153,4641494.828648003,1.2,1235,7,3,249-5,[]
TX,555.36237204,291065.486519779,4643410.947783128,1.2,1330,12,2,262-11,[]
TX,555.396734201,291861.766146545,4642563.555737134,1.2,1781,12,2,330-21,[]
TX,555.515680049,288324.81848695,4634905.337471486,1.2,2358,12,2,66-4,[]
TX,555.55103546,290051.343331617,4639676.297563412,1.2,1387,9,2,269-30,"[['RX_GW', 555.922801092, 1387, 9, 2, 868.1, -128.521287305, '00:00:00:00:00:02']]"
TX,555.682038922,292293.494337187,4642053.354415664,1.2,208,12,2,12-20,[]
TX,555.682636482,272836.302854676,4629745.362119916,1.2,2131,12,2,43-11,[]
TX,555.883551395,293283.495654836,4643181.30168271,1.2,1134,12,2,239-18,[]
TX,555.932998946,288390.145575128,4637032.197580886,1.2,2109,12,2,41-11,[]
TX,555.943209501,285189.078398972,4640740.734345774,1.2,604,12,3,160-21,[]
TX,556.001492498,290104.311031064,4635292.661638985,1.2,656,12,2,167-18,[]
TX,556.121163671,290398.186822947,4641401.78377881,1.2,516,7,2,151-22,"[['RX_GW', 556.236159377, 516, 7, 2, 868.1, -115.603217816, '00:00:00:00:00:02']]"
TX,556.223476374,292468.195166674,4641898.471775283,1.2,1510,12,3,29-26,[]
TX,556.231858207,273692.42492704,4630736.764930414,1.2,1829,12,2,336-17,[]
TX,556.244330924,293803.497329593,4640366.370585972,1.2,2029,12,2,363-26,[]
TX,556.319725443,292824.980280261,4642175.868484737,1.2,423,12,2,141-10,[]
TX,556.330943076,292383.447119133,4641983.083817922,1.2,344,12,2,137-20,[]
TX,556.47393169,290533.708881766,4643228.738991685,1.2,524,12,2,151-5,[]
TX,556.550221393,291515.416542832,4642443.293257019,1.2,618,12,2,162-24,[]
TX,556.656677036,295514.902305481,4645847.747528764,1.2,393,12,2,14-21,[]
TX,556.661473952,288153.817003627,4643027.861748937,1.2,2209,12,2,48-25,[]
TX,556.683421324,292891.628432988,4642213.630050639,1.2,1508,12,3,29-24,[]
TX,556.746314334,291191.220352498,4644708.981613969,1.2,451,12,2,147-10,[]
TX,556.901106758,293272.645915896,4643175.505389856,1.2,688,12,2,173-22,[]
TX,556.905523018,289800.433728457,4642532.971576017,1.2,1393,10,3,270-11,[]
TX,556.961048022,294306.338216219,4639019.655105607,1.2,2009,12,2,361-6,[]
TX,557.051412171,271767.826499433,4630721.100411446,1.2,336,12,2,137-12,[]
TX,557.226852929,294317.791800722,4641325.951110027,1.2,2577,10,2,85-14,[]
TX,557.372483452,290477.955024298,4640751.58332477,1.2,2328,7,2,60-12,[]
TX,557.429692724,291392.208458591,4642029.465682134,1.2,1036,10,2,226-12,[]
TX,557.601695101,289986.219539654,4642803.501545068,1.2,86,11,2,106-14,[]
TX,557.636101505,292530.527139143,4642927.129050506,1.2,2315,12,2,58-17,[]
TX,557.757984,290699.08355821,4637523.019353201,1.2,2578,12,3,85-27,[]
TX,557.874128763,291993.642632095,4643691.518940797,1.2,2597,12,2,91-15,[]
TX,557.951422239,291103.706410778,4642464.622271998,1.2,1416,11,2,273-4,[]
TX,558.028899029,289334.815083893,4642539.514767663,1.2,442,10,2,145-13,[]
TX,558.259792572,292537.496237566,4643127.616496902,1.2,1111,12,2,237-10,[]
TX,558.267494248,288188.410073672,4634725.813923509,1.2,134,12,3,11-20,[]
TX,558.343527322,299757.301464279,4630049.138742875,1.2,1001,12,2,220-27,[]
TX,558.582612871,290347.648876526,4641822.707172701,1.2,1832,9,2,336-20,[]
TX,558.612711694,292306.771367452,4641763.347511946,1.2,3,12,2,100-14,[]
TX,559.009508272,291021.806423381,4641932.571902564,1.2,189,9,2,115-14,[]
TX,559.095978367,291865.008015232,4642550.867511096,1.2,2232,12,2,50-25,[]
TX,559.181319606,290343.967855575,4633877.46890338,1.2,951,12,2,21-26,[]
TX,559.216940593,290847.614218691,4642253.23603291,1.2,1422,9,2,274-14,[]
TX,559.237600194,292479.250403747,4639796.535888973,1.2,2118,12,2,41-8,[]
TX,559.584936033,271644.128856849,4630656.06698351,1.2,1402,12,2,270-27,[]
TX,559.902804099,291167.7656309,4642479.574665569,1.2,367,11,3,138-27,"[['RX_GW', 561.383564233, 367, 11, 3, 868.1, -134.655810708, '00:00:00:00:00:02']]"
TX,559.987999639,271856.210920811,4630666.797617899,1.2,1296,12,2,256-29,[]
TX,559.990081408,291055.710932439,4644021.792239388,1.2,218,12,2,121-18,[]
TX,560.012598895,291925.412815172,4640744.033083402,1.2,2139,12,2,43-25,[]
TX,560.03285814,273763.438712137,4630721.824120208,1.2,1991,12,3,358-21,[]
TX,560.142051799,290899.711061932,4636960.340723664,1.2,741,12,2,182-10,[]
TX,560.156919083,291828.136415679,4642543.491390267,1.2,1862,12,3,339-22,[]
TX,560.305483756,286713.040195005,4641700.257296434,1.2,1791,12,2,332-10,[]
TX,560.361893961,295630.391617598,4645565.664400689,1.2,2187,12,2,47-16,[]
TX,560.376033532,290367.968790436,4635076.94608664,1.2,2333,12,2,60-25,[]
TX,560.578053875,273681.762276982,4630635.271322549,1.2,1921,12,3,347-28,[]
TX,560.713077122,293860.972481921,4640247.872670723,1.2,2517,12,2,81-13,[]
TX,560.732268689,294185.062382417,4647445.344910468,1.2,2254,12,2,51-2,[]
TX,560.760355618,295013.511484052,4644802.664721217,1.2,1488,12,2,287-3,[]
TX,560.918479449,285733.199907075,4633624.463593102,1.2,1624,12,2,308-22,[]
TX,561.048764545,273699.216998039,4630606.532817846,1.2,1261,12,2,254-14,[]
TX,561.139656083,271680.722880807,4630655.537940898,1.2,1999,12,2,358-8,[]
TX,561.149198299,289940.708460289,4634384.259402011,1.2,1932,12,2,349-10,[]
TX,561.205532593,273723.639986829,4630625.086858925,1.2,1279,12,3,254-6,[]
TX,561.249936238,271872.179285817,4630624.184147665,1.2,1838,12,2,336-5,[]
TX,561.304699014,292840.106562518,4641175.704751668,1.2,1485,12,2,287-26,[]
TX,561.733370325,291452.035174685,4641323.184614106,1.2,2144,10,3,43-6,"[['RX_GW', 562.392881035, 2144, 10, 3, 868.1, -130.745523009, '00:00:00:00:00:02']]"
TX,561.862086843,271659.349574287,4630723.575841083,1.2,984,12,2,215-28,[]
TX,562.06216779,289317.842012094,4639752.011993458,1.2,2057,9,2,367-9,[]
TX,562.07383559,288180.846910018,4634661.068666869,1.2,2564,12,2,84-27,[]
TX,562.168976636,286111.128052223,4646348.522980521,1.2,1394,12,2,270-12,[]
TX,562.223441564,292542.274716445,4642553.031643688,1.2,449,12,2,145-8,[]
TX,562.366976424,290372.128108556,4641404.392885098,1.2,1628,7,2,308-26,[]
TX,562.598338347,292733.937671561,4642775.56421587,1.2,1980,12,3,357-4,[]
TX,563.080907718,289566.44818815,4643317.599867352,1.2,721,12,2,181-10,[]
TX,563.287944486,286664.951678768,4641706.381875403,1.2,714,12,2,178-5,[]
TX,563.376044478,289807.212988627,4642399.322706703,1.2,533,10,2,152-14,[]
TX,563.395533402,291865.174910059,4642558.690258023,1.2,700,12,2,174-6,[]
TX,563.686972083,288188.169016285,4643891.166326125,1.2,1013,12,2,221-9,[]
TX,563.728233316,290181.700599517,4635340.996069544,1.2,2510,12,2,80-18,[]
TX,563.802331261,292436.182546046,4641741.898002229,1.2,1127,12,3,238-27,[]
TX,563.835982477,276715.710164404,4627238.343338184,1.2,1918,12,2,347-24,[]
TX,563.90084726,291552.894822837,4641294.536160986,1.2,2423,10,2,71-29,[]
TX,563.995141359,294958.726669052,4645014.314775124,1.2,948,12,2,21-14,[]
TX,564.010751998,290448.696940547,4643684.172202283,1.2,1882,12,3,340-22,[]
TX,564.068318733,302111.906902023,4640255.538109937,1.2,1436,12,3,275-19,[]
TX,564.087365421,291039.001452937,4633471.309344843,1.2,1525,12,2,291-3,[]
TX,564.137530528,291661.3114543,4642124.982242178,1.2,113,12,2,109-17,[]
TX,564.304667224,291206.429175007,4641294.643049882,1.2,674,8,2,171-24,[]
TX,564.444912165,291933.266014917,4642584.239821324,1.2,2040,12,2,367-14,[]
TX,564.469868671,290421.355853742,4641817.123440345,1.2,1335,9,2,262-27,[]
TX,564.711698642,273719.848919413,4630618.184101486,1.2,1732,12,2,320-8,[]
TX,564.730733635,290102.276189743,4640908.710419141,1.2,526,7,2,151-7,[]
TX,564.739257956,290487.789663939,4639927.769945591,1.2,595,7,3,159-21,[]
TX,564.854012234,290658.593275995,4642706.480049536,1.2,742,10,2,182-11,[]
TX,565.235809233,294372.573081232,4643080.411410903,1.2,1087,12,2,231-6,[]
TX,565.289185415,293680.542554896,4639688.724689154,1.2,2280,12,2,55-18,[]
TX,565.746720703,294222.122988074,4641975.973227849,1.2,2623,9,2,93-28,[]
TX,565.882351168,273680.082730358,4630700.114119579,1.2,1542,12,2,294-14,[]
TX,565.884763656,291112.453636715,4644082.438547405,1.2,583,12,3,158-24,[]
TX,565.914450581,289175.515975571,4642812.129820241,1.2,1486,12,2,287-27,[]
TX,566.199322024,289802.542584445,4643226.793693474,1.2,259,12,2,125-28,[]
TX,566.340611336,291375.824645667,4641437.300060933,1.2,1529,10,3,293-17,[]
TX,566.423087636,292330.726237408,4642060.540321639,1.2,896,12,2,202-10,[]
TX,566.481855701,292329.503435718,4642042.656182659,1.2,802,12,2,19-1,[]
TX,566.690064712,291017.036360817,4644028.93124109,1.2,63,12,2,103-6,[]
TX,566.816272437,290211.3125494,4642596.218331695,1.2,172,10,2,112-4,[]
TX,566.99831182,292392.090197856,4637339.424930939,1.2,996,12,2,22-28,[]
TX,567.207150415,287459.09548824,4641225.783029303,1.2,272,12,2,127-4,[]
TX,567.222122587,289967.393784673,4634422.359040432,1.2,1660,12,2,31-27,[]
TX,567.238035813,290258.190525099,4634988.133049849,1.2,2427,12,2,71-5,[]
TX,567.305231366,293152.842206002,4644427.793901096,1.2,2627,12,2,93-4,[]
TX,567.316560872,286684.512874172,4641704.916712153,1.2,2104,12,2,40-25,[]
TX,567.448029537,292848.806318746,4641941.539926704,1.2,1108,12,2,234-21,[]
TX,567.527362721,285770.318879269,4634336.956610038,1.2,1619,12,2,308-10,[]
TX,567.571483592,291292.947826019,4641405.845833474,1.2,204,9,2,12-1,[]
TX,567.587115797,291025.838966976,4644010.101313983,1.2,165,12,2,112-19,[]
TX,567.609528253,292336.855863677,4642317.753719053,1.2,2237,12,2,50-3,[]
TX,567.622547118,292341.321288191,4644073.446425396,1.2,1851,12,2,338-3,[]
TX,567.64186277,288951.036565313,4642739.262740689,1.2,1710,11,2,317-5,[]
TX,567.645865803,285619.15283349,4641250.221322502,1.2,2072,12,2,371-19,[]
TX,567.704852927,290669.580686704,4641295.873940215,1.2,1205,7,2,245-12,[]
TX,567.740657301,273700.54329032,4630623.35611821,1.2,1550,12,2,298-19,[]
TX,567.791936169,290230.58473993,4635022.606796553,1.2,522,12,3,151-3,[]
TX,567.813788423,291771.677415733,4642633.039456786,1.2,230,12,2,124-1,[]
TX,567.845826587,292510.142124381,4638492.293106032,1.2,1676,12,2,310-29,[]
TX,567.862709222,286848.450188937,4634322.199131374,1.2,1029,12,2,223-26,[]
TX,567.953560812,271613.476114873,4630635.500288714,1.2,2519,12,2,81-24,[]
TX,568.082843021,291044.493653199,4644013.086809104,1.2,740,12,2,181-9,[]
TX,568.130913157,292677.483900698,4642815.996139378,1.2,2287,12,3,55-6,[]
TX,568.184231211,292720.66729358,4641835.531037685,1.2,87,12,2,106-23,[]
TX,568.208719348,291745.054525043,4642400.040035611,1.2,708,12,2,176-28,[]
TX,568.238231639,291870.073190119,4644212.717540707,1.2,2036,12,2,367-10,[]
TX,568.329366322,287981.390422421,4638938.590869311,1.2,1214,12,2,246-12,[]
TX,568.569497592,290822.882405726,4635540.994912203,1.2,2589,12,3,87-28,[]
TX,568.586587843,291935.362474539,4642578.686019779,1.2,2672,12,3,97-6,[]
TX,568.599639588,291959.522041505,4642591.005046729,1.2,2659,12,2,97-19,[]
TX,568.636851322,290069.417322273,4642512.424392519,1.2,474,10,3,148-24,[]
TX,568.749044024,291672.582964766,4642221.113891699,1.2,2583,12,2,87-13,[]
TX,568.778075543,294136.869341818,4647413.348914123,1.2,2420,12,2,71-26,[]
TX,568.803477871,291225.434904522,4642271.076907793,1.2,1562,11,2,3-24,[]
TX,568.85519598,292726.32475506,4642085.90429219,1.2,226,12,3,121-5,[]
TX,569.104255259,290136.884786413,4640089.234483825,1.2,1417,7,2,273-5,[]
TX,569.145695111,292324.90139106,4642038.030717293,1.2,2024,12,2,363-19,[]
TX,569.175218572,289978.447368047,4637836.604524151,1.2,2545,12,2,83-21,[]
TX,569.188693013,295631.317171023,4645557.558293136,1.2,2194,12,2,47-26,[]
TX,569.247214372,287551.307278347,4641987.488499622,1.2,1425,12,2,274-20,[]
TX,569.394640896,292778.947535096,4642158.515279563,1.2,1410,12,2,273-17,[]
TX,569.403895904,289682.298844357,4642646.19116748,1.2,2083,11,2,372-24,[]
TX,569.548107144,290569.89275744,4645917.57815875,1.2,691,12,3,173-26,[]
TX,569.636284759,294139.432829795,4647412.025870535,1.2,99,12,3,107-23,[]
TX,569.732983995,273265.389826258,4630023.599381051,1.2,707,12,2,176-27,[]
TX,569.7701604,290885.46498767,4638637.783695533,1.2,1630,12,2,308-28,[]
TX,569.786066696,273703.307326419,4630630.029980503,1.2,194,12,2,115-28,[]
TX,569.793552926,295825.661079951,4639315.299872881,1.2,2025,12,3,363-2,[]
TX,569.858186402,292574.577100746,4643834.501883098,1.2,726,12,2,181-18,[]
TX,570.271713709,290220.652328529,4644200.578046036,1.2,1144,12,2,239-3,[]
TX,570.325244652,292978.549561661,4640983.939549777,1.2,1408,12,2,270-8,[]
TX,570.352734248,290925.845331634,4644873.084099497,1.2,1689,12,2,311-5,[]
TX,570.429603596,291941.299772523,4642893.769779093,1.2,550,12,3,153-5,[]
TX,570.452854591,292261.459475696,4637889.727120569,1.2,2326,12,2,59-20,[]
TX,570.475705072,292319.119909685,4642934.388380413,1.2,521,12,2,151-28,[]
TX,570.545768725,291502.248806439,4643027.353455199,1.2,1648,12,2,31-13,[]
TX,570.6308337,292706.707787557,4641792.891050081,1.2,1669,12,3,310-1,[]
TX,570.647477064,284461.475704536,4632952.758469868,1.2,1166,12,2,24-25,[]
TX,570.668905351,273716.457059107,4630635.460547217,1.2,2369,12,2,67-4,[]
TX,570.742951693,299748.913773785,4630058.148003944,1.2,1198,12,2,244-24,[]
TX,570.823398513,290819.686078724,4638210.900565064,1.2,195,12,2,119-10,[]
TX,570.831115899,273728.448356678,4630484.944819834,1.2,170,12,2,112-3,[]
TX,571.092309999,292724.719891095,4642077.720569198,1.2,2382,12,3,68-7,[]
TX,571.192453725,273751.836286491,4630712.405557586,1.2,1988,12,2,358-18,[]
TX,571.273007414,292650.580678238,4641114.414734577,1.2,639,12,2,163-21,[]
TX,571.334470563,290732.757984074,4642908.193987131,1.2,810,11,2,190-16,"[['RX_GW', 572.815231231, 810, 11, 2, 868.1, -134.34356302, '00:00:00:00:00:02']]"
TX,571.54386252,290107.293669749,4635308.186800531,1.2,1398,12,2,270-19,[]
TX,571.675629275,290291.61259027,4642338.834298043,1.2,110,10,3,109-14,[]
TX,571.793303626,271892.239013218,4630087.359045682,1.2,946,12,2,21-12,[]
TX,571.836492382,293167.200533778,4643587.564606045,1.2,289,12,2,128-7,[]
TX,571.917662985,273678.948047398,4630798.285439403,1.2,1836,12,2,336-30,[]
TX,571.947877269,298932.91934506,4640416.801868637,1.2,523,12,2,151-4,[]
TX,572.5380969,289325.22624839,4648358.358388821,1.2,229,12,3,122-19,[]
TX,572.559865287,294147.380209819,4647417.567474076,1.2,94,12,2,107-11,[]
TX,572.57860111,291678.25157586,4642103.96389489,1.2,1612,11,2,306-18,[]
TX,572.841026413,290687.694179761,4641288.791247927,1.2,762,7,2,185-18,"[['RX_GW', 572.956022664, 762, 7, 2, 868.1, -121.727766586, '00:00:00:00:00:02']]"
TX,572.984190095,290706.248151002,4641291.673878678,1.2,1671,7,2,310-18,"[['RX_GW', 573.099186405, 1671, 7, 2, 868.1, -122.125419925, '00:00:00:00:00:02']]"
TX,573.113618429,298108.147526131,4640971.295064789,1.2,799,12,2,188-5,[]
TX,573.236131291,291678.027706798,4642109.369405817,1.2,2336,11,3,61-18,[]
TX,573.357731463,293127.070587498,4642641.855933779,1.2,2175,12,2,46-20,[]
TX,573.370440617,290225.304868255,4637734.342821136,1.2,1792,12,2,332-11,[]
TX,573.401003636,290385.448462268,4643405.207857302,1.2,419,12,2,140-3,[]
TX,573.961080896,292095.878402438,4640707.04494465,1.2,2161,12,3,45-29,[]
TX,573.978755797,292337.125833604,4637417.177118614,1.2,2462,12,2,75-20,[]
TX,573.991105758,294185.396368455,4641876.789983455,1.2,1679,10,2,310-4,[]
TX,574.196609772,287630.850772811,4634320.002857932,1.2,718,12,2,179-21,[]
TX,574.212113035,292350.096457134,4637514.273624667,1.2,685,12,3,172-5,[]
TX,574.321071741,290191.456564382,4635351.913907377,1.2,377,12,2,139-11,[]
TX,574.512305785,290067.444830983,4639995.771773877,1.2,1621,7,2,308-12,[]
TX,574.548496962,291067.99757436,4644057.614670533,1.2,1302,12,2,259-18,[]
TX,574.595816191,295963.567894278,4641273.931572929,1.2,2196,7,2,47-29,[]
TX,574.763156286,299080.499215176,4636049.557746684,1.2,2327,12,2,59-5,[]
TX,574.831720824,289770.936777436,4643208.762295745,1.2,620,12,3,162-27,[]
TX,574.927675688,290190.993776251,4643841.512939837,1.2,658,12,2,167-20,[]
TX,574.962048003,290141.15003317,4635321.539399386,1.2,909,12,2,203-12,[]
TX,574.986134928,290964.034620526,4642005.846232751,1.2,2132,10,3,43-13,[]
TX,575.033924385,290512.082537611,4641373.3185544,1.2,287,7,2,128-5,[]
TX,575.258562416,287786.368265961,4645632.926503273,1.2,2085,12,2,372-27,[]
TX,575.392517841,289311.404310082,4639769.791685618,1.2,1230,9,2,248-7,[]
TX,575.406314924,295128.341764039,4642737.473558236,1.2,107,8,2,109-11,[]
TX,575.413308927,294185.158799232,4646814.295109658,1.2,2246,12,2,51-12,[]
TX,575.537284118,292812.15981579,4642787.116804078,1.2,572,12,2,157-3,[]
TX,575.659280377,291850.306479016,4642558.975834552,1.2,490,12,3,149-2,[]
TX,575.97251343,292353.829632026,4642007.872507814,1.2,2162,12,2,45-3,[]
TX,576.169970973,292320.915933241,4642043.703772504,1.2,2019,12,2,363-12,[]
TX,576.334425715,298201.870530434,4638192.940742982,1.2,1582,12,2,304-17,[]
TX,576.380879266,291931.672144838,4642598.818566598,1.2,2483,12,2,76-26,[]
TX,576.694812082,289494.594733602,4642587.260759798,1.2,576,12,2,157-7,[]
TX,576.768122443,299783.790341922,4645115.829098676,1.2,237,12,3,124-19,[]
TX,576.870407114,292215.785172379,4642677.975807929,1.2,135,12,2,11-21,[]
TX,576.950761625,286099.431730727,4638587.161468985,1.2,37,12,2,101-4,[]
TX,577.006266366,289829.093809093,4643468.479555828,1.2,1092,12,2,232-18,[]
TX,577.054225305,290103.456446372,4634605.907536952,1.2,124,12,3,109-29,[]
TX,577.142713226,290109.229812364,4642421.848792242,1.2,1645,9,3,31-10,[]
TX,577.239831602,292165.589365524,4639446.421716147,1.2,1780,12,2,330-20,[]
TX,577.241580959,274690.637105045,4630951.763575718,1.2,488,12,2,149-16,[]
TX,577.626081191,292799.779927954,4640065.97822947,1.2,1405,12,2,270-4,[]
TX,577.707368126,292443.92056885,4644369.457333065,1.2,1709,12,3,317-4,[]
TX,577.715502437,291248.547205732,4642265.767520845,1.2,1040,11,3,226-18,[]
TX,577.97023432,293721.047749279,4645344.252134157,1.2,40,12,3,101-7,[]
TX,578.019996623,292359.448552639,4644009.667062416,1.2,933,12,2,206-25,[]
TX,578.058158061,289865.898410486,4643031.559717918,1.2,760,12,2,184-26,[]
TX,578.181952923,292516.093337672,4643037.979153335,1.2,1590,12,3,305-12,[]
TX,578.233642969,294612.470761151,4642609.856260434,1.2,2243,10,2,51-1,"[['RX_GW', 578.893153214, 2243, 10, 2, 868.1, -130.193956092, '00:00:00:00:00:04']]"
TX,578.27194417,292269.177052892,4641976.13770522,1.2,2,12,3,100-13,[]
TX,578.309010783,299603.405869787,4627195.152683965,1.2,964,12,3,214-17,[]
TX,578.406064017,273706.947433132,4630648.434187074,1.2,1196,12,3,244-22,[]
TX,578.707665572,291903.662635011,4645086.254149745,1.2,2603,12,2,91-21,[]
TX,579.241560769,290684.667773638,4641302.651978428,1.2,1588,7,2,305-10,[]
TX,579.272708367,291374.116553005,4638524.706229335,1.2,2540,12,2,83-1,[]
TX,579.333004043,291871.209603954,4642560.536999643,1.2,2525,12,2,82-14,[]
TX,579.832134929,291816.258561272,4642563.007537214,1.2,1731,12,3,320-28,[]
TX,579.863046266,299732.495633528,4630059.164875484,1.2,1548,12,2,298-17,[]
TX,579.957060156,285487.692694191,4642602.376330075,1.2,1045,12,2,226-23,[]
TX,579.983375793,290782.728655744,4637969.870876603,1.2,1164,12,3,24-21,[]
TX,580.107670776,294383.610979352,4643077.912918823,1.2,1135,12,2,239-19,[]
TX,580.192845135,291877.66972294,4642562.807089668,1.2,119,12,2,109-24,[]
TX,580.270678997,291839.795222679,4642557.111085404,1.2,1887,12,3,340-28,[]
TX,580.273982081,286705.91347601,4641701.319159406,1.2,962,12,3,211-28,[]
TX,580.400507656,292436.473434082,4642584.892610177,1.2,310,12,2,130-21,[]
TX,580.508160713,292659.9581707,4643060.682281097,1.2,290,12,3,129-10,[]
TX,580.557444563,303467.181319507,4636210.710656226,1.2,2571,12,2,84-6,[]
TX,580.998925886,287753.878937213,4645630.998357358,1.2,1327,12,2,261-8,[]
TX,581.052378585,291112.829863948,4643017.931116255,1.2,111,12,2,109-15,[]
TX,581.083328482,295117.182756347,4642679.171694735,1.2,1444,8,2,275-7,[]
TX,581.106121442,289217.046218013,4642070.096640932,1.2,1371,9,2,268-3,[]
TX,581.123892117,289874.219749613,4635513.104666184,1.2,160,12,2,111-27,[]
TX,581.179831229,290712.371513136,4641308.572968578,1.2,151,7,2,110-26,[]
TX,581.268145094,279367.414801646,4632546.78937465,1.2,262,12,3,126-26,[]
TX,581.395321074,291661.83411837,4639981.178779857,1.2,753,11,3,182-6,[]
TX,581.44751535,292803.592321938,4641993.979088326,1.2,1090,12,2,231-9,[]
TX,581.725901284,290092.527235607,4641534.467996841,1.2,2576,7,2,85-13,[]
TX,581.945552076,292194.305911875,4643435.592170105,1.2,566,12,2,155-7,[]
TX,582.002980663,288984.865867429,4635017.091643404,1.2,861,12,2,198-22,[]
TX,582.097724624,289230.893043714,4642398.806506518,1.2,2372,12,2,68-17,[]
TX,582.207168852,294395.734294419,4643082.77456596,1.2,1088,12,3,231-7,[]
TX,582.285514653,292058.585684613,4643003.362991067,1.2,1890,12,2,340-6,[]
TX,582.298073019,273649.234020756,4630690.818662133,1.2,1377,12,2,269-15,[]
TX,582.619529943,291660.0290731,4639992.757814512,1.2,1038,11,2,226-14,[]
TX,582.870754061,291878.074448749,4642560.224246698,1.2,2103,12,3,40-24,[]
TX,582.910231301,291125.483665525,4641207.751802623,1.2,1574,8,2,301-24,[]
TX,583.058246532,291240.981982609,4641298.748961911,1.2,1610,9,3,306-16,[]
TX,583.123114768,291399.726649394,4641372.626454098,1.2,856,9,2,198-10,[]
TX,583.523915146,293771.897350975,4640470.00102832,1.2,973,12,2,214-6,[]
TX,583.746344347,286706.798161137,4645137.531902636,1.2,1358,12,2,267-10,[]
TX,583.97273132,291907.782987988,4642352.197098169,1.2,1142,12,3,239-27,[]
TX,583.980811051,292424.173704005,4641556.015558057,1.2,1575,12,3,301-25,[]
TX,584.127178346,291558.191647997,4640956.383239446,1.2,1210,11,2,245-26,[]
TX,584.514290206,295116.054336964,4642704.63251738,1.2,2503,8,3,8-21,[]
TX,584.595882399,291054.438724292,4642397.016548263,1.2,1608,10,2,305-7,[]
TX,584.639290577,287456.371383652,4641216.416315858,1.2,2416,12,3,71-20,[]
TX,584.641379663,288019.341320928,4639267.323819211,1.2,147,12,3,110-22,[]
TX,584.75564227,296732.375106323,4646483.314347978,1.2,1000,12,2,220-26,[]
TX,584.800970822,291941.906252816,4642585.643986789,1.2,813,12,2,190-19,[]
TX,584.857446311,291467.896809672,4642059.893417392,1.2,41,12,2,102-1,[]
TX,585.000805601,292709.067814898,4643574.027775738,1.2,694,12,2,174-18,[]
TX,585.119613971,272551.506020536,4629957.008604763,1.2,2362,12,3,67-15,[]
TX,585.224153,290696.354487336,4641293.755669124,1.2,2338,7,3,61-20,[]
TX,585.30191898,295082.030982499,4642852.413105153,1.2,477,8,2,148-27,[]
TX,585.405342014,292322.450960077,4642043.959306069,1.2,652,12,2,166-9,[]
TX,585.496704825,278080.010949443,4632434.748398448,1.2,1992,12,2,358-23,[]
TX,585.599623645,293705.125589094,4645354.721138154,1.2,2619,12,3,93-21,[]
TX,585.770980851,286005.488720791,4631508.329927101,1.2,2135,12,3,43-18,[]
TX,585.778201705,290975.210504228,4641177.964166182,1.2,1060,8,3,229-18,[]
TX,585.844634991,290061.366554989,4642391.95548017,1.2,52,9,3,102-7,[]
TX,586.11252109,290945.625764117,4639039.611178605,1.2,1516,10,3,290-19,[]
TX,586.113284966,289303.731567821,4639770.79776316,1.2,1430,9,3,274-6,[]
TX,586.23067444,290248.367081266,4641979.09384594,1.2,744,7,3,182-18,[]
TX,586.305459071,291133.127780342,4641389.248486261,1.2,606,8,3,160-4,[]
TX,586.368057047,289020.670356221,4641916.043336374,1.2,55,8,2,103-19,[]
TX,586.376556381,290413.523568194,4647316.291520348,1.2,1899,12,3,341-4,[]
TX,586.604361768,290816.180564356,4641856.649059979,1.2,482,8,2,148-6,"[['RX_GW', 586.811775545, 482, 8, 2, 868.1, -124.619074554, '00:00:00:00:00:02']]"
TX,586.84101312,290702.308147512,4641284.58087922,1.2,1207,7,2,245-14,"[['RX_GW', 586.956009408, 1207, 7, 2, 868.1, -116.556199615, '00:00:00:00:00:02']]"
TX,587.180855249,291023.772031421,4644014.338792885,1.2,894,12,2,201-26,[]
TX,587.386327406,290207.485031902,4635365.933720699,1.2,202,12,2,119-25,[]
TX,587.414853388,293099.733850461,4642992.300526717,1.2,2266,12,3,51-7,[]
TX,587.489592086,289531.284918275,4641787.096012303,1.2,1592,7,3,305-14,"[['RX_GW', 587.604588822, 1592, 7, 3, 868.1, -120.134583555, '00:00:00:00:00:02']]"
TX,587.585514708,292926.367604434,4640350.501353963,1.2,1552,12,2,298-21,[]
TX,587.79582224,284759.974611393,4642892.284740843,1.2,2012,12,2,362-18,[]
TX,587.842491171,299773.597724988,4630306.385227741,1.2,298,12,2,129-26,[]
TX,587.928391436,286400.929879887,4640757.879043016,1.2,1276,12,2,254-30,[]
TX,588.181662619,292741.139059083,4641363.783567293,1.2,2368,12,2,67-30,[]
TX,588.196083192,290073.947939603,4642393.368998274,1.2,2558,9,3,84-2,"[['RX_GW', 588.567849668, 2558, 9, 3, 868.1, -128.200791046, '00:00:00:00:00:02']]"
TX,588.226746431,294600.248808172,4647689.479220985,1.2,96,12,2,107-13,[]
TX,588.242888798,292301.480951161,4642051.729864874,1.2,1702,12,2,317-15,[]
TX,588.31988806,291999.592732335,4643707.794119482,1.2,2011,12,2,362-17,[]
TX,588.444099299,292528.114169133,4642928.880178733,1.2,27,12,2,101-19,[]
TX,588.912419791,271913.567806667,4630606.546792694,1.2,2561,12,2,84-24,[]
TX,588.98274907,290685.41867492,4641310.405682793,1.2,2166,7,2,45-6,"[['RX_GW', 589.097745348, 2166, 7, 2, 868.1, -121.910321614, '00:00:00:00:00:02']]"
TX,588.984328491,292312.341964596,4642039.138397713,1.2,2033,12,3,363-30,[]
TX,589.021227318,287896.375828865,4644003.867675413,1.2,100,12,2,107-24,[]
TX,589.049955161,290577.48358856,4635653.751428412,1.2,1373,12,2,268-5,[]
TX,589.475043253,292738.045626498,4641849.393535276,1.2,1071,12,2,231-11,[]
TX,589.681007406,292324.962378389,4642050.917290702,1.2,1140,12,3,239-25,[]
TX,589.773624319,291483.116613729,4642500.106154321,1.2,57,11,2,103-21,"[['RX_GW', 591.254385193, 57, 11, 2, 868.1, -133.551027675, '00:00:00:00:00:02']]"
TX,590.182374335,289736.565897995,4643216.32901698,1.2,33,12,3,101-26,[]
TX,590.252736959,285651.735852373,4633425.91113111,1.2,1834,12,2,336-29,[]
TX,590.260978935,295402.612256771,4640746.555895737,1.2,769,7,3,185-6,"[['RX_GW', 590.37597578, 769, 7, 3, 868.1, -122.546013514, '00:00:00:00:00:04']]"
TX,590.40553767,290418.509155262,4643858.938950278,1.2,2172,12,3,46-18,[]
TX,590.465757113,289568.299866619,4642426.84011672,1.2,1275,9,3,254-3,[]
TX,590.548280451,293205.855589512,4644054.519054173,1.2,1056,12,3,226-8,[]
TX,590.590699349,292258.288008913,4637844.893842786,1.2,793,12,2,187-7,[]
TX,590.667266898,302763.730367906,4644991.788485042,1.2,2536,12,2,82-6,[]
TX,590.963233028,287414.79703476,4641209.366651923,1.2,2164,12,2,45-4,[]
TX,591.278365702,291976.084515351,4642336.617867408,1.2,2247,12,2,51-13,[]
TX,591.580868591,294868.929295149,4640630.030292937,1.2,1475,10,3,287-14,"[['RX_GW', 592.240378655, 1475, 10, 3, 868.1, -130.96160603, '00:00:00:00:00:04']]"
TX,591.600738134,289923.19276653,4647685.754185015,1.2,722,12,3,181-11,[]
TX,591.613544154,290855.516806533,4641186.526755909,1.2,2000,8,3,359-1,[]
TX,591.664093629,292476.271650475,4641805.418466029,1.2,2026,12,2,363-20,[]
TX,591.794006094,292573.221509169,4641281.413416873,1.2,6,12,3,100-24,[]
TX,591.871516778,291838.774603905,4642559.716703548,1.2,1881,12,2,340-18,[]
TX,591.91279941,291387.381767268,4642032.3176282,1.2,2101,10,3,40-13,[]
TX,591.918715939,291164.60139347,4636208.125726482,1.2,795,12,2,188-20,[]
TX,591.921102018,292718.764494194,4641710.056492003,1.2,2117,12,2,41-28,[]
TX,591.942447086,292511.852899558,4641922.854078362,1.2,106,12,3,109-10,[]
TX,592.060262019,287734.78101915,4634382.658863845,1.2,1515,12,2,290-18,[]
TX,592.209289108,288190.310382417,4643916.843466783,1.2,1007,12,2,221-22,[]
TX,592.374301886,291839.12373201,4642555.52838032,1.2,548,12,3,153-30,[]
TX,592.482399905,290626.581099949,4633552.50889177,1.2,2316,12,2,58-18,[]
TX,592.707550788,292347.788031839,4641969.652881377,1.2,2555,12,3,84-17,[]
TX,592.798034599,291034.95924823,4640553.092461742,1.2,636,7,3,163-18,[]
TX,592.828792293,290360.799233255,4641792.774046608,1.2,1043,9,3,226-21,[]
TX,592.930034473,290744.750006793,4642885.314343312,1.2,2481,11,2,76-24,[]
TX,593.004690672,296452.332414969,4652930.890177636,1.2,2670,12,3,97-4,[]
TX,593.104487697,292522.987406052,4642916.241876826,1.2,1778,12,2,330-18,[]
TX,593.325475571,291031.493378152,4641557.80032961,1.2,748,10,3,182-23,[]
TX,593.388748977,288638.026527834,4648743.140378453,1.2,1704,12,3,317-17,[]
TX,593.48077621,289683.490057921,4638753.764029864,1.2,2541,12,2,83-17,[]
TX,593.494264553,292015.06199703,4642614.28159885,1.2,664,12,2,167-7,[]
TX,593.592581765,289944.534892848,4641598.915588505,1.2,826,7,2,194-14,[]
TX,593.71416725,283981.911863105,4640190.453070606,1.2,1114,12,3,237-13,[]
TX,593.728322134,293011.086944733,4643295.956793195,1.2,2476,12,3,76-12,[]
TX,593.728724225,291236.051377373,4639778.220938946,1.2,1906,11,2,344-21,[]
TX,593.740724253,292326.958976351,4642037.41496226,1.2,1390,12,3,269-6,[]
TX,593.874176132,290391.327803897,4642322.251487793,1.2,884,9,2,200-27,[]
TX,593.896321636,288506.85209259,4642467.125954472,1.2,817,12,3,190-3,[]
TX,594.097233738,287910.16299588,4644001.037347879,1.2,1068,12,2,229-6,[]
TX,594.120207069,290985.038132818,4641982.927996464,1.2,35,10,2,101-29,"[['RX_GW', 594.779717558, 35, 10, 2, 868.1, -130.602974548, '00:00:00:00:00:02']]"
TX,594.134643923,292002.228662551,4642608.528385011,1.2,2055,12,3,367-7,[]
TX,594.49466853,300792.774000638,4645752.846426605,1.2,2411,12,2,71-16,[]
TX,594.498318875,291973.648765777,4643694.69100221,1.2,236,12,2,124-18,[]
TX,594.506055374,290313.357109872,4643360.485139004,1.2,2059,12,2,368-19,[]
TX,594.927148089,291716.566635561,4642133.93123577,1.2,1771,11,2,326-6,"[['RX_GW', 596.407908763, 1771, 11, 2, 868.1, -134.277237805, '00:00:00:00:00:02']]"
TX,595.054892209,292665.996646053,4641792.368961044,1.2,950,12,3,21-25,[]
TX,595.270318592,292482.93250429,4640622.83450378,1.2,91,12,2,106-27,[]
TX,595.357099968,292338.593378739,4642018.045230922,1.2,15,12,3,100-7,[]
TX,595.427059138,291048.01632492,4632414.549560592,1.2,372,12,3,138-6,[]
TX,595.453240279,299571.683155369,4630025.578779533,1.2,1716,12,3,318-18,[]
TX,595.62714562,292151.779436153,4642933.278020103,1.2,1195,12,3,244-14,[]
TX,595.743445882,287721.789399079,4645800.30303015,1.2,1359,12,2,267-11,[]
TX,595.80084304,292201.769055062,4637928.865721186,1.2,420,12,2,140-5,[]
TX,596.018308714,291825.972817741,4642550.158449661,1.2,234,12,2,124-15,[]
TX,596.066734905,293255.674931495,4642009.724348934,1.2,584,12,2,158-25,[]
TX,596.179031154,291846.654192692,4642561.041535383,1.2,2655,12,2,97-13,[]
TX,596.318016124,286631.498913395,4641118.350627655,1.2,587,12,3,158-8,[]
TX,596.325362466,291924.176253731,4642598.468997302,1.2,783,12,3,186-9,[]
TX,596.52001109,291067.677087015,4644055.835251662,1.2,2624,12,2,93-29,[]
TX,596.523284936,291927.504640122,4642579.118842689,1.2,383,12,2,139-25,[]
TX,596.527611507,288016.604658839,4638857.754158207,1.2,80,12,2,105-3,[]
TX,596.741038395,290613.522404404,4635617.525390336,1.2,2142,12,3,43-4,[]
TX,597.093375439,289200.871446412,4642064.12597247,1.2,1118,9,3,237-26,[]
TX,597.116752996,291699.385048592,4640130.173939818,1.2,1560,12,3,3-13,[]
TX,597.40772471,290982.648998418,4640892.015991116,1.2,273,7,3,127-5,[]
TX,597.433879253,299689.52904602,4641883.480802632,1.2,2666,12,2,97-26,[]
TX,597.448519435,273765.962552724,4630701.557287386,1.2,1987,12,2,358-17,[]
TX,597.485259874,292247.909753234,4636719.898507668,1.2,1455,12,2,28-27,[]
TX,597.487418201,292323.890061635,4642051.163309513,1.2,1149,12,2,239-8,[]
TX,597.836297226,288008.420542286,4641751.04431444,1.2,1100,12,3,233-10,[]
TX,597.84703996,294330.824107766,4649351.516566634,1.2,2294,12,2,56-17,[]
TX,597.982787397,289608.69051659,4642363.953411412,1.2,1754,10,2,324-10,[]
TX,598.143322518,286960.326636007,4642109.088393798,1.2,2217,12,3,49-8,[]
TX,598.155059343,293833.93040567,4643302.01679432,1.2,1439,12,3,275-21,[]
TX,598.252702574,291185.528195353,4641328.095126044,1.2,1656,8,2,31-20,[]
TX,598.365324722,290345.669799463,4640372.974018561,1.2,1048,7,2,226-26,[]
TX,598.577469201,287688.782810441,4639483.734952039,1.2,269,12,2,127-20,[]
TX,598.583894087,292220.177590688,4641918.155603468,1.2,1283,12,2,256-11,[]
TX,598.620175771,291056.583008596,4641691.455997802,1.2,47,9,3,102-21,[]
TX,598.634430699,291700.26527418,4642146.498083368,1.2,1152,11,3,24-10,[]
TX,598.67669305,289941.63899074,4643418.408829897,1.2,209,12,3,12-21,[]
TX,598.777878281,291151.635982876,4636174.49058848,1.2,749,12,2,182-24,[]
TX,599.063393848,271672.466814696,4630654.301867588,1.2,1383,12,3,269-20,[]
TX,599.064102658,292310.362917551,4642048.867930814,1.2,1941,12,3,349-23,[]
TX,599.084932404,290435.163678451,4642831.376018763,1.2,2373,12,2,68-18,[]
TX,599.164457616,289318.419346469,4639758.807169178,1.2,446,9,2,145-26,[]
TX,599.232004335,289617.887174632,4642241.351815827,1.2,534,9,3,152-25,[]
TX,599.397146865,285742.936551536,4633903.797057114,1.2,2130,12,2,43-10,[]
TX,599.447478293,289066.985729917,4641813.317016521,1.2,2208,9,3,48-24,[]
TX,599.514214613,292138.729285137,4642146.941996749,1.2,764,12,2,185-20,[]
TX,599.56585102,293451.650838648,4642748.110250816,1.2,70,11,2,104-3,"[['RX_GW', 601.046612807, 70, 11, 2, 868.1, -134.469007491, '00:00:00:00:00:04']]"
TX,599.853654187,291851.127022899,4642558.715298149,1.2,53,12,2,103-1,[]
TX,599.975716057,288729.22054618,4635191.503758008,1.2,2446,12,2,72-29,[]
TX,600.019116302,289633.680432069,4646720.409013393,1.2,2345,12,3,61-6,[]
TX,600.087345062,289227.822145078,4642378.059880491,1.2,1324,10,2,261-26,"[['RX_GW', 600.746856043, 1324, 10, 2, 868.1, -131.039801559, '00:00:00:00:00:02']]"
TX,600.235062333,290439.360076018,4642869.175707265,1.2,1348,12,3,264-7,[]
TX,600.244300132,292565.348530827,4642912.13107679,1.2,28,12,3,101-2,[]
TX,600.313880917,299772.500123421,4630312.182532609,1.2,968,12,3,214-20,[]
TX,600.370594372,289316.101259042,4639756.424452827,1.2,1898,9,2,341-3,[]
TX,600.372353381,273858.748185822,4631211.438736222,1.2,1403,12,2,270-28,[]
TX,600.45385505,282586.42906977,4639675.718357222,1.2,2115,12,2,41-26,[]
TX,600.466013261,290980.630328386,4644331.060821333,1.2,1022,12,2,223-12,[]
TX,600.616997392,289194.466264063,4642510.705509463,1.2,1825,10,2,335-16,[]
TX,600.625880391,296755.632078405,4646471.827638012,1.2,1507,12,3,29-14,[]
TX,600.704682707,292750.878238619,4642104.155560019,1.2,2233,12,3,50-26,[]
TX,600.715887043,291980.881112564,4643717.272555678,1.2,862,12,3,198-23,[]
TX,600.773485691,290801.366468401,4643808.954227557,1.2,1675,12,2,310-21,[]
TX,600.852539673,288935.434966375,4635965.530541196,1.2,2440,12,2,72-20,[]
TX,601.072240863,295156.824618154,4642695.842011545,1.2,253,8,3,125-13,"[['RX_GW', 601.279654132, 253, 8, 3, 868.1, -124.902635175, '00:00:00:00:00:04']]"
TX,601.094448669,295751.876063378,4646240.35182957,1.2,812,12,2,190-18,[]
TX,601.10484461,290736.501599209,4642889.033803953,1.2,1737,11,3,321-20,"[['RX_GW', 602.585605223, 1737, 11, 3, 868.1, -134.199826938, '00:00:00:00:00:02']]"
TX,601.196489561,283314.009244989,4632908.830286969,1.2,809,12,3,190-15,[]
TX,601.31299889,292508.293479415,4642916.462500255,1.2,214,12,2,12-6,[]
TX,601.493948036,292139.04466706,4638948.571184884,1.2,1067,12,3,229-5,[]
TX,601.518382106,273700.988808769,4630653.361237409,1.2,704,12,2,175-30,[]
TX,601.679593758,293085.614115705,4642627.907490427,1.2,1924,12,2,348-17,[]
TX,601.69652087,289192.103211106,4643184.760731472,1.2,181,12,3,113-24,[]
TX,602.056697227,290608.515671956,4633564.802498615,1.2,956,12,2,211-12,[]
TX,602.087135148,289706.181857686,4635452.386587467,1.2,2146,12,3,44-10,[]
TX,602.141924067,291705.855988769,4642787.655128929,1.2,853,12,2,197-5,[]
TX,602.232159403,296751.180278029,4646469.617601321,1.2,1699,12,3,315-5,[]
TX,602.319184173,292409.27788926,4641904.225579878,1.2,216,12,2,121-1,[]
TX,602.384638193,292248.430962307,4638769.599400247,1.2,594,12,3,159-20,[]
TX,602.49709377,292309.092236204,4642052.32794842,1.2,291,12,2,129-11,[]
TX,602.626029992,290484.173464596,4640638.774530008,1.2,778,7,2,186-25,"[['RX_GW', 602.741025471, 778, 7, 2, 868.1, -112.129901011, '00:00:00:00:00:02']]"
TX,602.676198333,292722.110174534,4641699.695551602,1.2,467,12,3,148-17,[]
TX,602.757917073,288517.395569882,4642842.435655345,1.2,263,12,2,126-9,[]
TX,602.759639303,295163.900146367,4642730.001776441,1.2,1777,8,3,330-17,[]
TX,602.781623008,293429.104842013,4640943.588470392,1.2,2212,12,3,48-28,[]
TX,602.895670583,292874.960346976,4642833.854930392,1.2,2098,12,3,40-10,[]
TX,603.468205042,271900.577314385,4630660.25014054,1.2,920,12,2,204-22,[]
TX,603.472663779,291774.977786305,4640256.312348061,1.2,852,12,2,197-4,[]
TX,603.554115651,285091.640754293,4633444.025917297,1.2,2049,12,2,367-27,[]
TX,603.568187732,290081.289053192,4641111.697494183,1.2,1963,7,3,353-29,[]
TX,603.772652281,292541.861089322,4641948.86817614,1.2,1059,12,3,229-17,[]
TX,603.779836215,297878.584446715,4640788.119041735,1.2,2007,12,2,361-4,[]
TX,604.069880684,290629.22819538,4646622.865711801,1.2,2428,12,3,71-6,[]
TX,604.143280321,290463.919987394,4640630.519499675,1.2,2301,7,2,56-27,[]
TX,604.34753635,292636.485062935,4641774.050910926,1.2,1318,12,3,261-11,[]
TX,604.358414955,291982.35595481,4643703.448256155,1.2,681,12,3,172-20,[]
TX,604.473764342,295132.531007847,4642703.11572467,1.2,450,8,3,145-9,[]
TX,604.490897498,291723.926621609,4642729.565994874,1.2,277,12,2,128-17,[]
TX,604.493911837,290675.344204896,4641307.863722661,1.2,1185,7,3,241-27,[]
TX,604.499522167,276283.173891818,4632061.400750285,1.2,1915,12,2,347-12,[]
TX,604.617291636,292868.715722627,4644232.206336829,1.2,2612,12,2,93-15,[]
TX,604.692655075,289315.883177292,4639755.233614638,1.2,1223,9,3,248-19,[]
TX,604.79383845,273692.536418272,4630625.511950365,1.2,980,12,2,215-23,[]
TX,604.827121757,295426.124718177,4645483.282487981,1.2,2192,12,2,47-21,[]
TX,604.839363712,293363.421078769,4640076.471359511,1.2,1735,12,2,321-18,[]
TX,604.886420965,291761.493570094,4642635.833283336,1.2,728,12,3,181-20,[]
TX,604.900791006,295164.856595758,4642741.582876712,1.2,1738,8,3,321-21,[]
TX,604.93951691,289309.21701313,4634312.93783276,1.2,1757,12,3,324-24,[]
TX,604.987928558,294132.097753528,4647410.594218615,1.2,95,12,3,107-12,[]
TX,604.999696256,287095.705930486,4634226.996949259,1.2,1870,12,3,339-4,[]
TX,605.25834048,289590.853209654,4646224.112532614,1.2,1713,12,2,318-15,[]
TX,605.691594636,289857.728073642,4641776.464843274,1.2,772,7,3,186-11,[]
TX,605.920873212,291703.09666815,4636434.166220013,1.2,1972,12,2,356-28,[]
TX,605.985769938,292331.709424695,4650296.298412341,1.2,2511,12,3,80-19,[]
TX,606.101299009,295298.73617971,4638060.276869959,1.2,1979,12,3,357-3,[]
TX,606.162792959,289227.264473468,4642505.946327771,1.2,519,10,2,151-25,"[['RX_GW', 606.822304326, 519, 10, 2, 868.1, -132.353014612, '00:00:00:00:00:02']]"
TX,606.202374711,289761.44853253,4642296.921754562,1.2,1339,11,2,264-16,[]
TX,606.210963547,289506.547750296,4644817.237647358,1.2,453,12,3,147-12,[]
TX,606.33890775,292898.558923128,4642009.514274739,1.2,2654,12,3,97-12,[]
TX,606.364592487,291726.116268634,4642150.740713358,1.2,353,11,3,137-30,[]
TX,606.40101641,299330.741903443,4633821.618249436,1.2,1859,12,2,339-17,[]
TX,606.418242764,289946.619532979,4634417.899360106,1.2,2317,12,3,58-20,[]
TX,606.432753761,293233.785173729,4640219.450847284,1.2,1642,12,2,309-6,[]
TX,606.52491242,296732.092371042,4646473.315097474,1.2,2216,12,2,49-11,[]
TX,606.535569309,291556.682785807,4643893.341273858,1.2,127,12,2,109-4,[]
TX,606.693618583,289333.531634122,4640113.737912256,1.2,1063,7,2,229-20,[]
TX,606.74351223,286577.997147234,4634479.214250414,1.2,357,12,2,137-7,[]
TX,606.857465405,271714.902864864,4630605.217179829,1.2,1535,12,3,293-3,[]
TX,607.004943163,292053.841334777,4641790.4736122,1.2,438,12,3,143-26,[]
TX,607.153251062,290271.102904852,4642029.170441524,1.2,1672,7,3,310-19,[]
TX,607.291819672,291746.999070925,4639494.925356044,1.2,917,12,2,204-12,[]
TX,607.590224025,290499.760070239,4642105.094577385,1.2,1496,9,2,288-18,[]
TX,607.836850041,291432.564731364,4643094.298561925,1.2,1954,12,3,351-6,[]
TX,608.231609815,291114.141903714,4641368.893105799,1.2,470,9,3,148-20,[]
TX,608.670148624,291857.31862337,4642544.774606649,1.2,2378,12,3,68-3,[]
TX,608.710547388,293705.845614259,4645359.61567953,1.2,2616,12,3,93-19,[]
TX,608.828927323,283083.541261303,4633926.40097625,1.2,1749,12,2,322-6,[]
TX,608.829607671,291925.213252116,4642572.330713926,1.2,2586,12,2,87-25,[]
TX,608.903771184,291533.47249732,4641638.769516508,1.2,1020,10,3,223-10,[]
TX,608.999976105,290240.935002572,4640234.324289545,1.2,1683,7,2,311-18,[]
TX,609.24488594,286632.266880127,4641695.202673011,1.2,1401,12,3,270-25,[]
TX,609.307344997,293036.021351185,4644128.701623834,1.2,1047,12,3,226-25,[]
TX,609.322145698,292750.500771001,4642961.314356158,1.2,1888,12,2,340-3,[]
TX,609.393647951,292778.521318163,4642179.215188424,1.2,1148,12,2,239-7,[]
TX,609.598473651,285520.128220968,4633250.130455066,1.2,789,12,2,187-30,[]
TX,609.652275537,293769.555013188,4645622.063322577,1.2,98,12,2,107-22,[]
TX,609.736752306,291019.766493686,4639226.803355236,1.2,2220,12,3,50-10,[]
TX,610.021225558,289727.368519242,4641852.169435497,1.2,925,7,3,204-27,[]
TX,610.577668199,282292.623145133,4637129.538511002,1.2,154,12,3,111-10,[]
TX,610.660467051,291963.311559191,4642592.957207603,1.2,385,12,2,139-27,[]
TX,610.704440015,292717.195165408,4641841.757329097,1.2,1021,12,3,223-11,[]
TX,610.772391816,292118.713819229,4640680.067668681,1.2,2494,12,2,79-5,[]
TX,610.842227054,293415.521132362,4654666.560784601,1.2,1694,12,2,315-18,[]
TX,611.195658613,291691.718818587,4642118.408643402,1.2,346,11,2,137-24,[]
TX,611.494082398,291550.854085961,4641369.33665132,1.2,518,10,3,151-24,[]
TX,611.617068354,291260.283790153,4643825.345283416,1.2,2628,12,3,93-5,[]
TX,611.744658321,291667.152409689,4642105.126924153,1.2,1212,11,3,245-28,[]
TX,611.956046691,288859.352818501,4634695.816511191,1.2,1730,12,2,320-27,[]
TX,612.112436855,291482.73797419,4642006.29847471,1.2,129,12,2,109-6,[]
TX,612.501348195,299732.98926069,4630063.983556827,1.2,692,12,3,173-27,[]
TX,612.53922283,288397.878179563,4642387.52485575,1.2,589,11,3,159-15,[]
TX,612.638280778,292942.107856174,4643235.665214225,1.2,2570,12,2,84-5,[]
TX,612.981069697,294794.448309377,4646116.975979087,1.2,2618,12,3,93-20,[]
TX,613.055168582,289982.208049751,4637830.971039852,1.2,1572,12,2,301-22,[]
TX,613.080986472,290343.373524785,4641438.975578031,1.2,1878,7,3,340-12,[]
TX,613.182267765,293908.950632532,4643241.491500368,1.2,25,12,2,101-17,[]
TX,613.307546112,291481.076757418,4642489.160465765,1.2,612,12,3,162-12,[]
TX,613.34103902,292000.946496031,4642610.274499057,1.2,702,12,3,175-18,[]
TX,613.346081637,292118.343836998,4643803.730720444,1.2,1058,12,3,229-1,[]
TX,613.499370859,290179.982526156,4634782.601600191,1.2,1943,12,3,349-26,[]
TX,613.514479489,293558.458419686,4639885.461744079,1.2,1587,12,3,305-1,[]
TX,613.80406846,287992.329328938,4643218.99146226,1.2,1096,12,2,232-4,[]
TX,613.900470879,291726.007365606,4642133.034440842,1.2,716,11,2,178-7,[]
TX,613.944696314,292325.52591034,4642039.873926615,1.2,1557,12,3,3-10,[]
TX,614.04498153,298537.968799552,4643067.383585318,1.2,908,12,3,203-10,[]
TX,614.119833013,292695.60496877,4641804.193744936,1.2,303,12,3,130-12,[]
TX,614.336458513,292553.975328929,4642899.835397717,1.2,2608,12,3,91-5,[]
TX,614.437133446,290336.099736752,4641862.712482885,1.2,1686,8,3,311-21,[]
TX,614.529561266,294977.558418242,4642883.13263917,1.2,149,10,2,110-24,[]
TX,614.779660061,298963.073692032,4640405.607120068,1.2,2658,12,3,97-18,[]
TX,614.779871413,287634.568945358,4634317.739010361,1.2,246,12,2,124-4,[]
TX,614.81939992,289274.061104401,4640466.626362462,1.2,2052,7,3,367-4,[]
TX,614.949779833,299751.103908849,4630067.601531198,1.2,1739,12,2,321-3,[]
TX,615.050783123,292689.035077889,4641809.446607612,1.2,867,12,3,198-28,[]
TX,615.072708146,298854.215145083,4632534.462761233,1.2,911,12,3,203-14,[]
TX,615.299609947,290769.857170579,4637884.043687894,1.2,1154,12,3,24-12,[]
TX,615.427115431,291957.281564684,4642594.863697229,1.2,323,12,3,131-10,[]
TX,615.437368343,291709.342707244,4642131.84984012,1.2,326,11,2,131-13,[]
TX,615.589348158,295533.28387784,4646790.942401721,1.2,1953,12,3,351-5,[]
TX,615.658015713,292693.732708784,4641815.686878573,1.2,2442,12,2,72-24,[]
TX,615.870458627,291991.44519392,4643722.340864769,1.2,902,12,3,202-23,[]
TX,615.985247486,290856.731808371,4642283.208704421,1.2,571,10,2,157-21,[]
TX,616.117268947,292259.788151922,4642354.209212865,1.2,1603,12,2,305-26,[]
TX,616.127417093,273683.778802396,4630610.730190239,1.2,1545,12,3,297-17,[]
TX,616.434358748,292186.870627227,4642184.883163807,1.2,1580,12,3,303-17,[]
TX,616.521662736,286653.581632964,4645741.571243661,1.2,1366,12,2,267-27,[]
TX,616.626175378,291746.70756295,4639238.106027357,1.2,1289,12,2,256-19,[]
TX,617.08326158,291016.033078884,4641955.711889238,1.2,1104,9,3,233-26,"[['RX_GW', 617.455028068, 1104, 9, 3, 868.1, -128.707270068, '00:00:00:00:00:02']]"
TX,617.10780174,284490.025554431,4632919.358903788,1.2,2076,12,2,371-23,[]
TX,617.182545912,288886.888315459,4642950.926665984,1.2,159,12,3,111-26,[]
TX,617.193928501,292310.89333069,4642053.786281073,1.2,444,12,3,145-24,[]
TX,617.270524649,293687.77481644,4642817.018548604,1.2,256,12,2,125-25,[]
TX,617.480359445,292732.6333417,4641857.222887866,1.2,56,12,2,103-20,[]
TX,617.659532659,290061.057088859,4642383.942052275,1.2,1397,9,3,270-18,"[['RX_GW', 618.031299101, 1397, 9, 3, 868.1, -127.913345073, '00:00:00:00:00:02']]"
TX,617.772771265,292121.330912581,4637036.762148432,1.2,153,12,2,110-28,[]
TX,617.811498034,290659.115623731,4641303.967711809,1.2,72,7,3,104-5,[]
TX,617.97736689,290287.038452411,4643370.623877801,1.2,775,12,3,186-22,[]
TX,617.979844005,289219.52028463,4642067.527337319,1.2,1534,9,2,293-29,[]
TX,618.011584584,292531.739862992,4642896.473843045,1.2,897,12,3,202-11,[]
TX,618.185098825,292058.917951122,4642911.323255383,1.2,912,12,2,203-26,[]
TX,618.318347603,292109.018351271,4643632.845467873,1.2,2307,12,3,56-7,[]
TX,618.376056738,289719.299903045,4647158.217341982,1.2,1024,12,2,223-14,[]
TX,618.444293427,291038.715276019,4641924.262389054,1.2,2282,9,3,55-20,"[['RX_GW', 618.816059897, 2282, 9, 3, 868.1, -128.8969798, '00:00:00:00:00:02']]"
TX,618.454345397,290086.837499132,4645126.654796501,1.2,1820,12,3,334-5,[]
TX,618.500865794,292686.9300196,4641806.103227933,1.2,2478,12,2,76-14,[]
TX,618.544278743,273759.464785412,4630642.833319718,1.2,2324,12,2,59-17,[]
TX,618.627073195,289370.347471808,4642449.960631993,1.2,1767,10,3,326-21,[]
TX,618.631731382,290243.483472159,4636521.168200315,1.2,1240,12,3,250-19,[]
TX,618.69073511,290980.255944145,4639055.014971028,1.2,864,10,2,198-25,[]
TX,618.856451178,274087.595225733,4631142.649919877,1.2,1692,12,2,313-11,[]
TX,619.52404575,285728.365624482,4640638.309009237,1.2,0,12,2,100-10,[]
TX,619.535148054,290954.76845524,4639054.684815963,1.2,2393,10,2,70-1,"[['RX_GW', 620.194660603, 2393, 10, 2, 868.1, -132.887319747, '00:00:00:00:00:02']]"
TX,619.699990473,291941.654742694,4642589.409852441,1.2,839,12,3,195-21,[]
TX,619.712740915,286699.036710452,4645111.147335272,1.2,1752,12,3,323-5,[]
TX,619.881715764,290887.004729717,4638609.283756365,1.2,1617,12,2,306-6,[]
TX,619.890481933,293504.200535848,4643378.545484022,1.2,2632,12,3,95-12,[]
TX,619.900972368,291241.727769885,4641248.512240293,1.2,2079,9,3,371-26,[]
TX,619.973378959,288298.059037601,4642198.708155061,1.2,2504,12,3,8-3,[]
TX,620.020839362,289318.217052322,4634321.897695117,1.2,623,12,3,162-3,[]
TX,620.063904091,271976.9408193,4630599.938406976,1.2,2073,12,3,371-20,[]
TX,620.323643172,291213.513616732,4644674.021458115,1.2,1755,12,3,324-13,[]
TX,620.336464808,292058.754730685,4641802.588058679,1.2,1698,12,2,315-4,[]
TX,620.36834682,277887.522180892,4632412.760313424,1.2,1501,12,3,288-4,[]
TX,620.57690962,289811.298946773,4641757.49293933,1.2,2543,7,3,83-2,[]
TX,620.671169716,290066.936998075,4641527.835555651,1.2,1893,7,3,340-9,[]
TX,620.678736103,292659.824977143,4642627.984325861,1.2,743,12,3,182-12,[]
TX,620.809398756,293136.11528399,4640629.165394996,1.2,1593,12,2,305-15,[]
TX,620.922710391,291072.993996175,4644030.933840053,1.2,2514,12,3,81-10,[]
TX,620.92755372,293172.87139646,4640329.771586447,1.2,1441,12,3,275-4,[]
TX,620.949579681,291034.380270364,4643996.766404463,1.2,462,12,3,147-9,[]
TX,620.969705953,290416.526160628,4641824.819209041,1.2,875,9,3,199-26,[]
TX,621.047753378,290129.206084681,4635326.20274087,1.2,1245,12,3,250-5,[]
TX,621.105098207,293480.34998958,4642744.747859541,1.2,609,11,3,160-7,[]
TX,621.165107949,288870.036501813,4641390.845782511,1.2,1984,8,2,358-10,[]
TX,621.264475061,292437.710434812,4641592.010611428,1.2,1853,12,3,338-5,[]
TX,621.453875546,290482.778104355,4640766.81990091,1.2,2575,7,3,85-12,[]
TX,621.795618018,291932.271684618,4642594.536550834,1.2,286,12,2,128-4,[]
TX,622.303457456,291128.261265439,4642473.985626893,1.2,1717,11,2,318-19,[]
TX,622.362729224,288624.852941361,4620266.962749965,1.2,991,12,3,22-14,[]
TX,622.432242792,290162.727490095,4635326.999329156,1.2,947,12,3,21-13,[]
TX,622.604962831,290189.611375764,4635355.624546668,1.2,1243,12,3,250-3,[]
TX,622.74162514,292247.9935229,4638735.181037224,1.2,2344,12,2,61-5,[]
TX,622.89943142,289654.729498201,4643507.773832171,1.2,667,12,2,171-10,[]
TX,623.058563597,290155.335471281,4635359.485328767,1.2,1667,12,2,31-6,[]
TX,623.100029768,290269.99247334,4635881.254080626,1.2,1236,12,3,249-6,[]
TX,623.367619047,273686.27935339,4630639.256467552,1.2,1546,12,3,297-6,[]
TX,623.846534338,293277.257724848,4640272.749896903,1.2,1634,12,3,309-19,[]
TX,623.869699595,292241.113993861,4638755.694541954,1.2,1589,12,3,305-11,[]
TX,623.932248017,276093.6130098,4631929.280364407,1.2,1256,12,3,254-1,[]
TX,623.96680929,291037.708341626,4644043.224527825,1.2,1554,12,3,298-4,[]
TX,624.05797046,287951.655974589,4643517.977244633,1.2,1098,12,3,232-6,[]
TX,624.124443104,291799.061514621,4641572.251954137,1.2,350,12,2,137-28,[]
TX,624.179879129,295030.017724146,4645225.901208956,1.2,2201,12,3,47-6,[]
TX,624.195090141,290145.765181556,4643336.376285818,1.2,580,12,3,158-13,[]
TX,624.213122611,290961.208259248,4642851.987082542,1.2,30,12,3,101-21,[]
TX,624.348332229,293779.671346235,4640298.849305484,1.2,297,12,3,129-25,[]
TX,624.581721252,290273.270551744,4635891.403842632,1.2,2549,12,3,84-11,[]
TX,624.810328426,291108.951944499,4643750.873830006,1.2,1958,12,3,353-18,[]
TX,624.894383519,292499.721348271,4641913.351621328,1.2,1637,12,2,309-21,[]
TX,624.956088531,286736.508954504,4645891.345345446,1.2,676,12,3,171-26,[]
TX,624.969820849,291859.047817984,4642548.544049799,1.2,2397,12,3,70-2,[]
TX,624.998390316,289216.968746495,4642072.15596138,1.2,1981,9,2,357-5,[]
TX,625.016992599,291773.046673379,4640791.261403766,1.2,1493,12,3,287-8,[]
TX,625.213873322,290307.16119721,4636227.450866279,1.2,361,12,2,138-21,[]
TX,625.32645517,290989.016359233,4641173.637230478,1.2,780,8,3,186-27,[]
TX,625.707555915,290090.120746872,4642758.049731714,1.2,785,11,3,187-18,[]
TX,625.8756388,290742.033758484,4641516.478439987,1.2,375,7,2,138-9,[]
TX,625.908728951,290058.301753698,4634495.850138659,1.2,2667,12,2,97-27,[]
TX,626.258043861,288960.576097724,4643616.977510845,1.2,454,12,2,147-13,[]
TX,626.528287725,292320.524127604,4642048.462922362,1.2,1039,12,3,226-17,[]
TX,626.539498181,292461.468804865,4643217.04971513,1.2,2210,12,2,48-26,[]
TX,626.794089927,293238.643268704,4640222.177073097,1.2,2030,12,2,363-27,[]
TX,626.826826376,286625.558010766,4644666.779585172,1.2,1913,12,3,346-4,[]
TX,626.937566874,291992.346167194,4642608.246298723,1.2,2660,12,2,97-20,[]
TX,626.973461839,291974.356938996,4643720.063257736,1.2,2467,12,2,75-26,[]
TX,627.008618745,291959.241100024,4642599.854153171,1.2,1869,12,2,339-3,[]
TX,627.146880801,290930.237479066,4638873.532180399,1.2,557,12,3,155-2,[]
TX,627.211802966,290179.453832679,4643360.12307524,1.2,2148,12,3,44-12,[]
TX,627.215197182,291894.534303861,4642565.838293526,1.2,316,12,2,130-3,[]
TX,627.244381786,290869.02260214,4635895.812253733,1.2,1839,12,2,336-6,[]
TX,627.319696732,297446.475194864,4641384.861303409,1.2,2260,12,3,51-27,[]
TX,627.366426431,289589.328434507,4642506.19739955,1.2,1688,10,3,311-4,[]
TX,627.473159691,289997.659761663,4643470.215684237,1.2,1720,12,3,318-3,[]
TX,627.709950077,289215.601541718,4642084.406467167,1.2,1531,9,2,293-2,[]
TX,627.710987234,291860.31750115,4642565.591008927,1.2,2593,12,3,88-22,[]
TX,627.754042474,291241.333027165,4641251.219393174,1.2,266,9,3,127-18,[]
TX,627.8127888,293207.738590476,4643108.27809261,1.2,2182,12,3,47-10,[]
TX,627.964441145,292523.862762684,4642797.861865883,1.2,824,12,3,194-11,[]
TX,628.049671831,293226.189585307,4641907.077018672,1.2,1473,12,2,287-12,[]
TX,628.420278675,272034.735906258,4629933.99375558,1.2,437,12,3,143-25,[]
TX,628.59697571,291790.761028163,4642590.932751787,1.2,1115,12,2,237-14,[]
TX,628.748913381,292061.437783453,4642273.829135206,1.2,2110,12,3,41-12,[]
TX,628.915488962,287620.075878933,4630971.436727175,1.2,2211,12,2,48-27,[]
TX,629.131334683,290177.732724805,4635337.48875104,1.2,196,12,3,119-11,[]
TX,629.194244859,291627.012087862,4644622.948968575,1.2,1476,12,3,287-17,[]
TX,629.242653926,291870.504071087,4642559.050431108,1.2,2456,12,3,73-7,[]
TX,629.259521328,294856.587654376,4647356.152319863,1.2,720,12,2,179-7,[]
TX,629.273521756,290473.111039928,4650817.930652329,1.2,254,12,3,125-14,[]
TX,629.293931775,290458.575390639,4641599.936117359,1.2,1462,7,3,282-21,[]
TX,629.296089654,289858.175952985,4642366.667334829,1.2,1337,10,2,262-9,[]
TX,629.299317324,289924.450250566,4635391.82932365,1.2,1874,12,3,339-8,[]
TX,629.307256459,290986.259802861,4640938.033845204,1.2,2348,7,3,62-14,[]
TX,629.386203114,273695.581285182,4630541.448173742,1.2,1920,12,3,347-26,[]
TX,629.4380124,291067.983211284,4644052.400189383,1.2,2617,12,3,93-2,[]
TX,629.482825342,292633.857446948,4641759.69991337,1.2,213,12,3,12-4,[]
TX,629.678931429,290488.209274203,4643418.736813785,1.2,525,12,3,151-6,[]
TX,629.816038059,291084.340930264,4644034.81800872,1.2,220,12,3,121-2,[]
TX,629.846436206,288861.820511995,4642748.924466122,1.2,1465,12,3,282-5,[]
TX,629.886847017,291037.535735361,4644009.555368307,1.2,766,12,3,185-3,[]
TX,629.982962682,294264.439165183,4639049.23739443,1.2,2437,12,3,72-17,[]
TX,630.024111313,273686.316130735,4630634.939540086,1.2,1986,12,3,358-13,[]
TX,630.048818709,291095.148488772,4642459.897219432,1.2,1598,11,3,305-2,[]
TX,630.468571136,291934.298938629,4642587.004194057,1.2,732,12,2,181-24,[]
TX,630.483756136,291862.319559931,4642384.409542877,1.2,637,12,3,163-19,[]
TX,630.559431482,293214.10939647,4640456.994418367,1.2,1662,12,3,31-29,[]
TX,630.676767562,290618.995946286,4646619.152755256,1.2,1925,12,3,348-18,[]
TX,630.720960942,289634.518490323,4643597.779083764,1.2,2359,12,3,66-5,[]
TX,631.0528116,289420.689715975,4641745.721926087,1.2,1586,7,3,304-29,[]
TX,631.187690065,292130.544187346,4642901.346519809,1.2,561,12,3,155-3,[]
TX,631.528921573,292168.875568674,4642517.079850176,1.2,1821,12,3,334-6,[]
TX,631.547477401,290293.521153568,4640331.03810386,1.2,2535,7,3,82-5,[]
TX,631.697932313,287880.478692275,4645672.13407494,1.2,305,12,2,130-14,[]
TX,631.716664021,289316.418643307,4639754.731105429,1.2,1229,9,2,248-6,[]
TX,631.730179527,291022.681165612,4644013.391752837,1.2,1085,12,3,231-4,[]
TX,631.735719396,291865.522902041,4642544.438856782,1.2,532,12,3,152-13,[]
TX,631.851031366,286697.979332982,4645121.768105974,1.2,434,12,3,141-28,[]
TX,632.012122666,299740.221894255,4630075.156930469,1.2,974,12,2,214-7,[]
TX,632.055292283,291780.463159668,4639805.410578617,1.2,1284,12,3,256-12,[]
TX,632.131428507,291671.486117558,4642145.529038236,1.2,2432,11,3,72-12,"[['RX_GW', 633.612189081, 2432, 11, 3, 868.1, -134.013527841, '00:00:00:00:00:02']]"
TX,632.140125652,290667.843566634,4641292.96804123,1.2,1576,7,3,301-26,[]
TX,632.342235159,284480.40323999,4632919.904184559,1.2,2663,12,3,97-23,[]
TX,632.359267668,293531.484530421,4639906.579764282,1.2,1413,12,3,273-20,[]
TX,632.501775284,292553.521295274,4641728.955636842,1.2,1002,12,2,220-28,[]
TX,632.552917337,295117.915922828,4642726.222135322,1.2,391,8,3,14-19,[]
TX,632.646918246,295179.764549075,4638491.512508092,1.2,963,12,3,214-1,[]
TX,632.653837175,294324.45050962,4642717.259516913,1.2,2387,11,3,7-21,[]
TX,632.684534804,289825.818368074,4647400.505226376,1.2,175,12,3,112-7,[]
TX,632.693720404,299767.490653984,4630174.429309662,1.2,2193,12,2,47-24,[]
TX,632.876388069,273714.231164125,4630622.539844989,1.2,2313,12,2,57-8,[]
TX,632.882674475,291073.67120066,4644032.953685072,1.2,2611,12,2,93-1,[]
TX,633.154833017,292131.20666459,4642156.242068921,1.2,773,12,3,186-12,[]
TX,633.400014336,293187.401767425,4639024.049536092,1.2,632,12,3,163-13,[]
TX,633.481548801,292528.457942082,4642920.391715631,1.2,553,12,2,155-1,[]
TX,633.528061294,293835.659623198,4643285.124259289,1.2,480,12,3,148-4,[]
TX,633.556935957,294007.239387635,4644378.76786993,1.2,2457,12,3,75-11,[]
TX,633.576697457,292175.469522878,4642181.922035605,1.2,573,12,3,157-4,[]
TX,634.091978972,293726.399231869,4645352.593629492,1.2,1512,12,3,29-9,[]
TX,634.182904155,301400.996789847,4646068.534575614,1.2,458,12,3,147-26,[]
TX,634.307731727,274599.352819672,4630884.712018479,1.2,42,12,3,102-17,[]
TX,634.351458556,291702.042323432,4640156.300744616,1.2,2520,12,2,81-25,[]
TX,634.558789892,291818.42497276,4644108.962196813,1.2,941,12,2,209-13,[]
TX,634.696027903,291299.679334274,4642362.550968477,1.2,389,11,2,14-17,[]
TX,634.857836883,273652.274742812,4630655.136139766,1.2,1905,12,3,344-20,[]
TX,634.859926754,292690.727481559,4643710.75116208,1.2,2093,12,3,39-24,[]
TX,635.054328867,285661.223282466,4641258.227688699,1.2,1903,12,3,344-19,[]
TX,635.206431365,286648.042207016,4641635.984569403,1.2,899,12,3,202-13,[]
TX,635.345350358,295120.959437273,4642695.223893849,1.2,452,8,3,147-11,"[['RX_GW', 635.552763685, 452, 8, 3, 868.1, -125.18576429, '00:00:00:00:00:04']]"
TX,635.348736591,289213.448085205,4642072.273791794,1.2,1828,9,3,336-1,[]
TX,635.384332532,291818.289435117,4642519.727660948,1.2,354,12,3,137-4,[]
TX,635.437531804,291920.333191842,4642570.041264323,1.2,1026,12,3,223-23,[]
TX,635.516543648,290365.927896547,4641807.231289005,1.2,2553,9,3,84-15,[]
TX,635.656713701,291035.242373536,4644008.276341826,1.2,696,12,3,174-20,[]
TX,635.670173072,292723.629404994,4642427.238461206,1.2,505,12,3,150-5,[]
TX,635.719012552,286679.182999312,4645778.987797075,1.2,1362,12,3,267-14,[]
TX,635.76925426,290422.876797501,4641809.656812274,1.2,654,9,2,167-16,[]
TX,635.814357563,292718.374633217,4641708.506973413,1.2,558,12,3,155-20,[]
TX,636.05519774,294016.898347525,4641809.452895448,1.2,1073,10,3,231-13,"[['RX_GW', 636.714708898, 1073, 10, 3, 868.1, -131.392641274, '00:00:00:00:00:04']]"
TX,636.253690999,292490.467568481,4641400.693614189,1.2,1635,12,3,309-2,[]
TX,636.260482227,292322.045911459,4641984.094093157,1.2,1155,12,3,24-13,[]
TX,636.322342812,290061.606397489,4642387.365822355,1.2,690,9,3,173-25,[]
TX,636.439756146,291371.941070781,4636368.730574615,1.2,816,12,3,190-29,[]
TX,636.467317133,291829.937696025,4642546.448997485,1.2,333,12,3,131-9,[]
TX,636.824602409,292679.325382817,4641797.714295602,1.2,73,12,3,104-6,[]
TX,636.979047199,290231.042114761,4642358.257995008,1.2,2565,9,3,84-28,[]
TX,637.105226546,282336.071994465,4632823.235910869,1.2,1627,12,3,308-25,[]
TX,637.334140166,291949.178183199,4644225.884867745,1.2,1742,12,3,321-6,[]
TX,637.47074912,293905.038978215,4645265.331104601,1.2,2615,12,2,93-18,[]
TX,637.489265413,293523.75233025,4639910.493516014,1.2,293,12,3,129-13,[]
TX,637.503781305,299965.421870576,4627792.266932999,1.2,967,12,3,214-2,[]
TX,637.579979841,291737.460568645,4641688.622774163,1.2,443,12,3,145-14,[]
TX,637.682612733,290764.200985229,4641183.257414053,1.2,1375,7,2,268-7,[]
TX,637.761159479,291103.738897354,4642460.339663814,1.2,880,11,3,200-14,[]
TX,637.79385111,291989.758664738,4643715.94264724,1.2,400,12,2,140-10,[]
TX,638.141098282,286632.808178864,4641659.205195707,1.2,1772,12,3,326-7,[]
TX,638.46524521,291009.502477844,4640618.624749379,1.2,1866,7,3,339-26,[]
TX,638.54955799,292261.683889759,4638904.128977934,1.2,2473,12,2,75-9,[]
TX,638.631058279,291756.524334012,4642518.642446275,1.2,373,12,2,138-7,[]
TX,638.6662098,291964.831168196,4642603.687262495,1.2,1116,12,3,237-24,[]
TX,638.675331203,282233.58645483,4632857.442604887,1.2,1989,12,3,358-19,[]
TX,638.720643332,289440.338583496,4639468.904737656,1.2,2053,10,2,367-5,[]
TX,638.824025929,293781.033731124,4640448.078889808,1.2,559,12,2,155-21,[]
TX,638.876891785,292150.13177728,4644262.652412318,1.2,335,12,3,137-11,[]
TX,639.033416308,291991.8615938,4643713.953107913,1.2,1947,12,3,351-18,[]
TX,639.047310436,289215.33590387,4642074.185319941,1.2,184,9,3,113-28,[]
TX,639.184572252,294135.561555842,4647404.420997074,1.2,719,12,3,179-29,[]
TX,639.441321813,290477.086918149,4640625.70910492,1.2,1211,7,3,245-27,[]
TX,639.515363389,292166.285388052,4641383.652959079,1.2,1141,12,3,239-26,[]
TX,639.688687839,290066.313513923,4641526.777356391,1.2,413,7,2,140-24,[]
TX,639.752183921,290358.151503924,4641824.939602307,1.2,1974,9,2,356-9,[]
TX,639.940970974,289203.951846218,4642204.443347512,1.2,1500,9,3,288-3,[]
TX,640.003789958,291888.91376407,4642860.255393395,1.2,644,12,3,163-28,[]
TX,640.00695038,289118.776831314,4640527.664902315,1.2,1222,7,3,248-18,[]
TX,640.115994051,290399.092974869,4643411.546795416,1.2,1065,12,2,229-3,[]
TX,640.136920113,292396.537495979,4637324.303068903,1.2,1663,12,2,31-3,[]
TX,640.165658562,288017.508000123,4641863.071257962,1.2,2566,12,2,84-29,[]
TX,640.325070583,291841.041722322,4642561.367025028,1.2,2100,12,3,40-12,[]
TX,640.334385325,295648.189127602,4636727.286272366,1.2,2521,12,3,82-10,[]
TX,640.435957817,286706.460989386,4645123.715195062,1.2,1365,12,3,267-26,[]
TX,640.575781114,292307.236428698,4642293.503893249,1.2,545,12,3,153-21,[]
TX,640.605029445,292729.869337858,4643720.946422386,1.2,1964,12,3,353-3,[]
TX,640.675721277,282334.470739021,4638999.931385145,1.2,203,12,3,119-26,[]
TX,640.759387413,291036.007433504,4641935.943667772,1.2,1415,9,3,273-3,"[['RX_GW', 641.131153903, 1415, 9, 3, 868.1, -128.972538129, '00:00:00:00:00:02']]"
TX,641.15066644,290860.328998535,4635891.829812066,1.2,2674,12,3,97-8,[]
TX,641.203447642,292124.732465329,4642548.175611631,1.2,2534,12,3,82-4,[]
TX,641.210850084,290646.22267016,4643910.279311483,1.2,919,12,3,204-14,[]
TX,641.322219565,286069.277933142,4640610.228747016,1.2,2493,12,3,79-4,[]
TX,641.347429934,287765.077599947,4645623.133585003,1.2,1445,12,3,279-11,[]
TX,641.55515651,292405.223339144,4637348.796337444,1.2,631,12,2,163-12,[]
TX,641.577417532,290982.087552995,4640748.048446476,1.2,943,8,3,209-27,"[['RX_GW', 641.784830508, 943, 8, 3, 868.1, -125.643643858, '00:00:00:00:00:02']]"
TX,641.762986907,292017.43886812,4641764.43568277,1.2,1503,12,3,29-10,[]
TX,642.018110776,291021.388302432,4644009.23879009,1.2,2227,12,3,50-17,[]
TX,642.046094426,294559.237197852,4646330.664504004,1.2,2469,12,3,75-4,[]
TX,642.713301514,294028.709810806,4642844.951570376,1.2,1082,11,3,231-26,"[['RX_GW', 644.194061779, 1082, 11, 3, 868.1, -133.386032519, '00:00:00:00:00:04']]"
TX,642.745937053,292334.793488628,4642038.410581867,1.2,2044,12,3,367-20,[]
TX,642.784772349,290559.618925539,4635561.680393917,1.2,2349,12,3,62-26,[]
TX,643.165238489,294210.181788894,4644068.615514691,1.2,2594,12,3,88-25,[]
TX,643.206939741,292319.551280332,4641977.964294087,1.2,1317,12,3,261-10,[]
TX,643.293222917,290336.657752227,4642337.463643135,1.2,1846,10,3,337-24,[]
TX,643.320072515,291058.675108487,4644014.856594791,1.2,921,12,3,204-23,[]
TX,643.551966019,289600.918928503,4642359.235240882,1.2,873,10,2,199-23,[]
TX,643.570919853,294360.969499928,4644245.018612353,1.2,2010,12,2,361-7,[]
TX,643.715077419,295613.547998692,4645561.629905304,1.2,2190,12,3,47-2,[]
TX,643.74317107,287848.300686511,4634440.654970373,1.2,1909,12,3,344-4,[]
TX,643.747207834,293912.05155479,4639050.558471633,1.2,517,12,3,151-23,[]
TX,643.770601953,292092.739164187,4643873.728159129,1.2,1136,12,3,239-21,[]
TX,643.887016899,293310.761597214,4644288.949014267,1.2,1343,12,3,264-21,[]
TX,644.007209191,291836.70953428,4642554.30811058,1.2,1788,12,3,330-6,[]
TX,644.089517646,288383.154339825,4642774.083804579,1.2,1192,12,3,244-11,[]
TX,644.548324266,290737.549869243,4641502.33136367,1.2,1977,7,3,357-19,[]
TX,644.611977822,290429.584912267,4646972.452169483,1.2,2422,12,3,71-28,[]
TX,644.648205689,289128.972195604,4644551.862926405,1.2,360,12,3,138-18,[]
TX,644.756504586,292171.373940234,4640825.032703466,1.2,219,12,3,121-19,[]
TX,644.776791165,290712.342128918,4643886.764493248,1.2,1323,12,3,261-25,[]
TX,644.794019296,290086.904605703,4645640.686076865,1.2,2479,12,2,76-22,[]
TX,644.857525126,290475.150042306,4640625.013248051,1.2,1684,7,3,311-19,[]
TX,644.938764254,293113.525229263,4642322.750815135,1.2,2206,12,3,48-13,[]
TX,645.357008007,290065.621282343,4642388.523733798,1.2,2283,9,3,55-21,[]
TX,645.505121826,293311.860359942,4644276.158049728,1.2,1822,12,3,334-7,[]
TX,645.523800621,290421.091282181,4644184.223720744,1.2,1093,12,3,232-19,[]
TX,645.636226577,295567.413829919,4645520.721573952,1.2,2181,12,3,47-1,[]
TX,645.673967895,288628.192934238,4635214.555448228,1.2,414,12,2,140-25,[]
TX,645.935509603,288323.979388972,4638757.127184563,1.2,1217,12,3,246-25,[]
TX,645.939604693,295322.082977234,4638498.980005827,1.2,1938,12,3,349-19,[]
TX,645.945731016,290986.503139779,4639053.177116762,1.2,1569,11,3,301-12,[]
TX,646.075260938,292590.381497802,4641473.782475296,1.2,382,12,2,139-24,[]
TX,646.099260097,289574.161405201,4635170.395866022,1.2,2356,12,3,66-21,[]
TX,646.403644201,291880.698812913,4640514.190116079,1.2,1919,12,3,347-25,[]
TX,646.49238582,289177.686785441,4642517.578542949,1.2,2020,10,2,363-13,[]
TX,646.504845234,290212.346348062,4641465.270826442,1.2,788,7,3,187-3,[]
TX,646.645475558,295654.793867323,4642002.635551068,1.2,1434,7,3,275-17,[]
TX,646.831232587,292978.452135063,4646075.909237923,1.2,2099,12,3,40-11,[]
TX,646.896160047,294253.631284454,4641408.253771798,1.2,1808,10,3,332-7,[]
TX,646.975734662,292741.253006058,4642106.269635606,1.2,232,12,3,124-13,[]
TX,647.048578758,293849.47409583,4642028.585042556,1.2,173,10,3,112-5,[]
TX,647.167438196,290858.791070792,4642265.451245898,1.2,2107,10,3,40-28,[]
TX,647.185813539,292007.803815845,4642610.006560103,1.2,2399,12,3,70-21,[]
TX,647.274399386,290415.422701126,4641810.716724362,1.2,1312,9,3,260-21,[]
TX,647.307984276,292311.814383965,4642054.979887088,1.2,2430,12,3,72-1,[]
TX,647.483264699,291664.130640208,4642109.166288021,1.2,329,12,3,131-25,[]
TX,647.509706719,289058.065716507,4637904.725962128,1.2,579,12,3,158-12,[]
TX,647.611506173,292202.495578054,4644134.984582764,1.2,1209,12,3,245-25,[]
TX,647.970338893,289232.484420255,4642510.657396623,1.2,1074,10,3,231-14,[]
TX,648.16905739,286440.484429649,4640794.196180321,1.2,850,12,3,197-21,[]
TX,648.373591394,293676.595346794,4639602.148957394,1.2,2279,12,3,55-17,[]
TX,648.547744999,292715.888194458,4641836.962737261,1.2,2366,12,3,67-2,[]
TX,648.690043514,291980.670672226,4642987.878954447,1.2,854,12,3,197-6,[]
TX,648.7578613,292950.089071064,4640226.365234123,1.2,1190,12,3,242-28,[]
TX,648.807449692,290621.168983505,4646614.403060467,1.2,1722,12,3,318-5,[]
TX,648.836772114,292279.048112357,4637690.42956334,1.2,834,12,2,194-8,[]
TX,648.876148137,287455.091910764,4639342.977740549,1.2,2113,12,3,41-24,[]
TX,648.904147459,291857.703629154,4642555.574774789,1.2,776,12,3,186-23,[]
TX,648.912667887,293181.665408278,4640202.589291768,1.2,858,12,3,198-12,[]
TX,649.020219431,292646.019570269,4643063.190630405,1.2,918,12,3,204-13,[]
TX,649.147244483,294416.557456933,4642714.761593935,1.2,217,11,3,121-17,[]
TX,649.169825636,293667.030128027,4642642.187938626,1.2,2231,10,3,50-24,[]
TX,649.291845723,290631.178537704,4641098.617228495,1.2,435,7,3,143-14,[]
TX,649.293822304,290798.302495517,4634127.96315636,1.2,1933,12,3,349-12,[]
TX,649.348133762,288327.561186734,4644343.822079998,1.2,2343,12,3,61-4,[]
TX,649.362522727,291744.692318661,4641534.021146328,1.2,1935,11,3,349-14,[]
TX,649.393223857,273700.766100842,4630605.697197363,1.2,1527,12,3,291-5,[]
TX,649.50562652,291111.659287115,4644666.292500069,1.2,2013,12,3,362-19,[]
TX,649.557830859,292238.073901519,4637198.22162598,1.2,2094,12,3,39-25,[]
TX,649.616010851,294125.913728578,4639984.332873493,1.2,2304,12,3,56-4,[]
TX,649.631360103,293935.914556684,4643701.625699104,1.2,2308,12,3,56-8,[]
TX,649.721507613,289706.958265171,4647165.825499564,1.2,422,12,3,140-7,[]
TX,649.808120982,291139.576664142,4641233.264689771,1.2,2332,8,3,60-22,[]
TX,649.860469041,291014.782426719,4641940.945871612,1.2,1976,9,3,357-18,[]
TX,650.125504938,293855.189144543,4639526.995573203,1.2,807,12,3,19-6,[]
TX,650.206412609,283100.822357181,4642845.393264318,1.2,1188,12,2,242-13,[]
TX,650.34106711,293660.126236966,4641767.881928122,1.2,929,12,3,206-12,[]
TX,650.357367625,290682.898408359,4641305.416010771,1.2,494,7,3,150-15,[]
TX,650.370989372,291915.597482107,4642575.691447985,1.2,330,12,3,131-26,[]
TX,650.476289687,292942.103498268,4640324.159224724,1.2,1270,12,3,254-25,[]
TX,650.583708701,291873.311932401,4641641.915228361,1.2,1701,12,2,315-7,[]
TX,650.892867464,291900.558381883,4642559.412580491,1.2,2402,12,3,70-5,[]
TX,651.095116548,288718.328409204,4641906.429581781,1.2,1883,10,3,340-23,[]
TX,651.118995772,290281.543715508,4642864.367526937,1.2,476,11,3,148-26,[]
TX,651.121631834,294130.770544547,4647412.73114235,1.2,535,12,3,152-26,[]
TX,651.295859897,290553.472497299,4643180.044802899,1.2,379,12,3,139-13,[]
TX,651.353929946,294888.447078457,4643980.593076747,1.2,2383,12,3,7-17,[]
TX,651.379776577,291879.740692674,4642566.442151652,1.2,556,12,3,155-19,[]
TX,651.515501584,291594.447526049,4642899.564079791,1.2,1320,12,3,261-13,[]
TX,651.627995892,294827.321166964,4644822.73778533,1.2,2084,12,3,372-25,[]
TX,651.856348257,293762.902470562,4642854.547540395,1.2,1129,12,3,239-11,[]
TX,651.889553223,288841.240489716,4638499.947412511,1.2,2310,12,3,57-11,[]
TX,652.197403577,291054.387360354,4644028.317893167,1.2,735,12,3,181-3,[]
TX,652.213724565,295050.64846774,4642894.244458132,1.2,2222,10,3,50-12,[]
TX,652.316359379,296938.714364879,4645551.85702306,1.2,2256,12,3,51-21,[]
TX,652.664989753,289506.171627092,4635226.137274614,1.2,1247,12,3,250-7,[]
TX,652.789709338,291845.16185068,4641905.164678026,1.2,404,12,3,140-14,[]
TX,653.123700828,292729.504973099,4642304.874161886,1.2,2644,12,3,96-19,[]
TX,653.172272996,293251.368933609,4639497.782998774,1.2,2031,12,3,363-28,[]
TX,653.644047569,291141.125862173,4642927.118661335,1.2,177,12,3,113-11,[]
TX,653.905879467,289313.327981376,4639909.662862561,1.2,2433,8,3,72-13,[]
TX,653.972623917,292734.342108052,4642102.54552816,1.2,940,12,3,209-12,[]
TX,653.990295423,290672.361686641,4641299.249476439,1.2,2389,7,3,7-4,[]
TX,654.024801795,294132.788010821,4647413.335885761,1.2,1700,12,3,315-6,[]
TX,654.110787153,289445.178291988,4641745.436616885,1.2,77,7,3,105-19,[]
TX,654.221833132,271590.395787232,4630625.611870569,1.2,1452,12,3,28-14,[]
TX,654.282235772,271682.432218245,4630724.057240694,1.2,599,12,3,159-7,[]
TX,654.335171282,290605.819065467,4633550.358673954,1.2,1845,12,3,337-14,[]
TX,654.387984343,273723.692701171,4630667.653689281,1.2,1536,12,2,293-30,[]
TX,654.396125773,289635.177194161,4643593.242869809,1.2,1657,12,3,31-21,[]
TX,654.442605342,286700.035433736,4645127.068927445,1.2,1753,12,3,323-7,[]
TX,654.664332117,292070.730676087,4640495.332491578,1.2,2034,11,3,363-6,[]
TX,654.875892383,290560.801748159,4642639.665986952,1.2,1611,11,3,306-17,[]
TX,655.177747921,290448.899529032,4636313.767417784,1.2,910,12,3,203-13,[]
TX,655.454519782,293318.129681282,4644300.840300558,1.2,1109,12,3,234-3,[]
TX,655.67178834,291706.543533034,4642116.786953244,1.2,1760,11,3,326-15,[]
TX,655.774192009,290583.732779556,4642391.033481289,1.2,1467,9,3,282-7,[]
TX,655.995764777,286660.834544672,4641730.166837237,1.2,36,12,3,101-3,[]
TX,656.136501778,292400.986157499,4637348.790230165,1.2,988,12,3,22-11,[]
TX,656.141672325,286122.113878555,4634505.388333432,1.2,713,12,2,178-4,[]
TX,656.303370055,291385.770590243,4642033.332345624,1.2,1461,10,3,282-19,[]
TX,656.34045232,271811.16807274,4630687.444290305,1.2,1298,12,3,256-5,[]
TX,656.40602964,294409.100725391,4642770.811045984,1.2,1169,11,3,24-28,"[['RX_GW', 657.88678874, 1169, 11, 3, 868.1, -134.073394771, '00:00:00:00:00:04']]"
TX,657.010822931,292270.111298777,4642926.22228852,1.2,1089,12,3,231-8,[]
TX,657.128848767,292604.107014118,4641184.661664032,1.2,1349,12,3,266-10,[]
TX,657.667604789,292681.823401437,4641796.746164958,1.2,2001,12,3,359-2,[]
TX,657.760696742,295000.32141232,4643012.635793876,1.2,1644,10,3,31-1,[]
TX,657.870538948,293805.095518773,4640750.662632838,1.2,1199,12,3,244-25,[]
TX,657.890732216,290474.901180281,4641815.453170778,1.2,1666,8,3,31-5,[]
TX,657.901172199,290454.134453656,4641685.239962843,1.2,872,7,3,199-22,[]
TX,658.345176705,288954.731235938,4642639.142806858,1.2,1427,12,3,274-29,[]
TX,658.524582175,291874.036435918,4636203.728935604,1.2,1304,12,3,259-20,[]
TX,658.699693329,290686.180276652,4641287.191181302,1.2,1678,7,3,310-30,[]
TX,658.78496088,286143.974174645,4645727.989395809,1.2,1472,12,3,287-11,[]
TX,659.006260904,293323.338493361,4644285.597997386,1.2,944,12,3,21-10,[]
TX,659.037451772,285397.422811288,4640948.842148184,1.2,998,12,3,220-24,[]
TX,659.213097381,290229.676436964,4641447.355534604,1.2,1740,7,3,321-4,[]
TX,659.400344581,282683.013072062,4632837.539603932,1.2,1396,12,3,270-17,[]
TX,659.503441117,291915.935923539,4642574.794290113,1.2,1119,12,3,237-27,[]
TX,659.601424855,292323.4867763,4642042.453652629,1.2,1137,12,3,239-22,[]
TX,659.725023804,293773.986991104,4642853.945000777,1.2,1084,12,3,231-3,[]
TX,659.827556108,290067.806063843,4642263.100710589,1.2,1186,7,3,241-28,"[['RX_GW', 659.94255413, 1186, 7, 3, 868.1, -122.453318414, '00:00:00:00:00:02']]"
TX,659.85098768,290373.810790081,4641808.576667771,1.2,45,9,3,102-2,[]
TX,659.963895562,291279.429200608,4642371.353779484,1.2,1543,11,3,294-26,"[['RX_GW', 661.444655659, 1543, 11, 3, 868.1, -134.362842576, '00:00:00:00:00:02']]"
TX,660.039580413,290634.752305223,4646610.268303996,1.2,536,12,3,152-27,[]
TX,660.095746587,282380.249970843,4636786.152113089,1.2,157,12,3,111-13,[]
TX,660.149228675,291108.950602497,4643064.822228087,1.2,445,12,3,145-25,[]
TX,660.566035888,292585.688378182,4643852.818852777,1.2,2027,12,3,363-24,[]
TX,660.614726738,271690.012182542,4629490.202852613,1.2,1871,12,3,339-5,[]
TX,660.732163767,298640.805759289,4644262.839672164,1.2,2455,12,3,73-5,[]
TX,660.85436103,292663.880022698,4641797.970967663,1.2,2656,12,3,97-14,[]
TX,660.951568754,285720.573024082,4631731.144036022,1.2,1743,12,3,322-17,[]
TX,661.090139206,291218.110913997,4642262.891955077,1.2,1306,12,3,259-3,[]
TX,661.160192882,271818.945884422,4630665.656294603,1.2,2134,12,3,43-17,[]
TX,661.209725975,295150.146766843,4642726.138589431,1.2,1308,8,3,259-5,[]
TX,661.607802707,289600.360059999,4643560.212677172,1.2,1889,12,3,340-4,[]
TX,661.697542286,291751.119157791,4641538.357322854,1.2,586,12,3,158-28,[]
TX,661.811784198,280587.941893529,4632656.936107537,1.2,1287,12,3,256-17,[]
TX,661.840945137,289345.597171393,4635103.794471581,1.2,366,12,3,138-26,[]
TX,662.006447388,289370.337116791,4642454.886191092,1.2,2137,10,3,43-2,[]
TX,662.217150858,289253.307424592,4632624.815644151,1.2,633,12,3,163-14,[]
TX,662.228286642,290379.330499442,4643859.575694963,1.2,1897,12,3,341-21,[]
TX,662.519290193,290762.443404297,4641507.044513415,1.2,1604,7,3,305-28,[]
TX,662.631899358,272355.112393145,4629646.370822672,1.2,2395,12,3,70-18,[]
TX,662.780903377,292081.256502284,4642620.243030444,1.2,2270,12,3,53-20,[]
TX,663.045992535,289818.241540413,4638361.299606304,1.2,1338,12,3,264-15,[]
TX,663.152433278,291454.05255056,4641682.783542453,1.2,2106,10,3,40-27,[]
TX,663.17054755,290063.841966908,4642752.843749015,1.2,1077,11,3,231-20,[]
TX,663.176859716,291011.14231707,4640638.116727501,1.2,2607,8,3,91-4,[]
TX,663.186273116,295612.788006249,4645557.681215649,1.2,1784,12,3,330-27,[]
TX,663.251041295,288677.425460532,4643768.964467349,1.2,848,12,3,197-19,[]
TX,663.513755919,295131.913377053,4642704.473187734,1.2,1481,8,3,287-22,"[['RX_GW', 663.721169254, 1481, 8, 3, 868.1, -125.226085987, '00:00:00:00:00:04']]"
TX,663.595119152,294370.227077872,4643117.505031275,1.2,790,12,3,187-4,[]
TX,663.786462364,289316.178487003,4639772.267356471,1.2,1227,9,3,248-4,[]
TX,664.031990982,292408.656577353,4644428.373433485,1.2,376,12,3,139-10,[]
TX,664.056410107,291319.262254767,4643162.635805893,1.2,832,12,3,194-27,[]
TX,664.101303834,287284.142106206,4641564.70943471,1.2,878,12,3,200-12,[]
TX,664.252498888,293702.310177202,4645355.200316031,1.2,2621,12,3,93-26,[]
TX,664.366951502,273702.869382211,4630620.761302737,1.2,191,12,3,115-25,[]
TX,664.557311536,283180.227946304,4632900.997641099,1.2,1523,12,3,290-6,[]
TX,664.624256652,292811.182309453,4641973.865071041,1.2,2522,12,3,82-11,[]
TX,664.659717605,290336.974985996,4644223.340098202,1.2,1873,12,3,339-7,[]
TX,664.700194471,288845.526077284,4637874.298259888,1.2,1220,12,3,246-28,[]
TX,664.756670293,289287.062878835,4642526.0038699,1.2,736,10,3,181-4,"[['RX_GW', 665.416181643, 736, 10, 3, 868.1, -130.116374851, '00:00:00:00:00:02']]"
TX,664.836084144,290796.424537028,4635618.558475388,1.2,2239,12,3,50-4,[]
TX,664.91057102,291893.458140799,4634720.497770631,1.2,1747,12,3,322-4,[]
TX,665.005881598,287830.058487477,4631070.505887157,1.2,994,12,3,22-26,[]
TX,665.268492035,289883.817486342,4642411.115644025,1.2,1997,10,3,358-6,[]
TX,665.500964916,290842.474786809,4642277.660955712,1.2,923,10,3,204-25,[]
TX,665.671039825,289370.76381311,4638054.462692054,1.2,1226,12,3,248-3,[]
TX,665.828524008,290656.458778904,4646613.247424274,1.2,1884,12,3,340-25,[]
TX,665.864953859,290859.694779835,4641282.978576765,1.2,905,8,3,202-26,[]
TX,665.906901705,284539.053649784,4631900.905093294,1.2,1450,12,3,28-12,[]
TX,665.971770994,290415.033712516,4643865.590578746,1.2,2675,12,3,97-9,[]
TX,666.112406579,291245.189889686,4638771.671772212,1.2,265,12,3,127-17,[]
TX,666.151631798,290353.365919872,4637186.468367177,1.2,2572,12,3,84-7,[]
TX,666.247533258,290665.141365954,4641297.700903281,1.2,2149,7,3,44-24,"[['RX_GW', 666.362529456, 2149, 7, 3, 868.1, -115.570796486, '00:00:00:00:00:02']]"
TX,666.419739403,289632.509746206,4641479.125836554,1.2,1435,7,3,275-18,"[['RX_GW', 666.534735071, 1435, 7, 3, 868.1, -111.067306663, '00:00:00:00:00:02']]"
TX,666.590327254,292330.410436137,4642036.967069737,1.2,244,12,3,124-3,[]
TX,666.94119811,290439.483113675,4642870.733433321,1.2,2341,12,3,61-3,[]
TX,666.977436661,292894.541042494,4640164.177416909,1.2,2213,12,3,48-8,[]
TX,667.101604096,291185.668104053,4641319.368028036,1.2,2293,8,3,56-14,[]
TX,667.166685127,291040.139923581,4637433.993781538,1.2,406,12,3,140-16,[]
TX,667.186135105,291056.38150195,4644026.439062945,1.2,869,12,3,199-11,[]
TX,667.377357501,290700.853010023,4641303.178721788,1.2,138,7,3,11-4,[]
TX,667.417721214,292248.471839766,4638747.290675789,1.2,139,12,3,11-5,[]
TX,667.514496225,288178.46296766,4643911.116858366,1.2,1008,12,3,221-23,[]
TX,667.582851906,292734.800633911,4642047.308376465,1.2,2649,12,3,96-5,[]
TX,667.607371044,290387.443263583,4641814.203111027,1.2,1768,9,3,326-3,[]
TX,667.962400012,283379.234915284,4633666.39919598,1.2,986,12,3,215-9,[]
TX,668.205755096,288173.918783206,4643893.177368152,1.2,1804,12,3,332-3,[]
TX,668.46131317,290110.500496579,4642413.782281924,1.2,1272,9,3,254-27,[]
TX,668.531346014,290410.69039358,4642323.486132453,1.2,1607,9,3,305-6,[]
TX,668.744171453,291228.788761596,4642282.440436172,1.2,1305,11,3,259-21,[]
TX,668.775890113,291247.980085043,4638747.48925612,1.2,1193,12,3,244-12,[]
TX,668.838571555,291872.830589789,4642567.216250307,1.2,2518,12,3,81-14,[]
TX,668.860428263,282837.777178992,4632851.067048338,1.2,1449,12,3,28-11,[]
TX,668.881327142,293050.068608426,4643434.743715016,1.2,668,12,3,171-11,[]
TX,668.989150276,291730.008348666,4642160.04058274,1.2,1121,11,3,237-8,[]
TX,668.992456884,291801.097191159,4642552.818047201,1.2,11,12,3,100-3,[]
TX,669.186576502,290271.095175874,4640282.757084902,1.2,614,7,3,162-17,[]
TX,669.21948257,290554.890964629,4642680.101070442,1.2,670,11,3,171-13,[]
TX,669.223135968,291665.643728174,4642099.08635382,1.2,114,11,3,109-18,[]
TX,669.370212098,289319.673672823,4634321.180455658,1.2,958,12,3,211-14,[]
TX,669.590923148,292306.979094527,4642052.23884514,1.2,1143,12,3,239-28,[]
TX,669.60818289,292492.365283735,4641906.450409437,1.2,889,12,3,201-14,[]
TX,669.834767054,295145.917380739,4642704.72921458,1.2,2297,8,3,56-21,[]
TX,669.962926887,295140.592939673,4642687.528746678,1.2,1711,8,3,317-6,[]
TX,670.145914007,273729.933924039,4630670.768767653,1.2,156,12,3,111-12,[]
TX,670.159593162,292710.976830395,4641834.273702685,1.2,1326,12,3,261-28,[]
TX,670.207438297,291862.539003314,4641634.299230251,1.2,1764,12,3,326-19,[]
TX,670.31405917,291683.054705464,4642114.236887014,1.2,1242,11,3,250-21,[]
TX,670.49240773,292146.859041185,4642467.318157653,1.2,327,12,3,131-14,[]
TX,670.533681651,295139.852212725,4642699.669325691,1.2,2531,8,3,82-27,[]
TX,670.917368855,298972.329694002,4644578.594135952,1.2,1877,12,3,340-11,[]
TX,670.929757896,294896.738673092,4648347.275424678,1.2,2289,12,3,56-10,[]
TX,671.152802697,292992.294882038,4643372.586316437,1.2,8,12,3,100-26,[]
TX,671.19726613,291007.118540749,4641823.547048255,1.2,2533,9,3,82-3,"[['RX_GW', 671.569032297, 2533, 9, 3, 868.1, -128.683945694, '00:00:00:00:00:02']]"
TX,671.20378161,291977.545956745,4642598.619405641,1.2,2400,12,3,70-3,[]
TX,671.411639931,289413.017140563,4645291.21213357,1.2,2662,12,3,97-22,[]
TX,671.472407723,293716.66834331,4645365.353072529,1.2,2629,12,3,93-6,[]
TX,671.586452579,296747.336101567,4646476.121072503,1.2,1490,12,3,287-5,[]
TX,672.407462599,293718.47706826,4645344.108685525,1.2,2173,12,3,46-19,[]
TX,672.495025748,273667.799766092,4630636.473663913,1.2,1521,12,3,290-4,[]
TX,672.72929812,291021.115239289,4640625.66111737,1.2,1811,8,3,334-15,"[['RX_GW', 672.936711308, 1811, 8, 3, 868.1, -124.587026694, '00:00:00:00:00:02']]"
TX,672.854163309,291388.070670543,4643750.111573387,1.2,380,12,3,139-14,[]
TX,672.936331465,273720.031792267,4630647.5909578,1.2,1526,12,3,291-4,[]
TX,673.066891379,273054.468246187,4629909.638845093,1.2,1622,12,3,308-13,[]
TX,673.193510071,295863.7800893,4642550.770907369,1.2,102,7,3,107-26,"[['RX_GW', 673.308506424, 102, 7, 3, 868.1, -120.937001427, '00:00:00:00:00:04']]"
TX,673.392764574,299014.019827329,4644643.072446831,1.2,2360,12,3,66-6,[]
TX,673.406433852,295609.796962129,4645553.242557501,1.2,2198,12,3,47-30,[]
TX,673.485735232,284993.307115035,4633229.789594222,1.2,819,12,3,190-4,[]
TX,673.648678973,289151.254492079,4642452.617159067,1.2,2560,12,3,84-21,[]
TX,673.775678299,291541.397634344,4641655.842437142,1.2,727,10,3,181-19,[]
TX,674.359879284,292521.627749487,4642916.699001365,1.2,1633,12,3,309-18,[]
TX,674.472608905,299742.278251669,4630063.23849566,1.2,972,12,3,214-5,[]
TX,674.49837728,292530.356306927,4642909.374340091,1.2,1844,12,3,337-13,[]
TX,674.822802733,290021.422745709,4641926.127988284,1.2,684,7,3,172-4,[]
TX,674.879886299,291248.809040848,4641247.737408467,1.2,660,9,3,167-3,[]
TX,675.039987905,291398.041978157,4642093.082952793,1.2,603,12,3,160-20,[]
TX,675.256880123,291951.619092636,4642598.231317768,1.2,568,12,3,157-18,[]
TX,675.569866692,298511.313217055,4631943.680981698,1.2,2637,12,3,95-2,[]
TX,675.597000126,291896.029006898,4642575.011008151,1.2,588,12,3,158-9,[]
TX,675.62376628,292434.910543742,4643724.920685272,1.2,2218,12,3,49-9,[]
TX,675.702653451,291705.997475889,4636665.978491283,1.2,390,12,3,14-18,[]
TX,675.73804643,289981.489468173,4641582.623908765,1.2,2005,7,3,361-20,[]
TX,675.759148132,292517.222170812,4642027.371416612,1.2,1234,12,3,249-3,[]
TX,675.91183702,282698.307038267,4635718.214071206,1.2,1268,12,3,254-20,[]
TX,675.98351923,290530.011801483,4640961.659621131,1.2,325,7,3,131-12,[]
TX,676.163411566,290432.835875706,4635835.166543798,1.2,1942,12,3,349-25,[]
TX,676.260920449,294953.678683771,4646425.254466844,1.2,2625,12,3,93-3,[]
TX,676.265896542,291705.511868931,4642127.412255593,1.2,1469,11,3,284-22,[]
TX,676.66107905,291563.743405423,4636372.382360484,1.2,1292,12,3,256-24,[]
TX,676.712239689,291238.623649334,4641256.350226435,1.2,2322,9,3,58-6,"[['RX_GW', 677.084005643, 2322, 9, 3, 868.1, -127.750983036, '00:00:00:00:00:02']]"
TX,676.753749625,291046.353614936,4641119.796407737,1.2,2370,8,3,67-5,[]
TX,677.138840745,290915.436776604,4639987.578630962,1.2,381,10,3,139-22,"[['RX_GW', 677.79835071, 381, 10, 3, 868.1, -131.151601194, '00:00:00:00:00:02']]"
TX,677.181207607,292524.844926324,4642907.887929412,1.2,1795,12,3,332-14,[]
TX,677.324945474,291216.777153439,4642286.516307869,1.2,2648,11,3,96-4,[]
TX,677.358795501,288187.502696253,4634667.187571332,1.2,755,12,3,182-8,[]
TX,677.409809912,289319.489610144,4634324.717613691,1.2,786,12,3,187-21,[]
TX,677.510972752,291979.060334513,4643701.180866827,1.2,1886,12,3,340-27,[]
TX,677.67808254,291106.705612456,4642461.528344781,1.2,2298,11,3,56-23,[]
TX,677.746301065,282428.795770188,4632820.771894867,1.2,2155,12,3,45-17,[]
TX,677.910360914,293609.847720853,4641879.085878478,1.2,931,12,3,206-14,[]
TX,677.980576832,290594.696951567,4643069.191731153,1.2,239,11,3,124-20,[]
TX,678.06711382,291288.576381228,4641173.455031085,1.2,647,10,3,163-4,[]
TX,678.092276647,287332.336998516,4634224.443778848,1.2,19,12,3,101-11,[]
TX,678.457991265,292418.457851669,4645611.924806231,1.2,1806,12,3,332-5,[]
TX,678.543899376,290057.217716264,4642386.330239623,1.2,952,9,3,21-27,[]
TX,678.579472306,289549.936115722,4642052.389029674,1.2,710,7,3,178-18,[]
TX,678.601801465,273718.676761454,4630500.152368028,1.2,672,12,3,171-22,[]
TX,678.645809513,290382.140614433,4641811.014677198,1.2,904,9,3,202-25,[]
TX,678.697815835,290391.333759247,4641819.157437026,1.2,870,9,3,199-12,[]
TX,678.738012969,283068.733287923,4632872.003865656,1.2,2228,12,3,50-18,[]
TX,678.769724362,294416.441683954,4645661.268180428,1.2,397,12,3,14-6,[]
TX,678.917955958,291092.288276401,4641023.815712848,1.2,806,8,3,19-5,[]
TX,679.045259703,290156.774215079,4635342.387833333,1.2,843,12,3,195-6,[]
TX,679.127027773,291743.615511473,4642511.312935076,1.2,483,12,3,148-7,[]
TX,679.165208462,290981.546525949,4644068.554336274,1.2,23,12,3,101-15,[]
TX,679.270119871,290098.085407022,4636969.897749881,1.2,787,12,3,187-29,[]
TX,679.330002014,295665.604132482,4645473.621183684,1.2,281,12,3,128-20,[]
TX,679.399217044,291420.973553062,4641307.742533315,1.2,2080,9,3,371-27,[]
TX,679.690639995,290787.691960295,4642276.423067432,1.2,2610,10,3,91-7,"[['RX_GW', 680.350150859, 2610, 10, 3, 868.1, -131.295701815, '00:00:00:00:00:02']]"
TX,679.741223479,291522.187117643,4642436.541715317,1.2,2598,12,3,91-16,[]
TX,679.922384676,291804.409117023,4641546.251374141,1.2,2538,12,3,82-8,[]
TX,680.195450107,292681.859575873,4643701.743695682,1.2,1955,12,3,351-7,[]
TX,680.304939983,291999.964094669,4643715.084524398,1.2,936,12,3,206-28,[]
TX,680.690256367,289606.380059754,4641756.873376455,1.2,131,7,3,11-1,"[['RX_GW', 680.805252909, 131, 7, 3, 868.1, -122.244955573, '00:00:00:00:00:02']]"
TX,680.713895185,293135.112241708,4640635.261666798,1.2,563,12,3,155-4,[]
TX,680.759195082,299741.241354639,4630073.350718496,1.2,971,12,3,214-4,[]
TX,680.764649916,292325.275200017,4642047.849173517,1.2,1794,12,3,332-13,[]
TX,680.795480787,293278.557113816,4647673.58275428,1.2,1957,12,3,353-17,[]
TX,680.798480662,290700.39068376,4641293.971202103,1.2,241,7,3,124-24,[]
TX,680.804555999,293248.617607241,4640219.551373654,1.2,1665,12,3,31-4,[]
TX,681.28407282,290507.382280774,4640912.272573239,1.2,2152,7,3,44-27,[]
TX,681.311455697,291233.93060581,4640396.290694274,1.2,1563,10,3,3-25,[]
TX,681.514321284,287555.133839352,4634267.414138068,1.2,43,12,3,102-18,[]
TX,681.71448491,291779.903006863,4642566.621218959,1.2,1346,12,3,264-5,[]
TX,681.85805788,292438.726515612,4641385.269371607,1.2,1640,12,3,309-30,[]
TX,681.92814522,291046.751838559,4639282.515712738,1.2,1985,12,3,358-11,[]
TX,682.029895794,291188.728724092,4641972.617493613,1.2,169,10,3,112-29,[]
TX,682.073104982,289672.4450365,4643513.36830303,1.2,1509,12,3,29-25,[]
TX,682.40522792,291993.658232371,4643711.512869244,1.2,369,12,3,138-3,[]
TX,682.496514614,289341.80382374,4645259.349193412,1.2,1204,12,3,245-11,[]
TX,682.651756677,289578.327812496,4642150.592059531,1.2,2095,8,3,39-26,[]
TX,682.978772818,287915.619627824,4643989.72765911,1.2,412,12,3,140-21,[]
TX,683.080067005,294152.527029679,4639146.507166277,1.2,865,12,3,198-26,[]
TX,683.136744163,291204.949019544,4642562.399118686,1.2,2275,12,3,53-6,[]
TX,683.367863503,289323.083130754,4634318.057530226,1.2,1448,12,3,28-10,[]
TX,683.424359075,299751.974516209,4630064.116135372,1.2,1625,12,3,308-23,[]
TX,683.480237075,294267.149080581,4644148.11787624,1.2,2454,12,3,73-4,[]
TX,683.559462601,290917.387489878,4641230.341108125,1.2,1357,7,3,266-28,"[['RX_GW', 683.674459484, 1357, 7, 3, 868.1, -123.311177716, '00:00:00:00:00:02']]"
TX,683.607752969,298018.585916972,4642046.948985171,1.2,2108,12,3,41-10,[]
TX,684.030513699,291360.47932283,4643142.484465298,1.2,324,12,3,131-11,[]
TX,684.217701072,290691.896438189,4641304.52589142,1.2,1105,7,3,233-9,[]
TX,684.269528703,273642.104940204,4630669.26178161,1.2,1238,12,3,250-17,[]
TX,684.333835911,289948.020552798,4634413.393731159,1.2,359,12,3,138-13,[]
TX,684.462477366,291147.443051506,4642474.804273294,1.2,1252,11,3,253-25,[]
TX,684.650596954,291869.410757366,4642560.322925394,1.2,781,12,3,186-28,[]
TX,684.909298781,292700.647110989,4641827.086928515,1.2,2579,12,3,85-28,[]
TX,685.015039842,289216.593564936,4642520.425958812,1.2,2285,10,3,55-4,[]
TX,685.156595983,291369.964953729,4638527.338509111,1.2,1654,12,3,31-19,[]
TX,685.445575992,294118.468557035,4639196.436854006,1.2,1691,12,3,311-7,[]
TX,685.483464398,290670.825602836,4640604.783638903,1.2,1998,7,3,358-7,[]
TX,685.530625388,290667.693078799,4641300.55724154,1.2,252,7,3,125-12,[]
TX,685.612005575,271708.003698379,4630738.421300489,1.2,502,12,3,150-3,[]
TX,685.783361437,291840.973930747,4642539.642620973,1.2,116,12,3,109-2,[]
TX,685.810336557,288715.385184731,4649905.678783283,1.2,1695,12,3,315-19,[]
TX,685.829244122,290674.302842462,4641319.114173452,1.2,424,7,3,141-11,[]
TX,685.836963453,293858.468015679,4645345.007487652,1.2,2573,12,3,85-10,[]
TX,685.892396656,289943.671580775,4634383.426462133,1.2,74,12,3,104-7,[]
TX,686.020361331,292535.201535043,4642903.291911256,1.2,1946,12,3,351-17,[]
TX,686.128051827,285392.471308176,4631705.626678186,1.2,1418,12,3,273-6,[]
TX,686.24089692,273715.308899387,4630673.324062346,1.2,1288,12,3,256-18,[]
TX,686.434491567,290532.924452737,4641087.362748431,1.2,1034,7,3,226-10,[]
TX,686.564113487,287056.215261337,4641576.848016003,1.2,2302,12,3,56-28,[]
TX,686.654190061,273707.344511808,4630655.343739989,1.2,2278,12,3,54-26,[]
TX,686.795893079,283762.763943576,4643171.587907389,1.2,1756,12,3,324-14,[]
TX,686.8772284,291031.65296159,4641770.833794327,1.2,348,9,3,137-26,"[['RX_GW', 687.248994517, 348, 9, 3, 868.1, -128.484317728, '00:00:00:00:00:02']]"
TX,686.897477444,292302.004955773,4642055.138596141,1.2,14,12,3,100-6,[]
TX,687.302270003,289442.703538752,4635054.681096246,1.2,2352,12,3,66-17,[]
TX,687.403864734,292107.063877819,4645072.01977462,1.2,669,12,3,171-12,[]
TX,687.565610082,291666.038615427,4640003.550800182,1.2,2259,12,3,51-26,[]
TX,687.955218174,287062.70356155,4645831.153969422,1.2,1095,12,3,232-3,[]
TX,688.019174316,289221.059916329,4642512.911234252,1.2,54,10,3,103-17,[]
TX,688.028088538,286719.479659081,4631536.874608291,1.2,2639,12,3,95-28,[]
TX,688.176096082,271590.965664013,4630625.820315028,1.2,1126,12,3,238-25,[]
TX,688.248052213,271970.779289263,4630378.607888654,1.2,1872,12,3,339-6,[]
TX,688.40810075,290047.066968662,4637283.232524816,1.2,1856,12,3,339-12,[]
TX,688.574340382,296751.15192542,4646470.038066398,1.2,2601,12,3,91-19,[]
TX,689.077736925,290090.107966334,4640909.14307407,1.2,1053,7,3,226-5,[]
TX,689.255155937,290175.492424208,4642115.554641214,1.2,2425,8,3,71-30,[]
TX,689.409033578,290256.850990016,4636838.648235947,1.2,1518,12,3,290-20,[]
TX,689.645500695,296485.760422325,4642595.872599384,1.2,440,9,3,145-11,"[['RX_GW', 690.01726615, 440, 9, 3, 868.1, -127.920087694, '00:00:00:00:00:04']]"
TX,689.924766643,291320.047056794,4637418.680815248,1.2,1959,12,3,353-19,[]
TX,690.154347457,293407.819575201,4646148.149665352,1.2,307,12,3,130-18,[]
TX,690.263167079,299753.215857569,4630083.739580054,1.2,970,12,3,214-3,[]
TX,690.28495993,291962.518918885,4642887.870464201,1.2,565,12,3,155-6,[]
TX,690.510789588,289641.987550303,4635512.57306285,1.2,1260,12,3,254-13,[]
TX,690.553545751,293039.463482661,4642965.530789386,1.2,2264,12,3,51-5,[]
TX,690.705424142,273723.6371125,4630611.84129361,1.2,1032,12,3,225-25,[]
TX,690.76072125,297659.980539848,4640358.076562981,1.2,2032,12,3,363-29,[]
TX,690.781352284,291593.280969105,4641392.104999821,1.2,1333,11,3,262-25,[]
TX,690.7869349,295581.622627307,4645542.617808266,1.2,2199,12,3,47-4,[]
TX,690.92685334,292850.951064686,4641919.197440541,1.2,431,12,3,141-25,[]
TX,691.088960151,287808.5004204,4637491.589441814,1.2,1623,12,3,308-14,[]
TX,691.441233985,294420.197983852,4647824.956345114,1.2,103,12,3,107-27,[]
TX,691.509210133,273670.231813615,4630588.112506476,1.2,428,12,3,141-22,[]
TX,691.513044996,295132.843292197,4642701.405446446,1.2,2065,8,3,369-17,[]
TX,691.550542191,292669.988280845,4641328.042877913,1.2,1174,12,3,24-5,[]
TX,691.717562086,292652.828287342,4641764.280682254,1.2,1078,12,3,231-21,[]
TX,691.812430714,290745.530502634,4642889.502649192,1.2,396,11,3,14-5,[]
TX,691.919387204,292524.137401473,4642919.916243602,1.2,18,12,3,101-10,[]
TX,692.180322733,292941.249016441,4640318.078061047,1.2,1668,12,3,31-7,[]
TX,692.20932111,290653.732408545,4641578.794204008,1.2,627,7,3,162-7,[]
TX,692.430546566,290856.172957214,4642271.797496496,1.2,650,10,3,163-7,"[['RX_GW', 693.09005754, 650, 10, 3, 868.1, -130.047693252, '00:00:00:00:00:02']]"
TX,692.709099409,290105.20539347,4642405.751059167,1.2,529,9,3,152-10,[]
TX,692.746124235,286610.384662627,4645008.494717893,1.2,249,12,3,124-7,[]
TX,692.868443145,292525.335862213,4642907.9701475,1.2,34,12,3,101-28,[]
TX,692.881752326,292551.017470021,4642604.576238321,1.2,26,12,3,101-18,[]
TX,692.97675286,289156.660477789,4642510.59388939,1.2,1099,10,3,232-7,[]
TX,693.400681103,288608.779262493,4640587.121947324,1.2,1069,10,3,229-7,"[['RX_GW', 694.060191227, 1069, 10, 3, 868.1, -130.363132151, '00:00:00:00:00:02']]"
TX,693.819371422,273716.593857184,4630616.506161434,1.2,1266,12,3,254-19,[]
TX,694.004146723,288470.809769164,4630658.031613579,1.2,1837,12,3,336-4,[]
TX,694.070695422,289318.874070511,4640851.234356296,1.2,1723,7,3,318-6,[]
TX,694.120618316,290057.380847519,4640950.571918055,1.2,2041,7,3,367-17,[]
TX,694.370997555,292305.164455113,4642030.272137069,1.2,2035,12,3,363-7,[]
TX,694.44524208,290064.737577015,4642393.178764081,1.2,258,9,3,125-27,"[['RX_GW', 694.817008553, 258, 9, 3, 868.1, -128.1892834, '00:00:00:00:00:02']]"
TX,694.566822326,293266.254269593,4639496.567794495,1.2,1504,12,3,29-11,[]
TX,694.650618267,294154.966364961,4647423.064898111,1.2,2261,12,3,51-28,[]
TX,694.777104,285739.531286194,4641327.643392671,1.2,2386,12,3,7-20,[]
TX,695.004717634,292661.629400947,4642019.420105804,1.2,1206,12,3,245-13,[]
TX,695.116565775,291629.374593261,4644624.472096982,1.2,926,12,3,204-28,[]
TX,695.502688193,286841.517357631,4641281.495528134,1.2,1042,12,3,226-20,[]
TX,695.5896992,300311.224706412,4645153.250445187,1.2,331,12,3,131-27,[]
TX,695.608802749,291863.548027366,4641071.629798039,1.2,2158,11,3,45-2,[]
TX,695.633298421,299750.403428359,4630072.25563515,1.2,969,12,3,214-21,[]
TX,695.661008645,295272.097719994,4645393.812826773,1.2,2189,12,3,47-19,[]
TX,695.703294686,291619.169880899,4644621.33977396,1.2,164,12,3,112-18,[]
TX,695.765503663,288177.663513983,4643892.945542008,1.2,1011,12,3,221-28,[]
TX,695.908495987,291982.355960124,4643709.19260095,1.2,1803,12,3,332-28,[]
TX,695.932971593,292003.589571547,4641749.763903855,1.2,1309,12,3,259-6,[]
TX,695.94121705,289234.957604531,4642513.15764132,1.2,1765,10,3,326-2,[]
TX,695.941660372,286694.714739736,4645120.71848271,1.2,456,12,3,147-24,[]
TX,695.947922777,290433.422875348,4646525.055939988,1.2,2249,12,3,51-15,[]
TX,696.026326983,291682.34265415,4642116.257806704,1.2,2067,11,3,369-19,[]
TX,696.075252154,271914.614650395,4630619.433908483,1.2,1850,12,3,338-21,[]
TX,696.307041351,292818.19491266,4641958.060710093,1.2,2214,12,3,48-9,[]
TX,696.334881936,290878.203599506,4642263.4288117,1.2,388,10,3,14-16,[]
TX,696.639847892,292712.562797409,4641279.340720542,1.2,803,12,3,19-2,[]
TX,696.750959426,287888.446655143,4630918.792930502,1.2,1451,12,3,28-13,[]
TX,696.770551323,282815.167303398,4644351.378762337,1.2,1367,12,3,267-28,[]
TX,696.781985039,290096.862353272,4647376.805948725,1.2,46,12,3,102-20,[]
TX,696.82032761,288964.993498167,4642615.4342878,1.2,1615,12,3,306-4,[]
TX,696.934090711,291835.387607605,4642558.960470539,1.2,2486,12,3,76-8,[]
TX,697.053824578,289175.747474484,4642152.382249011,1.2,715,10,3,178-6,[]
TX,697.461051937,292757.778693014,4642124.922646166,1.2,1336,12,3,262-8,[]
TX,697.514432755,289161.384119201,4642523.425519004,1.2,1653,10,3,31-18,[]
TX,697.698912672,286692.697264831,4641469.56587187,1.2,2015,12,3,362-3,[]
TX,697.787849346,291060.0909054,4644021.144592798,1.2,255,12,3,125-24,[]
TX,697.877156408,290139.478643883,4641485.205818497,1.2,1565,7,3,3-27,"[['RX_GW', 697.992151918, 1565, 7, 3, 868.1, -115.168953732, '00:00:00:00:00:02']]"
TX,697.894796822,288216.092594152,4645040.127388356,1.2,2409,12,3,71-13,[]
TX,697.989578539,291251.234943152,4642399.277090228,1.2,2061,12,3,368-21,[]
TX,697.995088497,290309.433250806,4641520.726915727,1.2,928,7,3,206-11,"[['RX_GW', 698.110084349, 928, 7, 3, 868.1, -114.651718176, '00:00:00:00:00:02']]"
TX,698.072774081,292054.96827915,4640536.505320763,1.2,117,12,3,109-20,[]
TX,698.103794833,292343.941472126,4641793.065119806,1.2,2284,12,3,55-3,[]
TX,698.142471637,293577.217949965,4642777.089728673,1.2,1474,12,3,287-13,[]
TX,698.161557598,295158.113215761,4646467.404723494,1.2,2495,12,3,79-6,[]
TX,698.328364498,293391.375389587,4642712.749549268,1.2,1248,12,3,253-12,[]
TX,698.460871815,288994.830612097,4641673.281923229,1.2,569,8,3,157-19,"[['RX_GW', 698.668285398, 569, 8, 3, 868.1, -126.227960054, '00:00:00:00:00:02']]"
TX,698.538181811,293153.404940481,4643867.957906502,1.2,2630,12,3,93-7,[]
TX,698.54138027,294140.400435681,4647421.21165383,1.2,97,12,3,107-14,[]
TX,698.643940773,290451.088595781,4642320.377843303,1.2,1530,9,3,293-19,[]
TX,698.873635687,291117.287557353,4642468.439939138,1.2,883,11,3,200-26,"[['RX_GW', 700.354395689, 883, 11, 3, 868.1, -134.281468725, '00:00:00:00:00:02']]"
TX,699.337276076,301905.944630063,4639711.91752335,1.2,1177,12,3,241-10,[]
TX,699.410716943,293657.982923029,4643436.556421742,1.2,1344,12,3,264-3,[]
TX,699.670095508,292526.643383309,4642917.578159097,1.2,21,12,3,101-13,[]
TX,699.731410024,292303.695448512,4642046.822909975,1.2,777,12,3,186-24,[]
TX,699.776647082,291854.893734679,4642560.381529611,1.2,1003,12,3,221-10,[]
TX,699.861699996,289389.109819029,4642055.210388072,1.2,2039,8,3,367-13,[]
TX,699.95260084,290984.971655625,4639071.789064263,1.2,1769,10,3,326-4,[]
TX,699.95404065,273664.589072608,4630682.0594491,1.2,2125,12,3,42-24,[]
TX,700.154959313,290142.523320136,4636843.77299186,1.2,88,12,3,106-24,[]
TX,700.329630919,293375.583711008,4642686.990240625,1.2,857,12,3,198-11,[]
TX,700.361739922,290629.941466303,4643061.275615126,1.2,1379,11,3,269-17,[]
TX,700.368756427,290256.892401734,4636466.632155648,1.2,332,12,3,131-8,[]
TX,700.496256337,291007.108044095,4639063.46006272,1.2,598,12,3,159-6,[]
TX,700.590259419,291829.164050826,4642561.201901759,1.2,1596,12,3,305-18,[]
TX,700.801735226,291918.150847177,4642572.75741012,1.2,122,12,3,109-27,[]
TX,700.899611863,290050.249904692,4642745.277464107,1.2,514,11,3,151-20,[]
TX,701.010038287,289173.48736877,4642115.19554238,1.2,167,10,3,112-20,[]
TX,701.114374955,289321.170856538,4639761.341396545,1.2,1225,9,3,248-21,[]
TX,701.141707686,273474.911562888,4630146.084995617,1.2,1549,12,3,298-18,[]
TX,701.223987421,291056.254493563,4644027.847591782,1.2,677,12,3,171-27,[]
TX,701.286031696,292723.160297027,4641849.416782399,1.2,2230,12,3,50-21,[]
TX,701.428124321,297463.037258148,4646303.779987921,1.2,2197,12,3,47-3,[]
TX,701.517825579,291745.470712419,4641532.793196065,1.2,2074,11,3,371-21,[]
TX,701.747306042,290887.22226458,4635937.649788541,1.2,1682,12,3,311-17,[]
TX,701.771787087,292659.784996437,4642044.190321524,1.2,334,12,3,137-10,[]
TX,701.879168011,273641.605104938,4630659.426679865,1.2,1182,12,3,241-24,[]
TX,701.900697112,286077.825618709,4634482.561596506,1.2,2475,12,3,76-11,[]
TX,702.098006558,272576.968391826,4629938.690665516,1.2,1727,12,3,320-24,[]
TX,702.115811789,292326.174496468,4642288.628556105,1.2,756,12,3,182-9,[]
TX,702.140268795,291994.551640308,4643704.754449075,1.2,2596,12,3,88-27,[]
TX,702.369069363,290065.580467866,4641535.20397603,1.2,512,7,3,151-18,"[['RX_GW', 702.484064974, 512, 7, 3, 868.1, -116.911469312, '00:00:00:00:00:02']]"
TX,702.373047431,289771.389456949,4643215.74827363,1.2,542,12,3,153-19,[]
TX,702.536494891,291959.569332432,4642603.696348237,1.2,1176,12,3,24-7,[]
TX,702.713767215,292440.017346876,4651424.419246849,1.2,2405,12,3,71-1,[]
TX,702.779382765,290590.57946732,4630401.650989343,1.2,2491,12,3,79-20,[]
TX,702.859726541,273680.67590403,4630649.459010063,1.2,624,12,3,162-30,[]
TX,702.982645274,293590.279820589,4641981.069724133,1.2,541,10,3,153-18,[]
TX,703.365081597,290359.551166818,4646973.81890256,1.2,1380,12,3,269-18,[]
TX,703.580659776,291253.114848569,4639618.764658411,1.2,804,11,3,19-3,[]
TX,703.674341264,271729.515718259,4630689.393969112,1.2,1990,12,3,358-20,[]
TX,703.890254325,284794.446819325,4642726.541068251,1.2,1876,12,3,340-10,[]
TX,703.959760263,291249.329529297,4638754.098795523,1.2,261,12,3,126-14,[]
TX,704.057407188,289849.51902183,4645793.602191329,1.2,1278,12,3,254-5,[]
TX,704.386894721,286369.761754809,4640716.314132736,1.2,1314,12,3,260-5,[]
TX,704.390689245,291008.79513148,4641834.21229484,1.2,2463,9,3,75-21,[]
TX,704.652542553,292765.841350727,4642503.64759882,1.2,1147,12,3,239-6,[]
TX,704.725457322,293301.524546162,4644263.249179772,1.2,1057,12,3,226-9,[]
TX,704.791123446,292699.699313424,4637170.995407961,1.2,1639,12,3,309-3,[]
TX,704.840918382,286965.357563635,4632830.478593714,1.2,709,12,3,178-17,[]
TX,705.041733106,293258.183693698,4639493.374353414,1.2,1506,12,3,29-13,[]
TX,705.07197552,293584.464795424,4645066.599685386,1.2,339,12,3,137-15,[]
TX,705.326337234,285914.805823414,4643189.793049042,1.2,1201,12,3,244-27,[]
TX,705.380041702,289670.151409985,4642058.846149178,1.2,1652,8,3,31-17,"[['RX_GW', 705.587455149, 1652, 8, 3, 868.1, -125.062567, '00:00:00:00:00:02']]"
TX,705.476650659,291958.665186316,4643944.181435016,1.2,2464,12,3,75-22,[]
TX,705.493507631,292678.86742922,4642029.300667235,1.2,820,12,3,190-5,[]
TX,705.624657846,292357.848817582,4642276.30715149,1.2,1031,12,3,223-28,[]
TX,705.670142545,282700.701690979,4639976.41774134,1.2,891,12,3,201-23,[]
TX,705.770117747,292273.619021848,4637883.026620509,1.2,993,12,3,22-25,[]
TX,705.777258048,290366.445528964,4641801.171490132,1.2,886,9,3,201-10,"[['RX_GW', 706.149022838, 886, 9, 3, 868.1, -127.305587488, '00:00:00:00:00:02']]"
TX,706.258465188,295814.705533677,4645562.264255504,1.2,2183,12,3,47-12,[]
TX,706.426264634,290456.772011559,4635563.537782417,1.2,1012,12,3,221-8,[]
TX,706.538699818,289659.685623998,4641927.295107418,1.2,698,8,3,174-4,"[['RX_GW', 706.74611285, 698, 8, 3, 868.1, -124.045768302, '00:00:00:00:00:02']]"
TX,706.627881389,292821.574993595,4641966.025498532,1.2,433,12,3,141-27,[]
TX,706.652150255,288573.582342877,4644121.467633232,1.2,855,12,3,197-7,[]
TX,706.653963551,287817.018235143,4634433.245964422,1.2,2434,12,3,72-14,[]
TX,706.751012989,291926.433288429,4642871.069686252,1.2,1551,12,3,298-20,[]
TX,706.872709372,302219.825184154,4658274.074989327,1.2,2498,12,3,8-16,[]
TX,706.923501567,289479.540741046,4635471.722978759,1.2,2060,12,3,368-20,[]
TX,706.966870774,289765.093037075,4638515.031426762,1.2,79,12,3,105-21,[]
TX,707.195955234,290960.387493915,4640373.629716108,1.2,351,9,3,137-29,[]
TX,707.425204373,290094.098996623,4640898.339985689,1.2,2321,7,3,58-5,[]
TX,707.569217382,293413.898571656,4651102.181123566,1.2,89,12,3,106-25,[]
TX,707.70363061,283104.297386314,4640466.788283363,1.2,2143,12,3,43-5,[]
TX,707.704098354,291879.878861342,4642565.902385029,1.2,347,12,3,137-25,[]
TX,707.794296468,276905.321259829,4632309.15166868,1.2,1263,12,3,254-16,[]
TX,707.966992837,290423.941628123,4645995.173684135,1.2,2413,12,3,71-18,[]
TX,707.990732313,290151.051003155,4643442.624853249,1.2,168,12,3,112-21,[]
TX,708.086944382,294174.41472211,4642782.983994045,1.2,84,11,3,106-12,[]
TX,708.102345423,292315.587354373,4642052.154643889,1.2,2050,12,3,367-28,[]
TX,708.327064914,299582.359656753,4645092.364044603,1.2,140,12,3,11-6,[]
TX,708.359871534,291311.438703143,4640337.658765371,1.2,69,10,3,104-21,[]
TX,708.541256148,299873.393430371,4645750.833911372,1.2,527,12,3,151-8,[]
TX,708.723063909,291124.608838447,4641197.01429532,1.2,215,8,3,12-7,[]
TX,708.748382477,291826.000883515,4642550.717956425,1.2,492,12,3,149-5,[]
TX,708.916181196,292523.778052378,4642912.376959654,1.2,1566,12,3,3-28,[]
TX,708.965912072,291061.166748116,4641205.436775195,1.2,2202,7,3,47-7,[]
TX,708.966341169,291937.11233878,4642584.104629538,1.2,2022,12,3,363-16,[]
TX,709.094047768,292964.283043563,4643245.608676561,1.2,2122,12,3,42-12,[]
TX,709.233232041,271651.026021525,4630703.665567338,1.2,1273,12,3,254-28,[]
TX,709.302699832,292637.581620185,4642162.019530367,1.2,2077,12,3,371-24,[]
TX,709.528491601,291065.142319222,4644021.566458747,1.2,1703,12,3,317-16,[]
TX,709.555713619,291515.329224187,4642437.707610273,1.2,112,12,3,109-16,[]
TX,709.681982897,291234.85050577,4641248.42009342,1.2,81,9,3,105-4,"[['RX_GW', 710.053748832, 81, 9, 3, 868.1, -127.671060326, '00:00:00:00:00:02']]"
TX,709.950746389,299743.526040262,4630057.130591389,1.2,2444,12,3,72-26,[]
TX,710.101235924,273706.508094645,4630640.681689058,1.2,675,12,3,171-25,[]
TX,710.242873079,291846.778678656,4642460.487734606,1.2,1618,12,3,306-7,[]
TX,710.393870776,291998.091221527,4643696.225827938,1.2,2466,12,3,75-24,[]
TX,710.414874873,295158.812076859,4642732.750325723,1.2,1956,8,3,353-1,"[['RX_GW', 710.622288247, 1956, 8, 3, 868.1, -124.108790458, '00:00:00:00:00:04']]"
TX,710.574377776,292746.989591837,4642041.67375258,1.2,2207,12,3,48-14,[]
TX,710.775989296,292720.712500664,4641637.553310775,1.2,1018,12,3,222-27,[]
TX,710.810225142,290852.236835276,4644472.071034117,1.2,271,12,3,127-3,[]
TX,710.946202903,293366.103844849,4643248.129757118,1.2,1350,12,3,266-11,[]
TX,711.074861918,271700.837577141,4630734.924858999,1.2,2388,12,3,7-3,[]
TX,711.253870832,272130.946975604,4630190.162535404,1.2,1353,12,3,266-24,[]
TX,711.329502942,288481.846206194,4641537.874559461,1.2,1585,10,3,304-21,[]
TX,711.374981348,294243.958557919,4641269.834450219,1.2,2551,8,3,84-13,"[['RX_GW', 711.582395931, 2551, 8, 3, 868.1, -126.824759623, '00:00:00:00:00:04']]"
TX,711.393434671,286834.36053052,4645127.349623019,1.2,2244,12,3,51-10,[]
TX,711.446016735,291962.246853529,4642598.217320222,1.2,822,12,3,190-7,[]
TX,711.575922966,294314.332396747,4639036.648087181,1.2,808,12,3,19-7,[]
TX,711.613433404,291995.951467236,4643715.636296961,1.2,1303,12,3,259-19,[]
TX,711.66859736,283112.097135286,4632877.167433365,1.2,1123,12,3,238-10,[]
TX,711.68492019,290129.84612275,4640193.168208856,1.2,2058,7,3,368-18,[]
TX,711.727748641,289323.701947057,4639756.742696353,1.2,1368,9,3,268-18,[]
TX,711.852249671,292056.830517673,4644156.540032524,1.2,551,12,3,153-6,[]
TX,711.963859159,291097.810104101,4641078.045542709,1.2,916,8,3,204-11,[]
TX,712.13740752,289508.570186841,4634226.232681232,1.2,1446,12,3,279-12,[]
TX,712.152636106,288594.735517016,4638641.858387421,1.2,2147,12,3,44-11,[]
TX,712.197129315,291562.057918537,4642453.164106121,1.2,1033,12,3,225-26,[]
TX,712.21154049,292391.629624938,4637315.526601179,1.2,2286,12,3,55-5,[]
TX,712.234783338,288486.950261205,4635158.866754324,1.2,1842,12,3,337-11,[]
TX,712.32133246,291099.302657266,4642470.06245345,1.2,2276,11,3,53-7,[]
TX,712.412114891,275502.303270624,4631513.165135873,1.2,309,12,3,130-20,[]
TX,712.444179589,296457.516196108,4649988.522968338,1.2,2614,12,3,93-17,[]
TX,712.772553727,291995.241686102,4643701.758611935,1.2,1117,12,3,237-25,[]
TX,712.798075427,295917.640377083,4646634.157791417,1.2,499,12,3,150-20,[]
TX,712.888359042,290864.966913094,4642271.20080424,1.2,2376,10,3,68-21,"[['RX_GW', 713.547870031, 2376, 10, 3, 868.1, -130.097665294, '00:00:00:00:00:02']]"
TX,712.890214958,292001.440107596,4643709.119603823,1.2,1419,12,3,273-7,[]
TX,713.139710015,290313.55179269,4643399.878829838,1.2,1254,12,3,253-27,[]
TX,713.270565874,283294.783960273,4640432.681824242,1.2,473,12,3,148-23,[]
TX,713.449927918,292520.841067093,4642906.949255947,1.2,2319,12,3,58-3,[]
TX,713.612141909,273646.220032372,4630662.202056827,1.2,1246,12,3,250-6,[]
TX,713.761497186,287914.064738382,4631725.669650931,1.2,942,12,3,209-24,[]
TX,713.921368476,291879.077986489,4642891.636096745,1.2,2090,12,3,39-14,[]
TX,714.107092637,292526.9667101,4642908.785894434,1.2,2606,12,3,91-30,[]
TX,714.208198217,290502.637341201,4640894.143316097,1.2,1233,7,3,249-20,[]
TX,714.361100863,286708.600703643,4645132.550310528,1.2,1361,12,3,267-13,[]
TX,714.591420413,294430.00574852,4642282.416707424,1.2,1487,10,3,287-28,"[['RX_GW', 715.250930596, 1487, 10, 3, 868.1, -130.471518875, '00:00:00:00:00:04']]"
TX,714.935916759,298642.745062139,4636644.115892717,1.2,1014,12,3,222-12,[]
TX,714.973695991,290736.95602104,4642896.201400861,1.2,1332,11,3,262-24,[]
TX,715.102395588,295016.864073186,4648707.31467854,1.2,1802,12,3,332-27,[]
TX,715.271393604,292317.314279784,4641988.907074461,1.2,4,12,3,100-21,[]
TX,715.448908743,293480.961867953,4638877.360434708,1.2,1636,12,3,309-20,[]
TX,715.499893133,291825.34631042,4642523.69652444,1.2,137,12,3,11-3,[]
TX,715.713265519,286710.563231685,4641250.129977729,1.2,206,12,3,12-18,[]
TX,715.721840181,294048.764437836,4640169.08408458,1.2,1983,12,3,357-7,[]
TX,715.861991725,290213.966589571,4643840.405637734,1.2,2582,12,3,87-12,[]
TX,715.892319363,287008.344052035,4641197.394869427,1.2,2375,12,3,68-20,[]
TX,715.954247655,292290.744314728,4642043.473642283,1.2,387,12,3,14-15,[]
TX,715.973093703,297164.155302469,4649778.883985245,1.2,2268,12,3,53-18,[]
TX,716.085558909,291070.447114896,4644049.104015301,1.2,874,12,3,199-25,[]
TX,716.195691925,302479.768039866,4642767.545650869,1.2,1388,12,3,269-4,[]
TX,716.269757906,287506.962519298,4641641.375869055,1.2,465,12,3,148-12,[]
TX,716.370413711,290227.043558268,4640222.745256297,1.2,44,7,3,102-19,[]
TX,716.522358247,291039.218581024,4644014.517410205,1.2,1075,12,3,231-17,[]
TX,716.782187806,290445.412497884,4641766.446642037,1.2,985,9,3,215-8,[]
TX,716.869503607,289225.431327362,4642055.68744182,1.2,2245,9,3,51-11,[]
TX,716.979754827,293308.297717836,4644256.432232862,1.2,1072,12,3,231-12,[]
TX,717.036419999,273666.962785184,4630694.702466395,1.2,1745,12,3,322-20,[]
TX,717.060049538,295117.45664214,4645258.13617897,1.2,2180,12,3,46-7,[]
TX,717.09942671,291840.30457377,4644937.297466408,1.2,805,12,3,19-4,[]
TX,717.112463909,292417.312414618,4637356.487926185,1.2,995,12,3,22-27,[]
TX,717.151209509,278377.17885744,4632472.191066002,1.2,158,12,3,111-24,[]
TX,717.242419325,289739.684506633,4642404.390399124,1.2,2580,10,3,87-10,"[['RX_GW', 717.901929881, 2580, 10, 3, 868.1, -131.678957473, '00:00:00:00:00:02']]"
TX,717.373694436,294555.657623634,4642628.580336203,1.2,2547,10,3,84-1,[]
TX,717.629366892,293772.765735369,4639956.096206466,1.2,1004,12,3,221-12,[]
TX,717.637486324,295081.590356635,4642773.49267933,1.2,2129,8,3,42-28,[]
TX,718.04052229,292831.42835242,4638819.022906239,1.2,965,12,3,214-18,[]
TX,718.073578498,293469.672268172,4643342.912114625,1.2,1345,12,3,264-4,[]
TX,718.093630042,292083.114315403,4640534.098057489,1.2,247,12,3,124-5,[]
TX,718.430736994,291164.434134285,4643250.060346073,1.2,567,12,3,157-17,[]
TX,718.691362798,293705.752856249,4640664.719277075,1.2,1019,12,3,222-28,[]
TX,718.764975514,291956.898681219,4641706.181331038,1.2,1027,12,3,223-24,[]
TX,718.781762902,292134.073846336,4644177.329061842,1.2,62,12,3,103-5,[]
TX,719.210603544,273673.859573106,4630702.006854207,1.2,1544,12,3,294-28,[]
TX,719.241134952,290100.2748118,4635396.945220237,1.2,1830,12,3,336-18,[]
TX,719.337713525,284714.474853906,4633021.086415877,1.2,1741,12,3,321-5,[]
TX,719.39176625,294134.785971523,4647404.201876295,1.2,2263,12,3,51-4,[]
TX,719.403825021,290705.917770856,4641307.024639984,1.2,205,7,3,12-17,[]
TX,719.427885244,290859.74305146,4642314.614007645,1.2,1497,10,3,288-19,[]
TX,719.437540018,289345.642987023,4642053.668361817,1.2,581,8,3,158-22,[]
TX,719.441574024,287551.59134016,4634273.944581852,1.2,2121,12,3,42-11,[]
TX,719.578094514,292242.236856683,4641930.992825992,1.2,1197,12,3,244-23,[]
TX,719.830147155,274506.938773018,4630818.364330011,1.2,1044,12,3,226-22,[]
TX,719.862978446,286378.061839879,4634546.158832106,1.2,2330,12,3,60-14,[]
TX,719.997698443,293315.678656982,4640121.818522926,1.2,1017,12,3,222-24,[]
TX,720.044703726,284247.206614878,4643679.364042185,1.2,1763,12,3,326-18,[]
TX,720.137282191,289302.320584725,4634320.350671729,1.2,498,12,3,150-19,[]
TX,720.342468702,293100.057697023,4640758.088234549,1.2,2361,12,3,67-1,[]
TX,720.420888135,290143.012724344,4635340.974429389,1.2,625,12,3,162-4,[]
TX,720.452421786,294134.044509302,4647414.680137904,1.2,101,12,3,107-25,[]
TX,720.684925227,291700.736641947,4641500.474154008,1.2,1395,11,3,270-13,[]
TX,720.847773469,292242.009692279,4642933.114351681,1.2,31,12,3,101-24,[]
TX,720.853901872,290602.239609759,4633576.002681812,1.2,1746,12,3,322-21,[]
TX,720.943982154,291574.463425365,4642661.323981415,1.2,1163,12,3,24-20,[]
TX,721.169170182,289798.545046208,4643194.006446201,1.2,2385,12,3,7-19,[]
TX,721.226332379,292852.645561112,4642229.716694081,1.2,426,12,3,141-13,[]
TX,721.452247239,291880.608920956,4642564.542587486,1.2,2487,12,3,76-9,[]
TX,721.590984811,294851.61192075,4648223.899298502,1.2,2622,12,3,93-27,[]
TX,721.818583719,289604.151571529,4643542.215757262,1.2,683,12,3,172-3,[]
TX,721.96854373,291235.07460167,4641262.173219173,1.2,7,9,3,100-25,[]
TX,722.049672563,289779.610174277,4641766.175275807,1.2,1950,7,3,351-21,[]
TX,722.319627824,290186.817093482,4646752.423551769,1.2,1354,12,3,266-25,[]
TX,722.358126008,291680.738728447,4642113.12412478,1.2,1372,11,3,268-30,[]
TX,722.756773799,290363.616572267,4636124.262400295,1.2,242,12,3,124-26,[]
TX,722.82050577,293170.346643959,4640629.526133659,1.2,1432,12,3,275-15,[]
TX,722.844392402,295822.840959478,4643712.170587053,1.2,1785,11,3,330-28,[]
TX,723.200347531,290791.553193916,4644245.639427321,1.2,1079,12,3,231-22,[]
TX,723.239452539,288534.300009875,4633826.662402487,1.2,1911,12,3,344-6,[]
TX,723.336584706,290359.989567712,4640410.639454124,1.2,1651,7,3,31-16,[]
TX,723.367827078,291871.037404259,4642561.080900525,1.2,2554,12,3,84-16,[]
TX,723.488473426,291047.098037461,4644019.95977308,1.2,1070,12,3,231-10,[]
TX,723.506524353,289858.836613594,4642400.320398977,1.2,1159,10,3,24-17,[]
TX,723.669558111,291748.997704062,4644291.563368776,1.2,304,12,3,130-13,[]
TX,723.99935483,290684.165782242,4642028.61073078,1.2,2449,9,3,72-5,"[['RX_GW', 724.371120801, 2449, 9, 3, 868.1, -127.135772318, '00:00:00:00:00:02']]"
TX,724.01260139,289910.043292235,4646385.748612703,1.2,1271,12,3,254-26,[]
TX,724.054435219,291104.847013576,4636128.199072901,1.2,528,12,3,151-9,[]
TX,724.273137741,291851.787917338,4636812.585409105,1.2,251,12,3,125-11,[]
TX,724.289036036,292988.23141287,4644362.652877466,1.2,2567,12,3,84-3,[]
TX,724.399855242,289705.024481059,4641868.058381774,1.2,13,7,3,100-5,"[['RX_GW', 724.514852033, 13, 7, 3, 868.1, -119.637640767, '00:00:00:00:00:02']]"
TX,724.410856955,292571.041385876,4641740.491336036,1.2,2116,12,3,41-27,[]
TX,724.522525424,292456.440473978,4641535.873137402,1.2,649,12,3,163-6,[]
TX,724.531652982,291146.485467229,4642476.482681469,1.2,1249,11,3,253-13,[]
TX,724.556746026,301377.616289284,4645204.493522483,1.2,1719,12,3,318-21,[]
TX,724.620240946,271817.775261222,4630683.991332167,1.2,821,12,3,190-6,[]
TX,724.649863362,291139.839372677,4642369.784286067,1.2,1670,11,3,310-17,[]
TX,724.722623277,291867.833609919,4642566.920518963,1.2,1321,12,3,261-14,[]
TX,724.72375802,291868.494767872,4642569.78252662,1.2,935,12,3,206-27,[]
TX,724.730161442,290757.565921134,4641538.295857835,1.2,276,7,3,128-1,[]
TX,724.781235932,290309.457078232,4641926.897207848,1.2,2568,9,3,84-30,[]
TX,724.809515893,292323.903953919,4637558.552406447,1.2,1857,12,3,339-13,[]
TX,724.839240537,291748.109034051,4639642.461767052,1.2,2490,12,3,79-19,[]
TX,724.87420051,273731.797105944,4630606.660892758,1.2,1264,12,3,254-17,[]
TX,724.909076904,289017.733654818,4639242.37392345,1.2,1458,11,3,281-3,[]
TX,725.494673398,292910.067032914,4643894.703914695,1.2,763,12,3,185-19,[]
TX,725.600112215,292000.114238247,4642605.021523372,1.2,2042,12,3,367-18,[]
TX,725.606858907,294555.506790648,4643704.257579699,1.2,1157,12,3,24-15,[]
TX,725.665652163,292077.473609871,4642838.427109716,1.2,1994,12,3,358-27,[]
TX,725.911072828,290937.51600505,4641800.381888913,1.2,1595,9,3,305-17,[]
TX,725.923203926,291103.349025178,4641927.720958414,1.2,1494,9,3,287-9,[]
TX,726.012726129,291104.714672547,4641505.474452567,1.2,605,10,3,160-3,[]
TX,726.374971614,273659.055837751,4630685.778282046,1.2,2124,12,3,42-14,[]
TX,726.426081582,291771.797265395,4642535.636356327,1.2,1555,12,3,298-5,[]
TX,726.435104251,290328.275564022,4641427.173201459,1.2,1681,7,3,310-7,[]
TX,726.621989892,290483.188844179,4642103.869825883,1.2,484,9,3,148-8,[]
TX,726.639703167,290745.227538425,4642998.490704298,1.2,2642,12,3,96-17,[]
TX,726.661843222,291053.687567327,4644050.999663074,1.2,60,12,3,103-30,[]
TX,726.700084059,292724.988022393,4641840.580922751,1.2,1381,12,3,269-19,[]
TX,726.896042197,292033.7953779,4641810.281916982,1.2,1770,12,3,326-5,[]
TX,726.919110637,273705.666110458,4630708.479669629,1.2,2138,12,3,43-21,[]
TX,727.427379039,291250.570630373,4641256.070562237,1.2,2323,9,3,58-7,[]
TX,727.44706181,289161.945826954,4644503.00946423,1.2,1113,12,3,237-12,[]
TX,727.517580757,293854.605322092,4642880.149234818,1.2,314,12,3,130-26,[]
TX,727.585727855,289352.361067338,4642508.068340605,1.2,758,9,3,184-13,[]
TX,727.695913573,291020.922291096,4640561.830842352,1.2,592,7,3,159-18,[]
TX,728.01202279,292259.42329732,4641677.06560498,1.2,643,12,3,163-27,[]
TX,728.054981116,293794.626307836,4635091.034657412,1.2,992,12,3,22-24,[]
TX,728.213998511,290610.810083664,4633568.658839737,1.2,1237,12,3,249-7,[]
TX,728.224660357,293202.692461622,4643112.0668503,1.2,2569,12,3,84-4,[]
TX,728.277669001,289049.217694727,4641929.68859979,1.2,2046,8,3,367-22,[]
TX,728.309756155,288962.855332719,4642633.396273574,1.2,1805,12,3,332-4,[]
TX,728.498238126,292288.270944776,4641745.360632177,1.2,1799,12,3,332-22,[]
TX,728.569408917,273705.254280754,4630697.49662098,1.2,2069,12,3,369-21,[]
TX,728.771689642,291653.402492276,4640874.779313831,1.2,530,10,3,152-11,[]
TX,728.805963656,293597.275167637,4641924.309818795,1.2,531,12,3,152-12,[]
TX,728.810480533,271550.372497142,4630583.081271289,1.2,1262,12,3,254-15,[]
TX,728.819019611,290064.854332954,4642391.781192991,1.2,1409,9,3,270-9,[]
TX,729.047324571,292521.380203699,4642490.2976879,1.2,570,12,3,157-20,[]
TX,729.216876401,290757.410350478,4641509.524945472,1.2,105,7,3,109-1,[]
TX,729.219121371,295194.815243858,4641851.076991912,1.2,888,7,3,201-13,[]
TX,729.241011442,290080.358182882,4642402.652561435,1.2,1400,9,3,270-23,[]
TX,729.388888575,294509.275256264,4650901.227713665,1.2,1680,12,3,310-6,[]
TX,729.44657963,288752.558850748,4642575.681170478,1.2,2154,11,3,45-1,[]
TX,729.62208421,273862.664678328,4630372.261182178,1.2,863,12,3,198-24,[]
TX,729.65521462,300719.00348793,4645083.749440825,1.2,1173,12,3,24-4,[]
TX,729.737770478,292377.254635457,4644049.70592915,1.2,143,12,3,110-11,[]
TX,729.951460513,292232.024747068,4638043.553433414,1.2,546,12,3,153-29,[]
TX,730.149920339,295151.158549354,4642738.917830718,1.2,472,8,3,148-22,[]
TX,730.167187041,285123.352920007,4633421.614813672,1.2,2043,12,3,367-19,[]
TX,730.199579572,292024.327982936,4641761.362836177,1.2,859,12,3,198-13,[]
TX,730.310986749,292543.084015221,4641964.209016716,1.2,1145,12,3,239-4,[]
TX,730.408539802,291694.538472021,4642122.863123261,1.2,554,11,3,155-17,[]
TX,730.49000803,285658.471942864,4641257.8258507,1.2,2320,12,3,58-4,[]
TX,730.657101384,271619.878772,4630653.602698398,1.2,1265,12,3,254-18,[]
TX,730.806799164,290225.225510461,4641982.351473261,1.2,459,8,3,147-27,"[['RX_GW', 731.014212357, 459, 8, 3, 868.1, -126.671275153, '00:00:00:00:00:02']]"
TX,731.356952081,291085.787589532,4641995.248550827,1.2,481,9,3,148-5,"[['RX_GW', 731.728718827, 481, 9, 3, 868.1, -129.653407038, '00:00:00:00:00:02']]"
TX,731.361783862,286697.360914285,4641699.682188442,1.2,1291,12,3,256-21,[]
TX,731.397577491,291034.33780177,4644011.642539996,1.2,2081,12,3,371-28,[]
TX,731.62624157,292675.203736326,4641823.765499925,1.2,2546,12,3,83-3,[]
TX,731.842817889,274344.417647128,4630707.522842484,1.2,1726,12,3,320-13,[]
TX,731.881870365,271781.827214728,4630737.541547352,1.2,399,12,3,140-1,[]
TX,731.901470092,291672.249174831,4639960.330632668,1.2,509,12,3,151-12,[]
TX,731.976951528,290144.58585456,4633648.848384879,1.2,1041,12,3,226-19,[]
TX,732.115505338,292108.192927433,4642935.596185209,1.2,2499,12,3,8-17,[]
TX,732.230906694,289167.654818809,4643759.757739036,1.2,695,12,3,174-19,[]
TX,732.332159575,271763.203531668,4630745.900772072,1.2,860,12,3,198-14,[]
TX,732.917089319,291864.446573812,4642749.959920039,1.2,2657,12,3,97-17,[]
TX,733.093689389,291229.125672073,4642269.82336909,1.2,2114,11,3,41-25,[]
TX,733.109075538,290931.483857166,4641189.258886661,1.2,560,7,3,155-29,[]
TX,733.202601693,287519.597575494,4641303.680958034,1.2,83,12,3,106-11,[]
TX,733.247807824,290350.086055533,4636096.132437079,1.2,1823,12,3,335-1,[]
TX,733.270975822,288863.671457285,4640086.906779204,1.2,2045,10,3,367-21,[]
TX,733.2800513,291084.55764427,4641025.993243375,1.2,2342,8,3,61-30,[]
TX,733.685150477,290800.474787165,4638092.239714952,1.2,469,12,3,148-19,[]
TX,733.775464334,290470.8748272,4640630.468140294,1.2,1334,7,3,262-26,[]
TX,734.095674134,290647.135967316,4646621.939415475,1.2,1311,12,3,260-20,[]
TX,734.261231552,286969.552668713,4641223.055154538,1.2,1384,12,3,269-21,[]
TX,734.307001828,293741.593710978,4645374.361005066,1.2,1646,12,3,31-11,[]
TX,734.31246967,289895.976903707,4639735.458305885,1.2,1982,8,3,357-6,[]
TX,734.445023974,291991.600664037,4643709.001144945,1.2,2459,12,3,75-13,[]
TX,734.614451546,292725.971483995,4638209.700854815,1.2,1457,12,3,281-20,[]
TX,734.637819402,292999.448572512,4642938.676492079,1.2,2102,12,3,40-14,[]
TX,734.92017926,293402.68136773,4644178.740018667,1.2,1342,12,3,264-19,[]
TX,735.019437117,289178.720794256,4642512.269166972,1.2,960,10,3,211-26,"[['RX_GW', 735.678948572, 960, 10, 3, 868.1, -132.630933734, '00:00:00:00:00:02']]"
TX,735.177993829,273708.260640039,4630665.963199375,1.2,1858,12,3,339-14,[]
TX,735.408953268,276180.449210558,4632003.1179412,1.2,1522,12,3,290-5,[]
TX,735.410026844,289969.663696819,4639938.8269046,1.2,1228,8,3,248-5,[]
TX,735.448420453,290345.319776228,4643842.871249042,1.2,221,12,3,121-20,[]
TX,735.502143635,291030.89165667,4643996.638774508,1.2,737,12,3,181-5,[]
TX,735.629732563,290279.098955526,4636360.389335421,1.2,2559,12,3,84-20,[]
TX,735.847315808,289155.885018088,4638601.162954184,1.2,682,12,3,172-29,[]
TX,736.151265593,292687.091891915,4641821.154795743,1.2,1940,12,3,349-21,[]
TX,736.301557843,287664.365413929,4622013.547120376,1.2,402,12,3,140-12,[]
TX,736.442235625,290401.492640637,4644024.030520319,1.2,1685,12,3,311-20,[]
TX,736.50432058,291128.195818392,4640343.243765988,1.2,1251,9,3,253-24,[]
TX,736.51599292,290666.082527116,4641307.738723258,1.2,2159,7,3,45-20,[]
TX,736.57170246,290732.822158204,4640852.377186217,1.2,1297,7,3,256-4,[]
TX,736.575309333,289235.407555747,4642501.843385642,1.2,591,10,3,159-17,[]
TX,736.601438498,292003.686216308,4641733.570200454,1.2,240,12,3,124-21,[]
TX,736.651033931,290873.399558664,4642261.077320823,1.2,152,10,3,110-27,[]
TX,736.73033806,290493.201799744,4643393.983959308,1.2,2443,12,3,72-25,[]
TX,736.789071813,271578.418267032,4630123.394638302,1.2,1626,12,3,308-24,[]
TX,736.793838565,290577.878248599,4636745.69109361,1.2,405,12,3,140-15,[]
TX,737.205516128,294802.011259876,4644851.931775229,1.2,508,12,3,151-11,[]
TX,737.244716712,287407.301143501,4641867.250810644,1.2,961,12,3,211-27,[]
TX,737.256518899,291175.100630882,4641309.419902246,1.2,1793,8,3,332-12,[]
TX,737.366909746,289336.892036639,4634304.765648426,1.2,142,12,3,110-10,[]
TX,737.478405631,292239.505425303,4642112.499156077,1.2,491,12,3,149-4,[]
TX,738.160987793,290845.688357799,4642276.123310214,1.2,1464,10,3,282-4,[]
TX,738.165271837,291119.393493657,4641451.739875894,1.2,2384,9,3,7-18,[]
TX,738.318360648,271519.061796735,4630591.222318339,1.2,1386,12,3,269-3,[]
TX,738.407455788,291828.821079655,4642553.020322371,1.2,818,12,3,190-30,[]
TX,738.467864575,290552.681630393,4642605.549705503,1.2,596,11,3,159-4,[]
TX,738.540199883,292777.613781193,4642123.096906948,1.2,914,12,3,203-28,[]
TX,738.620202621,292001.069340431,4642608.503703242,1.2,932,12,3,206-24,[]
TX,738.737605561,289360.360315741,4634604.638757222,1.2,275,12,3,127-7,[]
TX,738.828384935,289035.067245218,4636699.572622675,1.2,2557,12,3,84-19,[]
TX,739.02998707,290877.972836351,4642319.606344385,1.2,410,10,3,140-2,"[['RX_GW', 739.689498217, 410, 10, 3, 868.1, -132.258524238, '00:00:00:00:00:02']]"
TX,739.03368062,291732.606079411,4642153.613520225,1.2,1156,11,3,24-14,[]
TX,739.13622195,291897.781200201,4642572.049181908,1.2,2398,12,3,70-20,[]
TX,739.245492301,290588.175987928,4643025.518284152,1.2,343,12,3,137-2,[]
TX,739.44159427,291102.83881863,4641365.335859967,1.2,2291,9,3,56-12,[]
TX,739.491507036,289869.905502433,4639082.367399937,1.2,1049,11,3,226-27,[]
TX,739.728794177,291164.304482626,4641378.118321601,1.2,12,8,3,100-4,"[['RX_GW', 739.936208012, 12, 8, 3, 868.1, -125.306558733, '00:00:00:00:00:02']]"
TX,739.756376318,293327.661058389,4642682.274067078,1.2,1313,12,3,260-4,[]
TX,739.824098533,289612.399885682,4643515.31791494,1.2,338,12,3,137-14,[]
TX,740.091378674,292846.115355055,4643596.195747125,1.2,403,12,3,140-13,[]
TX,740.159899249,296649.920954149,4642700.380322902,1.2,1751,9,3,323-3,[]
TX,740.188255204,292004.245989219,4643704.654347311,1.2,2273,12,3,53-4,[]
TX,740.224550696,291341.832447202,4653442.805560703,1.2,2325,12,3,59-18,[]
TX,740.743042419,275230.965863552,4631337.098138867,1.2,1861,12,3,339-19,[]
TX,740.919341405,289331.586722626,4642547.27123639,1.2,2452,10,3,73-3,"[['RX_GW', 741.578852766, 2452, 10, 3, 868.1, -130.153086596, '00:00:00:00:00:02']]"
TX,740.971080013,294206.090320133,4639250.795110188,1.2,1800,12,3,332-24,[]
TX,740.986542733,293117.716145337,4642325.094180862,1.2,1895,12,3,341-19,[]
TX,741.019945496,290626.801097987,4646626.341450239,1.2,2415,12,3,71-2,[]
TX,741.08471173,293000.936615624,4643280.664772253,1.2,1,12,3,100-12,[]
TX,741.150473726,291068.514851297,4644042.133352234,1.2,328,12,3,131-24,[]
TX,741.153227916,292527.073914935,4642909.413820039,1.2,5,12,3,100-22,[]
TX,741.220827337,289679.992071681,4638755.207820807,1.2,1761,12,3,326-16,[]
TX,741.411180734,292155.528502564,4637054.085426807,1.2,2163,12,3,45-30,[]
TX,741.538988648,279973.171477557,4632602.045075886,1.2,501,12,3,150-29,[]
TX,741.648254033,291147.278165977,4636141.791685934,1.2,1917,12,3,347-14,[]
TX,742.188543385,291236.345215715,4639689.41682558,1.2,478,12,3,148-28,[]
TX,742.297224575,286579.085642717,4631590.61161461,1.2,198,12,3,119-13,[]
TX,742.590274096,290377.039434902,4641805.521884812,1.2,146,9,3,110-14,[]
TX,742.666394711,291848.68080668,4642553.223052348,1.2,622,12,3,162-29,[]
TX,742.740668046,290322.691262087,4643606.05864206,1.2,1066,12,3,229-4,[]
TX,742.823752148,274421.175976446,4630773.72164942,1.2,1281,12,3,256-1,[]
TX,742.927672738,289155.199037189,4634978.726929833,1.2,673,12,3,171-23,[]
TX,743.00023267,290128.810020899,4646762.652423215,1.2,466,12,3,148-14,[]
TX,743.01618108,295622.817052125,4645563.259400707,1.2,182,12,3,113-25,[]
TX,743.110179625,288114.065050898,4645464.715660908,1.2,2018,12,3,363-10,[]
TX,743.12258663,289210.411223421,4642067.228336775,1.2,180,9,3,113-14,[]
TX,743.195913462,290257.776563974,4641442.205452863,1.2,689,7,3,173-23,[]
TX,743.296884923,292719.639976681,4641848.192596219,1.2,401,12,3,140-11,[]
TX,743.379192311,292186.740571434,4643496.069989446,1.2,2588,12,3,87-27,[]
TX,743.542388501,294656.064298717,4642601.951333119,1.2,1431,10,3,275-1,"[['RX_GW', 744.201898618, 1431, 10, 3, 868.1, -130.226947037, '00:00:00:00:00:04']]"
TX,743.635073347,290405.570604364,4643406.9156509,1.2,1511,12,3,29-28,[]
TX,743.689833422,291029.645620789,4641930.853193853,1.2,1736,9,3,321-19,[]
TX,743.791742117,281777.829329363,4632760.268600136,1.2,1620,12,3,308-11,[]
TX,743.825068596,289362.039198849,4645313.914966415,1.2,2482,12,3,76-25,[]
TX,744.183698846,291914.489892916,4642577.769746482,1.2,2458,12,3,75-12,[]
TX,744.214921015,289887.639669505,4638084.343013722,1.2,155,12,3,111-11,[]
TX,744.223342565,272036.562422025,4630561.333225049,1.2,981,12,3,215-24,[]
TX,744.375964674,294150.604554353,4647406.151052332,1.2,2250,12,3,51-16,[]
TX,744.40776204,294977.751192056,4642712.883334811,1.2,1479,8,3,287-20,"[['RX_GW', 744.615175678, 1479, 8, 3, 868.1, -124.368833606, '00:00:00:00:00:04']]"
TX,744.454471927,294130.906553177,4647412.428526493,1.2,2225,12,3,50-15,[]
TX,744.493628747,289947.654927607,4634411.145161836,1.2,1843,12,3,337-12,[]
TX,744.506203782,291098.41053157,4640098.665070073,1.2,1674,9,3,310-20,[]
TX,744.527760624,288756.258002246,4642560.431272484,1.2,2587,11,3,87-26,[]
TX,744.593451195,293360.011599677,4649171.948946671,1.2,2448,12,3,72-4,[]
TX,744.654134788,291983.137174613,4642633.792593504,1.2,903,12,3,202-24,[]
TX,744.809136081,291045.264186053,4644018.841568043,1.2,320,12,3,130-7,[]
TX,744.891840212,293709.904497642,4645352.966592423,1.2,2177,12,3,46-3,[]
TX,744.927805049,289334.131971575,4639770.651924444,1.2,2037,9,3,367-11,"[['RX_GW', 745.299570876, 2037, 9, 3, 868.1, -127.832195463, '00:00:00:00:00:02']]"
TX,744.9284331,296578.26993696,4636038.500270008,1.2,2204,12,3,48-11,[]
TX,744.929289398,290595.2382319,4647687.024558292,1.2,1250,12,3,253-14,[]
TX,745.352284064,289401.173302816,4641535.875774818,1.2,1783,7,3,330-26,"[['RX_GW', 745.467280335, 1783, 7, 3, 868.1, -120.32601707, '00:00:00:00:00:02']]"
TX,745.377712648,291700.596034705,4640124.737550385,1.2,463,12,3,148-10,[]
TX,745.483561094,297548.150897537,4636848.607923348,1.2,2485,12,3,76-28,[]
TX,745.522145729,290340.74296574,4643347.562247678,1.2,1404,12,3,270-3,[]
TX,745.596552823,292082.541311959,4642720.350727405,1.2,2394,12,3,70-17,[]
TX,745.698387632,291719.161782038,4642163.071701624,1.2,645,11,3,163-29,[]
TX,746.27733817,290274.233853522,4643373.68130961,1.2,1399,12,3,270-21,[]
TX,746.538048483,295139.850733629,4642759.172443694,1.2,2665,8,3,97-25,"[['RX_GW', 746.745461965, 2665, 8, 3, 868.1, -124.619772274, '00:00:00:00:00:04']]"
TX,746.541161301,291580.37763101,4641383.611217076,1.2,830,11,3,194-25,[]
TX,746.552450189,291210.632757473,4642259.429134467,1.2,2643,12,3,96-18,[]
TX,746.665383185,290489.01953211,4640638.169715999,1.2,796,7,3,188-21,[]
TX,746.808958136,287913.588829317,4643992.104073918,1.2,1712,12,3,317-7,[]
TX,746.81004245,290047.525631174,4643395.118672165,1.2,475,12,3,148-25,[]
TX,746.872293291,289179.190811642,4642518.815520766,1.2,955,10,3,211-11,[]
TX,746.910745176,289949.530084155,4634413.522375301,1.2,1968,12,3,353-6,[]
TX,747.113709068,291235.20046056,4642277.021835454,1.2,2647,11,3,96-3,[]
TX,747.319955023,291842.825930239,4642548.893630323,1.2,2021,12,3,363-15,[]
TX,747.48535509,288614.908589252,4635217.443062512,1.2,2548,12,3,84-10,[]
TX,747.649063295,299794.012939573,4630301.618550217,1.2,407,12,3,140-17,[]
TX,747.708150488,292015.062320091,4642619.308931198,1.2,687,12,3,172-7,[]
TX,747.958263722,291981.301306386,4641599.729787339,1.2,831,11,3,194-26,[]
TX,748.167408591,290365.783919889,4643400.794162486,1.2,487,12,3,149-15,[]
TX,748.287383957,274048.269376003,4630513.169598068,1.2,2314,12,3,57-9,[]
TX,748.465214697,294131.956356077,4647408.07244968,1.2,2305,12,3,56-5,[]
TX,748.513924364,290643.98878283,4646625.611354607,1.2,2418,12,3,71-24,[]
TX,748.523802292,292273.704424807,4643522.379139195,1.2,2160,12,3,45-21,[]
TX,748.771295307,292262.573565301,4642929.656420156,1.2,1052,12,3,226-4,[]
TX,748.789723919,290615.958489873,4633561.529346278,1.2,954,12,3,211-10,[]
TX,748.821873753,291162.991373794,4641343.517489795,1.2,282,8,3,128-21,[]
TX,748.847628761,290849.871196526,4642268.151641533,1.2,937,9,3,206-8,[]
TX,748.964937751,288170.014249227,4643864.045449096,1.2,374,12,3,138-8,[]
TX,749.065647993,291237.606034733,4641401.161075416,1.2,2403,8,3,70-6,[]
TX,749.072941973,289833.977376945,4639603.661807771,1.2,1424,9,3,274-2,[]
TX,749.073291577,291040.678531409,4644010.629712974,1.2,2502,12,3,8-20,[]
TX,749.092526028,273666.931471744,4630697.511627484,1.2,1447,12,3,279-24,[]
TX,749.389520383,291896.182995512,4641641.972590402,1.2,2381,12,3,68-6,[]
TX,749.448131235,288734.016171132,4643200.501629015,1.2,432,12,3,141-26,[]
TX,749.465271108,290378.409750251,4641809.109727015,1.2,174,9,3,112-6,[]
TX,749.675380779,290526.759591645,4642028.61420786,1.2,2604,7,3,91-29,[]
TX,749.738882695,291416.270945955,4641312.999773748,1.2,16,9,3,100-8,[]
TX,749.98249973,291068.659768909,4644049.361495889,1.2,1556,12,3,298-7,[]
TX,750.225011723,292855.90455083,4641917.347514286,1.2,723,12,3,181-12,[]
TX,750.484595514,291925.587393796,4642583.110365065,1.2,1993,12,3,358-25,[]
TX,750.532905962,285503.092052688,4633190.167326792,1.2,1392,12,3,270-10,[]
TX,750.73748439,289001.432607416,4643782.175632165,1.2,125,12,3,109-3,[]
TX,750.743642706,291116.244020687,4642470.017454409,1.2,881,11,3,200-24,[]
TX,751.091184627,289678.65999393,4638822.443007624,1.2,76,12,3,105-18,[]
TX,751.151166756,292484.196911796,4641897.242463578,1.2,1319,12,3,261-12,[]
TX,751.238967696,288937.789968956,4642788.438715396,1.2,1187,12,3,242-12,[]
TX,751.239683019,289732.204775585,4641843.830907535,1.2,552,7,3,153-7,[]
TX,751.314759366,273718.787564321,4630662.031793295,1.2,1579,12,3,303-12,[]
TX,751.31809483,293441.335374238,4640008.709805077,1.2,771,12,3,186-10,[]
TX,751.737813947,291054.121972226,4641707.824364015,1.2,1460,9,3,282-18,[]
TX,751.76756413,271443.902601397,4630508.206843526,1.2,2513,12,3,80-7,[]
TX,751.811725757,295193.215821155,4646408.367935048,1.2,574,12,3,157-5,[]
TX,751.851715176,273675.322275781,4630625.178013186,1.2,1524,12,3,290-7,[]
TX,752.013272727,290083.88500162,4642389.652959103,1.2,1274,9,3,254-29,[]
TX,752.525009985,276068.280606873,4631907.335099814,1.2,1407,12,3,270-7,[]
TX,752.865722418,292865.261746601,4644250.601033879,1.2,2460,12,3,75-14,[]
TX,753.153692148,292536.686792098,4642525.22747196,1.2,1641,12,3,309-5,[]
TX,753.361173836,292256.5287833,4641937.970322232,1.2,1412,12,3,273-19,[]
TX,753.47085124,292306.684268392,4642047.113386167,1.2,235,12,3,124-16,[]
TX,753.565138354,294546.222591623,4639190.442241516,1.2,2119,12,3,41-9,[]
TX,753.688430241,286697.227860539,4645129.675163341,1.2,1360,12,3,267-12,[]
TX,753.819461561,291985.189605234,4639155.503707491,1.2,2530,12,3,82-26,[]
TX,753.828818554,289823.545390691,4643472.659181462,1.2,1091,12,3,232-17,[]
TX,753.863765196,291786.108997061,4641037.354795654,1.2,2066,11,3,369-18,[]
TX,753.873341636,295123.311574149,4642692.795688882,1.2,613,8,3,162-13,[]
TX,754.131289351,292733.0812282,4641834.262220281,1.2,750,12,3,182-3,[]
TX,754.131415823,293089.458695616,4643272.013532714,1.2,500,12,3,150-21,[]
TX,754.240196997,289205.726429366,4642071.358346594,1.2,2584,9,3,87-14,[]
TX,754.598488923,291954.234226352,4640724.553380792,1.2,678,12,3,171-28,[]
TX,754.606563021,292440.459057442,4637377.477086051,1.2,1650,12,3,31-15,[]
TX,754.630488502,290072.571243575,4642396.103996031,1.2,1824,9,3,335-15,[]
TX,754.728921962,291971.354782675,4643718.571551228,1.2,126,12,3,109-30,[]
TX,754.730571722,293514.07093299,4638744.433116042,1.2,661,12,3,167-4,[]
TX,755.017689607,288753.886275648,4642565.380560698,1.2,1005,11,3,221-13,[]
TX,755.027238747,289949.48349911,4634415.09091723,1.2,1498,12,3,288-20,[]
TX,755.073075533,287828.039981946,4638410.069381644,1.2,395,12,3,14-4,[]
TX,755.147286468,289328.223354026,4639756.33582446,1.2,148,9,3,110-23,[]
TX,755.270381791,289232.215750993,4642043.525883287,1.2,2526,10,3,82-22,[]
TX,755.830137639,301215.581376337,4645113.656126465,1.2,2404,12,3,70-7,[]
TX,755.908690543,291026.247818921,4644030.98499325,1.2,90,12,3,106-26,[]
TX,755.985865816,289316.990617535,4639765.478115389,1.2,1896,9,3,341-20,[]
TX,756.019821897,291337.539347269,4641337.894665882,1.2,1468,9,3,284-10,[]
TX,756.027236654,290845.90829306,4634701.535874453,1.2,2640,12,3,95-6,[]
TX,756.152579029,291544.068182502,4636530.375162069,1.2,539,12,3,153-1,[]
TX,756.57506685,289758.553913568,4641814.987084102,1.2,2312,7,3,57-26,"[['RX_GW', 756.690063428, 2312, 7, 3, 868.1, -121.563649042, '00:00:00:00:00:02']]"
TX,756.793571903,289928.16282577,4645978.366752194,1.2,1696,12,3,315-20,[]
TX,756.872045422,291834.471131937,4642548.597573843,1.2,782,12,3,186-8,[]
TX,756.901422245,288954.936402812,4642640.606960081,1.2,1170,12,3,24-29,[]
TX,757.192760603,297315.03120455,4646240.239396235,1.2,108,12,3,109-12,[]
TX,757.237691755,295613.367359173,4645557.839432172,1.2,2186,12,3,47-15,[]
TX,757.260198393,292402.222350052,4641911.005488432,1.2,322,12,3,130-9,[]
TX,757.363119901,299512.332470586,4635070.88957251,1.2,2501,12,3,8-19,[]
TX,757.434159256,290037.519744586,4642394.92179045,1.2,1613,9,3,306-20,[]
TX,757.493743347,293731.260200038,4645335.912814009,1.2,983,12,3,215-27,[]
TX,757.506904702,296463.772971055,4645783.307056306,1.2,907,12,3,202-28,[]
TX,757.556703845,297981.62132194,4643774.934723926,1.2,1112,12,3,237-11,[]
TX,757.56233587,287761.949725681,4645626.112182329,1.2,1952,12,3,351-4,[]
TX,757.680730412,287992.071893827,4643362.316315287,1.2,2673,12,3,97-7,[]
TX,757.696598892,291746.978784088,4642138.524710997,1.2,2169,11,3,46-15,[]
TX,757.827059608,291457.313669294,4635570.88206679,1.2,1181,12,3,241-14,[]
TX,757.93638155,288860.772197475,4634631.501204059,1.2,1389,12,3,269-5,[]
TX,758.236475745,289231.358392807,4642516.941175748,1.2,312,10,3,130-24,[]
TX,758.245411966,292817.64073376,4642792.296310446,1.2,270,12,3,127-21,[]
TX,758.272485375,291913.764235769,4642571.805328166,1.2,868,12,3,199-10,[]
TX,758.364451724,290448.832283982,4642886.610261976,1.2,2506,12,3,8-5,[]
TX,758.413655273,292130.831612881,4644175.317964823,1.2,1715,12,3,318-17,[]
TX,758.417147495,291982.952880283,4643717.408303736,1.2,739,12,3,181-8,[]
TX,758.666199504,289871.072069846,4642994.753383393,1.2,187,11,3,115-12,[]
TX,758.825525812,291987.166400112,4643709.769080434,1.2,2003,12,3,361-18,[]
TX,758.969236567,285132.516505592,4640756.296986009,1.2,2145,12,3,43-7,[]
TX,759.143820266,288378.614023372,4642765.002256452,1.2,1355,12,3,266-26,[]
TX,759.44695317,291048.180878141,4644064.58409594,1.2,211,12,3,12-3,[]
TX,759.485467405,291901.110103563,4642889.733189389,1.2,2638,12,3,95-21,[]
TX,759.801446143,291921.463737009,4642581.753031203,1.2,315,12,3,130-28,[]
TX,759.982425573,292541.539769488,4644010.882656612,1.2,10,12,3,100-28,[]
TX,760.12979685,294120.372796632,4642103.936691912,1.2,1202,10,3,244-28,"[['RX_GW', 760.789307816, 1202, 10, 3, 868.1, -130.455461487, '00:00:00:00:00:04']]"
TX,760.139321562,273707.341246577,4630615.88320324,1.2,132,12,3,11-17,[]
TX,760.149620256,296035.731061316,4643609.296912275,1.2,2223,12,3,50-13,[]
TX,760.441242383,293076.125148254,4643409.132846901,1.2,547,12,3,153-3,[]
TX,760.459106519,291370.634338797,4634631.073687657,1.2,814,12,3,190-20,[]
TX,760.626350046,290492.496430837,4647536.663831657,1.2,1102,12,3,233-13,[]
TX,760.791733249,292165.91410256,4642935.296725941,1.2,2631,12,3,95-1,[]
TX,760.920033938,287739.394744844,4634376.747612477,1.2,1865,12,3,339-25,[]
TX,761.048852343,291125.962803373,4642472.095645245,1.2,879,11,3,200-13,[]
TX,761.056774787,293700.896567354,4645351.206192552,1.2,2178,12,3,46-5,[]
TX,761.062298872,286457.693258475,4640880.046178155,1.2,321,12,3,130-8,[]
TX,761.071629588,293227.379232926,4643127.056314584,1.2,2188,12,3,47-18,[]
TX,761.10033811,292530.367263556,4642755.858029533,1.2,1813,12,3,334-17,[]
TX,761.100757577,295119.713708968,4642715.55076569,1.2,2529,8,3,82-25,[]
TX,761.162772834,293936.240589705,4642268.059625885,1.2,2253,11,3,51-19,[]
TX,761.169679151,289179.724135443,4642093.84055193,1.2,582,9,3,158-23,[]
TX,761.216314465,289321.543657001,4634308.339963122,1.2,2350,12,3,62-27,[]
TX,761.233180754,291067.5607661,4644021.788193241,1.2,2419,12,3,71-25,[]
TX,761.443838516,290708.644208112,4641291.932684924,1.2,1110,7,3,234-6,[]
TX,761.560251263,292327.124616469,4642038.449858653,1.2,1175,12,3,24-6,[]
TX,761.741769079,273671.380258207,4630688.429171583,1.2,2133,12,3,43-15,[]
TX,761.746198412,291186.795367426,4639486.115966616,1.2,1167,10,3,24-26,[]
TX,761.751104542,291590.131349088,4642163.057016759,1.2,2509,12,3,80-17,[]
TX,761.896231108,292057.537804287,4642932.206794156,1.2,2004,12,3,361-19,[]
TX,762.046998925,296588.377565604,4649222.690531947,1.2,1728,12,3,320-25,[]
TX,762.069988081,300731.837886894,4636998.385116791,1.2,2497,12,3,8-15,[]
TX,762.082835852,292685.300388133,4641799.176044318,1.2,841,12,3,195-4,[]
TX,762.214783622,291988.942607137,4643707.784905463,1.2,2605,12,3,91-3,[]
TX,762.264770428,292249.075917129,4638672.469538365,1.2,2661,12,3,97-21,[]
TX,762.398141506,291000.908128332,4644441.086125871,1.2,460,12,3,147-28,[]
TX,762.443678508,289002.56035042,4643791.577216818,1.2,257,12,3,125-26,[]
TX,762.494822241,291862.16845727,4642559.290926663,1.2,2056,12,3,367-8,[]
TX,762.621804702,290727.904623028,4637633.095001291,1.2,815,12,4,190-21,[]
TX,762.708717518,293680.374164155,4643527.327877249,1.2,1471,12,3,287-10,[]
TX,763.055048626,292332.1133995,4642043.72504108,1.2,370,12,3,138-4,[]
TX,763.204790739,291108.774882979,4641445.149311665,1.2,120,8,3,109-25,[]
TX,763.243685886,291743.147158036,4641526.603187575,1.2,1776,11,3,330-14,[]
TX,763.266272116,291938.521726793,4642575.149269948,1.2,2652,12,3,97-10,[]
TX,763.634321049,293488.066071606,4646177.605087996,1.2,544,12,3,153-20,[]
TX,763.685282579,289059.299008613,4637317.773114984,1.2,1213,12,3,246-11,[]
TX,763.687846226,292258.135800844,4642090.560355728,1.2,1369,12,3,268-20,[]
TX,763.714830289,273482.354141516,4630123.306854468,1.2,2633,12,3,95-15,[]
TX,763.782412882,293256.579799812,4643156.722304001,1.2,619,12,3,162-25,[]
TX,764.008979569,292231.088869198,4641936.686198265,1.2,1282,12,3,256-10,[]
TX,764.155308067,289538.264511111,4642433.176075594,1.2,2265,9,3,51-6,[]
TX,764.208196264,291047.787654542,4644029.044830355,1.2,2613,12,3,93-16,[]
TX,764.549212768,291049.35530458,4641127.472159305,1.2,185,8,3,115-10,[]
TX,764.714866192,291845.400197166,4642567.691106414,1.2,2016,12,3,362-6,[]
TX,764.730670246,295637.867252365,4645569.008417456,1.2,1790,12,3,330-9,[]
TX,764.776287376,288951.809560165,4638553.215644935,1.2,75,12,3,105-17,[]
TX,764.857502484,287657.24588306,4634329.228364647,1.2,930,12,3,206-13,[]
TX,764.999415859,291499.968929018,4650688.051924386,1.2,1023,12,3,223-13,[]
TX,765.064794802,291831.733617397,4642566.999800974,1.2,1385,12,3,269-29,[]
TX,765.201482055,290649.78109505,4646804.601008025,1.2,2292,12,3,56-13,[]
TX,765.26416488,291719.685634493,4642156.993767868,1.2,2542,11,3,83-18,[]
TX,765.306249845,289968.970116,4642811.111994609,1.2,1930,11,3,348-6,[]
TX,765.5772853,273710.285921354,4630684.461866232,1.2,653,12,3,167-15,[]
TX,765.669443771,291994.552433407,4643713.582432814,1.2,2609,12,3,91-6,[]
TX,765.713323581,291244.985081862,4641258.568700225,1.2,128,9,3,109-5,"[['RX_GW', 766.085089558, 128, 9, 3, 868.1, -127.844878625, '00:00:00:00:00:02']]"
TX,765.726461418,292392.716510983,4643099.298635481,1.2,1718,12,3,318-20,[]
TX,766.017965646,291527.176260197,4642126.32203929,1.2,1948,12,3,351-19,[]
TX,766.043015646,290633.251945661,4640858.598892403,1.2,1690,7,3,311-6,[]
TX,766.230807385,288599.989395998,4639318.860988398,1.2,1218,12,3,246-26,[]
TX,766.437150193,291010.602654366,4639058.289359792,1.2,1571,12,3,301-14,[]
TX,766.58090113,291950.021711879,4641429.152295389,1.2,2414,11,3,71-19,[]
TX,766.583022442,293707.319807345,4645350.434593919,1.2,308,12,3,130-19,[]
TX,766.728774041,294432.677908835,4645301.005332248,1.2,2471,12,3,75-6,[]
TX,767.029400912,290746.99173597,4642872.379247829,1.2,163,11,3,112-17,[]
TX,767.198628086,292518.838335827,4639701.843347986,1.2,1939,12,3,349-20,[]
TX,767.319919732,291097.186955456,4644765.00245435,1.2,1340,12,3,264-17,[]
TX,767.356647915,289287.376266866,4642406.895019845,1.2,1967,10,3,353-5,[]
TX,767.498676287,292002.099195538,4643694.490609027,1.2,363,12,3,138-23,[]
TX,767.533442253,298219.958058105,4636318.910573722,1.2,299,12,3,129-27,[]
TX,767.625958002,294889.616129651,4631414.935352108,1.2,2205,12,3,48-12,[]
TX,767.643820425,298542.273734282,4644229.263405648,1.2,2105,12,3,40-26,[]
TX,767.65771152,290674.81259713,4641491.920395526,1.2,827,7,3,194-22,[]
TX,767.780983927,292318.551886922,4642046.068826806,1.2,2634,12,4,95-16,[]
TX,767.990055231,293386.58026334,4644741.75725556,1.2,2306,12,3,56-6,[]
TX,768.057090349,289976.637914088,4634412.068549372,1.2,621,12,3,162-28,[]
TX,768.144513997,291977.664445823,4643700.662365261,1.2,845,12,3,197-15,[]
TX,768.188893212,292199.447935695,4638186.246079769,1.2,301,12,3,130-10,[]
TX,768.281177638,272785.497221986,4629715.071661398,1.2,2126,12,3,42-25,[]
TX,768.293657284,290742.277982679,4641517.348711411,1.2,1923,7,3,347-9,[]
TX,768.321535825,294388.736640329,4642860.980739893,1.2,1130,12,3,239-12,[]
TX,768.348772108,290496.496020012,4640648.574595254,1.2,278,7,3,128-18,[]
TX,768.372800067,273698.555651295,4630647.482387303,1.2,679,12,3,172-17,[]
TX,768.506265707,292329.218864832,4642040.554549886,1.2,349,12,3,137-27,[]
TX,768.574912522,273654.775418131,4630682.103526034,1.2,1975,12,3,357-17,[]
TX,768.631496563,291983.358000146,4643705.646011538,1.2,368,12,3,138-28,[]
TX,768.65376152,291209.524375109,4639555.728952271,1.2,1055,10,3,226-7,[]
TX,769.0993095,290681.914386416,4641290.207151834,1.2,761,7,3,185-17,[]
TX,769.103782933,290097.880901743,4640901.015904621,1.2,2038,7,3,367-12,[]
TX,769.286266116,289045.804532814,4641829.906220306,1.2,1965,9,3,353-30,"[['RX_GW', 769.658031933, 1965, 9, 3, 868.1, -129.055501176, '00:00:00:00:00:02']]"
TX,769.331296309,290675.957402094,4641309.035770402,1.2,283,7,3,128-29,[]
TX,769.377834221,290743.107945857,4642915.089821688,1.2,1601,11,3,305-24,[]
TX,769.524506132,290437.066868682,4646492.921827319,1.2,430,12,3,141-24,[]
TX,769.550982858,283190.072153549,4648156.633715502,1.2,2500,12,3,8-18,[]
TX,769.807688387,291778.742059498,4642799.195635312,1.2,2054,12,3,367-6,[]
TX,769.840690182,292926.866624035,4641022.440349665,1.2,922,12,3,204-24,[]
TX,769.937310111,290452.180847136,4645156.892846064,1.2,1928,12,3,348-3,[]
TX,769.979009464,291729.4550323,4642153.241629392,1.2,1165,11,3,24-24,[]
TX,770.012564375,290303.9447076,4642797.032265652,1.2,371,11,3,138-5,[]
TX,770.021543649,290418.607434458,4647179.82969543,1.2,1561,12,3,3-14,[]
TX,770.13746295,291081.72490506,4641010.541050133,1.2,800,8,3,188-6,[]
TX,770.167892085,291117.821537892,4644571.718474999,1.2,1817,12,3,334-21,[]
TX,770.325440261,290424.115628029,4641807.125379074,1.2,1062,9,3,229-2,[]
TX,770.420547866,290674.483935015,4641292.240580315,1.2,1120,7,3,237-28,[]
TX,770.542736789,291882.329747552,4642562.418177196,1.2,1429,12,3,274-5,[]
TX,770.658414758,291135.719959286,4646197.104813303,1.2,1259,12,3,254-12,[]
TX,770.687983169,291816.651793352,4641614.745603318,1.2,178,12,3,113-12,[]
TX,770.76801475,290768.471216118,4644491.732801907,1.2,1714,12,3,318-16,[]
TX,770.877264442,291249.028874147,4641264.679573362,1.2,1779,9,3,330-19,[]
TX,770.945191947,285538.575640593,4647222.960816477,1.2,2412,12,3,71-17,[]
TX,771.038621266,289927.510876562,4638012.870145932,1.2,2451,12,3,72-7,[]
TX,771.059483282,273686.108545329,4630642.793858744,1.2,835,12,3,194-9,[]
TX,771.107938793,295115.555094292,4642715.31086174,1.2,66,8,3,104-18,"[['RX_GW', 771.315352187, 66, 8, 3, 868.1, -124.202426901, '00:00:00:00:00:04']]"
TX,771.178757546,275919.795320247,4631824.763644538,1.2,1514,12,3,290-17,[]
TX,771.367121196,289237.6721101,4635076.000399748,1.2,1729,12,3,320-26,[]
TX,771.408416415,292317.620886159,4642048.733278853,1.2,238,12,3,124-2,[]
TX,771.451237599,299742.839642124,4630052.938365106,1.2,292,12,3,129-12,[]
TX,771.571593548,293333.030636534,4644274.612526228,1.2,1054,12,3,226-6,[]
TX,771.584320776,291009.509565415,4641193.914798936,1.2,2226,7,3,50-16,[]
TX,771.647156107,291797.510778505,4648681.124024121,1.2,1705,12,4,317-18,[]
TX,771.682874346,288449.351818445,4642415.264801725,1.2,882,11,3,200-25,[]
TX,771.687458778,287774.464831139,4645627.936753347,1.2,982,12,3,215-25,[]
TX,772.014207396,291396.001159484,4644170.004191924,1.2,1329,12,3,262-10,[]
TX,772.195886206,292092.305582764,4643503.867501352,1.2,497,12,3,150-18,[]
TX,772.225439253,289948.230223581,4634401.264921465,1.2,313,12,3,130-25,[]
TX,772.252618054,292530.000914185,4642920.982058251,1.2,1374,12,3,268-6,[]
TX,772.31459263,292784.910127642,4642168.294678067,1.2,1687,12,3,311-3,[]
TX,772.413292012,273646.535832422,4630653.922159027,1.2,1183,12,3,241-25,[]
TX,772.553388375,291890.947403387,4641081.686561479,1.2,1632,11,3,309-17,[]
TX,772.70598279,285891.973651277,4641162.528716991,1.2,1107,12,3,234-19,[]
TX,772.756418079,288398.261441804,4642857.102842131,1.2,1973,12,3,356-8,[]
TX,772.781504354,294314.795137487,4644190.181450591,1.2,1191,12,3,244-10,[]
TX,772.919025631,290844.468140298,4642259.0811676,1.2,439,9,3,145-10,[]
TX,773.046749804,292280.448679345,4637823.035843826,1.2,1423,12,3,274-18,[]
TX,773.408689727,292665.85026786,4641810.599549893,1.2,1437,12,3,275-2,[]
TX,773.434210341,291831.099391927,4640757.688236099,1.2,1798,12,3,332-21,[]
TX,773.475670583,292030.801872555,4644001.089934871,1.2,731,12,3,181-23,[]
TX,773.51760416,290262.488016662,4640261.582749409,1.2,838,7,3,195-20,[]
TX,773.58276662,292059.607284288,4640498.416386363,1.2,248,11,3,124-6,[]
TX,773.627763364,289025.068147038,4642980.259276798,1.2,250,12,3,125-10,[]
TX,773.642997348,290644.128887316,4641958.882350454,1.2,602,9,3,160-2,[]
TX,773.797822601,291522.691031433,4641341.817898109,1.2,610,10,3,162-1,[]
TX,774.0571461,290623.945557523,4647291.075720067,1.2,2410,12,3,71-14,[]
TX,774.183096092,292223.143577049,4638087.916502046,1.2,648,12,3,163-5,[]
TX,774.206265261,296141.813659317,4642875.637764729,1.2,837,8,3,195-19,[]
TX,774.292686741,290553.419630382,4643018.466776803,1.2,417,12,3,140-28,[]
TX,774.325117924,291123.711966516,4639403.221361882,1.2,82,12,3,106-10,[]
TX,774.328387738,291462.704514929,4643808.438690848,1.2,876,12,3,199-27,[]
TX,774.384555011,285883.068704773,4630716.630583301,1.2,757,12,3,184-10,[]
TX,774.928687909,292809.61856304,4641971.978464622,1.2,913,12,3,203-27,[]
TX,775.089251137,294147.491868821,4647420.980687314,1.2,93,12,3,107-10,[]
TX,775.144819995,284577.451533149,4640504.006981704,1.2,2140,12,3,43-27,[]
TX,775.243513356,289429.443366108,4645441.960988898,1.2,1945,12,3,349-5,[]
TX,775.336714293,288442.581034658,4642919.648186317,1.2,2288,12,3,55-7,[]
TX,775.340886243,289954.792346402,4634424.822774357,1.2,264,12,3,127-1,[]
TX,775.377522029,290061.364215561,4635354.857630882,1.2,197,12,3,119-12,[]
TX,775.473785965,292281.28644069,4642025.408454586,1.2,2635,12,3,95-18,[]
TX,775.917206068,292158.329717043,4643654.06215123,1.2,1880,12,3,340-17,[]
TX,776.043952103,289308.359626956,4635101.238922347,1.2,977,12,3,215-13,[]
TX,776.044221596,291832.530927071,4642558.153195075,1.2,1325,12,3,261-27,[]
TX,776.054733302,271916.757183507,4630650.536044974,1.2,543,12,3,153-2,[]
TX,776.120264259,271620.293463049,4630645.119227476,1.2,1867,12,3,339-27,[]
TX,776.142939278,292328.064345976,4641988.119673023,1.2,2071,12,3,369-7,[]
TX,776.234329008,288925.633318055,4641946.719442245,1.2,1224,9,3,248-20,[]
TX,776.485473987,291059.165350278,4644031.657871172,1.2,50,12,4,102-5,[]
TX,776.649409579,293472.701231349,4642088.55360316,1.2,2591,12,3,88-13,[]
TX,776.721240138,290082.609375305,4635393.204177575,1.2,1540,12,3,294-11,[]
TX,776.838352843,290705.012043733,4641292.421545653,1.2,425,7,3,141-12,[]
TX,777.135293512,288324.004923422,4638766.901565575,1.2,1216,12,3,246-14,[]
TX,777.161454213,291146.643735316,4641371.88421198,1.2,705,8,3,176-10,[]
TX,777.208681654,292930.617786085,4636852.567973143,1.2,987,12,3,22-10,[]
TX,777.245717959,298048.802538625,4646607.585965269,1.2,1015,12,3,222-13,[]
TX,777.362806516,292662.866410828,4641053.372764807,1.2,9,12,3,100-27,[]
TX,777.536480746,286106.368626024,4634508.297604399,1.2,1151,12,3,24-1,[]
TX,777.541109674,291665.144591609,4642136.959425469,1.2,1171,11,3,24-3,[]
TX,777.584518407,292681.926417067,4641807.062137641,1.2,179,12,3,113-13,[]
TX,777.698140927,289219.82183225,4642058.894359552,1.2,306,9,3,130-17,[]
TX,777.947514612,290653.843711673,4641319.390370355,1.2,1061,7,3,229-19,[]
TX,778.050991846,280285.942284976,4632625.03432767,1.2,1370,12,3,268-29,[]
TX,778.076248791,271625.856499389,4630692.131935198,1.2,2153,12,3,44-28,[]
TX,778.212024433,273657.567152335,4630699.011800475,1.2,1541,12,3,294-12,[]
TX,778.728951305,291250.106584169,4641268.230370322,1.2,2408,9,3,71-12,[]
TX,778.950595154,285776.378098163,4634145.554509142,1.2,1922,12,3,347-8,[]
TX,779.778855289,290152.706637218,4635345.773293608,1.2,1581,12,3,303-29,[]
TX,780.082395998,288108.013912815,4643051.761663319,1.2,64,12,3,103-7,[]
TX,780.166019805,291058.80459331,4639297.780854895,1.2,828,12,3,194-23,[]
TX,780.246290552,289304.481850797,4642052.285142168,1.2,711,8,3,178-19,[]
TX,780.437414566,286373.809036846,4640680.68145902,1.2,659,12,3,167-21,[]
TX,780.503949952,289573.754935193,4642051.340244056,1.2,1553,7,3,298-3,[]
TX,780.584660126,290424.881101658,4642312.604322101,1.2,121,9,3,109-26,[]
TX,780.935852436,273677.394224923,4630624.086317271,1.2,1629,12,3,308-27,[]
TX,780.937327045,289229.183478021,4642074.500178212,1.2,1482,9,3,287-23,[]
TX,780.995099964,289571.395943263,4642606.287524308,1.2,2445,11,3,72-27,[]
TX,781.11706347,290059.696006862,4642395.537227113,1.2,183,9,3,113-27,[]
TX,781.300359557,292260.48099695,4637838.799848117,1.2,934,12,3,206-26,[]
TX,781.327099858,291729.132624938,4642819.50035732,1.2,892,12,3,201-24,[]
TX,781.353405423,292437.569038295,4643482.919652383,1.2,1016,12,3,222-14,[]
TX,781.433842984,291060.854444781,4641644.452287279,1.2,939,9,3,209-11,[]
TX,781.467671727,295145.450042193,4642708.485939234,1.2,1847,8,3,337-25,"[['RX_GW', 781.675085051, 1847, 8, 3, 868.1, -125.174446487, '00:00:00:00:00:04']]"
TX,781.483161708,292692.628086716,4641817.887031008,1.2,1815,12,3,334-19,[]
TX,781.544666401,290067.922718741,4634510.238701737,1.2,628,12,3,163-1,[]
TX,781.643272151,289652.178075796,4643507.860097633,1.2,378,12,3,139-12,[]
TX,781.678810416,293408.713522899,4644451.091236567,1.2,1900,12,3,341-5,[]
TX,781.715947896,292682.961786237,4641807.564335152,1.2,1146,12,3,239-5,[]
TX,781.800139669,291028.293642535,4641945.659829248,1.2,1789,9,3,330-7,[]
TX,782.001874545,297395.10743754,4646268.132572186,1.2,1773,12,3,330-10,[]
TX,782.307388912,290730.073291882,4642314.550461707,1.2,1477,9,3,287-18,[]
TX,782.340744455,294965.30607338,4642717.288495717,1.2,1491,7,3,287-6,[]
TX,782.361412061,284416.812011497,4640400.168923163,1.2,2544,12,3,83-20,[]
TX,782.609375456,289893.321037393,4638935.593091452,1.2,1158,12,3,24-16,[]
TX,782.609648768,292118.332149636,4637032.15667654,1.2,1827,12,3,335-6,[]
TX,782.707471967,291282.535334096,4642388.328955376,1.2,1519,12,3,290-21,[]
TX,782.750225842,290677.158769743,4641308.119365241,1.2,2167,7,3,45-7,"[['RX_GW', 782.865222092, 2167, 7, 3, 868.1, -121.723194733, '00:00:00:00:00:02']]"
TX,783.082946736,291124.016633499,4641163.304497427,1.2,2532,8,3,82-28,"[['RX_GW', 783.290360235, 2532, 8, 3, 868.1, -124.351871623, '00:00:00:00:00:02']]"
TX,783.171061263,295004.103125564,4645940.692096226,1.2,2303,12,3,56-3,[]
TX,783.251489305,289582.229969931,4642419.500634958,1.2,1600,10,3,305-21,[]
TX,783.28738945,290991.624198193,4639056.104528394,1.2,2224,11,3,50-14,[]
TX,783.334616233,290425.196963827,4641315.17465534,1.2,1673,7,3,310-2,"[['RX_GW', 783.449611802, 1673, 7, 3, 868.1, -114.465853823, '00:00:00:00:00:02']]"
TX,783.345104869,291237.2361646,4638752.896538208,1.2,895,12,3,201-27,[]
TX,783.467625861,291941.852572772,4642573.061465666,1.2,2664,12,3,97-24,[]
TX,783.601967404,291081.490874075,4641935.270821882,1.2,600,9,3,160-1,[]
TX,783.929822235,291301.48110656,4642395.653180359,1.2,2062,12,3,368-3,[]
TX,784.106955763,290873.107755206,4641306.74599947,1.2,1244,7,3,250-4,[]
TX,784.22369204,292507.751675826,4646141.913354429,1.2,2002,12,3,361-17,[]
TX,784.309651353,292072.890209611,4641807.287439954,1.2,1161,12,3,24-19,[]
TX,784.320478356,292110.742091291,4642707.278683566,1.2,1567,12,3,301-10,[]
TX,784.34313116,292488.159664456,4641502.53287843,1.2,1664,12,3,31-30,[]
TX,784.459243072,292521.868356328,4642811.967767433,1.2,638,12,3,163-20,[]
TX,784.460547997,295388.106808497,4645464.795297001,1.2,2185,12,3,47-14,[]
TX,784.463579469,292549.062238951,4641743.495736501,1.2,441,12,3,145-12,[]
TX,784.565156353,286337.662812248,4634559.950335382,1.2,2527,12,3,82-23,[]
TX,784.588159414,293130.43500344,4643038.937650329,1.2,1849,12,3,337-28,[]
TX,784.664565424,290354.464207359,4637008.765225661,1.2,2552,12,3,84-14,[]
TX,784.71310488,293850.387453133,4646613.029146686,1.2,635,12,3,163-17,[]
TX,784.78663157,291758.678419627,4642509.721887641,1.2,616,12,3,162-19,[]
TX,784.903309701,272075.377321029,4629904.536972339,1.2,2086,12,3,374-29,[]
TX,784.97774036,291007.461016739,4642248.370912981,1.2,1463,11,3,282-3,[]
TX,785.080669099,291192.133067435,4641249.672815486,1.2,657,9,3,167-19,[]
TX,785.189622424,289951.038467742,4634414.202426522,1.2,662,12,3,167-5,[]
TX,785.302272045,273651.752845441,4630678.903787633,1.2,2120,12,3,42-10,[]
TX,785.528541295,290161.013469759,4635288.619307525,1.2,1744,12,3,322-18,[]
TX,785.536313887,291831.821355221,4642556.280546534,1.2,285,12,3,128-30,[]
TX,785.603887148,290223.185577351,4642586.51545358,1.2,1286,10,3,256-16,[]
TX,785.812865128,287998.282032092,4634555.603299226,1.2,201,12,3,119-24,[]
TX,785.899286533,297470.719145138,4641220.627616878,1.2,2248,10,3,51-14,[]
TX,786.323088469,289893.967213888,4642703.840564065,1.2,927,11,4,206-10,"[['RX_GW', 787.803847967, 927, 11, 4, 868.1, -134.25724997, '00:00:00:00:00:02']]"
TX,786.484288077,286740.232233107,4641386.042059399,1.2,1649,12,3,31-14,[]
TX,786.526001816,291368.159849995,4638518.47813841,1.2,260,12,3,126-12,[]
TX,786.568092776,291992.27356194,4643710.844831509,1.2,2295,12,3,56-19,[]
TX,786.599505148,292983.380063234,4642137.124947787,1.2,427,12,3,141-14,[]
TX,786.805550484,298140.363218835,4637576.898308878,1.2,1470,12,3,284-25,[]
TX,786.87339179,284948.917426522,4640456.452339273,1.2,2156,12,3,45-18,[]
TX,786.896380661,292314.714075962,4642055.795974621,1.2,1782,12,3,330-25,[]
TX,786.958351229,289951.407732569,4634405.041999103,1.2,1787,12,3,330-4,[]
TX,787.165997822,291066.999749742,4644052.313343141,1.2,725,12,3,181-14,[]
TX,787.317365753,291980.127588549,4643715.819599515,1.2,1505,12,3,29-12,[]
TX,787.464673268,276213.353546795,4632009.571665327,1.2,1428,12,4,274-30,[]
TX,787.73953519,291700.326528431,4642119.803854278,1.2,2174,11,3,46-2,[]
TX,787.802404904,291741.04064104,4642157.888026083,1.2,2168,11,3,46-1,[]
TX,788.134399836,291544.122845989,4638772.399105501,1.2,447,12,3,145-27,[]
TX,788.264255159,289918.162363063,4639332.920489335,1.2,2401,11,3,70-4,[]
TX,788.297179106,289537.494405565,4642431.648780062,1.2,2528,9,3,82-24,[]
TX,788.329822946,273699.563953622,4630640.989756215,1.2,1189,12,3,242-25,[]
TX,788.723293427,304909.104263167,4649710.484218054,1.2,2620,12,3,93-25,[]
TX,788.921983149,272123.292956438,4630293.140390219,1.2,1916,12,3,347-13,[]
TX,789.267393031,291036.41943927,4641350.693777861,1.2,513,8,3,151-19,[]
TX,789.484683303,292036.701078409,4641783.338792712,1.2,1759,12,3,326-1,[]
TX,789.53610853,292616.41845737,4641984.444704564,1.2,2391,12,3,7-6,[]
TX,789.689614162,288285.435065223,4644881.677904093,1.2,2417,12,3,71-21,[]
TX,789.712809337,291856.922814041,4642580.82192385,1.2,1122,12,3,237-9,[]
TX,789.755200778,289320.168362042,4639756.998598759,1.2,1221,9,3,248-17,[]
TX,789.969255216,290659.181738009,4641204.822290848,1.2,663,7,3,167-6,[]
TX,790.187416754,290834.578097918,4636945.550763563,1.2,1106,12,3,234-17,[]
TX,790.257389773,290512.880999554,4642302.493349995,1.2,2421,10,3,71-27,[]
TX,790.274303592,299803.422771536,4645112.900263473,1.2,115,12,3,109-19,[]
TX,790.442304938,289965.923726501,4637832.763558021,1.2,2562,12,3,84-25,[]
TX,790.601320134,298988.476159914,4640843.431794432,1.2,825,12,3,194-12,[]
TX,790.645279109,290679.524614902,4641308.764854793,1.2,1762,7,3,326-17,[]
TX,790.66002604,293160.206406041,4643049.811558773,1.2,2251,12,3,51-17,[]
TX,790.697186801,291301.785141281,4639839.486039171,1.2,1258,11,3,254-11,[]
TX,790.743340395,290558.070030167,4640844.857404383,1.2,1331,7,3,262-14,[]
TX,790.844304162,291037.119318897,4644006.296747221,1.2,279,12,3,128-19,[]
TX,790.874203309,286679.544437126,4634419.273264626,1.2,1879,12,3,340-14,[]
TX,790.902572407,291654.8337533,4643920.368538493,1.2,207,12,3,12-2,[]
TX,791.011728269,291411.129172798,4641310.1463202,1.2,1578,9,3,301-28,[]
TX,791.018034439,292642.106479235,4641767.571257248,1.2,1951,12,4,351-3,[]
TX,791.109496491,292049.836800009,4641782.711884897,1.2,231,12,3,124-10,[]
TX,791.29361928,289970.320108188,4643287.869216776,1.2,959,12,3,211-24,[]
TX,791.472439356,293704.356152397,4645356.570771845,1.2,765,12,3,185-21,[]
TX,791.492364887,295605.883812879,4645543.00308101,1.2,2179,12,3,46-6,[]
TX,791.591146129,289641.965414716,4643506.091265819,1.2,791,12,3,187-5,[]
TX,791.599888329,292404.361277809,4644049.25842123,1.2,38,12,3,101-5,[]
TX,791.61584972,272083.56573335,4630398.780621506,1.2,200,12,3,119-23,[]
TX,792.197804651,291913.445566681,4642573.792170159,1.2,2435,12,4,72-15,[]
TX,792.210375908,292287.680582107,4642030.426327522,1.2,489,12,3,149-18,[]
TX,792.218763679,293071.4620983,4642415.059820293,1.2,2646,12,3,96-21,[]
TX,792.697755248,291515.92833552,4641494.969119692,1.2,1599,11,3,305-20,[]
TX,792.71217343,291025.091418668,4641771.809924576,1.2,976,9,3,215-12,[]
TX,792.714640705,292408.764832748,4637342.268054884,1.2,1809,12,4,332-8,[]
TX,792.762602605,275914.883436723,4631805.381805345,1.2,471,12,3,148-21,[]
TX,792.794640769,291980.581650362,4643700.868024719,1.2,2091,12,3,39-22,[]
TX,792.862086432,288861.0099908,4641824.914629283,1.2,2157,9,3,45-19,[]
TX,792.933673385,288253.720884166,4642885.187244607,1.2,915,12,3,204-10,[]
TX,793.014646577,291478.924744002,4642480.592340323,1.2,2064,12,3,368-6,[]
TX,793.364595723,287811.107704643,4637493.845516238,1.2,78,12,3,105-20,[]
TX,793.383497723,289944.57199294,4634412.692389523,1.2,2641,12,3,95-7,[]
TX,793.393830397,291899.746735022,4642361.633993987,1.2,2257,12,3,51-24,[]
TX,793.596967638,291887.034029686,4642544.708591057,1.2,245,12,3,124-30,[]
TX,793.633866135,291828.346161162,4642344.010765186,1.2,1597,12,3,305-19,[]
TX,793.693824778,290060.918370709,4642399.405656847,1.2,1647,9,3,31-12,[]
TX,793.763460633,292913.682567022,4642613.383304629,1.2,1414,12,3,273-21,[]
TX,793.898507502,292790.303461644,4640482.009306566,1.2,1037,12,3,226-13,[]
TX,794.103765244,291202.525026693,4641292.457045177,1.2,145,8,4,110-13,[]
TX,794.220326376,290263.900458906,4644140.051957217,1.2,2274,12,3,53-5,[]
TX,794.420341565,289613.305265398,4643524.239592509,1.2,496,12,3,150-17,[]
TX,794.453231095,294771.439244689,4638483.857041121,1.2,615,12,3,162-18,[]
TX,794.527467928,291067.489496504,4644028.297362345,1.2,1025,12,3,223-22,[]
TX,794.882960074,286533.616768168,4641890.074851183,1.2,2014,12,3,362-20,[]
TX,795.024035382,291138.060198016,4641375.325970914,1.2,1316,8,3,260-7,"[['RX_GW', 795.231449132, 1316, 8, 3, 868.1, -124.937233958, '00:00:00:00:00:02']]"
TX,795.074358076,290922.637270092,4643943.408510162,1.2,2335,12,3,61-17,[]
TX,795.100781932,291553.989747611,4639913.756012587,1.2,949,10,3,21-24,[]
TX,795.706662451,289840.681043943,4638492.098591449,1.2,1050,12,3,226-28,[]
TX,795.742407635,292639.918779203,4641769.297174267,1.2,504,12,3,150-4,[]
TX,795.814148202,295137.712822262,4642747.732880875,1.2,2235,8,3,50-28,[]
TX,795.97566295,291840.68963864,4642559.694125142,1.2,188,12,3,115-13,[]
TX,796.017764947,290694.959188526,4641311.432633559,1.2,29,7,3,101-20,[]
TX,796.028483686,291507.075394589,4641315.761606283,1.2,1046,10,3,226-24,[]
TX,796.227859196,292353.099613374,4642015.822508571,1.2,345,12,3,137-21,[]
TX,796.246738791,283368.602078468,4632809.110362994,1.2,1363,12,3,267-24,[]
TX,796.542631121,291092.33007966,4643698.24142017,1.2,877,12,3,200-10,[]
TX,796.953208783,290608.631373364,4633573.348885763,1.2,549,12,3,153-4,[]
TX,797.008293063,290918.790196295,4639060.532024462,1.2,1577,10,3,301-27,[]
TX,797.076877,291742.242334052,4642829.847642686,1.2,319,12,3,130-6,[]
TX,797.116216501,291747.547328342,4639700.647508397,1.2,641,12,3,163-25,[]
TX,797.138612089,290845.71680877,4642271.206606609,1.2,2377,9,3,68-29,[]
TX,797.141857772,287470.45410981,4641217.859622137,1.2,2281,12,3,55-19,[]
TX,797.143396578,293639.74440268,4645917.724845404,1.2,398,12,3,14-7,[]
TX,797.148338995,289431.781432343,4635046.004266712,1.2,2355,12,3,66-20,[]
TX,797.428062463,289598.663785396,4643507.855940371,1.2,1076,12,3,231-18,[]
TX,797.443258552,294987.308803904,4642703.241317409,1.2,1433,8,3,275-16,[]
TX,797.652859037,291083.443490499,4642348.563076078,1.2,2272,10,3,53-3,[]
TX,797.860185285,291845.547280362,4642564.474703725,1.2,686,12,3,172-6,[]
TX,797.881273202,289957.48628718,4634382.838490419,1.2,712,12,3,178-3,[]
TX,797.907761328,292700.609262973,4642332.844905897,1.2,92,12,3,106-28,[]
TX,797.99007696,293196.588730343,4640470.900954204,1.2,842,12,3,195-5,[]
TX,798.033068928,292840.821075198,4634974.417832488,1.2,1659,12,3,31-26,[]
TX,798.095635647,273661.949226864,4630645.587324668,1.2,2496,12,3,79-7,[]
TX,798.352103404,299786.315667423,4630294.892276114,1.2,966,12,3,214-19,[]
TX,798.919949202,299743.709529276,4630057.238610237,1.2,840,12,3,195-3,[]
TX,798.949440941,294942.663284672,4636174.574432691,1.2,640,12,3,163-24,[]
TX,799.062937026,291067.7993275,4644047.004209157,1.2,58,12,3,103-29,[]
TX,799.169523256,293072.284783546,4642401.190993041,1.2,362,12,3,138-22,[]
TX,799.312969595,291440.489703074,4642054.750462458,1.2,2450,11,3,72-6,[]
TX,799.343510016,291557.713915961,4642157.256958026,1.2,1547,11,3,297-7,[]
TX,799.684688159,290892.153666098,4642257.101572759,1.2,2371,10,3,68-1,[]
TX,799.763256279,295613.703738646,4641902.081422311,1.2,798,7,3,188-4,"[['RX_GW', 799.878250486, 798, 7, 3, 868.1, -95.997377713, '00:00:00:00:00:04']]"
TX,799.787965013,292133.331507171,4642206.25318128,1.2,2337,12,3,61-19,[]
TX,799.816199344,288394.48352976,4641372.466776225,1.2,2357,10,3,66-3,[]
TX,799.868224213,291948.92588927,4643913.029211504,1.2,697,12,3,174-21,[]
TX,799.923191828,292253.180199078,4641927.961687444,1.2,2453,12,3,73-30,[]
TX,800.012598895,291925.412815172,4640744.033083402,1.2,2139,12,3,43-25,[]
TX,800.100161889,292153.787821643,4643641.086584479,1.2,2563,12,3,84-26,[]
TX,800.309308785,290868.127461913,4642261.458908273,1.2,2516,10,3,81-12,[]
TX,800.635653613,289773.154300667,4639515.652631995,1.2,2075,10,3,371-22,[]
TX,800.859220411,291752.973959774,4642571.634111495,1.2,1257,12,3,254-10,[]
TX,801.069556682,290653.814226871,4646001.611756837,1.2,1724,12,3,318-7,[]
TX,801.141733471,292054.599449569,4643960.122742054,1.2,2626,12,3,93-30,[]
TX,801.281703577,290958.100931129,4642037.729017447,1.2,212,10,3,12-30,[]
TX,801.343527322,299757.301464279,4630049.138742875,1.2,1001,12,3,220-27,[]
TX,801.476158351,291153.214595616,4641290.295681386,1.2,871,8,3,199-14,[]
TX,801.520576818,290371.993359026,4635091.823193604,1.2,2123,12,3,42-13,[]
TX,801.539822158,289737.406434707,4639464.839573275,1.2,746,10,3,182-21,[]
TX,801.622683458,290199.138205569,4635363.042071066,1.2,1835,12,3,336-3,[]
TX,801.651886845,289901.957460726,4638116.624526308,1.2,2556,12,3,84-18,[]
TX,801.662640177,289959.867365048,4642888.47902026,1.2,2653,12,3,97-11,[]
TX,801.682636482,272836.302854676,4629745.362119916,1.2,2131,12,3,43-11,[]
TX,801.957425928,290588.567440778,4641355.676245805,1.2,1352,7,3,266-14,"[['RX_GW', 802.072422011, 1352, 7, 3, 868.1, -114.75957155, '00:00:00:00:00:02']]"
TX,802.046021397,290825.041737374,4642283.039831317,1.2,2585,10,3,87-24,[]
TX,802.061564235,271739.487928619,4630705.765235659,1.2,1936,12,4,349-17,[]
TX,802.142051799,290899.711061932,4636960.340723664,1.2,741,12,3,182-10,[]
TX,802.357119836,291042.874663547,4641357.690732621,1.2,849,9,3,197-20,"[['RX_GW', 802.72888528, 849, 9, 3, 868.1, -127.067754361, '00:00:00:00:00:02']]"
TX,802.598526767,291881.400241152,4642570.658222132,1.2,2668,12,3,97-28,[]
TX,802.612711694,292306.771367452,4641763.347511946,1.2,3,12,3,100-14,[]
TX,802.680250414,291988.646210711,4643708.586792283,1.2,222,12,3,121-29,[]
TX,803.014726132,292670.188685834,4641775.045035582,1.2,2392,12,3,7-7,[]
TX,803.243076332,292343.697405613,4642250.487291632,1.2,1411,12,3,273-18,[]
TX,803.291808725,289326.962437706,4647393.901997331,1.2,1706,12,3,317-19,[]
TX,803.395533402,291865.174910059,4642558.690258023,1.2,700,12,3,174-6,[]
TX,803.592669149,291928.44073986,4642591.636809207,1.2,340,12,3,137-16,[]
TX,803.603385189,290587.339389788,4642296.336381122,1.2,1961,10,3,353-20,[]
TX,803.701210048,286710.5741258,4645127.730646702,1.2,1970,12,3,356-25,[]
TX,803.749836298,290299.913979201,4642184.831224496,1.2,1568,10,3,301-11,[]
TX,803.973028691,290690.897316884,4641292.372327886,1.2,296,7,3,129-23,[]
TX,804.016931978,291300.932030267,4642390.883694911,1.2,1517,12,3,290-2,[]
TX,804.034454119,290114.253888082,4635350.650527846,1.2,2512,12,3,80-6,[]
TX,804.163776126,294165.052220906,4644024.906435557,1.2,2255,12,3,51-20,[]
TX,804.553072584,290689.394150221,4641291.587103627,1.2,144,7,3,110-12,[]
TX,804.569489668,294130.300087932,4647406.752444278,1.2,538,12,3,152-8,[]
TX,805.023917954,289678.042110282,4642091.971876537,1.2,1528,8,3,293-1,[]
TX,805.039367644,292489.937018196,4641910.213559263,1.2,2203,12,3,48-10,[]
TX,805.054610264,291035.049916726,4641942.847999618,1.2,176,9,3,113-10,[]
TX,805.299111425,291168.165368768,4641362.989588653,1.2,1299,8,3,256-6,[]
TX,805.317955498,292521.12438629,4642899.928576112,1.2,2407,12,3,71-11,[]
TX,805.354020633,290671.715606325,4642304.278641716,1.2,468,10,3,148-18,[]
TX,805.421934763,288333.148817512,4638784.70904112,1.2,1219,12,3,246-27,[]
TX,805.516714538,293469.545577572,4642640.772223022,1.2,355,12,3,137-5,[]
TX,805.539268955,281276.200844061,4632714.688274989,1.2,1420,12,3,274-11,[]
TX,805.725780419,293649.843725981,4643453.023314172,1.2,418,12,3,140-29,[]
TX,805.847947022,273647.107131226,4630655.997192719,1.2,1180,12,3,241-13,[]
TX,806.001010413,291892.945467571,4642569.501416934,1.2,2595,12,3,88-26,[]
TX,806.148614126,291818.769163393,4642544.685568919,1.2,311,12,3,130-23,[]
TX,806.27948577,290991.134536925,4639067.829996766,1.2,2070,10,3,369-6,[]
TX,806.283979421,276703.351616839,4631373.123090055,1.2,1937,12,3,349-18,[]
TX,806.435824097,289850.492276614,4643053.855059681,1.2,1848,12,3,337-26,[]
TX,806.604565004,289835.158357079,4642383.283507951,1.2,161,10,3,111-28,[]
TX,806.650415193,292307.554450623,4642046.472525099,1.2,2092,12,3,39-23,[]
TX,806.914450581,289175.515975571,4642812.129820241,1.2,1486,12,3,287-27,[]
TX,806.994250821,291704.993027114,4642118.030878619,1.2,1609,11,3,306-15,[]
TX,807.120216432,291741.973184633,4639560.665080723,1.2,2441,12,3,72-21,[]
TX,807.314449711,291976.891479905,4643703.268163989,1.2,71,12,3,104-4,[]
TX,807.372483452,290477.955024298,4640751.58332477,1.2,2328,7,3,60-12,[]
TX,807.373678122,289887.447709003,4634137.72458401,1.2,2318,12,3,58-21,[]
TX,807.502443143,290110.771525029,4634629.70087227,1.2,1178,12,3,241-11,[]
TX,807.732885088,292103.072956723,4642707.049194678,1.2,2489,12,3,79-18,[]
TX,807.839181137,292684.494439022,4642030.530493434,1.2,1539,12,3,293-7,[]
TX,807.843586691,289849.472575252,4641746.33016436,1.2,1559,7,3,3-12,[]
TX,808.221724058,295607.597063007,4645573.007050068,1.2,2234,12,3,50-27,[]
TX,808.384614704,290273.615846062,4644088.636551972,1.2,2242,12,3,50-7,[]
TX,808.523479474,294309.133902842,4639032.707311315,1.2,680,12,3,172-18,[]
TX,808.626682235,289232.428870276,4642065.871492141,1.2,2078,9,3,371-25,[]
TX,808.654246044,291269.420654332,4641405.210354796,1.2,2290,8,3,56-11,"[['RX_GW', 808.861660239, 2290, 8, 3, 868.1, -126.750288174, '00:00:00:00:00:02']]"
TX,808.751260048,289592.162657554,4641756.385253003,1.2,67,7,3,104-19,[]
TX,808.794284317,292172.518692216,4642934.385395216,1.2,642,12,3,163-26,[]
TX,809.022589137,293709.126406296,4645348.292844492,1.2,2176,12,3,46-21,[]
TX,809.064064084,289564.050619906,4645809.565476726,1.2,1819,12,3,334-4,[]
TX,809.147875146,291248.176073489,4639789.727368377,1.2,1184,11,3,241-26,"[['RX_GW', 810.628634367, 1184, 11, 3, 868.1, -134.086107263, '00:00:00:00:00:02']]"
TX,809.156099487,273690.662273283,4630593.503933071,1.2,1277,12,3,254-4,[]
TX,809.214148852,291857.552640579,4642560.046655632,1.2,747,12,3,182-22,[]
TX,809.226053018,299147.342411749,4636078.276640248,1.2,493,12,3,149-6,[]
TX,809.362988845,290473.206883878,4641681.052127681,1.2,1891,7,4,340-7,[]
TX,809.395744134,295035.373080313,4644589.939991428,1.2,457,12,3,147-25,[]
TX,809.445682247,290562.979271268,4640986.840207987,1.2,1483,7,3,287-24,[]
TX,809.56051691,290281.160955844,4646559.909578966,1.2,901,12,3,202-22,[]
TX,809.586198739,299744.069354676,4630066.976419562,1.2,577,12,3,158-10,[]
TX,809.586889025,291090.110673942,4641033.019041626,1.2,2271,8,3,53-21,[]
TX,809.68886446,293607.301374243,4641912.997251575,1.2,1774,12,3,330-11,[]
TX,809.864776342,290050.806151524,4642390.554461543,1.2,703,9,3,175-29,[]
TX,809.868499555,290997.154359711,4640934.014676161,1.2,1080,7,3,231-24,[]
TX,809.872931462,292529.282919493,4642901.311519611,1.2,1378,12,3,269-16,[]
TX,809.920291899,292150.304621369,4637054.784014505,1.2,1293,12,3,256-25,[]
TX,810.259792572,292537.496237566,4643127.616496902,1.2,1111,12,3,237-10,[]
TX,810.444912165,291933.266014917,4642584.239821324,1.2,2040,12,3,367-14,[]
TX,810.448341006,289300.436643528,4634496.23195987,1.2,1426,12,3,274-26,[]
TX,810.882516641,273707.321388741,4630655.045957102,1.2,1294,12,3,256-26,[]
TX,811.142551682,292312.504054705,4642112.994285119,1.2,136,12,3,11-29,[]
TX,811.34189788,293696.31523982,4642818.29117133,1.2,2238,12,3,50-30,[]
TX,811.342016188,297480.273175563,4646376.054212438,1.2,2240,12,3,50-5,[]
TX,811.744005279,292232.028722944,4642276.575737385,1.2,1797,12,3,332-19,[]
TX,811.756473271,290266.409503581,4636438.379394144,1.2,495,12,3,150-16,[]
TX,811.9256696,291259.09718883,4641404.476088662,1.2,2424,8,3,71-3,[]
TX,812.084779149,293405.834100989,4646172.536645169,1.2,2258,12,3,51-25,[]
TX,812.226852929,294317.791800722,4641325.951110027,1.2,2577,10,3,85-14,[]
TX,812.413475456,290939.636812417,4639058.198063142,1.2,2136,10,3,43-19,[]
TX,812.421282472,296717.23805976,4635095.989977447,1.2,562,12,3,155-30,[]
TX,812.515680049,288324.81848695,4634905.337471486,1.2,2358,12,3,66-4,[]
TX,812.516949857,291001.210160282,4639047.274653632,1.2,1658,11,3,31-24,[]
TX,812.539826103,288841.512324779,4645481.629788125,1.2,1456,12,3,28-28,[]
TX,812.94398333,289621.708929868,4650896.937798221,1.2,617,12,3,162-2,[]
TX,812.965812562,286471.246050245,4639502.010772455,1.2,1307,12,3,259-4,[]
TX,813.091656369,293116.515644162,4640298.487103742,1.2,1440,12,3,275-3,[]
TX,813.178855877,292224.806077345,4641923.034803226,1.2,267,12,3,127-19,[]
TX,813.429692724,291392.208458591,4642029.465682134,1.2,1036,10,3,226-12,[]
TX,813.483226251,290745.841031405,4642904.252487897,1.2,2477,11,3,76-13,[]
TX,813.699973494,290056.044980368,4642390.92080637,1.2,384,9,3,139-26,[]
TX,813.773161451,273654.638403674,4630682.220540867,1.2,2127,12,3,42-26,[]
TX,813.886727533,291901.940316874,4642565.658021851,1.2,415,12,3,140-26,[]
TX,814.064036762,288705.696774773,4644027.278760143,1.2,1094,12,3,232-20,[]
TX,814.292824986,290296.049213866,4640315.264769661,1.2,1693,7,3,315-17,[]
TX,814.351081705,291875.271032391,4642565.173431906,1.2,1231,12,3,249-15,[]
TX,814.366976424,290372.128108556,4641404.392885098,1.2,1628,7,3,308-26,[]
TX,814.445617919,290741.513941535,4640706.175771585,1.2,1203,7,3,245-10,[]
TX,814.595816191,295963.567894278,4641273.931572929,1.2,2196,7,3,47-29,[]
TX,814.682512309,289699.036991474,4647179.075489914,1.2,1966,12,3,353-4,[]
TX,814.837956843,297167.780411401,4637163.184360035,1.2,1902,12,3,341-7,[]
TX,815.009235449,291976.078655395,4642591.736110627,1.2,555,12,3,155-18,[]
TX,815.175880162,292320.382271084,4642039.644470528,1.2,2023,12,3,363-17,[]
TX,815.179826854,283105.318708841,4633624.637177551,1.2,1907,12,3,344-29,[]
TX,815.52171512,295128.41562575,4642703.042069452,1.2,2507,8,3,8-6,[]
TX,815.548190757,291334.255234598,4639997.388763323,1.2,1969,10,3,353-7,[]
TX,815.858186402,292574.577100746,4643834.501883098,1.2,726,12,3,181-18,[]
TX,815.932998946,288390.145575128,4637032.197580886,1.2,2109,12,3,41-11,[]
TX,815.943209501,285189.078398972,4640740.734345774,1.2,604,12,4,160-21,[]
TX,815.954887396,293216.889481822,4642667.751471196,1.2,1443,12,3,275-6,[]
TX,816.097792747,274984.291834131,4631171.972985148,1.2,706,12,3,176-25,[]
TX,816.205532593,273723.639986829,4630625.086858925,1.2,1279,12,4,254-6,[]
TX,816.276501458,292310.687256129,4642008.804363749,1.2,597,12,3,159-5,[]
TX,816.378674069,292429.054397578,4637260.367666749,1.2,1818,12,3,334-3,[]
TX,816.385755668,282995.654857885,4634325.743772651,1.2,2364,12,3,67-18,[]
TX,816.40396078,291821.392055334,4642559.21969693,1.2,2515,12,3,81-11,[]
TX,816.410913197,290405.896510689,4645739.2353915,1.2,2269,12,3,53-19,[]
TX,816.448029537,292848.806318746,4641941.539926704,1.2,1108,12,3,234-21,[]
TX,816.459248316,292650.898392854,4641765.358236944,1.2,900,12,3,202-14,[]
TX,816.897945448,291708.473201017,4642507.462984894,1.2,342,12,3,137-19,[]
TX,816.953865714,287838.856346777,4635419.983404893,1.2,2574,12,3,85-11,[]
TX,817.117330934,286699.676846319,4645104.561404874,1.2,1364,12,3,267-25,[]
TX,817.21955725,291039.232084192,4641931.157834412,1.2,1631,9,3,309-1,[]
TX,817.319725443,292824.980280261,4642175.868484737,1.2,423,12,3,141-10,[]
TX,817.468515195,289554.585250112,4641862.751163847,1.2,186,8,3,115-11,[]
TX,817.532637699,292113.289967516,4642603.611536713,1.2,162,12,3,112-1,[]
TX,817.609528253,292336.855863677,4642317.753719053,1.2,2237,12,3,50-3,[]
TX,817.658465053,290681.161041229,4641307.176839081,1.2,2150,7,3,44-25,"[['RX_GW', 817.773461313, 2150, 7, 3, 868.1, -121.79198111, '00:00:00:00:00:02']]"
TX,817.732643947,290764.532281524,4642871.073606558,1.2,851,11,3,197-3,[]
TX,817.739257956,290487.789663939,4639927.769945591,1.2,595,7,4,159-21,[]
TX,817.786066696,273703.307326419,4630630.029980503,1.2,194,12,3,115-28,[]
TX,817.835157609,290860.693210921,4642271.481143778,1.2,1310,10,3,260-18,"[['RX_GW', 818.494668591, 1310, 10, 3, 868.1, -130.073254225, '00:00:00:00:00:02']]"
TX,817.884763656,291112.453636715,4644082.438547405,1.2,583,12,4,158-24,[]
TX,817.924470085,292326.747276139,4642043.924985334,1.2,1315,12,3,260-6,[]
TX,817.995141359,294958.726669052,4645014.314775124,1.2,948,12,3,21-14,[]
TX,818.104109959,293373.167365522,4646514.966227802,1.2,365,12,3,138-25,[]
TX,818.347891592,288690.797889849,4635210.521881851,1.2,210,12,3,12-29,[]
TX,818.395790891,291023.00535777,4641944.168472567,1.2,1564,9,3,3-26,[]
TX,818.584775377,292521.714205869,4642915.079679334,1.2,2151,12,3,44-26,[]
TX,818.621548266,289984.047277243,4637815.20491999,1.2,666,12,3,169-24,[]
TX,818.6308337,292706.707787557,4641792.891050081,1.2,1669,12,4,310-1,[]
TX,818.70372636,290134.580612185,4635349.167996268,1.2,409,12,3,140-19,[]
TX,818.732983995,273265.389826258,4630023.599381051,1.2,707,12,3,176-27,[]
TX,818.752202568,290350.364279783,4641807.581421239,1.2,924,9,3,204-26,[]
TX,818.800833613,289595.814352076,4641760.31479958,1.2,2165,7,3,45-5,[]
TX,818.931845833,292930.781796066,4637900.985506691,1.2,51,12,3,102-6,[]
TX,819.070432529,290667.476998301,4641321.567513669,1.2,1484,7,3,287-25,[]
TX,819.133237501,292323.521877504,4642048.88613262,1.2,823,12,3,194-10,[]
TX,819.161549149,291037.041601814,4644006.97314791,1.2,61,12,3,103-4,[]
TX,819.191685786,291111.899906464,4641438.762664944,1.2,421,8,3,140-6,[]
TX,819.275508035,292558.352650616,4641722.345429433,1.2,2008,12,3,361-5,[]
TX,819.304667224,291206.429175007,4641294.643049882,1.2,674,8,3,171-24,[]
TX,819.329628992,292306.980654805,4642056.185328077,1.2,274,12,3,127-6,[]
TX,819.413650101,291995.043092859,4643712.471059537,1.2,224,12,3,121-30,[]
TX,819.603849418,291440.294549796,4642047.860620096,1.2,486,11,3,149-1,[]
TX,819.665835238,291622.471150217,4644622.232050204,1.2,1194,12,3,244-13,[]
TX,819.763156286,299080.499215176,4636049.557746684,1.2,2327,12,3,59-5,[]
TX,819.780476523,290837.662631916,4638356.973168228,1.2,997,12,3,220-14,[]
TX,820.009014932,294140.907656012,4647419.758474218,1.2,2426,12,3,71-4,[]
TX,820.088973856,292409.764694228,4641902.103442078,1.2,1168,12,3,24-27,[]
TX,820.137530528,291661.3114543,4642124.982242178,1.2,113,12,3,109-17,[]
TX,820.537590512,293165.584130392,4640631.651110044,1.2,671,12,3,171-14,[]
TX,820.596888513,296459.174997003,4643399.106771789,1.2,2438,10,3,72-18,[]
TX,820.704852927,290669.580686704,4641295.873940215,1.2,1205,7,3,245-12,[]
TX,820.717883761,290569.561650133,4643880.235854265,1.2,2439,12,3,72-19,[]
TX,820.758539301,291146.659036961,4639437.144690544,1.2,2006,10,3,361-3,[]
TX,820.832134929,291816.258561272,4642563.007537214,1.2,1731,12,4,320-28,[]
TX,820.847907587,290838.743447301,4640535.951774463,1.2,1010,7,3,221-27,[]
TX,820.938706388,292108.03739665,4641758.205713818,1.2,1614,12,4,306-3,[]
TX,821.167629535,295105.456374185,4644116.769090835,1.2,2508,12,3,8-7,[]
TX,821.230860979,292530.408287888,4642927.718814062,1.2,2299,12,4,56-25,[]
TX,821.682038922,292293.494337187,4642053.354415664,1.2,208,12,3,12-20,[]
TX,821.726816054,292090.7933934,4641821.32180374,1.2,2406,12,3,71-10,[]
TX,821.862709222,286848.450188937,4634322.199131374,1.2,1029,12,3,223-26,[]
TX,822.007834389,299471.492785216,4642656.584563749,1.2,2241,12,3,50-6,[]
TX,822.060684649,294985.676934513,4645952.93092443,1.2,2219,12,3,50-1,[]
TX,822.254272851,289243.176063145,4642482.458641379,1.2,2082,12,3,372-23,[]
TX,822.268145094,279367.414801646,4632546.78937465,1.2,262,12,4,126-26,[]
TX,822.41642849,291784.656750778,4642846.870827791,1.2,1583,12,3,304-18,[]
TX,822.45817881,299554.417453645,4609648.490585335,1.2,989,12,3,22-12,[]
TX,822.713077122,293860.972481921,4640247.872670723,1.2,2517,12,3,81-13,[]
TX,822.725631073,290342.300468206,4635407.805964265,1.2,1520,12,3,290-3,[]
TX,822.733370325,291452.035174685,4641323.184614106,1.2,2144,10,4,43-6,[]
TX,822.954624204,291405.579167041,4641316.210082882,1.2,1894,9,3,341-18,[]
TX,823.104171066,286656.894922829,4645783.504234258,1.2,68,12,3,104-20,[]
TX,823.198941505,286699.978857496,4645125.999623206,1.2,455,12,3,147-14,[]
TX,823.213083118,273779.595317254,4630622.427216908,1.2,2311,12,3,57-24,[]
TX,823.258562416,287786.368265961,4645632.926503273,1.2,2085,12,3,372-27,[]
TX,823.305742014,290827.859864132,4642273.276333842,1.2,1200,9,3,244-26,[]
TX,823.318425197,289979.631859986,4639942.116053663,1.2,2051,8,3,367-3,[]
TX,823.642330595,292982.038622988,4642139.359946597,1.2,2374,12,3,68-19,[]
TX,823.813374444,286623.184248654,4645548.848077185,1.2,540,12,3,153-17,[]
TX,823.874376105,296035.240328761,4647512.326709375,1.2,2229,12,3,50-2,[]
TX,823.949206633,292346.357464927,4641538.991832881,1.2,1594,12,3,305-16,[]
TX,823.962048003,290141.15003317,4635321.539399386,1.2,909,12,3,203-12,[]
TX,823.979567252,291584.784473358,4640983.846012279,1.2,352,11,3,137-3,[]
TX,824.153850035,291117.280982335,4641230.24737169,1.2,2524,8,3,82-13,[]
TX,824.166079397,290469.43715071,4640723.564621819,1.2,1807,7,3,332-6,[]
TX,824.195628633,295650.175513077,4645572.691580443,1.2,2184,12,3,47-13,[]
TX,824.387495441,291893.941308303,4642806.632636315,1.2,123,12,3,109-28,[]
TX,824.54050739,292524.240365154,4642909.115558804,1.2,17,12,3,101-1,[]
TX,825.12367476,292333.231969966,4642053.1957813,1.2,1150,12,3,239-9,[]
TX,825.230230109,292177.704457502,4642190.452257239,1.2,1537,12,3,293-4,[]
TX,825.4420865,290712.731341426,4641306.926744926,1.2,1232,7,3,249-16,[]
TX,825.455201974,291125.266306012,4641375.537027883,1.2,1734,8,3,321-17,[]
TX,825.514821094,291662.787918912,4640876.916999131,1.2,585,10,3,158-26,[]
TX,825.522790912,291890.756623959,4642578.934462457,1.2,733,12,3,181-27,[]
TX,825.825602733,291470.139340748,4642400.607246881,1.2,906,12,3,202-27,[]
TX,825.917851687,289225.071801407,4642412.849388386,1.2,1160,12,3,24-18,[]
TX,826.022538977,292709.206335791,4641605.984123923,1.2,1255,12,3,253-28,[]
TX,826.07383559,288180.846910018,4634661.068666869,1.2,2564,12,3,84-27,[]
TX,826.083530368,291765.347360558,4641849.722281317,1.2,392,12,3,14-20,[]
TX,826.103306657,290209.872480961,4642801.256323236,1.2,356,11,3,137-6,[]
TX,826.111042178,289675.930308291,4641164.746026818,1.2,2346,7,3,61-7,[]
TX,826.14220466,292282.126236679,4637958.74823195,1.2,2461,12,3,75-19,[]
TX,826.205471863,289410.064605481,4648027.742230183,1.2,1605,12,3,305-3,[]
TX,826.244330924,293803.497329593,4640366.370585972,1.2,2029,12,3,363-26,[]
TX,826.463321013,290991.434100578,4644442.345890359,1.2,1083,12,3,231-27,[]
TX,826.500529194,290410.557817814,4643970.320999516,1.2,520,12,3,151-27,[]
TX,826.86120213,297525.122872642,4640919.959638778,1.2,2017,11,3,363-1,[]
TX,826.868431399,292197.923564963,4641914.645225411,1.2,337,12,3,137-13,[]
TX,826.978213862,291119.3243143,4643613.408095855,1.2,1028,12,3,223-25,[]
TX,827.095978367,291865.008015232,4642550.867511096,1.2,2232,12,3,50-25,[]
TX,827.144767189,291062.532578322,4644051.473849711,1.2,738,12,3,181-6,[]
TX,827.386327406,290207.485031902,4635365.933720699,1.2,202,12,3,119-25,[]
TX,827.433628572,292692.814192191,4637128.332957701,1.2,629,12,3,163-10,[]
TX,827.632465388,290134.166605236,4644014.154694252,1.2,1006,12,3,221-14,[]
TX,827.728455903,281806.768683972,4632840.443391419,1.2,1833,12,3,336-21,[]
TX,827.788682666,291989.763790446,4643712.866114262,1.2,1697,12,3,315-21,[]
TX,827.794924519,291990.359482723,4643708.350540034,1.2,2472,12,3,75-8,[]
TX,827.813187977,290141.320285021,4643548.934815541,1.2,1438,12,3,275-20,[]
TX,828.15058109,288246.364298426,4620974.424980335,1.2,990,12,3,22-13,[]
TX,828.252688707,291165.971022157,4640253.896630825,1.2,317,10,3,130-4,[]
TX,828.309010783,299603.405869787,4627195.152683965,1.2,964,12,4,214-17,[]
TX,828.313587738,290667.768915894,4641325.082453964,1.2,1584,7,3,304-19,[]
TX,828.721915051,290094.453876391,4640899.900218021,1.2,1591,7,3,305-13,[]
TX,828.945737573,289195.278529419,4642065.472134156,1.2,2262,9,3,51-3,[]
TX,829.126617314,290273.94374508,4636836.666996878,1.2,1831,12,3,336-19,[]
TX,829.145102046,273640.026102335,4630659.797328911,1.2,1351,12,3,266-13,[]
TX,829.148336184,292343.749608206,4642045.816920624,1.2,1162,12,3,24-2,[]
TX,829.334470563,290732.757984074,4642908.193987131,1.2,810,11,3,190-16,[]
TX,829.368057047,289020.670356221,4641916.043336374,1.2,55,8,3,103-19,[]
TX,829.423087636,292330.726237408,4642060.540321639,1.2,896,12,3,202-10,[]
TX,829.461355655,291989.104215399,4642599.437921079,1.2,436,12,3,143-24,[]
TX,829.481855701,292329.503435718,4642042.656182659,1.2,802,12,3,19-1,[]
TX,829.838679536,297550.189868173,4640873.258822092,1.2,294,11,3,129-14,"[['RX_GW', 831.319439798, 294, 11, 3, 868.1, -134.185663859, '00:00:00:00:00:04']]"
TX,829.871116439,291046.827177328,4641924.788742027,1.2,811,9,3,190-17,"[['RX_GW', 830.24288293, 811, 9, 3, 868.1, -128.975849951, '00:00:00:00:00:02']]"
TX,829.893328262,293263.79543471,4639495.337048356,1.2,1810,12,3,332-9,[]
TX,829.986711145,291248.827983236,4642074.327722842,1.2,1558,12,3,3-11,[]
TX,830.036277906,293572.782928127,4642027.272492523,1.2,1868,10,3,339-28,[]
TX,830.238035813,290258.190525099,4634988.133049849,1.2,2427,12,3,71-5,[]
TX,830.245909195,291096.195213514,4639339.200547585,1.2,1421,12,3,274-12,[]
TX,830.347612315,291669.398320592,4642108.542608982,1.2,1926,11,3,348-19,[]
TX,830.376169095,290544.114827327,4642301.146983283,1.2,1816,10,3,334-20,[]
TX,830.457788733,291686.069970122,4642116.846877316,1.2,1863,11,3,339-23,[]
TX,830.492220948,273714.303882569,4630600.805959108,1.2,626,12,3,162-6,[]
TX,830.545768725,291502.248806439,4643027.353455199,1.2,1648,12,3,31-13,[]
TX,830.55103546,290051.343331617,4639676.297563412,1.2,1387,9,3,269-30,[]
TX,831.15194218,290529.137325914,4642207.074869402,1.2,2581,9,3,87-11,[]
TX,831.209635892,290432.212876898,4645035.892107382,1.2,2484,12,3,76-27,[]
TX,831.296025236,295157.89229614,4642715.751195272,1.2,1912,7,3,346-2,[]
TX,831.346786913,292146.538969648,4644176.663999557,1.2,65,12,3,104-17,[]
TX,831.404446539,291080.634862395,4641968.0147454,1.2,651,9,3,166-8,[]
TX,831.461212229,289159.046166403,4642598.278060899,1.2,1103,11,3,233-14,[]
TX,831.559131491,285943.875206433,4636313.360038389,1.2,797,12,3,188-3,[]
TX,831.720437341,287546.321352435,4641988.664090115,1.2,2353,12,3,66-18,[]
TX,831.867837617,291620.501360504,4641434.495410826,1.2,751,11,3,182-4,[]
TX,831.88191404,295142.112721974,4642710.073741257,1.2,945,8,3,21-11,"[['RX_GW', 832.089327374, 945, 8, 3, 868.1, -125.223459011, '00:00:00:00:00:04']]"
TX,831.905523018,289800.433728457,4642532.971576017,1.2,1393,10,4,270-11,[]
TX,831.953318812,289314.322902045,4634310.427632285,1.2,49,12,3,102-4,[]
TX,832.08592524,295638.048000345,4645566.363102043,1.2,774,12,3,186-13,[]
TX,832.377810476,294383.129582081,4641777.70100203,1.2,24,9,3,101-16,"[['RX_GW', 832.749576398, 24, 9, 3, 868.1, -127.632072733, '00:00:00:00:00:04']]"
TX,832.525448104,288871.260034205,4639304.753191575,1.2,1616,10,3,306-5,[]
TX,832.834793831,292794.380243357,4641314.749302027,1.2,2363,12,3,67-16,[]
TX,832.957060156,285487.692694191,4642602.376330075,1.2,1045,12,3,226-23,[]
TX,833.308238795,290104.987671756,4643323.220954123,1.2,1606,12,3,305-4,[]
TX,833.376044478,289807.212988627,4642399.322706703,1.2,533,10,3,152-14,[]
TX,833.377611794,291073.531271262,4644049.968460391,1.2,227,12,3,121-6,[]
TX,833.431162286,292218.020995872,4638045.259575188,1.2,953,12,3,21-28,[]
TX,833.474122384,290355.276288888,4639959.522543816,1.2,411,7,3,140-20,[]
TX,833.591552506,289169.944461616,4642530.352703276,1.2,2089,10,3,39-12,[]
TX,833.593247467,294136.534463479,4647412.165611365,1.2,2671,12,3,97-5,[]
TX,833.653813862,292028.041904982,4643705.628779906,1.2,1908,12,3,344-3,[]
TX,833.719698641,288319.197096377,4638756.255454415,1.2,2550,12,3,84-12,[]
TX,833.746314334,291191.220352498,4644708.981613969,1.2,451,12,3,147-10,[]
TX,833.807232878,282701.427170629,4639998.670929237,1.2,171,12,3,112-30,[]
TX,834.054225305,290103.456446372,4634605.907536952,1.2,124,12,4,109-29,[]
TX,834.215870646,291670.386461763,4642099.342635266,1.2,767,11,3,185-4,[]
TX,834.30427316,289721.139314572,4641857.647262917,1.2,1892,7,3,340-8,[]
TX,834.396271889,294981.915918673,4642698.97969368,1.2,1478,8,4,287-19,[]
TX,834.415140065,291854.119540243,4642519.005668957,1.2,280,12,3,128-2,[]
TX,834.513642847,291161.718153292,4641348.052266843,1.2,590,8,3,159-16,[]
TX,834.514290206,295116.054336964,4642704.63251738,1.2,2503,8,4,8-21,[]
TX,834.595468336,289228.544287593,4642391.219036849,1.2,2599,12,4,91-17,[]
TX,834.636851322,290069.417322273,4642512.424392519,1.2,474,10,4,148-24,[]
TX,834.637488207,291164.523037579,4641967.731578734,1.2,2339,10,3,61-21,[]
TX,834.667398396,291561.893023496,4642638.567261535,1.2,2523,12,3,82-12,[]
TX,834.668905351,273716.457059107,4630635.460547217,1.2,2369,12,3,67-4,[]
TX,834.699868854,291093.330765102,4641031.089884077,1.2,1030,8,3,223-27,[]
TX,834.7701604,290885.46498767,4638637.783695533,1.2,1630,12,3,308-28,[]
TX,834.84101312,290702.308147512,4641284.58087922,1.2,1207,7,3,245-14,[]
TX,834.98274907,290685.41867492,4641310.405682793,1.2,2166,7,3,45-6,[]
TX,834.986135328,291727.705253561,4642150.631244737,1.2,2047,11,3,367-23,[]
TX,835.068318733,302111.906902023,4640255.538109937,1.2,1436,12,4,275-19,[]
TX,835.070403821,292522.469143899,4642919.941116785,1.2,1796,12,3,332-17,[]
TX,835.175938254,295193.855922535,4633768.907242358,1.2,318,12,3,130-5,[]
TX,835.243028111,290984.082071861,4639058.492893791,1.2,1812,10,3,334-16,[]
TX,835.376091381,291888.519850046,4641648.242741194,1.2,2354,12,3,66-19,[]
TX,835.399778333,275914.029597704,4631804.580266295,1.2,1295,12,3,256-27,[]
TX,835.499896131,297564.688030007,4633146.598653853,1.2,2267,12,4,53-17,[]
TX,835.5568268,273515.363145061,4630984.262383484,1.2,2351,12,3,62-28,[]
TX,835.728049487,288396.858283808,4635006.161275264,1.2,655,12,3,167-17,[]
TX,835.871900219,296717.022970717,4635741.030607769,1.2,1051,12,3,226-3,[]
TX,835.886126553,286733.158359998,4645864.262432224,1.2,2296,12,3,56-20,[]
TX,836.016094914,278735.029013471,4628450.034902618,1.2,1914,12,3,347-10,[]
TX,836.04152395,293060.131708842,4643338.321750002,1.2,2651,12,3,96-7,[]
TX,836.106454693,293687.718667386,4645531.114045609,1.2,1602,12,3,305-25,[]
TX,836.394640896,292778.947535096,4642158.515279563,1.2,1410,12,3,273-17,[]
TX,836.55627194,289314.559536713,4639758.603418528,1.2,1643,9,3,309-7,"[['RX_GW', 836.928037833, 1643, 9, 3, 868.1, -128.118046756, '00:00:00:00:00:02']]"
TX,836.683487675,291038.478662259,4644011.57408309,1.2,2465,12,3,75-23,[]
TX,836.733586732,298721.528082629,4640234.283033894,1.2,607,12,3,160-5,[]
TX,836.740101639,294876.182036273,4647334.100546305,1.2,717,12,3,179-18,[]
TX,836.815966972,285681.907630446,4639732.242527618,1.2,2277,12,3,54-23,[]
TX,836.905182917,294152.89955701,4644006.518933827,1.2,578,12,3,158-11,[]
TX,836.917662985,273678.948047398,4630798.285439403,1.2,1836,12,3,336-30,[]
TX,836.950761625,286099.431730727,4638587.161468985,1.2,37,12,3,101-4,[]
TX,837.094558374,292701.312043554,4641818.745928012,1.2,1132,12,3,239-14,[]
TX,837.12424658,291036.635538422,4644065.238709999,1.2,223,12,3,121-3,[]
TX,837.136680267,292146.524551578,4641698.841449807,1.2,1035,12,3,226-11,[]
TX,837.241580959,274690.637105045,4630951.763575718,1.2,488,12,3,149-16,[]
TX,837.678657491,277922.508070607,4632429.743248808,1.2,646,12,3,163-30,[]
TX,837.741423219,284560.123336503,4633015.936845776,1.2,503,12,3,150-30,[]
TX,837.758373683,290089.638816167,4642404.282039408,1.2,887,9,3,201-11,[]
TX,837.857446311,291467.896809672,4642059.893417392,1.2,41,12,3,102-1,[]
TX,838.119470926,290957.083955742,4639065.798074944,1.2,593,10,3,159-19,[]
TX,838.272708367,291374.116553005,4638524.706229335,1.2,2540,12,3,83-1,[]
TX,838.285221155,289950.122725521,4634408.71743201,1.2,1775,12,3,330-12,[]
TX,838.362537921,293816.035180252,4644262.511312478,1.2,1949,12,3,351-20,[]
TX,838.395321074,291661.83411837,4639981.178779857,1.2,753,11,4,182-6,[]
TX,838.48077621,289683.490057921,4638753.764029864,1.2,2541,12,3,83-17,[]
TX,838.836297226,288008.420542286,4641751.04431444,1.2,1100,12,4,233-10,[]
TX,838.845826587,292510.142124381,4638492.293106032,1.2,1676,12,3,310-29,[]
TX,838.90084726,291552.894822837,4641294.536160986,1.2,2423,10,3,71-29,[]
TX,838.953560812,271613.476114873,4630635.500288714,1.2,2519,12,3,81-24,[]
TX,838.96636342,293413.645493594,4642923.589033052,1.2,1854,12,3,339-10,[]
TX,839.005805552,290372.470938973,4641091.187024864,1.2,510,7,3,151-13,[]
TX,839.181319606,290343.967855575,4633877.46890338,1.2,951,12,3,21-26,[]
TX,839.325362466,291924.176253731,4642598.468997302,1.2,783,12,4,186-9,[]
TX,839.349947614,273756.236071454,4630637.778722785,1.2,1750,12,3,322-7,[]
TX,839.433879253,299689.52904602,4641883.480802632,1.2,2666,12,3,97-26,[]
TX,839.579446316,291896.248831121,4642572.422555213,1.2,1962,12,3,353-21,[]
TX,839.586587843,291935.362474539,4642578.686019779,1.2,2672,12,4,97-6,[]
TX,839.605092871,291672.386534159,4641472.737439375,1.2,1971,11,3,356-27,[]
TX,839.710117774,273675.103810097,4630627.580947513,1.2,429,12,3,141-23,[]
TX,839.791936169,290230.58473993,4635022.606796553,1.2,522,12,4,151-3,[]
TX,839.81351011,290933.446132788,4642092.320656457,1.2,2592,9,3,88-14,"[['RX_GW', 840.185276747, 2592, 9, 3, 868.1, -129.252630798, '00:00:00:00:00:02']]"
TX,840.059017153,286527.612896348,4634509.218741022,1.2,1125,12,3,238-24,[]
TX,840.092309999,292724.719891095,4642077.720569198,1.2,2382,12,4,68-7,[]
TX,840.113204128,292718.239775007,4641829.631898592,1.2,2474,12,3,76-10,[]
TX,840.406152223,289564.632253545,4642037.801479346,1.2,1901,7,3,341-6,"[['RX_GW', 840.521149692, 1901, 7, 3, 868.1, -122.134873241, '00:00:00:00:00:02']]"
TX,840.463682013,291624.678250923,4644619.274144734,1.2,957,12,3,211-13,[]
TX,840.491566033,291844.859397476,4642553.837826665,1.2,302,12,3,130-11,[]
TX,840.512305785,290067.444830983,4639995.771773877,1.2,1621,7,3,308-12,[]
TX,840.599808097,272745.819494504,4629682.862871367,1.2,1124,12,3,238-14,[]
TX,840.721978603,291831.086735254,4641602.991189923,1.2,2334,12,3,60-26,[]
TX,840.732268689,294185.062382417,4647445.344910468,1.2,2254,12,3,51-2,[]
TX,840.742648215,290082.481030748,4642395.617072596,1.2,537,9,3,152-28,[]
TX,840.742951693,299748.913773785,4630058.148003944,1.2,1198,12,3,244-24,[]
TX,840.800749718,293174.030226108,4641033.048146973,1.2,1502,12,3,288-5,[]
TX,840.837065936,290518.009673037,4637404.216594976,1.2,1253,12,3,253-26,[]
TX,840.957443083,286646.531145187,4645656.555359967,1.2,768,12,3,185-5,[]
TX,841.098530966,292353.33816364,4643112.948234199,1.2,39,12,3,101-6,[]
TX,841.270678997,291839.795222679,4642557.111085404,1.2,1887,12,4,340-28,[]
TX,841.336559077,295623.805895059,4645551.115260497,1.2,2200,12,3,47-5,[]
TX,841.339056294,290806.094901046,4644359.520246039,1.2,890,12,3,201-22,[]
TX,841.380300627,291036.12328253,4641173.978213688,1.2,1904,8,3,344-2,[]
TX,841.401003636,290385.448462268,4643405.207857302,1.2,419,12,3,140-3,[]
TX,841.494650736,290942.914506389,4642293.986457916,1.2,2379,12,3,68-30,[]
TX,841.567770227,292210.852654968,4639437.261487377,1.2,2087,12,3,39-10,[]
TX,841.604361768,290816.180564356,4641856.649059979,1.2,482,8,3,148-6,[]
TX,842.07339535,292244.980414089,4641943.725544803,1.2,233,12,3,124-14,[]
TX,842.285514653,292058.585684613,4643003.362991067,1.2,1890,12,3,340-6,[]
TX,842.386352641,273696.348747111,4630672.544603704,1.2,759,12,3,184-14,[]
TX,842.44825933,292334.177286054,4641976.276729576,1.2,833,12,3,194-28,[]
TX,842.469868671,290421.355853742,4641817.123440345,1.2,1335,9,3,262-27,[]
TX,842.935095749,290182.101935195,4643767.175146428,1.2,729,12,3,181-21,[]
TX,842.942236586,290346.766575992,4642710.653529861,1.2,1391,11,3,269-7,[]
TX,843.062279211,290860.66440326,4642272.316453744,1.2,1466,10,3,282-6,[]
TX,843.207150415,287459.09548824,4641225.783029303,1.2,272,12,3,127-4,[]
TX,843.282222403,291973.059935153,4638578.694162207,1.2,634,12,3,163-15,[]
TX,843.290822172,291994.865385209,4643706.737261648,1.2,1708,12,3,317-21,[]
TX,843.493396387,292145.342506424,4642205.975414781,1.2,228,12,3,121-7,[]
TX,843.645865803,285619.15283349,4641250.221322502,1.2,2072,12,3,371-19,[]
TX,843.757030374,291809.097801098,4642517.119135238,1.2,730,12,3,181-22,[]
TX,843.880894589,273715.504229611,4630603.187691302,1.2,978,12,3,215-14,[]
TX,843.910052085,292644.61789051,4642410.985275237,1.2,724,12,3,181-13,[]
TX,843.928391436,286400.929879887,4640757.879043016,1.2,1276,12,3,254-30,[]
TX,844.137371596,290818.361879,4642280.390422877,1.2,1459,10,3,282-17,[]
TX,844.179031154,291846.654192692,4642561.041535383,1.2,2655,12,3,97-13,[]
TX,844.209289108,288190.310382417,4643916.843466783,1.2,1007,12,3,221-22,[]
TX,844.329140377,290877.169085311,4642324.370884545,1.2,1499,10,3,288-21,[]
TX,844.52001109,291067.677087015,4644055.835251662,1.2,2624,12,3,93-29,[]
TX,844.550221393,291515.416542832,4642443.293257019,1.2,618,12,3,162-24,[]
TX,844.686198785,291956.724309272,4642593.486087088,1.2,358,12,3,138-12,[]
TX,844.762191917,294384.177833401,4643074.605233816,1.2,1533,12,4,293-21,[]
TX,844.796802677,293480.580767418,4643368.770091534,1.2,511,12,3,151-17,[]
TX,844.803477871,291225.434904522,4642271.076907793,1.2,1562,11,3,3-24,"[['RX_GW', 846.2842376, 1562, 11, 3, 868.1, -134.822954429, '00:00:00:00:00:02']]"
TX,845.019996623,292359.448552639,4644009.667062416,1.2,933,12,3,206-25,[]
TX,845.058246532,291240.981982609,4641298.748961911,1.2,1610,9,4,306-16,[]
TX,845.143774769,288380.248402566,4642760.997619937,1.2,1707,12,3,317-20,[]
TX,845.223441564,292542.274716445,4642553.031643688,1.2,449,12,3,145-8,[]
TX,845.410673262,291021.926698352,4644007.635834328,1.2,866,12,3,198-27,[]
TX,845.598338347,292733.937671561,4642775.56421587,1.2,1980,12,4,357-4,[]
TX,845.711698642,273719.848919413,4630618.184101486,1.2,1732,12,3,320-8,[]
TX,845.776438655,291301.54778204,4644964.409542178,1.2,507,12,3,150-7,[]
TX,845.806565027,291053.090079863,4644052.04763237,1.2,461,12,3,147-8,[]
TX,845.906244745,289210.012499493,4642062.308441323,1.2,1538,9,3,293-5,[]
TX,846.229995315,292406.061368607,4637334.337393587,1.2,611,12,3,162-11,[]
TX,846.317439681,292718.277822734,4641837.318840998,1.2,59,12,3,103-3,[]
TX,846.396734201,291861.766146545,4642563.555737134,1.2,1781,12,3,330-21,[]
TX,846.468205042,271900.577314385,4630660.25014054,1.2,920,12,3,204-22,[]
TX,846.47393169,290533.708881766,4643228.738991685,1.2,524,12,3,151-5,[]
TX,846.580868591,294868.929295149,4640630.030292937,1.2,1475,10,4,287-14,"[['RX_GW', 847.240378655, 1475, 10, 4, 868.1, -130.96160603, '00:00:00:00:00:04']]"
TX,846.595945501,292698.947790514,4641812.641406788,1.2,1573,12,3,301-23,[]
TX,846.607629336,290676.818180854,4641303.109772664,1.2,794,7,3,188-19,[]
TX,846.646032217,285233.670566041,4642515.799498373,1.2,1532,12,3,293-20,[]
TX,846.715448131,287975.082945739,4634534.413261218,1.2,1513,12,3,290-1,[]
TX,846.841019987,290838.95710524,4642275.733068489,1.2,1153,10,3,24-11,[]
TX,846.841026413,290687.694179761,4641288.791247927,1.2,762,7,3,185-18,[]
TX,846.902332014,292234.299945912,4643251.709111648,1.2,1960,12,3,353-2,[]
TX,847.007135657,292526.903361881,4642908.081361975,1.2,1638,12,3,309-29,[]
TX,847.015200367,291715.008450568,4644113.580334145,1.2,130,12,3,109-7,[]
TX,847.249936238,271872.179285817,4630624.184147665,1.2,1838,12,3,336-5,[]
TX,847.316560872,286684.512874172,4641704.916712153,1.2,2104,12,3,40-25,[]
TX,847.950477654,295073.703311382,4642856.042562844,1.2,2347,10,3,62-11,"[['RX_GW', 848.609987545, 2347, 10, 3, 868.1, -130.274711926, '00:00:00:00:00:04']]"
TX,847.983375793,290782.728655744,4637969.870876603,1.2,1164,12,4,24-21,[]
TX,848.054892209,292665.996646053,4641792.368961044,1.2,950,12,4,21-25,[]
TX,848.233942787,292076.348769904,4642627.424397395,1.2,1944,12,3,349-4,[]
TX,848.242888798,292301.480951161,4642051.729864874,1.2,1702,12,3,317-15,[]
TX,848.357731463,293127.070587498,4642641.855933779,1.2,2175,12,3,46-20,[]
TX,848.5380969,289325.22624839,4648358.358388821,1.2,229,12,4,122-19,[]
TX,848.813788423,291771.677415733,4642633.039456786,1.2,230,12,3,124-1,[]
TX,849.013301642,291560.512645679,4639865.079500002,1.2,2068,12,3,369-20,[]
TX,849.142388855,291874.994722356,4642571.516786269,1.2,734,12,3,181-28,[]
TX,849.180523697,301217.193268697,4640838.983044165,1.2,2028,12,3,363-25,[]
TX,849.207956354,289633.675048934,4643498.627448428,1.2,1661,12,3,31-28,[]
TX,849.371857131,292000.887825164,4643710.922743485,1.2,225,12,3,121-4,[]
TX,849.394731893,291865.527254739,4642566.050852021,1.2,2436,12,3,72-16,[]
TX,849.619529943,291660.0290731,4639992.757814512,1.2,1038,11,3,226-14,[]
TX,849.686972083,288188.169016285,4643891.166326125,1.2,1013,12,3,221-9,[]
TX,849.728724225,291236.051377373,4639778.220938946,1.2,1906,11,3,344-21,[]
TX,849.747974669,291728.486825244,4642140.227289739,1.2,2170,11,3,46-16,[]
TX,849.80084304,292201.769055062,4637928.865721186,1.2,420,12,3,140-5,[]
TX,849.900791006,295164.856595758,4642741.582876712,1.2,1738,8,4,321-21,"[['RX_GW', 850.108204397, 1738, 8, 4, 868.1, -124.188914177, '00:00:00:00:00:04']]"
TX,849.917721901,295863.785199288,4649145.329114205,1.2,2468,12,3,75-27,[]
TX,850.029226094,292926.817413819,4640340.479293374,1.2,1826,12,3,335-21,[]
TX,850.156919083,291828.136415679,4642543.491390267,1.2,1862,12,4,339-22,[]
TX,850.223121646,283185.145984946,4633211.231473245,1.2,1267,12,3,254-2,[]
TX,850.298073019,273649.234020756,4630690.818662133,1.2,1377,12,3,269-15,[]
TX,850.398125977,292322.775269011,4642277.79411859,1.2,2429,12,3,71-7,[]
TX,850.49709377,292309.092236204,4642052.32794842,1.2,291,12,3,129-11,[]
TX,850.537284118,292812.15981579,4642787.116804078,1.2,572,12,3,157-3,[]
TX,850.62714562,292151.779436153,4642933.278020103,1.2,1195,12,4,244-14,[]
TX,850.684130291,290913.95309614,4641687.340731076,1.2,1995,8,3,358-4,[]
TX,850.725901284,290092.527235607,4641534.467996841,1.2,2576,7,3,85-13,[]
TX,850.746720703,294222.122988074,4641975.973227849,1.2,2623,9,3,93-28,"[['RX_GW', 851.118487237, 2623, 9, 3, 868.1, -127.960215666, '00:00:00:00:00:04']]"
TX,850.791703965,291982.653005418,4641729.904707358,1.2,885,12,3,200-28,[]
TX,850.854012234,290658.593275995,4642706.480049536,1.2,742,10,3,182-11,[]
TX,851.217179332,289644.777173275,4635508.055107221,1.2,1841,12,3,337-10,[]
TX,851.332268568,290866.071153056,4642319.879544041,1.2,1495,10,4,288-17,[]
TX,851.380152893,290339.885769745,4644219.835467545,1.2,141,12,3,11-7,[]
TX,851.591846647,290347.114128434,4640397.767900689,1.2,1927,7,3,348-20,[]
TX,851.754823637,290825.121225011,4642284.998870105,1.2,364,10,3,138-24,[]
TX,851.814990304,292783.537018477,4640090.676770312,1.2,1655,12,3,31-2,[]
TX,851.835304823,291632.789653633,4644610.060806117,1.2,408,12,3,140-18,[]
TX,851.882351168,273680.082730358,4630700.114119579,1.2,1542,12,3,294-14,[]
TX,852.031055486,292537.649129087,4642926.68475361,1.2,2309,12,3,56-9,[]
TX,852.053494878,291604.444931516,4639311.822518859,1.2,1285,12,4,256-13,[]
TX,852.132462611,292450.888332443,4643499.932640631,1.2,1347,12,3,264-6,[]
TX,852.142713226,290109.229812364,4642421.848792242,1.2,1645,9,4,31-10,[]
TX,852.24826083,290108.76035153,4641494.828648003,1.2,1235,7,4,249-5,[]
TX,852.293858788,292693.214270439,4643665.609926342,1.2,20,12,3,101-12,[]
TX,852.690064712,291017.036360817,4644028.93124109,1.2,63,12,3,103-6,[]
TX,852.707665572,291903.662635011,4645086.254149745,1.2,2603,12,3,91-21,[]
TX,852.768122443,299783.790341922,4645115.829098676,1.2,237,12,4,124-19,[]
TX,852.901106758,293272.645915896,4643175.505389856,1.2,688,12,3,173-22,[]
TX,853.047319178,299743.004727174,4630051.093558743,1.2,2215,12,3,49-10,[]
TX,853.068957498,289228.316562858,4642334.373047404,1.2,847,10,3,197-18,[]
TX,853.222122587,289967.393784673,4634422.359040432,1.2,1660,12,3,31-27,[]
TX,853.25918442,273705.297854351,4630611.737212433,1.2,2048,12,3,367-26,[]
TX,853.380079764,301468.535362684,4645225.647430096,1.2,109,12,3,109-13,[]
TX,853.387447997,289966.389929323,4639937.834174176,1.2,1766,8,3,326-20,[]
TX,853.57860111,291678.25157586,4642103.96389489,1.2,1612,11,3,306-18,[]
TX,853.656677036,295514.902305481,4645847.747528764,1.2,393,12,3,14-21,[]
TX,853.670550034,293706.562426841,4643407.82233464,1.2,2447,12,3,72-3,[]
TX,853.683421324,292891.628432988,4642213.630050639,1.2,1508,12,4,29-24,[]
TX,853.744443314,289667.291612221,4645678.855171051,1.2,752,12,3,182-5,[]
TX,853.767445253,290746.605783988,4642883.729021439,1.2,1382,11,3,269-2,[]
TX,853.867658577,291041.938285823,4640552.402304968,1.2,745,7,3,182-19,[]
TX,853.976154238,299770.062610869,4630299.594808744,1.2,2367,12,3,67-3,[]
TX,853.99831182,292392.090197856,4637339.424930939,1.2,996,12,3,22-28,[]
TX,854.33251392,283244.046139356,4640364.075212254,1.2,192,12,3,115-26,[]
TX,854.372353381,273858.748185822,4631211.438736222,1.2,1403,12,3,270-28,[]
TX,854.493737253,290439.785520804,4635856.934625287,1.2,1086,12,3,231-5,[]
TX,854.726181267,295144.89443913,4642710.511006093,1.2,2221,8,3,50-11,[]
TX,854.730709088,272094.214768421,4629846.364382426,1.2,1910,12,3,344-5,[]
TX,855.116436772,291364.611308908,4642031.347232491,1.2,1269,10,3,254-21,"[['RX_GW', 855.775948309, 1269, 10, 3, 868.1, -132.374339657, '00:00:00:00:00:02']]"
TX,855.175780115,273693.523125309,4630635.216534711,1.2,193,12,3,115-27,[]
TX,855.188619985,289941.497088295,4634397.56984981,1.2,1758,12,3,324-26,[]
TX,855.465672372,273698.666087994,4630640.871690679,1.2,1128,12,3,238-28,[]
TX,855.655878738,289199.067154054,4642081.687699592,1.2,2141,9,3,43-28,[]
TX,855.673962268,292046.561409422,4636951.51057638,1.2,1300,12,3,256-7,[]
TX,855.892370694,273696.206919528,4630625.10268232,1.2,979,12,3,215-22,[]
TX,855.920873212,291703.09666815,4636434.166220013,1.2,1972,12,3,356-28,[]
TX,855.926615386,293385.84614385,4640078.902419668,1.2,801,12,3,188-7,[]
TX,856.01819659,299225.33670813,4642580.723139501,1.2,2505,12,3,8-4,[]
TX,856.063393848,271672.466814696,4630654.301867588,1.2,1383,12,4,269-20,[]
TX,856.260978935,295402.612256771,4640746.555895737,1.2,769,7,4,185-6,"[['RX_GW', 856.37597578, 769, 7, 4, 868.1, -122.546013514, '00:00:00:00:00:04']]"
TX,856.315586601,286561.753969296,4634495.79085382,1.2,190,12,3,115-24,[]
TX,856.638836462,294536.184016854,4644466.342476274,1.2,2470,12,3,75-5,[]
TX,856.855247824,292745.650383892,4641858.174724228,1.2,2600,12,3,91-18,[]
TX,856.88468044,290281.558386328,4643370.909532816,1.2,1101,12,3,233-12,[]
TX,856.956641457,271552.186582512,4630214.483603079,1.2,2331,12,3,60-17,[]
TX,857.020882722,291068.897099733,4644044.696293358,1.2,506,12,3,150-6,[]
TX,857.168941667,292317.278532616,4652095.555213368,1.2,118,12,3,109-21,[]
TX,857.254504409,287557.577026435,4641660.157304426,1.2,2492,12,3,79-21,[]
TX,857.333004043,291871.209603954,4642560.536999643,1.2,2525,12,3,82-14,[]
TX,857.416621304,291241.431109407,4641254.263465344,1.2,1301,9,3,259-17,[]
TX,857.431555227,291991.103548625,4643724.789220627,1.2,2112,12,3,41-14,[]
TX,857.548107144,290569.89275744,4645917.57815875,1.2,691,12,4,173-26,[]
TX,857.599623645,293705.125589094,4645354.721138154,1.2,2619,12,4,93-21,[]
TX,858.28003552,294796.531901786,4644864.507081919,1.2,898,12,3,202-12,[]
TX,858.448519435,273765.962552724,4630701.557287386,1.2,1987,12,3,358-17,[]
TX,858.468684632,291018.9761557,4641940.974347753,1.2,1996,9,3,358-5,[]
TX,858.55144179,290051.653082917,4642394.869717909,1.2,1570,9,3,301-13,[]
TX,858.778075543,294136.869341818,4647413.348914123,1.2,2420,12,3,71-26,[]
TX,859.299609947,290769.857170579,4637884.043687894,1.2,1154,12,4,24-12,[]
TX,859.304699014,292840.106562518,4641175.704751668,1.2,1485,12,3,287-26,[]
TX,859.388748977,288638.026527834,4648743.140378453,1.2,1704,12,4,317-17,[]
TX,859.396620886,287147.119348657,4634214.220740841,1.2,515,12,3,151-21,[]
TX,859.406064017,273706.947433132,4630648.434187074,1.2,1196,12,4,244-22,[]
TX,859.49665543,291840.090419231,4642549.131912436,1.2,2480,12,3,76-23,[]
TX,859.583999375,275286.029642334,4631385.381738054,1.2,1840,12,3,336-7,[]
TX,859.636284759,294139.432829795,4647412.025870535,1.2,99,12,4,107-23,[]
TX,859.784294885,292125.667762565,4642384.088267973,1.2,665,12,3,169-10,[]
TX,859.816272437,290211.3125494,4642596.218331695,1.2,172,10,3,112-4,[]
TX,860.004943163,292053.841334777,4641790.4736122,1.2,438,12,4,143-26,[]
TX,860.318016124,286631.498913395,4641118.350627655,1.2,587,12,4,158-8,[]
TX,860.480140074,290944.156662475,4635971.038527505,1.2,1454,12,3,28-25,[]
TX,860.522265227,290843.463654652,4642280.844176462,1.2,846,10,3,197-17,[]
TX,860.557457027,282888.756938512,4634800.464343696,1.2,2111,12,3,41-13,[]
TX,860.676198333,292722.110174534,4641699.695551602,1.2,467,12,4,148-17,[]
TX,860.757917073,288517.395569882,4642842.435655345,1.2,263,12,3,126-9,[]
TX,860.790836148,290479.535450856,4640631.155096776,1.2,601,7,3,160-19,[]
TX,860.819719816,291175.879804489,4640453.830584211,1.2,2669,9,4,97-3,[]
TX,860.991105758,294185.396368455,4641876.789983455,1.2,1679,10,3,310-4,[]
TX,861.338050365,293258.511782368,4643170.022907316,1.2,1442,12,3,275-5,[]
TX,861.340611336,291375.824645667,4641437.300060933,1.2,1529,10,4,293-17,[]
TX,861.381003134,291140.448091531,4640351.278409964,1.2,1241,9,4,250-20,[]
TX,861.393131039,295128.804978748,4642719.802452564,1.2,2097,8,3,39-28,[]
TX,861.478982491,291030.072177157,4641944.471478617,1.2,2539,9,3,82-9,[]
TX,861.48713378,287531.141885923,4641963.479738384,1.2,2340,12,3,61-29,[]
TX,861.565334627,290937.273425225,4642272.999706184,1.2,2590,10,3,88-11,[]
TX,861.778201705,290975.210504228,4641177.964166182,1.2,1060,8,4,229-18,[]
TX,862.021227318,287896.375828865,4644003.867675413,1.2,100,12,3,107-24,[]
TX,862.081557919,290734.816588929,4644879.277928513,1.2,2088,12,3,39-11,[]
TX,862.100689323,272338.311499735,4630156.199630549,1.2,1852,12,3,338-4,[]
TX,862.10780174,284490.025554431,4632919.358903788,1.2,2076,12,3,371-23,[]
TX,862.155059343,293833.93040567,4643302.01679432,1.2,1439,12,4,275-21,[]
TX,862.182374335,289736.565897995,4643216.32901698,1.2,33,12,4,101-26,[]
TX,862.513959431,291224.224607701,4642289.781875098,1.2,464,11,3,148-11,[]
TX,862.543364979,288936.146642404,4643657.637483406,1.2,1356,12,3,266-27,[]
TX,862.569497592,290822.882405726,4635540.994912203,1.2,2589,12,4,87-28,[]
TX,862.601695101,289986.219539654,4642803.501545068,1.2,86,11,3,106-14,[]
TX,862.75564227,296732.375106323,4646483.314347978,1.2,1000,12,3,220-26,[]
TX,862.91153785,286661.9360802,4641682.395586349,1.2,1489,12,4,287-4,[]
TX,863.120207069,290985.038132818,4641982.927996464,1.2,35,10,3,101-29,[]
TX,863.235809233,294372.573081232,4643080.411410903,1.2,1087,12,3,231-6,[]
TX,863.267494248,288188.410073672,4634725.813923509,1.2,134,12,4,11-20,[]
TX,863.535148054,290954.76845524,4639054.684815963,1.2,2393,10,3,70-1,[]
TX,863.860180393,289068.566258648,4642621.97880285,1.2,1934,12,3,349-13,[]
TX,864.018715656,291534.204314656,4641419.813770021,1.2,32,11,3,101-25,[]
TX,864.223977748,291242.589213228,4642286.562595026,1.2,2650,11,3,96-6,[]
TX,864.244300132,292565.348530827,4642912.13107679,1.2,28,12,4,101-2,[]
TX,864.31988806,291999.592732335,4643707.794119482,1.2,2011,12,3,362-17,[]
TX,864.418242764,289946.619532979,4634417.899360106,1.2,2317,12,4,58-20,[]
TX,864.476333382,290972.363607847,4641940.830465444,1.2,341,9,3,137-18,[]
TX,864.772652281,292541.861089322,4641948.86817614,1.2,1059,12,4,229-17,[]
TX,864.773624319,291483.116613729,4642500.106154321,1.2,57,11,3,103-21,[]
TX,864.795858548,295605.430869725,4645549.408155396,1.2,2171,12,3,46-17,[]
TX,865.462436029,291034.571636571,4641924.951922699,1.2,2390,9,3,7-5,[]
TX,865.562388519,291043.548806064,4641118.001726098,1.2,2396,8,3,70-19,"[['RX_GW', 865.769801725, 2396, 8, 3, 868.1, -124.731118773, '00:00:00:00:00:02']]"
TX,865.767473352,271627.90501138,4630652.392959685,1.2,1725,12,3,320-10,[]
TX,865.784466742,292820.494527734,4644274.931614751,1.2,999,12,4,220-25,[]
TX,865.784959575,295573.743865815,4645679.962522192,1.2,1885,12,3,340-26,[]
TX,866.063904091,271976.9408193,4630599.938406976,1.2,2073,12,4,371-20,[]
TX,866.076299993,285219.699586238,4633366.941687033,1.2,1239,12,3,250-18,[]
TX,866.181952923,292516.093337672,4643037.979153335,1.2,1590,12,4,305-12,[]
TX,866.249594578,273697.571986464,4630601.492338535,1.2,1864,12,3,339-24,[]
TX,866.271713709,290220.652328529,4644200.578046036,1.2,1144,12,3,239-3,[]
TX,866.27194417,292269.177052892,4641976.13770522,1.2,2,12,4,100-13,[]
TX,866.278365702,291976.084515351,4642336.617867408,1.2,2247,12,3,51-13,[]
TX,866.279019636,292320.74311356,4643378.666277012,1.2,1786,12,3,330-3,[]
TX,866.313880917,299772.500123421,4630312.182532609,1.2,968,12,4,214-20,[]
TX,866.502253181,290408.610516,4635975.779522565,1.2,48,12,3,102-3,[]
TX,866.662780864,292310.156719481,4642048.701787716,1.2,1131,12,4,239-13,[]
TX,866.925908107,290824.706696153,4641295.892420916,1.2,85,7,3,106-13,[]
TX,867.084932404,290435.163678451,4642831.376018763,1.2,2373,12,3,68-18,[]
TX,867.113363153,291714.741702237,4642145.751266344,1.2,630,11,3,163-11,[]
TX,867.203366203,291850.659372098,4642558.054385584,1.2,133,12,3,11-18,[]
TX,867.269212516,292671.233260834,4643694.086099816,1.2,1814,12,3,334-18,[]
TX,867.291700665,286821.20504891,4634329.133420859,1.2,844,12,3,195-7,[]
TX,867.305483756,286713.040195005,4641700.257296434,1.2,1791,12,3,332-10,[]
TX,867.403895904,289682.298844357,4642646.19116748,1.2,2083,11,3,372-24,[]
TX,867.452337752,291792.197187635,4644110.141151927,1.2,2537,12,3,82-7,[]
TX,867.969705953,290416.526160628,4641824.819209041,1.2,875,9,4,199-26,[]
TX,868.03285814,273763.438712137,4630721.824120208,1.2,1991,12,4,358-21,[]
TX,868.052378585,291112.829863948,4643017.931116255,1.2,111,12,3,109-15,[]
TX,868.082843021,291044.493653199,4644013.086809104,1.2,740,12,3,181-9,[]
TX,868.138626168,288980.788049772,4640033.799482335,1.2,1801,9,3,332-25,[]
TX,868.195090141,290145.765181556,4643336.376285818,1.2,580,12,4,158-13,[]
TX,868.330943076,292383.447119133,4641983.083817922,1.2,344,12,3,137-20,[]
TX,868.524803681,292110.546524424,4642227.86182573,1.2,1453,12,3,28-24,[]
TX,868.704440015,292717.195165408,4641841.757329097,1.2,1021,12,4,223-11,[]
TX,868.774034303,290015.267112945,4642387.533775413,1.2,300,9,3,129-28,[]
TX,868.870519463,290565.103528483,4642275.337290697,1.2,1322,9,3,261-24,[]
TX,868.870754061,291878.074448749,4642560.224246698,1.2,2103,12,4,40-24,[]
TX,868.961080896,292095.878402438,4640707.04494465,1.2,2161,12,4,45-29,[]
TX,869.000805601,292709.067814898,4643574.027775738,1.2,694,12,3,174-18,[]
TX,869.055168582,289982.208049751,4637830.971039852,1.2,1572,12,3,301-22,[]
TX,869.087365421,291039.001452937,4633471.309344843,1.2,1525,12,3,291-3,[]
TX,869.231858207,273692.42492704,4630736.764930414,1.2,1829,12,3,336-17,[]
TX,869.671169716,290066.936998075,4641527.835555651,1.2,1893,7,4,340-9,[]
TX,869.97043883,292707.145906152,4641798.226620711,1.2,754,12,3,182-7,[]
TX,870.051412171,271767.826499433,4630721.100411446,1.2,336,12,3,137-12,[]
TX,870.123114768,291399.726649394,4641372.626454098,1.2,856,9,3,198-10,[]
TX,870.216940593,290847.614218691,4642253.23603291,1.2,1422,9,3,274-14,[]
TX,870.224153,290696.354487336,4641293.755669124,1.2,2338,7,4,61-20,[]
TX,870.35621879,292696.555842413,4641798.981733433,1.2,485,12,3,148-9,[]
TX,870.582612871,290347.648876526,4641822.707172701,1.2,1832,9,3,336-20,[]
TX,870.661101368,290956.422928722,4643932.435472841,1.2,166,12,3,112-2,[]
TX,870.691594636,289857.728073642,4641776.464843274,1.2,772,7,4,186-11,[]
TX,871.123892117,289874.219749613,4635513.104666184,1.2,160,12,3,111-27,[]
TX,871.239831602,292165.589365524,4639446.421716147,1.2,1780,12,3,330-20,[]
TX,871.468891528,274337.69031358,4630709.588042314,1.2,1376,12,3,269-1,[]
TX,871.655899922,293052.883130923,4642971.802791084,1.2,479,12,3,148-3,[]
TX,871.71545124,294393.278316016,4643082.202333803,1.2,893,12,3,201-25,[]
TX,872.066734905,293255.674931495,4642009.724348934,1.2,584,12,3,158-25,[]
TX,872.130913157,292677.483900698,4642815.996139378,1.2,2287,12,4,55-6,[]
TX,872.181662619,292741.139059083,4641363.783567293,1.2,2368,12,3,67-30,[]
TX,872.318347603,292109.018351271,4643632.845467873,1.2,2307,12,4,56-7,[]
TX,872.336458513,292553.975328929,4642899.835397717,1.2,2608,12,4,91-5,[]
TX,872.370440617,290225.304868255,4637734.342821136,1.2,1792,12,3,332-11,[]
TX,872.475705072,292319.119909685,4642934.388380413,1.2,521,12,3,151-28,[]
TX,872.52404575,285728.365624482,4640638.309009237,1.2,0,12,3,100-10,[]
TX,872.937566874,291992.346167194,4642608.246298723,1.2,2660,12,3,97-20,[]
TX,873.207168852,294395.734294419,4643082.77456596,1.2,1088,12,4,231-7,[]
TX,873.319696732,297446.475194864,4641384.861303409,1.2,2260,12,4,51-27,[]
TX,873.436158826,292327.960181218,4642045.705161098,1.2,2636,12,3,95-19,[]
TX,873.496704825,278080.010949443,4632434.748398448,1.2,1992,12,3,358-23,[]
TX,873.529359813,291972.277081146,4641620.424309601,1.2,416,12,3,140-27,[]
TX,873.534803328,290874.590538607,4642262.628097517,1.2,938,10,4,206-9,[]
TX,873.61192229,289331.305669994,4646218.448654836,1.2,779,12,3,186-26,[]
TX,873.709950077,289215.601541718,4642084.406467167,1.2,1531,9,3,293-2,[]
TX,873.81939992,289274.061104401,4640466.626362462,1.2,2052,7,4,367-4,[]
TX,873.844634991,290061.366554989,4642391.95548017,1.2,52,9,4,102-7,[]
TX,873.961048022,294306.338216219,4639019.655105607,1.2,2009,12,3,361-6,[]
TX,873.982962682,294264.439165183,4639049.23739443,1.2,2437,12,4,72-17,[]
TX,874.027625133,288990.540149879,4641734.761700242,1.2,2096,8,3,39-27,[]
TX,874.08651018,288046.881054586,4646161.150064898,1.2,792,12,3,187-6,[]
TX,874.127417093,273683.778802396,4630610.730190239,1.2,1545,12,4,297-17,[]
TX,874.196609772,287630.850772811,4634320.002857932,1.2,718,12,3,179-21,[]
TX,874.239623035,286742.576440068,4641335.041963947,1.2,699,12,3,174-5,[]
TX,874.32645517,290989.016359233,4641173.637230478,1.2,780,8,4,186-27,[]
TX,874.328934051,289918.719419408,4638771.104249099,1.2,295,10,3,129-22,[]
TX,874.329366322,287981.390422421,4638938.590869311,1.2,1214,12,3,246-12,[]
TX,874.704682707,292750.878238619,4642104.155560019,1.2,2233,12,4,50-26,[]
TX,874.740657301,273700.54329032,4630623.35611821,1.2,1550,12,3,298-19,[]
TX,874.748952452,290803.352058565,4638131.436490784,1.2,829,12,3,194-24,[]
TX,874.784028623,291855.735949642,4641071.867315636,1.2,1064,11,4,229-21,[]
TX,874.831720824,289770.936777436,4643208.762295745,1.2,620,12,4,162-27,[]
TX,874.896321636,288506.85209259,4642467.125954472,1.2,817,12,4,190-3,[]
TX,875.179831229,290712.371513136,4641308.572968578,1.2,151,7,3,110-26,"[['RX_GW', 875.294827583, 151, 7, 3, 868.1, -122.414345154, '00:00:00:00:00:02']]"
TX,875.341239518,283368.711158343,4632892.749746527,1.2,1290,12,3,256-2,[]
TX,875.401533196,291813.679680996,4644116.61459388,1.2,2236,12,3,50-29,[]
TX,875.40553767,290418.509155262,4643858.938950278,1.2,2172,12,4,46-18,[]
TX,875.432242792,290162.727490095,4635326.999329156,1.2,947,12,4,21-13,[]
TX,875.523284936,291927.504640122,4642579.118842689,1.2,383,12,3,139-25,[]
TX,875.577668199,282292.623145133,4637129.538511002,1.2,154,12,4,111-10,[]
TX,875.647477064,284461.475704536,4632952.758469868,1.2,1166,12,3,24-25,[]
TX,875.878131829,282843.317542563,4632855.688320708,1.2,975,12,4,215-10,[]
TX,875.927675688,290190.993776251,4643841.512939837,1.2,658,12,3,167-20,[]
TX,876.039427027,292593.75779898,4641804.562432523,1.2,1139,12,3,239-24,[]
TX,876.107670776,294383.610979352,4643077.912918823,1.2,1135,12,3,239-19,[]
TX,876.169970973,292320.915933241,4642043.703772504,1.2,2019,12,3,363-12,[]
TX,876.365133986,288321.99517168,4638758.666511274,1.2,1215,12,3,246-13,[]
TX,876.389360993,298816.647269166,4635860.933110295,1.2,1855,12,3,339-11,[]
TX,876.446583352,292728.084079814,4641839.214942376,1.2,693,12,3,174-17,[]
TX,876.548280451,293205.855589512,4644054.519054173,1.2,1056,12,4,226-8,[]
TX,876.626081191,292799.779927954,4640065.97822947,1.2,1405,12,3,270-4,[]
TX,876.834820189,294153.399823132,4647426.259076166,1.2,2252,12,3,51-18,[]
TX,876.986134928,290964.034620526,4642005.846232751,1.2,2132,10,4,43-13,[]
TX,877.400507656,292436.473434082,4642584.892610177,1.2,310,12,3,130-21,[]
TX,877.405342014,292322.450960077,4642043.959306069,1.2,652,12,3,166-9,[]
TX,877.467317133,291829.937696025,4642546.448997485,1.2,333,12,4,131-9,[]
TX,877.47074912,293905.038978215,4645265.331104601,1.2,2615,12,3,93-18,[]
TX,877.56585102,293451.650838648,4642748.110250816,1.2,70,11,3,104-3,[]
TX,877.709561318,294972.539375028,4642697.32752255,1.2,1492,8,3,287-7,[]
TX,877.886420965,291761.493570094,4642635.833283336,1.2,728,12,4,181-20,[]
TX,877.917930999,296909.183124685,4647280.210203604,1.2,394,12,3,14-3,[]
TX,877.926336003,292935.765924781,4641203.961880257,1.2,1677,12,3,310-3,[]
TX,877.985769938,292331.709424695,4650296.298412341,1.2,2511,12,4,80-19,[]
TX,878.019116302,289633.680432069,4646720.409013393,1.2,2345,12,4,61-6,[]
TX,878.238231639,291870.073190119,4644212.717540707,1.2,2036,12,3,367-10,[]
TX,878.241560769,290684.667773638,4641302.651978428,1.2,1588,7,3,305-10,"[['RX_GW', 878.356557032, 1588, 7, 3, 868.1, -121.812823528, '00:00:00:00:00:02']]"
TX,878.289185415,293680.542554896,4639688.724689154,1.2,2280,12,3,55-18,[]
TX,878.334425715,298201.870530434,4638192.940742982,1.2,1582,12,3,304-17,[]
TX,878.427115431,291957.281564684,4642594.863697229,1.2,323,12,4,131-10,[]
TX,878.436410736,290508.985143696,4643375.484452972,1.2,243,12,3,124-27,[]
TX,878.571483592,291292.947826019,4641405.845833474,1.2,204,9,3,12-1,[]
TX,878.631058279,291756.524334012,4642518.642446275,1.2,373,12,3,138-7,[]
TX,878.720643332,289440.338583496,4639468.904737656,1.2,2053,10,3,367-5,[]
TX,878.793303626,271892.239013218,4630087.359045682,1.2,946,12,3,21-12,[]
TX,878.942043059,291204.320410338,4641286.813195525,1.2,288,8,4,128-6,[]
TX,879.113618429,298108.147526131,4640971.295064789,1.2,799,12,3,188-5,[]
TX,879.211802966,290179.453832679,4643360.12307524,1.2,2148,12,4,44-12,[]
TX,879.296089654,289858.175952985,4642366.667334829,1.2,1337,10,3,262-9,[]
TX,879.44751535,292803.592321938,4641993.979088326,1.2,1090,12,3,231-9,[]
TX,879.773814046,289579.032472765,4635177.449967473,1.2,22,12,3,101-14,[]
TX,879.7939328,292262.902771271,4642284.898997611,1.2,1978,12,3,357-20,[]
TX,879.97736689,290287.038452411,4643370.623877801,1.2,775,12,4,186-22,[]
TX,880.145695111,292324.90139106,4642038.030717293,1.2,2024,12,3,363-19,[]
TX,880.210425848,289647.234992479,4641976.679379328,1.2,1480,8,3,287-21,[]
TX,880.286053889,290893.051530447,4638617.685456021,1.2,2488,12,3,79-17,[]
TX,880.604562713,290475.728224925,4641436.138557971,1.2,2645,7,3,96-20,[]
TX,880.679593758,293085.614115705,4642627.907490427,1.2,1924,12,3,348-17,[]
TX,881.101299009,295298.73617971,4638060.276869959,1.2,1979,12,4,357-3,[]
TX,881.305988727,294093.259564316,4642123.678729714,1.2,608,10,3,160-6,[]
TX,881.349113389,282754.86369477,4640220.151408447,1.2,1406,12,3,270-5,[]
TX,881.369221681,293421.856182148,4644451.678881819,1.2,2431,12,3,72-10,[]
TX,881.429603596,291941.299772523,4642893.769779093,1.2,550,12,4,153-5,[]
TX,881.544278743,273759.464785412,4630642.833319718,1.2,2324,12,3,59-17,[]
TX,881.600738134,289923.19276653,4647685.754185015,1.2,722,12,4,181-11,[]
TX,881.646918246,295179.764549075,4638491.512508092,1.2,963,12,4,214-1,[]
TX,881.79385111,291989.758664738,4643715.94264724,1.2,400,12,3,140-10,[]
TX,882.113284966,289303.731567821,4639770.79776316,1.2,1430,9,4,274-6,"[['RX_GW', 882.485050842, 1430, 9, 4, 868.1, -128.042186214, '00:00:00:00:00:02']]"
TX,882.127178346,291558.191647997,4640956.383239446,1.2,1210,11,3,245-26,[]
TX,882.184231211,292720.66729358,4641835.531037685,1.2,87,12,3,106-23,[]
TX,882.518382106,273700.988808769,4630653.361237409,1.2,704,12,3,175-30,[]
TX,882.622547118,292341.321288191,4644073.446425396,1.2,1851,12,3,338-3,[]
TX,882.822154471,294136.58004071,4647414.808812562,1.2,104,12,3,107-28,[]
TX,882.969538653,293611.325774016,4641920.752577351,1.2,575,12,3,157-6,[]
TX,883.018308714,291825.972817741,4642550.158449661,1.2,234,12,3,124-15,[]
TX,883.069880684,290629.22819538,4646622.865711801,1.2,2428,12,4,71-6,[]
TX,883.223476374,292468.195166674,4641898.471775283,1.2,1510,12,4,29-26,[]
TX,883.414161031,293476.643819645,4644524.282217618,1.2,2300,12,3,56-26,[]
TX,883.53922283,288397.878179563,4642387.52485575,1.2,589,11,4,159-15,[]
TX,883.54955799,292261.683889759,4638904.128977934,1.2,2473,12,3,75-9,[]
TX,883.728322134,293011.086944733,4643295.956793195,1.2,2476,12,4,76-12,[]
TX,883.730733635,290102.276189743,4640908.710419141,1.2,526,7,3,151-7,[]
TX,883.823398513,290819.686078724,4638210.900565064,1.2,195,12,3,119-10,[]
TX,883.956046691,288859.352818501,4634695.816511191,1.2,1730,12,3,320-27,[]
TX,883.956088531,286736.508954504,4645891.345345446,1.2,676,12,4,171-26,[]
TX,883.999696256,287095.705930486,4634226.996949259,1.2,1870,12,4,339-4,[]
TX,884.043075382,291185.576110142,4641310.172366465,1.2,386,8,3,139-28,[]
TX,884.080986472,290343.373524785,4641438.975578031,1.2,1878,7,4,340-12,[]
TX,884.193928501,292310.89333069,4642053.786281073,1.2,444,12,4,145-24,[]
TX,884.242201099,291253.278374596,4640378.592529038,1.2,1138,10,4,239-23,[]
TX,884.252736959,285651.735852373,4633425.91113111,1.2,1834,12,3,336-29,[]
TX,884.307546112,291481.076757418,4642489.160465765,1.2,612,12,4,162-12,[]
TX,884.453240279,299571.683155369,4630025.578779533,1.2,1716,12,4,318-18,[]
TX,884.660467051,291963.311559191,4642592.957207603,1.2,385,12,3,139-27,[]
TX,884.667266898,302763.730367906,4644991.788485042,1.2,2536,12,3,82-6,[]
TX,884.710547388,293705.845614259,4645359.61567953,1.2,2616,12,4,93-19,[]
TX,884.715502437,291248.547205732,4642265.767520845,1.2,1040,11,4,226-18,[]
TX,885.029737295,290445.198932868,4650825.858096696,1.2,701,12,3,174-7,[]
TX,885.102678897,273700.709312785,4630609.157854459,1.2,1733,12,3,320-9,[]
TX,885.13775644,290732.485167076,4642895.998280868,1.2,1081,11,3,231-25,[]
TX,885.213122611,290961.208259248,4642851.987082542,1.2,30,12,4,101-21,[]
TX,885.661473952,288153.817003627,4643027.861748937,1.2,2209,12,3,48-25,[]
TX,885.70319136,292711.992611491,4641818.894185844,1.2,1328,12,3,261-9,[]
TX,885.835982477,276715.710164404,4627238.343338184,1.2,1918,12,3,347-24,[]
TX,885.946547586,289396.651530425,4641739.207345322,1.2,1133,7,3,239-17,"[['RX_GW', 886.061544405, 1133, 7, 3, 868.1, -119.785458596, '00:00:00:00:00:02']]"
TX,886.006266366,289829.093809093,4643468.479555828,1.2,1092,12,3,232-18,[]
TX,886.073097276,292960.040499597,4643422.280517253,1.2,564,12,3,155-5,[]
TX,886.348006603,290700.489507485,4641299.992236041,1.2,284,7,3,128-3,"[['RX_GW', 886.463002909, 284, 7, 3, 868.1, -122.096440863, '00:00:00:00:00:02']]"
TX,886.85519598,292726.32475506,4642085.90429219,1.2,226,12,4,121-5,[]
TX,887.001492498,290104.311031064,4635292.661638985,1.2,656,12,3,167-18,[]
TX,887.104255259,290136.884786413,4640089.234483825,1.2,1417,7,3,273-5,"[['RX_GW', 887.219251549, 1417, 7, 3, 868.1, -118.862678133, '00:00:00:00:00:02']]"
TX,887.230457273,291862.702032911,4642557.236246466,1.2,448,12,3,145-28,[]
TX,887.233642969,294612.470761151,4642609.856260434,1.2,2243,10,3,51-1,[]
TX,887.307984276,292311.814383965,4642054.979887088,1.2,2430,12,4,72-1,[]
TX,887.374301886,291839.12373201,4642555.52838032,1.2,548,12,4,153-30,[]
TX,887.413308927,294185.158799232,4646814.295109658,1.2,2246,12,3,51-12,[]
TX,887.719012552,286679.182999312,4645778.987797075,1.2,1362,12,4,267-14,[]
TX,887.97023432,293721.047749279,4645344.252134157,1.2,40,12,4,101-7,[]
TX,888.226746431,294600.248808172,4647689.479220985,1.2,96,12,3,107-13,[]
TX,888.807140079,288179.899433372,4643896.26092006,1.2,784,12,3,187-17,[]
TX,888.905907994,272175.177072101,4627868.618538048,1.2,1721,12,3,318-4,[]
TX,888.921102018,292718.764494194,4641710.056492003,1.2,2117,12,3,41-28,[]
TX,889.018110776,291021.388302432,4644009.23879009,1.2,2227,12,4,50-17,[]
TX,889.033924385,290512.082537611,4641373.3185544,1.2,287,7,3,128-5,"[['RX_GW', 889.148920301, 287, 7, 3, 868.1, -118.84054325, '00:00:00:00:00:02']]"
TX,889.080907718,289566.44818815,4643317.599867352,1.2,721,12,3,181-10,[]
TX,889.188693013,295631.317171023,4645557.558293136,1.2,2194,12,3,47-26,[]
TX,889.235062333,290439.360076018,4642869.175707265,1.2,1348,12,4,264-7,[]
TX,889.320919884,290509.77261585,4645038.467035796,1.2,1280,12,3,254-7,[]
TX,889.653837175,294324.45050962,4642717.259516913,1.2,2387,11,4,7-21,"[['RX_GW', 891.134596388, 2387, 11, 4, 868.1, -134.449121519, '00:00:00:00:00:04']]"
TX,889.74162514,292247.9935229,4638735.181037224,1.2,2344,12,3,61-5,[]
TX,890.048764545,273699.216998039,4630606.532817846,1.2,1261,12,3,254-14,[]
TX,890.214742388,272223.982233344,4630077.870851584,1.2,836,12,4,195-18,[]
TX,890.232159403,296751.180278029,4646469.617601321,1.2,1699,12,4,315-5,[]
TX,890.346081637,292118.343836998,4643803.730720444,1.2,1058,12,4,229-1,[]
TX,890.481548801,292528.457942082,4642920.391715631,1.2,553,12,3,155-1,[]
TX,890.587485814,295112.832162654,4642702.199131272,1.2,150,8,3,110-25,[]
TX,890.701738681,292109.045942641,4642625.917287366,1.2,2380,12,3,68-4,[]
TX,890.963233028,287414.79703476,4641209.366651923,1.2,2164,12,3,45-4,[]
TX,890.978755797,292337.125833604,4637417.177118614,1.2,2462,12,3,75-20,[]
TX,891.097233738,287910.16299588,4644001.037347879,1.2,1068,12,3,229-6,[]
TX,891.14699185,293296.380648869,4649490.534910534,1.2,199,12,4,119-14,[]
TX,891.175218572,289978.447368047,4637836.604524151,1.2,2545,12,3,83-21,[]
TX,891.202374711,289761.44853253,4642296.921754562,1.2,1339,11,3,264-16,[]
TX,891.25834048,289590.853209654,4646224.112532614,1.2,1713,12,3,318-15,[]
TX,891.31969883,292261.150666701,4643887.746758679,1.2,1931,12,3,348-7,[]
TX,891.375495729,271682.813221607,4630709.287579263,1.2,1208,12,3,245-24,[]
TX,891.491376228,293048.048326997,4640278.695484911,1.2,1860,12,3,339-18,[]
TX,891.551203853,286667.207872219,4645798.02135907,1.2,2195,12,3,47-27,[]
TX,891.554115651,285091.640754293,4633444.025917297,1.2,2049,12,3,367-27,[]
TX,891.772027413,288836.336093193,4645508.807278385,1.2,1097,12,3,232-5,[]
TX,891.779836215,297878.584446715,4640788.119041735,1.2,2007,12,3,361-4,[]
TX,891.906988362,290058.136066746,4644359.166082106,1.2,1748,12,3,322-5,[]
TX,891.949779833,299751.103908849,4630067.601531198,1.2,1739,12,3,321-3,[]
TX,892.075260938,292590.381497802,4641473.782475296,1.2,382,12,3,139-24,[]
TX,892.149198299,289940.708460289,4634384.259402011,1.2,1932,12,3,349-10,[]
TX,892.287764837,290732.329002045,4642904.977825254,1.2,1009,11,3,221-24,[]
TX,892.527362721,285770.318879269,4634336.956610038,1.2,1619,12,3,308-10,[]
TX,892.593576529,291670.473059405,4642116.978169639,1.2,1875,11,3,339-9,[]
TX,892.869699595,292241.113993861,4638755.694541954,1.2,1589,12,4,305-11,[]
TX,892.889553223,288841.240489716,4638499.947412511,1.2,2310,12,4,57-11,[]
TX,892.910231301,291125.483665525,4641207.751802623,1.2,1574,8,3,301-24,[]
TX,893.06216779,289317.842012094,4639752.011993458,1.2,2057,9,3,367-9,[]
TX,893.168976636,286111.128052223,4646348.522980521,1.2,1394,12,3,270-12,[]
TX,893.244381786,290869.02260214,4635895.812253733,1.2,1839,12,3,336-6,[]
TX,893.24488594,286632.266880127,4641695.202673011,1.2,1401,12,4,270-25,[]
TX,893.482825342,292633.857446948,4641759.69991337,1.2,213,12,4,12-4,[]
TX,893.50562652,291111.659287115,4644666.292500069,1.2,2013,12,4,362-19,[]
TX,893.757984,290699.08355821,4637523.019353201,1.2,2578,12,4,85-27,[]
TX,893.779660061,298963.073692032,4640405.607120068,1.2,2658,12,4,97-18,[]
TX,893.97273132,291907.782987988,4642352.197098169,1.2,1142,12,4,239-27,[]
TX,894.011584584,292531.739862992,4642896.473843045,1.2,897,12,4,202-11,[]
TX,894.121163671,290398.186822947,4641401.78377881,1.2,516,7,3,151-22,[]
TX,894.675331203,282233.58645483,4632857.442604887,1.2,1989,12,4,358-19,[]
TX,894.710987234,291860.31750115,4642565.591008927,1.2,2593,12,4,88-22,[]
TX,894.979844005,289219.52028463,4642067.527337319,1.2,1534,9,3,293-29,[]
TX,894.984328491,292312.341964596,4642039.138397713,1.2,2033,12,4,363-30,[]
TX,895.104487697,292522.987406052,4642916.241876826,1.2,1778,12,3,330-18,[]
TX,895.131428507,291671.486117558,4642145.529038236,1.2,2432,11,4,72-12,[]
TX,895.184572252,294135.561555842,4647404.420997074,1.2,719,12,4,179-29,[]
TX,895.313194624,292914.886783811,4640527.631830107,1.2,1341,12,3,264-18,[]
TX,895.370989372,291915.597482107,4642575.691447985,1.2,330,12,4,131-26,[]
TX,895.40772471,290982.648998418,4640892.015991116,1.2,273,7,4,127-5,[]
TX,895.447478293,289066.985729917,4641813.317016521,1.2,2208,9,4,48-24,[]
TX,895.639290577,287456.371383652,4641216.416315858,1.2,2416,12,4,71-20,[]
TX,895.745937053,292334.793488628,4642038.410581867,1.2,2044,12,4,367-20,[]
TX,895.836850041,291432.564731364,4643094.298561925,1.2,1954,12,4,351-6,[]
TX,895.887016899,293310.761597214,4644288.949014267,1.2,1343,12,4,264-21,[]
TX,896.141924067,291705.855988769,4642787.655128929,1.2,853,12,3,197-5,[]
TX,896.147244483,294416.557456933,4642714.761593935,1.2,217,11,4,121-17,"[['RX_GW', 897.628003446, 217, 11, 4, 868.1, -133.890817019, '00:00:00:00:00:04']]"
TX,896.154833017,292131.20666459,4642156.242068921,1.2,773,12,4,186-12,[]
TX,896.165238489,294210.181788894,4644068.615514691,1.2,2594,12,4,88-25,[]
TX,896.305459071,291133.127780342,4641389.248486261,1.2,606,8,4,160-4,[]
TX,896.334385325,295648.189127602,4636727.286272366,1.2,2521,12,4,82-10,[]
TX,896.347429934,287765.077599947,4645623.133585003,1.2,1445,12,4,279-11,[]
TX,896.364592487,291726.116268634,4642150.740713358,1.2,353,11,4,137-30,[]
TX,896.40101641,299330.741903443,4633821.618249436,1.2,1859,12,3,339-17,[]
TX,896.49466853,300792.774000638,4645752.846426605,1.2,2411,12,3,71-16,[]
TX,896.599639588,291959.522041505,4642591.005046729,1.2,2659,12,3,97-19,[]
TX,896.793552926,295825.661079951,4639315.299872881,1.2,2025,12,4,363-2,[]
TX,896.890481933,293504.200535848,4643378.545484022,1.2,2632,12,4,95-12,[]
TX,896.92755372,293172.87139646,4640329.771586447,1.2,1441,12,4,275-4,[]
TX,896.951422239,291103.706410778,4642464.622271998,1.2,1416,11,3,273-4,[]
TX,897.299317324,289924.450250566,4635391.82932365,1.2,1874,12,4,339-8,[]
TX,897.516543648,290365.927896547,4641807.231289005,1.2,2553,9,4,84-15,[]
TX,897.636226577,295567.413829919,4645520.721573952,1.2,2181,12,4,47-1,[]
TX,897.694812082,289494.594733602,4642587.260759798,1.2,576,12,3,157-7,[]
TX,897.828927323,283083.541261303,4633926.40097625,1.2,1749,12,3,322-6,[]
TX,897.896160047,294253.631284454,4641408.253771798,1.2,1808,10,4,332-7,"[['RX_GW', 898.555670506, 1808, 10, 4, 868.1, -131.135585006, '00:00:00:00:00:04']]"
TX,898.060262019,287734.78101915,4634382.658863845,1.2,1515,12,3,290-18,[]
TX,898.093375439,289200.871446412,4642064.12597247,1.2,1118,9,4,237-26,[]
TX,898.182545912,288886.888315459,4642950.926665984,1.2,159,12,4,111-26,[]
TX,898.199322024,289802.542584445,4643226.793693474,1.2,259,12,3,125-28,[]
TX,898.236131291,291678.027706798,4642109.369405817,1.2,2336,11,4,61-18,[]
TX,898.322219565,286069.277933142,4640610.228747016,1.2,2493,12,4,79-4,[]
TX,898.406314924,295128.341764039,4642737.473558236,1.2,107,8,3,109-11,[]
TX,898.437368343,291709.342707244,4642131.84984012,1.2,326,11,3,131-13,[]
TX,898.444099299,292528.114169133,4642928.880178733,1.2,27,12,3,101-19,[]
TX,898.482399905,290626.581099949,4633552.50889177,1.2,2316,12,3,58-18,[]
TX,898.808120982,291139.576664142,4641233.264689771,1.2,2332,8,4,60-22,[]
TX,898.875892383,290560.801748159,4642639.665986952,1.2,1611,11,4,306-17,[]
TX,899.287944486,286664.951678768,4641706.381875403,1.2,714,12,3,178-5,[]
TX,899.305231366,293152.842206002,4644427.793901096,1.2,2627,12,3,93-4,[]
TX,899.33890775,292898.558923128,4642009.514274739,1.2,2654,12,4,97-12,[]
TX,899.345350358,295120.959437273,4642695.223893849,1.2,452,8,4,147-11,[]
TX,899.414853388,293099.733850461,4642992.300526717,1.2,2266,12,4,51-7,[]
TX,899.427059138,291048.01632492,4632414.549560592,1.2,372,12,4,138-6,[]
TX,899.497689301,291493.085945241,4642428.233593872,1.2,2329,12,3,60-13,[]
TX,899.499370859,290179.982526156,4634782.601600191,1.2,1943,12,4,349-26,[]
TX,899.944696314,292325.52591034,4642039.873926615,1.2,1557,12,4,3-10,[]
TX,900.118995772,290281.543715508,4642864.367526937,1.2,476,11,4,148-26,[]
TX,900.164457616,289318.419346469,4639758.807169178,1.2,446,9,3,145-26,[]
TX,900.192453725,273751.836286491,4630712.405557586,1.2,1988,12,3,358-18,[]
TX,900.551966019,289600.918928503,4642359.235240882,1.2,873,10,3,199-23,[]
TX,900.559865287,294147.380209819,4647417.567474076,1.2,94,12,3,107-11,[]
TX,900.590699349,292258.288008913,4637844.893842786,1.2,793,12,3,187-7,[]
TX,900.617837304,291085.069704826,4641928.402405899,1.2,2191,9,3,47-20,[]
TX,900.74351223,286577.997147234,4634479.214250414,1.2,357,12,3,137-7,[]
TX,900.756504586,292171.373940234,4640825.032703466,1.2,219,12,4,121-19,[]
TX,900.851031366,286697.979332982,4645121.768105974,1.2,434,12,4,141-28,[]
TX,900.91279941,291387.381767268,4642032.3176282,1.2,2101,10,4,40-13,[]
TX,900.987999639,271856.210920811,4630666.797617899,1.2,1296,12,3,256-29,[]
TX,900.998925886,287753.878937213,4645630.998357358,1.2,1327,12,3,261-8,[]
TX,901.024111313,273686.316130735,4630634.939540086,1.2,1986,12,4,358-13,[]
TX,901.143280321,290463.919987394,4640630.519499675,1.2,2301,7,3,56-27,[]
TX,901.258016036,293312.856358841,4644279.763521521,1.2,770,12,4,185-7,[]
TX,901.273982081,286705.91347601,4641701.319159406,1.2,962,12,4,211-28,[]
TX,901.321071741,290191.456564382,4635351.913907377,1.2,377,12,3,139-11,[]
TX,901.473764342,295132.531007847,4642703.11572467,1.2,450,8,4,145-9,[]
TX,901.523915146,293771.897350975,4640470.00102832,1.2,973,12,3,214-6,[]
TX,901.794089927,293238.643268704,4640222.177073097,1.2,2030,12,3,363-27,[]
TX,901.881982783,271802.784850387,4630730.061132545,1.2,2365,12,3,67-19,[]
TX,901.999976105,290240.935002572,4640234.324289545,1.2,1683,7,3,311-18,[]
TX,902.320973885,288895.784275843,4641547.740219779,1.2,1929,9,3,348-4,[]
TX,902.342235159,284480.40323999,4632919.904184559,1.2,2663,12,4,97-23,[]
TX,902.393223857,273700.766100842,4630605.697197363,1.2,1527,12,4,291-5,[]
TX,902.595882399,291054.438724292,4642397.016548263,1.2,1608,10,3,305-7,"[['RX_GW', 903.255394095, 1608, 10, 3, 868.1, -132.789949787, '00:00:00:00:00:02']]"
TX,902.760355618,295013.511484052,4644802.664721217,1.2,1488,12,3,287-3,[]
TX,902.76925426,290422.876797501,4641809.656812274,1.2,654,9,3,167-16,[]
TX,902.770980851,286005.488720791,4631508.329927101,1.2,2135,12,4,43-18,[]
TX,902.836772114,292279.048112357,4637690.42956334,1.2,834,12,3,194-8,[]
TX,902.908728951,290058.301753698,4634495.850138659,1.2,2667,12,3,97-27,[]
TX,902.922710391,291072.993996175,4644030.933840053,1.2,2514,12,4,81-10,[]
TX,902.947877269,298932.91934506,4640416.801868637,1.2,523,12,3,151-4,[]
TX,902.988570257,292320.797621722,4642035.480177222,1.2,1172,12,3,24-30,[]
TX,903.336464808,292058.754730685,4641802.588058679,1.2,1698,12,3,315-4,[]
TX,903.376033532,290367.968790436,4635076.94608664,1.2,2333,12,3,60-25,[]
TX,903.842570332,271859.929750295,4630655.347021298,1.2,2063,12,4,368-5,[]
TX,903.984190095,290706.248151002,4641291.673878678,1.2,1671,7,3,310-18,[]
TX,903.990081408,291055.710932439,4644021.792239388,1.2,218,12,3,121-18,[]
TX,904.045992535,289818.241540413,4638361.299606304,1.2,1338,12,4,264-15,[]
TX,904.083328482,295117.182756347,4642679.171694735,1.2,1444,8,3,275-7,[]
TX,904.316359379,296938.714364879,4645551.85702306,1.2,2256,12,4,51-21,[]
TX,904.380879266,291931.672144838,4642598.818566598,1.2,2483,12,3,76-26,[]
TX,904.487418201,292323.890061635,4642051.163309513,1.2,1149,12,3,239-8,[]
TX,904.664093629,292476.271650475,4641805.418466029,1.2,2026,12,3,363-20,[]
TX,904.693618583,289333.531634122,4640113.737912256,1.2,1063,7,3,229-20,[]
TX,904.840945137,289345.597171393,4635103.794471581,1.2,366,12,4,138-26,[]
TX,904.895670583,292874.960346976,4642833.854930392,1.2,2098,12,4,40-10,[]
TX,904.927148089,291716.566635561,4642133.93123577,1.2,1771,11,3,326-6,[]
TX,904.973378959,288298.059037601,4642198.708155061,1.2,2504,12,4,8-3,[]
TX,905.119613971,272551.506020536,4629957.008604763,1.2,2362,12,4,67-15,[]
TX,905.36237204,291065.486519779,4643410.947783128,1.2,1330,12,3,262-11,[]
TX,905.454519782,293318.129681282,4644300.840300558,1.2,1109,12,4,234-3,[]
TX,905.476289687,292942.103498268,4640324.159224724,1.2,1270,12,4,254-25,[]
TX,905.585514708,292926.367604434,4640350.501353963,1.2,1552,12,3,298-21,[]
TX,905.587115797,291025.838966976,4644010.101313983,1.2,165,12,3,112-19,[]
TX,905.870407114,292215.785172379,4642677.975807929,1.2,135,12,3,11-21,[]
TX,906.169825636,293667.030128027,4642642.187938626,1.2,2231,10,4,50-24,[]
TX,906.325244652,292978.549561661,4640983.939549777,1.2,1408,12,3,270-8,[]
TX,906.444293427,291038.715276019,4641924.262389054,1.2,2282,9,4,55-20,[]
TX,906.557830859,292238.073901519,4637198.22162598,1.2,2094,12,4,39-25,[]
TX,906.949579681,291034.380270364,4643996.766404463,1.2,462,12,4,147-9,[]
TX,907.139656083,271680.722880807,4630655.537940898,1.2,1999,12,3,358-8,[]
TX,907.160615315,289715.128557902,4647164.647824185,1.2,268,12,3,127-2,[]
TX,907.715887043,291980.881112564,4643717.272555678,1.2,862,12,4,198-23,[]
TX,907.863046266,299732.495633528,4630059.164875484,1.2,1548,12,3,298-17,[]
TX,907.912419791,271913.567806667,4630606.546792694,1.2,2561,12,3,84-24,[]
TX,907.916969388,273657.693242887,4630686.723128827,1.2,2128,12,4,42-27,[]
TX,908.097724624,289230.893043714,4642398.806506518,1.2,2372,12,3,68-17,[]
TX,908.121631834,294130.770544547,4647412.73114235,1.2,535,12,4,152-26,[]
TX,908.260482227,292322.045911459,4641984.094093157,1.2,1155,12,4,24-13,[]
TX,908.322145698,292750.500771001,4642961.314356158,1.2,1888,12,3,340-3,[]
TX,908.352734248,290925.845331634,4644873.084099497,1.2,1689,12,3,311-5,[]
TX,908.358414955,291982.35595481,4643703.448256155,1.2,681,12,4,172-20,[]
TX,908.626175378,291746.70756295,4639238.106027357,1.2,1289,12,3,256-19,[]
TX,908.659532659,290061.057088859,4642383.942052275,1.2,1397,9,4,270-18,[]
TX,908.720960942,289634.518490323,4643597.779083764,1.2,2359,12,4,66-5,[]
TX,908.735719396,291865.522902041,4642544.438856782,1.2,532,12,4,152-13,[]
TX,908.741038395,290613.522404404,4635617.525390336,1.2,2142,12,4,43-4,[]
TX,908.780903377,292081.256502284,4642620.243030444,1.2,2270,12,4,53-20,[]
TX,908.882674475,291073.67120066,4644032.953685072,1.2,2611,12,3,93-1,[]
TX,908.939604693,295322.082977234,4638498.980005827,1.2,1938,12,4,349-19,[]
TX,909.210850084,290646.22267016,4643910.279311483,1.2,919,12,4,204-14,[]
TX,909.577469201,287688.782810441,4639483.734952039,1.2,269,12,3,127-20,[]
TX,909.636101505,292530.527139143,4642927.129050506,1.2,2315,12,3,58-17,[]
TX,909.770764746,291410.179872951,4642033.732543454,1.2,2602,10,3,91-20,"[['RX_GW', 910.430276408, 2602, 10, 3, 868.1, -132.756930867, '00:00:00:00:00:02']]"
TX,909.857465405,271714.902864864,4630605.217179829,1.2,1535,12,4,293-3,[]
TX,909.876148137,287455.091910764,4639342.977740549,1.2,2113,12,4,41-24,[]
TX,909.900972368,291241.727769885,4641248.512240293,1.2,2079,9,4,371-26,[]
TX,909.905879467,289313.327981376,4639909.662862561,1.2,2433,8,4,72-13,[]
TX,910.064102658,292310.362917551,4642048.867930814,1.2,1941,12,4,349-23,[]
TX,910.206412609,283100.822357181,4642845.393264318,1.2,1188,12,3,242-13,[]
TX,910.52491242,296732.092371042,4646473.315097474,1.2,2216,12,3,49-11,[]
TX,910.74317107,287848.300686511,4634440.654970373,1.2,1909,12,4,344-4,[]
TX,910.918479449,285733.199907075,4633624.463593102,1.2,1624,12,3,308-22,[]
TX,910.962400012,283379.234915284,4633666.39919598,1.2,986,12,4,215-9,[]
TX,910.970338893,289232.484420255,4642510.657396623,1.2,1074,10,4,231-14,"[['RX_GW', 911.629850268, 1074, 10, 4, 868.1, -132.375863791, '00:00:00:00:00:02']]"
TX,911.273521756,290473.111039928,4650817.930652329,1.2,254,12,4,125-14,[]
TX,911.293931775,290458.575390639,4641599.936117359,1.2,1462,7,4,282-21,[]
TX,911.562555722,287818.293202307,4629618.231709583,1.2,1179,12,3,241-12,[]
TX,911.64186277,288951.036565313,4642739.262740689,1.2,1710,11,3,317-5,"[['RX_GW', 913.122623236, 1710, 11, 3, 868.1, -134.7150841, '00:00:00:00:00:02']]"
TX,911.871516778,291838.774603905,4642559.716703548,1.2,1881,12,3,340-18,[]
TX,911.964441145,292523.862762684,4642797.861865883,1.2,824,12,4,194-11,[]
TX,912.005881598,287830.058487477,4631070.505887157,1.2,994,12,4,22-26,[]
TX,912.031990982,292408.656577353,4644428.373433485,1.2,376,12,4,139-10,[]
TX,912.208719348,291745.054525043,4642400.040035611,1.2,708,12,3,176-28,[]
TX,912.736752306,291019.766493686,4639226.803355236,1.2,2220,12,4,50-10,[]
TX,913.056697227,290608.515671956,4633564.802498615,1.2,956,12,3,211-12,[]
TX,913.05797046,287951.655974589,4643517.977244633,1.2,1098,12,4,232-6,[]
TX,913.434358748,292186.870627227,4642184.883163807,1.2,1580,12,4,303-17,[]
TX,913.652275537,293769.555013188,4645622.063322577,1.2,98,12,3,107-22,[]
TX,913.883551395,293283.495654836,4643181.30168271,1.2,1134,12,3,239-18,[]
TX,913.975716057,288729.22054618,4635191.503758008,1.2,2446,12,3,72-29,[]
TX,914.002980663,288984.865867429,4635017.091643404,1.2,861,12,3,198-22,[]
TX,914.00695038,289118.776831314,4640527.664902315,1.2,1222,7,4,248-18,"[['RX_GW', 914.121946923, 1222, 7, 4, 868.1, -120.117658919, '00:00:00:00:00:02']]"
TX,914.028899029,289334.815083893,4642539.514767663,1.2,442,10,3,145-13,[]
TX,914.049955161,290577.48358856,4635653.751428412,1.2,1373,12,3,268-5,[]
TX,914.143322518,286960.326636007,4642109.088393798,1.2,2217,12,4,49-8,[]
TX,914.182904155,301400.996789847,4646068.534575614,1.2,458,12,4,147-26,[]
TX,914.221833132,271590.395787232,4630625.611870569,1.2,1452,12,4,28-14,[]
TX,914.348133762,288327.561186734,4644343.822079998,1.2,2343,12,4,61-4,[]
TX,914.403644201,291880.698812913,4640514.190116079,1.2,1919,12,4,347-25,[]
TX,914.472663779,291774.977786305,4640256.312348061,1.2,852,12,3,197-4,[]
TX,914.495025748,273667.799766092,4630636.473663913,1.2,1521,12,4,290-4,[]
TX,914.539498181,292461.468804865,4643217.04971513,1.2,2210,12,3,48-26,[]
TX,914.557444563,303467.181319507,4636210.710656226,1.2,2571,12,3,84-6,[]
TX,914.605029445,292729.869337858,4643720.946422386,1.2,1964,12,4,353-3,[]
TX,914.617068354,291260.283790153,4643825.345283416,1.2,2628,12,4,93-5,[]
TX,914.634430699,291700.26527418,4642146.498083368,1.2,1152,11,4,24-10,[]
TX,914.644047569,291141.125862173,4642927.118661335,1.2,177,12,4,113-11,[]
TX,914.749044024,291672.582964766,4642221.113891699,1.2,2583,12,3,87-13,[]
TX,914.857836883,273652.274742812,4630655.136139766,1.2,1905,12,4,344-20,[]
TX,914.874128763,291993.642632095,4643691.518940797,1.2,2597,12,3,91-15,[]
TX,914.932248017,276093.6130098,4631929.280364407,1.2,1256,12,4,254-1,[]
TX,914.945552076,292194.305911875,4643435.592170105,1.2,566,12,3,155-7,[]
TX,915.087345062,289227.822145078,4642378.059880491,1.2,1324,10,3,261-26,[]
TX,915.101604096,291185.668104053,4641319.368028036,1.2,2293,8,4,56-14,[]
TX,915.180855249,291023.772031421,4644014.338792885,1.2,894,12,3,201-26,[]
TX,915.210963547,289506.547750296,4644817.237647358,1.2,453,12,4,147-12,[]
TX,915.237600194,292479.250403747,4639796.535888973,1.2,2118,12,3,41-8,[]
TX,915.377357501,290700.853010023,4641303.178721788,1.2,138,7,4,11-4,[]
TX,915.498318875,291973.648765777,4643694.69100221,1.2,236,12,3,124-18,[]
TX,915.500865794,292686.9300196,4641806.103227933,1.2,2478,12,3,76-14,[]
TX,915.584936033,271644.128856849,4630656.06698351,1.2,1402,12,3,270-27,[]
TX,915.987928558,294132.097753528,4647410.594218615,1.2,95,12,4,107-12,[]
TX,916.004690672,296452.332414969,4652930.890177636,1.2,2670,12,4,97-4,[]
TX,916.009508272,291021.806423381,4641932.571902564,1.2,189,9,3,115-14,[]
TX,916.206431365,286648.042207016,4641635.984569403,1.2,899,12,4,202-13,[]
TX,916.468571136,291934.298938629,4642587.004194057,1.2,732,12,3,181-24,[]
TX,916.505121826,293311.860359942,4644276.158049728,1.2,1822,12,4,334-7,[]
TX,916.557311536,283180.227946304,4632900.997641099,1.2,1523,12,4,290-6,[]
TX,916.611977822,290429.584912267,4646972.452169483,1.2,2422,12,4,71-28,[]
TX,916.613544154,290855.516806533,4641186.526755909,1.2,2000,8,4,359-1,[]
TX,916.658015713,292693.732708784,4641815.686878573,1.2,2442,12,3,72-24,[]
TX,916.678931429,290488.209274203,4643418.736813785,1.2,525,12,4,151-6,[]
TX,916.744658321,291667.152409689,4642105.126924153,1.2,1212,11,4,245-28,[]
TX,916.918715939,291164.60139347,4636208.125726482,1.2,795,12,3,188-20,[]
TX,916.930034473,290744.750006793,4642885.314343312,1.2,2481,11,3,76-24,[]
TX,917.091978972,293726.399231869,4645352.593629492,1.2,1512,12,4,29-9,[]
TX,917.10484461,290736.501599209,4642889.033803953,1.2,1737,11,4,321-20,[]
TX,917.160192882,271818.945884422,4630665.656294603,1.2,2134,12,4,43-17,[]
TX,917.196489561,283314.009244989,4632908.830286969,1.2,809,12,4,190-15,[]
TX,917.270524649,293687.77481644,4642817.018548604,1.2,256,12,3,125-25,[]
TX,917.578053875,273681.762276982,4630635.271322549,1.2,1921,12,4,347-28,[]
TX,917.589348158,295533.28387784,4646790.942401721,1.2,1953,12,4,351-5,[]
TX,917.60818289,292492.365283735,4641906.450409437,1.2,889,12,4,201-14,[]
TX,917.625880391,296755.632078405,4646471.827638012,1.2,1507,12,4,29-14,[]
TX,917.775890113,291247.980085043,4638747.48925612,1.2,1193,12,4,244-12,[]
TX,917.814357563,292718.374633217,4641708.506973413,1.2,558,12,4,155-20,[]
TX,917.853654187,291851.127022899,4642558.715298149,1.2,53,12,3,103-1,[]
TX,917.91183702,282698.307038267,4635718.214071206,1.2,1268,12,4,254-20,[]
TX,917.936331465,273720.031792267,4630647.5909578,1.2,1526,12,4,291-4,[]
TX,918.058158061,289865.898410486,4643031.559717918,1.2,760,12,3,184-26,[]
TX,918.30191898,295082.030982499,4642852.413105153,1.2,477,8,3,148-27,[]
TX,918.34753635,292636.485062935,4641774.050910926,1.2,1318,12,4,261-11,[]
TX,918.552917337,295117.915922828,4642726.222135322,1.2,391,8,4,14-19,[]
TX,918.55515651,292405.223339144,4637348.796337444,1.2,631,12,3,163-12,[]
TX,918.659280377,291850.306479016,4642558.975834552,1.2,490,12,4,149-2,[]
TX,918.902804099,291167.7656309,4642479.574665569,1.2,367,11,4,138-27,[]
TX,919.066891379,273054.468246187,4629909.638845093,1.2,1622,12,4,308-13,[]
TX,919.16905739,286440.484429649,4640794.196180321,1.2,850,12,4,197-21,[]
TX,919.192845135,291877.66972294,4642562.807089668,1.2,119,12,3,109-24,[]
TX,919.195658613,291691.718818587,4642118.408643402,1.2,346,11,3,137-24,[]
TX,919.268492035,289883.817486342,4642411.115644025,1.2,1997,10,4,358-6,[]
TX,919.282235772,271682.432218245,4630724.057240694,1.2,599,12,4,159-7,[]
TX,919.535569309,291556.682785807,4643893.341273858,1.2,127,12,3,109-4,[]
TX,919.620175771,291056.583008596,4641691.455997802,1.2,47,9,4,102-21,[]
TX,919.743445882,287721.789399079,4645800.30303015,1.2,1359,12,3,267-11,[]
TX,919.746344347,286706.798161137,4645137.531902636,1.2,1358,12,3,267-10,[]
TX,919.831115899,273728.448356678,4630484.944819834,1.2,170,12,3,112-3,[]
TX,920.016992599,291773.046673379,4640791.261403766,1.2,1493,12,4,287-8,[]
TX,920.072240863,295156.824618154,4642695.842011545,1.2,253,8,4,125-13,"[['RX_GW', 920.279654132, 253, 8, 4, 868.1, -124.902635175, '00:00:00:00:00:04']]"
TX,920.34045232,271811.16807274,4630687.444290305,1.2,1298,12,4,256-5,[]
TX,920.361893961,295630.391617598,4645565.664400689,1.2,2187,12,3,47-16,[]
TX,920.494264553,292015.06199703,4642614.28159885,1.2,664,12,3,167-7,[]
TX,920.509706719,289058.065716507,4637904.725962128,1.2,579,12,4,158-12,[]
TX,920.54386252,290107.293669749,4635308.186800531,1.2,1398,12,3,270-19,[]
TX,920.811784198,280587.941893529,4632656.936107537,1.2,1287,12,4,256-17,[]
TX,920.862086843,271659.349574287,4630723.575841083,1.2,984,12,3,215-28,[]
TX,921.046094426,294559.237197852,4646330.664504004,1.2,2469,12,4,75-4,[]
TX,921.131334683,290177.732724805,4635337.48875104,1.2,196,12,4,119-11,[]
TX,921.185813539,292007.803815845,4642610.006560103,1.2,2399,12,4,70-21,[]
TX,921.322342812,290061.606397489,4642387.365822355,1.2,690,9,4,173-25,[]
TX,921.357099968,292338.593378739,4642018.045230922,1.2,15,12,4,100-7,[]
TX,921.442605342,286700.035433736,4645127.068927445,1.2,1753,12,4,323-7,[]
TX,921.485259874,292247.909753234,4636719.898507668,1.2,1455,12,3,28-27,[]
TX,921.528061294,293835.659623198,4643285.124259289,1.2,480,12,4,148-4,[]
TX,921.528287725,292320.524127604,4642048.462922362,1.2,1039,12,4,226-17,[]
TX,921.681007406,292324.962378389,4642050.917290702,1.2,1140,12,4,239-25,[]
TX,921.693720404,299767.490653984,4630174.429309662,1.2,2193,12,3,47-24,[]
TX,921.69652087,289192.103211106,4643184.760731472,1.2,181,12,4,113-24,[]
TX,921.802331261,292436.182546046,4641741.898002229,1.2,1127,12,4,238-27,[]
TX,922.134643923,292002.228662551,4642608.528385011,1.2,2055,12,4,367-7,[]
TX,922.247214372,287551.307278347,4641987.488499622,1.2,1425,12,3,274-20,[]
TX,922.264475061,292437.710434812,4641592.010611428,1.2,1853,12,4,338-5,[]
TX,922.291819672,291746.999070925,4639494.925356044,1.2,917,12,3,204-12,[]
TX,922.4380124,291067.983211284,4644052.400189383,1.2,2617,12,4,93-2,[]
TX,922.504845234,290212.346348062,4641465.270826442,1.2,788,7,4,187-3,[]
TX,922.506055374,290313.357109872,4643360.485139004,1.2,2059,12,3,368-19,[]
TX,922.529561266,294977.558418242,4642883.13263917,1.2,149,10,3,110-24,[]
TX,922.707550788,292347.788031839,4641969.652881377,1.2,2555,12,4,84-17,[]
TX,922.834767054,295145.917380739,4642704.72921458,1.2,2297,8,4,56-21,[]
TX,922.842491171,299773.597724988,4630306.385227741,1.2,298,12,3,129-26,[]
TX,922.97251343,292353.829632026,4642007.872507814,1.2,2162,12,3,45-3,[]
TX,923.196083192,290073.947939603,4642393.368998274,1.2,2558,9,4,84-2,"[['RX_GW', 923.567849668, 2558, 9, 4, 868.1, -128.200791046, '00:00:00:00:00:02']]"
TX,923.270119871,290098.085407022,4636969.897749881,1.2,787,12,4,187-29,[]
TX,923.40602964,294409.100725391,4642770.811045984,1.2,1169,11,4,24-28,[]
TX,923.407462599,293718.47706826,4645344.108685525,1.2,2173,12,4,46-19,[]
TX,923.508160713,292659.9581707,4643060.682281097,1.2,290,12,4,129-10,[]
TX,923.728233316,290181.700599517,4635340.996069544,1.2,2510,12,3,80-18,[]
TX,923.800970822,291941.906252816,4642585.643986789,1.2,813,12,3,190-19,[]
TX,923.816038059,291084.340930264,4644034.81800872,1.2,220,12,4,121-2,[]
TX,923.826826376,286625.558010766,4644666.779585172,1.2,1913,12,4,346-4,[]
TX,923.973461839,291974.356938996,4643720.063257736,1.2,2467,12,3,75-26,[]
TX,924.007209191,291836.70953428,4642554.30811058,1.2,1788,12,4,330-6,[]
TX,924.010751998,290448.696940547,4643684.172202283,1.2,1882,12,4,340-22,[]
TX,924.033416308,291991.8615938,4643713.953107913,1.2,1947,12,4,351-18,[]
TX,924.094448669,295751.876063378,4646240.35182957,1.2,812,12,3,190-18,[]
TX,924.152433278,291454.05255056,4641682.783542453,1.2,2106,10,4,40-27,[]
TX,924.320072515,291058.675108487,4644014.856594791,1.2,921,12,4,204-23,[]
TX,924.417721214,292248.471839766,4638747.290675789,1.2,139,12,4,11-5,[]
TX,924.675629275,290291.61259027,4642338.834298043,1.2,110,10,4,109-14,[]
TX,924.69073511,290980.255944145,4639055.014971028,1.2,864,10,3,198-25,[]
TX,924.725023804,293773.986991104,4642853.945000777,1.2,1084,12,4,231-3,[]
TX,924.903771184,291533.47249732,4641638.769516508,1.2,1020,10,4,223-10,[]
TX,925.087135148,289706.181857686,4635452.386587467,1.2,2146,12,4,44-10,[]
TX,925.095116548,288718.328409204,4641906.429581781,1.2,1883,10,4,340-23,[]
TX,925.151631798,290353.365919872,4637186.468367177,1.2,2572,12,4,84-7,[]
TX,925.212113035,292350.096457134,4637514.273624667,1.2,685,12,4,172-5,[]
TX,925.273007414,292650.580678238,4641114.414734577,1.2,639,12,3,163-21,[]
TX,925.376556381,290413.523568194,4647316.291520348,1.2,1899,12,4,341-4,[]
TX,925.465757113,289568.299866619,4642426.84011672,1.2,1275,9,4,254-3,[]
TX,925.592581765,289944.534892848,4641598.915588505,1.2,826,7,3,194-14,[]
TX,925.759639303,295163.900146367,4642730.001776441,1.2,1777,8,4,330-17,[]
TX,925.770601953,292092.739164187,4643873.728159129,1.2,1136,12,4,239-21,[]
TX,925.828792293,290360.799233255,4641792.774046608,1.2,1043,9,4,226-21,[]
TX,926.090139206,291218.110913997,4642262.891955077,1.2,1306,12,4,259-3,[]
TX,926.617291636,292868.715722627,4644232.206336829,1.2,2612,12,3,93-15,[]
TX,926.828524008,290656.458778904,4646613.247424274,1.2,1884,12,4,340-25,[]
TX,926.980811051,292424.173704005,4641556.015558057,1.2,1575,12,4,301-25,[]
TX,927.232004335,289617.887174632,4642241.351815827,1.2,534,9,4,152-25,[]
TX,927.269528703,273642.104940204,4630669.26178161,1.2,1238,12,4,250-17,[]
TX,927.514496225,288178.46296766,4643911.116858366,1.2,1008,12,4,221-23,[]
TX,927.548496962,291067.99757436,4644057.614670533,1.2,1302,12,3,259-18,[]
TX,927.732163767,298640.805759289,4644262.839672164,1.2,2455,12,4,73-5,[]
TX,927.78496088,286143.974174645,4645727.989395809,1.2,1472,12,4,287-11,[]
TX,927.836492382,293167.200533778,4643587.564606045,1.2,289,12,3,128-7,[]
TX,927.915488962,287620.075878933,4630971.436727175,1.2,2211,12,3,48-27,[]
TX,928.136920113,292396.537495979,4637324.303068903,1.2,1663,12,3,31-3,[]
TX,928.172272996,293251.368933609,4639497.782998774,1.2,2031,12,4,363-28,[]
TX,928.270318592,292482.93250429,4640622.83450378,1.2,91,12,3,106-27,[]
TX,928.452854591,292261.459475696,4637889.727120569,1.2,2326,12,3,59-20,[]
TX,928.568187732,290081.289053192,4641111.697494183,1.2,1963,7,4,353-29,[]
TX,928.772771265,292121.330912581,4637036.762148432,1.2,153,12,3,110-28,[]
TX,928.846534338,293277.257724848,4640272.749896903,1.2,1634,12,4,309-19,[]
TX,929.06711382,291288.576381228,4641173.455031085,1.2,647,10,4,163-4,[]
TX,929.100029768,290269.99247334,4635881.254080626,1.2,1236,12,4,249-6,[]
TX,929.23067444,290248.367081266,4641979.09384594,1.2,744,7,4,182-18,[]
TX,929.325475571,291031.493378152,4641557.80032961,1.2,748,10,4,182-23,[]
TX,929.392517841,289311.404310082,4639769.791685618,1.2,1230,9,3,248-7,[]
TX,929.445575992,294118.468557035,4639196.436854006,1.2,1691,12,4,311-7,[]
TX,929.616997392,289194.466264063,4642510.705509463,1.2,1825,10,3,335-16,[]
TX,929.631731382,290243.483472159,4636521.168200315,1.2,1240,12,4,250-19,[]
TX,929.638280778,292942.107856174,4643235.665214225,1.2,2570,12,3,84-5,[]
TX,929.747207834,293912.05155479,4639050.558471633,1.2,517,12,4,151-23,[]
TX,929.79582224,284759.974611393,4642892.284740843,1.2,2012,12,3,362-18,[]
TX,930.049671831,293226.189585307,4641907.077018672,1.2,1473,12,3,287-12,[]
TX,930.604962831,290189.611375764,4635355.624546668,1.2,1243,12,4,250-3,[]
TX,930.705424142,273723.6371125,4630611.84129361,1.2,1032,12,4,225-25,[]
TX,930.779871413,287634.568945358,4634317.739010361,1.2,246,12,3,124-4,[]
TX,930.809398756,293136.11528399,4640629.165394996,1.2,1593,12,3,305-15,[]
TX,930.904147459,291857.703629154,4642555.574774789,1.2,776,12,4,186-23,[]
TX,931.045259703,290156.774215079,4635342.387833333,1.2,843,12,4,195-6,[]
TX,931.128848767,292604.107014118,4641184.661664032,1.2,1349,12,4,266-10,[]
TX,931.186273116,295612.788006249,4645557.681215649,1.2,1784,12,4,330-27,[]
TX,931.490897498,291723.926621609,4642729.565994874,1.2,277,12,3,128-17,[]
TX,931.493911837,290675.344204896,4641307.863722661,1.2,1185,7,4,241-27,[]
TX,931.499522167,276283.173891818,4632061.400750285,1.2,1915,12,3,347-12,[]
TX,931.566035888,292585.688378182,4643852.818852777,1.2,2027,12,4,363-24,[]
TX,931.699990473,291941.654742694,4642589.409852441,1.2,839,12,4,195-21,[]
TX,931.8127888,293207.738590476,4643108.27809261,1.2,2182,12,4,47-10,[]
TX,931.890732216,290474.901180281,4641815.453170778,1.2,1666,8,4,31-5,[]
TX,931.906901705,284539.053649784,4631900.905093294,1.2,1450,12,4,28-12,[]
TX,932.46524521,291009.502477844,4640618.624749379,1.2,1866,7,4,339-26,[]
TX,932.473159691,289997.659761663,4643470.215684237,1.2,1720,12,4,318-3,[]
TX,932.489592086,289531.284918275,4641787.096012303,1.2,1592,7,4,305-14,[]
TX,932.514214613,292138.729285137,4642146.941996749,1.2,764,12,3,185-20,[]
TX,932.570919853,294360.969499928,4644245.018612353,1.2,2010,12,3,361-7,[]
TX,932.624256652,292811.182309453,4641973.865071041,1.2,2522,12,4,82-11,[]
TX,932.707368126,292443.92056885,4644369.457333065,1.2,1709,12,4,317-4,[]
TX,932.85805788,292438.726515612,4641385.269371607,1.2,1640,12,4,309-30,[]
TX,933.17054755,290063.841966908,4642752.843749015,1.2,1077,11,4,231-20,[]
TX,933.213873322,290307.16119721,4636227.450866279,1.2,361,12,3,138-21,[]
TX,933.259521328,294856.587654376,4647356.152319863,1.2,720,12,3,179-7,[]
TX,933.28495993,291962.518918885,4642887.870464201,1.2,565,12,4,155-6,[]
TX,933.304939983,291999.964094669,4643715.084524398,1.2,936,12,4,206-28,[]
TX,933.319184173,292409.27788926,4641904.225579878,1.2,216,12,3,121-1,[]
TX,933.45385505,282586.42906977,4639675.718357222,1.2,2115,12,3,41-26,[]
TX,933.457991265,292418.457851669,4645611.924806231,1.2,1806,12,4,332-5,[]
TX,933.559431482,293214.10939647,4640456.994418367,1.2,1662,12,4,31-29,[]
TX,933.626029992,290484.173464596,4640638.774530008,1.2,778,7,3,186-25,[]
TX,933.80406846,287992.329328938,4643218.99146226,1.2,1096,12,3,232-4,[]
TX,934.050783123,292689.035077889,4641809.446607612,1.2,867,12,4,198-28,[]
TX,934.124443104,291799.061514621,4641572.251954137,1.2,350,12,3,137-28,[]
TX,934.127027773,291743.615511473,4642511.312935076,1.2,483,12,4,148-7,[]
TX,934.46131317,290110.500496579,4642413.782281924,1.2,1272,9,4,254-27,[]
TX,934.79383845,273692.536418272,4630625.511950365,1.2,980,12,3,215-23,[]
TX,934.811498034,290659.115623731,4641303.967711809,1.2,72,7,4,104-5,[]
TX,934.975734662,292741.253006058,4642106.269635606,1.2,232,12,4,124-13,[]
TX,935.024801795,294132.788010821,4647413.335885761,1.2,1700,12,4,315-6,[]
TX,935.583894087,292220.177590688,4641918.155603468,1.2,1283,12,3,256-11,[]
TX,935.692655075,289315.883177292,4639755.233614638,1.2,1223,9,4,248-19,[]
TX,935.84703996,294330.824107766,4649351.516566634,1.2,2294,12,3,56-17,[]
TX,936.179879129,295030.017724146,4645225.901208956,1.2,2201,12,4,47-6,[]
TX,936.85436103,292663.880022698,4641797.970967663,1.2,2656,12,4,97-14,[]
TX,937.106121442,289217.046218013,4642070.096640932,1.2,1371,9,3,268-3,[]
TX,937.116565775,291629.374593261,4644624.472096982,1.2,926,12,4,204-28,[]
TX,937.128051827,285392.471308176,4631705.626678186,1.2,1418,12,4,273-6,[]
TX,937.519290193,290762.443404297,4641507.044513415,1.2,1604,7,4,305-28,[]
TX,937.676767562,290618.995946286,4646619.152755256,1.2,1925,12,4,348-18,[]
TX,937.696027903,291299.679334274,4642362.550968477,1.2,389,11,3,14-17,[]
TX,937.712740915,286699.036710452,4645111.147335272,1.2,1752,12,4,323-5,[]
TX,937.897477444,292302.004955773,4642055.138596141,1.2,14,12,4,100-6,[]
TX,938.156595983,291369.964953729,4638527.338509111,1.2,1654,12,4,31-19,[]
TX,938.295859897,290553.472497299,4643180.044802899,1.2,379,12,4,139-13,[]
TX,938.441321813,290477.086918149,4640625.70910492,1.2,1211,7,4,245-27,[]
TX,938.565610082,291666.038615427,4640003.550800182,1.2,2259,12,4,51-26,[]
TX,938.670173072,292723.629404994,4642427.238461206,1.2,505,12,4,150-5,[]
TX,938.71416725,283981.911863105,4640190.453070606,1.2,1114,12,4,237-13,[]
TX,938.759387413,291036.007433504,4641935.943667772,1.2,1415,9,4,273-3,[]
TX,938.831232587,292978.452135063,4646075.909237923,1.2,2099,12,4,40-11,[]
TX,938.995088497,290309.433250806,4641520.726915727,1.2,928,7,4,206-11,[]
TX,939.015039842,289216.593564936,4642520.425958812,1.2,2285,10,4,55-4,[]
TX,939.030513699,291360.47932283,4643142.484465298,1.2,324,12,4,131-11,[]
TX,939.0528116,289420.689715975,4641745.721926087,1.2,1586,7,4,304-29,[]
TX,939.307344997,293036.021351185,4644128.701623834,1.2,1047,12,4,226-25,[]
TX,939.367619047,273686.27935339,4630639.256467552,1.2,1546,12,4,297-6,[]
TX,939.439756146,291371.941070781,4636368.730574615,1.2,816,12,4,190-29,[]
TX,939.472608905,299742.278251669,4630063.23849566,1.2,972,12,4,214-5,[]
TX,939.514479489,293558.458419686,4639885.461744079,1.2,1587,12,4,305-1,[]
TX,939.527611507,288016.604658839,4638857.754158207,1.2,80,12,3,105-3,[]
TX,939.690043514,291980.670672226,4642987.878954447,1.2,854,12,4,197-6,[]
TX,939.707555915,290090.120746872,4642758.049731714,1.2,785,11,4,187-18,[]
TX,939.730179527,291022.681165612,4644013.391752837,1.2,1085,12,4,231-4,[]
TX,939.829607671,291925.213252116,4642572.330713926,1.2,2586,12,3,87-25,[]
TX,940.103794833,292343.941472126,4641793.065119806,1.2,2284,12,4,55-3,[]
TX,940.181207607,292524.844926324,4642907.887929412,1.2,1795,12,4,332-14,[]
TX,940.186135105,291056.38150195,4644026.439062945,1.2,869,12,4,199-11,[]
TX,940.502688193,286841.517357631,4641281.495528134,1.2,1042,12,4,226-20,[]
TX,940.521662736,286653.581632964,4645741.571243661,1.2,1366,12,3,267-27,[]
TX,940.654190061,273707.344511808,4630655.343739989,1.2,2278,12,4,54-26,[]
TX,940.929757896,294896.738673092,4648347.275424678,1.2,2289,12,4,56-10,[]
TX,940.93951691,289309.21701313,4634312.93783276,1.2,1757,12,4,324-24,[]
TX,941.515501584,291594.447526049,4642899.564079791,1.2,1320,12,4,261-13,[]
TX,941.856451178,274087.595225733,4631142.649919877,1.2,1692,12,3,313-11,[]
TX,942.611506173,292202.495578054,4644134.984582764,1.2,1209,12,4,245-25,[]
TX,942.631360103,293935.914556684,4643701.625699104,1.2,2308,12,4,56-8,[]
TX,942.697815835,290391.333759247,4641819.157437026,1.2,870,9,4,199-12,"[['RX_GW', 943.069580715, 870, 9, 4, 868.1, -127.809401367, '00:00:00:00:00:02']]"
TX,942.738012969,283068.733287923,4632872.003865656,1.2,2228,12,4,50-18,[]
TX,942.859926754,292690.727481559,4643710.75116208,1.2,2093,12,4,39-24,[]
TX,942.922384676,291804.409117023,4641546.251374141,1.2,2538,12,4,82-8,[]
TX,942.982645274,293590.279820589,4641981.069724133,1.2,541,10,4,153-18,[]
TX,942.998390316,289216.968746495,4642072.15596138,1.2,1981,9,3,357-5,[]
TX,943.058563597,290155.335471281,4635359.485328767,1.2,1667,12,3,31-6,[]
TX,943.176859716,291011.14231707,4640638.116727501,1.2,2607,8,4,91-4,"[['RX_GW', 943.384272861, 2607, 8, 4, 868.1, -124.369933773, '00:00:00:00:00:02']]"
TX,943.206939741,292319.551280332,4641977.964294087,1.2,1317,12,4,261-10,[]
TX,943.384638193,292248.430962307,4638769.599400247,1.2,594,12,4,159-20,[]
TX,943.475043253,292738.045626498,4641849.393535276,1.2,1071,12,3,231-11,[]
TX,943.577417532,290982.087552995,4640748.048446476,1.2,943,8,4,209-27,"[['RX_GW', 943.784830508, 943, 8, 4, 868.1, -125.643643858, '00:00:00:00:00:02']]"
TX,943.579979841,291737.460568645,4641688.622774163,1.2,443,12,4,145-14,[]
TX,943.641379663,288019.341320928,4639267.323819211,1.2,147,12,4,110-22,[]
TX,943.709099409,290105.20539347,4642405.751059167,1.2,529,9,4,152-10,[]
TX,943.876388069,273714.231164125,4630622.539844989,1.2,2313,12,3,57-8,[]
TX,943.938764254,293113.525229263,4642322.750815135,1.2,2206,12,4,48-13,[]
TX,943.959760263,291249.329529297,4638754.098795523,1.2,261,12,4,126-14,[]
TX,944.11252109,290945.625764117,4639039.611178605,1.2,1516,10,4,290-19,[]
TX,944.185098825,292058.917951122,4642911.323255383,1.2,912,12,3,203-26,[]
TX,944.334140166,291949.178183199,4644225.884867745,1.2,1742,12,4,321-6,[]
TX,944.359879284,292521.627749487,4642916.699001365,1.2,1633,12,4,309-18,[]
TX,944.365324722,290345.669799463,4640372.974018561,1.2,1048,7,3,226-26,[]
TX,944.370594372,289316.101259042,4639756.424452827,1.2,1898,9,3,341-3,[]
TX,944.435957817,286706.460989386,4645123.715195062,1.2,1365,12,4,267-26,[]
TX,945.048818709,291095.148488772,4642459.897219432,1.2,1598,11,4,305-2,[]
TX,945.489265413,293523.75233025,4639910.493516014,1.2,293,12,4,129-13,[]
TX,945.601801465,273718.676761454,4630500.152368028,1.2,672,12,4,171-22,[]
TX,945.690256367,289606.380059754,4641756.873376455,1.2,131,7,4,11-1,[]
TX,945.773485691,290801.366468401,4643808.954227557,1.2,1675,12,3,310-21,[]
TX,945.794006094,292573.221509169,4641281.413416873,1.2,6,12,4,100-24,[]
TX,945.857525126,290475.150042306,4640625.013248051,1.2,1684,7,4,311-19,[]
TX,945.8772284,291031.65296159,4641770.833794327,1.2,348,9,4,137-26,[]
TX,946.021225558,289727.368519242,4641852.169435497,1.2,925,7,4,204-27,[]
TX,946.112406579,291245.189889686,4638771.671772212,1.2,265,12,4,127-17,[]
TX,946.153251062,290271.102904852,4642029.170441524,1.2,1672,7,4,310-19,[]
TX,946.496514614,289341.80382374,4645259.349193412,1.2,1204,12,4,245-11,[]
TX,946.650618267,294154.966364961,4647423.064898111,1.2,2261,12,4,51-28,[]
TX,946.717562086,292652.828287342,4641764.280682254,1.2,1078,12,4,231-21,[]
TX,946.740724253,292326.958976351,4642037.41496226,1.2,1390,12,4,269-6,[]
TX,946.779382765,290590.57946732,4630401.650989343,1.2,2491,12,4,79-20,[]
TX,946.822802733,290021.422745709,4641926.127988284,1.2,684,7,4,172-4,[]
TX,946.839363712,293363.421078769,4640076.471359511,1.2,1735,12,3,321-18,[]
TX,946.842227054,293415.521132362,4654666.560784601,1.2,1694,12,3,315-18,[]
TX,947.119833013,292695.60496877,4641804.193744936,1.2,303,12,4,130-12,[]
TX,947.215197182,291894.534303861,4642565.838293526,1.2,316,12,3,130-3,[]
TX,947.420278675,272034.735906258,4629933.99375558,1.2,437,12,4,143-25,[]
TX,947.569866692,298511.313217055,4631943.680981698,1.2,2637,12,4,95-2,[]
TX,947.684534804,289825.818368074,4647400.505226376,1.2,175,12,4,112-7,[]
TX,947.784772349,290559.618925539,4635561.680393917,1.2,2349,12,4,62-26,[]
TX,947.942447086,292511.852899558,4641922.854078362,1.2,106,12,4,109-10,[]
TX,948.116752996,291699.385048592,4640130.173939818,1.2,1560,12,4,3-13,[]
TX,948.161557598,295158.113215761,4646467.404723494,1.2,2495,12,4,79-6,[]
TX,948.205755096,288173.918783206,4643893.177368152,1.2,1804,12,4,332-3,[]
TX,948.390689245,291008.79513148,4641834.21229484,1.2,2463,9,4,75-21,[]
TX,948.575781114,292307.236428698,4642293.503893249,1.2,545,12,4,153-21,[]
TX,948.590224025,290499.760070239,4642105.094577385,1.2,1496,9,3,288-18,[]
TX,948.656713701,291035.242373536,4644008.276341826,1.2,696,12,4,174-20,[]
TX,948.798034599,291034.95924823,4640553.092461742,1.2,636,7,4,163-18,[]
TX,949.252702574,291185.528195353,4641328.095126044,1.2,1656,8,3,31-20,[]
TX,949.307256459,290986.259802861,4640938.033845204,1.2,2348,7,4,62-14,[]
TX,949.483264699,291664.130640208,4642109.166288021,1.2,329,12,4,131-25,[]
TX,949.852539673,288935.434966375,4635965.530541196,1.2,2440,12,3,72-20,[]
TX,949.900697112,286077.825618709,4634482.561596506,1.2,2475,12,4,76-11,[]
TX,949.901172199,290454.134453656,4641685.239962843,1.2,872,7,4,199-22,[]
TX,950.003789958,291888.91376407,4642860.255393395,1.2,644,12,4,163-28,[]
TX,950.186576502,290271.095175874,4640282.757084902,1.2,614,7,4,162-17,[]
TX,950.274399386,290415.422701126,4641810.716724362,1.2,1312,9,4,260-21,[]
TX,950.358795501,288187.502696253,4634667.187571332,1.2,755,12,4,182-8,[]
TX,950.393647951,292778.521318163,4642179.215188424,1.2,1148,12,3,239-7,[]
TX,950.397146865,285742.936551536,4633903.797057114,1.2,2130,12,3,43-10,[]
TX,950.411639931,289413.017140563,4645291.21213357,1.2,2662,12,4,97-22,[]
TX,950.616010851,294125.913728578,4639984.332873493,1.2,2304,12,4,56-4,[]
TX,950.624657846,292357.848817582,4642276.30715149,1.2,1031,12,4,223-28,[]
TX,950.6662098,291964.831168196,4642603.687262495,1.2,1116,12,4,237-24,[]
TX,950.754042474,291241.333027165,4641251.219393174,1.2,266,9,4,127-18,[]
TX,950.781352284,291593.280969105,4641392.104999821,1.2,1333,11,4,262-25,[]
TX,950.812430714,290745.530502634,4642889.502649192,1.2,396,11,4,14-5,[]
TX,951.004146723,288470.809769164,4630658.031613579,1.2,1837,12,4,336-4,[]
TX,951.072708146,298854.215145083,4632534.462761233,1.2,911,12,4,203-14,[]
TX,951.08326158,291016.033078884,4641955.711889238,1.2,1104,9,4,233-26,[]
TX,951.088960151,287808.5004204,4637491.589441814,1.2,1623,12,4,308-14,[]
TX,951.140125652,290667.843566634,4641292.96804123,1.2,1576,7,4,301-26,[]
TX,951.146880801,290930.237479066,4638873.532180399,1.2,557,12,4,155-2,[]
TX,951.231609815,291114.141903714,4641368.893105799,1.2,470,9,4,148-20,[]
TX,951.329502942,288481.846206194,4641537.874559461,1.2,1585,10,4,304-21,[]
TX,951.34103902,292000.946496031,4642610.274499057,1.2,702,12,4,175-18,[]
TX,951.548324266,290737.549869243,4641502.33136367,1.2,1977,7,4,357-19,[]
TX,951.674341264,271729.515718259,4630689.393969112,1.2,1990,12,4,358-20,[]
TX,951.981069697,294794.448309377,4646116.975979087,1.2,2618,12,4,93-20,[]
TX,952.054328867,285661.223282466,4641258.227688699,1.2,1903,12,4,344-19,[]
TX,952.123700828,292729.504973099,4642304.874161886,1.2,2644,12,4,96-19,[]
TX,952.194244859,291627.012087862,4644622.948968575,1.2,1476,12,4,287-17,[]
TX,952.503781305,299965.421870576,4627792.266932999,1.2,967,12,4,214-2,[]
TX,952.781985039,290096.862353272,4647376.805948725,1.2,46,12,4,102-20,[]
TX,952.795618018,291932.271684618,4642594.536550834,1.2,286,12,3,128-4,[]
TX,952.874176132,290391.327803897,4642322.251487793,1.2,884,9,3,200-27,[]
TX,952.910360914,293609.847720853,4641879.085878478,1.2,931,12,4,206-14,[]
TX,952.985247486,290856.731808371,4642283.208704421,1.2,571,10,3,157-21,[]
TX,953.166685127,291040.139923581,4637433.993781538,1.2,406,12,4,140-16,[]
TX,953.197129315,291562.057918537,4642453.164106121,1.2,1033,12,4,225-26,[]
TX,953.203447642,292124.732465329,4642548.175611631,1.2,2534,12,4,82-4,[]
TX,953.34106711,293660.126236966,4641767.881928122,1.2,929,12,4,206-12,[]
TX,953.362729224,288624.852941361,4620266.962749965,1.2,991,12,4,22-14,[]
TX,953.370997555,292305.164455113,4642030.272137069,1.2,2035,12,4,363-7,[]
TX,953.558789892,291818.42497276,4644108.962196813,1.2,941,12,3,209-13,[]
TX,953.583708701,291873.311932401,4641641.915228361,1.2,1701,12,3,315-7,[]
TX,953.664332117,292070.730676087,4640495.332491578,1.2,2034,11,4,363-6,[]
TX,953.7578613,292950.089071064,4640226.365234123,1.2,1190,12,4,242-28,[]
TX,953.89943142,289654.729498201,4643507.773832171,1.2,667,12,3,171-10,[]
TX,953.95404065,273664.589072608,4630682.0594491,1.2,2125,12,4,42-24,[]
TX,953.971770994,290415.033712516,4643865.590578746,1.2,2675,12,4,97-9,[]
TX,954.139710015,290313.55179269,4643399.878829838,1.2,1254,12,4,253-27,[]
TX,954.303457456,291128.261265439,4642473.985626893,1.2,1717,11,3,318-19,[]
TX,954.480359445,292732.6333417,4641857.222887866,1.2,56,12,3,103-20,[]
TX,954.501348195,299732.98926069,4630063.983556827,1.2,692,12,4,173-27,[]
TX,954.514432755,289161.384119201,4642523.425519004,1.2,1653,10,4,31-18,[]
TX,954.645475558,295654.793867323,4642002.635551068,1.2,1434,7,4,275-17,[]
TX,954.748913381,292061.437783453,4642273.829135206,1.2,2110,12,4,41-12,[]
TX,954.827121757,295426.124718177,4645483.282487981,1.2,2192,12,3,47-21,[]
TX,954.990295423,290672.361686641,4641299.249476439,1.2,2389,7,4,7-4,[]
TX,955.152802697,292992.294882038,4643372.586316437,1.2,8,12,4,100-26,[]
TX,955.165107949,288870.036501813,4641390.845782511,1.2,1984,8,3,358-10,[]
TX,955.255155937,290175.492424208,4642115.554641214,1.2,2425,8,4,71-30,[]
TX,955.353929946,294888.447078457,4643980.593076747,1.2,2383,12,4,7-17,[]
TX,955.36834682,277887.522180892,4632412.760313424,1.2,1501,12,4,288-4,[]
TX,955.432753761,293233.785173729,4640219.450847284,1.2,1642,12,3,309-6,[]
TX,955.441233985,294420.197983852,4647824.956345114,1.2,103,12,4,107-27,[]
TX,955.466013261,290980.630328386,4644331.060821333,1.2,1022,12,3,223-12,[]
TX,955.494082398,291550.854085961,4641369.33665132,1.2,518,10,4,151-24,[]
TX,955.559462601,290917.387489878,4641230.341108125,1.2,1357,7,4,266-28,[]
TX,955.783361437,291840.973930747,4642539.642620973,1.2,116,12,4,109-2,[]
TX,955.870458627,291991.44519392,4643722.340864769,1.2,902,12,4,202-23,[]
TX,955.886847017,291037.535735361,4644009.555368307,1.2,766,12,4,185-3,[]
TX,955.909298781,292700.647110989,4641827.086928515,1.2,2579,12,4,85-28,[]
TX,956.008618745,291959.241100024,4642599.854153171,1.2,1869,12,3,339-3,[]
TX,956.510789588,289641.987550303,4635512.57306285,1.2,1260,12,4,254-13,[]
TX,956.513755919,295131.913377053,4642704.473187734,1.2,1481,8,4,287-22,"[['RX_GW', 956.721169254, 1481, 8, 4, 868.1, -125.226085987, '00:00:00:00:00:04']]"
TX,956.633298421,299750.403428359,4630072.25563515,1.2,969,12,4,214-21,[]
TX,956.67669305,289941.63899074,4643418.408829897,1.2,209,12,4,12-21,[]
TX,956.716664021,289316.418643307,4639754.731105429,1.2,1229,9,3,248-6,[]
TX,956.770551323,282815.167303398,4644351.378762337,1.2,1367,12,4,267-28,[]
TX,956.772391816,292118.713819229,4640680.067668681,1.2,2494,12,3,79-5,[]
TX,956.91057102,291893.458140799,4634720.497770631,1.2,1747,12,4,322-4,[]
TX,956.941660372,286694.714739736,4645120.71848271,1.2,456,12,4,147-24,[]
TX,956.982787397,289608.69051659,4642363.953411412,1.2,1754,10,3,324-10,[]
TX,957.105098207,293480.34998958,4642744.747859541,1.2,609,11,4,160-7,"[['RX_GW', 958.585859902, 609, 11, 4, 868.1, -134.261362287, '00:00:00:00:00:04']]"
TX,957.193510071,295863.7800893,4642550.770907369,1.2,102,7,4,107-26,[]
TX,957.670148624,291857.31862337,4642544.774606649,1.2,2378,12,4,68-3,[]
TX,957.777878281,291151.635982876,4636174.49058848,1.2,749,12,3,182-24,[]
TX,957.965912072,291061.166748116,4641205.436775195,1.2,2202,7,4,47-7,[]
TX,958.048578758,293849.47409583,4642028.585042556,1.2,173,10,4,112-5,[]
TX,958.15066644,290860.328998535,4635891.829812066,1.2,2674,12,4,97-8,[]
TX,958.182267765,293908.950632532,4643241.491500368,1.2,25,12,3,101-17,[]
TX,958.217701072,290691.896438189,4641304.52589142,1.2,1105,7,4,233-9,"[['RX_GW', 958.33269736, 1105, 7, 4, 868.1, -121.974949383, '00:00:00:00:00:02']]"
TX,958.493948036,292139.04466706,4638948.571184884,1.2,1067,12,4,229-5,[]
TX,958.499893133,291825.34631042,4642523.69652444,1.2,137,12,4,11-3,[]
TX,958.509210133,273670.231813615,4630588.112506476,1.2,428,12,4,141-22,[]
TX,958.538699818,289659.685623998,4641927.295107418,1.2,698,8,4,174-4,[]
TX,958.627073195,289370.347471808,4642449.960631993,1.2,1767,10,4,326-21,[]
TX,958.781623008,293429.104842013,4640943.588470392,1.2,2212,12,4,48-28,[]
TX,958.868443145,292525.335862213,4642907.9701475,1.2,34,12,4,101-28,[]
TX,958.890254325,284794.446819325,4642726.541068251,1.2,1876,12,4,340-10,[]
TX,958.912667887,293181.665408278,4640202.589291768,1.2,858,12,4,198-12,[]
TX,958.979754827,293308.297717836,4644256.432232862,1.2,1072,12,4,231-12,[]
TX,959.04498153,298537.968799552,4643067.383585318,1.2,908,12,4,203-10,[]
TX,959.590923148,292306.979094527,4642052.23884514,1.2,1143,12,4,239-28,[]
TX,959.782187806,290445.412497884,4641766.446642037,1.2,985,9,4,215-8,[]
TX,960.004717634,292661.629400947,4642019.420105804,1.2,1206,12,4,245-13,[]
TX,960.012122666,299740.221894255,4630075.156930469,1.2,974,12,3,214-7,[]
TX,960.31299889,292508.293479415,4642916.462500255,1.2,214,12,3,12-6,[]
TX,960.373694436,294555.657623634,4642628.580336203,1.2,2547,10,4,84-1,[]
TX,960.437133446,290336.099736752,4641862.712482885,1.2,1686,8,4,311-21,[]
TX,960.576697457,292175.469522878,4642181.922035605,1.2,573,12,4,157-4,[]
TX,960.690639995,290787.691960295,4642276.423067432,1.2,2610,10,4,91-7,[]
TX,960.877156408,290139.478643883,4641485.205818497,1.2,1565,7,4,3-27,[]
TX,961.020839362,289318.217052322,4634321.897695117,1.2,623,12,4,162-3,[]
TX,961.112436855,291482.73797419,4642006.29847471,1.2,129,12,3,109-6,[]
TX,961.145914007,273729.933924039,4630670.768767653,1.2,156,12,4,111-12,[]
TX,961.165658562,288017.508000123,4641863.071257962,1.2,2566,12,3,84-29,[]
TX,961.601424855,292323.4867763,4642042.453652629,1.2,1137,12,4,239-22,[]
TX,961.612141909,273646.220032372,4630662.202056827,1.2,1246,12,4,250-6,[]
TX,961.675721277,282334.470739021,4638999.931385145,1.2,203,12,4,119-26,[]
TX,961.856348257,293762.902470562,4642854.547540395,1.2,1129,12,4,239-11,[]
TX,962.006260904,293323.338493361,4644285.597997386,1.2,944,12,4,21-10,[]
TX,962.047753378,290129.206084681,4635326.20274087,1.2,1245,12,4,250-5,[]
TX,962.357008007,290065.621282343,4642388.523733798,1.2,2283,9,4,55-21,[]
TX,962.362522727,291744.692318661,4641534.021146328,1.2,1935,11,4,349-14,[]
TX,962.370212098,289319.673672823,4634321.180455658,1.2,958,12,4,211-14,[]
TX,962.392764574,299014.019827329,4644643.072446831,1.2,2360,12,4,66-6,[]
TX,962.399217044,291420.973553062,4641307.742533315,1.2,2080,9,4,371-27,[]
TX,962.454345397,290086.837499132,4645126.654796501,1.2,1820,12,4,334-5,[]
TX,962.66107905,291563.743405423,4636372.382360484,1.2,1292,12,4,256-24,[]
TX,962.827556108,290067.806063843,4642263.100710589,1.2,1186,7,4,241-28,[]
TX,962.916181196,292523.778052378,4642912.376959654,1.2,1566,12,4,3-28,[]
TX,962.973093703,297164.155302469,4649778.883985245,1.2,2268,12,4,53-18,[]
TX,962.979047199,290231.042114761,4642358.257995008,1.2,2565,9,4,84-28,[]
TX,963.026326983,291682.34265415,4642116.257806704,1.2,2067,11,4,369-19,[]
TX,963.028088538,286719.479659081,4631536.874608291,1.2,2639,12,4,95-28,[]
TX,963.053824578,289175.747474484,4642152.382249011,1.2,715,10,4,178-6,[]
TX,963.055292283,291780.463159668,4639805.410578617,1.2,1284,12,4,256-12,[]
TX,963.670095508,292526.643383309,4642917.578159097,1.2,21,12,4,101-13,[]
TX,963.723063909,291124.608838447,4641197.01429532,1.2,215,8,4,12-7,[]
TX,963.807449692,290621.168983505,4646614.403060467,1.2,1722,12,4,318-5,[]
TX,964.141672325,286122.113878555,4634505.388333432,1.2,713,12,3,178-4,[]
TX,964.162792959,289227.264473468,4642505.946327771,1.2,519,10,3,151-25,"[['RX_GW', 964.822304326, 519, 10, 3, 868.1, -132.353014612, '00:00:00:00:00:02']]"
TX,964.187690065,292130.544187346,4642901.346519809,1.2,561,12,4,155-3,[]
TX,964.247533258,290665.141365954,4641297.700903281,1.2,2149,7,4,44-24,[]
TX,964.777258048,290366.445528964,4641801.171490132,1.2,886,9,4,201-10,[]
TX,964.836084144,290796.424537028,4635618.558475388,1.2,2239,12,4,50-4,[]
TX,965.037451772,285397.422811288,4640948.842148184,1.2,998,12,4,220-24,[]
TX,965.149228675,291108.950602497,4643064.822228087,1.2,445,12,4,145-25,[]
TX,965.607802707,289600.360059999,4643560.212677172,1.2,1889,12,4,340-4,[]
TX,965.699693329,290686.180276652,4641287.191181302,1.2,1678,7,4,310-30,[]
TX,965.7869349,295581.622627307,4645542.617808266,1.2,2199,12,4,47-4,[]
TX,965.810328426,291108.951944499,4643750.873830006,1.2,1958,12,4,353-18,[]
TX,966.110787153,289445.178291988,4641745.436616885,1.2,77,7,4,105-19,[]
TX,966.195691925,302479.768039866,4642767.545650869,1.2,1388,12,4,269-4,[]
TX,966.348332229,293779.671346235,4640298.849305484,1.2,297,12,4,129-25,[]
TX,966.359267668,293531.484530421,4639906.579764282,1.2,1413,12,4,273-20,[]
TX,966.40522792,291993.658232371,4643711.512869244,1.2,369,12,4,138-3,[]
TX,966.575922966,294314.332396747,4639036.648087181,1.2,808,12,4,19-7,[]
TX,966.781235932,290309.457078232,4641926.897207848,1.2,2568,9,4,84-30,[]
TX,966.940970974,289203.951846218,4642204.443347512,1.2,1500,9,4,288-3,[]
TX,967.05519774,294016.898347525,4641809.452895448,1.2,1073,10,4,231-13,[]
TX,967.120618316,290057.380847519,4640950.571918055,1.2,2041,7,4,367-17,[]
TX,967.210603544,273673.859573106,4630702.006854207,1.2,1544,12,4,294-28,[]
TX,967.399855242,289705.024481059,4641868.058381774,1.2,13,7,4,100-5,[]
TX,967.414874873,295158.812076859,4642732.750325723,1.2,1956,8,4,353-1,[]
TX,967.598473651,285520.128220968,4633250.130455066,1.2,789,12,3,187-30,[]
TX,967.650596954,291869.410757366,4642560.322925394,1.2,781,12,4,186-28,[]
TX,968.253690999,292490.467568481,4641400.693614189,1.2,1635,12,4,309-2,[]
TX,968.400344581,282683.013072062,4632837.539603932,1.2,1396,12,4,270-17,[]
TX,968.524582175,291874.036435918,4636203.728935604,1.2,1304,12,4,259-20,[]
TX,968.631899358,272355.112393145,4629646.370822672,1.2,2395,12,4,70-18,[]
TX,969.01260139,289910.043292235,4646385.748612703,1.2,1271,12,4,254-26,[]
TX,969.608802749,291863.548027366,4641071.629798039,1.2,2158,11,4,45-2,[]
TX,969.673967895,288628.192934238,4635214.555448228,1.2,414,12,3,140-25,[]
TX,969.746301065,282428.795770188,4632820.771894867,1.2,2155,12,4,45-17,[]
TX,969.761159479,291103.738897354,4642460.339663814,1.2,880,11,4,200-14,[]
TX,969.794296468,276905.321259829,4632309.15166868,1.2,1263,12,4,254-16,[]
TX,969.852249671,292056.830517673,4644156.540032524,1.2,551,12,4,153-6,[]
TX,970.020219431,292646.019570269,4643063.190630405,1.2,918,12,4,204-13,[]
TX,970.195450107,292681.859575873,4643701.743695682,1.2,1955,12,4,351-7,[]
TX,970.302699832,292637.581620185,4642162.019530367,1.2,2077,12,4,371-24,[]
TX,970.460871815,288994.830612097,4641673.281923229,1.2,569,8,4,157-19,[]
TX,970.501775284,292553.521295274,4641728.955636842,1.2,1002,12,3,220-28,[]
TX,970.846436206,288861.820511995,4642748.924466122,1.2,1465,12,4,282-5,[]
TX,971.337276076,301905.944630063,4639711.91752335,1.2,1177,12,4,241-10,[]
TX,971.369069363,290065.580467866,4641535.20397603,1.2,512,7,4,151-18,"[['RX_GW', 971.484064974, 512, 7, 4, 868.1, -116.911469312, '00:00:00:00:00:02']]"
TX,971.72375802,291868.494767872,4642569.78252662,1.2,935,12,4,206-27,[]
TX,972.376056738,289719.299903045,4647158.217341982,1.2,1024,12,3,223-14,[]
TX,972.437540018,289345.642987023,4642053.668361817,1.2,581,8,4,158-22,"[['RX_GW', 972.644953836, 581, 8, 4, 868.1, -125.9180806, '00:00:00:00:00:02']]"
TX,972.678736103,292659.824977143,4642627.984325861,1.2,743,12,4,182-12,[]
TX,972.8756388,290742.033758484,4641516.478439987,1.2,375,7,3,138-9,"[['RX_GW', 972.990635613, 375, 7, 3, 868.1, -120.102979979, '00:00:00:00:00:02']]"
TX,972.876891785,292150.13177728,4644262.652412318,1.2,335,12,4,137-11,[]
TX,972.881715764,290887.004729717,4638609.283756365,1.2,1617,12,3,306-6,[]
TX,972.900470879,291726.007365606,4642133.034440842,1.2,716,11,3,178-7,[]
TX,973.242653926,291870.504071087,4642559.050431108,1.2,2456,12,4,73-7,[]
TX,973.403825021,290705.917770856,4641307.024639984,1.2,205,7,4,12-17,"[['RX_GW', 973.518821354, 205, 7, 4, 868.1, -122.274072299, '00:00:00:00:00:02']]"
TX,973.444179589,296457.516196108,4649988.522968338,1.2,2614,12,4,93-17,[]
TX,973.550542191,292669.988280845,4641328.042877913,1.2,1174,12,4,24-5,[]
TX,973.818583719,289604.151571529,4643542.215757262,1.2,683,12,4,172-3,[]
TX,973.861699996,289389.109819029,4642055.210388072,1.2,2039,8,4,367-13,[]
TX,973.947922777,290433.422875348,4646525.055939988,1.2,2249,12,4,51-15,[]
TX,974.101303834,287284.142106206,4641564.70943471,1.2,878,12,4,200-12,[]
TX,974.453875546,290482.778104355,4640766.81990091,1.2,2575,7,4,85-12,[]
TX,974.513044996,295132.843292197,4642701.405446446,1.2,2065,8,4,369-17,"[['RX_GW', 974.720458321, 2065, 8, 4, 868.1, -125.175320255, '00:00:00:00:00:04']]"
TX,974.578094514,292242.236856683,4641930.992825992,1.2,1197,12,4,244-23,[]
TX,974.62376628,292434.910543742,4643724.920685272,1.2,2218,12,4,49-9,[]
TX,974.651756677,289578.327812496,4642150.592059531,1.2,2095,8,4,39-26,[]
TX,974.798480662,290700.39068376,4641293.971202103,1.2,241,7,4,124-24,[]
TX,974.909076904,289017.733654818,4639242.37392345,1.2,1458,11,4,281-3,[]
TX,974.919110637,273705.666110458,4630708.479669629,1.2,2138,12,4,43-21,[]
TX,975.049672563,289779.610174277,4641766.175275807,1.2,1950,7,4,351-21,[]
TX,975.117268947,292259.788151922,4642354.209212865,1.2,1603,12,3,305-26,[]
TX,975.380041702,289670.151409985,4642058.846149178,1.2,1652,8,4,31-17,[]
TX,975.759195082,299741.241354639,4630073.350718496,1.2,971,12,4,214-4,[]
TX,975.847773469,292242.009692279,4642933.114351681,1.2,31,12,4,101-24,[]
TX,975.864953859,290859.694779835,4641282.978576765,1.2,905,8,4,202-26,[]
TX,976.263167079,299753.215857569,4630083.739580054,1.2,970,12,4,214-3,[]
TX,976.409809912,289319.489610144,4634324.717613691,1.2,786,12,4,187-21,[]
TX,976.57690962,289811.298946773,4641757.49293933,1.2,2543,7,4,83-2,"[['RX_GW', 976.691905977, 2543, 7, 4, 868.1, -121.950456176, '00:00:00:00:00:02']]"
TX,976.688687839,290066.313513923,4641526.777356391,1.2,413,7,3,140-24,[]
TX,976.96680929,291037.708341626,4644043.224527825,1.2,1554,12,4,298-4,[]
TX,976.995764777,286660.834544672,4641730.166837237,1.2,36,12,4,101-3,[]
TX,977.099260097,289574.161405201,4635170.395866022,1.2,2356,12,4,66-21,[]
TX,977.252498888,293702.310177202,4645355.200316031,1.2,2621,12,4,93-26,[]
TX,977.319627824,290186.817093482,4646752.423551769,1.2,1354,12,4,266-25,[]
TX,977.348736591,289213.448085205,4642072.273791794,1.2,1828,9,4,336-1,[]
TX,977.351458556,291702.042323432,4640156.300744616,1.2,2520,12,3,81-25,[]
TX,977.620240946,271817.775261222,4630683.991332167,1.2,821,12,4,190-6,[]
TX,977.648678973,289151.254492079,4642452.617159067,1.2,2560,12,4,84-21,[]
TX,977.85098768,290373.810790081,4641808.576667771,1.2,45,9,4,102-2,[]
TX,977.870538948,293805.095518773,4640750.662632838,1.2,1199,12,4,244-25,[]
TX,977.989578539,291251.234943152,4642399.277090228,1.2,2061,12,4,368-21,[]
TX,978.010822931,292270.111298777,4642926.22228852,1.2,1089,12,4,231-8,[]
TX,978.039580413,290634.752305223,4646610.268303996,1.2,536,12,4,152-27,[]
TX,978.089517646,288383.154339825,4642774.083804579,1.2,1192,12,4,244-11,[]
TX,978.102345423,292315.587354373,4642052.154643889,1.2,2050,12,4,367-28,[]
TX,978.256880123,291951.619092636,4642598.231317768,1.2,568,12,4,157-18,[]
TX,978.323643172,291213.513616732,4644674.021458115,1.2,1755,12,4,324-13,[]
TX,978.361783862,286697.360914285,4641699.682188442,1.2,1291,12,4,256-21,[]
TX,978.430736994,291164.434134285,4643250.060346073,1.2,567,12,4,157-17,[]
TX,978.488473426,291047.098037461,4644019.95977308,1.2,1070,12,4,231-10,[]
TX,978.597000126,291896.029006898,4642575.011008151,1.2,588,12,4,158-9,[]
TX,978.652542553,292765.841350727,4642503.64759882,1.2,1147,12,4,239-6,[]
TX,978.669558111,291748.997704062,4644291.563368776,1.2,304,12,4,130-13,[]
TX,978.697932313,287880.478692275,4645672.13407494,1.2,305,12,3,130-14,[]
TX,978.762986907,292017.43886812,4641764.43568277,1.2,1503,12,4,29-10,[]
TX,979.102395588,295016.864073186,4648707.31467854,1.2,1802,12,4,332-27,[]
TX,979.303370055,291385.770590243,4642033.332345624,1.2,1461,10,4,282-19,[]
TX,979.307001828,293741.593710978,4645374.361005066,1.2,1646,12,4,31-11,[]
TX,979.307731727,274599.352819672,4630884.712018479,1.2,42,12,4,102-17,[]
TX,979.386894721,286369.761754809,4640716.314132736,1.2,1314,12,4,260-5,[]
TX,979.522358247,291039.218581024,4644014.517410205,1.2,1075,12,4,231-17,[]
TX,979.528921573,292168.875568674,4642517.079850176,1.2,1821,12,4,334-6,[]
TX,979.581721252,290273.270551744,4635891.403842632,1.2,2549,12,4,84-11,[]
TX,979.966341169,291937.11233878,4642584.104629538,1.2,2022,12,4,363-16,[]
TX,980.047310436,289215.33590387,4642074.185319941,1.2,184,9,4,113-28,[]
TX,980.115994051,290399.092974869,4643411.546795416,1.2,1065,12,3,229-3,[]
TX,980.386203114,273695.581285182,4630541.448173742,1.2,1920,12,4,347-26,[]
TX,980.607752969,298018.585916972,4642046.948985171,1.2,2108,12,4,41-10,[]
TX,980.627995892,294827.321166964,4644822.73778533,1.2,2084,12,4,372-25,[]
TX,980.682612733,290764.200985229,4641183.257414053,1.2,1375,7,3,268-7,[]
TX,980.71448491,291779.903006863,4642566.621218959,1.2,1346,12,4,264-5,[]
TX,980.860428263,282837.777178992,4632851.067048338,1.2,1449,12,4,28-11,[]
TX,980.894383519,292499.721348271,4641913.351621328,1.2,1637,12,3,309-21,[]
TX,980.969820849,291859.047817984,4642548.544049799,1.2,2397,12,4,70-2,[]
TX,981.258043861,288960.576097724,4643616.977510845,1.2,454,12,3,147-13,[]
TX,981.334881936,290878.203599506,4642263.4288117,1.2,388,10,4,14-16,[]
TX,981.373591394,293676.595346794,4639602.148957394,1.2,2279,12,4,55-17,[]
TX,981.396125773,289635.177194161,4643593.242869809,1.2,1657,12,4,31-21,[]
TX,981.547744999,292715.888194458,4641836.962737261,1.2,2366,12,4,67-2,[]
TX,981.556935957,294007.239387635,4644378.76786993,1.2,2457,12,4,75-11,[]
TX,981.756773799,290363.616572267,4636124.262400295,1.2,242,12,4,124-26,[]
TX,981.824602409,292679.325382817,4641797.714295602,1.2,73,12,4,104-6,[]
TX,981.896042197,292033.7953779,4641810.281916982,1.2,1770,12,4,326-5,[]
TX,982.115811789,292326.174496468,4642288.628556105,1.2,756,12,4,182-9,[]
TX,982.136501778,292400.986157499,4637348.790230165,1.2,988,12,4,22-11,[]
TX,982.167438196,290858.791070792,4642265.451245898,1.2,2107,10,4,40-28,[]
TX,982.289036036,292988.23141287,4644362.652877466,1.2,2567,12,4,84-3,[]
TX,982.503441117,291915.935923539,4642574.794290113,1.2,1119,12,4,237-27,[]
TX,982.515363389,292166.285388052,4641383.652959079,1.2,1141,12,4,239-26,[]
TX,982.879168011,273641.605104938,4630659.426679865,1.2,1182,12,4,241-24,[]
TX,982.943982154,291574.463425365,4642661.323981415,1.2,1163,12,4,24-20,[]
TX,983.213724565,295050.64846774,4642894.244458132,1.2,2222,10,4,50-12,[]
TX,983.366426431,289589.328434507,4642506.19739955,1.2,1688,10,4,311-4,[]
TX,983.697542286,291751.119157791,4641538.357322854,1.2,586,12,4,158-28,[]
TX,983.73804643,289981.489468173,4641582.623908765,1.2,2005,7,4,361-20,[]
TX,983.759148132,292517.222170812,4642027.371416612,1.2,1234,12,4,249-3,[]
TX,983.794019296,290086.904605703,4645640.686076865,1.2,2479,12,3,76-22,[]
TX,983.919387204,292524.137401473,4642919.916243602,1.2,18,12,4,101-10,[]
TX,984.056410107,291319.262254767,4643162.635805893,1.2,832,12,4,194-27,[]
TX,984.09942671,291840.30457377,4644937.297466408,1.2,805,12,4,19-4,[]
TX,984.125504938,293855.189144543,4639526.995573203,1.2,807,12,4,19-6,[]
TX,984.228286642,290379.330499442,4643859.575694963,1.2,1897,12,4,341-21,[]
TX,984.357367625,290682.898408359,4641305.416010771,1.2,494,7,4,150-15,[]
TX,984.384332532,291818.289435117,4642519.727660948,1.2,354,12,4,137-4,[]
TX,984.59697571,291790.761028163,4642590.932751787,1.2,1115,12,3,237-14,[]
TX,984.639847892,292712.562797409,4641279.340720542,1.2,803,12,4,19-2,[]
TX,984.725457322,293301.524546162,4644263.249179772,1.2,1057,12,4,226-9,[]
TX,984.881327142,293050.068608426,4643434.743715016,1.2,668,12,4,171-11,[]
TX,984.972623917,292734.342108052,4642102.54552816,1.2,940,12,4,209-12,[]
TX,985.31405917,291683.054705464,4642114.236887014,1.2,1242,11,4,250-21,[]
TX,985.485735232,284993.307115035,4633229.789594222,1.2,819,12,4,190-4,[]
TX,985.606858907,294555.506790648,4643704.257579699,1.2,1157,12,4,24-15,[]
TX,985.62624157,292675.203736326,4641823.765499925,1.2,2546,12,4,83-3,[]
TX,986.093689389,291229.125672073,4642269.82336909,1.2,2114,11,4,41-25,[]
TX,986.197403577,291054.387360354,4644028.317893167,1.2,735,12,4,181-3,[]
TX,986.226332379,292852.645561112,4642229.716694081,1.2,426,12,4,141-13,[]
TX,986.253870832,272130.946975604,4630190.162535404,1.2,1353,12,4,266-24,[]
TX,986.332159575,271763.203531668,4630745.900772072,1.2,860,12,4,198-14,[]
TX,986.437531804,291920.333191842,4642570.041264323,1.2,1026,12,4,223-23,[]
TX,986.483756136,291862.319559931,4642384.409542877,1.2,637,12,4,163-19,[]
TX,986.564113487,287056.215261337,4641576.848016003,1.2,2302,12,4,56-28,[]
TX,986.574340382,296751.15192542,4646470.038066398,1.2,2601,12,4,91-19,[]
TX,986.591420413,294430.00574852,4642282.416707424,1.2,1487,10,4,287-28,[]
TX,986.752183921,290358.151503924,4641824.939602307,1.2,1974,9,3,356-9,[]
TX,986.824025929,293781.033731124,4640448.078889808,1.2,559,12,3,155-21,[]
TX,986.935916759,298642.745062139,4636644.115892717,1.2,1014,12,4,222-12,[]
TX,987.258465188,295814.705533677,4645562.264255504,1.2,2183,12,4,47-12,[]
TX,987.367827078,291871.037404259,4642561.080900525,1.2,2554,12,4,84-16,[]
TX,987.400014336,293187.401767425,4639024.049536092,1.2,632,12,4,163-13,[]
TX,987.406433852,295609.796962129,4645553.242557501,1.2,2198,12,4,47-30,[]
TX,987.44524208,290064.737577015,4642393.178764081,1.2,258,9,4,125-27,[]
TX,987.51599292,290666.082527116,4641307.738723258,1.2,2159,7,4,45-20,[]
TX,987.637486324,295081.590356635,4642773.49267933,1.2,2129,8,4,42-28,[]
TX,987.708150488,292015.062320091,4642619.308931198,1.2,687,12,4,172-7,[]
TX,987.72929812,291021.115239289,4640625.66111737,1.2,1811,8,4,334-15,[]
TX,988.098006558,272576.968391826,4629938.690665516,1.2,1727,12,4,320-24,[]
TX,988.159899249,296649.920954149,4642700.380322902,1.2,1751,9,4,323-3,[]
TX,988.167187041,285123.352920007,4633421.614813672,1.2,2043,12,4,367-19,[]
TX,988.20378161,291977.545956745,4642598.619405641,1.2,2400,12,4,70-3,[]
TX,988.21948257,290554.890964629,4642680.101070442,1.2,670,11,4,171-13,[]
TX,988.286031696,292723.160297027,4641849.416782399,1.2,2230,12,4,50-21,[]
TX,988.309756155,288962.855332719,4642633.396273574,1.2,1805,12,4,332-4,[]
TX,988.336584706,290359.989567712,4640410.639454124,1.2,1651,7,4,31-16,[]
TX,988.408953268,276180.449210558,4632003.1179412,1.2,1522,12,4,290-5,[]
TX,988.454471927,294130.906553177,4647412.428526493,1.2,2225,12,4,50-15,[]
TX,988.49238582,289177.686785441,4642517.578542949,1.2,2020,10,3,363-13,[]
TX,988.665383185,290489.01953211,4640638.169715999,1.2,796,7,4,188-21,[]
TX,988.702653451,291705.997475889,4636665.978491283,1.2,390,12,4,14-18,[]
TX,988.775464334,290470.8748272,4640630.468140294,1.2,1334,7,4,262-26,[]
TX,988.844392402,295822.840959478,4643712.170587053,1.2,1785,11,4,330-28,[]
TX,988.847315808,289155.885018088,4638601.162954184,1.2,682,12,4,172-29,[]
TX,989.140268795,291994.551640308,4643704.754449075,1.2,2596,12,4,88-27,[]
TX,989.141098282,286632.808178864,4641659.205195707,1.2,1772,12,4,326-7,[]
TX,989.223135968,291665.643728174,4642099.08635382,1.2,114,11,4,109-18,[]
TX,989.27733817,290274.233853522,4643373.68130961,1.2,1399,12,4,270-21,[]
TX,989.293222917,290336.657752227,4642337.463643135,1.2,1846,10,4,337-24,[]
TX,989.448131235,288734.016171132,4643200.501629015,1.2,432,12,4,141-26,[]
TX,989.541256148,299873.393430371,4645750.833911372,1.2,527,12,4,151-8,[]
TX,989.547477401,290293.521153568,4640331.03810386,1.2,2535,7,4,82-5,[]
TX,989.585727855,289352.361067338,4642508.068340605,1.2,758,9,4,184-13,[]
TX,989.872293291,289179.190811642,4642518.815520766,1.2,955,10,4,211-11,[]
TX,989.873635687,291117.287557353,4642468.439939138,1.2,883,11,4,200-26,[]
TX,990.136744163,291204.949019544,4642562.399118686,1.2,2275,12,4,53-6,[]
TX,990.400681103,288608.779262493,4640587.121947324,1.2,1069,10,4,229-7,[]
TX,990.645809513,290382.140614433,4641811.014677198,1.2,904,9,4,202-25,[]
TX,990.664989753,289506.171627092,4635226.137274614,1.2,1247,12,4,250-7,[]
TX,991.241134952,290100.2748118,4635396.945220237,1.2,1830,12,4,336-18,[]
TX,991.366909746,289336.892036639,4634304.765648426,1.2,142,12,4,110-10,[]
TX,991.389520383,291896.182995512,4641641.972590402,1.2,2381,12,4,68-6,[]
TX,991.756670293,289287.062878835,4642526.0038699,1.2,736,10,4,181-4,[]
TX,991.932971593,292003.589571547,4641749.763903855,1.2,1309,12,4,259-6,[]
TX,991.978772818,287915.619627824,4643989.72765911,1.2,412,12,4,140-21,[]
TX,992.325070583,291841.041722322,4642561.367025028,1.2,2100,12,4,40-12,[]
TX,992.342468702,293100.057697023,4640758.088234549,1.2,2361,12,4,67-1,[]
TX,992.595119152,294370.227077872,4643117.505031275,1.2,790,12,4,187-4,[]
TX,992.67178834,291706.543533034,4642116.786953244,1.2,1760,11,4,326-15,[]
TX,992.743642706,291116.244020687,4642470.017454409,1.2,881,11,4,200-24,[]
TX,992.761497186,287914.064738382,4631725.669650931,1.2,942,12,4,209-24,[]
TX,992.860469041,291014.782426719,4641940.945871612,1.2,1976,9,4,357-18,[]
TX,992.892396656,289943.671580775,4634383.426462133,1.2,74,12,4,104-7,[]
TX,993.419739403,289632.509746206,4641479.125836554,1.2,1435,7,4,275-18,[]
TX,993.721507613,289706.958265171,4647165.825499564,1.2,422,12,4,140-7,[]
TX,993.795893079,283762.763943576,4643171.587907389,1.2,1756,12,4,324-14,[]
TX,993.955218174,287062.70356155,4645831.153969422,1.2,1095,12,4,232-3,[]
TX,994.074861918,271700.837577141,4630734.924858999,1.2,2388,12,4,7-3,[]
TX,994.335171282,290605.819065467,4633550.358673954,1.2,1845,12,4,337-14,[]
TX,994.379192311,292186.740571434,4643496.069989446,1.2,2588,12,4,87-27,[]
TX,994.410026844,289969.663696819,4639938.8269046,1.2,1228,8,4,248-5,"[['RX_GW', 994.617439578, 1228, 8, 4, 868.1, -124.497749775, '00:00:00:00:00:02']]"
TX,994.449927918,292520.841067093,4642906.949255947,1.2,2319,12,4,58-3,[]
TX,994.715077419,295613.547998692,4645561.629905304,1.2,2190,12,4,47-2,[]
TX,994.771787087,292659.784996437,4642044.190321524,1.2,334,12,4,137-10,[]
TX,994.892867464,291900.558381883,4642559.412580491,1.2,2402,12,4,70-5,[]
TX,995.075252154,271914.614650395,4630619.433908483,1.2,1850,12,4,338-21,[]
TX,995.105226546,282336.071994465,4632823.235910869,1.2,1627,12,4,308-25,[]
TX,995.160987793,290845.688357799,4642276.123310214,1.2,1464,10,4,282-4,[]
TX,995.49240773,292146.859041185,4642467.318157653,1.2,327,12,4,131-14,[]
TX,995.49837728,292530.356306927,4642909.374340091,1.2,1844,12,4,337-13,[]
TX,995.54138027,294140.400435681,4647421.21165383,1.2,97,12,4,107-14,[]
TX,995.552450189,291210.632757473,4642259.429134467,1.2,2643,12,4,96-18,[]
TX,995.753749625,291046.353614936,4641119.796407737,1.2,2370,8,4,67-5,[]
TX,995.908495987,291982.355960124,4643709.19260095,1.2,1803,12,4,332-28,[]
TX,995.923203926,291103.349025178,4641927.720958414,1.2,1494,9,4,287-9,[]
TX,995.945731016,290986.503139779,4639053.177116762,1.2,1569,11,4,301-12,[]
TX,995.990732313,290151.051003155,4643442.624853249,1.2,168,12,4,112-21,[]
TX,996.006447388,289370.337116791,4642454.886191092,1.2,2137,10,4,43-2,[]
TX,996.403864734,292107.063877819,4645072.01977462,1.2,669,12,4,171-12,[]
TX,996.483464398,290670.825602836,4640604.783638903,1.2,1998,7,4,358-7,[]
TX,996.614726738,271690.012182542,4629490.202852613,1.2,1871,12,4,339-5,[]
TX,996.684925227,291700.736641947,4641500.474154008,1.2,1395,11,4,270-13,[]
TX,996.838571555,291872.830589789,4642567.216250307,1.2,2518,12,4,81-14,[]
TX,996.924766643,291320.047056794,4637418.680815248,1.2,1959,12,4,353-19,[]
TX,996.92685334,292850.951064686,4641919.197440541,1.2,431,12,4,141-25,[]
TX,997.213097381,290229.676436964,4641447.355534604,1.2,1740,7,4,321-4,[]
TX,997.219121371,295194.815243858,4641851.076991912,1.2,888,7,4,201-13,[]
TX,997.251041295,288677.425460532,4643768.964467349,1.2,848,12,4,197-19,[]
TX,997.498238126,292288.270944776,4641745.360632177,1.2,1799,12,4,332-22,[]
TX,997.586452579,296747.336101567,4646476.121072503,1.2,1490,12,4,287-5,[]
TX,997.627881389,292821.574993595,4641966.025498532,1.2,433,12,4,141-27,[]
TX,997.68492019,290129.84612275,4640193.168208856,1.2,2058,7,4,368-18,[]
TX,997.747306042,290887.22226458,4635937.649788541,1.2,1682,12,4,311-17,[]
TX,997.777104,285739.531286194,4641327.643392671,1.2,2386,12,4,7-20,[]
TX,997.879886299,291248.809040848,4641247.737408467,1.2,660,9,4,167-3,[]
TX,998.044703726,284247.206614878,4643679.364042185,1.2,1763,12,4,326-18,[]
TX,998.327064914,299582.359656753,4645092.364044603,1.2,140,12,4,11-6,[]
TX,998.377712648,291700.596034705,4640124.737550385,1.2,463,12,4,148-10,[]
TX,998.648205689,289128.972195604,4644551.862926405,1.2,360,12,4,138-18,[]
TX,998.872045422,291834.471131937,4642548.597573843,1.2,782,12,4,186-8,[]
TX,999.07197552,293584.464795424,4645066.599685386,1.2,339,12,4,137-15,[]
TX,999.375964674,294150.604554353,4647406.151052332,1.2,2250,12,4,51-16,[]
TX,999.425204373,290094.098996623,4640898.339985689,1.2,2321,7,4,58-5,[]
TX,999.712239689,291238.623649334,4641256.350226435,1.2,2322,9,4,58-6,[]
TX,1000.183698846,291914.489892916,4642577.769746482,1.2,2458,12,4,75-12,[]
TX,1000.379776577,291879.740692674,4642566.442151652,1.2,556,12,4,155-19,[]
TX,1000.387984343,273723.692701171,4630667.653689281,1.2,1536,12,3,293-30,[]
TX,1000.472407723,293716.66834331,4645365.353072529,1.2,2629,12,4,93-6,[]
TX,1000.830147155,274506.938773018,4630818.364330011,1.2,1044,12,4,226-22,[]
TX,1000.851715176,273675.322275781,4630625.178013186,1.2,1524,12,4,290-7,[]
TX,1001.216314465,289321.543657001,4634308.339963122,1.2,2350,12,4,62-27,[]
TX,1001.269757906,287506.962519298,4641641.375869055,1.2,465,12,4,148-12,[]
TX,1001.361173836,292256.5287833,4641937.970322232,1.2,1412,12,4,273-19,[]
TX,1001.413655273,292130.831612881,4644175.317964823,1.2,1715,12,4,318-17,[]
TX,1001.426264634,290456.772011559,4635563.537782417,1.2,1012,12,4,221-8,[]
TX,1001.434159256,290037.519744586,4642394.92179045,1.2,1613,9,4,306-20,[]
TX,1001.442235625,290401.492640637,4644024.030520319,1.2,1685,12,4,311-20,[]
TX,1001.44657963,288752.558850748,4642575.681170478,1.2,2154,11,4,45-1,[]
TX,1001.67808254,291106.705612456,4642461.528344781,1.2,2298,11,4,56-23,[]
TX,1001.776791165,290712.342128918,4643886.764493248,1.2,1323,12,4,261-25,[]
TX,1001.94119811,290439.483113675,4642870.733433321,1.2,2341,12,4,61-3,[]
TX,1002.154959313,290142.523320136,4636843.77299186,1.2,88,12,4,106-24,[]
TX,1002.176096082,271590.965664013,4630625.820315028,1.2,1126,12,4,238-25,[]
TX,1002.24089692,273715.308899387,4630673.324062346,1.2,1288,12,4,256-18,[]
TX,1002.359871534,291311.438703143,4640337.658765371,1.2,69,10,4,104-21,[]
TX,1002.713301514,294028.709810806,4642844.951570376,1.2,1082,11,4,231-26,"[['RX_GW', 1004.194061779, 1082, 11, 4, 868.1, -133.386032519, '00:00:00:00:00:04']]"
TX,1002.741223479,291522.187117643,4642436.541715317,1.2,2598,12,4,91-16,[]
TX,1002.769724362,294416.441683954,4645661.268180428,1.2,397,12,4,14-6,[]
TX,1003.152636106,288594.735517016,4638641.858387421,1.2,2147,12,4,44-11,[]
TX,1003.266272116,291938.521726793,4642575.149269948,1.2,2652,12,4,97-10,[]
TX,1003.31246967,289895.976903707,4639735.458305885,1.2,1982,8,4,357-6,[]
TX,1003.324945474,291216.777153439,4642286.516307869,1.2,2648,11,4,96-4,[]
TX,1003.452247239,291880.608920956,4642564.542587486,1.2,2487,12,4,76-9,[]
TX,1003.514321284,287555.133839352,4634267.414138068,1.2,43,12,4,102-18,[]
TX,1003.523800621,290421.091282181,4644184.223720744,1.2,1093,12,4,232-19,[]
TX,1003.643940773,290451.088595781,4642320.377843303,1.2,1530,9,4,293-19,[]
TX,1003.737770478,292377.254635457,4644049.70592915,1.2,143,12,4,110-11,[]
TX,1003.890214958,292001.440107596,4643709.119603823,1.2,1419,12,4,273-7,[]
TX,1004.013272727,290083.88500162,4642389.652959103,1.2,1274,9,4,254-29,[]
TX,1004.177747921,290448.899529032,4636313.767417784,1.2,910,12,4,203-13,[]
TX,1004.247807824,290350.086055533,4636096.132437079,1.2,1823,12,4,335-1,[]
TX,1004.293822304,290798.302495517,4634127.96315636,1.2,1933,12,4,349-12,[]
TX,1004.560251263,292327.124616469,4642038.449858653,1.2,1175,12,4,24-6,[]
TX,1004.661843222,291053.687567327,4644050.999663074,1.2,60,12,4,103-30,[]
TX,1004.775989296,292720.712500664,4641637.553310775,1.2,1018,12,4,222-27,[]
TX,1004.828818554,289823.545390691,4643472.659181462,1.2,1091,12,4,232-17,[]
TX,1004.919341405,289331.586722626,4642547.27123639,1.2,2452,10,4,73-3,[]
TX,1004.923501567,289479.540741046,4635471.722978759,1.2,2060,12,4,368-20,[]
TX,1004.963895562,291279.429200608,4642371.353779484,1.2,1543,11,4,294-26,[]
TX,1005.13740752,289508.570186841,4634226.232681232,1.2,1446,12,4,279-12,[]
TX,1005.301557843,287664.365413929,4622013.547120376,1.2,402,12,4,140-12,[]
TX,1005.333835911,289948.020552798,4634413.393731159,1.2,359,12,4,138-13,[]
TX,1005.500964916,290842.474786809,4642277.660955712,1.2,923,10,4,204-25,[]
TX,1005.510972752,291979.060334513,4643701.180866827,1.2,1886,12,4,340-27,[]
TX,1005.789709338,291845.16185068,4641905.164678026,1.2,404,12,4,140-14,[]
TX,1005.935509603,288323.979388972,4638757.127184563,1.2,1217,12,4,246-25,[]
TX,1006.20932111,290653.732408545,4641578.794204008,1.2,627,7,4,162-7,[]
TX,1006.213998511,290610.810083664,4633568.658839737,1.2,1237,12,4,249-7,[]
TX,1006.242873079,291846.778678656,4642460.487734606,1.2,1618,12,4,306-7,[]
TX,1006.291845723,290631.178537704,4641098.617228495,1.2,435,7,4,143-14,[]
TX,1006.326337234,285914.805823414,4643189.793049042,1.2,1201,12,4,244-27,[]
TX,1006.556746026,301377.616289284,4645204.493522483,1.2,1719,12,4,318-21,[]
TX,1006.630488502,290072.571243575,4642396.103996031,1.2,1824,9,4,335-15,[]
TX,1006.853901872,290602.239609759,4633576.002681812,1.2,1746,12,4,322-21,[]
TX,1006.94121705,289234.957604531,4642513.15764132,1.2,1765,10,4,326-2,[]
TX,1007.085558909,291070.447114896,4644049.104015301,1.2,874,12,4,199-25,[]
TX,1007.65771152,290674.81259713,4641491.920395526,1.2,827,7,4,194-22,[]
TX,1007.764649916,292325.275200017,4642047.849173517,1.2,1794,12,4,332-13,[]
TX,1007.819019611,290064.854332954,4642391.781192991,1.2,1409,9,4,270-9,[]
TX,1007.82032761,288964.993498167,4642615.4342878,1.2,1615,12,4,306-4,[]
TX,1007.854163309,291388.070670543,4643750.111573387,1.2,380,12,4,139-14,[]
TX,1007.989150276,291730.008348666,4642160.04058274,1.2,1121,11,4,237-8,[]
TX,1008.435104251,290328.275564022,4641427.173201459,1.2,1681,7,4,310-7,"[['RX_GW', 1008.550099876, 1681, 7, 4, 868.1, -113.526411639, '00:00:00:00:00:02']]"
TX,1008.461051937,292757.778693014,4642124.922646166,1.2,1336,12,4,262-8,[]
TX,1008.653963551,287817.018235143,4634433.245964422,1.2,2434,12,4,72-14,[]
TX,1008.76756413,271443.902601397,4630508.206843526,1.2,2513,12,4,80-7,[]
TX,1008.771295307,292262.573565301,4642929.656420156,1.2,1052,12,4,226-4,[]
TX,1008.776647082,291854.893734679,4642560.381529611,1.2,1003,12,4,221-10,[]
TX,1008.917368855,298972.329694002,4644578.594135952,1.2,1877,12,4,340-11,[]
TX,1009.071629588,293227.379232926,4643127.056314584,1.2,2188,12,4,47-18,[]
TX,1009.265896542,291705.511868931,4642127.412255593,1.2,1469,11,4,284-22,"[['RX_GW', 1010.746657173, 1469, 11, 4, 868.1, -134.165662048, '00:00:00:00:00:02']]"
TX,1009.302270003,289442.703538752,4635054.681096246,1.2,2352,12,4,66-17,[]
TX,1009.689833422,291029.645620789,4641930.853193853,1.2,1736,9,4,321-19,[]
TX,1009.700194471,288845.526077284,4637874.298259888,1.2,1220,12,4,246-28,[]
TX,1009.793838565,290577.878248599,4636745.69109361,1.2,405,12,4,140-15,[]
TX,1009.810225142,290852.236835276,4644472.071034117,1.2,271,12,4,127-3,[]
TX,1009.829244122,290674.302842462,4641319.114173452,1.2,424,7,4,141-11,[]
TX,1009.992456884,291801.097191159,4642552.818047201,1.2,11,12,4,100-3,[]
TX,1010.080067005,294152.527029679,4639146.507166277,1.2,865,12,4,198-26,[]
TX,1010.095746587,282380.249970843,4636786.152113089,1.2,157,12,4,111-13,[]
TX,1010.271393604,292317.314279784,4641988.907074461,1.2,4,12,4,100-21,[]
TX,1010.356647915,289287.376266866,4642406.895019845,1.2,1967,10,4,353-5,[]
TX,1010.625958002,294889.616129651,4631414.935352108,1.2,2205,12,4,48-12,[]
TX,1010.774192009,290583.732779556,4642391.033481289,1.2,1467,9,4,282-7,"[['RX_GW', 1011.145958892, 1467, 9, 4, 868.1, -129.615369065, '00:00:00:00:00:02']]"
TX,1010.787849346,291060.0909054,4644021.144592798,1.2,255,12,4,125-24,[]
TX,1010.857502484,287657.24588306,4634329.228364647,1.2,930,12,4,206-13,[]
TX,1010.92017926,293402.68136773,4644178.740018667,1.2,1342,12,4,264-19,[]
TX,1010.999415859,291499.968929018,4650688.051924386,1.2,1023,12,4,223-13,[]
TX,1011.180322733,292941.249016441,4640318.078061047,1.2,1668,12,4,31-7,[]
TX,1011.188255204,292004.245989219,4643704.654347311,1.2,2273,12,4,53-4,[]
TX,1011.207438297,291862.539003314,4641634.299230251,1.2,1764,12,4,326-19,[]
TX,1011.467864575,290552.681630393,4642605.549705503,1.2,596,11,4,159-4,[]
TX,1011.506904702,296463.772971055,4645783.307056306,1.2,907,12,4,202-28,[]
TX,1011.553545751,293039.463482661,4642965.530789386,1.2,2264,12,4,51-5,[]
TX,1011.671039825,289370.76381311,4638054.462692054,1.2,1226,12,4,248-3,[]
TX,1011.726461418,292392.716510983,4643099.298635481,1.2,1718,12,4,318-20,[]
TX,1011.770117747,292273.619021848,4637883.026620509,1.2,993,12,4,22-25,[]
TX,1012.065647993,291237.606034733,4641401.161075416,1.2,2403,8,4,70-6,[]
TX,1012.159593162,292710.976830395,4641834.273702685,1.2,1326,12,4,261-28,[]
TX,1012.169170182,289798.545046208,4643194.006446201,1.2,2385,12,4,7-19,[]
TX,1012.217150858,289253.307424592,4632624.815644151,1.2,633,12,4,163-14,[]
TX,1012.393870776,291998.091221527,4643696.225827938,1.2,2466,12,4,75-24,[]
TX,1012.448420453,290345.319776228,4643842.871249042,1.2,221,12,4,121-20,[]
TX,1012.493743347,293731.260200038,4645335.912814009,1.2,983,12,4,215-27,[]
TX,1012.531346014,290410.69039358,4642323.486132453,1.2,1607,9,4,305-6,[]
TX,1012.722623277,291867.833609919,4642566.920518963,1.2,1321,12,4,261-14,[]
TX,1012.921368476,291879.077986489,4642891.636096745,1.2,2090,12,4,39-14,[]
TX,1012.980576832,290594.696951567,4643069.191731153,1.2,239,11,4,124-20,[]
TX,1013.038621266,289927.510876562,4638012.870145932,1.2,2451,12,4,72-7,[]
TX,1013.153227916,292527.073914935,4642909.413820039,1.2,5,12,4,100-22,[]
TX,1013.214921015,289887.639669505,4638084.343013722,1.2,155,12,4,111-11,[]
TX,1013.243685886,291743.147158036,4641526.603187575,1.2,1776,11,4,330-14,[]
TX,1013.367121196,289237.6721101,4635076.000399748,1.2,1729,12,4,320-26,[]
TX,1013.574377776,292746.989591837,4642041.67375258,1.2,2207,12,4,48-14,[]
TX,1013.582851906,292734.800633911,4642047.308376465,1.2,2649,12,4,96-5,[]
TX,1013.651033931,290873.399558664,4642261.077320823,1.2,152,10,4,110-27,[]
TX,1013.652150255,288573.582342877,4644121.467633232,1.2,855,12,4,197-7,[]
TX,1013.688430241,286697.227860539,4645129.675163341,1.2,1360,12,4,267-12,[]
TX,1013.746124235,286610.384662627,4645008.494717893,1.2,249,12,4,124-7,[]
TX,1013.976951528,290144.58585456,4633648.848384879,1.2,1041,12,4,226-19,[]
TX,1013.977436661,292894.541042494,4640164.177416909,1.2,2213,12,4,48-8,[]
TX,1013.98351923,290530.011801483,4640961.659621131,1.2,325,7,4,131-12,"[['RX_GW', 1014.098514655, 325, 7, 4, 868.1, -113.306550331, '00:00:00:00:00:02']]"
TX,1014.054981116,293794.626307836,4635091.034657412,1.2,992,12,4,22-24,[]
TX,1014.188543385,291236.345215715,4639689.41682558,1.2,478,12,4,148-28,[]
TX,1014.307041351,292818.19491266,4641958.060710093,1.2,2214,12,4,48-9,[]
TX,1014.361739922,290629.941466303,4643061.275615126,1.2,1379,11,4,269-17,[]
TX,1014.476650659,291958.665186316,4643944.181435016,1.2,2464,12,4,75-22,[]
TX,1014.57170246,290732.822158204,4640852.377186217,1.2,1297,7,4,256-4,[]
TX,1014.667604789,292681.823401437,4641796.746164958,1.2,2001,12,4,359-2,[]
TX,1014.669443771,291994.552433407,4643713.582432814,1.2,2609,12,4,91-6,[]
TX,1014.695913573,291020.922291096,4640561.830842352,1.2,592,7,4,159-18,[]
TX,1014.698387632,291719.161782038,4642163.071701624,1.2,645,11,4,163-29,[]
TX,1014.760696742,295000.32141232,4643012.635793876,1.2,1644,10,4,31-1,[]
TX,1014.951568754,285720.573024082,4631731.144036022,1.2,1743,12,4,322-17,[]
TX,1015.020361331,292535.201535043,4642903.291911256,1.2,1946,12,4,351-17,[]
TX,1015.093630042,292083.114315403,4640534.098057489,1.2,247,12,4,124-5,[]
TX,1015.110179625,288114.065050898,4645464.715660908,1.2,2018,12,4,363-10,[]
TX,1015.151209509,278377.17885744,4632472.191066002,1.2,158,12,4,111-24,[]
TX,1015.178757546,275919.795320247,4631824.763644538,1.2,1514,12,4,290-17,[]
TX,1015.223987421,291056.254493563,4644027.847591782,1.2,677,12,4,171-27,[]
TX,1015.345176705,288954.731235938,4642639.142806858,1.2,1427,12,4,274-29,[]
TX,1015.744171453,291228.788761596,4642282.440436172,1.2,1305,11,4,259-21,[]
TX,1015.765503663,288177.663513983,4643892.945542008,1.2,1011,12,4,221-28,[]
TX,1015.836963453,293858.468015679,4645345.007487652,1.2,2573,12,4,85-10,[]
TX,1016.043952103,289308.359626956,4635101.238922347,1.2,977,12,4,215-13,[]
TX,1016.072941973,289833.977376945,4639603.661807771,1.2,1424,9,4,274-2,[]
TX,1016.270565874,283294.783960273,4640432.681824242,1.2,473,12,4,148-23,[]
TX,1016.39176625,294134.785971523,4647404.201876295,1.2,2263,12,4,51-4,[]
TX,1016.409033578,290256.850990016,4636838.648235947,1.2,1518,12,4,290-20,[]
TX,1016.538988648,279973.171477557,4632602.045075886,1.2,501,12,4,150-29,[]
TX,1016.543899376,290057.217716264,4642386.330239623,1.2,952,9,4,21-27,[]
TX,1016.580659776,291253.114848569,4639618.764658411,1.2,804,11,4,19-3,[]
TX,1016.730571722,293514.07093299,4638744.433116042,1.2,661,12,4,167-4,[]
TX,1017.014207396,291396.001159484,4644170.004191924,1.2,1329,12,4,262-10,[]
TX,1017.04052229,292831.42835242,4638819.022906239,1.2,965,12,4,214-18,[]
TX,1017.064794802,291831.733617397,4642566.999800974,1.2,1385,12,4,269-29,[]
TX,1017.092276647,287332.336998516,4634224.443778848,1.2,19,12,4,101-11,[]
TX,1017.462477366,291147.443051506,4642474.804273294,1.2,1252,11,4,253-25,[]
TX,1017.465214697,294131.956356077,4647408.07244968,1.2,2305,12,4,56-5,[]
TX,1017.473785965,292281.28644069,4642025.408454586,1.2,2635,12,4,95-18,[]
TX,1017.58276662,292059.607284288,4640498.416386363,1.2,248,11,4,124-6,[]
TX,1017.728794177,291164.304482626,4641378.118321601,1.2,12,8,4,100-4,[]
TX,1017.806799164,290225.225510461,4641982.351473261,1.2,459,8,4,147-27,[]
TX,1017.920033938,287739.394744844,4634376.747612477,1.2,1865,12,4,339-25,[]
TX,1017.946202903,293366.103844849,4643248.129757118,1.2,1350,12,4,266-11,[]
TX,1018.00023267,290128.810020899,4646762.652423215,1.2,466,12,4,148-14,[]
TX,1018.209725975,295150.146766843,4642726.138589431,1.2,1308,8,4,259-5,"[['RX_GW', 1018.417139343, 1308, 8, 4, 868.1, -124.081176611, '00:00:00:00:00:04']]"
TX,1018.245492301,290588.175987928,4643025.518284152,1.2,343,12,4,137-2,[]
TX,1018.365081597,290359.551166818,4646973.81890256,1.2,1380,12,4,269-18,[]
TX,1018.786462364,289316.178487003,4639772.267356471,1.2,1227,9,4,248-4,[]
TX,1018.917089319,291864.446573812,4642749.959920039,1.2,2657,12,4,97-17,[]
TX,1019.019174316,289221.059916329,4642512.911234252,1.2,54,10,4,103-17,"[['RX_GW', 1019.678685713, 54, 10, 4, 868.1, -132.447628791, '00:00:00:00:00:02']]"
TX,1019.019945496,290626.801097987,4646626.341450239,1.2,2415,12,4,71-2,[]
TX,1019.073578498,293469.672268172,4643342.912114625,1.2,1345,12,4,264-4,[]
TX,1019.131415823,293089.458695616,4643272.013532714,1.2,500,12,4,150-21,[]
TX,1019.163411566,290432.835875706,4635835.166543798,1.2,1942,12,4,349-25,[]
TX,1019.216876401,290757.410350478,4641509.524945472,1.2,105,7,4,109-1,[]
TX,1019.549212768,291049.35530458,4641127.472159305,1.2,185,8,4,115-10,[]
TX,1019.627763364,289025.068147038,4642980.259276798,1.2,250,12,4,125-10,[]
TX,1019.730161442,290757.565921134,4641538.295857835,1.2,276,7,4,128-1,"[['RX_GW', 1019.845158341, 276, 7, 4, 868.1, -120.577160348, '00:00:00:00:00:02']]"
TX,1019.9284331,296578.26993696,4636038.500270008,1.2,2204,12,4,48-11,[]
TX,1019.97675286,289156.660477789,4642510.59388939,1.2,1099,10,4,232-7,"[['RX_GW', 1020.636264342, 1099, 10, 4, 868.1, -132.716641718, '00:00:00:00:00:02']]"
TX,1020.114374955,289321.170856538,4639761.341396545,1.2,1225,9,4,248-21,[]
TX,1020.2800513,291084.55764427,4641025.993243375,1.2,2342,8,4,61-30,[]
TX,1020.5772853,273710.285921354,4630684.461866232,1.2,653,12,4,167-15,[]
TX,1020.899611863,290050.249904692,4642745.277464107,1.2,514,11,4,151-20,"[['RX_GW', 1022.380371505, 514, 11, 4, 868.1, -133.043441754, '00:00:00:00:00:02']]"
TX,1020.911072828,290937.51600505,4641800.381888913,1.2,1595,9,4,305-17,[]
TX,1021.060049538,295117.45664214,4645258.13617897,1.2,2180,12,4,46-7,[]
TX,1021.475670583,292030.801872555,4644001.089934871,1.2,731,12,4,181-23,[]
TX,1021.522525424,292456.440473978,4641535.873137402,1.2,649,12,4,163-6,[]
TX,1021.649063295,299794.012939573,4630301.618550217,1.2,407,12,4,140-17,[]
TX,1022.010038287,289173.48736877,4642115.19554238,1.2,167,10,4,112-20,[]
TX,1022.12258663,289210.411223421,4642067.228336775,1.2,180,9,4,113-14,[]
TX,1022.321535825,294388.736640329,4642860.980739893,1.2,1130,12,4,239-12,[]
TX,1022.465271108,290378.409750251,4641809.109727015,1.2,174,9,4,112-6,[]
TX,1022.503949952,289573.754935193,4642051.340244056,1.2,1553,7,4,298-3,[]
TX,1022.536494891,291959.569332432,4642603.696348237,1.2,1176,12,4,24-7,[]
TX,1022.575309333,289235.407555747,4642501.843385642,1.2,591,10,4,159-17,[]
TX,1022.607371044,290387.443263583,4641814.203111027,1.2,1768,9,4,326-3,[]
TX,1022.670142545,282700.701690979,4639976.41774134,1.2,891,12,4,201-23,[]
TX,1022.731410024,292303.695448512,4642046.822909975,1.2,777,12,4,186-24,[]
TX,1022.746198412,291186.795367426,4639486.115966616,1.2,1167,10,4,24-26,[]
TX,1022.789723919,290615.958489873,4633561.529346278,1.2,954,12,4,211-10,[]
TX,1022.98249973,291068.659768909,4644049.361495889,1.2,1556,12,4,298-7,[]
TX,1023.070695422,289318.874070511,4640851.234356296,1.2,1723,7,4,318-6,[]
TX,1023.073104982,289672.4450365,4643513.36830303,1.2,1509,12,4,29-25,[]
TX,1023.131289351,292733.0812282,4641834.262220281,1.2,750,12,4,182-3,[]
TX,1023.5896992,300311.224706412,4645153.250445187,1.2,331,12,4,131-27,[]
TX,1023.869503607,289225.431327362,4642055.68744182,1.2,2245,9,4,51-11,[]
TX,1024.077736925,290090.107966334,4640909.14307407,1.2,1053,7,4,226-5,[]
TX,1024.103782933,290097.880901743,4640901.015904621,1.2,2038,7,4,367-12,[]
TX,1024.201482055,290649.78109505,4646804.601008025,1.2,2292,12,4,56-13,[]
TX,1024.208196264,291047.787654542,4644029.044830355,1.2,2613,12,4,93-16,[]
TX,1024.21154049,292391.629624938,4637315.526601179,1.2,2286,12,4,55-5,[]
TX,1024.366951502,273702.869382211,4630620.761302737,1.2,191,12,4,115-25,[]
TX,1024.659717605,290336.974985996,4644223.340098202,1.2,1873,12,4,339-7,[]
TX,1024.665652163,292077.473609871,4642838.427109716,1.2,1994,12,4,358-27,[]
TX,1024.682874346,288449.351818445,4642415.264801725,1.2,882,11,4,200-25,[]
TX,1024.92814522,291046.751838559,4639282.515712738,1.2,1985,12,4,358-11,[]
TX,1024.95260084,290984.971655625,4639071.789064263,1.2,1769,10,4,326-4,[]
TX,1025.012726129,291104.714672547,4641505.474452567,1.2,605,10,4,160-3,[]
TX,1025.107938793,295115.555094292,4642715.31086174,1.2,66,8,4,104-18,"[['RX_GW', 1025.315352187, 66, 8, 4, 868.1, -124.202426901, '00:00:00:00:00:04']]"
TX,1025.171061263,295004.103125564,4645940.692096226,1.2,2303,12,4,56-3,[]
TX,1025.448908743,293480.961867953,4638877.360434708,1.2,1636,12,4,309-20,[]
TX,1025.47085124,292306.684268392,4642047.113386167,1.2,235,12,4,124-16,[]
TX,1025.590274096,290377.039434902,4641805.521884812,1.2,146,9,4,110-14,[]
TX,1025.590327254,292330.410436137,4642036.967069737,1.2,244,12,4,124-3,[]
TX,1025.910745176,289949.530084155,4634413.522375301,1.2,1968,12,4,353-6,[]
TX,1025.935852436,273677.394224923,4630624.086317271,1.2,1629,12,4,308-27,[]
TX,1026.082835852,292685.300388133,4641799.176044318,1.2,841,12,4,195-4,[]
TX,1026.240196997,289205.726429366,4642071.358346594,1.2,2584,9,4,87-14,[]
TX,1026.256518899,291175.100630882,4641309.419902246,1.2,1793,8,4,332-12,[]
TX,1026.309651353,292072.890209611,4641807.287439954,1.2,1161,12,4,24-19,[]
TX,1026.325440261,290424.115628029,4641807.125379074,1.2,1062,9,4,229-2,[]
TX,1026.34313116,292488.159664456,4641502.53287843,1.2,1664,12,4,31-30,[]
TX,1026.502143635,291030.89165667,4643996.638774508,1.2,737,12,4,181-5,[]
TX,1026.823752148,274421.175976446,4630773.72164942,1.2,1281,12,4,256-1,[]
TX,1026.824098533,289612.399885682,4643515.31791494,1.2,338,12,4,137-14,[]
TX,1027.057407188,289849.51902183,4645793.602191329,1.2,1278,12,4,254-5,[]
TX,1027.19726613,291007.118540749,4641823.547048255,1.2,2533,9,4,82-3,[]
TX,1027.22369204,292507.751675826,4646141.913354429,1.2,2002,12,4,361-17,[]
TX,1027.260920449,294953.678683771,4646425.254466844,1.2,2625,12,4,93-3,[]
TX,1027.393434671,286834.36053052,4645127.349623019,1.2,2244,12,4,51-10,[]
TX,1027.73748439,289001.432607416,4643782.175632165,1.2,125,12,4,109-3,[]
TX,1027.775678299,291541.397634344,4641655.842437142,1.2,727,10,4,181-19,[]
TX,1027.819371422,273716.593857184,4630616.506161434,1.2,1266,12,4,254-19,[]
TX,1027.82050577,293170.346643959,4640629.526133659,1.2,1432,12,4,275-15,[]
TX,1027.888359042,290864.966913094,4642271.20080424,1.2,2376,10,4,68-21,[]
TX,1027.966870774,289765.093037075,4638515.031426762,1.2,79,12,4,105-21,[]
TX,1028.112463909,292417.312414618,4637356.487926185,1.2,995,12,4,22-27,[]
TX,1028.161454213,291146.643735316,4641371.88421198,1.2,705,8,4,176-10,[]
TX,1028.377522029,290061.364215561,4635354.857630882,1.2,197,12,4,119-12,[]
TX,1028.480237075,294267.149080581,4644148.11787624,1.2,2454,12,4,73-4,[]
TX,1028.579472306,289549.936115722,4642052.389029674,1.2,710,7,4,178-18,[]
TX,1028.847628761,290849.871196526,4642268.151641533,1.2,937,9,4,206-8,"[['RX_GW', 1029.219395703, 937, 9, 4, 868.1, -129.973124105, '00:00:00:00:00:02']]"
TX,1028.962926887,295140.592939673,4642687.528746678,1.2,1711,8,4,317-6,"[['RX_GW', 1029.170340159, 1711, 8, 4, 868.1, -124.914838766, '00:00:00:00:00:04']]"
TX,1029.027236654,290845.90829306,4634701.535874453,1.2,2640,12,4,95-6,[]
TX,1029.361100863,286708.600703643,4645132.550310528,1.2,1361,12,4,267-13,[]
TX,1029.433842984,291060.854444781,4641644.452287279,1.2,939,9,4,209-11,"[['RX_GW', 1029.805608931, 939, 9, 4, 868.1, -128.95058881, '00:00:00:00:00:02']]"
TX,1029.533681651,295139.852212725,4642699.669325691,1.2,2531,8,4,82-27,"[['RX_GW', 1029.741094959, 2531, 8, 4, 868.1, -125.093982538, '00:00:00:00:00:04']]"
TX,1030.019821897,291337.539347269,4641337.894665882,1.2,1468,9,4,284-10,"[['RX_GW', 1030.391588244, 1468, 9, 4, 868.1, -128.025897286, '00:00:00:00:00:02']]"
TX,1030.138840745,290915.436776604,4639987.578630962,1.2,381,10,4,139-22,[]
TX,1030.239683019,289732.204775585,4641843.830907535,1.2,552,7,4,153-7,[]
TX,1030.329630919,293375.583711008,4642686.990240625,1.2,857,12,4,198-11,[]
TX,1030.569217382,293413.898571656,4651102.181123566,1.2,89,12,4,106-25,[]
TX,1030.612005575,271708.003698379,4630738.421300489,1.2,502,12,4,150-3,[]
TX,1030.700084059,292724.988022393,4641840.580922751,1.2,1381,12,4,269-19,[]
TX,1030.881870365,271781.827214728,4630737.541547352,1.2,399,12,4,140-1,[]
TX,1030.899286533,297470.719145138,4641220.627616878,1.2,2248,10,4,51-14,[]
TX,1031.142471637,293577.217949965,4642777.089728673,1.2,1474,12,4,287-13,[]
TX,1031.144819995,284577.451533149,4640504.006981704,1.2,2140,12,4,43-27,[]
TX,1031.166019805,291058.80459331,4639297.780854895,1.2,828,12,4,194-23,[]
TX,1031.318360648,271519.061796735,4630591.222318339,1.2,1386,12,4,269-3,[]
TX,1031.493507631,292678.86742922,4642029.300667235,1.2,820,12,4,190-5,[]
TX,1031.525009985,276068.280606873,4631907.335099814,1.2,1407,12,4,270-7,[]
TX,1031.536480746,286106.368626024,4634508.297604399,1.2,1151,12,4,24-1,[]
TX,1031.553388375,291890.947403387,4641081.686561479,1.2,1632,11,4,309-17,[]
TX,1031.629366892,293772.765735369,4639956.096206466,1.2,1004,12,4,221-12,[]
TX,1031.751012989,291926.433288429,4642871.069686252,1.2,1551,12,4,298-20,[]
TX,1031.756376318,293327.661058389,4642682.274067078,1.2,1313,12,4,260-4,[]
TX,1031.801735226,291918.150847177,4642572.75741012,1.2,122,12,4,109-27,[]
TX,1031.805963656,293597.275167637,4641924.309818795,1.2,531,12,4,152-12,[]
TX,1031.917955958,291092.288276401,4641023.815712848,1.2,806,8,4,19-5,[]
TX,1032.029895794,291188.728724092,4641972.617493613,1.2,169,10,4,112-29,[]
TX,1032.048852343,291125.962803373,4642472.095645245,1.2,879,11,4,200-13,[]
TX,1032.069988081,300731.837886894,4636998.385116791,1.2,2497,12,4,8-15,[]
TX,1032.141707686,273474.911562888,4630146.084995617,1.2,1549,12,4,298-18,[]
TX,1032.218763679,293071.4620983,4642415.059820293,1.2,2646,12,4,96-21,[]
TX,1032.330002014,295665.604132482,4645473.621183684,1.2,281,12,4,128-20,[]
TX,1032.373047431,289771.389456949,4643215.74827363,1.2,542,12,4,153-19,[]
TX,1032.590259419,291829.164050826,4642561.201901759,1.2,1596,12,4,305-18,[]
TX,1032.603887148,290223.185577351,4642586.51545358,1.2,1286,10,4,256-16,[]
TX,1032.635073347,290405.570604364,4643406.9156509,1.2,1511,12,4,29-28,[]
TX,1032.691362798,293705.752856249,4640664.719277075,1.2,1019,12,4,222-28,[]
TX,1032.839240537,291748.109034051,4639642.461767052,1.2,2490,12,4,79-19,[]
TX,1032.902572407,291654.8337533,4643920.368538493,1.2,207,12,4,12-2,[]
TX,1033.039987905,291398.041978157,4642093.082952793,1.2,603,12,4,160-20,[]
TX,1033.165208462,290981.546525949,4644068.554336274,1.2,23,12,4,101-15,[]
TX,1033.302272045,273651.752845441,4630678.903787633,1.2,2120,12,4,42-10,[]
TX,1033.407455788,291828.821079655,4642553.020322371,1.2,818,12,4,190-30,[]
TX,1033.437414566,286373.809036846,4640680.68145902,1.2,659,12,4,167-21,[]
TX,1033.463579469,292549.062238951,4641743.495736501,1.2,441,12,4,145-12,[]
TX,1033.917206068,292158.329717043,4643654.06215123,1.2,1880,12,4,340-17,[]
TX,1033.928687909,292809.61856304,4641971.978464622,1.2,913,12,4,203-27,[]
TX,1034.021543649,290418.607434458,4647179.82969543,1.2,1561,12,4,3-14,[]
TX,1034.214783622,291988.942607137,4643707.784905463,1.2,2605,12,4,91-3,[]
TX,1034.367863503,289323.083130754,4634318.057530226,1.2,1448,12,4,28-10,[]
TX,1034.506524353,289858.836613594,4642400.320398977,1.2,1159,10,4,24-17,"[['RX_GW', 1035.166034855, 1159, 10, 4, 868.1, -132.529913079, '00:00:00:00:00:02']]"
TX,1034.698912672,286692.697264831,4641469.56587187,1.2,2015,12,4,362-3,[]
TX,1034.973695991,290736.95602104,4642896.201400861,1.2,1332,11,4,262-24,[]
TX,1035.147286468,289328.223354026,4639756.33582446,1.2,148,9,4,110-23,[]
TX,1035.152579029,291544.068182502,4636530.375162069,1.2,539,12,4,153-1,[]
TX,1035.230807385,288599.989395998,4639318.860988398,1.2,1218,12,4,246-26,[]
TX,1035.28407282,290507.382280774,4640912.272573239,1.2,2152,7,4,44-27,[]
TX,1035.40776204,294977.751192056,4642712.883334811,1.2,1479,8,4,287-20,[]
TX,1035.40810075,290047.066968662,4637283.232524816,1.2,1856,12,4,339-12,[]
TX,1035.445023974,291991.600664037,4643709.001144945,1.2,2459,12,4,75-13,[]
TX,1035.446016735,291962.246853529,4642598.217320222,1.2,822,12,4,190-7,[]
TX,1035.530625388,290667.693078799,4641300.55724154,1.2,252,7,4,125-12,[]
TX,1035.598488923,291954.234226352,4640724.553380792,1.2,678,12,4,171-28,[]
TX,1035.643820425,298542.273734282,4644229.263405648,1.2,2105,12,4,40-26,[]
TX,1035.741769079,273671.380258207,4630688.429171583,1.2,2133,12,4,43-15,[]
TX,1035.743042419,275230.965863552,4631337.098138867,1.2,1861,12,4,339-19,[]
TX,1035.798075427,295917.640377083,4646634.157791417,1.2,499,12,4,150-20,[]
TX,1035.859726541,273680.67590403,4630649.459010063,1.2,624,12,4,162-30,[]
TX,1035.861991725,290213.966589571,4643840.405637734,1.2,2582,12,4,87-12,[]
TX,1035.901422245,288954.936402812,4642640.606960081,1.2,1170,12,4,24-29,[]
TX,1035.982425573,292541.539769488,4644010.882656612,1.2,10,12,4,100-28,[]
TX,1036.01202279,292259.42329732,4641677.06560498,1.2,643,12,4,163-27,[]
TX,1036.137282191,289302.320584725,4634320.350671729,1.2,498,12,4,150-19,[]
TX,1036.225011723,292855.90455083,4641917.347514286,1.2,723,12,4,181-12,[]
TX,1036.496256337,291007.108044095,4639063.46006272,1.2,598,12,4,159-6,[]
TX,1036.728951305,291250.106584169,4641268.230370322,1.2,2408,9,4,71-12,[]
TX,1036.881752326,292551.017470021,4642604.576238321,1.2,26,12,4,101-18,[]
TX,1037.043015646,290633.251945661,4640858.598892403,1.2,1690,7,4,311-6,[]
TX,1037.100781932,291553.989747611,4639913.756012587,1.2,949,10,4,21-24,[]
TX,1037.311455697,291233.93060581,4640396.290694274,1.2,1563,10,4,3-25,[]
TX,1037.377834221,290743.107945857,4642915.089821688,1.2,1601,11,4,305-24,[]
TX,1037.424359075,299751.974516209,4630064.116135372,1.2,1625,12,4,308-23,[]
TX,1037.599888329,292404.361277809,4644049.25842123,1.2,38,12,4,101-5,[]
TX,1037.606563021,292440.459057442,4637377.477086051,1.2,1650,12,4,31-15,[]
TX,1037.696598892,291746.978784088,4642138.524710997,1.2,2169,11,4,46-15,[]
TX,1037.713895185,293135.112241708,4640635.261666798,1.2,563,12,4,155-4,[]
TX,1037.804555999,293248.617607241,4640219.551373654,1.2,1665,12,4,31-4,[]
TX,1037.810336557,288715.385184731,4649905.678783283,1.2,1695,12,4,315-19,[]
TX,1038.044221596,291832.530927071,4642558.153195075,1.2,1325,12,4,261-27,[]
TX,1038.154347457,293407.819575201,4646148.149665352,1.2,307,12,4,130-18,[]
TX,1038.177993829,273708.260640039,4630665.963199375,1.2,1858,12,4,339-14,[]
TX,1038.195913462,290257.776563974,4641442.205452863,1.2,689,7,4,173-23,"[['RX_GW', 1038.310909001, 689, 7, 4, 868.1, -112.760850983, '00:00:00:00:00:02']]"
TX,1038.200347531,290791.553193916,4644245.639427321,1.2,1079,12,4,231-22,[]
TX,1038.206265261,296141.813659317,4642875.637764729,1.2,837,8,4,195-19,[]
TX,1038.210375908,292287.680582107,4642030.426327522,1.2,489,12,4,149-18,[]
TX,1038.430546566,290856.172957214,4642271.797496496,1.2,650,10,4,163-7,"[['RX_GW', 1039.09005754, 650, 10, 4, 868.1, -130.047693252, '00:00:00:00:00:02']]"
TX,1038.467625861,291941.852572772,4642573.061465666,1.2,2664,12,4,97-24,[]
TX,1038.591146129,289641.965414716,4643506.091265819,1.2,791,12,4,187-5,[]
TX,1038.596552823,292082.541311959,4642720.350727405,1.2,2394,12,4,70-17,[]
TX,1038.706662451,289840.681043943,4638492.098591449,1.2,1050,12,4,226-28,[]
TX,1038.713767215,292440.017346876,4651424.419246849,1.2,2405,12,4,71-1,[]
TX,1038.795480787,293278.557113816,4647673.58275428,1.2,1957,12,4,353-17,[]
TX,1039.036419999,273666.962785184,4630694.702466395,1.2,1745,12,4,322-20,[]
TX,1039.062937026,291067.7993275,4644047.004209157,1.2,58,12,4,103-29,[]
TX,1039.292686741,290553.419630382,4643018.466776803,1.2,417,12,4,140-28,[]
TX,1039.517580757,293854.605322092,4642880.149234818,1.2,314,12,4,130-26,[]
TX,1039.600112215,292000.114238247,4642605.021523372,1.2,2042,12,4,367-18,[]
TX,1039.62208421,273862.664678328,4630372.261182178,1.2,863,12,4,198-24,[]
TX,1039.661008645,295272.097719994,4645393.812826773,1.2,2189,12,4,47-19,[]
TX,1039.808958136,287913.588829317,4643992.104073918,1.2,1712,12,4,317-7,[]
TX,1040.165271837,291119.393493657,4641451.739875894,1.2,2384,9,4,7-18,[]
TX,1040.590984811,294851.61192075,4648223.899298502,1.2,2622,12,4,93-27,[]
TX,1040.657101384,271619.878772,4630653.602698398,1.2,1265,12,4,254-18,[]
TX,1040.950746389,299743.526040262,4630057.130591389,1.2,2444,12,4,72-26,[]
TX,1041.033068928,292840.821075198,4634974.417832488,1.2,1659,12,4,31-26,[]
TX,1041.293657284,290742.277982679,4641517.348711411,1.2,1923,7,4,347-9,[]
TX,1041.300359557,292260.48099695,4637838.799848117,1.2,934,12,4,206-26,[]
TX,1041.408689727,292665.85026786,4641810.599549893,1.2,1437,12,4,275-2,[]
TX,1041.494673398,292910.067032914,4643894.703914695,1.2,763,12,4,185-19,[]
TX,1041.704098354,291879.878861342,4642565.902385029,1.2,347,12,4,137-25,[]
TX,1041.714866192,291845.400197166,4642567.691106414,1.2,2016,12,4,362-6,[]
TX,1041.896231108,292057.537804287,4642932.206794156,1.2,2004,12,4,361-19,[]
TX,1042.028483686,291507.075394589,4641315.761606283,1.2,1046,10,4,226-24,[]
TX,1042.046998925,296588.377565604,4649222.690531947,1.2,1728,12,4,320-25,[]
TX,1042.167408591,290365.783919889,4643400.794162486,1.2,487,12,4,149-15,[]
TX,1042.195886206,292092.305582764,4643503.867501352,1.2,497,12,4,150-18,[]
TX,1042.233180754,291067.5607661,4644021.788193241,1.2,2419,12,4,71-25,[]
TX,1042.248052213,271970.779289263,4630378.607888654,1.2,1872,12,4,339-6,[]
TX,1042.270381791,289232.215750993,4642043.525883287,1.2,2526,10,4,82-22,[]
TX,1042.328364498,293391.375389587,4642712.749549268,1.2,1248,12,4,253-12,[]
TX,1042.44695317,291048.180878141,4644064.58409594,1.2,211,12,4,12-3,[]
TX,1042.485467405,291901.110103563,4642889.733189389,1.2,2638,12,4,95-21,[]
TX,1042.513924364,290643.98878283,4646625.611354607,1.2,2418,12,4,71-24,[]
TX,1042.531652982,291146.485467229,4642476.482681469,1.2,1249,11,4,253-13,[]
TX,1042.538181811,293153.404940481,4643867.957906502,1.2,2630,12,4,93-7,[]
TX,1042.574912522,273654.775418131,4630682.103526034,1.2,1975,12,4,357-17,[]
TX,1042.781504354,294314.795137487,4644190.181450591,1.2,1191,12,4,244-10,[]
TX,1042.954247655,292290.744314728,4642043.473642283,1.2,387,12,4,14-15,[]
TX,1043.008979569,292231.088869198,4641936.686198265,1.2,1282,12,4,256-10,[]
TX,1043.208198217,290502.637341201,4640894.143316097,1.2,1233,7,4,249-20,[]
TX,1043.273137741,291851.787917338,4636812.585409105,1.2,251,12,4,125-11,[]
TX,1043.434491567,290532.924452737,4641087.362748431,1.2,1034,7,4,226-10,[]
TX,1043.527760624,288756.258002246,4642560.431272484,1.2,2587,11,4,87-26,[]
TX,1043.571593548,293333.030636534,4644274.612526228,1.2,1054,12,4,226-6,[]
TX,1043.596967638,291887.034029686,4642544.708591057,1.2,245,12,4,124-30,[]
TX,1043.81004245,290047.525631174,4643395.118672165,1.2,475,12,4,148-25,[]
TX,1043.862978446,286378.061839879,4634546.158832106,1.2,2330,12,4,60-14,[]
TX,1044.150473726,291068.514851297,4644042.133352234,1.2,328,12,4,131-24,[]
TX,1044.251489305,289582.229969931,4642419.500634958,1.2,1600,10,4,305-21,[]
TX,1044.261231552,286969.552668713,4641223.055154538,1.2,1384,12,4,269-21,[]
TX,1044.413292012,273646.535832422,4630653.922159027,1.2,1183,12,4,241-25,[]
TX,1044.517825579,291745.470712419,4641532.793196065,1.2,2074,11,4,371-21,[]
TX,1044.528491601,291065.142319222,4644021.566458747,1.2,1703,12,4,317-16,[]
TX,1044.566822326,293266.254269593,4639496.567794495,1.2,1504,12,4,29-11,[]
TX,1044.599505148,292983.380063234,4642137.124947787,1.2,427,12,4,141-14,[]
TX,1044.622683458,290199.138205569,4635363.042071066,1.2,1835,12,4,336-3,[]
TX,1044.645500695,296485.760422325,4642595.872599384,1.2,440,9,4,145-11,"[['RX_GW', 1045.01726615, 440, 9, 4, 868.1, -127.920087694, '00:00:00:00:00:04']]"
TX,1044.685150477,290800.474787165,4638092.239714952,1.2,469,12,4,148-19,[]
TX,1044.901470092,291672.249174831,4639960.330632668,1.2,509,12,4,151-12,[]
TX,1045.089251137,294147.491868821,4647420.980687314,1.2,93,12,4,107-10,[]
TX,1045.327099858,291729.132624938,4642819.50035732,1.2,892,12,4,201-24,[]
TX,1045.649863362,291139.839372677,4642369.784286067,1.2,1670,11,4,310-17,[]
TX,1045.76072125,297659.980539848,4640358.076562981,1.2,2032,12,4,363-29,[]
TX,1045.781762902,292134.073846336,4644177.329061842,1.2,62,12,4,103-5,[]
TX,1045.934090711,291835.387607605,4642558.960470539,1.2,2486,12,4,76-8,[]
TX,1045.951460513,292232.024747068,4638043.553433414,1.2,546,12,4,153-29,[]
TX,1045.997698443,293315.678656982,4640121.818522926,1.2,1017,12,4,222-24,[]
TX,1046.257389773,290512.880999554,4642302.493349995,1.2,2421,10,4,71-27,[]
TX,1046.374971614,273659.055837751,4630685.778282046,1.2,2124,12,4,42-14,[]
TX,1046.516714538,293469.545577572,4642640.772223022,1.2,355,12,4,137-5,[]
TX,1046.565138354,294546.222591623,4639190.442241516,1.2,2119,12,4,41-9,[]
TX,1046.748382477,291826.000883515,4642550.717956425,1.2,492,12,4,149-5,[]
TX,1046.750959426,287888.446655143,4630918.792930502,1.2,1451,12,4,28-13,[]
TX,1046.863765196,291786.108997061,4641037.354795654,1.2,2066,11,4,369-18,[]
TX,1046.881273202,289957.48628718,4634382.838490419,1.2,712,12,4,178-3,[]
TX,1047.046749804,292280.448679345,4637823.035843826,1.2,1423,12,4,274-18,[]
TX,1047.076248791,271625.856499389,4630692.131935198,1.2,2153,12,4,44-28,[]
TX,1047.426081582,291771.797265395,4642535.636356327,1.2,1555,12,4,298-5,[]
TX,1047.539268955,281276.200844061,4632714.688274989,1.2,1420,12,4,274-11,[]
TX,1047.613433404,291995.951467236,4643715.636296961,1.2,1303,12,4,259-19,[]
TX,1047.647156107,291797.510778505,4648681.124024121,1.2,1705,12,5,317-18,[]
TX,1047.703294686,291619.169880899,4644621.33977396,1.2,164,12,4,112-18,[]
TX,1047.712809337,291856.922814041,4642580.82192385,1.2,1122,12,4,237-9,[]
TX,1047.721840181,294048.764437836,4640169.08408458,1.2,1983,12,4,357-7,[]
TX,1047.791123446,292699.699313424,4637170.995407961,1.2,1639,12,4,309-3,[]
TX,1047.873341636,295123.311574149,4642692.795688882,1.2,613,8,4,162-13,[]
TX,1047.87420051,273731.797105944,4630606.660892758,1.2,1264,12,4,254-17,[]
TX,1048.116216501,291747.547328342,4639700.647508397,1.2,641,12,4,163-25,[]
TX,1048.388888575,294509.275256264,4650901.227713665,1.2,1680,12,4,310-6,[]
TX,1048.583022442,293707.319807345,4645350.434593919,1.2,308,12,4,130-19,[]
TX,1048.675380779,290526.759591645,4642028.61420786,1.2,2604,7,4,91-29,[]
TX,1048.687846226,292258.135800844,4642090.560355728,1.2,1369,12,4,268-20,[]
TX,1048.70363061,283104.297386314,4640466.788283363,1.2,2143,12,4,43-5,[]
TX,1048.825525812,291987.166400112,4643709.769080434,1.2,2003,12,4,361-18,[]
TX,1049.069556682,290653.814226871,4646001.611756837,1.2,1724,12,4,318-7,[]
TX,1049.107092637,292526.9667101,4642908.785894434,1.2,2606,12,4,91-30,[]
TX,1049.66859736,283112.097135286,4632877.167433365,1.2,1123,12,4,238-10,[]
TX,1049.756418079,288398.261441804,4642857.102842131,1.2,1973,12,4,356-8,[]
TX,1049.776287376,288951.809560165,4638553.215644935,1.2,75,12,4,105-17,[]
TX,1050.001010413,291892.945467571,4642569.501416934,1.2,2595,12,4,88-26,[]
TX,1050.162772834,293936.240589705,4642268.059625885,1.2,2253,11,4,51-19,"[['RX_GW', 1051.64353253, 2253, 11, 4, 868.1, -134.984669369, '00:00:00:00:00:04']]"
TX,1050.220827337,289679.992071681,4638755.207820807,1.2,1761,12,4,326-16,[]
TX,1050.707471967,291282.535334096,4642388.328955376,1.2,1519,12,4,290-21,[]
TX,1050.809136081,291045.264186053,4644018.841568043,1.2,320,12,4,130-7,[]
TX,1050.872709372,302219.825184154,4658274.074989327,1.2,2498,12,4,8-16,[]
TX,1051.024035382,291138.060198016,4641375.325970914,1.2,1316,8,4,260-7,[]
TX,1051.03368062,291732.606079411,4642153.613520225,1.2,1156,11,4,24-14,[]
TX,1051.103765244,291202.525026693,4641292.457045177,1.2,145,8,5,110-13,[]
TX,1051.230906694,289167.654818809,4643759.757739036,1.2,695,12,4,174-19,[]
TX,1051.368756427,290256.892401734,4636466.632155648,1.2,332,12,4,131-8,[]
TX,1051.538048483,295139.850733629,4642759.172443694,1.2,2665,8,4,97-25,[]
TX,1051.601438498,292003.686216308,4641733.570200454,1.2,240,12,4,124-21,[]
TX,1051.612711694,292306.771367452,4641763.347511946,1.2,3,12,4,100-14,[]
TX,1051.681982897,291234.85050577,4641248.42009342,1.2,81,9,4,105-4,[]
TX,1051.810480533,271550.372497142,4630583.081271289,1.2,1262,12,4,254-15,[]
TX,1051.840918382,286965.357563635,4632830.478593714,1.2,709,12,4,178-17,[]
TX,1052.569408917,273705.254280754,4630697.49662098,1.2,2069,12,4,369-21,[]
TX,1052.614451546,292725.971483995,4638209.700854815,1.2,1457,12,4,281-20,[]
TX,1052.842817889,274344.417647128,4630707.522842484,1.2,1726,12,4,320-13,[]
TX,1052.986542733,293117.716145337,4642325.094180862,1.2,1895,12,4,341-19,[]
TX,1053.019437117,289178.720794256,4642512.269166972,1.2,960,10,4,211-26,"[['RX_GW', 1053.678948572, 960, 10, 4, 868.1, -132.630933734, '00:00:00:00:00:02']]"
TX,1053.109496491,292049.836800009,4641782.711884897,1.2,231,12,4,124-10,[]
TX,1053.195955234,290960.387493915,4640373.629716108,1.2,351,9,4,137-29,[]
TX,1053.286266116,289045.804532814,4641829.906220306,1.2,1965,9,4,353-30,[]
TX,1053.296884923,292719.639976681,4641848.192596219,1.2,401,12,4,140-11,[]
TX,1053.441574024,287551.59134016,4634273.944581852,1.2,2121,12,4,42-11,[]
TX,1053.737605561,289360.360315741,4634604.638757222,1.2,275,12,4,127-7,[]
TX,1053.990055231,293386.58026334,4644741.75725556,1.2,2306,12,4,56-6,[]
TX,1054.001874545,297395.10743754,4646268.132572186,1.2,1773,12,4,330-10,[]
TX,1054.151166756,292484.196911796,4641897.242463578,1.2,1319,12,4,261-12,[]
TX,1054.233232041,271651.026021525,4630703.665567338,1.2,1273,12,4,254-28,[]
TX,1054.310986749,292543.084015221,4641964.209016716,1.2,1145,12,4,239-4,[]
TX,1054.374981348,294243.958557919,4641269.834450219,1.2,2551,8,4,84-13,[]
TX,1054.937310111,290452.180847136,4645156.892846064,1.2,1928,12,4,348-3,[]
TX,1054.94398333,289621.708929868,4650896.937798221,1.2,617,12,4,162-2,[]
TX,1055.072774081,292054.96827915,4640536.505320763,1.2,117,12,4,109-20,[]
TX,1055.101235924,273706.508094645,4630640.681689058,1.2,675,12,4,171-25,[]
TX,1055.297224575,286579.085642717,4631590.61161461,1.2,198,12,4,119-13,[]
TX,1055.317955498,292521.12438629,4642899.928576112,1.2,2407,12,4,71-11,[]
TX,1055.32133246,291099.302657266,4642470.06245345,1.2,2276,11,4,53-7,[]
TX,1055.476158351,291153.214595616,4641290.295681386,1.2,871,8,4,199-14,[]
TX,1055.556703845,297981.62132194,4643774.934723926,1.2,1112,12,4,237-11,[]
TX,1055.626682235,289232.428870276,4642065.871492141,1.2,2078,9,4,371-25,[]
TX,1055.927805049,289334.131971575,4639770.651924444,1.2,2037,9,4,367-11,[]
TX,1056.047324571,292521.380203699,4642490.2976879,1.2,570,12,4,157-20,[]
TX,1056.064064084,289564.050619906,4645809.565476726,1.2,1819,12,4,334-4,[]
TX,1056.149920339,295151.158549354,4642738.917830718,1.2,472,8,4,148-22,"[['RX_GW', 1056.357333743, 472, 8, 4, 868.1, -124.253579559, '00:00:00:00:00:04']]"
TX,1056.224660357,293202.692461622,4643112.0668503,1.2,2569,12,4,84-4,[]
TX,1056.281177638,272785.497221986,4629715.071661398,1.2,2126,12,4,42-25,[]
TX,1056.408539802,291694.538472021,4642122.863123261,1.2,554,11,4,155-17,[]
TX,1056.428124321,297463.037258148,4646303.779987921,1.2,2197,12,4,47-3,[]
TX,1056.493628747,289947.654927607,4634411.145161836,1.2,1843,12,4,337-12,[]
TX,1056.506203782,291098.41053157,4640098.665070073,1.2,1674,9,4,310-20,[]
TX,1056.891840212,293709.904497642,4645352.966592423,1.2,2177,12,4,46-3,[]
TX,1056.894796822,288216.092594152,4645040.127388356,1.2,2409,12,4,71-13,[]
TX,1056.99935483,290684.165782242,4642028.61073078,1.2,2449,9,4,72-5,[]
TX,1057.054610264,291035.049916726,4641942.847999618,1.2,176,9,4,113-10,[]
TX,1057.073291577,291040.678531409,4644010.629712974,1.2,2502,12,4,8-20,[]
TX,1057.144513997,291977.664445823,4643700.662365261,1.2,845,12,4,197-15,[]
TX,1057.192760603,297315.03120455,4646240.239396235,1.2,108,12,4,109-12,[]
TX,1057.319955023,291842.825930239,4642548.893630323,1.2,2021,12,4,363-15,[]
TX,1057.334616233,290425.196963827,4641315.17465534,1.2,1673,7,4,310-2,[]
TX,1057.370413711,290227.043558268,4640222.745256297,1.2,44,7,4,102-19,[]
TX,1057.427885244,290859.74305146,4642314.614007645,1.2,1497,10,4,288-19,[]
TX,1057.434210341,291831.099391927,4640757.688236099,1.2,1798,12,4,332-21,[]
TX,1057.621989892,290483.188844179,4642103.869825883,1.2,484,9,4,148-8,"[['RX_GW', 1057.993755762, 484, 9, 4, 868.1, -129.017277463, '00:00:00:00:00:02']]"
TX,1057.65376152,291209.524375109,4639555.728952271,1.2,1055,10,4,226-7,[]
TX,1057.969236567,285132.516505592,4640756.296986009,1.2,2145,12,4,43-7,[]
TX,1058.014646577,291478.924744002,4642480.592340323,1.2,2064,12,4,368-6,[]
TX,1058.027238747,289949.48349911,4634415.09091723,1.2,1498,12,4,288-20,[]
TX,1058.059483282,273686.108545329,4630642.793858744,1.2,835,12,4,194-9,[]
TX,1058.073075533,287828.039981946,4638410.069381644,1.2,395,12,4,14-4,[]
TX,1058.49000803,285658.471942864,4641257.8258507,1.2,2320,12,4,58-4,[]
TX,1058.516949857,291001.210160282,4639047.274653632,1.2,1658,11,4,31-24,[]
TX,1058.57506685,289758.553913568,4641814.987084102,1.2,2312,7,4,57-26,[]
TX,1058.698140927,289219.82183225,4642058.894359552,1.2,306,9,4,130-17,[]
TX,1058.740668046,290322.691262087,4643606.05864206,1.2,1066,12,4,229-4,[]
TX,1058.76801475,290768.471216118,4644491.732801907,1.2,1714,12,4,318-16,[]
TX,1058.932998946,288390.145575128,4637032.197580886,1.2,2109,12,4,41-11,[]
TX,1059.220326376,290263.900458906,4644140.051957217,1.2,2274,12,4,53-5,[]
TX,1059.243513356,289429.443366108,4645441.960988898,1.2,1945,12,4,349-5,[]
TX,1059.410716943,293657.982923029,4643436.556421742,1.2,1344,12,4,264-3,[]
TX,1059.584320776,291009.509565415,4641193.914798936,1.2,2226,7,4,50-16,[]
TX,1059.634321049,293488.066071606,4646177.605087996,1.2,544,12,4,153-20,[]
TX,1059.764975514,291956.898681219,4641706.181331038,1.2,1027,12,4,223-24,[]
TX,1059.809515893,292323.903953919,4637558.552406447,1.2,1857,12,4,339-13,[]
TX,1059.858186402,292574.577100746,4643834.501883098,1.2,726,12,4,181-18,[]
TX,1060.223342565,272036.562422025,4630561.333225049,1.2,981,12,4,215-24,[]
TX,1060.662640177,289959.867365048,4642888.47902026,1.2,2653,12,4,97-11,[]
TX,1060.812865128,287998.282032092,4634555.603299226,1.2,201,12,4,119-24,[]
TX,1060.843586691,289849.472575252,4641746.33016436,1.2,1559,7,4,3-12,[]
TX,1060.892319363,287008.344052035,4641197.394869427,1.2,2375,12,4,68-20,[]
TX,1060.958263722,291981.301306386,4641599.729787339,1.2,831,11,4,194-26,[]
TX,1061.041733106,293258.183693698,4639493.374353414,1.2,1506,12,4,29-13,[]
TX,1061.100161889,292153.787821643,4643641.086584479,1.2,2563,12,4,84-26,[]
TX,1061.163776126,294165.052220906,4644024.906435557,1.2,2255,12,4,51-20,[]
TX,1061.314759366,273718.787564321,4630662.031793295,1.2,1579,12,4,303-12,[]
TX,1061.58090113,291950.021711879,4641429.152295389,1.2,2414,11,4,71-19,[]
TX,1061.773161451,273654.638403674,4630682.220540867,1.2,2127,12,4,42-26,[]
TX,1061.882516641,273707.321388741,4630655.045957102,1.2,1294,12,4,256-26,[]
TX,1061.929289398,290595.2382319,4647687.024558292,1.2,1250,12,4,253-14,[]
TX,1062.13622195,291897.781200201,4642572.049181908,1.2,2398,12,4,70-20,[]
TX,1062.270975822,288863.671457285,4640086.906779204,1.2,2045,10,4,367-21,[]
TX,1062.363119901,299512.332470586,4635070.88957251,1.2,2501,12,4,8-19,[]
TX,1062.364451724,290448.832283982,4642886.610261976,1.2,2506,12,4,8-5,[]
TX,1062.384614704,290273.615846062,4644088.636551972,1.2,2242,12,4,50-7,[]
TX,1062.484595514,291925.587393796,4642583.110365065,1.2,1993,12,4,358-25,[]
TX,1062.73033806,290493.201799744,4643393.983959308,1.2,2443,12,4,72-25,[]
TX,1062.743340395,290558.070030167,4640844.857404383,1.2,1331,7,4,262-14,[]
TX,1062.772553727,291995.241686102,4643701.758611935,1.2,1117,12,4,237-25,[]
TX,1062.868224213,291948.92588927,4643913.029211504,1.2,697,12,4,174-21,[]
TX,1062.933673385,288253.720884166,4642885.187244607,1.2,915,12,4,204-10,[]
TX,1062.966992837,290423.941628123,4645995.173684135,1.2,2413,12,4,71-18,[]
TX,1063.241011442,290080.358182882,4642402.652561435,1.2,1400,9,4,270-23,[]
TX,1063.28738945,290991.624198193,4639056.104528394,1.2,2224,11,4,50-14,[]
TX,1063.337713525,284714.474853906,4633021.086415877,1.2,1741,12,4,321-5,[]
TX,1063.532637699,292113.289967516,4642603.611536713,1.2,162,12,4,112-1,[]
TX,1063.555713619,291515.329224187,4642437.707610273,1.2,112,12,4,109-16,[]
TX,1063.56233587,287761.949725681,4645626.112182329,1.2,1952,12,4,351-4,[]
TX,1063.639703167,290745.227538425,4642998.490704298,1.2,2642,12,4,96-17,[]
TX,1063.682038922,292293.494337187,4642053.354415664,1.2,208,12,4,12-20,[]
TX,1063.737813947,291054.121972226,4641707.824364015,1.2,1460,9,4,282-18,[]
TX,1063.821873753,291162.991373794,4641343.517489795,1.2,282,8,4,128-21,[]
TX,1063.844304162,291037.119318897,4644006.296747221,1.2,279,12,4,128-19,[]
TX,1063.93638155,288860.772197475,4634631.501204059,1.2,1389,12,4,269-5,[]
TX,1063.963859159,291097.810104101,4641078.045542709,1.2,916,8,4,204-11,[]
TX,1064.011728269,291411.129172798,4641310.1463202,1.2,1578,9,4,301-28,[]
TX,1064.372483452,290477.955024298,4640751.58332477,1.2,2328,7,4,60-12,[]
TX,1064.596888513,296459.174997003,4643399.106771789,1.2,2438,10,4,72-18,"[['RX_GW', 1065.256400211, 2438, 10, 4, 868.1, -132.586146642, '00:00:00:00:00:04']]"
TX,1064.642997348,290644.128887316,4641958.882350454,1.2,602,9,4,160-2,[]
TX,1064.651886845,289901.957460726,4638116.624526308,1.2,2556,12,4,84-18,[]
TX,1064.828384935,289035.067245218,4636699.572622675,1.2,2557,12,4,84-19,[]
TX,1065.094047768,292964.283043563,4643245.608676561,1.2,2122,12,4,42-12,[]
TX,1065.138612089,290845.71680877,4642271.206606609,1.2,2377,9,4,68-29,[]
TX,1065.245411966,292817.64073376,4642792.296310446,1.2,270,12,4,127-21,[]
TX,1065.459106519,291370.634338797,4634631.073687657,1.2,814,12,4,190-20,[]
TX,1065.713265519,286710.563231685,4641250.129977729,1.2,206,12,4,12-18,[]
TX,1065.872931462,292529.282919493,4642901.311519611,1.2,1378,12,4,269-16,[]
TX,1066.076877,291742.242334052,4642829.847642686,1.2,319,12,4,130-6,[]
TX,1066.095635647,273661.949226864,4630645.587324668,1.2,2496,12,4,79-7,[]
TX,1066.095674134,290647.135967316,4646621.939415475,1.2,1311,12,4,260-20,[]
TX,1066.100757577,295119.713708968,4642715.55076569,1.2,2529,8,4,82-25,"[['RX_GW', 1066.308170964, 2529, 8, 4, 868.1, -124.172275041, '00:00:00:00:00:04']]"
TX,1066.239452539,288534.300009875,4633826.662402487,1.2,1911,12,4,344-6,[]
TX,1066.515680049,288324.81848695,4634905.337471486,1.2,2358,12,4,66-4,[]
TX,1066.727748641,289323.701947057,4639756.742696353,1.2,1368,9,4,268-18,"[['RX_GW', 1067.099514525, 1368, 9, 4, 868.1, -128.07863912, '00:00:00:00:00:02']]"
TX,1066.814148202,295137.712822262,4642747.732880875,1.2,2235,8,4,50-28,"[['RX_GW', 1067.021561653, 2235, 8, 4, 868.1, -124.477800399, '00:00:00:00:00:04']]"
TX,1066.860185285,291845.547280362,4642564.474703725,1.2,686,12,4,172-6,[]
TX,1067.264770428,292249.075917129,4638672.469538365,1.2,2661,12,4,97-21,[]
TX,1067.45817881,299554.417453645,4609648.490585335,1.2,989,12,4,22-12,[]
TX,1067.522145729,290340.74296574,4643347.562247678,1.2,1404,12,4,270-3,[]
TX,1067.99007696,293196.588730343,4640470.900954204,1.2,842,12,4,195-5,[]
TX,1067.995099964,289571.395943263,4642606.287524308,1.2,2445,11,4,72-27,[]
TX,1068.054733302,271916.757183507,4630650.536044974,1.2,543,12,4,153-2,[]
TX,1068.056774787,293700.896567354,4645351.206192552,1.2,2178,12,4,46-5,[]
TX,1068.086944382,294174.41472211,4642782.983994045,1.2,84,11,4,106-12,[]
TX,1068.348772108,290496.496020012,4640648.574595254,1.2,278,7,4,128-18,[]
TX,1068.353405423,292437.569038295,4643482.919652383,1.2,1016,12,4,222-14,[]
TX,1068.420547866,290674.483935015,4641292.240580315,1.2,1120,7,4,237-28,[]
TX,1068.498676287,292002.099195538,4643694.490609027,1.2,363,12,4,138-23,[]
TX,1068.550982858,283190.072153549,4648156.633715502,1.2,2500,12,4,8-18,[]
TX,1068.71310488,293850.387453133,4646613.029146686,1.2,635,12,4,163-17,[]
TX,1068.749836298,290299.913979201,4642184.831224496,1.2,1568,10,4,301-11,[]
TX,1068.949206633,292346.357464927,4641538.991832881,1.2,1594,12,4,305-16,[]
TX,1069.016931978,291300.932030267,4642390.883694911,1.2,1517,12,4,290-2,[]
TX,1069.167892085,291117.821537892,4644571.718474999,1.2,1817,12,4,334-21,[]
TX,1069.205516128,294802.011259876,4644851.931775229,1.2,508,12,4,151-11,[]
TX,1069.234783338,288486.950261205,4635158.866754324,1.2,1842,12,4,337-11,[]
TX,1069.268145094,279367.414801646,4632546.78937465,1.2,262,12,5,126-26,[]
TX,1069.305742014,290827.859864132,4642273.276333842,1.2,1200,9,4,244-26,[]
TX,1069.356952081,291085.787589532,4641995.248550827,1.2,481,9,4,148-5,[]
TX,1069.412114891,275502.303270624,4631513.165135873,1.2,309,12,4,130-20,[]
TX,1069.494822241,291862.16845727,4642559.290926663,1.2,2056,12,4,367-8,[]
TX,1069.533442253,298219.958058105,4636318.910573722,1.2,299,12,4,129-27,[]
TX,1069.652859037,291083.443490499,4642348.563076078,1.2,2272,10,4,53-3,[]
TX,1069.684688159,290892.153666098,4642257.101572759,1.2,2371,10,4,68-1,[]
TX,1069.801446143,291921.463737009,4642581.753031203,1.2,315,12,4,130-28,[]
TX,1069.957425928,290588.567440778,4641355.676245805,1.2,1352,7,4,266-14,"[['RX_GW', 1070.072422011, 1352, 7, 4, 868.1, -114.75957155, '00:00:00:00:00:02']]"
TX,1070.141857772,287470.45410981,4641217.859622137,1.2,2281,12,4,55-19,[]
TX,1070.151265593,292687.091891915,4641821.154795743,1.2,1940,12,4,349-21,[]
TX,1070.212024433,273657.567152335,4630699.011800475,1.2,1541,12,4,294-12,[]
TX,1070.224550696,291341.832447202,4653442.805560703,1.2,2325,12,4,59-18,[]
TX,1070.352284064,289401.173302816,4641535.875774818,1.2,1783,7,4,330-26,[]
TX,1070.411180734,292155.528502564,4637054.085426807,1.2,2163,12,4,45-30,[]
TX,1070.526001816,291368.159849995,4638518.47813841,1.2,260,12,4,126-12,[]
TX,1070.666394711,291848.68080668,4642553.223052348,1.2,622,12,4,162-29,[]
TX,1070.689614162,288285.435065223,4644881.677904093,1.2,2417,12,4,71-21,[]
TX,1070.714640705,292408.764832748,4637342.268054884,1.2,1809,12,5,332-8,[]
TX,1070.771689642,291653.402492276,4640874.779313831,1.2,530,10,4,152-11,[]
TX,1070.847947022,273647.107131226,4630655.997192719,1.2,1180,12,4,241-13,[]
TX,1071.057090349,289976.637914088,4634412.068549372,1.2,621,12,4,162-28,[]
TX,1071.155308067,289538.264511111,4642433.176075594,1.2,2265,9,4,51-6,[]
TX,1071.166079397,290469.43715071,4640723.564621819,1.2,1807,7,4,332-6,[]
TX,1071.188893212,292199.447935695,4638186.246079769,1.2,301,12,4,130-10,[]
TX,1071.420888135,290143.012724344,4635340.974429389,1.2,625,12,4,162-4,[]
TX,1071.427379039,291250.570630373,4641256.070562237,1.2,2323,9,4,58-7,[]
TX,1071.445682247,290562.979271268,4640986.840207987,1.2,1483,7,4,287-24,[]
TX,1071.50432058,291128.195818392,4640343.243765988,1.2,1251,9,4,253-24,[]
TX,1071.794640769,291980.581650362,4643700.868024719,1.2,2091,12,4,39-22,[]
TX,1071.945737573,289195.278529419,4642065.472134156,1.2,2262,9,4,51-3,[]
TX,1072.091184627,289678.65999393,4638822.443007624,1.2,76,12,4,105-18,[]
TX,1072.115505338,292108.192927433,4642935.596185209,1.2,2499,12,4,8-17,[]
TX,1072.120216432,291741.973184633,4639560.665080723,1.2,2441,12,4,72-21,[]
TX,1072.205471863,289410.064605481,4648027.742230183,1.2,1605,12,4,305-3,[]
TX,1072.277669001,289049.217694727,4641929.68859979,1.2,2046,8,4,367-22,[]
TX,1072.287383957,274048.269376003,4630513.169598068,1.2,2314,12,4,57-9,[]
TX,1072.448029537,292848.806318746,4641941.539926704,1.2,1108,12,4,234-21,[]
TX,1072.491507036,289869.905502433,4639082.367399937,1.2,1049,11,4,226-27,[]
TX,1072.53610853,292616.41845737,4641984.444704564,1.2,2391,12,4,7-6,[]
TX,1072.584660126,290424.881101658,4642312.604322101,1.2,121,9,4,109-26,[]
TX,1072.708717518,293680.374164155,4643527.327877249,1.2,1471,12,4,287-10,[]
TX,1072.793571903,289928.16282577,4645978.366752194,1.2,1696,12,4,315-20,[]
TX,1072.871116439,291046.827177328,4641924.788742027,1.2,811,9,4,190-17,[]
TX,1072.937327045,289229.183478021,4642074.500178212,1.2,1482,9,4,287-23,[]
TX,1073.023917954,289678.042110282,4642091.971876537,1.2,1528,8,4,293-1,[]
TX,1073.080669099,291192.133067435,4641249.672815486,1.2,657,9,4,167-19,[]
TX,1073.0993095,290681.914386416,4641290.207151834,1.2,761,7,4,185-17,[]
TX,1073.142051799,290899.711061932,4636960.340723664,1.2,741,12,4,182-10,[]
TX,1073.272485375,291913.764235769,4642571.805328166,1.2,868,12,4,199-10,[]
TX,1073.372800067,273698.555651295,4630647.482387303,1.2,679,12,4,172-17,[]
TX,1073.41642849,291784.656750778,4642846.870827791,1.2,1583,12,4,304-18,[]
TX,1073.457788733,291686.069970122,4642116.846877316,1.2,1863,11,4,339-23,[]
TX,1073.483161708,292692.628086716,4641817.887031008,1.2,1815,12,4,334-19,[]
TX,1073.52171512,295128.41562575,4642703.042069452,1.2,2507,8,4,8-6,[]
TX,1073.65521462,300719.00348793,4645083.749440825,1.2,1173,12,4,24-4,[]
TX,1073.70598279,285891.973651277,4641162.528716991,1.2,1107,12,4,234-19,[]
TX,1073.725780419,293649.843725981,4643453.023314172,1.2,418,12,4,140-29,[]
TX,1073.751104542,291590.131349088,4642163.057016759,1.2,2509,12,4,80-17,[]
TX,1073.882960074,286533.616768168,4641890.074851183,1.2,2014,12,4,362-20,[]
TX,1074.070432529,290667.476998301,4641321.567513669,1.2,1484,7,4,287-25,[]
TX,1074.12979685,294120.372796632,4642103.936691912,1.2,1202,10,4,244-28,[]
TX,1074.340886243,289954.792346402,4634424.822774357,1.2,264,12,4,127-1,[]
TX,1075.354020633,290671.715606325,4642304.278641716,1.2,468,10,4,148-18,[]
TX,1075.461355655,291989.104215399,4642599.437921079,1.2,436,12,4,143-24,[]
TX,1075.48535509,288614.908589252,4635217.443062512,1.2,2548,12,4,84-10,[]
TX,1075.682512309,289699.036991474,4647179.075489914,1.2,1966,12,4,353-4,[]
TX,1075.782412882,293256.579799812,4643156.722304001,1.2,619,12,4,162-25,[]
TX,1075.929822235,291301.48110656,4642395.653180359,1.2,2062,12,4,368-3,[]
TX,1076.091378674,292846.115355055,4643596.195747125,1.2,403,12,4,140-13,[]
TX,1076.167629535,295105.456374185,4644116.769090835,1.2,2508,12,4,8-7,[]
TX,1076.347891592,288690.797889849,4635210.521881851,1.2,210,12,4,12-29,[]
TX,1076.358126008,291680.738728447,4642113.12412478,1.2,1372,11,4,268-30,[]
TX,1076.362988845,290473.206883878,4641681.052127681,1.2,1891,7,5,340-7,[]
TX,1076.559131491,285943.875206433,4636313.360038389,1.2,797,12,4,188-3,[]
TX,1076.648254033,291147.278165977,4636141.791685934,1.2,1917,12,4,347-14,[]
TX,1076.919025631,290844.468140298,4642259.0811676,1.2,439,9,4,145-10,[]
TX,1076.953208783,290608.631373364,4633573.348885763,1.2,549,12,4,153-4,[]
TX,1077.017764947,290694.959188526,4641311.432633559,1.2,29,7,4,101-20,[]
TX,1077.136680267,292146.524551578,4641698.841449807,1.2,1035,12,4,226-11,[]
TX,1077.139321562,273707.341246577,4630615.88320324,1.2,132,12,4,11-17,[]
TX,1077.199579572,292024.327982936,4641761.362836177,1.2,859,12,4,198-13,[]
TX,1077.242419325,289739.684506633,4642404.390399124,1.2,2580,10,4,87-10,[]
TX,1077.312969595,291440.489703074,4642054.750462458,1.2,2450,11,4,72-6,[]
TX,1077.31459263,292784.910127642,4642168.294678067,1.2,1687,12,4,311-3,[]
TX,1077.584518407,292681.926417067,4641807.062137641,1.2,179,12,4,113-13,[]
TX,1077.725631073,290342.300468206,4635407.805964265,1.2,1520,12,4,290-3,[]
TX,1077.87339179,284948.917426522,4640456.452339273,1.2,2156,12,4,45-18,[]
TX,1077.979009464,291729.4550323,4642153.241629392,1.2,1165,11,4,24-24,[]
TX,1078.017965646,291527.176260197,4642126.32203929,1.2,1948,12,4,351-19,[]
TX,1078.0571461,290623.945557523,4647291.075720067,1.2,2410,12,4,71-14,[]
TX,1078.264255159,289918.162363063,4639332.920489335,1.2,2401,11,4,70-4,[]
TX,1078.527467928,291067.489496504,4644028.297362345,1.2,1025,12,4,223-22,[]
TX,1078.568092776,291992.27356194,4643710.844831509,1.2,2295,12,4,56-19,[]
TX,1078.595816191,295963.567894278,4641273.931572929,1.2,2196,7,4,47-29,"[['RX_GW', 1078.710811361, 2196, 7, 4, 868.1, -110.802490432, '00:00:00:00:00:04']]"
TX,1078.609648768,292118.332149636,4637032.15667654,1.2,1827,12,4,335-6,[]
TX,1078.728455903,281806.768683972,4632840.443391419,1.2,1833,12,4,336-21,[]
TX,1078.914450581,289175.515975571,4642812.129820241,1.2,1486,12,4,287-27,[]
TX,1078.96854373,291235.07460167,4641262.173219173,1.2,7,9,4,100-25,[]
TX,1079.08471173,293000.936615624,4643280.664772253,1.2,1,12,4,100-12,[]
TX,1079.13746295,291081.72490506,4641010.541050133,1.2,800,8,4,188-6,[]
TX,1079.179826854,283105.318708841,4633624.637177551,1.2,1907,12,4,344-29,[]
TX,1079.202601693,287519.597575494,4641303.680958034,1.2,83,12,4,106-11,[]
TX,1079.291808725,289326.962437706,4647393.901997331,1.2,1706,12,4,317-19,[]
TX,1079.320478356,292110.742091291,4642707.278683566,1.2,1567,12,4,301-10,[]
TX,1079.331296309,290675.957402094,4641309.035770402,1.2,283,7,4,128-29,[]
TX,1079.789071813,271578.418267032,4630123.394638302,1.2,1626,12,4,308-24,[]
TX,1079.886727533,291901.940316874,4642565.658021851,1.2,415,12,4,140-26,[]
TX,1079.905182917,294152.89955701,4644006.518933827,1.2,578,12,4,158-11,[]
TX,1079.945191947,285538.575640593,4647222.960816477,1.2,2412,12,4,71-17,[]
TX,1080.126617314,290273.94374508,4636836.666996878,1.2,1831,12,4,336-19,[]
TX,1080.149620256,296035.731061316,4643609.296912275,1.2,2223,12,4,50-13,[]
TX,1080.198941505,286699.978857496,4645125.999623206,1.2,455,12,4,147-14,[]
TX,1080.423087636,292330.726237408,4642060.540321639,1.2,896,12,4,202-10,[]
TX,1080.452421786,294134.044509302,4647414.680137904,1.2,101,12,4,107-25,[]
TX,1080.908690543,291026.247818921,4644030.98499325,1.2,90,12,4,106-26,[]
TX,1081.029400912,290746.99173597,4642872.379247829,1.2,163,11,4,112-17,[]
TX,1081.153850035,291117.280982335,4641230.24737169,1.2,2524,8,4,82-13,[]
TX,1081.244716712,287407.301143501,4641867.250810644,1.2,961,12,4,211-27,[]
TX,1081.297179106,289537.494405565,4642431.648780062,1.2,2528,9,4,82-24,[]
TX,1081.346786913,292146.538969648,4644176.663999557,1.2,65,12,4,104-17,[]
TX,1081.44706181,289161.945826954,4644503.00946423,1.2,1113,12,4,237-12,[]
TX,1081.472439356,293704.356152397,4645356.570771845,1.2,765,12,4,185-21,[]
TX,1081.717883761,290569.561650133,4643880.235854265,1.2,2439,12,4,72-19,[]
TX,1081.732885088,292103.072956723,4642707.049194678,1.2,2489,12,4,79-18,[]
TX,1081.838352843,290705.012043733,4641292.421545653,1.2,425,7,4,141-12,"[['RX_GW', 1081.953349151, 425, 7, 4, 868.1, -122.108571888, '00:00:00:00:00:02']]"
TX,1081.920291899,292150.304621369,4637054.784014505,1.2,1293,12,4,256-25,[]
TX,1081.964937751,288170.014249227,4643864.045449096,1.2,374,12,4,138-8,[]
TX,1082.34189788,293696.31523982,4642818.29117133,1.2,2238,12,4,50-30,[]
TX,1082.451237599,299742.839642124,4630052.938365106,1.2,292,12,4,129-12,[]
TX,1082.620202621,292001.069340431,4642608.503703242,1.2,932,12,4,206-24,[]
TX,1082.739257956,290487.789663939,4639927.769945591,1.2,595,7,5,159-21,"[['RX_GW', 1082.854255173, 595, 7, 5, 868.1, -123.599089049, '00:00:00:00:00:02']]"
TX,1082.88191404,295142.112721974,4642710.073741257,1.2,945,8,4,21-11,"[['RX_GW', 1083.089327374, 945, 8, 4, 868.1, -125.223459011, '00:00:00:00:00:04']]"
TX,1083.07383559,288180.846910018,4634661.068666869,1.2,2564,12,4,84-27,[]
TX,1083.191685786,291111.899906464,4641438.762664944,1.2,421,8,4,140-6,"[['RX_GW', 1083.399099538, 421, 8, 4, 868.1, -126.848873691, '00:00:00:00:00:02']]"
TX,1083.209635892,290432.212876898,4645035.892107382,1.2,2484,12,4,76-27,[]
TX,1083.362806516,292662.866410828,4641053.372764807,1.2,9,12,4,100-27,[]
TX,1083.410856955,292571.041385876,4641740.491336036,1.2,2116,12,4,41-27,[]
TX,1083.542736789,291882.329747552,4642562.418177196,1.2,1429,12,4,274-5,[]
TX,1084.054435219,291104.847013576,4636128.199072901,1.2,528,12,4,151-9,[]
TX,1084.092526028,273666.931471744,4630697.511627484,1.2,1447,12,4,279-24,[]
TX,1084.109075538,290931.483857166,4641189.258886661,1.2,560,7,4,155-29,[]
TX,1084.113204128,292718.239775007,4641829.631898592,1.2,2474,12,4,76-10,[]
TX,1084.113709068,291235.20046056,4642277.021835454,1.2,2647,11,4,96-3,[]
TX,1084.15194218,290529.137325914,4642207.074869402,1.2,2581,9,4,87-11,[]
TX,1084.238967696,288937.789968956,4642788.438715396,1.2,1187,12,4,242-12,[]
TX,1084.241580959,274690.637105045,4630951.763575718,1.2,488,12,4,149-16,[]
TX,1084.459243072,292521.868356328,4642811.967767433,1.2,638,12,4,163-20,[]
TX,1084.502443143,290110.771525029,4634629.70087227,1.2,1178,12,4,241-11,[]
TX,1084.528541295,290161.013469759,4635288.619307525,1.2,1744,12,4,322-18,[]
TX,1084.633866135,291828.346161162,4642344.010765186,1.2,1597,12,4,305-19,[]
TX,1084.713323581,291244.985081862,4641258.568700225,1.2,128,9,4,109-5,[]
TX,1084.730670246,295637.867252365,4645569.008417456,1.2,1790,12,4,330-9,[]
TX,1084.917662985,273678.948047398,4630798.285439403,1.2,1836,12,4,336-30,[]
TX,1084.971080013,294206.090320133,4639250.795110188,1.2,1800,12,4,332-24,[]
TX,1085.145102046,273640.026102335,4630659.797328911,1.2,1351,12,4,266-13,[]
TX,1085.762191917,294384.177833401,4643074.605233816,1.2,1533,12,5,293-21,[]
TX,1085.7701604,290885.46498767,4638637.783695533,1.2,1630,12,4,308-28,[]
TX,1086.012564375,290303.9447076,4642797.032265652,1.2,371,11,4,138-5,[]
TX,1086.387495441,291893.941308303,4642806.632636315,1.2,123,12,4,109-28,[]
TX,1086.395790891,291023.00535777,4641944.168472567,1.2,1564,9,4,3-26,[]
TX,1086.398141506,291000.908128332,4644441.086125871,1.2,460,12,4,147-28,[]
TX,1086.524506132,290437.066868682,4646492.921827319,1.2,430,12,4,141-24,[]
TX,1086.830137639,301215.581376337,4645113.656126465,1.2,2404,12,4,70-7,[]
TX,1086.953318812,289314.322902045,4634310.427632285,1.2,49,12,4,102-4,[]
TX,1087.01618108,295622.817052125,4645563.259400707,1.2,182,12,4,113-25,[]
TX,1087.060684649,294985.676934513,4645952.93092443,1.2,2219,12,4,50-1,[]
TX,1087.106454693,293687.718667386,4645531.114045609,1.2,1602,12,4,305-25,[]
TX,1087.225439253,289948.230223581,4634401.264921465,1.2,313,12,4,130-25,[]
TX,1087.236475745,289231.358392807,4642516.941175748,1.2,312,10,4,130-24,[]
TX,1087.299111425,291168.165368768,4641362.989588653,1.2,1299,8,4,256-6,[]
TX,1087.598526767,291881.400241152,4642570.658222132,1.2,2668,12,4,97-28,[]
TX,1087.837956843,297167.780411401,4637163.184360035,1.2,1902,12,4,341-7,[]
TX,1088.050991846,280285.942284976,4632625.03432767,1.2,1370,12,4,268-29,[]
TX,1088.229995315,292406.061368607,4637334.337393587,1.2,611,12,4,162-11,[]
TX,1088.366976424,290372.128108556,4641404.392885098,1.2,1628,7,4,308-26,[]
TX,1088.435824097,289850.492276614,4643053.855059681,1.2,1848,12,4,337-26,[]
TX,1088.453231095,294771.439244689,4638483.857041121,1.2,615,12,4,162-18,[]
TX,1088.525448104,288871.260034205,4639304.753191575,1.2,1616,10,4,306-5,[]
TX,1088.654134788,291983.137174613,4642633.792593504,1.2,903,12,4,202-24,[]
TX,1088.687983169,291816.651793352,4641614.745603318,1.2,178,12,4,113-12,[]
TX,1088.811725757,295193.215821155,4646408.367935048,1.2,574,12,4,157-5,[]
TX,1088.973028691,290690.897316884,4641292.372327886,1.2,296,7,4,129-23,[]
TX,1089.084779149,293405.834100989,4646172.536645169,1.2,2258,12,4,51-25,[]
TX,1089.156099487,273690.662273283,4630593.503933071,1.2,1277,12,4,254-4,[]
TX,1089.252618054,292530.000914185,4642920.982058251,1.2,1374,12,4,268-6,[]
TX,1089.275508035,292558.352650616,4641722.345429433,1.2,2008,12,4,361-5,[]
TX,1089.304667224,291206.429175007,4641294.643049882,1.2,674,8,4,171-24,[]
TX,1089.340744455,294965.30607338,4642717.288495717,1.2,1491,7,4,287-6,"[['RX_GW', 1089.455742119, 1491, 7, 4, 868.1, -123.540288537, '00:00:00:00:00:04']]"
TX,1089.629732563,290279.098955526,4636360.389335421,1.2,2559,12,4,84-20,[]
TX,1089.715947896,292682.961786237,4641807.564335152,1.2,1146,12,4,239-5,[]
TX,1089.825068596,289362.039198849,4645313.914966415,1.2,2482,12,4,76-25,[]
TX,1089.898507502,292790.303461644,4640482.009306566,1.2,1037,12,4,226-13,[]
TX,1090.083530368,291765.347360558,4641849.722281317,1.2,392,12,4,14-20,[]
TX,1090.21955725,291039.232084192,4641931.157834412,1.2,1631,9,4,309-1,[]
TX,1090.245909195,291096.195213514,4639339.200547585,1.2,1421,12,4,274-12,[]
TX,1090.397577491,291034.33780177,4644011.642539996,1.2,2081,12,4,371-28,[]
TX,1090.464673268,276213.353546795,4632009.571665327,1.2,1428,12,5,274-30,[]
TX,1090.721240138,290082.609375305,4635393.204177575,1.2,1540,12,4,294-11,[]
TX,1090.728921962,291971.354782675,4643718.571551228,1.2,126,12,4,109-30,[]
TX,1090.800749718,293174.030226108,4641033.048146973,1.2,1502,12,4,288-5,[]
TX,1091.233942787,292076.348769904,4642627.424397395,1.2,1944,12,4,349-4,[]
TX,1091.282222403,291973.059935153,4638578.694162207,1.2,634,12,4,163-15,[]
TX,1091.506265707,292329.218864832,4642040.554549886,1.2,349,12,4,137-27,[]
TX,1091.542388501,294656.064298717,4642601.951333119,1.2,1431,10,4,275-1,[]
TX,1091.637819402,292999.448572512,4642938.676492079,1.2,2102,12,4,40-14,[]
TX,1091.884763656,291112.453636715,4644082.438547405,1.2,583,12,5,158-24,[]
TX,1091.907761328,292700.609262973,4642332.844905897,1.2,92,12,4,106-28,[]
TX,1091.947514612,290653.843711673,4641319.390370355,1.2,1061,7,4,229-19,"[['RX_GW', 1092.062510813, 1061, 7, 4, 868.1, -115.589809257, '00:00:00:00:00:02']]"
TX,1091.950595154,285776.378098163,4634145.554509142,1.2,1922,12,4,347-8,[]
TX,1092.02998707,290877.972836351,4642319.606344385,1.2,410,10,4,140-2,[]
TX,1092.153692148,292536.686792098,4642525.22747196,1.2,1641,12,4,309-5,[]
TX,1092.165997822,291066.999749742,4644052.313343141,1.2,725,12,4,181-14,[]
TX,1092.230860979,292530.408287888,4642927.718814062,1.2,2299,12,5,56-25,[]
TX,1092.410913197,290405.896510689,4645739.2353915,1.2,2269,12,4,53-19,[]
TX,1092.44159427,291102.83881863,4641365.335859967,1.2,2291,9,4,56-12,[]
TX,1092.66002604,293160.206406041,4643049.811558773,1.2,2251,12,4,51-17,[]
TX,1092.865722418,292865.261746601,4644250.601033879,1.2,2460,12,4,75-14,[]
TX,1093.281703577,290958.100931129,4642037.729017447,1.2,212,10,4,12-30,[]
TX,1093.364595723,287811.107704643,4637493.845516238,1.2,78,12,4,105-20,[]
TX,1093.417147495,291982.952880283,4643717.408303736,1.2,739,12,4,181-8,[]
TX,1093.442304938,289965.923726501,4637832.763558021,1.2,2562,12,4,84-25,[]
TX,1093.483561094,297548.150897537,4636848.607923348,1.2,2485,12,4,76-28,[]
TX,1093.711698642,273719.848919413,4630618.184101486,1.2,1732,12,4,320-8,[]
TX,1093.797822601,291522.691031433,4641341.817898109,1.2,610,10,4,162-1,[]
TX,1093.819461561,291985.189605234,4639155.503707491,1.2,2530,12,4,82-26,[]
TX,1093.957443083,286646.531145187,4645656.555359967,1.2,768,12,4,185-5,[]
TX,1094.12367476,292333.231969966,4642053.1957813,1.2,1150,12,4,239-9,[]
TX,1094.260198393,292402.222350052,4641911.005488432,1.2,322,12,4,130-9,[]
TX,1094.306249845,289968.970116,4642811.111994609,1.2,1930,11,4,348-6,[]
TX,1094.318425197,289979.631859986,4639942.116053663,1.2,2051,8,4,367-3,[]
TX,1094.478405631,292239.505425303,4642112.499156077,1.2,491,12,4,149-4,[]
TX,1094.522790912,291890.756623959,4642578.934462457,1.2,733,12,4,181-27,[]
TX,1094.540199883,292777.613781193,4642123.096906948,1.2,914,12,4,203-28,[]
TX,1094.642330595,292982.038622988,4642139.359946597,1.2,2374,12,4,68-19,[]
TX,1094.73953519,291700.326528431,4642119.803854278,1.2,2174,11,4,46-2,[]
TX,1094.791936169,290230.58473993,4635022.606796553,1.2,522,12,5,151-3,[]
TX,1095.046021397,290825.041737374,4642283.039831317,1.2,2585,10,4,87-24,"[['RX_GW', 1095.705532346, 2585, 10, 4, 868.1, -131.588997941, '00:00:00:00:00:02']]"
TX,1095.223441564,292542.274716445,4642553.031643688,1.2,449,12,4,145-8,[]
TX,1095.254272851,289243.176063145,4642482.458641379,1.2,2082,12,4,372-23,[]
TX,1095.459248316,292650.898392854,4641765.358236944,1.2,900,12,4,202-14,[]
TX,1095.541161301,291580.37763101,4641383.611217076,1.2,830,11,4,194-25,[]
TX,1095.626350046,290492.496430837,4647536.663831657,1.2,1102,12,4,233-13,[]
TX,1096.10033811,292530.367263556,4642755.858029533,1.2,1813,12,4,334-17,[]
TX,1096.144767189,291062.532578322,4644051.473849711,1.2,738,12,4,181-6,[]
TX,1096.293858788,292693.214270439,4643665.609926342,1.2,20,12,4,101-12,[]
TX,1096.592669149,291928.44073986,4642591.636809207,1.2,340,12,4,137-16,[]
TX,1096.621804702,290727.904623028,4637633.095001291,1.2,815,12,5,190-21,[]
TX,1096.714830289,273482.354141516,4630123.306854468,1.2,2633,12,4,95-15,[]
TX,1096.791742117,281777.829329363,4632760.268600136,1.2,1620,12,4,308-11,[]
TX,1096.832134929,291816.258561272,4642563.007537214,1.2,1731,12,5,320-28,[]
TX,1096.956641457,271552.186582512,4630214.483603079,1.2,2331,12,4,60-17,[]
TX,1097.007834389,299471.492785216,4642656.584563749,1.2,2241,12,4,50-6,[]
TX,1097.009235449,291976.078655395,4642591.736110627,1.2,555,12,4,155-18,[]
TX,1097.088973856,292409.764694228,4641902.103442078,1.2,1168,12,4,24-27,[]
TX,1097.385755668,282995.654857885,4634325.743772651,1.2,2364,12,4,67-18,[]
TX,1097.386352641,273696.348747111,4630672.544603704,1.2,759,12,4,184-14,[]
TX,1097.713077122,293860.972481921,4640247.872670723,1.2,2517,12,4,81-13,[]
TX,1097.834793831,292794.380243357,4641314.749302027,1.2,2363,12,4,67-16,[]
TX,1098.070403821,292522.469143899,4642919.941116785,1.2,1796,12,4,332-17,[]
TX,1098.169679151,289179.724135443,4642093.84055193,1.2,582,9,4,158-23,[]
TX,1098.198628086,292518.838335827,4639701.843347986,1.2,1939,12,4,349-20,[]
TX,1098.307388912,290730.073291882,4642314.550461707,1.2,1477,9,4,287-18,[]
TX,1098.342016188,297480.273175563,4646376.054212438,1.2,2240,12,4,50-5,[]
TX,1098.536313887,291831.821355221,4642556.280546534,1.2,285,12,4,128-30,[]
TX,1098.599623645,293705.125589094,4645354.721138154,1.2,2619,12,5,93-21,[]
TX,1098.654246044,291269.420654332,4641405.210354796,1.2,2290,8,4,56-11,[]
TX,1098.813374444,286623.184248654,4645548.848077185,1.2,540,12,4,153-17,[]
TX,1099.055048626,292332.1133995,4642043.72504108,1.2,370,12,4,138-4,[]
TX,1099.169523256,293072.284783546,4642401.190993041,1.2,362,12,4,138-22,[]
TX,1099.237691755,295613.367359173,4645557.839432172,1.2,2186,12,4,47-15,[]
TX,1099.276501458,292310.687256129,4642008.804363749,1.2,597,12,4,159-5,[]
TX,1099.431162286,292218.020995872,4638045.259575188,1.2,953,12,4,21-28,[]
TX,1099.499896131,297564.688030007,4633146.598653853,1.2,2267,12,5,53-17,[]
TX,1099.51760416,290262.488016662,4640261.582749409,1.2,838,7,4,195-20,[]
TX,1099.553072584,290689.394150221,4641291.587103627,1.2,144,7,4,110-12,[]
TX,1099.683421324,292891.628432988,4642213.630050639,1.2,1508,12,5,29-24,[]
TX,1099.882351168,273680.082730358,4630700.114119579,1.2,1542,12,4,294-14,[]
TX,1100.029226094,292926.817413819,4640340.479293374,1.2,1826,12,4,335-21,[]
TX,1100.08592524,295638.048000345,4645566.363102043,1.2,774,12,4,186-13,[]
TX,1100.187416754,290834.578097918,4636945.550763563,1.2,1106,12,4,234-17,[]
TX,1100.214148852,291857.552640579,4642560.046655632,1.2,747,12,4,182-22,[]
TX,1100.267393031,291036.41943927,4641350.693777861,1.2,513,8,4,151-19,[]
TX,1100.443838516,290708.644208112,4641291.932684924,1.2,1110,7,4,234-6,[]
TX,1100.484683303,292036.701078409,4641783.338792712,1.2,1759,12,4,326-1,[]
TX,1100.580868591,294868.929295149,4640630.030292937,1.2,1475,10,5,287-14,[]
TX,1100.588159414,293130.43500344,4643038.937650329,1.2,1849,12,4,337-28,[]
TX,1100.593451195,293360.011599677,4649171.948946671,1.2,2448,12,4,72-4,[]
TX,1100.685282579,289059.299008613,4637317.773114984,1.2,1213,12,4,246-11,[]
TX,1100.868431399,292197.923564963,4641914.645225411,1.2,337,12,4,137-13,[]
TX,1100.927672738,289155.199037189,4634978.726929833,1.2,673,12,4,171-23,[]
TX,1101.208681654,292930.617786085,4636852.567973143,1.2,987,12,4,22-10,[]
TX,1101.234329008,288925.633318055,4641946.719442245,1.2,1224,9,4,248-20,[]
TX,1101.345104869,291237.2361646,4638752.896538208,1.2,895,12,4,201-27,[]
TX,1101.413650101,291995.043092859,4643712.471059537,1.2,224,12,4,121-30,[]
TX,1101.448341006,289300.436643528,4634496.23195987,1.2,1426,12,4,274-26,[]
TX,1101.649409579,293472.701231349,4642088.55360316,1.2,2591,12,4,88-13,[]
TX,1101.827059608,291457.313669294,4635570.88206679,1.2,1181,12,4,241-14,[]
TX,1101.862709222,286848.450188937,4634322.199131374,1.2,1029,12,4,223-26,[]
TX,1102.082395998,288108.013912815,4643051.761663319,1.2,64,12,4,103-7,[]
TX,1102.28003552,294796.531901786,4644864.507081919,1.2,898,12,4,202-12,[]
TX,1102.393131039,295128.804978748,4642719.802452564,1.2,2097,8,4,39-28,[]
TX,1102.44825933,292334.177286054,4641976.276729576,1.2,833,12,4,194-28,[]
TX,1102.532905962,285503.092052688,4633190.167326792,1.2,1392,12,4,270-10,[]
TX,1102.667398396,291561.893023496,4642638.567261535,1.2,2523,12,4,82-12,[]
TX,1102.693824778,290060.918370709,4642399.405656847,1.2,1647,9,4,31-12,[]
TX,1102.758539301,291146.659036961,4639437.144690544,1.2,2006,10,4,361-3,[]
TX,1103.227859196,292353.099613374,4642015.822508571,1.2,345,12,4,137-21,[]
TX,1103.325117924,291123.711966516,4639403.221361882,1.2,82,12,4,106-10,[]
TX,1103.494650736,290942.914506389,4642293.986457916,1.2,2379,12,4,68-30,[]
TX,1103.631496563,291983.358000146,4643705.646011538,1.2,368,12,4,138-28,[]
TX,1103.658414758,291135.719959286,4646197.104813303,1.2,1259,12,4,254-12,[]
TX,1103.723293427,304909.104263167,4649710.484218054,1.2,2620,12,4,93-25,[]
TX,1104.258562416,287786.368265961,4645632.926503273,1.2,2085,12,4,372-27,[]
TX,1104.443678508,289002.56035042,4643791.577216818,1.2,257,12,4,125-26,[]
TX,1104.537284118,292812.15981579,4642787.116804078,1.2,572,12,4,157-3,[]
TX,1104.54050739,292524.240365154,4642909.115558804,1.2,17,12,4,101-1,[]
TX,1104.746720703,294222.122988074,4641975.973227849,1.2,2623,9,4,93-28,"[['RX_GW', 1105.118487237, 2623, 9, 4, 868.1, -127.960215666, '00:00:00:00:00:04']]"
TX,1104.840690182,292926.866624035,4641022.440349665,1.2,922,12,4,204-24,[]
TX,1104.84101312,290702.308147512,4641284.58087922,1.2,1207,7,4,245-14,[]
TX,1104.874203309,286679.544437126,4634419.273264626,1.2,1879,12,4,340-14,[]
TX,1105.179031154,291846.654192692,4642561.041535383,1.2,2655,12,4,97-13,[]
TX,1105.323088469,289893.967213888,4642703.840564065,1.2,927,11,5,206-10,[]
TX,1105.550221393,291515.416542832,4642443.293257019,1.2,618,12,4,162-24,[]
TX,1105.57860111,291678.25157586,4642103.96389489,1.2,1612,11,4,306-18,[]
TX,1105.98274907,290685.41867492,4641310.405682793,1.2,2166,7,4,45-6,[]
TX,1106.4420865,290712.731341426,4641306.926744926,1.2,1232,7,4,249-16,[]
TX,1106.523802292,292273.704424807,4643522.379139195,1.2,2160,12,4,45-21,[]
TX,1106.609375456,289893.321037393,4638935.593091452,1.2,1158,12,4,24-16,[]
TX,1106.668905351,273716.457059107,4630635.460547217,1.2,2369,12,4,67-4,[]
TX,1106.738882695,291416.270945955,4641312.999773748,1.2,16,9,4,100-8,[]
TX,1107.007135657,292526.903361881,4642908.081361975,1.2,1638,12,4,309-29,[]
TX,1107.059017153,286527.612896348,4634509.218741022,1.2,1125,12,4,238-24,[]
TX,1107.168941667,292317.278532616,4652095.555213368,1.2,118,12,4,109-21,[]
TX,1107.189622424,289951.038467742,4634414.202426522,1.2,662,12,4,167-5,[]
TX,1107.395744134,295035.373080313,4644589.939991428,1.2,457,12,4,147-25,[]
TX,1107.535148054,290954.76845524,4639054.684815963,1.2,2393,10,4,70-1,"[['RX_GW', 1108.194660603, 2393, 10, 4, 868.1, -132.887319747, '00:00:00:00:00:02']]"
TX,1107.680730412,287992.071893827,4643362.316315287,1.2,2673,12,4,97-7,[]
TX,1107.686198785,291956.724309272,4642593.486087088,1.2,358,12,4,138-12,[]
TX,1108.062298872,286457.693258475,4640880.046178155,1.2,321,12,4,130-8,[]
TX,1108.329822946,273699.563953622,4630640.989756215,1.2,1189,12,4,242-25,[]
TX,1108.394640896,292778.947535096,4642158.515279563,1.2,1410,12,4,273-17,[]
TX,1108.537590512,293165.584130392,4640631.651110044,1.2,671,12,4,171-14,[]
TX,1108.751260048,289592.162657554,4641756.385253003,1.2,67,7,4,104-19,"[['RX_GW', 1108.866256607, 67, 7, 4, 868.1, -122.346755317, '00:00:00:00:00:02']]"
TX,1109.161549149,291037.041601814,4644006.97314791,1.2,61,12,4,103-4,[]
TX,1109.205532593,273723.639986829,4630625.086858925,1.2,1279,12,5,254-6,[]
TX,1109.274303592,299803.422771536,4645112.900263473,1.2,115,12,4,109-19,[]
TX,1109.278365702,291976.084515351,4642336.617867408,1.2,2247,12,4,51-13,[]
TX,1109.329628992,292306.980654805,4642056.185328077,1.2,274,12,4,127-6,[]
TX,1109.33251392,283244.046139356,4640364.075212254,1.2,192,12,4,115-26,[]
TX,1109.500529194,290410.557817814,4643970.320999516,1.2,520,12,4,151-27,[]
TX,1109.666199504,289871.072069846,4642994.753383393,1.2,187,11,4,115-12,[]
TX,1109.969255216,290659.181738009,4641204.822290848,1.2,663,7,4,167-6,[]
TX,1109.985865816,289316.990617535,4639765.478115389,1.2,1896,9,4,341-20,[]
TX,1110.095978367,291865.008015232,4642550.867511096,1.2,2232,12,4,50-25,[]
TX,1110.106955763,290873.107755206,4641306.74599947,1.2,1244,7,4,250-4,[]
TX,1110.242888798,292301.480951161,4642051.729864874,1.2,1702,12,4,317-15,[]
TX,1110.304699014,292840.106562518,4641175.704751668,1.2,1485,12,4,287-26,[]
TX,1110.31809483,293441.335374238,4640008.709805077,1.2,771,12,4,186-10,[]
TX,1110.343527322,299757.301464279,4630049.138742875,1.2,1001,12,4,220-27,[]
TX,1110.437150193,291010.602654366,4639058.289359792,1.2,1571,12,4,301-14,[]
TX,1110.444912165,291933.266014917,4642584.239821324,1.2,2040,12,4,367-14,[]
TX,1110.56051691,290281.160955844,4646559.909578966,1.2,901,12,4,202-22,[]
TX,1110.582612871,290347.648876526,4641822.707172701,1.2,1832,9,4,336-20,[]
TX,1110.603849418,291440.294549796,4642047.860620096,1.2,486,11,4,149-1,[]
TX,1110.784466742,292820.494527734,4644274.931614751,1.2,999,12,5,220-25,[]
TX,1111.183096092,292223.143577049,4638087.916502046,1.2,648,12,4,163-5,[]
TX,1111.468684632,291018.9761557,4641940.974347753,1.2,1996,9,4,358-5,[]
TX,1111.492220948,273714.303882569,4630600.805959108,1.2,626,12,4,162-6,[]
TX,1111.584775377,292521.714205869,4642915.079679334,1.2,2151,12,4,44-26,[]
TX,1111.676198333,292722.110174534,4641699.695551602,1.2,467,12,5,148-17,[]
TX,1111.9256696,291259.09718883,4641404.476088662,1.2,2424,8,4,71-3,"[['RX_GW', 1112.133083762, 2424, 8, 4, 868.1, -126.618320295, '00:00:00:00:00:02']]"
TX,1111.994250821,291704.993027114,4642118.030878619,1.2,1609,11,4,306-15,[]
TX,1112.012598895,291925.412815172,4640744.033083402,1.2,2139,12,4,43-25,[]
TX,1112.017689607,288753.886275648,4642565.380560698,1.2,1005,11,4,221-13,[]
TX,1112.143774769,288380.248402566,4642760.997619937,1.2,1707,12,4,317-20,[]
TX,1112.204790739,291108.774882979,4641445.149311665,1.2,120,8,4,109-25,[]
TX,1112.728774041,294432.677908835,4645301.005332248,1.2,2471,12,4,75-6,[]
TX,1112.896380661,292314.714075962,4642055.795974621,1.2,1782,12,4,330-25,[]
TX,1113.066734905,293255.674931495,4642009.724348934,1.2,584,12,4,158-25,[]
TX,1113.142939278,292328.064345976,4641988.119673023,1.2,2071,12,4,369-7,[]
TX,1113.181952923,292516.093337672,4643037.979153335,1.2,1590,12,5,305-12,[]
TX,1113.270678997,291839.795222679,4642557.111085404,1.2,1887,12,5,340-28,[]
TX,1113.376169095,290544.114827327,4642301.146983283,1.2,1816,10,4,334-20,[]
TX,1113.78663157,291758.678419627,4642509.721887641,1.2,616,12,4,162-19,[]
TX,1113.807688387,291778.742059498,4642799.195635312,1.2,2054,12,4,367-6,[]
TX,1113.839181137,292684.494439022,4642030.530493434,1.2,1539,12,4,293-7,[]
TX,1113.897945448,291708.473201017,4642507.462984894,1.2,342,12,4,137-19,[]
TX,1114.384555011,285883.068704773,4630716.630583301,1.2,757,12,4,184-10,[]
TX,1114.465672372,273698.666087994,4630640.871690679,1.2,1128,12,4,238-28,[]
TX,1114.513959431,291224.224607701,4642289.781875098,1.2,464,11,4,148-11,[]
TX,1114.539822158,289737.406434707,4639464.839573275,1.2,746,10,4,182-21,[]
TX,1114.645279109,290679.524614902,4641308.764854793,1.2,1762,7,4,326-17,[]
TX,1114.645865803,285619.15283349,4641250.221322502,1.2,2072,12,4,371-19,[]
TX,1114.701210048,286710.5741258,4645127.730646702,1.2,1970,12,4,356-25,[]
TX,1114.752202568,290350.364279783,4641807.581421239,1.2,924,9,4,204-26,[]
TX,1114.80084304,292201.769055062,4637928.865721186,1.2,420,12,4,140-5,[]
TX,1114.870754061,291878.074448749,4642560.224246698,1.2,2103,12,5,40-24,[]
TX,1114.969705953,290416.526160628,4641824.819209041,1.2,875,9,5,199-26,[]
TX,1115.092309999,292724.719891095,4642077.720569198,1.2,2382,12,5,68-7,[]
TX,1115.336714293,288442.581034658,4642919.648186317,1.2,2288,12,4,55-7,[]
TX,1115.577668199,282292.623145133,4637129.538511002,1.2,154,12,5,111-10,[]
TX,1115.740657301,273700.54329032,4630623.35611821,1.2,1550,12,4,298-19,[]
TX,1115.978213862,291119.3243143,4643613.408095855,1.2,1028,12,4,223-25,[]
TX,1116.051412171,271767.826499433,4630721.100411446,1.2,336,12,4,137-12,[]
TX,1116.052378585,291112.829863948,4643017.931116255,1.2,111,12,4,109-15,[]
TX,1116.413475456,290939.636812417,4639058.198063142,1.2,2136,10,4,43-19,[]
TX,1116.428062463,289598.663785396,4643507.855940371,1.2,1076,12,4,231-18,[]
TX,1116.638836462,294536.184016854,4644466.342476274,1.2,2470,12,4,75-5,[]
TX,1116.709950077,289215.601541718,4642084.406467167,1.2,1531,9,4,293-2,[]
TX,1117.054892209,292665.996646053,4641792.368961044,1.2,950,12,5,21-25,[]
TX,1117.082843021,291044.493653199,4644013.086809104,1.2,740,12,4,181-9,[]
TX,1117.143820266,288378.614023372,4642765.002256452,1.2,1355,12,4,266-26,[]
TX,1117.316560872,286684.512874172,4641704.916712153,1.2,2104,12,4,40-25,[]
TX,1117.40396078,291821.392055334,4642559.21969693,1.2,2515,12,4,81-11,[]
TX,1117.619529943,291660.0290731,4639992.757814512,1.2,1038,11,4,226-14,[]
TX,1117.733586732,298721.528082629,4640234.283033894,1.2,607,12,4,160-5,[]
TX,1118.097792747,274984.291834131,4631171.972985148,1.2,706,12,4,176-25,[]
TX,1118.11706347,290059.696006862,4642395.537227113,1.2,183,9,4,113-27,[]
TX,1118.120264259,271620.293463049,4630645.119227476,1.2,1867,12,4,339-27,[]
TX,1118.49665543,291840.090419231,4642549.131912436,1.2,2480,12,4,76-23,[]
TX,1118.791733249,292165.91410256,4642935.296725941,1.2,2631,12,4,95-1,[]
TX,1119.29361928,289970.320108188,4643287.869216776,1.2,959,12,4,211-24,[]
TX,1119.436410736,290508.985143696,4643375.484452972,1.2,243,12,4,124-27,[]
TX,1119.601967404,291081.490874075,4641935.270821882,1.2,600,9,4,160-1,[]
TX,1119.636851322,290069.417322273,4642512.424392519,1.2,474,10,5,148-24,[]
TX,1119.686972083,288188.169016285,4643891.166326125,1.2,1013,12,4,221-9,[]
TX,1119.742648215,290082.481030748,4642395.617072596,1.2,537,9,4,152-28,[]
TX,1119.778075543,294136.869341818,4647413.348914123,1.2,2420,12,4,71-26,[]
TX,1119.878131829,282843.317542563,4632855.688320708,1.2,975,12,5,215-10,[]
TX,1119.903309701,272075.377321029,4629904.536972339,1.2,2086,12,4,374-29,[]
TX,1119.923191828,292253.180199078,4641927.961687444,1.2,2453,12,4,73-30,[]
TX,1119.958351229,289951.407732569,4634405.041999103,1.2,1787,12,4,330-4,[]
TX,1120.039367644,292489.937018196,4641910.213559263,1.2,2203,12,4,48-10,[]
TX,1120.103306657,290209.872480961,4642801.256323236,1.2,356,11,4,137-6,[]
TX,1120.156919083,291828.136415679,4642543.491390267,1.2,1862,12,5,339-22,[]
TX,1120.296025236,295157.89229614,4642715.751195272,1.2,1912,7,4,346-2,[]
TX,1120.317439681,292718.277822734,4641837.318840998,1.2,59,12,4,103-3,[]
TX,1120.319919732,291097.186955456,4644765.00245435,1.2,1340,12,4,264-17,[]
TX,1120.373678122,289887.447709003,4634137.72458401,1.2,2318,12,4,58-21,[]
TX,1120.441242383,293076.125148254,4643409.132846901,1.2,547,12,4,153-3,[]
TX,1120.483226251,290745.841031405,4642904.252487897,1.2,2477,11,4,76-13,[]
TX,1120.632465388,290134.166605236,4644014.154694252,1.2,1006,12,4,221-14,[]
TX,1120.665835238,291622.471150217,4644622.232050204,1.2,1194,12,4,244-13,[]
TX,1120.780983927,292318.551886922,4642046.068826806,1.2,2634,12,5,95-16,[]
TX,1120.995141359,294958.726669052,4645014.314775124,1.2,948,12,4,21-14,[]
TX,1121.009014932,294140.907656012,4647419.758474218,1.2,2426,12,4,71-4,[]
TX,1121.082946736,291124.016633499,4641163.304497427,1.2,2532,8,4,82-28,[]
TX,1121.244330924,293803.497329593,4640366.370585972,1.2,2029,12,4,363-26,[]
TX,1121.32645517,290989.016359233,4641173.637230478,1.2,780,8,5,186-27,[]
TX,1121.352103404,299786.315667423,4630294.892276114,1.2,966,12,4,214-19,[]
TX,1121.368057047,289020.670356221,4641916.043336374,1.2,55,8,4,103-19,[]
TX,1121.455201974,291125.266306012,4641375.537027883,1.2,1734,8,4,321-17,[]
TX,1121.586889025,291090.110673942,4641033.019041626,1.2,2271,8,4,53-21,[]
TX,1121.687458778,287774.464831139,4645627.936753347,1.2,982,12,4,215-25,[]
TX,1121.750225842,290677.158769743,4641308.119365241,1.2,2167,7,4,45-7,[]
TX,1121.784959575,295573.743865815,4645679.962522192,1.2,1885,12,4,340-26,[]
TX,1121.854012234,290658.593275995,4642706.480049536,1.2,742,10,4,182-11,[]
TX,1122.014726132,292670.188685834,4641775.045035582,1.2,2392,12,4,7-7,[]
TX,1122.061564235,271739.487928619,4630705.765235659,1.2,1936,12,5,349-17,[]
TX,1122.260978935,295402.612256771,4640746.555895737,1.2,769,7,5,185-6,[]
TX,1122.338050365,293258.511782368,4643170.022907316,1.2,1442,12,4,275-5,[]
TX,1122.421934763,288333.148817512,4638784.70904112,1.2,1219,12,4,246-27,[]
TX,1122.593247467,294136.534463479,4647412.165611365,1.2,2671,12,4,97-5,[]
TX,1122.664565424,290354.464207359,4637008.765225661,1.2,2552,12,4,84-14,[]
TX,1122.720643332,289440.338583496,4639468.904737656,1.2,2053,10,4,367-5,[]
TX,1122.877264442,291249.028874147,4641264.679573362,1.2,1779,9,4,330-19,[]
TX,1122.950761625,286099.431730727,4638587.161468985,1.2,37,12,4,101-4,[]
TX,1123.022589137,293709.126406296,4645348.292844492,1.2,2176,12,4,46-21,[]
TX,1123.246738791,283368.602078468,4632809.110362994,1.2,1363,12,4,267-24,[]
TX,1123.513642847,291161.718153292,4641348.052266843,1.2,590,8,4,159-16,[]
TX,1123.542631121,291092.33007966,4643698.24142017,1.2,877,12,4,200-10,[]
TX,1123.586198739,299744.069354676,4630066.976419562,1.2,577,12,4,158-10,[]
TX,1123.635653613,289773.154300667,4639515.652631995,1.2,2075,10,4,371-22,[]
TX,1123.862086432,288861.0099908,4641824.914629283,1.2,2157,9,4,45-19,[]
TX,1123.950477654,295073.703311382,4642856.042562844,1.2,2347,10,4,62-11,"[['RX_GW', 1124.609987545, 2347, 10, 4, 868.1, -130.274711926, '00:00:00:00:00:04']]"
TX,1124.259792572,292537.496237566,4643127.616496902,1.2,1111,12,4,237-10,[]
TX,1124.309308785,290868.127461913,4642261.458908273,1.2,2516,10,4,81-12,[]
TX,1124.334470563,290732.757984074,4642908.193987131,1.2,810,11,4,190-16,[]
TX,1124.395533402,291865.174910059,4642558.690258023,1.2,700,12,4,174-6,[]
TX,1124.463682013,291624.678250923,4644619.274144734,1.2,957,12,4,211-13,[]
TX,1124.544278743,273759.464785412,4630642.833319718,1.2,2324,12,4,59-17,[]
TX,1124.910052085,292644.61789051,4642410.985275237,1.2,724,12,4,181-13,[]
TX,1125.26416488,291719.685634493,4642156.993767868,1.2,2542,11,4,83-18,[]
TX,1125.383497723,289944.57199294,4634412.692389523,1.2,2641,12,4,95-7,[]
TX,1125.47393169,290533.708881766,4643228.738991685,1.2,524,12,4,151-5,[]
TX,1125.604565004,289835.158357079,4642383.283507951,1.2,161,10,4,111-28,[]
TX,1125.767445253,290746.605783988,4642883.729021439,1.2,1382,11,4,269-2,[]
TX,1125.780476523,290837.662631916,4638356.973168228,1.2,997,12,4,220-14,[]
TX,1125.927675688,290190.993776251,4643841.512939837,1.2,658,12,4,167-20,[]
TX,1125.999696256,287095.705930486,4634226.996949259,1.2,1870,12,5,339-4,[]
TX,1126.021227318,287896.375828865,4644003.867675413,1.2,100,12,4,107-24,[]
TX,1126.063393848,271672.466814696,4630654.301867588,1.2,1383,12,5,269-20,[]
TX,1126.462436029,291034.571636571,4641924.951922699,1.2,2390,9,4,7-5,[]
TX,1126.467671727,295145.450042193,4642708.485939234,1.2,1847,8,4,337-25,[]
TX,1126.68886446,293607.301374243,4641912.997251575,1.2,1774,12,4,330-11,[]
TX,1126.710547388,293705.845614259,4645359.61567953,1.2,2616,12,5,93-19,[]
TX,1126.845826587,292510.142124381,4638492.293106032,1.2,1676,12,4,310-29,[]
TX,1126.91153785,286661.9360802,4641682.395586349,1.2,1489,12,5,287-4,[]
TX,1127.068957498,289228.316562858,4642334.373047404,1.2,847,10,4,197-18,"[['RX_GW', 1127.728468348, 847, 10, 4, 868.1, -130.586300574, '00:00:00:00:00:02']]"
TX,1127.195628633,295650.175513077,4645572.691580443,1.2,2184,12,4,47-13,[]
TX,1127.305988727,294093.259564316,4642123.678729714,1.2,608,10,4,160-6,[]
TX,1127.343510016,291557.713915961,4642157.256958026,1.2,1547,11,4,297-7,[]
TX,1127.408416415,292317.620886159,4642048.733278853,1.2,238,12,4,124-2,[]
TX,1127.460547997,295388.106808497,4645464.795297001,1.2,2185,12,4,47-14,[]
TX,1127.726181267,295144.89443913,4642710.511006093,1.2,2221,8,4,50-11,"[['RX_GW', 1127.933594598, 2221, 8, 4, 868.1, -125.207607893, '00:00:00:00:00:04']]"
TX,1127.805550484,298140.363218835,4637576.898308878,1.2,1470,12,4,284-25,[]
TX,1127.813788423,291771.677415733,4642633.039456786,1.2,230,12,4,124-1,[]
TX,1127.871900219,296717.022970717,4635741.030607769,1.2,1051,12,4,226-3,[]
TX,1127.953865714,287838.856346777,4635419.983404893,1.2,2574,12,4,85-11,[]
TX,1128.006266366,289829.093809093,4643468.479555828,1.2,1092,12,4,232-18,[]
TX,1128.135293512,288324.004923422,4638766.901565575,1.2,1216,12,4,246-14,[]
TX,1128.246290552,289304.481850797,4642052.285142168,1.2,711,8,4,178-19,[]
TX,1128.404446539,291080.634862395,4641968.0147454,1.2,651,9,4,166-8,[]
TX,1128.485473987,291059.165350278,4644031.657871172,1.2,50,12,5,102-5,[]
TX,1128.673962268,292046.561409422,4636951.51057638,1.2,1300,12,4,256-7,[]
TX,1128.75564227,296732.375106323,4646483.314347978,1.2,1000,12,4,220-26,[]
TX,1128.81351011,290933.446132788,4642092.320656457,1.2,2592,9,4,88-14,[]
TX,1129.678657491,277922.508070607,4632429.743248808,1.2,646,12,4,163-30,[]
TX,1129.880894589,273715.504229611,4630603.187691302,1.2,978,12,4,215-14,[]
TX,1129.943209501,285189.078398972,4640740.734345774,1.2,604,12,5,160-21,[]
TX,1129.949440941,294942.663284672,4636174.574432691,1.2,640,12,4,163-24,[]
TX,1129.986711145,291248.827983236,4642074.327722842,1.2,1558,12,4,3-11,[]
TX,1130.018715656,291534.204314656,4641419.813770021,1.2,32,11,4,101-25,[]
TX,1130.111042178,289675.930308291,4641164.746026818,1.2,2346,7,4,61-7,[]
TX,1130.113363153,291714.741702237,4642145.751266344,1.2,630,11,4,163-11,[]
TX,1130.175938254,295193.855922535,4633768.907242358,1.2,318,12,4,130-5,[]
TX,1130.226053018,299147.342411749,4636078.276640248,1.2,493,12,4,149-6,[]
TX,1130.299609947,290769.857170579,4637884.043687894,1.2,1154,12,5,24-12,[]
TX,1130.401003636,290385.448462268,4643405.207857302,1.2,419,12,4,140-3,[]
TX,1130.420341565,289613.305265398,4643524.239592509,1.2,496,12,4,150-17,[]
TX,1130.468891528,274337.69031358,4630709.588042314,1.2,1376,12,4,269-1,[]
TX,1130.565156353,286337.662812248,4634559.950335382,1.2,2527,12,4,82-23,[]
TX,1130.595468336,289228.544287593,4642391.219036849,1.2,2599,12,5,91-17,[]
TX,1130.756473271,290266.409503581,4636438.379394144,1.2,495,12,4,150-16,[]
TX,1131.074358076,290922.637270092,4643943.408510162,1.2,2335,12,4,61-17,[]
TX,1131.328387738,291462.704514929,4643808.438690848,1.2,876,12,4,199-27,[]
TX,1131.587485814,295112.832162654,4642702.199131272,1.2,150,8,4,110-25,"[['RX_GW', 1131.794899175, 150, 8, 4, 868.1, -125.350050538, '00:00:00:00:00:04']]"
TX,1131.643272151,289652.178075796,4643507.860097633,1.2,378,12,4,139-12,[]
TX,1132.272708367,291374.116553005,4638524.706229335,1.2,2540,12,4,83-1,[]
TX,1132.40553767,290418.509155262,4643858.938950278,1.2,2172,12,5,46-18,[]
TX,1132.410673262,291021.926698352,4644007.635834328,1.2,866,12,4,198-27,[]
TX,1132.448519435,273765.962552724,4630701.557287386,1.2,1987,12,4,358-17,[]
TX,1132.463321013,290991.434100578,4644442.345890359,1.2,1083,12,4,231-27,[]
TX,1133.222122587,289967.393784673,4634422.359040432,1.2,1660,12,4,31-27,[]
TX,1133.243076332,292343.697405613,4642250.487291632,1.2,1411,12,4,273-18,[]
TX,1133.25834048,289590.853209654,4646224.112532614,1.2,1713,12,4,318-15,[]
TX,1133.416621304,291241.431109407,4641254.263465344,1.2,1301,9,4,259-17,[]
TX,1133.6308337,292706.707787557,4641792.891050081,1.2,1669,12,5,310-1,[]
TX,1133.653837175,294324.45050962,4642717.259516913,1.2,2387,11,5,7-21,[]
TX,1133.732643947,290764.532281524,4642871.073606558,1.2,851,11,4,197-3,[]
TX,1133.744005279,292232.028722944,4642276.575737385,1.2,1797,12,4,332-19,[]
TX,1133.763460633,292913.682567022,4642613.383304629,1.2,1414,12,4,273-21,[]
TX,1133.835304823,291632.789653633,4644610.060806117,1.2,408,12,4,140-18,[]
TX,1133.954624204,291405.579167041,4641316.210082882,1.2,1894,9,4,341-18,[]
TX,1134.018034439,292642.106479235,4641767.571257248,1.2,1951,12,5,351-3,[]
TX,1134.178855877,292224.806077345,4641923.034803226,1.2,267,12,4,127-19,[]
TX,1134.217179332,289644.777173275,4635508.055107221,1.2,1841,12,4,337-10,[]
TX,1134.330943076,292383.447119133,4641983.083817922,1.2,344,12,4,137-20,[]
TX,1134.484288077,286740.232233107,4641386.042059399,1.2,1649,12,4,31-14,[]
TX,1134.502253181,290408.610516,4635975.779522565,1.2,48,12,4,102-3,[]
TX,1134.683487675,291038.478662259,4644011.57408309,1.2,2465,12,4,75-23,[]
TX,1134.715448131,287975.082945739,4634534.413261218,1.2,1513,12,4,290-1,[]
TX,1134.924470085,292326.747276139,4642043.924985334,1.2,1315,12,4,260-6,[]
TX,1135.076299993,285219.699586238,4633366.941687033,1.2,1239,12,4,250-18,[]
TX,1135.080986472,290343.373524785,4641438.975578031,1.2,1878,7,5,340-12,[]
TX,1135.098530966,292353.33816364,4643112.948234199,1.2,39,12,4,101-6,[]
TX,1135.138626168,288980.788049772,4640033.799482335,1.2,1801,9,4,332-25,[]
TX,1135.242201099,291253.278374596,4640378.592529038,1.2,1138,10,5,239-23,[]
TX,1135.381003134,291140.448091531,4640351.278409964,1.2,1241,9,5,250-20,[]
TX,1135.481855701,292329.503435718,4642042.656182659,1.2,802,12,4,19-1,[]
TX,1135.586587843,291935.362474539,4642578.686019779,1.2,2672,12,5,97-6,[]
TX,1135.71545124,294393.278316016,4643082.202333803,1.2,893,12,4,201-25,[]
TX,1135.800139669,291028.293642535,4641945.659829248,1.2,1789,9,4,330-7,[]
TX,1135.802404904,291741.04064104,4642157.888026083,1.2,2168,11,4,46-1,[]
TX,1135.81939992,289274.061104401,4640466.626362462,1.2,2052,7,5,367-4,[]
TX,1136.036277906,293572.782928127,4642027.272492523,1.2,1868,10,4,339-28,[]
TX,1136.141733471,292054.599449569,4643960.122742054,1.2,2626,12,4,93-30,[]
TX,1136.232159403,296751.180278029,4646469.617601321,1.2,1699,12,5,315-5,[]
TX,1136.24488594,286632.266880127,4641695.202673011,1.2,1401,12,5,270-25,[]
TX,1136.245717959,298048.802538625,4646607.585965269,1.2,1015,12,4,222-13,[]
TX,1136.314449711,291976.891479905,4643703.268163989,1.2,71,12,4,104-4,[]
TX,1136.443258552,294987.308803904,4642703.241317409,1.2,1433,8,4,275-16,"[['RX_GW', 1136.650672145, 1433, 8, 4, 868.1, -124.16597437, '00:00:00:00:00:04']]"
TX,1136.492364887,295605.883812879,4645543.00308101,1.2,2179,12,4,46-6,[]
TX,1136.778855289,290152.706637218,4635345.773293608,1.2,1581,12,4,303-29,[]
TX,1136.97774036,291007.461016739,4642248.370912981,1.2,1463,11,4,282-3,[]
TX,1137.062279211,290860.66440326,4642272.316453744,1.2,1466,10,4,282-6,[]
TX,1137.179831229,290712.371513136,4641308.572968578,1.2,151,7,4,110-26,[]
TX,1137.221724058,295607.597063007,4645573.007050068,1.2,2234,12,4,50-27,[]
TX,1137.224153,290696.354487336,4641293.755669124,1.2,2338,7,5,61-20,[]
TX,1137.52001109,291067.677087015,4644055.835251662,1.2,2624,12,4,93-29,[]
TX,1137.541109674,291665.144591609,4642136.959425469,1.2,1171,11,4,24-3,[]
TX,1137.621548266,289984.047277243,4637815.20491999,1.2,666,12,4,169-24,[]
TX,1137.678810416,293408.713522899,4644451.091236567,1.2,1900,12,4,341-5,[]
TX,1137.710987234,291860.31750115,4642565.591008927,1.2,2593,12,5,88-22,[]
TX,1137.715502437,291248.547205732,4642265.767520845,1.2,1040,11,5,226-18,[]
TX,1137.725901284,290092.527235607,4641534.467996841,1.2,2576,7,4,85-13,[]
TX,1137.90084726,291552.894822837,4641294.536160986,1.2,2423,10,4,71-29,[]
TX,1138.133237501,292323.521877504,4642048.88613262,1.2,823,12,4,194-10,[]
TX,1138.148338995,289431.781432343,4635046.004266712,1.2,2355,12,4,66-20,[]
TX,1138.361412061,284416.812011497,4640400.168923163,1.2,2544,12,4,83-20,[]
TX,1138.478982491,291030.072177157,4641944.471478617,1.2,2539,9,4,82-9,"[['RX_GW', 1138.850748986, 2539, 9, 4, 868.1, -128.992415781, '00:00:00:00:00:02']]"
TX,1138.684130291,290913.95309614,4641687.340731076,1.2,1995,8,4,358-4,[]
TX,1138.732983995,273265.389826258,4630023.599381051,1.2,707,12,4,176-27,[]
TX,1138.757030374,291809.097801098,4642517.119135238,1.2,730,12,4,181-22,[]
TX,1138.819719816,291175.879804489,4640453.830584211,1.2,2669,9,5,97-3,[]
TX,1138.931845833,292930.781796066,4637900.985506691,1.2,51,12,4,102-6,[]
TX,1139.313880917,299772.500123421,4630312.182532609,1.2,968,12,5,214-20,[]
TX,1139.329140377,290877.169085311,4642324.370884545,1.2,1499,10,4,288-21,[]
TX,1139.579446316,291896.248831121,4642572.422555213,1.2,1962,12,4,353-21,[]
TX,1139.675331203,282233.58645483,4632857.442604887,1.2,1989,12,5,358-19,[]
TX,1139.733370325,291452.035174685,4641323.184614106,1.2,2144,10,5,43-6,[]
TX,1140.016094914,278735.029013471,4628450.034902618,1.2,1914,12,4,347-10,[]
TX,1140.147244483,294416.557456933,4642714.761593935,1.2,217,11,5,121-17,"[['RX_GW', 1141.628003446, 217, 11, 5, 868.1, -133.890817019, '00:00:00:00:00:04']]"
TX,1140.238035813,290258.190525099,4634988.133049849,1.2,2427,12,4,71-5,[]
TX,1140.27948577,290991.134536925,4639067.829996766,1.2,2070,10,4,369-6,[]
TX,1140.362537921,293816.035180252,4644262.511312478,1.2,1949,12,4,351-20,[]
TX,1140.445617919,290741.513941535,4640706.175771585,1.2,1203,7,4,245-10,[]
TX,1140.601320134,298988.476159914,4640843.431794432,1.2,825,12,4,194-12,[]
TX,1140.609528253,292336.855863677,4642317.753719053,1.2,2237,12,4,50-3,[]
TX,1140.831720824,289770.936777436,4643208.762295745,1.2,620,12,5,162-27,[]
TX,1140.890481933,293504.200535848,4643378.545484022,1.2,2632,12,5,95-12,[]
TX,1141.100689323,272338.311499735,4630156.199630549,1.2,1852,12,4,338-4,[]
TX,1141.226746431,294600.248808172,4647689.479220985,1.2,96,12,4,107-13,[]
TX,1141.308238795,290104.987671756,4643323.220954123,1.2,1606,12,4,305-4,[]
TX,1141.523284936,291927.504640122,4642579.118842689,1.2,383,12,4,139-25,[]
TX,1141.534803328,290874.590538607,4642262.628097517,1.2,938,10,5,206-9,[]
TX,1141.544666401,290067.922718741,4634510.238701737,1.2,628,12,4,163-1,[]
TX,1141.61584972,272083.56573335,4630398.780621506,1.2,200,12,4,119-23,[]
TX,1141.762602605,275914.883436723,4631805.381805345,1.2,471,12,4,148-21,[]
TX,1141.763256279,295613.703738646,4641902.081422311,1.2,798,7,4,188-4,"[['RX_GW', 1141.878250486, 798, 7, 4, 868.1, -95.997377713, '00:00:00:00:00:04']]"
TX,1141.779660061,298963.073692032,4640405.607120068,1.2,2658,12,5,97-18,[]
TX,1142.063904091,271976.9408193,4630599.938406976,1.2,2073,12,5,371-20,[]
TX,1142.357119836,291042.874663547,4641357.690732621,1.2,849,9,4,197-20,[]
TX,1142.386327406,290207.485031902,4635365.933720699,1.2,202,12,4,119-25,[]
TX,1142.48077621,289683.490057921,4638753.764029864,1.2,2541,12,4,83-17,[]
TX,1142.520576818,290371.993359026,4635091.823193604,1.2,2123,12,4,42-13,[]
TX,1142.655899922,293052.883130923,4642971.802791084,1.2,479,12,4,148-3,[]
TX,1142.680250414,291988.646210711,4643708.586792283,1.2,222,12,4,121-29,[]
TX,1142.699868854,291093.330765102,4641031.089884077,1.2,1030,8,4,223-27,[]
TX,1142.886126553,286733.158359998,4645864.262432224,1.2,2296,12,4,56-20,[]
TX,1143.034454119,290114.253888082,4635350.650527846,1.2,2512,12,4,80-6,[]
TX,1143.214742388,272223.982233344,4630077.870851584,1.2,836,12,5,195-18,[]
TX,1143.283979421,276703.351616839,4631373.123090055,1.2,1937,12,4,349-18,[]
TX,1143.328934051,289918.719419408,4638771.104249099,1.2,295,10,4,129-22,[]
TX,1143.56585102,293451.650838648,4642748.110250816,1.2,70,11,4,104-3,"[['RX_GW', 1145.046612807, 70, 11, 4, 868.1, -134.469007491, '00:00:00:00:00:04']]"
TX,1143.661101368,290956.422928722,4643932.435472841,1.2,166,12,4,112-2,[]
TX,1143.701738681,292109.045942641,4642625.917287366,1.2,2380,12,4,68-4,[]
TX,1143.742407635,292639.918779203,4641769.297174267,1.2,504,12,4,150-4,[]
TX,1143.794089927,293238.643268704,4640222.177073097,1.2,2030,12,4,363-27,[]
TX,1143.926615386,293385.84614385,4640078.902419668,1.2,801,12,4,188-7,[]
TX,1144.069880684,290629.22819538,4646622.865711801,1.2,2428,12,5,71-6,[]
TX,1144.202374711,289761.44853253,4642296.921754562,1.2,1339,11,4,264-16,"[['RX_GW', 1145.683132892, 1339, 11, 4, 868.1, -133.624939668, '00:00:00:00:00:02']]"
TX,1144.30427316,289721.139314572,4641857.647262917,1.2,1892,7,4,340-8,[]
TX,1144.317365753,291980.127588549,4643715.819599515,1.2,1505,12,4,29-12,[]
TX,1144.342235159,284480.40323999,4632919.904184559,1.2,2663,12,5,97-23,[]
TX,1144.755200778,289320.168362042,4639756.998598759,1.2,1221,9,4,248-17,[]
TX,1144.786066696,273703.307326419,4630630.029980503,1.2,194,12,4,115-28,[]
TX,1144.965812562,286471.246050245,4639502.010772455,1.2,1307,12,4,259-4,[]
TX,1145.019116302,289633.680432069,4646720.409013393,1.2,2345,12,5,61-6,[]
TX,1145.305459071,291133.127780342,4641389.248486261,1.2,606,8,5,160-4,[]
TX,1145.345350358,295120.959437273,4642695.223893849,1.2,452,8,5,147-11,"[['RX_GW', 1145.552763685, 452, 8, 5, 868.1, -125.18576429, '00:00:00:00:00:04']]"
TX,1145.433628572,292692.814192191,4637128.332957701,1.2,629,12,4,163-10,[]
TX,1145.514290206,295116.054336964,4642704.63251738,1.2,2503,8,5,8-21,[]
TX,1145.562388519,291043.548806064,4641118.001726098,1.2,2396,8,4,70-19,[]
TX,1145.636284759,294139.432829795,4647412.025870535,1.2,99,12,5,107-23,[]
TX,1145.758373683,290089.638816167,4642404.282039408,1.2,887,9,4,201-11,"[['RX_GW', 1146.1301402, 887, 9, 4, 868.1, -128.353570413, '00:00:00:00:00:02']]"
TX,1145.760355618,295013.511484052,4644802.664721217,1.2,1488,12,4,287-3,[]
TX,1145.919949202,299743.709529276,4630057.238610237,1.2,840,12,4,195-3,[]
TX,1145.921102018,292718.764494194,4641710.056492003,1.2,2117,12,4,41-28,[]
TX,1145.921983149,272123.292956438,4630293.140390219,1.2,1916,12,4,347-13,[]
TX,1145.978755797,292337.125833604,4637417.177118614,1.2,2462,12,4,75-20,[]
TX,1146.134399836,291544.122845989,4638772.399105501,1.2,447,12,4,145-27,[]
TX,1146.315586601,286561.753969296,4634495.79085382,1.2,190,12,4,115-24,[]
TX,1146.497689301,291493.085945241,4642428.233593872,1.2,2329,12,4,60-13,[]
TX,1146.697755248,291515.92833552,4641494.969119692,1.2,1599,11,4,305-20,[]
TX,1146.721978603,291831.086735254,4641602.991189923,1.2,2334,12,4,60-26,[]
TX,1146.730709088,272094.214768421,4629846.364382426,1.2,1910,12,4,344-5,[]
TX,1146.794924519,291990.359482723,4643708.350540034,1.2,2472,12,4,75-8,[]
TX,1147.396734201,291861.766146545,4642563.555737134,1.2,1781,12,4,330-21,[]
TX,1147.704682707,292750.878238619,4642104.155560019,1.2,2233,12,5,50-26,[]
TX,1147.748952452,290803.352058565,4638131.436490784,1.2,829,12,4,194-24,[]
TX,1147.868499555,290997.154359711,4640934.014676161,1.2,1080,7,4,231-24,[]
TX,1147.97566295,291840.68963864,4642559.694125142,1.2,188,12,4,115-13,[]
TX,1148.203366203,291850.659372098,4642558.054385584,1.2,133,12,4,11-18,[]
TX,1148.236131291,291678.027706798,4642109.369405817,1.2,2336,11,5,61-18,[]
TX,1148.27194417,292269.177052892,4641976.13770522,1.2,2,12,5,100-13,[]
TX,1148.351081705,291875.271032391,4642565.173431906,1.2,1231,12,4,249-15,[]
TX,1148.469868671,290421.355853742,4641817.123440345,1.2,1335,9,4,262-27,[]
TX,1148.704852927,290669.580686704,4641295.873940215,1.2,1205,7,4,245-12,[]
TX,1148.732268689,294185.062382417,4647445.344910468,1.2,2254,12,4,51-2,[]
TX,1148.741423219,284560.123336503,4633015.936845776,1.2,503,12,4,150-30,[]
TX,1148.99831182,292392.090197856,4637339.424930939,1.2,996,12,4,22-28,[]
TX,1149.081557919,290734.816588929,4644879.277928513,1.2,2088,12,4,39-11,[]
TX,1149.380879266,291931.672144838,4642598.818566598,1.2,2483,12,4,76-26,[]
TX,1149.468515195,289554.585250112,4641862.751163847,1.2,186,8,4,115-11,[]
TX,1149.697186801,291301.785141281,4639839.486039171,1.2,1258,11,4,254-11,[]
TX,1149.71217343,291025.091418668,4641771.809924576,1.2,976,9,4,215-12,[]
TX,1149.787965013,292133.331507171,4642206.25318128,1.2,2337,12,4,61-19,[]
TX,1149.900791006,295164.856595758,4642741.582876712,1.2,1738,8,5,321-21,"[['RX_GW', 1150.108204397, 1738, 8, 5, 868.1, -124.188914177, '00:00:00:00:00:04']]"
TX,1150.004943163,292053.841334777,4641790.4736122,1.2,438,12,5,143-26,[]
TX,1150.04152395,293060.131708842,4643338.321750002,1.2,2651,12,4,96-7,[]
TX,1150.118995772,290281.543715508,4642864.367526937,1.2,476,11,5,148-26,[]
TX,1150.169970973,292320.915933241,4642043.703772504,1.2,2019,12,4,363-12,[]
TX,1150.474122384,290355.276288888,4639959.522543816,1.2,411,7,4,140-20,[]
TX,1150.539826103,288841.512324779,4645481.629788125,1.2,1456,12,4,28-28,[]
TX,1150.662780864,292310.156719481,4642048.701787716,1.2,1131,12,5,239-13,[]
TX,1150.969538653,293611.325774016,4641920.752577351,1.2,575,12,4,157-6,[]
TX,1151.013301642,291560.512645679,4639865.079500002,1.2,2068,12,4,369-20,[]
TX,1151.197804651,291913.445566681,4642573.792170159,1.2,2435,12,5,72-15,[]
TX,1151.210425848,289647.234992479,4641976.679379328,1.2,1480,8,4,287-21,[]
TX,1151.421282472,296717.23805976,4635095.989977447,1.2,562,12,4,155-30,[]
TX,1151.49709377,292309.092236204,4642052.32794842,1.2,291,12,4,129-11,[]
TX,1151.569489668,294130.300087932,4647406.752444278,1.2,538,12,4,152-8,[]
TX,1151.626175378,291746.70756295,4639238.106027357,1.2,1289,12,4,256-19,[]
TX,1151.639290577,287456.371383652,4641216.416315858,1.2,2416,12,5,71-20,[]
TX,1151.744443314,289667.291612221,4645678.855171051,1.2,752,12,4,182-5,[]
TX,1151.813187977,290141.320285021,4643548.934815541,1.2,1438,12,4,275-20,[]
TX,1151.859220411,291752.973959774,4642571.634111495,1.2,1257,12,4,254-10,[]
TX,1151.976154238,299770.062610869,4630299.594808744,1.2,2367,12,4,67-3,[]
TX,1152.018110776,291021.388302432,4644009.23879009,1.2,2227,12,5,50-17,[]
TX,1152.03285814,273763.438712137,4630721.824120208,1.2,1991,12,5,358-21,[]
TX,1152.14220466,292282.126236679,4637958.74823195,1.2,2461,12,4,75-19,[]
TX,1152.192453725,273751.836286491,4630712.405557586,1.2,1988,12,4,358-18,[]
TX,1152.213083118,273779.595317254,4630622.427216908,1.2,2311,12,4,57-24,[]
TX,1152.239623035,286742.576440068,4641335.041963947,1.2,699,12,4,174-5,[]
TX,1152.289185415,293680.542554896,4639688.724689154,1.2,2280,12,4,55-18,[]
TX,1152.928391436,286400.929879887,4640757.879043016,1.2,1276,12,4,254-30,[]
TX,1152.942236586,290346.766575992,4642710.653529861,1.2,1391,11,4,269-7,[]
TX,1152.954887396,293216.889481822,4642667.751471196,1.2,1443,12,4,275-6,[]
TX,1153.008293063,290918.790196295,4639060.532024462,1.2,1577,10,4,301-27,[]
TX,1153.033924385,290512.082537611,4641373.3185544,1.2,287,7,4,128-5,[]
TX,1153.269212516,292671.233260834,4643694.086099816,1.2,1814,12,4,334-18,[]
TX,1153.347612315,291669.398320592,4642108.542608982,1.2,1926,11,4,348-19,[]
TX,1153.393830397,291899.746735022,4642361.633993987,1.2,2257,12,4,51-24,[]
TX,1153.646032217,285233.670566041,4642515.799498373,1.2,1532,12,4,293-20,[]
TX,1153.807232878,282701.427170629,4639998.670929237,1.2,171,12,4,112-30,[]
TX,1153.927148089,291716.566635561,4642133.93123577,1.2,1771,11,4,326-6,[]
TX,1154.031990982,292408.656577353,4644428.373433485,1.2,376,12,5,139-10,[]
TX,1154.075260938,292590.381497802,4641473.782475296,1.2,382,12,4,139-24,[]
TX,1154.083328482,295117.182756347,4642679.171694735,1.2,1444,8,4,275-7,[]
TX,1154.148336184,292343.749608206,4642045.816920624,1.2,1162,12,4,24-2,[]
TX,1154.313194624,292914.886783811,4640527.631830107,1.2,1341,12,4,264-18,[]
TX,1154.414853388,293099.733850461,4642992.300526717,1.2,2266,12,5,51-7,[]
TX,1154.429692724,291392.208458591,4642029.465682134,1.2,1036,10,4,226-12,"[['RX_GW', 1155.08920433, 1036, 10, 4, 868.1, -132.585615987, '00:00:00:00:00:02']]"
TX,1154.487418201,292323.890061635,4642051.163309513,1.2,1149,12,4,239-8,[]
TX,1154.768122443,299783.790341922,4645115.829098676,1.2,237,12,5,124-19,[]
TX,1154.857465405,271714.902864864,4630605.217179829,1.2,1535,12,5,293-3,[]
TX,1154.86120213,297525.122872642,4640919.959638778,1.2,2017,11,4,363-1,[]
TX,1154.979567252,291584.784473358,4640983.846012279,1.2,352,11,4,137-3,[]
TX,1155.10780174,284490.025554431,4632919.358903788,1.2,2076,12,4,371-23,[]
TX,1155.175880162,292320.382271084,4642039.644470528,1.2,2023,12,4,363-17,[]
TX,1155.495025748,273667.799766092,4630636.473663913,1.2,1521,12,5,290-4,[]
TX,1155.650415193,292307.554450623,4642046.472525099,1.2,2092,12,4,39-23,[]
TX,1155.653813862,292028.041904982,4643705.628779906,1.2,1908,12,4,344-3,[]
TX,1156.049955161,290577.48358856,4635653.751428412,1.2,1373,12,4,268-5,[]
TX,1156.064102658,292310.362917551,4642048.867930814,1.2,1941,12,5,349-23,[]
TX,1156.068318733,302111.906902023,4640255.538109937,1.2,1436,12,5,275-19,[]
TX,1156.142551682,292312.504054705,4642112.994285119,1.2,136,12,4,11-29,[]
TX,1156.143396578,293639.74440268,4645917.724845404,1.2,398,12,4,14-7,[]
TX,1156.286053889,290893.051530447,4638617.685456021,1.2,2488,12,4,79-17,[]
TX,1156.318016124,286631.498913395,4641118.350627655,1.2,587,12,5,158-8,[]
TX,1156.319725443,292824.980280261,4642175.868484737,1.2,423,12,4,141-10,[]
TX,1156.446583352,292728.084079814,4641839.214942376,1.2,693,12,4,174-17,[]
TX,1156.523915146,293771.897350975,4640470.00102832,1.2,973,12,4,214-6,[]
TX,1156.757917073,288517.395569882,4642842.435655345,1.2,263,12,4,126-9,[]
TX,1156.838679536,297550.189868173,4640873.258822092,1.2,294,11,4,129-14,"[['RX_GW', 1158.319439798, 294, 11, 4, 868.1, -134.185663859, '00:00:00:00:00:04']]"
TX,1157.260482227,292322.045911459,4641984.094093157,1.2,1155,12,5,24-13,[]
TX,1157.309010783,299603.405869787,4627195.152683965,1.2,964,12,5,214-17,[]
TX,1157.512305785,290067.444830983,4639995.771773877,1.2,1621,7,4,308-12,[]
TX,1157.682636482,272836.302854676,4629745.362119916,1.2,2131,12,4,43-11,[]
TX,1157.814990304,292783.537018477,4640090.676770312,1.2,1655,12,4,31-2,[]
TX,1157.983375793,290782.728655744,4637969.870876603,1.2,1164,12,5,24-21,[]
TX,1158.091656369,293116.515644162,4640298.487103742,1.2,1440,12,4,275-3,[]
TX,1158.226852929,294317.791800722,4641325.951110027,1.2,2577,10,4,85-14,[]
TX,1158.305483756,286713.040195005,4641700.257296434,1.2,1791,12,4,332-10,[]
TX,1158.514821094,291662.787918912,4640876.916999131,1.2,585,10,4,158-26,[]
TX,1158.631058279,291756.524334012,4642518.642446275,1.2,373,12,4,138-7,[]
TX,1158.658465053,290681.161041229,4641307.176839081,1.2,2150,7,4,44-25,[]
TX,1158.720437341,287546.321352435,4641988.664090115,1.2,2353,12,4,66-18,[]
TX,1158.726816054,292090.7933934,4641821.32180374,1.2,2406,12,4,71-10,[]
TX,1158.816199344,288394.48352976,4641372.466776225,1.2,2357,10,4,66-3,[]
TX,1158.841019987,290838.95710524,4642275.733068489,1.2,1153,10,4,24-11,[]
TX,1158.956046691,288859.352818501,4634695.816511191,1.2,1730,12,4,320-27,[]
TX,1158.961080896,292095.878402438,4640707.04494465,1.2,2161,12,5,45-29,[]
TX,1158.991105758,294185.396368455,4641876.789983455,1.2,1679,10,4,310-4,"[['RX_GW', 1159.650616375, 1679, 10, 4, 868.1, -132.477028885, '00:00:00:00:00:04']]"
TX,1159.097233738,287910.16299588,4644001.037347879,1.2,1068,12,4,229-6,[]
TX,1159.113618429,298108.147526131,4640971.295064789,1.2,799,12,4,188-5,[]
TX,1159.130913157,292677.483900698,4642815.996139378,1.2,2287,12,5,55-6,[]
TX,1159.336559077,295623.805895059,4645551.115260497,1.2,2200,12,4,47-5,[]
TX,1159.794284317,292172.518692216,4642934.385395216,1.2,642,12,4,163-26,[]
TX,1159.962048003,290141.15003317,4635321.539399386,1.2,909,12,4,203-12,[]
TX,1160.011584584,292531.739862992,4642896.473843045,1.2,897,12,5,202-11,[]
TX,1160.058158061,289865.898410486,4643031.559717918,1.2,760,12,4,184-26,[]
TX,1160.273521756,290473.111039928,4650817.930652329,1.2,254,12,5,125-14,[]
TX,1160.376044478,289807.212988627,4642399.322706703,1.2,533,10,4,152-14,[]
TX,1160.403895904,289682.298844357,4642646.19116748,1.2,2083,11,4,372-24,[]
TX,1160.744658321,291667.152409689,4642105.126924153,1.2,1212,11,5,245-28,[]
TX,1160.746314334,291191.220352498,4644708.981613969,1.2,451,12,4,147-10,[]
TX,1160.776438655,291301.54778204,4644964.409542178,1.2,507,12,4,150-7,[]
TX,1160.893328262,293263.79543471,4639495.337048356,1.2,1810,12,4,332-9,[]
TX,1160.953560812,271613.476114873,4630635.500288714,1.2,2519,12,4,81-24,[]
TX,1161.000805601,292709.067814898,4643574.027775738,1.2,694,12,4,174-18,[]
TX,1161.015200367,291715.008450568,4644113.580334145,1.2,130,12,4,109-7,[]
TX,1161.029737295,290445.198932868,4650825.858096696,1.2,701,12,4,174-7,[]
TX,1161.148614126,291818.769163393,4642544.685568919,1.2,311,12,4,130-23,[]
TX,1161.252736959,285651.735852373,4633425.91113111,1.2,1834,12,4,336-29,[]
TX,1161.285221155,289950.122725521,4634408.71743201,1.2,1775,12,4,330-12,[]
TX,1161.316359379,296938.714364879,4645551.85702306,1.2,2256,12,5,51-21,[]
TX,1161.325362466,291924.176253731,4642598.468997302,1.2,783,12,5,186-9,[]
TX,1161.405342014,292322.450960077,4642043.959306069,1.2,652,12,4,166-9,[]
TX,1161.452337752,291792.197187635,4644110.141151927,1.2,2537,12,4,82-7,[]
TX,1161.693618583,289333.531634122,4640113.737912256,1.2,1063,7,4,229-20,[]
TX,1161.70372636,290134.580612185,4635349.167996268,1.2,409,12,4,140-19,[]
TX,1161.719012552,286679.182999312,4645778.987797075,1.2,1362,12,5,267-14,[]
TX,1161.730733635,290102.276189743,4640908.710419141,1.2,526,7,4,151-7,[]
TX,1161.747974669,291728.486825244,4642140.227289739,1.2,2170,11,4,46-16,[]
TX,1161.800833613,289595.814352076,4641760.31479958,1.2,2165,7,4,45-5,[]
TX,1161.970338893,289232.484420255,4642510.657396623,1.2,1074,10,5,231-14,[]
TX,1162.169825636,293667.030128027,4642642.187938626,1.2,2231,10,5,50-24,"[['RX_GW', 1162.829338632, 2231, 10, 5, 868.1, -130.726537806, '00:00:00:00:00:04']]"
TX,1162.188619985,289941.497088295,4634397.56984981,1.2,1758,12,4,324-26,[]
TX,1162.235809233,294372.573081232,4643080.411410903,1.2,1087,12,4,231-6,[]
TX,1162.243028111,290984.082071861,4639058.492893791,1.2,1812,10,4,334-16,[]
TX,1162.244300132,292565.348530827,4642912.13107679,1.2,28,12,5,101-2,[]
TX,1162.378674069,292429.054397578,4637260.367666749,1.2,1818,12,4,334-3,[]
TX,1162.562555722,287818.293202307,4629618.231709583,1.2,1179,12,4,241-12,[]
TX,1162.815966972,285681.907630446,4639732.242527618,1.2,2277,12,4,54-23,[]
TX,1162.935095749,290182.101935195,4643767.175146428,1.2,729,12,4,181-21,[]
TX,1162.986135328,291727.705253561,4642150.631244737,1.2,2047,11,4,367-23,[]
TX,1163.107670776,294383.610979352,4643077.912918823,1.2,1135,12,4,239-19,[]
TX,1163.147875146,291248.176073489,4639789.727368377,1.2,1184,11,4,241-26,[]
TX,1163.199322024,289802.542584445,4643226.793693474,1.2,259,12,4,125-28,[]
TX,1163.223121646,283185.145984946,4633211.231473245,1.2,1267,12,4,254-2,[]
TX,1163.348133762,288327.561186734,4644343.822079998,1.2,2343,12,5,61-4,[]
TX,1163.598338347,292733.937671561,4642775.56421587,1.2,1980,12,5,357-4,[]
TX,1163.603385189,290587.339389788,4642296.336381122,1.2,1961,10,4,353-20,[]
TX,1163.644047569,291141.125862173,4642927.118661335,1.2,177,12,5,113-11,[]
TX,1163.808120982,291139.576664142,4641233.264689771,1.2,2332,8,5,60-22,[]
TX,1163.902804099,291167.7656309,4642479.574665569,1.2,367,11,5,138-27,[]
TX,1163.917930999,296909.183124685,4647280.210203604,1.2,394,12,4,14-3,[]
TX,1163.938706388,292108.03739665,4641758.205713818,1.2,1614,12,5,306-3,[]
TX,1163.957060156,285487.692694191,4642602.376330075,1.2,1045,12,4,226-23,[]
TX,1164.270524649,293687.77481644,4642817.018548604,1.2,256,12,4,125-25,[]
TX,1164.279019636,292320.74311356,4643378.666277012,1.2,1786,12,4,330-3,[]
TX,1164.287764837,290732.329002045,4642904.977825254,1.2,1009,11,4,221-24,[]
TX,1164.292824986,290296.049213866,4640315.264769661,1.2,1693,7,4,315-17,[]
TX,1164.388748977,288638.026527834,4648743.140378453,1.2,1704,12,5,317-17,[]
TX,1164.591846647,290347.114128434,4640397.767900689,1.2,1927,7,4,348-20,[]
TX,1164.728049487,288396.858283808,4635006.161275264,1.2,655,12,4,167-17,[]
TX,1164.763156286,299080.499215176,4636049.557746684,1.2,2327,12,4,59-5,[]
TX,1164.88468044,290281.558386328,4643370.909532816,1.2,1101,12,4,233-12,[]
TX,1165.12424658,291036.635538422,4644065.238709999,1.2,223,12,4,121-3,[]
TX,1165.322219565,286069.277933142,4640610.228747016,1.2,2493,12,5,79-4,[]
TX,1165.48713378,287531.141885923,4641963.479738384,1.2,2340,12,4,61-29,[]
TX,1165.600738134,289923.19276653,4647685.754185015,1.2,722,12,5,181-11,[]
TX,1165.659280377,291850.306479016,4642558.975834552,1.2,490,12,5,149-2,[]
TX,1165.699973494,290056.044980368,4642390.92080637,1.2,384,9,4,139-26,[]
TX,1165.721915051,290094.453876391,4640899.900218021,1.2,1591,7,4,305-13,[]
TX,1165.784294885,292125.667762565,4642384.088267973,1.2,665,12,4,169-10,[]
TX,1165.886420965,291761.493570094,4642635.833283336,1.2,728,12,5,181-20,[]
TX,1165.906244745,289210.012499493,4642062.308441323,1.2,1538,9,4,293-5,[]
TX,1165.917851687,289225.071801407,4642412.849388386,1.2,1160,12,4,24-18,[]
TX,1166.005805552,290372.470938973,4641091.187024864,1.2,510,7,4,151-13,[]
TX,1166.064036762,288705.696774773,4644027.278760143,1.2,1094,12,4,232-20,[]
TX,1166.091978972,293726.399231869,4645352.593629492,1.2,1512,12,5,29-9,[]
TX,1166.508160713,292659.9581707,4643060.682281097,1.2,290,12,5,129-10,[]
TX,1166.7939328,292262.902771271,4642284.898997611,1.2,1978,12,4,357-20,[]
TX,1166.835157609,290860.693210921,4642271.481143778,1.2,1310,10,4,260-18,[]
TX,1166.926336003,292935.765924781,4641203.961880257,1.2,1677,12,4,310-3,[]
TX,1167.022538977,292709.206335791,4641605.984123923,1.2,1255,12,4,253-28,[]
TX,1167.137371596,290818.361879,4642280.390422877,1.2,1459,10,4,282-17,[]
TX,1167.232004335,289617.887174632,4642241.351815827,1.2,534,9,5,152-25,[]
TX,1167.249936238,271872.179285817,4630624.184147665,1.2,1838,12,4,336-5,[]
TX,1167.349947614,273756.236071454,4630637.778722785,1.2,1750,12,4,322-7,[]
TX,1167.372353381,273858.748185822,4631211.438736222,1.2,1403,12,4,270-28,[]
TX,1167.394731893,291865.527254739,4642566.050852021,1.2,2436,12,4,72-16,[]
TX,1167.415140065,291854.119540243,4642519.005668957,1.2,280,12,4,128-2,[]
TX,1167.548190757,291334.255234598,4639997.388763323,1.2,1969,10,4,353-7,[]
TX,1167.554115651,285091.640754293,4633444.025917297,1.2,2049,12,4,367-27,[]
TX,1167.870407114,292215.785172379,4642677.975807929,1.2,135,12,4,11-21,[]
TX,1167.964441145,292523.862762684,4642797.861865883,1.2,824,12,5,194-11,[]
TX,1168.01819659,299225.33670813,4642580.723139501,1.2,2505,12,4,8-4,[]
TX,1168.06216779,289317.842012094,4639752.011993458,1.2,2057,9,4,367-9,[]
TX,1168.102678897,273700.709312785,4630609.157854459,1.2,1733,12,4,320-9,[]
TX,1168.15058109,288246.364298426,4620974.424980335,1.2,990,12,4,22-13,[]
TX,1168.213122611,290961.208259248,4642851.987082542,1.2,30,12,5,101-21,[]
TX,1168.414161031,293476.643819645,4644524.282217618,1.2,2300,12,4,56-26,[]
TX,1168.444293427,291038.715276019,4641924.262389054,1.2,2282,9,5,55-20,[]
TX,1168.523479474,294309.133902842,4639032.707311315,1.2,680,12,4,172-18,[]
TX,1168.545768725,291502.248806439,4643027.353455199,1.2,1648,12,4,31-13,[]
TX,1168.584936033,271644.128856849,4630656.06698351,1.2,1402,12,4,270-27,[]
TX,1168.605092871,291672.386534159,4641472.737439375,1.2,1971,11,4,356-27,[]
TX,1168.617837304,291085.069704826,4641928.402405899,1.2,2191,9,4,47-20,[]
TX,1168.774034303,290015.267112945,4642387.533775413,1.2,300,9,4,129-28,[]
TX,1168.826826376,286625.558010766,4644666.779585172,1.2,1913,12,5,346-4,[]
TX,1168.864776342,290050.806151524,4642390.554461543,1.2,703,9,4,175-29,[]
TX,1168.984328491,292312.341964596,4642039.138397713,1.2,2033,12,5,363-30,[]
TX,1169.120207069,290985.038132818,4641982.927996464,1.2,35,10,4,101-29,[]
TX,1169.180523697,301217.193268697,4640838.983044165,1.2,2028,12,4,363-25,[]
TX,1169.223977748,291242.589213228,4642286.562595026,1.2,2650,11,4,96-6,[]
TX,1169.271713709,290220.652328529,4644200.578046036,1.2,1144,12,4,239-3,[]
TX,1169.551966019,289600.918928503,4642359.235240882,1.2,873,10,4,199-23,[]
TX,1169.74317107,287848.300686511,4634440.654970373,1.2,1909,12,5,344-4,[]
TX,1169.823398513,290819.686078724,4638210.900565064,1.2,195,12,4,119-10,[]
TX,1169.841026413,290687.694179761,4641288.791247927,1.2,762,7,4,185-18,[]
TX,1170.047319178,299743.004727174,4630051.093558743,1.2,2215,12,4,49-10,[]
TX,1170.104109959,293373.167365522,4646514.966227802,1.2,365,12,4,138-25,[]
TX,1170.104487697,292522.987406052,4642916.241876826,1.2,1778,12,4,330-18,[]
TX,1170.31988806,291999.592732335,4643707.794119482,1.2,2011,12,4,362-17,[]
TX,1170.334385325,295648.189127602,4636727.286272366,1.2,2521,12,5,82-10,[]
TX,1170.377611794,291073.531271262,4644049.968460391,1.2,227,12,4,121-6,[]
TX,1170.380079764,301468.535362684,4645225.647430096,1.2,109,12,4,109-13,[]
TX,1170.387447997,289966.389929323,4639937.834174176,1.2,1766,8,4,326-20,[]
TX,1170.396620886,287147.119348657,4634214.220740841,1.2,515,12,4,151-21,[]
TX,1170.524803681,292110.546524424,4642227.86182573,1.2,1453,12,4,28-24,[]
TX,1170.825602733,291470.139340748,4642400.607246881,1.2,906,12,4,202-27,[]
TX,1170.862086843,271659.349574287,4630723.575841083,1.2,984,12,4,215-28,[]
TX,1170.975716057,288729.22054618,4635191.503758008,1.2,2446,12,4,72-29,[]
TX,1171.016992599,291773.046673379,4640791.261403766,1.2,1493,12,5,287-8,[]
TX,1171.252688707,291165.971022157,4640253.896630825,1.2,317,10,4,130-4,[]
TX,1171.31969883,292261.150666701,4643887.746758679,1.2,1931,12,4,348-7,[]
TX,1171.398125977,292322.775269011,4642277.79411859,1.2,2429,12,4,71-7,[]
TX,1171.578053875,273681.762276982,4630635.271322549,1.2,1921,12,5,347-28,[]
TX,1171.867837617,291620.501360504,4641434.495410826,1.2,751,11,4,182-4,[]
TX,1171.901106758,293272.645915896,4643175.505389856,1.2,688,12,4,173-22,[]
TX,1172.117330934,286699.676846319,4645104.561404874,1.2,1364,12,4,267-25,[]
TX,1172.119470926,290957.083955742,4639065.798074944,1.2,593,10,4,159-19,[]
TX,1172.180855249,291023.772031421,4644014.338792885,1.2,894,12,4,201-26,[]
TX,1172.195090141,290145.765181556,4643336.376285818,1.2,580,12,5,158-13,[]
TX,1172.380300627,291036.12328253,4641173.978213688,1.2,1904,8,4,344-2,[]
TX,1172.413308927,294185.158799232,4646814.295109658,1.2,2246,12,4,51-12,[]
TX,1172.691594636,289857.728073642,4641776.464843274,1.2,772,7,5,186-11,[]
TX,1172.725023804,293773.986991104,4642853.945000777,1.2,1084,12,5,231-3,[]
TX,1173.054225305,290103.456446372,4634605.907536952,1.2,124,12,5,109-29,[]
TX,1173.207956354,289633.675048934,4643498.627448428,1.2,1661,12,4,31-28,[]
TX,1173.406314924,295128.341764039,4642737.473558236,1.2,107,8,4,109-11,[]
TX,1173.436158826,292327.960181218,4642045.705161098,1.2,2636,12,4,95-19,[]
TX,1173.55627194,289314.559536713,4639758.603418528,1.2,1643,9,4,309-7,[]
TX,1173.710117774,273675.103810097,4630627.580947513,1.2,429,12,4,141-23,[]
TX,1173.788682666,291989.763790446,4643712.866114262,1.2,1697,12,4,315-21,[]
TX,1174.104171066,286656.894922829,4645783.504234258,1.2,68,12,4,104-20,[]
TX,1174.339056294,290806.094901046,4644359.520246039,1.2,890,12,4,201-22,[]
TX,1174.389360993,298816.647269166,4635860.933110295,1.2,1855,12,4,339-11,[]
TX,1174.417721214,292248.471839766,4638747.290675789,1.2,139,12,5,11-5,[]
TX,1174.481548801,292528.457942082,4642920.391715631,1.2,553,12,4,155-1,[]
TX,1174.652275537,293769.555013188,4645622.063322577,1.2,98,12,4,107-22,[]
TX,1175.004690672,296452.332414969,4652930.890177636,1.2,2670,12,5,97-4,[]
TX,1175.019996623,292359.448552639,4644009.667062416,1.2,933,12,4,206-25,[]
TX,1175.08651018,288046.881054586,4646161.150064898,1.2,792,12,4,187-6,[]
TX,1175.137530528,291661.3114543,4642124.982242178,1.2,113,12,4,109-17,[]
TX,1175.181319606,290343.967855575,4633877.46890338,1.2,951,12,4,21-26,[]
TX,1175.313587738,290667.768915894,4641325.082453964,1.2,1584,7,4,304-19,[]
TX,1175.319184173,292409.27788926,4641904.225579878,1.2,216,12,4,121-1,[]
TX,1175.376033532,290367.968790436,4635076.94608664,1.2,2333,12,4,60-25,[]
TX,1175.447478293,289066.985729917,4641813.317016521,1.2,2208,9,5,48-24,[]
TX,1175.548107144,290569.89275744,4645917.57815875,1.2,691,12,5,173-26,[]
TX,1175.55103546,290051.343331617,4639676.297563412,1.2,1387,9,4,269-30,[]
TX,1175.590699349,292258.288008913,4637844.893842786,1.2,793,12,4,187-7,[]
TX,1175.719698641,288319.197096377,4638756.255454415,1.2,2550,12,4,84-12,[]
TX,1175.902332014,292234.299945912,4643251.709111648,1.2,1960,12,4,353-2,[]
TX,1175.904147459,291857.703629154,4642555.574774789,1.2,776,12,5,186-23,[]
TX,1176.160615315,289715.128557902,4647164.647824185,1.2,268,12,4,127-2,[]
TX,1176.376091381,291888.519850046,4641648.242741194,1.2,2354,12,4,66-19,[]
TX,1176.740101639,294876.182036273,4647334.100546305,1.2,717,12,4,179-18,[]
TX,1177.215870646,291670.386461763,4642099.342635266,1.2,767,11,4,185-4,[]
TX,1177.249594578,273697.571986464,4630601.492338535,1.2,1864,12,4,339-24,[]
TX,1177.374301886,291839.12373201,4642555.52838032,1.2,548,12,5,153-30,[]
TX,1177.49466853,300792.774000638,4645752.846426605,1.2,2411,12,4,71-16,[]
TX,1177.656677036,295514.902305481,4645847.747528764,1.2,393,12,4,14-21,[]
TX,1177.728724225,291236.051377373,4639778.220938946,1.2,1906,11,4,344-21,[]
TX,1178.141924067,291705.855988769,4642787.655128929,1.2,853,12,4,197-5,[]
TX,1178.172272996,293251.368933609,4639497.782998774,1.2,2031,12,5,363-28,[]
TX,1178.175218572,289978.447368047,4637836.604524151,1.2,2545,12,4,83-21,[]
TX,1178.465757113,289568.299866619,4642426.84011672,1.2,1275,9,5,254-3,[]
TX,1178.61192229,289331.305669994,4646218.448654836,1.2,779,12,4,186-26,[]
TX,1178.62714562,292151.779436153,4642933.278020103,1.2,1195,12,5,244-14,[]
TX,1178.69073511,290980.255944145,4639055.014971028,1.2,864,10,4,198-25,[]
TX,1178.707665572,291903.662635011,4645086.254149745,1.2,2603,12,4,91-21,[]
TX,1178.741038395,290613.522404404,4635617.525390336,1.2,2142,12,5,43-4,[]
TX,1178.767473352,271627.90501138,4630652.392959685,1.2,1725,12,4,320-10,[]
TX,1178.847907587,290838.743447301,4640535.951774463,1.2,1010,7,4,221-27,"[['RX_GW', 1178.962904284, 1010, 7, 4, 868.1, -120.658961044, '00:00:00:00:00:02']]"
TX,1178.96636342,293413.645493594,4642923.589033052,1.2,1854,12,4,339-10,[]
TX,1179.321071741,290191.456564382,4635351.913907377,1.2,377,12,4,139-11,[]
TX,1179.375495729,271682.813221607,4630709.287579263,1.2,1208,12,4,245-24,[]
TX,1179.5380969,289325.22624839,4648358.358388821,1.2,229,12,5,122-19,[]
TX,1179.548280451,293205.855589512,4644054.519054173,1.2,1056,12,5,226-8,[]
TX,1179.793303626,271892.239013218,4630087.359045682,1.2,946,12,4,21-12,[]
TX,1179.836297226,288008.420542286,4641751.04431444,1.2,1100,12,5,233-10,[]
TX,1179.917721901,295863.785199288,4649145.329114205,1.2,2468,12,4,75-27,[]
TX,1179.97043883,292707.145906152,4641798.226620711,1.2,754,12,4,182-7,[]
TX,1180.043075382,291185.576110142,4641310.172366465,1.2,386,8,4,139-28,[]
TX,1180.186135105,291056.38150195,4644026.439062945,1.2,869,12,5,199-11,[]
TX,1180.319696732,297446.475194864,4641384.861303409,1.2,2260,12,5,51-27,[]
TX,1180.333004043,291871.209603954,4642560.536999643,1.2,2525,12,4,82-14,[]
TX,1180.433879253,299689.52904602,4641883.480802632,1.2,2666,12,4,97-26,[]
TX,1180.569497592,290822.882405726,4635540.994912203,1.2,2589,12,5,87-28,[]
TX,1180.607629336,290676.818180854,4641303.109772664,1.2,794,7,4,188-19,[]
TX,1180.631731382,290243.483472159,4636521.168200315,1.2,1240,12,5,250-19,[]
TX,1180.637488207,291164.523037579,4641967.731578734,1.2,2339,10,4,61-21,[]
TX,1180.743445882,287721.789399079,4645800.30303015,1.2,1359,12,4,267-11,[]
TX,1180.853654187,291851.127022899,4642558.715298149,1.2,53,12,4,103-1,[]
TX,1180.874376105,296035.240328761,4647512.326709375,1.2,2229,12,4,50-2,[]
TX,1180.918479449,285733.199907075,4633624.463593102,1.2,1624,12,4,308-22,[]
TX,1180.942043059,291204.320410338,4641286.813195525,1.2,288,8,5,128-6,[]
TX,1180.97251343,292353.829632026,4642007.872507814,1.2,2162,12,4,45-3,[]
TX,1180.995088497,290309.433250806,4641520.726915727,1.2,928,7,5,206-11,[]
TX,1181.247214372,287551.307278347,4641987.488499622,1.2,1425,12,4,274-20,[]
TX,1181.285514653,292058.585684613,4643003.362991067,1.2,1890,12,4,340-6,[]
TX,1181.332268568,290866.071153056,4642319.879544041,1.2,1495,10,5,288-17,[]
TX,1181.336458513,292553.975328929,4642899.835397717,1.2,2608,12,5,91-5,[]
TX,1181.418242764,289946.619532979,4634417.899360106,1.2,2317,12,5,58-20,[]
TX,1181.595882399,291054.438724292,4642397.016548263,1.2,1608,10,4,305-7,[]
TX,1181.791703965,291982.653005418,4641729.904707358,1.2,885,12,4,200-28,[]
TX,1181.806565027,291053.090079863,4644052.04763237,1.2,461,12,4,147-8,[]
TX,1181.85805788,292438.726515612,4641385.269371607,1.2,1640,12,5,309-30,[]
TX,1181.860180393,289068.566258648,4642621.97880285,1.2,1934,12,4,349-13,[]
TX,1182.494264553,292015.06199703,4642614.28159885,1.2,664,12,4,167-7,[]
TX,1182.604361768,290816.180564356,4641856.649059979,1.2,482,8,4,148-6,"[['RX_GW', 1182.811775545, 482, 8, 4, 868.1, -124.619074554, '00:00:00:00:00:02']]"
TX,1182.625880391,296755.632078405,4646471.827638012,1.2,1507,12,5,29-14,[]
TX,1182.670550034,293706.562426841,4643407.82233464,1.2,2447,12,4,72-3,[]
TX,1182.795858548,295605.430869725,4645549.408155396,1.2,2171,12,4,46-17,[]
TX,1182.811784198,280587.941893529,4632656.936107537,1.2,1287,12,5,256-17,[]
TX,1182.876148137,287455.091910764,4639342.977740549,1.2,2113,12,5,41-24,[]
TX,1182.946547586,289396.651530425,4641739.207345322,1.2,1133,7,4,239-17,"[['RX_GW', 1183.061544405, 1133, 7, 4, 868.1, -119.785458596, '00:00:00:00:00:02']]"
TX,1183.058246532,291240.981982609,4641298.748961911,1.2,1610,9,5,306-16,[]
TX,1183.132462611,292450.888332443,4643499.932640631,1.2,1347,12,4,264-6,[]
TX,1183.206412609,283100.822357181,4642845.393264318,1.2,1188,12,4,242-13,[]
TX,1183.45385505,282586.42906977,4639675.718357222,1.2,2115,12,4,41-26,[]
TX,1183.504845234,290212.346348062,4641465.270826442,1.2,788,7,5,187-3,"[['RX_GW', 1183.619840772, 788, 7, 5, 868.1, -115.4220746, '00:00:00:00:00:02']]"
TX,1183.522265227,290843.463654652,4642280.844176462,1.2,846,10,4,197-17,[]
TX,1183.592581765,289944.534892848,4641598.915588505,1.2,826,7,4,194-14,[]
TX,1183.647477064,284461.475704536,4632952.758469868,1.2,1166,12,4,24-25,[]
TX,1184.094558374,292701.312043554,4641818.745928012,1.2,1132,12,4,239-14,[]
TX,1184.100029768,290269.99247334,4635881.254080626,1.2,1236,12,5,249-6,[]
TX,1184.121631834,294130.770544547,4647412.73114235,1.2,535,12,5,152-26,[]
TX,1184.307546112,291481.076757418,4642489.160465765,1.2,612,12,5,162-12,[]
TX,1184.396271889,294981.915918673,4642698.97969368,1.2,1478,8,5,287-19,[]
TX,1184.476333382,290972.363607847,4641940.830465444,1.2,341,9,4,137-18,[]
TX,1184.493396387,292145.342506424,4642205.975414781,1.2,228,12,4,121-7,[]
TX,1184.938764254,293113.525229263,4642322.750815135,1.2,2206,12,5,48-13,[]
TX,1185.010751998,290448.696940547,4643684.172202283,1.2,1882,12,5,340-22,[]
TX,1185.181207607,292524.844926324,4642907.887929412,1.2,1795,12,5,332-14,[]
TX,1185.230230109,292177.704457502,4642190.452257239,1.2,1537,12,4,293-4,[]
TX,1185.241560769,290684.667773638,4641302.651978428,1.2,1588,7,4,305-10,[]
TX,1185.291819672,291746.999070925,4639494.925356044,1.2,917,12,4,204-12,[]
TX,1185.325475571,291031.493378152,4641557.80032961,1.2,748,10,5,182-23,[]
TX,1185.506055374,290313.357109872,4643360.485139004,1.2,2059,12,4,368-19,[]
TX,1185.5568268,273515.363145061,4630984.262383484,1.2,2351,12,4,62-28,[]
TX,1185.583894087,292220.177590688,4641918.155603468,1.2,1283,12,4,256-11,[]
TX,1185.794006094,292573.221509169,4641281.413416873,1.2,6,12,5,100-24,[]
TX,1185.837065936,290518.009673037,4637404.216594976,1.2,1253,12,4,253-26,[]
TX,1185.987928558,294132.097753528,4647410.594218615,1.2,95,12,5,107-12,[]
TX,1186.001492498,290104.311031064,4635292.661638985,1.2,656,12,4,167-18,[]
TX,1186.13775644,290732.485167076,4642895.998280868,1.2,1081,11,4,231-25,[]
TX,1186.207168852,294395.734294419,4643082.77456596,1.2,1088,12,5,231-7,[]
TX,1186.399778333,275914.029597704,4631804.580266295,1.2,1295,12,4,256-27,[]
TX,1186.742951693,299748.913773785,4630058.148003944,1.2,1198,12,4,244-24,[]
TX,1186.842570332,271859.929750295,4630655.347021298,1.2,2063,12,5,368-5,[]
TX,1186.857446311,291467.896809672,4642059.893417392,1.2,41,12,4,102-1,[]
TX,1186.91279941,291387.381767268,4642032.3176282,1.2,2101,10,5,40-13,[]
TX,1186.936331465,273720.031792267,4630647.5909578,1.2,1526,12,5,291-4,[]
TX,1187.00695038,289118.776831314,4640527.664902315,1.2,1222,7,5,248-18,[]
TX,1187.053494878,291604.444931516,4639311.822518859,1.2,1285,12,5,256-13,[]
TX,1187.207150415,287459.09548824,4641225.783029303,1.2,272,12,4,127-4,[]
TX,1187.371857131,292000.887825164,4643710.922743485,1.2,225,12,4,121-4,[]
TX,1187.617068354,291260.283790153,4643825.345283416,1.2,2628,12,5,93-5,[]
TX,1187.650618267,294154.966364961,4647423.064898111,1.2,2261,12,5,51-28,[]
TX,1187.900972368,291241.727769885,4641248.512240293,1.2,2079,9,5,371-26,[]
TX,1188.027625133,288990.540149879,4641734.761700242,1.2,2096,8,4,39-27,[]
TX,1188.195658613,291691.718818587,4642118.408643402,1.2,346,11,4,137-24,[]
TX,1188.318347603,292109.018351271,4643632.845467873,1.2,2307,12,5,56-7,[]
TX,1188.467317133,291829.937696025,4642546.448997485,1.2,333,12,5,131-9,[]
TX,1188.54955799,292261.683889759,4638904.128977934,1.2,2473,12,4,75-9,[]
TX,1188.591552506,289169.944461616,4642530.352703276,1.2,2089,10,4,39-12,[]
TX,1188.70319136,292711.992611491,4641818.894185844,1.2,1328,12,4,261-9,[]
TX,1188.74162514,292247.9935229,4638735.181037224,1.2,2344,12,4,61-5,[]
TX,1188.905523018,289800.433728457,4642532.971576017,1.2,1393,10,5,270-11,[]
TX,1189.127417093,273683.778802396,4630610.730190239,1.2,1545,12,5,297-17,[]
TX,1189.155059343,293833.93040567,4643302.01679432,1.2,1439,12,5,275-21,[]
TX,1189.160192882,271818.945884422,4630665.656294603,1.2,2134,12,5,43-17,[]
TX,1189.400507656,292436.473434082,4642584.892610177,1.2,310,12,4,130-21,[]
TX,1189.557311536,283180.227946304,4632900.997641099,1.2,1523,12,5,290-6,[]
TX,1189.736752306,291019.766493686,4639226.803355236,1.2,2220,12,5,50-10,[]
TX,1189.759639303,295163.900146367,4642730.001776441,1.2,1777,8,5,330-17,"[['RX_GW', 1189.967052661, 1777, 8, 5, 868.1, -124.031312346, '00:00:00:00:00:04']]"
TX,1189.887016899,293310.761597214,4644288.949014267,1.2,1343,12,5,264-21,[]
TX,1189.892370694,273696.206919528,4630625.10268232,1.2,979,12,4,215-22,[]
TX,1189.932248017,276093.6130098,4631929.280364407,1.2,1256,12,5,254-1,[]
TX,1190.009508272,291021.806423381,4641932.571902564,1.2,189,9,4,115-14,[]
TX,1190.055168582,289982.208049751,4637830.971039852,1.2,1572,12,4,301-22,[]
TX,1190.066891379,273054.468246187,4629909.638845093,1.2,1622,12,5,308-13,[]
TX,1190.143280321,290463.919987394,4640630.519499675,1.2,2301,7,4,56-27,[]
TX,1190.182545912,288886.888315459,4642950.926665984,1.2,159,12,5,111-26,[]
TX,1190.209289108,288190.310382417,4643916.843466783,1.2,1007,12,4,221-22,[]
TX,1190.299317324,289924.450250566,4635391.82932365,1.2,1874,12,5,339-8,[]
TX,1190.322145698,292750.500771001,4642961.314356158,1.2,1888,12,4,340-3,[]
TX,1190.341239518,283368.711158343,4632892.749746527,1.2,1290,12,4,256-2,[]
TX,1190.403644201,291880.698812913,4640514.190116079,1.2,1919,12,5,347-25,[]
TX,1190.461212229,289159.046166403,4642598.278060899,1.2,1103,11,4,233-14,[]
TX,1190.468205042,271900.577314385,4630660.25014054,1.2,920,12,4,204-22,[]
TX,1190.528061294,293835.659623198,4643285.124259289,1.2,480,12,5,148-4,[]
TX,1190.557444563,303467.181319507,4636210.710656226,1.2,2571,12,4,84-6,[]
TX,1190.699990473,291941.654742694,4642589.409852441,1.2,839,12,5,195-21,[]
TX,1190.772027413,288836.336093193,4645508.807278385,1.2,1097,12,4,232-5,[]
TX,1190.870519463,290565.103528483,4642275.337290697,1.2,1322,9,4,261-24,[]
TX,1191.028899029,289334.815083893,4642539.514767663,1.2,442,10,4,145-13,[]
TX,1191.106121442,289217.046218013,4642070.096640932,1.2,1371,9,4,268-3,[]
TX,1191.142388855,291874.994722356,4642571.516786269,1.2,734,12,4,181-28,[]
TX,1191.152433278,291454.05255056,4641682.783542453,1.2,2106,10,5,40-27,[]
TX,1191.290822172,291994.865385209,4643706.737261648,1.2,1708,12,4,317-21,[]
TX,1191.34045232,271811.16807274,4630687.444290305,1.2,1298,12,5,256-5,[]
TX,1191.377810476,294383.129582081,4641777.70100203,1.2,24,9,4,101-16,"[['RX_GW', 1191.749576398, 24, 9, 4, 868.1, -127.632072733, '00:00:00:00:00:04']]"
TX,1191.50562652,291111.659287115,4644666.292500069,1.2,2013,12,5,362-19,[]
TX,1191.60818289,292492.365283735,4641906.450409437,1.2,889,12,5,201-14,[]
TX,1191.720960942,289634.518490323,4643597.779083764,1.2,2359,12,5,66-5,[]
TX,1191.910231301,291125.483665525,4641207.751802623,1.2,1574,8,4,301-24,[]
TX,1191.987999639,271856.210920811,4630666.797617899,1.2,1296,12,4,256-29,[]
TX,1192.113284966,289303.731567821,4639770.79776316,1.2,1430,9,5,274-6,[]
TX,1192.17054755,290063.841966908,4642752.843749015,1.2,1077,11,5,231-20,[]
TX,1192.357731463,293127.070587498,4642641.855933779,1.2,2175,12,4,46-20,[]
TX,1192.384638193,292248.430962307,4638769.599400247,1.2,594,12,5,159-20,[]
TX,1192.704440015,292717.195165408,4641841.757329097,1.2,1021,12,5,223-11,[]
TX,1192.951422239,291103.706410778,4642464.622271998,1.2,1416,11,4,273-4,[]
TX,1193.143322518,286960.326636007,4642109.088393798,1.2,2217,12,5,49-8,[]
TX,1193.239831602,292165.589365524,4639446.421716147,1.2,1780,12,4,330-20,[]
TX,1193.491566033,291844.859397476,4642553.837826665,1.2,302,12,4,130-11,[]
TX,1193.539498181,292461.468804865,4643217.04971513,1.2,2210,12,4,48-26,[]
TX,1193.543364979,288936.146642404,4643657.637483406,1.2,1356,12,4,266-27,[]
TX,1193.773624319,291483.116613729,4642500.106154321,1.2,57,11,4,103-21,[]
TX,1193.790836148,290479.535450856,4640631.155096776,1.2,601,7,4,160-19,[]
TX,1193.79385111,291989.758664738,4643715.94264724,1.2,400,12,4,140-10,[]
TX,1193.816272437,290211.3125494,4642596.218331695,1.2,172,10,4,112-4,[]
TX,1193.856451178,274087.595225733,4631142.649919877,1.2,1692,12,4,313-11,[]
TX,1194.084932404,290435.163678451,4642831.376018763,1.2,2373,12,4,68-18,[]
TX,1194.103794833,292343.941472126,4641793.065119806,1.2,2284,12,5,55-3,[]
TX,1194.264475061,292437.710434812,4641592.010611428,1.2,1853,12,5,338-5,[]
TX,1194.36237204,291065.486519779,4643410.947783128,1.2,1330,12,4,262-11,[]
TX,1194.395321074,291661.83411837,4639981.178779857,1.2,753,11,5,182-6,[]
TX,1194.406064017,273706.947433132,4630648.434187074,1.2,1196,12,5,244-22,[]
TX,1194.583999375,275286.029642334,4631385.381738054,1.2,1840,12,4,336-7,[]
TX,1194.905879467,289313.327981376,4639909.662862561,1.2,2433,8,5,72-13,"[['RX_GW', 1195.113292919, 2433, 8, 5, 868.1, -125.805861134, '00:00:00:00:00:02']]"
TX,1194.97736689,290287.038452411,4643370.623877801,1.2,775,12,5,186-22,[]
TX,1195.046094426,294559.237197852,4646330.664504004,1.2,2469,12,5,75-4,[]
TX,1195.080907718,289566.44818815,4643317.599867352,1.2,721,12,4,181-10,[]
TX,1195.127178346,291558.191647997,4640956.383239446,1.2,1210,11,4,245-26,[]
TX,1195.149198299,289940.708460289,4634384.259402011,1.2,1932,12,4,349-10,[]
TX,1195.34106711,293660.126236966,4641767.881928122,1.2,929,12,5,206-12,[]
TX,1195.359879284,292521.627749487,4642916.699001365,1.2,1633,12,5,309-18,[]
TX,1195.361893961,295630.391617598,4645565.664400689,1.2,2187,12,4,47-16,[]
TX,1195.490897498,291723.926621609,4642729.565994874,1.2,277,12,4,128-17,[]
TX,1195.587115797,291025.838966976,4644010.101313983,1.2,165,12,4,112-19,[]
TX,1195.64186277,288951.036565313,4642739.262740689,1.2,1710,11,4,317-5,[]
TX,1195.679593758,293085.614115705,4642627.907490427,1.2,1924,12,4,348-17,[]
TX,1195.707368126,292443.92056885,4644369.457333065,1.2,1709,12,5,317-4,[]
TX,1196.244381786,290869.02260214,4635895.812253733,1.2,1839,12,4,336-6,[]
TX,1196.406152223,289564.632253545,4642037.801479346,1.2,1901,7,4,341-6,[]
TX,1196.518382106,273700.988808769,4630653.361237409,1.2,704,12,4,175-30,[]
TX,1196.681007406,292324.962378389,4642050.917290702,1.2,1140,12,5,239-25,[]
TX,1196.779836215,297878.584446715,4640788.119041735,1.2,2007,12,4,361-4,[]
TX,1196.807140079,288179.899433372,4643896.26092006,1.2,784,12,4,187-17,[]
TX,1196.920873212,291703.09666815,4636434.166220013,1.2,1972,12,4,356-28,[]
TX,1197.07339535,292244.980414089,4641943.725544803,1.2,233,12,4,124-14,[]
TX,1197.291700665,286821.20504891,4634329.133420859,1.2,844,12,4,195-7,[]
TX,1197.298073019,273649.234020756,4630690.818662133,1.2,1377,12,4,269-15,[]
TX,1197.595945501,292698.947790514,4641812.641406788,1.2,1573,12,4,301-23,[]
TX,1197.834820189,294153.399823132,4647426.259076166,1.2,2252,12,4,51-18,[]
TX,1197.855247824,292745.650383892,4641858.174724228,1.2,2600,12,4,91-18,[]
TX,1198.058563597,290155.335471281,4635359.485328767,1.2,1667,12,4,31-6,[]
TX,1198.094448669,295751.876063378,4646240.35182957,1.2,812,12,4,190-18,[]
TX,1198.104255259,290136.884786413,4640089.234483825,1.2,1417,7,4,273-5,[]
TX,1198.145695111,292324.90139106,4642038.030717293,1.2,2024,12,4,363-19,[]
TX,1198.622547118,292341.321288191,4644073.446425396,1.2,1851,12,4,338-3,[]
TX,1198.684534804,289825.818368074,4647400.505226376,1.2,175,12,5,112-7,[]
TX,1198.756504586,292171.373940234,4640825.032703466,1.2,219,12,5,121-19,[]
TX,1198.803477871,291225.434904522,4642271.076907793,1.2,1562,11,4,3-24,[]
TX,1198.990081408,291055.710932439,4644021.792239388,1.2,218,12,4,121-18,[]
TX,1198.999976105,290240.935002572,4640234.324289545,1.2,1683,7,4,311-18,[]
TX,1199.050783123,292689.035077889,4641809.446607612,1.2,867,12,5,198-28,[]
TX,1199.179879129,295030.017724146,4645225.901208956,1.2,2201,12,5,47-6,[]
TX,1199.457991265,292418.457851669,4645611.924806231,1.2,1806,12,5,332-5,[]
TX,1199.480140074,290944.156662475,4635971.038527505,1.2,1454,12,4,28-25,[]
TX,1199.55144179,290051.653082917,4642394.869717909,1.2,1570,9,4,301-13,[]
TX,1199.599808097,272745.819494504,4629682.862871367,1.2,1124,12,4,238-14,[]
TX,1199.674341264,271729.515718259,4630689.393969112,1.2,1990,12,5,358-20,[]
TX,1199.925908107,290824.706696153,4641295.892420916,1.2,85,7,4,106-13,"[['RX_GW', 1200.04090478, 85, 7, 4, 868.1, -121.610167478, '00:00:00:00:00:02']]"
TX,1199.982962682,294264.439165183,4639049.23739443,1.2,2437,12,5,72-17,[]
