TX,0.051874972,273696.526970283,4630640.819940601,1.200000000,179,12,1
TX,0.066994250,292091.729000677,4643164.630190522,1.200000000,1128,12,1
TX,0.116084964,294277.617402297,4640808.643255798,1.200000000,1740,10,1
TX,0.167549363,289682.606194817,4638762.287507277,1.200000000,213,11,1
TX,0.274585503,289979.853066927,4637822.517385475,1.200000000,395,12,1
TX,0.478409230,292664.632630197,4643676.422408632,1.200000000,2633,12,1
TX,0.611743244,291857.758108219,4642559.536086139,1.200000000,58,12,1
TX,0.698829406,290736.747899888,4642882.425003292,1.200000000,408,12,1
TX,1.028280964,293205.994366444,4641020.379444924,1.200000000,1986,12,1
TX,1.088821428,271641.065226208,4630639.841926371,1.200000000,2303,12,1
TX,1.127518023,292231.996699000,4638116.378127115,1.200000000,1210,12,1
TX,1.259674798,281987.814123955,4632786.935534624,1.200000000,663,12,1
TX,1.311604951,291957.641961638,4642237.485353617,1.200000000,1567,12,1
TX,1.465747879,291136.139680368,4642472.927736413,1.200000000,2133,12,1
TX,1.608682455,292182.142745422,4643426.172252594,1.200000000,526,12,1
TX,1.732585639,290111.200769806,4641604.793356920,1.200000000,477,7,1
TX,1.738716862,298509.392689275,4645024.179936073,1.200000000,341,12,1
TX,1.776092469,292070.266636631,4640504.078520707,1.200000000,1771,12,1
TX,1.796749460,291850.896775542,4642558.801699584,1.200000000,1891,12,1
TX,1.818716544,289912.447309133,4642966.363987136,1.200000000,820,11,1
TX,1.872927623,289758.119089645,4644315.683413910,1.200000000,855,12,1
TX,1.907182926,290109.950990088,4640882.191020221,1.200000000,1142,7,1
TX,1.911145611,235922.630538304,4663590.076394306,1.200000000,2474,12,1
TX,2.144296221,290167.773824508,4643875.030516344,1.200000000,1148,12,1
TX,2.150400343,291587.988066864,4640926.776325836,1.200000000,660,10,1
TX,2.435942810,288489.674193241,4642624.603919075,1.200000000,2456,12,1
TX,2.758438366,286758.308310897,4641325.023174460,1.200000000,895,12,1
TX,2.916965937,292694.345980243,4638402.418796366,1.200000000,658,12,1
TX,3.032436228,290742.504239597,4640483.022814432,1.200000000,2212,7,1
TX,3.269792739,291021.935098949,4640554.432969021,1.200000000,913,7,1
TX,3.269935860,295715.670576210,4638159.164952192,1.200000000,2563,12,1
TX,3.281557229,292860.613711917,4641481.529799250,1.200000000,2086,12,1
TX,3.314924959,292507.090831618,4642715.105657166,1.200000000,782,12,1
TX,3.548030796,292717.423151333,4641850.334014135,1.200000000,1956,12,1
TX,3.581872732,291924.899999608,4642582.296610869,1.200000000,623,12,1
TX,3.624874412,290715.755765244,4644586.785947238,1.200000000,961,12,1
TX,3.667339650,295574.078760288,4642542.518498130,1.200000000,648,7,1
TX,3.822906803,290778.478338718,4642291.774164568,1.200000000,268,10,1
TX,3.830083179,288325.234595757,4644315.859084800,1.200000000,964,12,1
TX,4.029639260,273695.163804283,4630617.735364161,1.200000000,2561,12,1
TX,4.333567153,291881.577119314,4641646.251858945,1.200000000,483,12,1
TX,4.344931827,297676.233349002,4636719.969606325,1.200000000,66,12,1
TX,4.434472420,292982.325149382,4641492.550246454,1.200000000,374,12,1
TX,4.569571174,291239.945856816,4641289.967199801,1.200000000,528,9,1
TX,4.592626228,289839.936891555,4638713.146545332,1.200000000,1809,12,1
TX,4.640990021,293807.651754581,4643612.839765740,1.200000000,1611,12,1
TX,4.642301161,289799.407255957,4638771.313664983,1.200000000,2166,12,1
TX,4.695604829,294692.928918696,4636387.746880592,1.200000000,2723,12,1
TX,4.768130926,291173.972451008,4641401.801561276,1.200000000,1427,9,1
TX,4.772721974,290993.769003860,4641196.715688864,1.200000000,2506,8,1
TX,4.787691215,292024.297015599,4642308.308767824,1.200000000,2153,12,1
TX,4.822224030,273741.570014049,4630651.082672107,1.200000000,754,12,1
TX,4.890125272,292741.467417091,4639404.158696050,1.200000000,84,12,1
TX,4.926987347,291687.849607395,4642077.474780947,1.200000000,197,12,1
TX,4.949904379,290492.744099931,4640640.424348681,1.200000000,203,7,1
TX,5.096517493,299759.885476966,4630056.784812008,1.200000000,2359,12,1
TX,5.179819436,288984.853979894,4639970.294405896,1.200000000,1102,8,1
TX,5.260962339,290420.882852893,4640522.242760199,1.200000000,2842,7,1
TX,5.355811122,288412.207620324,4641391.126955071,1.200000000,1689,8,1
TX,5.526163603,293882.230020065,4640690.780731758,1.200000000,2525,12,1
TX,5.530833092,292287.250708009,4642033.700473089,1.200000000,727,12,1
TX,5.595833008,295120.895564826,4642690.389264220,1.200000000,2802,9,1
TX,5.659140128,290481.727596794,4640612.890012243,1.200000000,2798,7,1
TX,5.727235970,294121.402638271,4639605.509783584,1.200000000,1946,12,1
TX,5.800710550,288148.254728801,4649079.278227692,1.200000000,1533,12,1
TX,5.913232367,287146.678745906,4641145.365751309,1.200000000,810,12,1
TX,5.913665711,290353.868783868,4641814.961897871,1.200000000,1136,7,1
TX,5.938289508,292239.758633880,4638024.119058292,1.200000000,2427,12,1
TX,6.071148338,289756.647971618,4642729.870158861,1.200000000,2110,12,1
TX,6.143930083,297569.188786933,4643637.805331390,1.200000000,338,12,1
TX,6.310154477,290649.711959619,4643079.586360846,1.200000000,1376,12,1
TX,6.554921288,295000.785611323,4642732.105686204,1.200000000,2668,7,1
TX,6.777180733,295120.516873050,4642698.084856936,1.200000000,1074,9,1
TX,6.831561476,290706.077398463,4641287.279169949,1.200000000,2342,7,1
TX,6.837338354,289446.883338050,4646265.550129844,1.200000000,2082,12,1
TX,6.910185827,289747.161967146,4638754.926656053,1.200000000,1469,11,1
TX,6.942938744,291188.204637114,4641321.642038353,1.200000000,2704,10,1
TX,6.958361586,292319.258439288,4642049.267851501,1.200000000,1152,12,1
TX,6.985829573,288996.116209436,4635009.074328052,1.200000000,2500,12,1
TX,6.995272695,293238.973243112,4640224.760184996,1.200000000,1461,12,1
TX,7.005040477,291038.245435400,4641919.077512607,1.200000000,126,9,1
TX,7.010307735,291382.599708283,4641989.262055445,1.200000000,1306,10,1
TX,7.086700125,291463.210679518,4642049.926517498,1.200000000,2628,12,1
TX,7.211080240,291026.483910191,4641946.913105573,1.200000000,2716,10,1
TX,7.272304946,291807.238447641,4642476.871581287,1.200000000,1110,12,1
TX,7.432308151,290097.964732556,4640802.564360290,1.200000000,2625,7,1
TX,7.539737752,290348.713112256,4640606.982245703,1.200000000,835,7,1
TX,7.660585454,291026.581238061,4641750.966744817,1.200000000,1906,8,1
TX,7.736774512,290701.323198993,4641299.472942590,1.200000000,1054,7,1
TX,7.769945896,291502.577345847,4641333.546139410,1.200000000,1104,10,1
TX,7.824855117,289951.004272481,4641254.894814599,1.200000000,1615,7,1
TX,7.897817004,292326.722391689,4637630.600946830,1.200000000,2138,12,1
TX,7.954024722,292310.307662492,4642039.982782111,1.200000000,1950,12,1
TX,7.974399802,291055.412116598,4641687.926290275,1.200000000,5,9,1
TX,8.158465706,291948.725577293,4642577.928793025,1.200000000,2033,12,1
TX,8.159882108,292489.350723715,4641898.050447623,1.200000000,899,12,1
TX,8.279454992,290008.720478428,4641407.006336839,1.200000000,2314,7,1
TX,8.315725864,273665.145088773,4630641.393054369,1.200000000,356,12,1
TX,8.346351873,291666.076878074,4642113.679000746,1.200000000,2432,12,1
TX,8.502321147,294869.124459151,4647146.605054025,1.200000000,1383,12,1
TX,8.571273131,292716.422096257,4642685.520824511,1.200000000,1328,12,1
TX,8.707600811,290366.104082084,4641809.635679839,1.200000000,844,7,1
TX,8.746578758,273696.951355901,4630640.373152069,1.200000000,1271,12,1
TX,8.966823123,296510.829533639,4638995.684683315,1.200000000,443,12,1
TX,8.985408737,273717.589753674,4630649.879158197,1.200000000,1636,12,1
TX,8.986694521,293037.367876638,4642601.057634608,1.200000000,1234,12,1
TX,9.451996340,273678.566084338,4630624.920057622,1.200000000,757,12,1
TX,9.455946592,292978.389375379,4644179.607348164,1.200000000,2043,12,1
TX,9.488624281,291526.207691641,4644031.110058742,1.200000000,275,12,1
TX,9.713610499,292146.922556879,4642208.930298314,1.200000000,1292,12,1
TX,9.773338896,295147.719185336,4642689.801565755,1.200000000,1300,9,1
TX,9.882545740,292198.675779069,4641665.995735935,1.200000000,1484,12,1
TX,9.885316657,292640.158413339,4641769.216067540,1.200000000,150,12,1
TX,9.890907527,290347.641943476,4640377.260806587,1.200000000,221,7,1
TX,9.927316071,273687.139836965,4630618.874560674,1.200000000,1008,12,1
TX,9.986302041,271819.051194814,4630686.060100273,1.200000000,250,12,1
TX,10.103579820,291942.919869081,4642595.246858217,1.200000000,2684,12,1
TX,10.229292937,292793.374276559,4642177.320631259,1.200000000,445,12,1
TX,10.247576523,271856.461339228,4630662.495461220,1.200000000,1450,12,1
TX,10.307937824,290971.625879227,4641974.331338085,1.200000000,2828,8,1
TX,10.336350102,290361.348220548,4643408.975768791,1.200000000,2770,12,1
TX,10.347285622,290413.178473092,4641830.949486275,1.200000000,842,7,1
TX,10.416834956,294230.921822768,4642758.655653424,1.200000000,2440,10,1
TX,10.453065874,290343.984787475,4641855.098748026,1.200000000,2081,7,1
TX,10.572401620,288333.261748189,4644316.036960877,1.200000000,448,12,1
TX,10.576199111,273738.619351295,4630635.928178012,1.200000000,1808,12,1
TX,10.656382775,291382.358192085,4638526.378075935,1.200000000,63,12,1
TX,10.907221298,290378.495951346,4641454.548444563,1.200000000,96,7,1
TX,10.962661374,287694.141647203,4641434.298656553,1.200000000,391,12,1
TX,10.984073785,290368.234569454,4640433.709125026,1.200000000,605,7,1
TX,11.213459175,290315.501619820,4637057.539885381,1.200000000,693,12,1
TX,11.249806322,287735.971600626,4634317.732104360,1.200000000,1911,12,1
TX,11.293329845,288715.839535077,4643443.663187403,1.200000000,1005,12,1
TX,11.339058368,271834.992107471,4630685.201692040,1.200000000,749,12,1
TX,11.486393443,290601.135702989,4641343.073236342,1.200000000,1088,7,1
TX,11.545359087,291156.045778230,4644480.219994298,1.200000000,1096,12,1
TX,11.654451378,291728.440851593,4642149.494802386,1.200000000,1502,12,1
TX,11.795488710,287568.244346388,4634292.966178553,1.200000000,2306,12,1
TX,11.903234519,289931.797735751,4641823.646674885,1.200000000,1164,7,1
TX,12.400358724,292074.426067498,4641800.809879139,1.200000000,98,12,1
TX,12.430383610,291826.320298202,4642519.614867738,1.200000000,1890,12,1
TX,12.539671968,291843.941760023,4642486.171249886,1.200000000,543,12,1
TX,12.615384446,290455.757985845,4642379.480978644,1.200000000,2345,10,1
TX,12.759183196,287589.256445791,4641427.205199515,1.200000000,2671,12,1
TX,12.868084659,295134.358683322,4642718.595978780,1.200000000,2711,9,1
TX,13.048782645,291928.150614866,4642571.896947736,1.200000000,131,12,1
TX,13.076871871,294381.705954912,4638934.861503306,1.200000000,2841,12,1
TX,13.144342842,291621.582049242,4642871.019103568,1.200000000,2197,12,1
TX,13.281660075,291177.428788627,4641327.261047950,1.200000000,2247,10,1
TX,13.473253488,285805.822648389,4645038.353744026,1.200000000,2054,12,1
TX,13.476326154,291760.631871780,4642392.982137425,1.200000000,920,12,1
TX,13.631445084,290204.338164809,4640989.733416493,1.200000000,2764,7,1
TX,13.663456133,291841.707912990,4642494.397287935,1.200000000,272,12,1
TX,13.726137893,290948.012463096,4642082.689211933,1.200000000,1595,9,1
TX,13.822577212,289717.890948777,4647170.347930946,1.200000000,1884,12,1
TX,13.898927204,289052.200627519,4641813.101978452,1.200000000,2400,10,1
TX,13.965667692,290257.700727357,4642815.381200824,1.200000000,745,11,1
TX,13.985363070,291057.464999839,4644024.333197953,1.200000000,2616,12,1
TX,14.039150653,286183.361259444,4640639.207303221,1.200000000,2484,12,1
TX,14.640257890,289413.072947312,4645412.838109281,1.200000000,2712,12,1
TX,14.671140315,282231.941333291,4637288.481680165,1.200000000,2233,12,1
TX,14.683205297,292316.726773663,4642035.907353475,1.200000000,823,12,1
TX,14.992528762,291534.986349104,4641114.498821118,1.200000000,1743,11,1
TX,15.059614794,304756.284070103,4637765.286773522,1.200000000,372,12,1
TX,15.118787890,291914.335152789,4642578.640479077,1.200000000,1013,12,1
TX,15.120855217,292194.215432823,4642162.821458797,1.200000000,1625,12,1
TX,15.154700086,290483.160308461,4640627.009068066,1.200000000,2411,7,1
TX,15.201109289,291830.138942144,4636748.999293648,1.200000000,1505,12,1
TX,15.255588799,294091.178421784,4643375.766496949,1.200000000,585,12,1
TX,15.361876295,290058.739727275,4642392.138913101,1.200000000,108,9,1
TX,15.456154620,292183.350637292,4640648.952645364,1.200000000,1910,12,1
TX,15.467448117,291038.084793264,4641168.124318888,1.200000000,2567,8,1
TX,15.482773939,292735.756188556,4641859.702474605,1.200000000,1680,12,1
TX,15.568590941,290030.100242087,4635328.817278652,1.200000000,2005,12,1
TX,15.678772321,289610.911553764,4643501.851781864,1.200000000,2088,12,1
TX,15.721004542,294386.709352244,4642939.571502209,1.200000000,2042,10,1
TX,15.858069550,273734.624110864,4630653.104215777,1.200000000,2150,12,1
TX,15.862474799,284124.178582262,4630327.683329551,1.200000000,1447,12,1
TX,15.884338157,295136.863879590,4642723.511932140,1.200000000,1745,9,1
TX,15.896384698,290566.546489292,4646883.978417233,1.200000000,23,12,1
TX,15.936689152,292840.378051372,4641925.884575796,1.200000000,2448,12,1
TX,16.010675865,287339.306778402,4635385.235373341,1.200000000,25,12,1
TX,16.029604858,289183.854502606,4642514.324523168,1.200000000,1468,10,1
TX,16.212556108,285404.961730038,4640954.533344333,1.200000000,313,12,1
TX,16.216076997,274341.884568034,4630726.672383576,1.200000000,1245,12,1
TX,16.227888566,293193.987981936,4643707.488095858,1.200000000,2738,12,1
TX,16.437728265,301026.394013566,4645332.636516023,1.200000000,114,12,1
TX,16.475480149,289665.388285716,4641412.100030612,1.200000000,2424,7,1
TX,16.507176317,291026.709251795,4641955.286452136,1.200000000,944,10,1
TX,16.524121173,290487.612208353,4642306.291140148,1.200000000,2357,10,1
TX,16.655964885,291234.310593862,4641285.720816572,1.200000000,1605,9,1
TX,16.852098984,291997.648893514,4643714.731973802,1.200000000,186,12,1
TX,17.052255558,289100.614687152,4642470.857009280,1.200000000,1137,11,1
TX,17.122096722,290165.278267662,4643336.248054260,1.200000000,2188,12,1
TX,17.327108165,290616.730282962,4642921.687722676,1.200000000,451,12,1
TX,17.336364999,289146.847234897,4638671.781036183,1.200000000,545,12,1
TX,17.566107808,291006.806693718,4644789.442173365,1.200000000,319,12,1
TX,17.567807797,291066.011090341,4640348.206923135,1.200000000,1708,9,1
TX,17.675113206,291251.047033516,4641265.154957864,1.200000000,242,8,1
TX,17.703456194,293804.137075031,4639844.231731138,1.200000000,2022,12,1
TX,17.847790758,292771.628360109,4640805.027154292,1.200000000,1821,12,1
TX,17.892063553,290352.742672143,4646306.547217506,1.200000000,2446,12,1
TX,17.983364137,295121.358814157,4642759.276882108,1.200000000,1297,9,1
TX,18.140904529,294306.137769012,4640656.610878305,1.200000000,232,11,1
TX,18.232042713,273705.546286064,4630610.939205753,1.200000000,1525,12,1
TX,18.282839772,292720.464956472,4641846.052528047,1.200000000,2199,12,1
TX,18.324308542,292118.066036765,4643217.616629449,1.200000000,708,12,1
TX,18.527522206,293701.808493869,4645183.348565161,1.200000000,2373,12,1
TX,18.671225473,291081.922733950,4639320.436402170,1.200000000,142,11,1
TX,18.738051736,292306.021519989,4643558.032897384,1.200000000,2634,12,1
TX,18.743374594,273703.454158261,4630687.126959592,1.200000000,1614,12,1
TX,18.822454711,273622.777742635,4630725.026438087,1.200000000,811,12,1
TX,18.877421837,288240.963096872,4634811.219978771,1.200000000,2161,12,1
TX,18.910885121,286698.231291039,4645122.677592913,1.200000000,2143,12,1
TX,19.031712077,291795.322782542,4642803.870866995,1.200000000,2111,12,1
TX,19.081473692,291974.151906557,4643684.012708547,1.200000000,457,12,1
TX,19.100005313,292346.141242710,4637355.301495983,1.200000000,1161,12,1
TX,19.257359347,290767.285985760,4642932.945914304,1.200000000,2309,12,1
TX,19.535732773,291834.507100137,4642434.311327979,1.200000000,402,12,1
TX,19.549000488,292500.705994382,4642572.105503996,1.200000000,849,12,1
TX,19.994554193,295147.087153058,4642706.745949749,1.200000000,1786,9,1
TX,20.004883073,273693.081743569,4630709.620597767,1.200000000,335,12,1
TX,20.068189216,291072.247349293,4641935.442244638,1.200000000,959,9,1
TX,20.085195679,293835.640122059,4640620.671000954,1.200000000,2312,12,1
TX,20.221638960,291872.062457086,4642570.959732533,1.200000000,527,12,1
TX,20.252605134,289831.734836471,4639590.325454590,1.200000000,2072,9,1
TX,20.406835024,289519.712199481,4638040.437911707,1.200000000,1841,12,1
TX,20.468554193,292676.540911219,4641806.418664613,1.200000000,1389,12,1
TX,20.503697210,285262.405366917,4638599.823210114,1.200000000,1,12,1
TX,20.676086144,283696.004720641,4628193.466614785,1.200000000,453,12,1
TX,20.708709491,288267.815461254,4634987.884043957,1.200000000,869,12,1
TX,20.777521217,290444.264227632,4635502.644760198,1.200000000,918,12,1
TX,20.855446308,290412.756187362,4641804.421651759,1.200000000,1459,7,1
TX,21.251804386,289846.252204457,4642763.014222082,1.200000000,1421,11,1
TX,21.279622597,291071.386552283,4644038.402505181,1.200000000,1252,12,1
TX,21.403108083,291029.952472084,4641774.603978926,1.200000000,609,8,1
TX,21.453254148,290706.046179852,4641290.257674245,1.200000000,755,7,1
TX,21.457644799,289224.585559506,4642068.898577221,1.200000000,1409,8,1
TX,21.480368838,291612.621344486,4644626.082805638,1.200000000,2620,12,1
TX,21.628483081,292535.864559555,4642904.781883649,1.200000000,1583,12,1
TX,21.765602712,290668.585305140,4641309.568167086,1.200000000,2425,7,1
TX,21.899436496,291736.489582471,4641700.260738505,1.200000000,1327,11,1
TX,21.959703431,292235.925139317,4637154.056153823,1.200000000,1063,12,1
TX,21.973392057,290781.166912661,4642938.006701256,1.200000000,2421,11,1
TX,22.082687400,284612.552888723,4640562.726492045,1.200000000,1859,12,1
TX,22.268858140,289959.227934707,4640767.378125076,1.200000000,590,7,1
TX,22.451818471,299748.650825752,4630069.949043574,1.200000000,1295,12,1
TX,22.540979503,292967.251923120,4643954.768920438,1.200000000,697,12,1
TX,22.541614921,289992.792675489,4639889.199615953,1.200000000,1264,7,1
TX,22.577848773,290903.408483155,4641302.425097384,1.200000000,2592,8,1
TX,22.625594890,291223.466241117,4640819.980674609,1.200000000,2387,9,1
TX,22.660595554,291998.747088669,4643706.356187110,1.200000000,633,12,1
TX,22.689628652,291600.014072649,4640926.129705350,1.200000000,2021,10,1
TX,22.897982029,290381.619776221,4644444.641323293,1.200000000,323,12,1
TX,22.909708033,292768.066014238,4642148.345395680,1.200000000,728,12,1
TX,22.923140592,291688.253251786,4642121.205807443,1.200000000,1230,12,1
TX,22.964473854,289226.750783644,4642064.940893198,1.200000000,315,8,1
TX,23.168400679,290768.281174288,4642288.994000208,1.200000000,1573,10,1
TX,23.241411110,273705.707620208,4630618.494984671,1.200000000,1069,12,1
TX,23.330158985,292353.782866730,4641669.266981849,1.200000000,1937,12,1
TX,23.417024424,291037.041555724,4640452.943595008,1.200000000,373,8,1
TX,23.474963773,256252.401884746,4651845.327516531,1.200000000,2044,12,1
TX,23.540752007,287999.410676528,4643336.662096974,1.200000000,692,12,1
TX,23.602347613,291235.093901499,4642239.522889547,1.200000000,1173,11,1
TX,23.762903395,290149.136053429,4643336.430966075,1.200000000,298,12,1
TX,23.832539202,290049.791424300,4641522.109664978,1.200000000,2559,7,1
TX,24.064374762,292102.421036540,4642682.821914267,1.200000000,2779,12,1
TX,24.194395759,290678.634449481,4641319.532860088,1.200000000,756,7,1
TX,24.220432326,288899.033834616,4643009.620674603,1.200000000,1889,12,1
TX,24.314413931,291501.849113274,4641327.989990537,1.200000000,929,10,1
TX,24.334135013,273708.667244987,4630276.416168167,1.200000000,1371,12,1
TX,24.468714718,290609.142484770,4641302.897431191,1.200000000,305,7,1
TX,24.477479185,291023.704905946,4640596.303642156,1.200000000,7,7,1
TX,24.621446901,289941.365028432,4634396.384599807,1.200000000,1847,12,1
TX,24.713734174,289317.904807099,4639764.422556466,1.200000000,1792,9,1
TX,24.762522720,289453.569692566,4646087.393180097,1.200000000,286,12,1
TX,24.772822403,292315.515299015,4642057.740825868,1.200000000,155,12,1
TX,24.809727575,289899.302778658,4646889.914563995,1.200000000,1699,12,1
TX,24.867295187,287866.257158505,4638069.653845130,1.200000000,1978,12,1
TX,25.071694961,290383.574747565,4641806.291949953,1.200000000,2705,7,1
TX,25.125140772,290370.765385215,4641811.240232653,1.200000000,846,7,1
TX,25.306900256,290641.941605923,4646633.472415076,1.200000000,1829,12,1
TX,25.395791042,290485.982409078,4640742.672471893,1.200000000,938,7,1
TX,25.460297613,291859.276004265,4642560.498748259,1.200000000,845,12,1
TX,25.560385923,291203.846837744,4643233.323780259,1.200000000,748,12,1
TX,25.581387132,293646.489547599,4643482.290113009,1.200000000,1337,12,1
TX,25.691261525,273701.714099880,4630623.148815438,1.200000000,175,12,1
TX,25.738380046,287438.535954685,4644474.203262166,1.200000000,1830,12,1
TX,25.846016960,291228.328563592,4640400.171487760,1.200000000,208,9,1
TX,25.858939410,289875.156085088,4641677.874319769,1.200000000,766,7,1
TX,25.864103012,290690.525609156,4641318.898809204,1.200000000,768,7,1
TX,25.877668355,291984.404417960,4643704.770832977,1.200000000,463,12,1
TX,26.048961146,289197.078484877,4642511.124832305,1.200000000,259,10,1
TX,26.054195016,291510.432147741,4641971.898642205,1.200000000,2673,12,1
TX,26.423494074,292802.529743652,4641972.474398971,1.200000000,1279,12,1
TX,26.507928830,292188.531029473,4641905.481930684,1.200000000,1045,12,1
TX,26.656490528,290564.663425673,4643885.642736898,1.200000000,1761,12,1
TX,26.735721868,292766.770244119,4642055.841044877,1.200000000,2452,12,1
TX,26.983661510,289733.235599000,4641858.472631277,1.200000000,1052,7,1
TX,27.183822834,290390.679694615,4643138.626703629,1.200000000,1341,12,1
TX,27.214388563,287857.091798598,4637995.282087742,1.200000000,571,12,1
TX,27.248961191,288862.265561463,4643333.750022345,1.200000000,2325,12,1
TX,27.331981711,291813.052505518,4640473.951978989,1.200000000,2057,12,1
TX,27.532296284,288788.653005735,4641770.516677992,1.200000000,238,9,1
TX,27.537427755,298969.815167824,4630916.555710201,1.200000000,1172,12,1
TX,27.585623980,290765.527210434,4642280.178274213,1.200000000,2578,10,1
TX,27.788517735,294972.652478917,4642712.073161974,1.200000000,1299,8,1
TX,27.821869889,292147.453194052,4640271.515733344,1.200000000,2423,12,1
TX,28.050481070,291912.423780653,4642581.999884864,1.200000000,877,12,1
TX,28.087402727,291240.813124300,4641298.110114615,1.200000000,1501,9,1
TX,28.096911367,292103.694934879,4640656.133213043,1.200000000,1406,12,1
TX,28.201764790,289718.494504678,4642414.070749187,1.200000000,2434,9,1
TX,28.334000146,289810.138930873,4642394.476944570,1.200000000,1415,10,1
TX,28.407206504,290676.408062844,4641304.335488506,1.200000000,2548,7,1
TX,28.520374007,273712.435601769,4630612.166164436,1.200000000,1072,12,1
TX,28.729296586,291117.098339641,4642285.299604582,1.200000000,264,11,1
TX,28.848168463,287420.252278438,4641071.534041824,1.200000000,1420,12,1
TX,28.859055718,291569.643768236,4642079.866614510,1.200000000,1457,10,1
TX,29.146030652,292318.682124299,4642048.249952120,1.200000000,1725,12,1
TX,29.303718077,289404.107875354,4633482.838159817,1.200000000,2347,12,1
TX,29.403261564,289880.557651789,4635528.099238189,1.200000000,1591,12,1
TX,29.451154364,291078.853175996,4644026.309282257,1.200000000,859,12,1
TX,29.529434289,290705.677240801,4641302.808664998,1.200000000,2334,7,1
TX,29.894817112,290671.122014905,4641304.979112531,1.200000000,147,7,1
TX,29.948949960,290367.473893413,4641456.348518007,1.200000000,316,7,1
TX,30.052388727,273731.088372924,4630652.608619813,1.200000000,1541,12,1
TX,30.220614440,291128.610233314,4641203.461370673,1.200000000,2007,9,1
TX,30.222079387,292183.692074939,4641891.947340203,1.200000000,654,12,1
TX,30.280618741,290670.964854430,4641306.603395286,1.200000000,1112,7,1
TX,30.329347846,291250.011523294,4642262.796324570,1.200000000,1115,11,1
TX,30.779838772,286381.237259542,4640682.955136975,1.200000000,490,12,1
TX,30.831538842,291569.792939118,4641388.056393404,1.200000000,2735,11,1
TX,30.845238365,290849.944225248,4642272.427177273,1.200000000,135,11,1
TX,30.921196362,290628.845009991,4641153.100047324,1.200000000,1864,7,1
TX,30.932524854,286944.598297416,4625194.325725596,1.200000000,2313,12,1
TX,31.184562688,289196.729512523,4642837.828330362,1.200000000,2794,12,1
TX,31.203106322,290677.653277165,4641302.345109137,1.200000000,785,7,1
TX,31.394307182,273697.890800604,4630665.252873193,1.200000000,2112,12,1
TX,31.523113152,290524.739901396,4642898.920004161,1.200000000,2397,12,1
TX,31.581642587,291956.268155520,4642591.076705588,1.200000000,257,12,1
TX,31.643154933,290520.031034481,4645049.459415096,1.200000000,1988,12,1
TX,31.963992898,289663.529395133,4643509.572665283,1.200000000,1510,12,1
TX,32.293500545,289771.022586920,4640401.723524700,1.200000000,1992,7,1
TX,32.371420118,292104.037911911,4643194.325952441,1.200000000,2333,12,1
TX,33.025651371,293522.591999689,4607454.737003904,1.200000000,1186,12,1
TX,33.039371779,293602.004200718,4643438.423643203,1.200000000,942,12,1
TX,33.307227661,292293.391021713,4637640.688924256,1.200000000,2608,12,1
TX,33.334901564,291871.098616345,4642585.707592715,1.200000000,91,12,1
TX,33.443075128,298447.660357794,4642234.365896600,1.200000000,2017,12,1
TX,33.523629273,290612.961801170,4642308.286886290,1.200000000,1482,9,1
TX,33.581428575,291854.259984051,4642550.185080947,1.200000000,494,12,1
TX,33.613275827,271625.735130265,4630647.411067305,1.200000000,972,12,1
TX,33.768882165,291232.213134180,4642271.738081837,1.200000000,2118,11,1
TX,34.509063204,290129.398572223,4640820.152443985,1.200000000,2413,7,1
TX,34.573206280,290675.195691985,4641318.102215288,1.200000000,935,7,1
TX,34.641569854,291872.832415791,4640519.712109053,1.200000000,300,12,1
TX,34.844178833,295137.350354312,4642697.541592828,1.200000000,2075,9,1
TX,34.874571127,288343.447044707,4641325.698282701,1.200000000,1284,10,1
TX,35.099755856,289567.688037760,4642049.649667652,1.200000000,281,9,1
TX,35.267886015,289665.555906327,4643511.394726330,1.200000000,1174,12,1
TX,35.399142225,293042.268431810,4642614.087936145,1.200000000,1222,12,1
TX,35.426683972,291071.200523041,4639150.333787357,1.200000000,2238,12,1
TX,35.453910491,283021.452690449,4635584.826124355,1.200000000,1920,12,1
TX,35.513193110,306827.056931853,4637297.153598101,1.200000000,2481,12,1
TX,35.520261709,291745.336225630,4639674.736829023,1.200000000,107,12,1
TX,35.541738311,291691.484488874,4642117.049711409,1.200000000,2103,12,1
TX,35.678795776,292249.673041521,4641942.545628841,1.200000000,2619,12,1
TX,35.691672336,273708.578378218,4630627.836004133,1.200000000,2717,12,1
TX,35.969785713,291999.668136872,4643719.396997410,1.200000000,178,12,1
TX,35.990433834,273711.772016345,4630652.967547788,1.200000000,1268,12,1
TX,36.067742784,289651.365505304,4641755.321973893,1.200000000,2680,7,1
TX,36.071384931,271677.539622434,4630654.699347353,1.200000000,2557,12,1
TX,36.144408634,291239.238323156,4641254.778367840,1.200000000,26,8,1
TX,36.195129279,289154.833542673,4640377.514812016,1.200000000,1702,7,1
TX,36.470030570,294389.402556526,4639381.751753354,1.200000000,1153,12,1
TX,36.715138665,273717.457566812,4630632.280833798,1.200000000,1079,12,1
TX,36.947400724,293699.571410518,4645353.558792818,1.200000000,2544,12,1
TX,36.950192666,291005.924663416,4639105.108687901,1.200000000,879,12,1
TX,36.970128116,291196.661017530,4639566.131492531,1.200000000,1717,12,1
TX,37.087008663,293109.538249157,4642314.460797556,1.200000000,2442,12,1
TX,37.175773021,291946.787312846,4640713.797976130,1.200000000,1733,12,1
TX,37.293370430,293908.874989124,4640711.273733106,1.200000000,429,12,1
TX,37.495427741,287065.096403734,4634230.237118516,1.200000000,1968,12,1
TX,37.612584401,292673.373017825,4643690.164819750,1.200000000,2622,12,1
TX,37.728040303,291070.863653938,4644052.015762148,1.200000000,1392,12,1
TX,37.850300146,290460.591392848,4640630.777547292,1.200000000,2104,7,1
TX,37.868011388,273673.071611757,4630581.811042099,1.200000000,1549,12,1
TX,38.047015111,294318.934522291,4643118.713799825,1.200000000,1336,10,1
TX,38.205129803,287879.683380051,4637583.118753173,1.200000000,1907,12,1
TX,38.215197308,291256.531494602,4638583.785184708,1.200000000,1767,12,1
TX,38.221539475,285110.823842398,4636260.744439178,1.200000000,1917,12,1
TX,38.231614872,287550.189076863,4641394.669549099,1.200000000,1477,12,1
TX,38.358400454,272996.091588093,4629886.573110154,1.200000000,1064,12,1
TX,38.394162195,291924.408241746,4641682.193769418,1.200000000,1676,12,1
TX,38.731880336,273676.702343316,4630625.587363320,1.200000000,209,12,1
TX,38.759899992,293285.727935130,4643364.021749235,1.200000000,28,12,1
TX,39.090955357,284515.018602171,4631897.998813634,1.200000000,1269,12,1
TX,39.119492246,273664.193170533,4630695.750234440,1.200000000,570,12,1
TX,39.287362636,291981.613715513,4646087.443742782,1.200000000,85,12,1
TX,39.745735206,289939.907302793,4634392.598983597,1.200000000,1419,12,1
TX,39.756920507,293209.336803744,4644182.766675386,1.200000000,2840,12,1
TX,39.821920563,290382.809064821,4643407.142764569,1.200000000,931,12,1
TX,40.030357969,290253.324757573,4642799.424231385,1.200000000,1532,11,1
TX,40.044512839,294021.666631334,4644556.752665080,1.200000000,1379,12,1
TX,40.165703430,287529.652016469,4641655.348056562,1.200000000,2653,12,1
TX,40.200584372,303504.263432825,4638268.583428820,1.200000000,156,12,1
TX,40.458539620,291723.171186969,4642139.322934894,1.200000000,2551,12,1
TX,40.512651653,289339.353666848,4642244.549717261,1.200000000,2127,9,1
TX,40.613299107,290079.128188922,4640924.140351791,1.200000000,1438,7,1
TX,40.633310412,292236.086123100,4642261.745480609,1.200000000,2839,12,1
TX,40.852112671,284550.313330732,4628998.140255232,1.200000000,2663,12,1
TX,41.031017697,291698.238366813,4642111.147293794,1.200000000,240,12,1
TX,41.039148423,291041.931192889,4644055.075823084,1.200000000,632,12,1
TX,41.179977675,291941.474505843,4642611.982822942,1.200000000,2769,12,1
TX,41.295899541,288058.552167533,4639052.301688732,1.200000000,2291,12,1
TX,41.379167187,291508.486866410,4642209.241040307,1.200000000,2049,11,1
TX,41.749318894,290733.562634642,4642288.143554408,1.200000000,139,10,1
TX,41.773408136,290694.845975236,4636786.124444559,1.200000000,656,12,1
TX,41.805609314,271308.219803825,4630148.874325743,1.200000000,1818,12,1
TX,41.818419517,291035.456080300,4641740.168450635,1.200000000,1181,8,1
TX,41.860681564,288106.312562070,4634541.496812869,1.200000000,2479,12,1
TX,41.895435520,292545.256289034,4642563.712322368,1.200000000,2638,12,1
TX,41.910357963,292526.828104123,4642893.048164668,1.200000000,1857,12,1
TX,41.964425362,291022.623196707,4640555.704942100,1.200000000,870,7,1
TX,42.158170549,291864.119679897,4642557.746953068,1.200000000,265,12,1
TX,42.327543255,273697.084342826,4630645.385711102,1.200000000,1194,12,1
TX,42.425469943,284232.974483435,4630363.756157707,1.200000000,651,12,1
TX,42.457617337,273141.874358715,4630857.688080964,1.200000000,1272,12,1
TX,42.616286912,290446.848490216,4641767.071159803,1.200000000,2582,7,1
TX,42.743024297,286857.948863639,4631128.091722802,1.200000000,1122,12,1
TX,42.910232656,291028.529772326,4641190.409661701,1.200000000,185,7,1
TX,43.155750277,291506.428827545,4642433.439994989,1.200000000,2789,12,1
TX,43.218817885,290820.377869706,4642264.117920404,1.200000000,274,10,1
TX,43.353324946,291247.154298508,4641278.241426017,1.200000000,508,8,1
TX,43.378603929,290070.143508029,4642389.330317985,1.200000000,45,9,1
TX,43.405726092,291069.418911710,4641353.371766945,1.200000000,1943,9,1
TX,43.455767803,291179.875188775,4641287.878596710,1.200000000,563,10,1
TX,43.656945014,273708.118933527,4630627.385642077,1.200000000,744,12,1
TX,43.762068893,291233.118956442,4641254.172481406,1.200000000,2485,8,1
TX,43.889486610,271876.362518318,4630682.030192344,1.200000000,574,12,1
TX,44.371131395,273714.512333509,4630660.748429295,1.200000000,1973,12,1
TX,44.626835054,290136.183314869,4635351.571107492,1.200000000,1282,12,1
TX,44.639573731,299814.792498130,4634842.584449913,1.200000000,435,12,1
TX,44.668510088,292094.620554521,4643169.523911059,1.200000000,1003,12,1
TX,44.866199170,290102.727341056,4640902.646159326,1.200000000,992,7,1
TX,45.040024204,292521.890771050,4642904.804333412,1.200000000,2419,12,1
TX,45.066373905,289842.819353445,4638850.763394783,1.200000000,1621,12,1
TX,45.094811189,290415.451335702,4643851.823440738,1.200000000,2617,12,1
TX,45.590367490,293873.772289615,4640800.372191991,1.200000000,1746,12,1
TX,45.641103711,290359.012975057,4646161.850072974,1.200000000,2814,12,1
TX,45.742315685,291007.011296194,4641832.712077085,1.200000000,2332,8,1
TX,45.775885139,292867.762273159,4641931.312782378,1.200000000,945,12,1
TX,45.819705103,290510.394862313,4642100.692862351,1.200000000,2403,7,1
TX,45.871878122,292138.319660018,4642983.671293164,1.200000000,9,12,1
TX,46.070443881,289873.830139342,4638356.741947571,1.200000000,399,12,1
TX,46.092759512,271805.776377541,4630262.013217055,1.200000000,2298,12,1
TX,46.213280878,290783.993501056,4637974.585325015,1.200000000,54,12,1
TX,46.279596194,292745.688699415,4641861.098399701,1.200000000,661,12,1
TX,46.372601237,290597.686801445,4642297.097441184,1.200000000,2787,9,1
TX,46.447894829,290124.423250837,4635303.821310504,1.200000000,2759,12,1
TX,46.500782964,292523.177114213,4642918.992277423,1.200000000,2553,12,1
TX,46.521643287,273722.077412144,4630633.669553575,1.200000000,2780,12,1
TX,46.661089944,293228.821230013,4639444.064804561,1.200000000,1524,12,1
TX,46.751392871,295760.543602003,4645524.986071748,1.200000000,825,12,1
TX,46.752317045,292712.805981377,4638732.536861809,1.200000000,1120,12,1
TX,46.763297688,291107.353755942,4641357.859777556,1.200000000,568,9,1
TX,46.845805375,295782.807196339,4642551.989046815,1.200000000,1030,7,1
TX,46.912872129,292697.547778522,4640963.377527183,1.200000000,2696,12,1
TX,46.941141426,290348.013239239,4643321.223121856,1.200000000,2753,12,1
TX,47.005029063,292859.436113049,4641268.000808234,1.200000000,2834,12,1
TX,47.324546320,290612.387152464,4642304.387926572,1.200000000,314,9,1
TX,47.553569821,294059.166915111,4639278.296678412,1.200000000,1822,12,1
TX,47.992521799,292686.254443642,4641804.198202317,1.200000000,1250,12,1
TX,48.006442395,291234.961882119,4642285.010225519,1.200000000,2019,11,1
TX,48.157656336,290360.995810479,4641328.444148630,1.200000000,834,7,1
TX,48.185439622,286708.233454623,4645125.228911519,1.200000000,1356,12,1
TX,48.374549197,290657.986024897,4641299.341810497,1.200000000,1090,7,1
TX,48.464820273,290270.536781161,4642029.424632344,1.200000000,1788,8,1
TX,48.572526616,289796.969135835,4639567.692931843,1.200000000,689,9,1
TX,48.597167387,294820.733044058,4646094.145816384,1.200000000,2743,12,1
TX,48.668755410,287555.982688559,4640662.330744794,1.200000000,1472,12,1
TX,48.778844239,292716.199189531,4641834.301822241,1.200000000,669,12,1
TX,48.844704278,287504.828548477,4633326.296291108,1.200000000,1838,12,1
TX,48.925439961,292835.714326220,4641941.449051218,1.200000000,2451,12,1
TX,48.942042766,292314.689122774,4642048.561976602,1.200000000,1885,12,1
TX,48.974538009,289947.881346259,4634396.286096604,1.200000000,2356,12,1
TX,49.106728731,290301.279092689,4643370.324250412,1.200000000,1561,12,1
TX,49.128164541,290176.530886752,4641489.124181355,1.200000000,2323,7,1
TX,49.315609889,290691.351634234,4635829.225068501,1.200000000,2746,12,1
TX,49.408540892,292621.049393375,4641677.044252489,1.200000000,322,12,1
TX,49.574524935,292682.849870545,4641799.402736533,1.200000000,784,12,1
TX,49.650621513,291728.593526730,4642142.176351731,1.200000000,2436,12,1
TX,49.651850929,277870.917095438,4640537.271114733,1.200000000,1690,12,1
TX,49.677261438,289816.409838384,4641222.413787247,1.200000000,1548,7,1
TX,49.828906139,292724.275316200,4641828.058269254,1.200000000,2324,12,1
TX,49.887534272,291063.115110733,4644044.615512018,1.200000000,617,12,1
TX,49.955548460,287947.753958044,4634515.393175369,1.200000000,802,12,1
TX,50.005328515,291683.359489053,4642115.337909197,1.200000000,2742,12,1
TX,50.079217929,271547.363621330,4630134.439091119,1.200000000,303,12,1
TX,50.401657676,272474.960589192,4629869.403301964,1.200000000,807,12,1
TX,50.571139696,273694.684376812,4630660.221767459,1.200000000,145,12,1
TX,50.949380709,293312.671287896,4644273.004550155,1.200000000,403,12,1
TX,51.103823080,273702.512436341,4630604.474592960,1.200000000,1078,12,1
TX,51.314932776,289932.587923953,4642823.937272464,1.200000000,1143,11,1
TX,51.316294277,289744.610100375,4641874.395983496,1.200000000,2234,7,1
TX,51.372465394,295987.098406436,4650264.957688234,1.200000000,279,12,1
TX,51.469472447,295166.007496378,4642733.912086020,1.200000000,331,9,1
TX,51.473039925,271810.537480738,4630653.838823481,1.200000000,598,12,1
TX,51.682744885,290239.488541866,4646709.106672137,1.200000000,2733,12,1
TX,51.733380942,292527.606146513,4642819.033727434,1.200000000,537,12,1
TX,51.854940547,290615.731410770,4642288.178271014,1.200000000,2050,9,1
TX,52.054189361,285307.396366566,4633104.213204184,1.200000000,2289,12,1
TX,52.377175747,293088.124131080,4640805.908013127,1.200000000,8,12,1
TX,52.418272780,287986.566464818,4643180.987497779,1.200000000,1941,12,1
TX,52.774133341,288007.889206336,4643124.031536854,1.200000000,285,12,1
TX,52.862207730,290047.301793031,4643305.741838202,1.200000000,1432,12,1
TX,52.972954399,295143.235141494,4642719.841092824,1.200000000,93,9,1
TX,53.007307421,292074.106738710,4640498.117766645,1.200000000,207,12,1
TX,53.007361973,290338.784518932,4641883.306872413,1.200000000,246,7,1
TX,53.354633249,289961.832550749,4634418.596978560,1.200000000,2344,12,1
TX,53.411401926,290061.348984184,4642392.442697032,1.200000000,2552,9,1
TX,53.523029883,289320.019876585,4634307.589225618,1.200000000,967,12,1
TX,53.590964304,288950.572449282,4642967.423381412,1.200000000,1434,12,1
TX,53.618312220,289196.948696062,4642529.781862034,1.200000000,1695,10,1
TX,53.732417658,289995.360007482,4641923.369017733,1.200000000,191,8,1
TX,53.926286058,292716.968847386,4642078.291340872,1.200000000,1645,12,1
TX,54.167616429,290050.376087167,4642565.398100470,1.200000000,1581,10,1
TX,54.174939558,290729.961151546,4641298.208383919,1.200000000,1922,7,1
TX,54.277443254,292614.417904596,4642584.927439346,1.200000000,532,12,1
TX,54.362308841,291044.284075379,4640538.897186805,1.200000000,1274,8,1
TX,54.394816657,291081.814604446,4641977.828317817,1.200000000,940,10,1
TX,54.466892506,289325.204854167,4634317.735042950,1.200000000,1445,12,1
TX,54.481497693,286699.508882438,4645109.586659884,1.200000000,1632,12,1
TX,54.689159354,297338.429084651,4646832.344307140,1.200000000,1665,12,1
TX,55.199895701,290031.505425371,4641541.603520581,1.200000000,622,7,1
TX,55.277113429,289156.327434529,4642649.384025741,1.200000000,1815,11,1
TX,55.289870617,293908.974619305,4636778.450351474,1.200000000,2832,12,1
TX,55.475940913,290083.944722830,4644385.261523666,1.200000000,332,12,1
TX,55.476346108,291357.826028938,4642149.168622243,1.200000000,665,12,1
TX,55.711361134,288662.829104337,4648711.950598926,1.200000000,740,12,1
TX,55.718082373,290849.243166659,4642277.350440457,1.200000000,840,10,1
TX,55.759540595,279006.513645925,4632523.479441841,1.200000000,873,12,1
TX,55.918441370,292025.745547379,4642231.565924143,1.200000000,1498,12,1
TX,56.150480611,289688.410458105,4641888.354555552,1.200000000,2040,7,1
TX,56.317608783,291706.492569603,4642809.509310006,1.200000000,168,12,1
TX,56.406901900,290796.220996726,4643125.580784702,1.200000000,2211,12,1
TX,56.445650253,292504.176436850,4642871.986211888,1.200000000,1463,12,1
TX,56.471070122,290818.631615992,4641202.362269159,1.200000000,717,7,1
TX,56.528897364,294380.267660787,4643089.002877505,1.200000000,312,10,1
TX,56.608893343,291728.397992470,4642823.790688557,1.200000000,1594,12,1
TX,56.680789820,292839.522253302,4643589.972253468,1.200000000,2487,12,1
TX,56.780511841,291379.965747129,4642687.738902241,1.200000000,1025,12,1
TX,56.789832728,286784.241599833,4641295.494238822,1.200000000,2476,12,1
TX,57.019398608,290186.782556664,4643842.184828483,1.200000000,2228,12,1
TX,57.097240578,291334.503702210,4642010.290702622,1.200000000,2719,11,1
TX,57.103734737,290752.739696226,4642885.278639339,1.200000000,1985,12,1
TX,57.411350389,290927.582597240,4641649.264875874,1.200000000,291,9,1
TX,57.664474657,291253.748073088,4641229.155153167,1.200000000,1527,8,1
TX,57.725198615,291826.293839313,4642562.715605493,1.200000000,529,12,1
TX,57.801717920,291535.681142265,4641547.611798724,1.200000000,791,10,1
TX,57.859506326,273713.912205014,4630615.320136331,1.200000000,750,12,1
TX,57.942118018,290493.363126615,4641375.063055248,1.200000000,2196,7,1
TX,57.944993500,290796.974600939,4642274.527776572,1.200000000,1768,10,1
TX,57.955817541,290136.258597985,4635344.460460151,1.200000000,732,12,1
TX,58.033060205,293714.548340586,4645353.586306954,1.200000000,1322,12,1
TX,58.412005368,292180.866589018,4639484.934245346,1.200000000,2417,12,1
TX,58.459892650,289752.732105608,4635266.577112340,1.200000000,699,12,1
TX,58.495758536,288138.870902886,4631746.866458545,1.200000000,1840,12,1
TX,58.507921516,299427.193654152,4635121.448295672,1.200000000,1004,12,1
TX,58.765523397,288936.199154616,4649121.015042550,1.200000000,1571,12,1
TX,58.798520436,291926.714595780,4642577.809043250,1.200000000,914,12,1
TX,58.962984072,291039.457042693,4644011.647588337,1.200000000,379,12,1
TX,59.000727015,289659.856770887,4641735.684243316,1.200000000,546,7,1
TX,59.111274684,292556.749158310,4642586.924400451,1.200000000,1584,12,1
TX,59.387637291,290076.606002868,4645127.331618367,1.200000000,1875,12,1
TX,59.652993969,290317.753354034,4643499.028764033,1.200000000,1741,12,1
TX,59.687659706,289610.128209686,4641942.258932229,1.200000000,2469,7,1
TX,59.728765260,293368.383673993,4643966.025976117,1.200000000,724,12,1
TX,59.799171713,285141.227850802,4632680.984503074,1.200000000,1620,12,1
TX,60.055701409,295105.778300329,4641704.726934947,1.200000000,1301,7,1
TX,60.069963707,289648.864399550,4643503.666258916,1.200000000,426,12,1
TX,60.353187460,273697.961295283,4630717.828565156,1.200000000,1934,12,1
TX,60.536811219,289682.022895976,4638775.039701168,1.200000000,1315,11,1
TX,60.620542804,278139.376713217,4632442.440159031,1.200000000,1624,12,1
TX,60.698035248,290738.566621591,4639554.468719998,1.200000000,939,11,1
TX,60.927210113,293659.333641141,4642612.470720499,1.200000000,2084,11,1
TX,60.987469015,291125.472265774,4643952.405173344,1.200000000,2251,12,1
TX,61.118586154,292233.340035933,4642110.229722894,1.200000000,1693,12,1
TX,61.241797343,296725.569022730,4646423.004833861,1.200000000,2636,12,1
TX,61.275139438,291991.536374694,4643704.987750095,1.200000000,610,12,1
TX,61.386304085,287713.454415854,4642098.072481533,1.200000000,308,12,1
TX,61.495383873,285728.633475626,4633980.687541364,1.200000000,2531,12,1
TX,61.580656890,271825.139391665,4630653.271047077,1.200000000,2530,12,1
TX,61.796502152,272400.788140300,4629647.227785480,1.200000000,2558,12,1
TX,61.805789371,289379.309680797,4641553.399898767,1.200000000,2244,7,1
TX,61.816738862,289850.764762929,4641838.726162218,1.200000000,2722,7,1
TX,61.964600949,293608.850229122,4641916.633617377,1.200000000,489,11,1
TX,61.994486277,291023.887866075,4641955.972399800,1.200000000,2744,10,1
TX,62.194011764,293266.069764550,4643173.369532040,1.200000000,2695,12,1
TX,62.345635650,292784.637644946,4642159.006624978,1.200000000,2267,12,1
TX,62.471423017,291296.931248949,4642400.493164750,1.200000000,2503,12,1
TX,62.488283845,290596.944538663,4643874.426602908,1.200000000,1099,12,1
TX,62.603162024,291357.492816881,4638071.325426459,1.200000000,2194,12,1
TX,62.682698745,291523.344606209,4643840.608519983,1.200000000,2462,12,1
TX,62.858606822,290926.171715668,4642103.084995417,1.200000000,2762,9,1
TX,62.982096150,290478.874240739,4645037.275007556,1.200000000,187,12,1
TX,63.059180745,290995.257593588,4639052.518810334,1.200000000,1585,12,1
TX,63.095349986,299747.068438753,4630069.607946482,1.200000000,227,12,1
TX,63.219269935,290088.132461733,4642387.143263647,1.200000000,2245,9,1
TX,63.297404364,290515.370110875,4636407.868378532,1.200000000,1704,12,1
TX,63.562049418,291250.106124276,4641238.838718561,1.200000000,591,8,1
TX,63.667814653,275032.115004528,4631185.500744759,1.200000000,569,12,1
TX,63.676602799,308195.665992408,4637564.109091900,1.200000000,1766,12,1
TX,63.731949207,291791.510034824,4642571.352097793,1.200000000,350,12,1
TX,63.773700237,294013.441537117,4642450.804360019,1.200000000,1610,9,1
TX,63.792911420,291348.620473624,4638562.949526464,1.200000000,1121,12,1
TX,63.805214588,290825.373475132,4642269.705155204,1.200000000,2272,10,1
TX,63.862759848,271796.155107823,4630708.646827630,1.200000000,1542,12,1
TX,63.865819104,291999.350416494,4643702.383492674,1.200000000,2613,12,1
TX,63.897669220,273700.250217628,4630647.206751613,1.200000000,2670,12,1
TX,63.951572403,292532.099146196,4641481.202033027,1.200000000,1249,12,1
TX,64.071195997,294158.044506689,4645620.183806543,1.200000000,2292,12,1
TX,64.087863273,291039.815821979,4641957.431010194,1.200000000,362,10,1
TX,64.123694025,289053.931792090,4643112.016325160,1.200000000,2168,12,1
TX,64.198741468,273666.546857227,4630646.378413806,1.200000000,805,12,1
TX,64.268850434,288953.280088478,4641844.243915770,1.200000000,1087,9,1
TX,64.733108008,293610.164682387,4638498.709827418,1.200000000,1667,12,1
TX,64.897347148,291677.108741782,4642101.616950189,1.200000000,1850,12,1
TX,64.933153173,289450.698195332,4645846.996544205,1.200000000,1787,12,1
TX,64.982284329,290267.242650983,4642034.762626414,1.200000000,950,8,1
TX,65.010824781,290742.824437455,4642901.662835744,1.200000000,1816,12,1
TX,65.090880482,290160.288059302,4644942.393802718,1.200000000,1948,12,1
TX,65.137878933,297233.074687426,4633552.043256028,1.200000000,1729,12,1
TX,65.193565855,291062.998583002,4644025.632512203,1.200000000,2079,12,1
TX,65.251071651,290322.826980253,4637075.132385323,1.200000000,1417,12,1
TX,65.374977071,291222.314267072,4641987.800612359,1.200000000,253,10,1
TX,65.432066775,293746.061256743,4641446.566030187,1.200000000,517,11,1
TX,65.441709876,273696.382618384,4630688.619296361,1.200000000,1616,12,1
TX,65.516512009,270249.759354185,4628503.609788972,1.200000000,1280,12,1
TX,65.541046609,290957.548038866,4639071.909044274,1.200000000,853,12,1
TX,65.575140979,289810.016182661,4635540.226707096,1.200000000,2405,12,1
TX,65.584963173,273721.137222922,4630640.438243879,1.200000000,1550,12,1
TX,65.595683139,288233.099227491,4642981.789793176,1.200000000,1175,12,1
TX,65.670320778,294630.624513837,4643023.272818958,1.200000000,2123,12,1
TX,65.881525050,293199.998285122,4642031.505264115,1.200000000,650,12,1
TX,65.986678475,290841.288615039,4642275.814135483,1.200000000,548,10,1
TX,66.250465782,290792.615292266,4642069.706275200,1.200000000,423,10,1
TX,66.354532703,291779.579420811,4639786.153151650,1.200000000,2065,12,1
TX,66.372126318,292255.177434910,4638674.568332078,1.200000000,904,12,1
TX,66.382611800,290974.261879753,4635992.636359942,1.200000000,990,12,1
TX,66.454626881,294741.081856060,4641401.731810977,1.200000000,2192,7,1
TX,66.518681388,292535.930630765,4641938.889711689,1.200000000,2796,12,1
TX,66.674974134,291713.543694017,4642164.636669111,1.200000000,988,12,1
TX,66.760216417,288699.051861317,4641629.165237365,1.200000000,2739,9,1
TX,66.855047877,273706.655746068,4630624.991920589,1.200000000,2565,12,1
TX,66.895606930,294194.366720168,4643967.195024497,1.200000000,2806,12,1
TX,66.941905702,292679.259652906,4641802.799972687,1.200000000,901,12,1
TX,67.069607076,291326.073227204,4639867.396892590,1.200000000,1553,11,1
TX,67.077794659,292521.840071158,4642909.093273587,1.200000000,1612,12,1
TX,67.619117480,288546.930216824,4643809.525806818,1.200000000,2052,12,1
TX,67.664828611,291189.621112901,4641293.805260063,1.200000000,703,10,1
TX,67.926320323,291737.860505406,4642513.255423734,1.200000000,206,12,1
TX,68.072269591,291007.918976918,4641845.780222816,1.200000000,1918,9,1
TX,68.156251096,291309.521181617,4641992.269027096,1.200000000,848,11,1
TX,68.206538745,290975.432754192,4641957.925235002,1.200000000,2776,8,1
TX,68.248769430,290884.940022756,4641343.323553987,1.200000000,2006,7,1
TX,68.272918462,291022.719690617,4640571.243384507,1.200000000,2004,7,1
TX,68.303944707,294607.453083157,4644899.513272179,1.200000000,2642,12,1
TX,68.774539419,291016.087409583,4644024.153345500,1.200000000,1254,12,1
TX,68.937191166,291825.681680331,4642543.360255661,1.200000000,712,12,1
TX,69.015528437,291023.415787741,4641966.502734208,1.200000000,2372,10,1
TX,69.074271611,290862.164492251,4642298.135373600,1.200000000,1044,10,1
TX,69.175282630,290344.004330763,4646214.456778393,1.200000000,955,12,1
TX,69.356585090,288849.699957711,4641417.316796085,1.200000000,1675,8,1
TX,69.462757056,291338.323883531,4640105.576344180,1.200000000,14,10,1
TX,69.492652931,292077.530226702,4643151.377847554,1.200000000,462,12,1
TX,69.570708081,290212.308672535,4642825.722586438,1.200000000,2604,11,1
TX,69.646576393,289516.384958624,4648113.857727721,1.200000000,2630,12,1
TX,69.662930185,291639.216993954,4641058.865080684,1.200000000,1903,10,1
TX,69.991764276,292108.398053515,4640631.622500162,1.200000000,2471,12,1
TX,70.070482784,290834.407860608,4642284.304894345,1.200000000,492,10,1
TX,70.149611167,273355.083865028,4626155.025254793,1.200000000,2533,12,1
TX,70.343513375,287592.697066004,4636506.761713587,1.200000000,2709,12,1
TX,70.420442486,291801.359444313,4642860.290873275,1.200000000,310,12,1
TX,70.480418219,291117.274511205,4641475.413841458,1.200000000,2039,9,1
TX,70.553584554,271715.243768978,4630309.907602760,1.200000000,2848,12,1
TX,70.598344966,289398.360968900,4641753.257725005,1.200000000,2060,8,1
TX,70.772625138,291052.970374441,4644018.340983778,1.200000000,2687,12,1
TX,70.795405196,293599.652178532,4642786.663958818,1.200000000,476,12,1
TX,70.960002452,284819.811389778,4631795.255706117,1.200000000,642,12,1
TX,71.001957023,295518.051480858,4642436.785437539,1.200000000,2175,7,1
TX,71.013221533,291226.748206576,4642283.128473761,1.200000000,1365,11,1
TX,71.019067981,290823.063374496,4642284.759944383,1.200000000,1040,10,1
TX,71.041485312,289655.990978530,4642426.451254478,1.200000000,1817,9,1
TX,71.266902779,289606.208819775,4645583.963274609,1.200000000,2822,12,1
TX,71.629416546,291352.366330715,4641131.774705175,1.200000000,560,9,1
TX,71.650091699,290141.983143492,4644976.374022066,1.200000000,1440,12,1
TX,71.688476277,291732.636810680,4642155.537154507,1.200000000,2701,12,1
TX,71.858197740,290642.703028359,4640859.883905347,1.200000000,2264,7,1
TX,71.875459852,290055.995691869,4642399.774132712,1.200000000,2218,9,1
TX,72.023616703,293655.296565875,4640285.882954632,1.200000000,911,12,1
TX,72.379027715,291972.577498585,4642591.728470271,1.200000000,2682,12,1
TX,72.609688831,273705.367722073,4630650.083062761,1.200000000,817,12,1
TX,72.646479450,294449.374079408,4644353.673690531,1.200000000,418,12,1
TX,72.670446805,292065.566358123,4640544.364297493,1.200000000,2304,12,1
TX,72.808821416,284790.643128496,4633037.763884764,1.200000000,202,12,1
TX,72.829910844,292308.459223074,4642055.612949595,1.200000000,583,12,1
TX,72.919201098,291046.665579459,4641102.380592878,1.200000000,157,8,1
TX,73.163456054,292719.893886057,4643723.510926998,1.200000000,948,12,1
TX,73.206236033,289783.239029804,4642396.260235641,1.200000000,1981,9,1
TX,73.308042983,289257.728664457,4638487.409428323,1.200000000,2271,12,1
TX,73.383689523,292703.937473277,4641790.090784049,1.200000000,779,12,1
TX,73.431135777,289455.693429706,4645839.688331732,1.200000000,2282,12,1
TX,73.544224350,290847.511749328,4641195.161699608,1.200000000,1227,7,1
TX,73.594151718,273363.278964886,4630030.371579739,1.200000000,2071,12,1
TX,73.646201872,296646.250879870,4646077.768008773,1.200000000,427,12,1
TX,73.781831410,289627.068835544,4643504.178606381,1.200000000,88,12,1
TX,73.841839204,290725.214907719,4641305.339570448,1.200000000,957,7,1
TX,73.930344702,291025.179600857,4641944.306251080,1.200000000,1016,9,1
TX,74.288253800,290396.268502056,4641810.820689240,1.200000000,446,7,1
TX,74.382048698,291449.286864638,4642276.956385797,1.200000000,1309,11,1
TX,74.435798982,286039.521182111,4631483.928227557,1.200000000,770,12,1
TX,74.441636978,293244.825928839,4637512.045486965,1.200000000,1263,12,1
TX,74.645730533,290680.384372183,4641298.508789106,1.200000000,1119,7,1
TX,74.647803377,290188.446493483,4640121.134178848,1.200000000,1556,7,1
TX,74.740465531,291733.317596290,4642150.153582809,1.200000000,2698,12,1
TX,74.887410150,292076.496337387,4636990.488186223,1.200000000,417,12,1
TX,74.943670255,292524.075698653,4642913.545055307,1.200000000,2647,12,1
TX,75.062665695,294933.091623085,4643623.892469220,1.200000000,40,12,1
TX,75.086229042,283228.364783374,4632735.309606737,1.200000000,780,12,1
TX,75.112987710,290100.395398754,4642439.531117515,1.200000000,1805,10,1
TX,75.153665438,290255.737879839,4642061.914615360,1.200000000,643,8,1
TX,75.189914447,291566.091685634,4639868.194764721,1.200000000,1604,12,1
TX,75.410377649,291958.156029458,4644350.678415268,1.200000000,1166,12,1
TX,75.437935253,291250.406205358,4642280.266089322,1.200000000,2833,11,1
TX,75.464170192,291574.799260234,4642576.663374406,1.200000000,1196,12,1
TX,75.905734600,286378.715524287,4640681.755219155,1.200000000,480,12,1
TX,75.939829949,290466.146784425,4640663.569000749,1.200000000,75,7,1
TX,76.014389915,291725.210955496,4642160.649577492,1.200000000,2745,12,1
TX,76.082863850,297247.095976276,4640945.185463539,1.200000000,2200,10,1
TX,76.215083210,298034.028250185,4639350.440996204,1.200000000,442,12,1
TX,76.493155586,291552.860612690,4641379.458151179,1.200000000,1097,11,1
TX,76.536036846,292329.010288289,4642036.574901828,1.200000000,777,12,1
TX,76.590902621,291234.676295323,4641279.767221351,1.200000000,2730,8,1
TX,76.657669582,292003.865371495,4646083.430678933,1.200000000,324,12,1
TX,76.735017369,302196.390767557,4641418.536486281,1.200000000,1036,12,1
TX,76.743912874,291834.053619677,4642545.343227502,1.200000000,1060,12,1
TX,76.864616965,291753.351219103,4642828.566458271,1.200000000,1019,12,1
TX,76.932578417,293247.386160087,4644035.760984588,1.200000000,614,12,1
TX,76.974980093,291023.901635143,4641950.391444560,1.200000000,1721,10,1
TX,77.020925497,289678.334072368,4642120.899394805,1.200000000,1213,9,1
TX,77.061184479,288882.448560422,4642672.010601662,1.200000000,37,12,1
TX,77.192928934,273676.312297888,4630629.204049241,1.200000000,2331,12,1
TX,77.281075407,291661.791188422,4639999.339925612,1.200000000,19,12,1
TX,77.516579866,287983.023348604,4639134.685435016,1.200000000,1609,12,1
TX,77.613892020,291206.616870878,4641394.152746870,1.200000000,140,10,1
TX,77.746707264,292142.850451271,4642973.623412617,1.200000000,653,12,1
TX,77.775540942,290988.008032502,4639050.577663418,1.200000000,414,12,1
TX,78.172448244,294198.250918003,4645065.991693780,1.200000000,2800,12,1
TX,78.248711343,291055.586969507,4642409.793775092,1.200000000,1531,10,1
TX,78.298826465,292523.104335848,4642917.114103850,1.200000000,1874,12,1
TX,78.370278072,291921.942257472,4642579.981816611,1.200000000,1149,12,1
TX,78.571305317,291042.670043887,4644049.627606087,1.200000000,1660,12,1
TX,78.588726265,292162.387612834,4641882.153011033,1.200000000,1345,12,1
TX,78.816629246,293434.440413171,4644122.791078031,1.200000000,518,12,1
TX,78.967099014,273714.884999035,4630647.348023849,1.200000000,1909,12,1
TX,79.143880904,288196.019681320,4643919.743818119,1.200000000,2382,12,1
TX,79.150015479,290978.184417723,4641179.210102364,1.200000000,1180,8,1
TX,79.173932263,290838.831737837,4642278.044546169,1.200000000,549,10,1
TX,79.212185804,292684.129356524,4641793.278242633,1.200000000,897,12,1
TX,79.250257877,291813.906431472,4641257.566689257,1.200000000,2265,12,1
TX,79.259458413,271618.714219500,4630658.835453576,1.200000000,210,12,1
TX,79.294855122,291231.371712329,4642251.248020997,1.200000000,2087,11,1
TX,79.383129210,290742.486400889,4642891.030460601,1.200000000,1526,12,1
TX,79.505624863,291476.797322702,4642018.210579667,1.200000000,1333,12,1
TX,79.585871252,292299.526683944,4642307.370626065,1.200000000,2083,12,1
TX,79.754013356,293173.147047925,4640533.081545327,1.200000000,1781,12,1
TX,80.204075966,289946.749319707,4634402.022464580,1.200000000,62,12,1
TX,80.336329902,291144.847804335,4642481.231257778,1.200000000,1599,12,1
TX,80.381336393,273675.062693782,4630697.957783559,1.200000000,1278,12,1
TX,80.381910134,290482.901279381,4642795.447870303,1.200000000,1323,12,1
TX,80.414107052,290768.308927019,4637982.538005286,1.200000000,1449,12,1
TX,80.415731325,291237.734195872,4642280.679828351,1.200000000,1657,11,1
TX,80.593022416,291992.732577050,4642871.172772723,1.200000000,2598,12,1
TX,80.706621098,293529.139703872,4650089.092005015,1.200000000,2599,12,1
TX,80.758012574,292239.772846603,4639447.660239554,1.200000000,1100,12,1
TX,80.766569170,285262.121000907,4631729.872628450,1.200000000,773,12,1
TX,80.836426749,291202.763076652,4641296.982771890,1.200000000,1023,10,1
TX,80.851846099,295433.525755896,4643854.319447429,1.200000000,1451,12,1
TX,80.875162599,287928.835416883,4630913.055601968,1.200000000,211,12,1
TX,80.903629010,293622.323370628,4643449.962263519,1.200000000,496,12,1
TX,80.913708459,292263.292857216,4642352.347290752,1.200000000,1205,12,1
TX,80.952723985,292248.569821671,4637150.128584072,1.200000000,2483,12,1
TX,80.998641240,271938.192213622,4630635.987713628,1.200000000,1846,12,1
TX,81.223471764,285580.506730632,4631621.914185000,1.200000000,1977,12,1
TX,81.347280652,292690.334911446,4641795.753544933,1.200000000,830,12,1
TX,81.377061835,290450.361089615,4641398.697563737,1.200000000,241,7,1
TX,81.377422885,290669.581451816,4641327.274166487,1.200000000,739,7,1
TX,81.633584126,290874.969661707,4642319.003455321,1.200000000,2645,10,1
TX,81.643645135,290842.390250297,4639343.853243794,1.200000000,2416,10,1
TX,81.876676024,288834.620199282,4635126.496123689,1.200000000,304,12,1
TX,81.915777534,291030.239385559,4641977.557510169,1.200000000,498,10,1
TX,81.995921245,292870.384364439,4643531.609254129,1.200000000,2220,12,1
TX,82.049300909,292618.039514302,4641158.272951755,1.200000000,657,12,1
TX,82.231005980,294728.196769075,4638538.611151101,1.200000000,2261,12,1
TX,82.289582285,298617.740171114,4644238.797978838,1.200000000,137,12,1
TX,82.348343480,290354.233468772,4646286.652017538,1.200000000,363,12,1
TX,82.582243014,289014.516615721,4641589.361228989,1.200000000,2,8,1
TX,82.674371240,271830.326042010,4630660.754638772,1.200000000,2156,12,1
TX,82.821074460,289680.863651989,4643583.893709934,1.200000000,87,12,1
TX,82.839529316,295141.641616367,4642685.346240370,1.200000000,2792,9,1
TX,83.080291394,291190.037011176,4641380.298582519,1.200000000,2266,10,1
TX,83.106424702,292296.396154804,4642330.153826195,1.200000000,2257,12,1
TX,83.222997633,292111.105240865,4643633.447841174,1.200000000,1219,12,1
TX,83.228091665,292525.742811251,4641768.348571497,1.200000000,2702,12,1
TX,83.461431148,291714.018971305,4642370.579039400,1.200000000,2549,12,1
TX,83.555043320,290797.516251365,4642085.828551494,1.200000000,2499,10,1
TX,83.658306836,288082.260307274,4637667.803273028,1.200000000,2655,12,1
TX,83.823861306,293264.827216852,4639507.757782485,1.200000000,1880,12,1
TX,83.842465709,273715.412376796,4630607.588256041,1.200000000,1017,12,1
TX,83.916257823,290703.628187941,4641287.817002639,1.200000000,1056,7,1
TX,83.924305778,287960.094167716,4643461.814455329,1.200000000,133,12,1
TX,84.010572189,291131.948567878,4641334.044692518,1.200000000,2203,10,1
TX,84.028240614,292538.990739358,4642887.877457824,1.200000000,2163,12,1
TX,84.082667247,288826.397865470,4639873.443027859,1.200000000,600,9,1
TX,84.088425126,281652.755081683,4632757.662656865,1.200000000,1598,12,1
TX,84.372902882,289151.193386817,4647124.744437127,1.200000000,1644,12,1
TX,84.422849807,289249.862071563,4644795.119838633,1.200000000,2510,12,1
TX,84.443230127,289221.573262456,4643479.524911984,1.200000000,1807,12,1
TX,84.560764042,292517.294326140,4634170.820361584,1.200000000,1607,12,1
TX,84.566409883,289985.237620127,4641593.382748890,1.200000000,690,7,1
TX,84.682803581,281235.493561168,4632709.741807091,1.200000000,2069,12,1
TX,84.720812510,291673.796769115,4636644.833461646,1.200000000,1109,12,1
TX,84.793712300,291983.120999362,4642996.980854535,1.200000000,1947,12,1
TX,84.878800216,273699.889637752,4630636.456632559,1.200000000,1649,12,1
TX,84.928665069,291069.327945349,4644023.996558797,1.200000000,2612,12,1
TX,85.070297027,291128.799048336,4644343.372929289,1.200000000,898,12,1
TX,85.101451655,292305.479958122,4637658.562467540,1.200000000,2286,12,1
TX,85.124042072,291732.762510309,4642826.740579402,1.200000000,1396,12,1
TX,85.175890013,291238.839776976,4641254.955490486,1.200000000,649,8,1
TX,85.330317367,292254.848894370,4638752.057168695,1.200000000,2216,12,1
TX,85.521441253,293970.105662720,4649975.704105376,1.200000000,1536,12,1
TX,85.605158029,291705.036048068,4642201.460459130,1.200000000,1613,11,1
TX,85.658169448,273667.884405396,4630708.653689777,1.200000000,572,12,1
TX,85.893146965,292732.343220143,4641853.995471338,1.200000000,204,12,1
TX,85.938825336,291226.607055683,4642273.120688017,1.200000000,1870,11,1
TX,86.139870043,291039.655893542,4641973.066603074,1.200000000,360,10,1
TX,86.344431587,290931.389664263,4641198.033947235,1.200000000,2125,7,1
TX,86.385373204,292194.747318371,4643428.692553505,1.200000000,1839,12,1
TX,86.423153936,293164.052323525,4640558.861127635,1.200000000,1251,12,1
TX,86.470859960,290649.758476153,4646621.551535888,1.200000000,339,12,1
TX,86.509960213,292018.418753334,4643711.212465979,1.200000000,1246,12,1
TX,86.600850292,273672.703226912,4630699.532238261,1.200000000,1558,12,1
TX,86.787355679,290781.641784354,4642029.893628944,1.200000000,1483,9,1
TX,86.800710147,290487.606277031,4640630.414496860,1.200000000,2279,7,1
TX,86.894789401,299564.789288015,4635132.094118917,1.200000000,1038,12,1
TX,87.073315985,267675.265472755,4645211.152391549,1.200000000,2051,12,1
TX,87.133552605,271974.089839133,4630539.180978692,1.200000000,1073,12,1
TX,87.216938785,291030.527275025,4641976.170986791,1.200000000,1223,10,1
TX,87.218754026,287863.214602255,4637942.999936218,1.200000000,2343,12,1
TX,87.521398720,289492.732343389,4643469.401394006,1.200000000,932,12,1
TX,87.598494421,288179.039187278,4642087.986844336,1.200000000,625,12,1
TX,87.641869096,290495.184793519,4640633.215796424,1.200000000,80,7,1
TX,87.826549254,292676.528234228,4641821.602877350,1.200000000,797,12,1
TX,87.898587175,291681.841184624,4642820.656035172,1.200000000,1629,12,1
TX,87.926267014,292470.828359845,4641378.810385960,1.200000000,1789,12,1
TX,88.011166478,291244.729704998,4639635.933372018,1.200000000,989,10,1
TX,88.159475391,289829.790989856,4640415.346050084,1.200000000,721,7,1
TX,88.165606753,292696.753856116,4643703.110737615,1.200000000,2402,12,1
TX,88.182400665,289962.373137572,4637904.525237205,1.200000000,34,12,1
TX,88.229619909,289248.695943286,4642513.806403256,1.200000000,2793,9,1
TX,88.312748276,289679.001603686,4638746.090059343,1.200000000,1320,12,1
TX,88.403693327,292735.015494516,4641909.948589882,1.200000000,670,12,1
TX,88.416072211,272690.755557132,4629998.423182546,1.200000000,2311,12,1
TX,88.436985550,290895.661242981,4638725.489176401,1.200000000,1397,12,1
TX,88.457446894,287850.479355333,4642112.534415035,1.200000000,216,12,1
TX,88.495941205,292090.736600517,4642633.736305676,1.200000000,74,12,1
TX,88.619985765,289238.958500423,4644715.558719395,1.200000000,205,12,1
TX,88.726743486,271876.253356877,4630619.946244053,1.200000000,1539,12,1
TX,88.774333839,291213.346384384,4641869.207464796,1.200000000,2505,10,1
TX,88.847510302,291553.856359788,4641375.295574168,1.200000000,2449,11,1
TX,89.030473986,287915.241917590,4643982.095127240,1.200000000,1638,12,1
TX,89.145160499,295125.037488536,4642704.305864168,1.200000000,1747,9,1
TX,89.449780668,290398.490197267,4641796.468562732,1.200000000,1393,7,1
TX,89.554972021,288419.947456761,4632091.116423280,1.200000000,1837,12,1
TX,89.646630721,295965.283011877,4645662.110532208,1.200000000,1029,12,1
TX,89.649906858,296723.986320213,4637473.667514086,1.200000000,1711,12,1
TX,89.749111297,289733.718715476,4641842.455729332,1.200000000,514,7,1
TX,89.854794947,290344.029882701,4636683.838006174,1.200000000,2148,12,1
TX,90.236381457,299729.338207211,4630053.941839475,1.200000000,2317,12,1
TX,90.289368568,292363.791405315,4642156.136567165,1.200000000,1034,12,1
TX,90.388822998,293005.275608621,4638722.163189458,1.200000000,2242,12,1
TX,90.545072297,273681.794825048,4630614.498512006,1.200000000,971,12,1
TX,90.558642460,292111.166106132,4641832.305629109,1.200000000,979,12,1
TX,90.615748927,271772.471653522,4630699.269628130,1.200000000,1845,12,1
TX,90.616663882,287883.615574441,4641554.228272061,1.200000000,3,11,1
TX,90.839667011,291034.157470363,4641752.580825704,1.200000000,1413,8,1
TX,90.890738858,291988.890518358,4643719.969716817,1.200000000,1499,12,1
TX,90.912127101,293304.772508272,4644250.278944920,1.200000000,81,12,1
TX,90.941927841,288018.179903744,4643112.237362543,1.200000000,831,12,1
TX,90.963496994,271645.888980883,4630662.156783273,1.200000000,2366,12,1
TX,90.981245046,295940.266614654,4642374.891626042,1.200000000,1410,7,1
TX,91.186632208,292366.067954330,4644014.556816512,1.200000000,1458,12,1
TX,91.317291905,291603.345107897,4641681.893741292,1.200000000,813,10,1
TX,91.625446024,290663.786190297,4641294.147233564,1.200000000,2322,7,1
TX,91.675818680,296968.739587787,4630865.611629001,1.200000000,1865,12,1
TX,91.862312473,295198.859399695,4640689.094098142,1.200000000,337,7,1
TX,91.932895575,291340.739288989,4639927.940703423,1.200000000,2649,10,1
TX,91.933608665,271592.964252439,4630602.843997033,1.200000000,550,12,1
TX,92.419601144,294171.725613612,4642023.582156766,1.200000000,1724,10,1
TX,92.466382084,291834.503603977,4644178.091042257,1.200000000,20,12,1
TX,92.590676424,290613.462092515,4641096.653407786,1.200000000,1071,7,1
TX,92.599487761,289882.674449924,4639719.865120161,1.200000000,2101,7,1
TX,92.773158009,291217.408331782,4641299.066897632,1.200000000,1749,10,1
TX,92.792963260,282269.423300709,4637623.119297467,1.200000000,1330,12,1
TX,92.795819463,291724.265720934,4642165.026552677,1.200000000,2755,11,1
TX,92.836290437,295139.485880523,4642698.445959221,1.200000000,1876,9,1
TX,92.868074545,298107.846456750,4637844.495507997,1.200000000,247,12,1
TX,92.886094451,289679.436784512,4642085.632062655,1.200000000,991,9,1
TX,93.014350916,273690.888731566,4630641.209946078,1.200000000,1914,12,1
TX,93.059750938,292807.782311561,4642167.882989338,1.200000000,2037,12,1
TX,93.300104119,273719.046596834,4630616.025797345,1.200000000,1067,12,1
TX,93.322560636,291490.242474533,4642428.747073519,1.200000000,1491,12,1
TX,93.345012053,290311.302203181,4641898.139640575,1.200000000,302,7,1
TX,93.444677986,273752.696976326,4630657.363290626,1.200000000,2094,12,1
TX,93.448289469,290713.477231983,4641181.948830241,1.200000000,562,7,1
TX,93.520267599,273667.261299659,4630624.801772574,1.200000000,351,12,1
TX,93.603489214,291153.518795956,4641360.026940509,1.200000000,50,10,1
TX,93.655141717,291830.479259692,4642540.889554458,1.200000000,2765,12,1
TX,93.739986908,272138.433887386,4630151.884411559,1.200000000,1540,12,1
TX,94.059205279,291991.058914037,4643705.141129283,1.200000000,1243,12,1
TX,94.066419933,292723.053043489,4641973.455653860,1.200000000,1557,12,1
TX,94.085394397,293228.302656452,4639414.709357204,1.200000000,1517,12,1
TX,94.100830651,291587.401750709,4641058.726565624,1.200000000,2497,10,1
TX,94.116472261,291271.618860859,4641834.593264531,1.200000000,790,9,1
TX,94.129568426,290982.232742937,4643711.281779973,1.200000000,478,12,1
TX,94.402100643,291041.037373181,4644036.984710447,1.200000000,709,12,1
TX,94.548003530,285616.098488154,4642650.254098926,1.200000000,1318,12,1
TX,94.562171601,289786.462388101,4643212.663186602,1.200000000,2056,12,1
TX,94.699118215,295127.084718579,4642693.915268932,1.200000000,325,9,1
TX,94.704513786,292456.720478297,4643733.276162564,1.200000000,1637,12,1
TX,94.712350238,271648.025480112,4630678.981688028,1.200000000,1851,12,1
TX,94.869693446,298198.261006840,4639263.719215986,1.200000000,430,12,1
TX,95.103371837,291031.813269919,4642274.009351647,1.200000000,2098,10,1
TX,95.194880152,289257.118435666,4639041.575890638,1.200000000,2288,11,1
TX,95.251131875,290030.929058383,4641530.085866123,1.200000000,1007,7,1
TX,95.305256341,290198.512175143,4642431.086035745,1.200000000,2710,10,1
TX,95.738153372,291846.774875568,4642544.316808305,1.200000000,2349,12,1
TX,95.794128702,290716.885242795,4642174.862930840,1.200000000,1497,9,1
TX,95.965708922,291754.393162541,4642392.648967221,1.200000000,2433,12,1
TX,96.197521642,290466.897903778,4642320.040754146,1.200000000,421,10,1
TX,96.244367472,291518.662777960,4641197.835656539,1.200000000,794,10,1
TX,96.358878594,291238.122756945,4641249.264520753,1.200000000,2274,8,1
TX,96.484970852,290816.018807297,4638208.016273774,1.200000000,231,12,1
TX,96.582458677,273698.046876142,4630629.686915966,1.200000000,624,12,1
TX,96.606356183,290296.008926189,4641957.026576634,1.200000000,261,8,1
TX,96.629479829,289237.669979886,4642505.487211908,1.200000000,82,10,1
TX,96.660317761,291425.079230132,4642034.261168674,1.200000000,839,11,1
TX,96.684335337,288178.963174524,4643889.874684530,1.200000000,387,12,1
TX,96.848135614,291654.835262023,4642336.352031437,1.200000000,916,12,1
TX,96.857880625,286380.651304770,4640682.403051704,1.200000000,1496,12,1
TX,97.003468283,297776.745629115,4661945.107191697,1.200000000,2073,12,1
TX,97.116466192,302791.983443244,4640441.355990200,1.200000000,1487,12,1
TX,97.138814373,290561.022229708,4644709.874048832,1.200000000,2296,12,1
TX,97.141524382,291049.218034582,4641712.052262683,1.200000000,2268,9,1
TX,97.254770744,289028.969994549,4636779.768675406,1.200000000,330,12,1
TX,97.261789681,290688.201805599,4641311.037524092,1.200000000,520,7,1
TX,97.369185125,289728.725996311,4638803.865861558,1.200000000,1256,12,1
TX,97.423236669,288957.679090024,4642671.888247079,1.200000000,2441,12,1
TX,97.428929099,293261.283585664,4639402.629855018,1.200000000,1520,12,1
TX,97.465141507,295125.150607615,4642703.770579271,1.200000000,1827,9,1
TX,97.474918927,290352.003269071,4641361.210679080,1.200000000,906,7,1
TX,97.510418943,290494.527509170,4640629.673525698,1.200000000,1935,7,1
TX,97.801739685,291008.336713151,4641874.433499157,1.200000000,1116,9,1
TX,97.934272529,291039.131378557,4642271.230366881,1.200000000,1758,10,1
TX,97.968358029,291135.384872937,4641364.691583960,1.200000000,2581,10,1
TX,97.982527217,291100.589290767,4641940.982788606,1.200000000,419,9,1
TX,97.988713970,289614.562087118,4642662.573395087,1.200000000,2121,11,1
TX,98.073075804,292673.394695651,4641798.557781924,1.200000000,2809,12,1
TX,98.165692067,290693.057897664,4642286.138849444,1.200000000,1439,10,1
TX,98.285982651,291239.670325724,4641280.587768302,1.200000000,2418,8,1
TX,98.303211235,291865.850019250,4642560.259113544,1.200000000,2160,12,1
TX,98.337648775,273753.579741136,4630638.528803203,1.200000000,1898,12,1
TX,98.366668811,273703.525792715,4630702.964229180,1.200000000,783,12,1
TX,98.481496070,291741.099119493,4640345.653677739,1.200000000,1285,11,1
TX,98.683548701,291225.865249082,4641701.115921688,1.200000000,974,9,1
TX,98.695269117,292095.435646121,4640517.564515713,1.200000000,2407,12,1
TX,98.898617939,290976.143462162,4642671.617304648,1.200000000,224,11,1
TX,99.031418445,272712.087953746,4629873.654627874,1.200000000,2155,12,1
TX,99.070601748,293920.101929751,4643728.244403466,1.200000000,226,12,1
TX,99.609090997,273647.687886069,4630658.527861514,1.200000000,1276,12,1
TX,99.790469523,283160.604924774,4640483.101769008,1.200000000,919,12,1
TX,99.944815432,291838.159564177,4642442.131685080,1.200000000,1423,12,1
TX,100.202607303,291788.056039688,4642543.609052100,1.200000000,2106,12,1
TX,100.363428722,290339.501320257,4641896.371895647,1.200000000,1963,7,1
TX,100.420231834,291607.655291092,4641436.049680221,1.200000000,1188,12,1
TX,100.456602800,292527.096754165,4642908.871433860,1.200000000,1224,12,1
TX,100.465263192,290991.495417432,4640932.971198461,1.200000000,431,8,1
TX,100.468950461,292325.950236175,4642043.507272589,1.200000000,580,12,1
TX,100.770166041,291659.176229016,4639649.546433159,1.200000000,1739,12,1
TX,100.802644730,291060.247121893,4642051.925773675,1.200000000,348,10,1
TX,100.964603223,292539.670601280,4641882.083120708,1.200000000,1674,12,1
TX,101.039097042,288948.322348129,4639159.166435852,1.200000000,2826,12,1
TX,101.046715774,290736.434236991,4642905.778544066,1.200000000,136,12,1
TX,101.176146195,285342.343942947,4640868.239273900,1.200000000,1068,12,1
TX,101.208156475,295021.655954445,4642530.628497261,1.200000000,1387,8,1
TX,101.217044017,273667.530858446,4630633.302008699,1.200000000,753,12,1
TX,101.288399791,290336.801165950,4643397.898460517,1.200000000,553,12,1
TX,101.404530366,271672.901436916,4630643.007196964,1.200000000,1204,12,1
TX,101.694313309,290668.500644879,4641292.095163046,1.200000000,1727,7,1
TX,101.859206726,290226.186964861,4644211.666907606,1.200000000,1701,12,1
TX,101.869672650,291003.947937541,4639051.341976641,1.200000000,1220,12,1
TX,101.888640339,272555.760259570,4629953.421748447,1.200000000,1916,12,1
TX,101.982064967,291240.674461020,4639658.504783284,1.200000000,1416,10,1
TX,102.074722161,290626.584673491,4643047.629912572,1.200000000,1247,12,1
TX,102.087972274,292807.401936563,4642192.451873379,1.200000000,2176,12,1
TX,102.295957686,291060.758005466,4644056.249629169,1.200000000,1358,12,1
TX,102.437234392,289758.474528969,4641317.958509590,1.200000000,499,7,1
TX,102.573023604,289630.448972509,4638434.172922363,1.200000000,1010,12,1
TX,102.675286460,290381.098200937,4641811.145366217,1.200000000,525,7,1
TX,102.839652516,273709.080142153,4630659.964993256,1.200000000,1904,12,1
TX,102.888117451,293325.715201270,4644481.022359175,1.200000000,2609,12,1
TX,102.960856378,291030.830730446,4641956.072925211,1.200000000,2018,10,1
TX,102.990709087,293711.364436521,4645345.754021532,1.200000000,1878,12,1
TX,103.394484451,291047.999015128,4639199.855755417,1.200000000,2093,12,1
TX,103.427744264,293794.784609950,4642673.788562676,1.200000000,681,12,1
TX,103.565783738,291142.473288186,4641254.735430859,1.200000000,2728,9,1
TX,103.875294398,290174.995812729,4634767.736010225,1.200000000,1179,12,1
TX,103.969383152,273709.066531245,4630649.282588387,1.200000000,1794,12,1
TX,104.131531147,290126.183769505,4640428.113006535,1.200000000,2835,7,1
TX,104.171434246,291048.958402377,4642268.394453289,1.200000000,1106,10,1
TX,104.338887287,291004.762656917,4639044.669938139,1.200000000,438,12,1
TX,104.440354281,293626.856730188,4644138.709608743,1.200000000,2252,12,1
TX,104.666487283,293989.118710962,4647139.507631942,1.200000000,375,12,1
TX,104.796078917,290114.626434921,4645091.561923800,1.200000000,2545,12,1
TX,104.813217954,292210.509544864,4638424.324428147,1.200000000,596,12,1
TX,104.934383189,291476.274849740,4642241.245954412,1.200000000,1020,11,1
TX,105.063066923,273699.107047329,4630633.064785950,1.200000000,2070,12,1
TX,105.124753682,289637.800377904,4643595.735544493,1.200000000,1473,12,1
TX,105.150547663,294030.718761977,4640691.058362667,1.200000000,722,12,1
TX,105.194068253,293137.733821153,4644207.519953423,1.200000000,924,12,1
TX,105.271847289,290112.604215643,4647472.858071149,1.200000000,1061,12,1
TX,105.375721985,293898.663577346,4639203.886087894,1.200000000,969,12,1
TX,105.619307018,294096.558517521,4643891.196330620,1.200000000,2502,12,1
TX,105.629528050,290429.461367176,4645519.114249752,1.200000000,2775,12,1
TX,105.717799344,291126.398934193,4640495.263007712,1.200000000,167,7,1
TX,105.741029860,292076.675062167,4642437.137810156,1.200000000,2773,12,1
TX,105.785455974,287399.790371425,4641456.496031428,1.200000000,1198,12,1
TX,105.980632161,293676.489013094,4639688.981215505,1.200000000,597,12,1
TX,106.014611700,273669.096141185,4630634.055403847,1.200000000,1273,12,1
TX,106.170094824,289489.473652712,4644782.122263581,1.200000000,1478,12,1
TX,106.287403196,291830.022157382,4642548.428609665,1.200000000,487,12,1
TX,106.361171631,271912.913019379,4630606.158694814,1.200000000,1547,12,1
TX,106.366902828,290676.742125300,4641312.956430850,1.200000000,1084,7,1
TX,106.448403150,293243.355047646,4640214.189275200,1.200000000,2139,12,1
TX,106.510904420,294444.002775140,4639432.087010675,1.200000000,2254,12,1
TX,106.519778761,293605.878873661,4641906.792326876,1.200000000,46,11,1
TX,106.572401329,291115.093665158,4644300.185368533,1.200000000,2227,12,1
TX,106.602775951,290987.777591448,4642618.447961230,1.200000000,2100,11,1
TX,106.868846558,289158.325981804,4641960.188472733,1.200000000,473,10,1
TX,106.906578186,290666.566126649,4641308.620888623,1.200000000,968,7,1
TX,107.224126323,293491.511315156,4645038.713303483,1.200000000,1229,12,1
TX,107.252524352,290797.269315592,4641187.419504244,1.200000000,2016,7,1
TX,107.296758382,290445.003650180,4636556.321782113,1.200000000,1697,12,1
TX,107.315543694,295145.859284150,4642711.595179716,1.200000000,566,9,1
TX,107.442293653,292758.193599943,4641828.677068479,1.200000000,2045,12,1
TX,107.463358773,295147.568240796,4642714.864916437,1.200000000,1028,9,1
TX,107.492566424,290066.915293185,4642397.658831880,1.200000000,102,9,1
TX,107.721998963,291874.497705371,4642562.031021674,1.200000000,796,12,1
TX,107.887364002,291025.115111123,4640590.405307243,1.200000000,1134,7,1
TX,108.025946065,293923.581533978,4636796.175817566,1.200000000,172,12,1
TX,108.063463116,291867.181169299,4642681.356062583,1.200000000,2520,12,1
TX,108.094174760,290943.579763237,4642060.460417021,1.200000000,922,9,1
TX,108.341475491,290485.189122594,4640627.216942323,1.200000000,2495,7,1
TX,108.456374974,290473.058633288,4640735.952072075,1.200000000,452,7,1
TX,108.537602116,292835.093291807,4642212.602489186,1.200000000,198,12,1
TX,108.605060165,290500.988217835,4640640.504058621,1.200000000,2656,7,1
TX,109.008830011,294924.779922503,4648463.671682321,1.200000000,635,12,1
TX,109.076397513,289699.957553835,4635496.314383755,1.200000000,2560,12,1
TX,109.108161855,294901.917963953,4646736.466723369,1.200000000,95,12,1
TX,109.633874777,295136.823155254,4642752.099773454,1.200000000,393,9,1
TX,109.692526519,291124.885632617,4639049.888385219,1.200000000,962,12,1
TX,109.707791083,273670.046584286,4630620.274439960,1.200000000,349,12,1
TX,109.739951050,292521.167711797,4641775.278573780,1.200000000,2437,12,1
TX,109.773844534,273499.441324328,4630171.418880038,1.200000000,218,12,1
TX,109.783590732,273667.524824204,4630595.608202219,1.200000000,775,12,1
TX,110.076928161,290363.000957229,4643396.594555249,1.200000000,2248,12,1
TX,110.106314905,271889.088141147,4630685.042041234,1.200000000,307,12,1
TX,110.173821220,294839.011620593,4647340.587331052,1.200000000,631,12,1
TX,110.417961274,290846.620449486,4641306.201753193,1.200000000,1485,7,1
TX,110.585866938,290090.333837546,4643356.747602912,1.200000000,930,12,1
TX,110.647954003,291088.003002277,4641950.348808050,1.200000000,1714,10,1
TX,110.869292346,290080.844299479,4647498.879570887,1.200000000,769,12,1
TX,110.968585145,293025.735156793,4640267.594114183,1.200000000,380,12,1
TX,110.983788521,289312.442575542,4634307.078997502,1.200000000,2669,12,1
TX,111.087165122,289945.983082257,4634394.264867662,1.200000000,217,12,1
TX,111.314547796,295140.834321731,4642695.741687671,1.200000000,334,9,1
TX,111.333449407,291911.512097248,4642575.215371490,1.200000000,369,12,1
TX,111.345526962,292252.765188385,4638042.080163203,1.200000000,235,12,1
TX,111.404002684,288806.602028420,4642802.119323565,1.200000000,983,12,1
TX,111.524026653,287582.925544874,4645804.206073047,1.200000000,2132,12,1
TX,111.527089541,290058.537125834,4642380.913994309,1.200000000,2137,11,1
TX,111.551746586,291779.109927292,4642814.144941134,1.200000000,2782,12,1
TX,111.628988831,290334.601459073,4641876.457089272,1.200000000,1162,7,1
TX,111.727862255,289539.674815589,4641825.375774998,1.200000000,621,7,1
TX,111.852057200,291459.166956520,4642432.759745252,1.200000000,92,12,1
TX,111.991259663,292637.915834647,4643224.322624012,1.200000000,2641,12,1
TX,112.392351142,292309.817174980,4642045.226623152,1.200000000,61,12,1
TX,112.725213297,289791.348296893,4643021.246797796,1.200000000,1619,12,1
TX,112.754317920,299736.143688126,4630041.901209079,1.200000000,1631,12,1
TX,112.782917394,291246.150924606,4644643.941910877,1.200000000,116,12,1
TX,112.800431871,293558.916334863,4639866.023465864,1.200000000,368,12,1
TX,112.869135610,290292.094926518,4644066.329333822,1.200000000,433,12,1
TX,112.873102905,289413.595108444,4645896.472478769,1.200000000,1785,12,1
TX,112.912634617,285154.253541970,4640765.797620582,1.200000000,2725,12,1
TX,112.996042310,294666.496021348,4639827.661001584,1.200000000,2336,11,1
TX,113.066542921,295063.541361738,4642594.190959104,1.200000000,2053,8,1
TX,113.109190325,289821.560018847,4638542.450760791,1.200000000,1570,12,1
TX,113.171273479,289952.053910868,4634416.578183436,1.200000000,2453,12,1
TX,113.200881645,292676.571011801,4641796.692865032,1.200000000,2061,12,1
TX,113.236113230,292267.001245561,4636540.955749362,1.200000000,970,12,1
TX,113.248722687,291919.082442713,4642581.383994519,1.200000000,365,12,1
TX,113.369891555,291826.561261215,4642772.911423204,1.200000000,2020,12,1
TX,113.589213841,291449.916614110,4642058.632394077,1.200000000,1908,12,1
TX,113.608445071,289306.064366334,4634315.733506396,1.200000000,2145,12,1
TX,113.689345667,292784.053026513,4642169.345522797,1.200000000,2170,12,1
TX,113.774462501,290742.252214439,4642870.700859690,1.200000000,117,12,1
TX,113.923059612,290788.740098846,4638039.084633242,1.200000000,1316,12,1
TX,113.971018839,291850.090449241,4642551.274081036,1.200000000,1844,12,1
TX,113.975580620,290522.738786029,4642895.536996859,1.200000000,143,12,1
TX,113.979687892,292524.053615580,4642924.752258236,1.200000000,1156,12,1
TX,113.980931837,294664.468112181,4648197.836955149,1.200000000,586,12,1
TX,113.998714115,287622.507227080,4640035.987181187,1.200000000,30,12,1
TX,114.179569680,289947.581736979,4634411.063757516,1.200000000,1565,12,1
TX,114.195166796,290044.144298519,4642329.417559918,1.200000000,951,11,1
TX,114.289722980,292000.409968131,4640717.653185266,1.200000000,1402,11,1
TX,114.839957651,290373.369184547,4640706.633391314,1.200000000,2477,7,1
TX,114.902631589,288879.667771597,4641387.536872838,1.200000000,516,7,1
TX,115.013319305,290983.225766308,4640894.400553559,1.200000000,2001,8,1
TX,115.142866654,295567.549694422,4645511.975612864,1.200000000,491,12,1
TX,115.170866892,292707.705189910,4641828.207208087,1.200000000,1091,12,1
TX,115.230202108,292220.628853253,4638020.830595269,1.200000000,1125,12,1
TX,115.248313795,291847.393920677,4641612.461799051,1.200000000,1568,11,1
TX,115.354399917,291717.580790811,4642764.140612703,1.200000000,467,12,1
TX,115.404568753,289622.660787552,4638800.710859373,1.200000000,2131,11,1
TX,115.555157264,288428.871403597,4638567.935334357,1.200000000,1976,12,1
TX,115.623331267,289940.327993553,4634398.669076431,1.200000000,2246,12,1
TX,115.723284769,278214.089662943,4632453.054951071,1.200000000,557,12,1
TX,115.918159277,296268.654494540,4644364.977279896,1.200000000,995,12,1
TX,115.937188573,290446.341025642,4642315.354496615,1.200000000,2686,9,1
TX,116.019587715,290501.117049517,4635516.623539536,1.200000000,891,12,1
TX,116.060442091,290311.535564538,4641895.514394538,1.200000000,726,7,1
TX,116.225058695,291159.966346922,4641242.565436722,1.200000000,1514,9,1
TX,116.328442840,290084.354248858,4640907.020120768,1.200000000,2778,7,1
TX,116.418840972,290365.381898877,4643395.275347561,1.200000000,123,12,1
TX,116.424508955,294947.138678503,4642706.076274402,1.200000000,1388,9,1
TX,116.519892154,295093.768671280,4642832.338121962,1.200000000,2390,9,1
TX,116.551883924,292327.396817298,4642077.155845520,1.200000000,1037,12,1
TX,116.583140671,290558.380543518,4643201.930696948,1.200000000,2410,12,1
TX,116.726326076,290010.142001476,4641003.752260243,1.200000000,401,7,1
TX,116.754144426,290697.439516001,4642155.926575183,1.200000000,958,9,1
TX,116.964189342,273623.405021276,4630268.210192964,1.200000000,1089,12,1
TX,117.227092148,291990.854883913,4643707.797654757,1.200000000,162,12,1
TX,117.337802985,292352.228639911,4642015.052760680,1.200000000,1157,12,1
TX,117.348204927,291172.205208326,4644518.688607416,1.200000000,2376,12,1
TX,117.387594007,289895.092506747,4639744.175598654,1.200000000,1178,7,1
TX,117.629037603,288850.686177225,4641387.162324503,1.200000000,485,7,1
TX,117.929279974,291547.065225656,4641355.120860896,1.200000000,1053,11,1
TX,118.172168540,288984.364323321,4642582.678696702,1.200000000,2665,11,1
TX,118.188581565,291094.396962331,4642399.643365185,1.200000000,1642,10,1
TX,118.210245153,288947.431676011,4642636.166099538,1.200000000,1942,12,1
TX,118.528036995,291856.573150447,4642553.595487188,1.200000000,735,12,1
TX,118.674437907,287568.947917893,4632929.933981234,1.200000000,582,12,1
TX,118.724327137,291880.699892478,4642575.407478815,1.200000000,2697,12,1
TX,118.830910026,290551.403813554,4641905.584352621,1.200000000,456,7,1
TX,118.936165151,292533.920196295,4642917.050428849,1.200000000,1779,12,1
TX,118.958907980,290479.978415258,4640631.087178297,1.200000000,1587,7,1
TX,118.965347866,296003.980983350,4642557.560168754,1.200000000,630,7,1
TX,118.993001722,280686.033415913,4671346.424978615,1.200000000,1952,12,1
TX,119.025825047,273676.865570401,4630623.439532806,1.200000000,2064,12,1
TX,119.033895702,290084.898607166,4641544.372477804,1.200000000,396,7,1
TX,119.625805826,292137.765702480,4642660.845016716,1.200000000,2512,12,1
TX,119.635704295,289331.024693035,4634301.018591499,1.200000000,1664,12,1
TX,119.674365057,291914.847768345,4642580.059423873,1.200000000,639,12,1
TX,119.688932945,291901.190405565,4642567.797249870,1.200000000,2731,12,1
TX,119.734580792,292466.681873443,4641883.214648498,1.200000000,2461,12,1
TX,119.849926123,273304.782446713,4630048.159435623,1.200000000,1656,12,1
TX,119.904990829,291238.071083151,4642275.443537498,1.200000000,963,11,1
TX,120.084779867,291219.812244326,4641296.670676594,1.200000000,125,10,1
TX,120.327762241,290313.303094758,4635115.410833810,1.200000000,2524,12,1
TX,120.506378301,290476.070293023,4640625.150143487,1.200000000,1127,7,1
TX,120.517837411,290872.396585802,4642269.551000644,1.200000000,2089,11,1
TX,120.875151255,289565.590271391,4641889.214729352,1.200000000,886,7,1
TX,121.172333323,286847.481934051,4634320.687334702,1.200000000,2526,12,1
TX,121.205333995,291130.275806355,4641374.340540273,1.200000000,1476,10,1
TX,121.406391135,292813.033888222,4641994.117553255,1.200000000,479,12,1
TX,121.546015907,272892.985086791,4629827.177322938,1.200000000,1543,12,1
TX,121.560235667,291824.307551005,4642439.828325888,1.200000000,824,12,1
TX,121.589968654,290776.129350555,4642277.041678359,1.200000000,2547,10,1
TX,121.754428168,293901.128612549,4643714.577715226,1.200000000,1494,12,1
TX,121.937326053,273677.621715936,4630616.942882228,1.200000000,1195,12,1
TX,122.054769235,293071.549444111,4640996.841325778,1.200000000,788,12,1
TX,122.074257231,291560.843484380,4643882.603147293,1.200000000,1991,12,1
TX,122.094824536,290957.779352305,4642036.311108205,1.200000000,76,8,1
TX,122.184092228,290377.406082876,4644438.872852708,1.200000000,2539,12,1
TX,122.441324886,291840.351888340,4642553.776746483,1.200000000,2721,12,1
TX,122.538315525,289356.326065512,4642128.524802799,1.200000000,688,10,1
TX,122.562099665,290687.006806372,4641290.102137736,1.200000000,2038,7,1
TX,122.793027325,295139.068094159,4642732.228151075,1.200000000,392,9,1
TX,122.828244173,291817.806514521,4642536.749868529,1.200000000,1244,12,1
TX,123.028214389,291199.461239832,4644904.181470404,1.200000000,2801,12,1
TX,123.098017695,292483.587455089,4643506.631564871,1.200000000,1352,12,1
TX,123.184198891,271784.772531900,4630692.896636970,1.200000000,1363,12,1
TX,123.192660353,290969.015401198,4642008.306563863,1.200000000,2319,8,1
TX,123.233552098,290474.147859101,4640630.720628710,1.200000000,2184,7,1
TX,123.436069156,289821.835955743,4641791.290221590,1.200000000,2307,7,1
TX,123.485542713,290271.910869248,4642022.358869388,1.200000000,1221,8,1
TX,123.505621773,286013.989103719,4639963.767403252,1.200000000,2585,12,1
TX,123.844937714,291582.692623780,4642343.980556642,1.200000000,196,12,1
TX,124.160012771,294841.370124217,4640443.897502149,1.200000000,120,9,1
TX,124.242453612,292816.351444177,4641987.165285628,1.200000000,158,12,1
TX,124.286601588,290337.138451165,4642179.276260437,1.200000000,2029,9,1
TX,124.393250693,289483.337449388,4643905.320694793,1.200000000,1167,12,1
TX,124.488480434,287837.980305854,4643316.274065699,1.200000000,2085,12,1
TX,124.737025388,291710.628088495,4642126.456836484,1.200000000,1716,12,1
TX,124.904418499,291183.687349737,4641325.270749326,1.200000000,199,10,1
TX,125.042088960,290422.565467391,4641821.585980287,1.200000000,1155,7,1
TX,125.083082196,291671.674343374,4642226.151090894,1.200000000,192,11,1
TX,125.089678824,293543.023390042,4642754.555574158,1.200000000,716,12,1
TX,125.274532487,289776.282028546,4643240.402315602,1.200000000,2644,12,1
TX,125.379841606,292734.749204013,4641838.799054849,1.200000000,1652,12,1
TX,125.400745794,292823.557167726,4642786.571083695,1.200000000,1289,12,1
TX,125.811501608,273688.710531715,4630633.639444208,1.200000000,2235,12,1
TX,125.839650764,291018.258884599,4639118.285243699,1.200000000,2455,12,1
TX,125.962317967,297014.354391998,4643087.152283709,1.200000000,1066,12,1
TX,125.986006903,290272.426634906,4642016.909778388,1.200000000,1039,8,1
TX,126.010193235,291759.245415584,4646112.455351315,1.200000000,327,12,1
TX,126.057490361,290777.367981571,4637964.996832841,1.200000000,1538,12,1
TX,126.076995610,289089.062972677,4637260.627408951,1.200000000,1235,12,1
TX,126.115651692,273741.416713168,4630638.983336734,1.200000000,1265,12,1
TX,126.139107681,291128.776413645,4641198.504569809,1.200000000,2217,9,1
TX,126.203281630,290469.298264647,4641459.115725853,1.200000000,1489,7,1
TX,126.222798334,291550.698611150,4642075.430660140,1.200000000,36,12,1
TX,126.230846498,289072.760041057,4637203.644339305,1.200000000,1237,12,1
TX,126.342187863,289710.505798782,4639038.552185444,1.200000000,1177,12,1
TX,126.389104730,294788.155619234,4645695.007905609,1.200000000,2391,12,1
TX,126.463373146,306563.254146779,4637314.820690450,1.200000000,1233,12,1
TX,126.614944016,271660.210800508,4630655.013051410,1.200000000,1900,12,1
TX,126.703480457,292153.773079839,4640656.457016522,1.200000000,1298,12,1
TX,126.726752184,290586.045209449,4640853.241922599,1.200000000,190,7,1
TX,126.847003513,292757.299193793,4640015.117683167,1.200000000,1678,12,1
TX,126.852888517,291507.681459332,4640996.145656514,1.200000000,2468,9,1
TX,126.918908301,291812.790253072,4642540.571700715,1.200000000,2023,12,1
TX,127.070903715,273698.476100765,4630625.884218842,1.200000000,2063,12,1
TX,127.108908104,295297.106488161,4638527.465438542,1.200000000,444,12,1
TX,127.252317724,291156.813218623,4639430.705653870,1.200000000,2353,12,1
TX,127.449476581,294115.858820870,4639215.453384529,1.200000000,144,12,1
TX,127.577740381,282682.021550746,4632816.262908450,1.200000000,428,12,1
TX,127.671215789,291970.120412581,4642598.801899360,1.200000000,2589,12,1
TX,127.695664195,292324.829623648,4644079.153070169,1.200000000,1131,12,1
TX,127.733627583,291055.048869181,4641100.735722987,1.200000000,1260,8,1
TX,127.949625256,290466.289133688,4643858.558121890,1.200000000,1669,12,1
TX,127.983814063,287330.735267530,4637877.490121059,1.200000000,1873,12,1
TX,128.054166034,289154.864576384,4641958.750651347,1.200000000,1446,10,1
TX,128.104362111,273981.188828385,4631237.880643610,1.200000000,872,12,1
TX,128.152438266,292102.237166854,4642240.390559607,1.200000000,2348,12,1
TX,128.157620797,290479.099092419,4640641.004654374,1.200000000,1035,7,1
TX,128.161380988,290668.727556988,4641310.769595359,1.200000000,2648,7,1
TX,128.226618950,295130.661330264,4642705.312627919,1.200000000,1731,9,1
TX,128.235477505,291729.760261662,4642155.061706523,1.200000000,236,12,1
TX,128.260699980,291437.171572621,4642299.767134513,1.200000000,1820,12,1
TX,128.558780239,291838.444484051,4642550.143701502,1.200000000,2825,12,1
TX,128.666350027,290304.516651117,4642202.813596960,1.200000000,1762,9,1
TX,128.797939976,292718.007680572,4641947.657131712,1.200000000,2791,12,1
TX,128.845496033,273665.206613650,4630620.736101354,1.200000000,1002,12,1
TX,128.983327007,294972.058696652,4638362.199352739,1.200000000,1641,12,1
TX,129.043552801,273661.369245134,4630680.059746182,1.200000000,326,12,1
TX,129.174658904,292110.349081825,4640391.338038304,1.200000000,1429,12,1
TX,129.533095784,290796.274803496,4641182.284489966,1.200000000,1185,7,1
TX,129.534844668,273654.081749484,4630640.961829791,1.200000000,758,12,1
TX,129.560873971,271735.032433067,4630300.737359961,1.200000000,2013,12,1
TX,129.703240673,290714.819368749,4641307.902422871,1.200000000,883,7,1
TX,129.954558571,292096.592669459,4644240.665637089,1.200000000,1424,12,1
TX,130.172350740,290781.338471068,4642282.142601284,1.200000000,2283,10,1
TX,130.278794699,292184.697381368,4641384.155217235,1.200000000,1967,12,1
TX,130.412337702,291823.444263411,4642317.677989771,1.200000000,2706,12,1
TX,130.428635545,282949.274361870,4646356.178184461,1.200000000,1296,12,1
TX,130.539226241,273680.824404794,4631141.726156840,1.200000000,923,12,1
TX,130.615778446,289825.173660459,4641398.219400373,1.200000000,18,7,1
TX,130.694131293,292677.333635432,4641800.679604326,1.200000000,2330,12,1
TX,130.817004062,291718.054993347,4642170.610201877,1.200000000,2724,11,1
TX,130.867590108,282984.937864008,4634515.217073502,1.200000000,1080,12,1
TX,131.060604951,292830.674861345,4641940.494391843,1.200000000,1277,12,1
TX,131.273610844,286025.796305172,4640245.035032880,1.200000000,2747,12,1
TX,131.285083575,289530.764524302,4641797.014005095,1.200000000,2107,7,1
TX,131.360826506,273699.499052424,4630631.953636986,1.200000000,1042,12,1
TX,131.426541818,292644.390276589,4641764.701355238,1.200000000,551,12,1
TX,131.479975964,272918.178289652,4629839.994661414,1.200000000,1899,12,1
TX,131.640618359,291089.526478275,4636119.020716880,1.200000000,301,12,1
TX,131.682376305,290647.948083902,4642554.251923290,1.200000000,132,11,1
TX,131.884381508,290999.191122991,4641879.447859801,1.200000000,1201,8,1
TX,131.955908831,296968.828087767,4633964.251723950,1.200000000,999,12,1
TX,131.973335717,290773.275492416,4642320.242929735,1.200000000,1596,10,1
TX,132.074504595,291469.350523794,4642317.798024310,1.200000000,2707,11,1
TX,132.117508999,271628.791009522,4630656.123439179,1.200000000,1267,12,1
TX,132.177183193,291043.749031398,4643305.950039368,1.200000000,2080,12,1
TX,132.640820995,290131.087951601,4640809.668198149,1.200000000,1212,7,1
TX,132.746727743,290765.517155698,4643873.308572478,1.200000000,1796,12,1
TX,132.776383198,295895.256739979,4646739.779256865,1.200000000,1995,12,1
TX,132.801934662,290685.124674277,4642862.455310258,1.200000000,2277,12,1
TX,132.836657816,289591.190890643,4643561.366888875,1.200000000,599,12,1
TX,132.961211296,290760.904864983,4639490.950897367,1.200000000,691,10,1
TX,132.994742054,283021.634016007,4640710.365433048,1.200000000,718,12,1
TX,133.064566454,291213.559764037,4641300.368619941,1.200000000,2466,10,1
TX,133.529836771,290343.383304257,4641359.115196874,1.200000000,2540,7,1
TX,133.812312440,291820.348898523,4642565.666121137,1.200000000,2795,12,1
TX,133.895332750,292484.877520165,4641938.385969648,1.200000000,671,12,1
TX,134.011826332,292001.690030107,4641098.133778359,1.200000000,1098,12,1
TX,134.020854480,273702.638913910,4630623.305390953,1.200000000,2654,12,1
TX,134.102388050,291276.271917818,4641927.952012816,1.200000000,2750,9,1
TX,134.225808507,284726.093912759,4630158.311568857,1.200000000,684,12,1
TX,134.232954988,290438.903707011,4645300.831593864,1.200000000,371,12,1
TX,134.247872052,291822.656202297,4642417.311566725,1.200000000,1193,12,1
TX,134.249327500,293109.611898646,4640734.807562917,1.200000000,2756,12,1
TX,134.269432823,291562.075617492,4640966.199241150,1.200000000,1658,10,1
TX,134.371461614,286341.138842874,4634558.599369971,1.200000000,1503,12,1
TX,134.456314837,293329.335239710,4637408.637536623,1.200000000,977,12,1
TX,134.579692755,289316.396144131,4634321.404976901,1.200000000,1958,12,1
TX,134.631837835,289942.497622222,4634418.569582712,1.200000000,2182,12,1
TX,134.730800735,285616.990466964,4631211.126393804,1.200000000,1980,12,1
TX,134.742810187,290399.274083624,4642324.055352461,1.200000000,410,9,1
TX,134.756491200,291116.602189136,4641126.278609598,1.200000000,77,9,1
TX,134.937322458,289951.000473999,4634405.703318276,1.200000000,311,12,1
TX,135.174960320,289622.911470501,4642616.215472577,1.200000000,2128,11,1
TX,135.267225172,290663.302263654,4642285.131461997,1.200000000,1999,9,1
TX,135.300974208,290843.897203875,4640765.957092532,1.200000000,1412,7,1
TX,135.466533707,294489.990804758,4642658.749382462,1.200000000,2365,9,1
TX,135.492863292,291840.681340677,4642574.887655078,1.200000000,715,12,1
TX,135.759814348,286455.845914167,4642583.429421550,1.200000000,2167,12,1
TX,135.783136785,288609.516228430,4641660.582118026,1.200000000,1203,10,1
TX,135.875023473,291842.679785808,4642545.239473267,1.200000000,908,12,1
TX,135.914728411,292647.413226944,4642037.676136345,1.200000000,2666,12,1
TX,135.975169060,290858.048855449,4642293.516124046,1.200000000,2032,10,1
TX,136.027218656,290392.571395351,4643851.538564699,1.200000000,884,12,1
TX,136.249049645,289507.017204404,4644748.227168423,1.200000000,33,12,1
TX,136.268812917,293805.341954026,4640192.185306000,1.200000000,1386,12,1
TX,136.399270401,290868.558294650,4642265.495064318,1.200000000,1085,11,1
TX,136.536622419,290389.245886444,4641806.835360623,1.200000000,1460,7,1
TX,136.686286267,292529.449918102,4641626.609765836,1.200000000,1754,12,1
TX,136.695279351,291247.325162051,4638747.599658262,1.200000000,1755,12,1
TX,136.702759432,291866.315939709,4642562.487863586,1.200000000,2488,12,1
TX,136.734731085,293254.451446328,4640288.237184192,1.200000000,1518,12,1
TX,136.952870196,290910.849903532,4642158.651206465,1.200000000,1334,9,1
TX,137.066051389,291935.071402975,4642586.041671690,1.200000000,915,12,1
TX,137.091540548,276949.269783058,4632308.634625931,1.200000000,56,12,1
TX,137.106105293,291915.395806949,4630133.363058897,1.200000000,746,12,1
TX,137.259490636,292966.134061959,4640283.451713689,1.200000000,2068,12,1
TX,137.308333874,290123.817137606,4640433.489115898,1.200000000,943,7,1
TX,137.311137132,291660.631023267,4642231.719720648,1.200000000,1021,12,1
TX,137.462706117,273681.748484879,4630639.575487589,1.200000000,1782,12,1
TX,137.776429172,291029.620371573,4640548.746853022,1.200000000,1516,7,1
TX,137.923561057,291044.243598394,4642285.744049619,1.200000000,1655,11,1
TX,138.072578590,289942.779417055,4634387.319915721,1.200000000,1683,12,1
TX,138.100385904,290697.020982043,4641311.702849110,1.200000000,713,7,1
TX,138.273104736,297798.184652271,4640980.285701524,1.200000000,837,11,1
TX,138.335024792,290054.217364632,4630503.214043265,1.200000000,1006,12,1
TX,138.370295493,288967.842529931,4642589.374281463,1.200000000,2674,11,1
TX,138.416308162,291734.392330774,4642139.874755467,1.200000000,2700,12,1
TX,138.549961107,289864.706325116,4643023.208076670,1.200000000,1414,12,1
TX,138.600146707,291469.998785044,4636440.182228609,1.200000000,2316,12,1
TX,138.774286202,289912.340831279,4639754.502655436,1.200000000,2851,7,1
TX,138.827415596,283052.828990135,4668098.873182387,1.200000000,852,12,1
TX,138.854405046,290995.586668558,4639044.440242316,1.200000000,70,12,1
TX,138.926412024,292150.207627420,4642187.846544696,1.200000000,2030,12,1
TX,139.087161638,290486.618391787,4640778.782903760,1.200000000,1764,7,1
TX,139.165416766,289735.365623409,4637438.732879072,1.200000000,772,12,1
TX,139.702404257,282252.530390815,4637252.709497481,1.200000000,1953,12,1
TX,139.892554445,293466.458216051,4643343.451472485,1.200000000,1329,12,1
TX,139.907297375,289319.726991744,4639761.576968395,1.200000000,503,9,1
TX,139.958692205,291520.261532848,4642444.326372721,1.200000000,249,12,1
TX,139.959694331,294359.146075393,4645812.883947161,1.200000000,1780,12,1
TX,140.017290372,290374.289452622,4646297.800780267,1.200000000,2643,12,1
TX,140.062412464,290078.967069604,4633482.483231270,1.200000000,1051,12,1
TX,140.177925014,290935.216612757,4642054.267841789,1.200000000,2360,8,1
TX,140.296621290,292107.077367438,4640638.282218782,1.200000000,1395,12,1
TX,140.410092776,289951.975522361,4634417.252491909,1.200000000,2091,12,1
TX,140.448385573,294503.100136334,4642313.417205320,1.200000000,122,8,1
TX,140.563006777,289944.513219335,4639803.349136711,1.200000000,578,7,1
TX,140.686852057,302688.286740403,4637226.951027502,1.200000000,2362,12,1
TX,140.953099452,287244.322632071,4634217.511044199,1.200000000,2532,12,1
TX,140.970394951,291662.077081804,4642101.995236284,1.200000000,2035,10,1
TX,141.097637905,292747.834573333,4639853.084312664,1.200000000,219,12,1
TX,141.121562163,289890.379424844,4642338.641755564,1.200000000,2847,8,1
TX,141.201680938,289680.910316116,4638760.782951451,1.200000000,1456,11,1
TX,141.265501520,289708.014796125,4647167.161707693,1.200000000,44,12,1
TX,141.299997244,292375.311262017,4642946.083508865,1.200000000,2198,12,1
TX,141.403262296,290892.087745356,4638693.760352886,1.200000000,1964,12,1
TX,141.404808548,293662.088296295,4639718.498537131,1.200000000,1385,12,1
TX,141.538146822,295752.485999715,4636641.610126263,1.200000000,2849,12,1
TX,141.768234266,291112.132374310,4641117.506626035,1.200000000,2588,9,1
TX,142.284628119,290478.255262874,4640631.765436508,1.200000000,43,7,1
TX,142.286916518,289218.921463240,4642510.648123111,1.200000000,1353,10,1
TX,142.297820047,289678.509081943,4642121.000221924,1.200000000,1313,9,1
TX,142.413839842,291222.795705781,4642285.478818256,1.200000000,1405,12,1
TX,142.505739033,289871.958319845,4644416.547816581,1.200000000,1325,12,1
TX,142.558440322,273681.088011138,4630633.114235306,1.200000000,679,12,1
TX,142.598155667,292563.430196589,4642924.380906812,1.200000000,1032,12,1
TX,142.718936453,291861.535363610,4642561.212882830,1.200000000,861,12,1
TX,142.781476629,290693.668392874,4641289.869965173,1.200000000,2422,7,1
TX,142.970927557,292848.088708918,4641933.829015674,1.200000000,1293,12,1
TX,143.216088737,271330.867356898,4630258.222165017,1.200000000,388,12,1
TX,143.278896646,291984.154291926,4642298.769702805,1.200000000,696,12,1
TX,143.403207330,290687.335157898,4641308.675361974,1.200000000,1994,7,1
TX,143.528299977,291193.561521672,4641297.606813094,1.200000000,484,10,1
TX,143.565099817,290346.795953712,4643799.342122820,1.200000000,502,12,1
TX,143.596628626,290805.425801301,4641300.572554346,1.200000000,461,7,1
TX,143.672322105,288444.163014599,4638555.843679620,1.200000000,400,12,1
TX,143.683157811,283430.389351516,4640342.399314288,1.200000000,2062,12,1
TX,143.743904679,291353.139891898,4637879.724221112,1.200000000,1033,12,1
TX,144.047398530,292275.423159202,4641964.807444215,1.200000000,1308,12,1
TX,144.126134779,293919.478728861,4636790.818181014,1.200000000,1806,12,1
TX,144.138079411,290438.833065652,4640644.017957761,1.200000000,2278,7,1
TX,144.222807883,287274.252972145,4634212.601936704,1.200000000,1452,12,1
TX,144.227809016,290676.273764731,4641306.434768201,1.200000000,2651,7,1
TX,144.359667814,292575.838848260,4641399.076022513,1.200000000,1954,12,1
TX,144.498990419,294930.674690009,4644977.763423143,1.200000000,2804,12,1
TX,144.542066837,288404.623729749,4638591.108059223,1.200000000,2210,12,1
TX,144.649333690,292314.285117780,4642053.302824806,1.200000000,2249,12,1
TX,144.808785575,287904.143717120,4644001.357916937,1.200000000,2844,12,1
TX,144.894567303,294033.135885237,4640583.414574842,1.200000000,556,11,1
TX,145.182775426,291040.201936066,4641179.869668447,1.200000000,2028,8,1
TX,145.438921789,290503.895162177,4635727.442268364,1.200000000,1364,12,1
TX,145.529717921,292727.650082159,4642054.831363363,1.200000000,1634,12,1
TX,146.063296771,290374.878622968,4641318.500490973,1.200000000,1673,7,1
TX,146.068271291,303178.486483344,4631084.735066957,1.200000000,1001,12,1
TX,146.186912527,291062.087739932,4644018.452258829,1.200000000,1095,12,1
TX,146.227140146,291245.765122016,4642281.868128286,1.200000000,2352,11,1
TX,146.410269093,291416.888506863,4641301.694977297,1.200000000,994,10,1
TX,146.433687712,290680.955320404,4641294.788500688,1.200000000,169,7,1
TX,146.527071687,298089.442868661,4639308.679460557,1.200000000,440,12,1
TX,146.530369408,292680.261295093,4641803.264903471,1.200000000,148,12,1
TX,146.952038669,284017.172221444,4640219.956745448,1.200000000,1687,12,1
TX,147.025302304,289406.063830907,4645928.952385447,1.200000000,1159,12,1
TX,147.043633038,291874.024875809,4642567.719684530,1.200000000,2602,12,1
TX,147.166308344,291383.690915700,4642028.850790209,1.200000000,1311,11,1
TX,147.245646623,288699.890136980,4642900.968507538,1.200000000,905,12,1
TX,147.343949239,291563.283069999,4641383.796307433,1.200000000,1810,11,1
TX,147.454420423,293997.436300530,4645575.624678113,1.200000000,1168,12,1
TX,147.460832230,295147.642410057,4642696.082002501,1.200000000,1734,9,1
TX,147.473375958,289686.800389753,4641831.346052016,1.200000000,2202,7,1
TX,147.577855129,273728.420379516,4630636.623503159,1.200000000,2258,12,1
TX,147.585118887,288924.564166676,4644059.620214647,1.200000000,129,12,1
TX,147.943088755,289729.849055366,4633932.552525314,1.200000000,552,12,1
TX,148.230655242,273686.944735387,4630685.794450243,1.200000000,294,12,1
TX,148.264816179,286631.808749131,4645660.591963454,1.200000000,283,12,1
TX,148.279645583,289240.534825354,4642519.665534017,1.200000000,1215,10,1
TX,148.412826068,293710.939592966,4645345.539403435,1.200000000,1534,12,1
TX,148.708096433,273664.131017612,4630691.959316961,1.200000000,1283,12,1
TX,148.819113838,290078.596235495,4641540.044781996,1.200000000,1441,7,1
TX,148.835679832,292470.132152938,4642253.318055753,1.200000000,1218,12,1
TX,149.007881012,271840.262568423,4630681.770638144,1.200000000,567,12,1
TX,149.216174529,257056.438642352,4651457.045908781,1.200000000,2664,12,1
TX,149.323236723,286702.291071703,4645116.310254352,1.200000000,1355,12,1
TX,149.381727322,288470.021600348,4641451.456037950,1.200000000,2102,10,1
TX,149.462077577,289101.263167844,4640335.930330676,1.200000000,1682,7,1
TX,149.591188858,294197.819385530,4643099.252149009,1.200000000,384,12,1
TX,149.607921093,289315.390367005,4639750.818234163,1.200000000,228,9,1
TX,149.931778988,291023.486874711,4641966.704129580,1.200000000,2369,10,1
TX,150.174638218,291252.643622327,4642285.885428173,1.200000000,359,11,1
TX,150.260229398,291294.891455053,4641997.975581481,1.200000000,1833,11,1
TX,150.330048978,288867.079036572,4643696.222937272,1.200000000,2009,12,1
TX,150.418595966,289572.479101104,4637781.506387871,1.200000000,1286,12,1
TX,150.428532503,291212.060469071,4641298.227467757,1.200000000,519,10,1
TX,150.454657500,288906.395923313,4643695.840766452,1.200000000,267,12,1
TX,150.507690013,290198.423378616,4641982.839285389,1.200000000,981,8,1
TX,150.558226536,290927.067695721,4641203.612978328,1.200000000,1059,7,1
TX,150.576946958,290498.082198206,4640637.207621856,1.200000000,1326,7,1
TX,150.653731063,291516.507343258,4642059.758577073,1.200000000,1681,12,1
TX,150.785397985,290496.865244542,4642149.906057629,1.200000000,1554,8,1
TX,150.873973262,292689.843069113,4638480.568552107,1.200000000,731,12,1
TX,150.893451898,290050.873997220,4642380.552789792,1.200000000,1310,11,1
TX,151.025632073,291028.687881834,4640440.732169923,1.200000000,2340,8,1
TX,151.026155523,291412.534204854,4641326.544125434,1.200000000,2472,10,1
TX,151.215793996,289886.417281319,4633913.829474207,1.200000000,1756,12,1
TX,151.309317530,290448.338372898,4644051.059355840,1.200000000,604,12,1
TX,151.406270589,292452.064916931,4641604.491892752,1.200000000,1291,12,1
TX,151.538742803,290934.858562112,4642874.008124750,1.200000000,1139,12,1
TX,151.580625010,291990.978946684,4643725.238313685,1.200000000,475,12,1
TX,151.622876580,291041.376557679,4644034.381132242,1.200000000,719,12,1
TX,152.147348212,289943.972146122,4642822.367370146,1.200000000,2751,11,1
TX,152.153092750,290252.802024036,4638663.980869382,1.200000000,1960,12,1
TX,152.188296954,289341.461337973,4640488.947347221,1.200000000,1576,7,1
TX,152.381371868,292063.771535174,4643663.149376680,1.200000000,464,12,1
TX,152.391599048,292692.170267578,4641829.797198300,1.200000000,2329,12,1
TX,152.414385322,290332.209808439,4643711.689838601,1.200000000,809,12,1
TX,152.598157022,287867.133651197,4640914.867175965,1.200000000,2513,10,1
TX,152.669480525,290210.904380088,4634911.550935480,1.200000000,2297,12,1
TX,152.808071389,291831.071821258,4642555.393697741,1.200000000,2580,12,1
TX,152.954915984,288757.354842621,4638534.620422938,1.200000000,816,12,1
TX,153.037143506,290285.339650496,4640291.682253215,1.200000000,573,7,1
TX,153.114603959,291071.019993091,4644039.483175649,1.200000000,2055,12,1
TX,153.326721371,286705.030894710,4641704.963066399,1.200000000,1776,12,1
TX,153.422803900,289875.757005426,4633763.121481528,1.200000000,725,12,1
TX,153.438878295,292083.879240033,4641779.681186114,1.200000000,2813,12,1
TX,153.443875307,290400.764616945,4644482.537131437,1.200000000,637,12,1
TX,153.483488323,290362.417854318,4643829.636907588,1.200000000,876,12,1
TX,153.487431519,290598.836452614,4644425.045548787,1.200000000,588,12,1
TX,153.545381207,290734.479545594,4642885.656924888,1.200000000,115,12,1
TX,153.665047130,279330.282477740,4632552.452009928,1.200000000,975,12,1
TX,153.938835724,287751.079378240,4639378.502219676,1.200000000,1535,12,1
TX,153.941896096,273662.567566005,4630689.695423127,1.200000000,2281,12,1
TX,153.999545013,292797.197518638,4642911.209986344,1.200000000,1138,12,1
TX,154.354058463,291532.775636107,4641944.657439834,1.200000000,1696,11,1
TX,154.535229537,273681.812786849,4630628.254312835,1.200000000,2066,12,1
TX,154.694264353,291012.342780698,4641851.117555076,1.200000000,278,9,1
TX,154.697544960,290787.790589421,4642270.941619968,1.200000000,1653,10,1
TX,154.843188009,292671.006549211,4643734.458493826,1.200000000,2034,12,1
TX,154.860796502,290151.329307473,4636750.390970796,1.200000000,1842,12,1
TX,155.085871987,282151.053099602,4632802.570634584,1.200000000,292,12,1
TX,155.104625937,291035.875767060,4640439.950837189,1.200000000,2276,8,1
TX,155.246671962,292730.149626752,4641854.529918134,1.200000000,674,12,1
TX,155.341395784,290356.106361172,4641845.493982087,1.200000000,2404,7,1
TX,155.366667503,289883.708550743,4642342.944433816,1.200000000,620,8,1
TX,155.431899109,298109.768994685,4643693.811135723,1.200000000,2672,12,1
TX,155.451518631,288387.958951791,4642502.873050251,1.200000000,2584,12,1
TX,155.480767772,289682.635982419,4641827.040609985,1.200000000,72,7,1
TX,155.487241186,290501.835115731,4641379.575583341,1.200000000,1688,7,1
TX,155.523822607,292562.774077809,4641446.455288806,1.200000000,2594,12,1
TX,155.574298780,289713.352652566,4643562.353081023,1.200000000,1015,12,1
TX,155.591260959,288354.778334557,4644242.317211791,1.200000000,2690,12,1
TX,155.641038919,292226.721281277,4637129.964299476,1.200000000,2820,12,1
TX,155.645163444,292599.681815352,4643750.538584478,1.200000000,47,12,1
TX,155.856352280,291039.218070833,4640438.060969680,1.200000000,926,9,1
TX,155.903778837,291275.345312125,4642398.807968412,1.200000000,2501,12,1
TX,155.912885146,290098.478377875,4647025.340804163,1.200000000,1868,12,1
TX,156.021118781,289349.148751459,4634304.343293959,1.200000000,124,12,1
TX,156.161485561,290373.799999149,4635099.371607919,1.200000000,892,12,1
TX,156.390396256,271456.032193107,4630375.983780179,1.200000000,2299,12,1
TX,156.394193468,292526.340155095,4642909.216159521,1.200000000,1726,12,1
TX,156.614872784,291225.223120055,4639550.492408809,1.200000000,819,11,1
TX,156.755596214,291620.480543865,4641732.320510441,1.200000000,1932,12,1
TX,156.799628099,273675.097656746,4630627.795225883,1.200000000,1202,12,1
TX,157.027883958,273679.483444541,4630620.757346123,1.200000000,97,12,1
TX,157.108567882,291647.685656799,4642292.075212288,1.200000000,1404,12,1
TX,157.193137937,298200.829836183,4640995.076375954,1.200000000,200,12,1
TX,157.241503895,291949.366179969,4642600.562766949,1.200000000,1772,12,1
TX,157.306402390,289714.412581788,4647169.393045441,1.200000000,1685,12,1
TX,157.330476964,294193.109598039,4643976.031512328,1.200000000,1171,12,1
TX,157.575937936,293888.060744668,4637024.972437997,1.200000000,1425,12,1
TX,157.691889139,292013.312218645,4643034.996323273,1.200000000,1783,12,1
TX,157.701953431,292036.107540614,4654283.876252705,1.200000000,997,12,1
TX,157.822625811,292345.976720649,4650783.860044340,1.200000000,1828,12,1
TX,158.034304848,292975.795275484,4642026.999178980,1.200000000,2141,12,1
TX,158.189711348,292934.610903914,4642968.435826052,1.200000000,1290,12,1
TX,158.349039460,290298.650233429,4641968.009376581,1.200000000,2783,8,1
TX,158.624671793,286866.024974048,4641638.673071513,1.200000000,1165,12,1
TX,158.828609375,291989.872530884,4643703.497070070,1.200000000,1242,12,1
TX,159.077966676,292112.184712953,4642679.761164846,1.200000000,2600,12,1
TX,159.091890903,291847.007704032,4641619.653400631,1.200000000,2718,12,1
TX,159.167394043,289998.026676662,4642736.944985938,1.200000000,2637,10,1
TX,159.258264285,292109.678863124,4643205.505876906,1.200000000,2114,12,1
TX,159.280256095,292434.826890525,4643465.066213621,1.200000000,1736,12,1
TX,159.286146059,272082.664905441,4630494.096492046,1.200000000,1617,12,1
TX,159.294638674,290526.602699812,4641296.626059183,1.200000000,2363,7,1
TX,159.296478781,291030.773118995,4640529.786870505,1.200000000,2174,7,1
TX,159.533378896,273673.037041474,4630628.673482699,1.200000000,1544,12,1
TX,159.562782544,295144.225029402,4642745.765851785,1.200000000,2115,9,1
TX,159.599300962,291034.619113136,4641162.852783170,1.200000000,2579,8,1
TX,159.630322317,289950.976440427,4634408.549382155,1.200000000,1288,12,1
TX,159.656709318,289530.274840796,4641789.948347952,1.200000000,1572,7,1
TX,160.094088432,289669.219729610,4643507.179403702,1.200000000,466,12,1
TX,160.133596744,291668.484038041,4642101.293070585,1.200000000,318,12,1
TX,160.151897163,289944.407651886,4634403.726804297,1.200000000,68,12,1
TX,160.207657428,290819.090521733,4642284.107489235,1.200000000,2151,10,1
TX,160.411024621,291123.050877841,4641168.158526024,1.200000000,2011,9,1
TX,160.491535319,291064.212823068,4644021.454593537,1.200000000,2074,12,1
TX,160.497893272,288587.045005505,4635152.068176976,1.200000000,2661,12,1
TX,160.664274058,292320.788222737,4642048.721890263,1.200000000,1373,12,1
TX,160.699700104,287752.163398820,4645624.121477881,1.200000000,1940,12,1
TX,160.769440964,290390.188401225,4641554.413179018,1.200000000,1422,7,1
TX,160.813025955,292531.411917913,4642915.429792997,1.200000000,882,12,1
TX,160.956234968,291801.598948536,4640764.552925137,1.200000000,2748,12,1
TX,161.002192597,290104.476029509,4644049.448318995,1.200000000,1391,12,1
TX,161.191501311,295149.361498840,4646463.468762956,1.200000000,2438,12,1
TX,161.348939933,295144.928461463,4642701.197452747,1.200000000,980,9,1
TX,161.513727599,291310.984174989,4644978.346276212,1.200000000,1266,12,1
TX,161.623384132,292009.172445164,4643729.154938255,1.200000000,181,12,1
TX,161.762829950,289184.088857426,4642517.585555905,1.200000000,1732,10,1
TX,161.907849944,290913.158155464,4643970.471848290,1.200000000,1512,12,1
TX,161.934677693,292215.644016423,4637132.400201202,1.200000000,933,12,1
TX,161.962682331,290339.458731895,4641855.486413093,1.200000000,345,7,1
TX,162.016890058,290668.001547343,4641300.655867810,1.200000000,2785,7,1
TX,162.056336902,289317.777076551,4634332.697972270,1.200000000,1347,12,1
TX,162.569302975,292419.793921662,4639748.886990118,1.200000000,889,12,1
TX,162.577657288,290748.568832435,4642455.598208889,1.200000000,742,12,1
TX,162.664427523,292329.207108870,4642049.783565749,1.200000000,385,12,1
TX,162.690360993,289269.014917800,4646156.329537791,1.200000000,1342,12,1
TX,162.747728836,291821.421032123,4642425.584405892,1.200000000,357,12,1
TX,162.771207177,291870.307045060,4642566.182133237,1.200000000,154,12,1
TX,162.930467815,290388.094157441,4641407.898544737,1.200000000,1834,7,1
TX,162.981576682,293564.139508146,4641475.214279550,1.200000000,1705,12,1
TX,163.019443957,290469.162697989,4642838.898172334,1.200000000,2010,12,1
TX,163.023009828,293844.055678369,4640621.377979678,1.200000000,13,12,1
TX,163.026105195,293826.498173723,4642863.364721297,1.200000000,2435,12,1
TX,163.052446864,294048.621893221,4642932.200864080,1.200000000,354,12,1
TX,163.192958511,290482.434433256,4641386.855164169,1.200000000,1151,7,1
TX,163.311563564,273710.980831281,4630622.242624442,1.200000000,256,12,1
TX,163.325841718,288481.332149622,4635144.669642970,1.200000000,868,12,1
TX,163.439950508,295137.091224592,4642711.313110949,1.200000000,497,9,1
TX,163.512629156,291517.053063206,4642447.489477778,1.200000000,1381,12,1
TX,163.589844020,284835.116730510,4640791.185788178,1.200000000,682,12,1
TX,163.601227064,294278.904488520,4639036.574933305,1.200000000,2213,12,1
TX,163.749000793,289755.841690824,4639393.138639352,1.200000000,1894,12,1
TX,163.777884064,292782.557463848,4641277.043090465,1.200000000,976,12,1
TX,163.905412632,291023.889228359,4639129.602947502,1.200000000,2812,12,1
TX,164.321496193,273716.294707306,4630649.371602889,1.200000000,1862,12,1
TX,164.439889393,292020.513509348,4641752.521603992,1.200000000,973,12,1
TX,164.465602209,291978.722398994,4643749.675730290,1.200000000,2777,12,1
TX,164.493372643,289616.011017306,4643516.529085429,1.200000000,998,12,1
TX,164.508827127,292031.471312661,4642796.462346761,1.200000000,340,12,1
TX,164.517769920,290678.136314024,4641308.851283619,1.200000000,2429,7,1
TX,164.557476883,288140.874414779,4642004.573023392,1.200000000,850,12,1
TX,164.672815090,291041.642607198,4644019.651963040,1.200000000,1647,12,1
TX,164.677749167,282114.519691819,4637665.005448489,1.200000000,1966,12,1
TX,164.677764045,294461.191604076,4644328.386648101,1.200000000,1748,12,1
TX,164.750187394,291969.189323938,4642610.857944562,1.200000000,364,12,1
TX,164.791939960,294420.173082647,4644319.507142443,1.200000000,2537,12,1
TX,164.981642834,289947.510038624,4641256.123455162,1.200000000,1076,7,1
TX,165.187133373,290476.809338708,4641405.152353313,1.200000000,1105,7,1
TX,165.360107504,291434.048316013,4641308.058117636,1.200000000,934,10,1
TX,165.611143002,290743.931212122,4642899.216478410,1.200000000,673,12,1
TX,165.635231195,293058.078209428,4641293.876061794,1.200000000,51,12,1
TX,165.666076391,291060.816612258,4639066.373112777,1.200000000,1893,12,1
TX,165.724421634,291381.883549559,4642121.439070545,1.200000000,2830,12,1
TX,165.921746732,291024.293378047,4644046.182168177,1.200000000,714,12,1
TX,165.923089024,289032.663005540,4639034.946180874,1.200000000,2361,11,1
TX,166.018500442,299748.356974522,4630072.579813134,1.200000000,111,12,1
TX,166.221476829,292291.388691833,4642311.292273177,1.200000000,902,12,1
TX,166.227714013,289947.863101658,4641590.880470541,1.200000000,2162,7,1
TX,166.283267453,272575.918582383,4629941.475834798,1.200000000,1351,12,1
TX,166.289631903,290339.046698051,4641870.651955646,1.200000000,2771,7,1
TX,166.307286986,291998.234255160,4643718.806803291,1.200000000,1998,12,1
TX,166.325263864,291053.153648871,4643999.684156997,1.200000000,2767,12,1
TX,166.622454732,291030.623234653,4641932.981493003,1.200000000,2031,9,1
TX,166.649960857,294182.716565576,4641271.084858967,1.200000000,1154,11,1
TX,166.792280481,291989.297888658,4641739.551232123,1.200000000,522,12,1
TX,166.867371999,289875.874229178,4641684.600219212,1.200000000,1504,7,1
TX,166.889662973,291027.937460520,4639055.817618883,1.200000000,1160,12,1
TX,166.986798828,273681.627180454,4630676.268082727,1.200000000,1849,12,1
TX,167.048235946,289502.796393134,4645877.282879689,1.200000000,1357,12,1
TX,167.108061224,299781.536214935,4630305.113131288,1.200000000,2179,12,1
TX,167.244080031,292713.816249042,4641713.336790573,1.200000000,767,12,1
TX,167.453963107,291003.083328439,4641845.332237003,1.200000000,2025,8,1
TX,167.486754440,289172.161485379,4642534.417817913,1.200000000,575,10,1
TX,167.541401867,290815.473917336,4638197.591733576,1.200000000,921,12,1
TX,167.566265527,288359.439864917,4637268.309697129,1.200000000,1216,12,1
TX,167.603566674,293318.475546285,4644267.848912928,1.200000000,2144,12,1
TX,167.668168520,284487.248217866,4640779.032923453,1.200000000,31,12,1
TX,167.802004120,290782.739426222,4642269.700927496,1.200000000,269,10,1
TX,168.039491249,293377.170310169,4643874.217651069,1.200000000,2797,12,1
TX,168.261847574,289317.814620571,4634331.544931697,1.200000000,220,12,1
TX,168.280697707,291071.805705066,4644034.471044085,1.200000000,1314,12,1
TX,168.311406208,291364.256805898,4642026.885267012,1.200000000,956,11,1
TX,168.345354733,293823.929863448,4642425.408351672,1.200000000,1744,10,1
TX,168.393856479,291818.991879523,4642307.373447790,1.200000000,1895,12,1
TX,168.672116679,273665.153002342,4630676.975736190,1.200000000,1848,12,1
TX,168.788251585,290373.960460373,4641818.842296620,1.200000000,2496,7,1
TX,168.930000750,290688.462716997,4641288.409833944,1.200000000,1751,7,1
TX,169.033649624,291037.763386458,4641973.133292164,1.200000000,1057,10,1
TX,169.105636485,292876.863728928,4642205.095710664,1.200000000,495,12,1
TX,169.305264161,292292.548133406,4637723.538386387,1.200000000,1869,12,1
TX,169.358585501,290371.178590338,4641807.315358248,1.200000000,86,7,1
TX,169.384998765,290228.577965871,4642623.790239753,1.200000000,2681,10,1
TX,169.463520438,273685.127895289,4630678.333716625,1.200000000,437,12,1
TX,169.675785930,291025.772598319,4641790.342310023,1.200000000,471,8,1
TX,169.713668013,290346.577504733,4641865.293599998,1.200000000,1471,7,1
TX,169.735510555,292680.010055095,4641782.369046603,1.200000000,1574,12,1
TX,170.111895884,273689.697139700,4630633.962371807,1.200000000,90,12,1
TX,170.183670334,271819.159244203,4630667.950862192,1.200000000,1856,12,1
TX,170.374251701,292114.267010931,4642938.773367277,1.200000000,1368,12,1
TX,170.436044840,290331.804312886,4640376.369971017,1.200000000,2301,7,1
TX,170.477687045,288723.064476952,4641778.079415591,1.200000000,1578,9,1
TX,170.593158664,289312.953202229,4639762.365961194,1.200000000,2660,9,1
TX,170.688888245,290406.030294604,4641810.226339217,1.200000000,1255,7,1
TX,170.806206606,292746.220180256,4641874.177404458,1.200000000,1944,12,1
TX,170.925888035,290440.469702731,4641820.869365647,1.200000000,1997,7,1
TX,171.069638031,291130.620956446,4641398.891185130,1.200000000,2371,8,1
TX,171.235764566,291999.752055815,4643710.954422000,1.200000000,189,12,1
TX,171.255345111,291998.310317051,4644277.490127258,1.200000000,397,12,1
TX,171.347121507,290442.902282325,4645948.183143061,1.200000000,1464,12,1
TX,171.353300158,291870.005005834,4642568.272422066,1.200000000,103,12,1
TX,171.421626223,291982.375554693,4641749.374433288,1.200000000,2458,12,1
TX,171.527024399,288826.023543487,4638990.854360720,1.200000000,105,12,1
TX,171.665500781,273658.835593173,4630608.014700576,1.200000000,1802,12,1
TX,171.762901643,291046.007798141,4641713.257212056,1.200000000,41,9,1
TX,171.847512699,289575.109130417,4638788.969206700,1.200000000,799,11,1
TX,171.871951955,292381.889363579,4642737.098071413,1.200000000,1529,12,1
TX,172.010383843,287900.400836911,4643993.293109000,1.200000000,222,12,1
TX,172.069790654,288591.907105382,4643055.038547127,1.200000000,2535,12,1
TX,172.151687160,291816.916188027,4642432.661971754,1.200000000,612,12,1
TX,172.231462067,273684.626273833,4630634.366711649,1.200000000,1566,12,1
TX,172.471030353,289835.593448871,4638515.902934139,1.200000000,1184,12,1
TX,172.527524592,289605.530741752,4643536.825453060,1.200000000,1720,12,1
TX,172.529117014,291237.952555156,4641244.233242301,1.200000000,505,8,1
TX,172.709698771,291046.104675972,4644020.681262015,1.200000000,2193,12,1
TX,172.880966556,289931.848184192,4645840.306026959,1.200000000,394,12,1
TX,172.911004853,289622.326545223,4635512.287421739,1.200000000,1537,12,1
TX,172.989278980,291368.121795786,4638516.521696234,1.200000000,2652,12,1
TX,173.202735191,291875.311271076,4642847.960672557,1.200000000,1488,12,1
TX,173.254999294,291817.501562718,4641975.711133403,1.200000000,1773,12,1
TX,173.403496869,271620.037991770,4630597.569471840,1.200000000,1070,12,1
TX,173.450173246,292722.284231776,4641930.571859658,1.200000000,113,12,1
TX,173.546529584,294059.098210494,4650278.781470453,1.200000000,2392,12,1
TX,173.557553184,291406.425617449,4640263.182845048,1.200000000,982,10,1
TX,173.637685509,291698.169547108,4642124.548675438,1.200000000,1490,12,1
TX,173.669124004,293508.090422410,4644186.471521085,1.200000000,2428,12,1
TX,173.744813012,288936.357516108,4633085.788093832,1.200000000,611,12,1
TX,173.808982770,291990.338572220,4643710.210604367,1.200000000,2287,12,1
TX,173.813270463,291037.225221252,4642261.784106176,1.200000000,1709,10,1
TX,173.917753546,291629.577709234,4638269.843028466,1.200000000,860,12,1
TX,173.951097247,292204.027188367,4643561.598247185,1.200000000,2122,12,1
TX,174.169772799,291260.728519969,4642212.578376030,1.200000000,821,11,1
TX,174.188126235,289349.123872723,4638357.911580267,1.200000000,482,12,1
TX,174.257315077,290199.983433123,4641229.102487071,1.200000000,333,7,1
TX,174.300054962,290322.035505256,4641444.562807127,1.200000000,2534,7,1
TX,174.503058729,292702.253129784,4641807.695259480,1.200000000,83,12,1
TX,174.560777216,273700.843601983,4630636.084475086,1.200000000,2571,12,1
TX,174.664758083,293237.321066016,4639372.262176801,1.200000000,1348,12,1
TX,174.803000609,291969.508211821,4642595.602300470,1.200000000,2335,12,1
TX,175.095726507,290350.182310533,4643295.447056615,1.200000000,602,12,1
TX,175.100058205,291681.890154212,4642100.449646835,1.200000000,424,12,1
TX,175.240476115,291977.384476279,4643704.580299341,1.200000000,194,12,1
TX,175.396994753,291209.702892093,4637934.075066217,1.200000000,1603,12,1
TX,175.434257413,292183.537662815,4642180.839890095,1.200000000,1209,12,1
TX,175.459742731,290804.254699900,4642290.370311354,1.200000000,1798,10,1
TX,175.463711073,292327.775367544,4642042.075777546,1.200000000,2494,12,1
TX,175.521355520,291681.853945606,4642119.719685725,1.200000000,2180,12,1
TX,175.535386547,273646.186983393,4630655.488910151,1.200000000,352,12,1
TX,175.579242832,291240.941900354,4641235.793128554,1.200000000,2430,8,1
TX,175.648260404,271872.726769236,4630671.516049950,1.200000000,771,12,1
TX,175.661659715,290005.042513385,4644128.295843173,1.200000000,2130,12,1
TX,175.874285838,291970.428560036,4642595.424220309,1.200000000,2689,12,1
TX,175.883808867,289596.640605612,4637972.186945878,1.200000000,1433,12,1
TX,175.962991523,290280.605509220,4640888.496339611,1.200000000,539,7,1
TX,175.998510817,291506.631165230,4645029.196779147,1.200000000,2569,12,1
TX,176.079635281,290374.170867475,4635258.412453533,1.200000000,251,12,1
TX,176.139072127,274249.836781853,4630662.514761514,1.200000000,1559,12,1
TX,176.180439266,290681.128966607,4641309.255433166,1.200000000,1431,7,1
TX,176.403312057,290474.765459020,4640615.577865238,1.200000000,2171,7,1
TX,176.533070630,290810.247730638,4642280.261458701,1.200000000,254,10,1
TX,176.579492685,292362.069621890,4642002.171654188,1.200000000,1398,12,1
TX,176.682500971,294239.129854104,4645078.872558165,1.200000000,2657,12,1
TX,176.752774502,290026.480719292,4644903.102473683,1.200000000,954,12,1
TX,176.766210134,290445.876785452,4645251.546538194,1.200000000,536,12,1
TX,176.838795603,292448.843016467,4641371.063707925,1.200000000,225,12,1
TX,176.970928071,291050.336251274,4641987.020588983,1.200000000,2374,10,1
TX,177.186513635,292525.392580769,4641930.733859558,1.200000000,795,12,1
TX,177.408152818,293490.095126375,4639958.654498708,1.200000000,1654,12,1
TX,177.427490289,289193.534044437,4642517.750412399,1.200000000,1176,10,1
TX,177.513309945,273688.731350331,4630652.417361076,1.200000000,700,12,1
TX,177.554073867,273706.626186473,4630642.036478867,1.200000000,2149,12,1
TX,177.606575876,290731.065080230,4641504.170677127,1.200000000,636,8,1
TX,177.828493059,293920.476328384,4640766.881344106,1.200000000,917,12,1
TX,177.865100325,290865.197497015,4642274.516851979,1.200000000,675,11,1
TX,177.928068677,290346.151680652,4643829.972799773,1.200000000,255,12,1
TX,178.120498952,269749.836393442,4628493.273878188,1.200000000,814,12,1
TX,178.373452998,291033.931308869,4640536.180767715,1.200000000,1626,7,1
TX,178.556130160,289705.556429586,4639260.094453545,1.200000000,907,9,1
TX,178.796993030,273704.879552606,4630695.004602657,1.200000000,761,12,1
TX,178.820255118,291361.648399306,4642022.964665973,1.200000000,862,11,1
TX,178.967828309,292687.399626442,4643698.009171536,1.200000000,2464,12,1
TX,179.457477253,289773.413970767,4639518.370680045,1.200000000,1183,10,1
TX,179.586459382,291946.694294843,4642581.049921768,1.200000000,2763,12,1
TX,180.058552709,289343.611746594,4642452.711043056,1.200000000,1775,12,1
TX,180.069726345,291042.559325966,4640473.894050084,1.200000000,2046,8,1
TX,180.126250690,291072.443618781,4644041.839315365,1.200000000,1639,12,1
TX,180.442871440,291236.927328201,4642276.335965141,1.200000000,558,11,1
TX,180.462493336,287664.368508509,4639755.256064842,1.200000000,1511,12,1
TX,180.557874510,292263.964294467,4643882.791275190,1.200000000,1426,12,1
TX,180.576531579,291826.423247752,4641326.717169151,1.200000000,2159,10,1
TX,180.888238438,289539.185471113,4641822.593798259,1.200000000,668,7,1
TX,181.088667704,291952.779980481,4642596.775331647,1.200000000,1147,12,1
TX,181.099112324,295876.964530986,4642308.042207425,1.200000000,1031,7,1
TX,181.282669377,291111.118503062,4642288.481790083,1.200000000,1047,11,1
TX,181.358182714,292521.884083871,4642916.807972522,1.200000000,174,12,1
TX,181.372921174,289572.495155827,4639460.483646189,1.200000000,509,11,1
TX,181.705811269,290605.192287180,4641351.660198850,1.200000000,702,7,1
TX,181.776874095,293384.842434005,4641537.901303202,1.200000000,152,11,1
TX,181.799917974,273697.798796881,4630624.923898413,1.200000000,2447,12,1
TX,181.905196289,291849.440972136,4642548.043561886,1.200000000,1927,12,1
TX,182.129293815,271625.380528238,4630640.564683842,1.200000000,1018,12,1
TX,182.212315872,291123.134459950,4641151.089317032,1.200000000,1760,9,1
TX,182.244227385,294407.866694404,4642699.289135477,1.200000000,1135,10,1
TX,182.248001268,292542.867135375,4642914.153155232,1.200000000,2014,12,1
TX,182.261489636,291091.188968101,4641079.804064075,1.200000000,416,9,1
TX,182.271424357,290992.832420152,4639058.922911278,1.200000000,1027,12,1
TX,182.746223083,290468.215941890,4645155.186260534,1.200000000,593,12,1
TX,182.833695511,292334.490590684,4642042.614303027,1.200000000,2300,12,1
TX,182.850813104,275420.309785869,4631474.257914024,1.200000000,1551,12,1
TX,182.936275133,291767.971342806,4641548.807946444,1.200000000,486,12,1
TX,183.011559016,291068.677089461,4642069.660131522,1.200000000,164,9,1
TX,183.105758341,292006.686795505,4643719.036884637,1.200000000,2626,12,1
TX,183.141324364,294296.851472894,4644158.784939925,1.200000000,2566,12,1
TX,183.143761193,290966.360940889,4642012.709360620,1.200000000,2555,8,1
TX,183.149552460,304432.609351622,4608136.623484316,1.200000000,1146,12,1
TX,183.170189754,291834.373189513,4642550.909485403,1.200000000,2635,12,1
TX,183.354691448,290311.696882609,4647126.568711827,1.200000000,1200,12,1
TX,183.464498017,273715.568927614,4630634.090281309,1.200000000,1367,12,1
TX,184.119455562,290419.424536876,4641384.372898356,1.200000000,454,7,1
TX,184.302043457,290120.716930554,4641420.281777314,1.200000000,594,7,1
TX,184.356551046,291786.157272043,4642829.684366697,1.200000000,1384,12,1
TX,184.563067040,290404.882417794,4642971.981925096,1.200000000,603,12,1
TX,184.658028839,292556.518407481,4642545.867066307,1.200000000,1770,12,1
TX,184.814739423,295156.219743165,4642707.615661665,1.200000000,1123,9,1
TX,184.852983394,291041.671988117,4632359.051729713,1.200000000,1199,12,1
TX,184.883782909,293199.686959405,4640443.646466395,1.200000000,2632,12,1
TX,184.909705133,291912.358360163,4642561.943363965,1.200000000,258,12,1
TX,184.910022388,291046.748427889,4644017.687910761,1.200000000,2621,12,1
TX,184.948024262,291028.211967360,4640968.497358853,1.200000000,1093,7,1
TX,185.246810347,292815.385981692,4642782.202599980,1.200000000,474,12,1
TX,185.357963259,290504.840641702,4645908.067197409,1.200000000,161,12,1
TX,185.519598770,283321.893100144,4632892.373286097,1.200000000,893,12,1
TX,185.616790225,289008.332537292,4641947.798747746,1.200000000,701,9,1
TX,185.809423483,292435.923336148,4641362.256509179,1.200000000,866,12,1
TX,185.868517020,292543.285173746,4641958.251070088,1.200000000,1307,12,1
TX,185.902020886,291891.800824895,4642579.226129052,1.200000000,290,12,1
TX,186.072365195,291915.720690431,4642577.323394290,1.200000000,2596,12,1
TX,186.107220363,290477.601504555,4642848.199816766,1.200000000,666,12,1
TX,186.226134219,292675.916695776,4641783.761304342,1.200000000,1662,12,1
TX,186.259253146,290984.817565963,4642190.424151207,1.200000000,321,10,1
TX,186.299779929,292689.771022276,4641822.558337093,1.200000000,1650,12,1
TX,186.370991884,291055.724156837,4641980.836372431,1.200000000,234,10,1
TX,186.440635863,289501.802152072,4640225.978670257,1.200000000,1872,7,1
TX,186.545827426,289567.930597370,4642018.275825740,1.200000000,1507,8,1
TX,186.573777861,291211.749691511,4637660.035016803,1.200000000,858,12,1
TX,186.707137719,291049.769220366,4641205.712263023,1.200000000,1228,8,1
TX,186.824063318,290738.720034006,4641077.529715436,1.200000000,1144,7,1
TX,187.022971548,292429.261219182,4639304.125230247,1.200000000,1640,12,1
TX,187.048887486,295577.048520994,4645535.359049289,1.200000000,2504,12,1
TX,187.287199743,283781.559230741,4632951.730479958,1.200000000,1197,12,1
TX,187.348116275,289951.340679403,4634411.711464414,1.200000000,2305,12,1
TX,187.429937833,293194.546516616,4642660.278357448,1.200000000,2749,12,1
TX,187.500927806,293680.405249600,4639632.223555709,1.200000000,2134,12,1
TX,187.566805238,289330.667179742,4634316.836969513,1.200000000,2294,12,1
TX,187.577752074,291906.436331958,4642571.295868200,1.200000000,2521,12,1
TX,187.725891742,288405.310479166,4641363.661915410,1.200000000,2201,8,1
TX,187.844701314,290794.708227398,4642816.777420333,1.200000000,127,11,1
TX,187.961857555,293535.799354423,4644009.375270684,1.200000000,2713,12,1
TX,188.000159292,290975.726846918,4641351.772808209,1.200000000,2140,8,1
TX,188.101365260,288186.941017322,4643898.985167060,1.200000000,2250,12,1
TX,188.174093640,291772.219658702,4642633.953697050,1.200000000,1191,12,1
TX,188.204491382,290463.995103303,4641521.966912496,1.200000000,53,7,1
TX,188.245256560,294677.066616303,4651068.132145719,1.200000000,1192,12,1
TX,188.303734657,291199.465352379,4641959.598603142,1.200000000,459,10,1
TX,188.355478313,291776.701972910,4642813.352571107,1.200000000,2788,12,1
TX,188.461492140,295140.362304591,4642715.174123059,1.200000000,1969,9,1
TX,188.525756544,286786.170504989,4641294.830308062,1.200000000,244,12,1
TX,188.850029832,290427.136960738,4636288.413255714,1.200000000,434,12,1
TX,189.085040597,289340.025310895,4640803.706036065,1.200000000,996,7,1
TX,189.133523413,290349.890155181,4641428.221167019,1.200000000,170,7,1
TX,189.284349901,290402.001030443,4641811.649033313,1.200000000,896,7,1
TX,189.413653057,292702.096814833,4641831.591432796,1.200000000,776,12,1
TX,189.605456576,290137.087408224,4635344.024214480,1.200000000,2528,12,1
TX,189.879729155,291995.650597320,4643711.208687253,1.200000000,1428,12,1
TX,190.842673251,290544.959481813,4643181.666151010,1.200000000,306,12,1
TX,191.061803312,292260.405205956,4637931.700645031,1.200000000,1852,12,1
TX,191.192341122,285839.595488276,4634236.822983556,1.200000000,2346,12,1
TX,191.372296681,291747.918251807,4641677.655286599,1.200000000,2388,11,1
TX,191.443022904,288879.891075564,4640060.552418054,1.200000000,450,8,1
TX,191.452151565,292541.176643032,4642901.149658892,1.200000000,2514,12,1
TX,191.562672202,292394.503517129,4637358.072891940,1.200000000,1467,12,1
TX,191.783599972,291575.262471561,4642183.465659679,1.200000000,130,12,1
TX,191.979456420,291840.868727322,4642552.816062252,1.200000000,1765,12,1
TX,192.140475093,273657.037724862,4630650.841460102,1.200000000,346,12,1
TX,192.218132382,273649.406884509,4630646.540445545,1.200000000,2302,12,1
TX,192.219540053,290362.387550892,4641839.723341309,1.200000000,2766,7,1
TX,192.450867390,295102.180278742,4642715.191277552,1.200000000,607,9,1
TX,192.572537286,290217.951536269,4640432.069266823,1.200000000,2817,7,1
TX,192.625325607,291029.270960485,4641779.665023530,1.200000000,1453,8,1
TX,192.675096093,290426.602190464,4640695.707815488,1.200000000,874,7,1
TX,192.966371922,291103.518874812,4641358.926333163,1.200000000,266,9,1
TX,192.983583044,299749.698140301,4630071.780123210,1.200000000,993,12,1
TX,193.088681498,290477.688037839,4640629.126125383,1.200000000,1924,7,1
TX,193.269730336,292320.105695081,4642052.440192417,1.200000000,2624,12,1
TX,193.432441384,290806.846769616,4641500.669473663,1.200000000,2147,8,1
TX,193.598048591,291955.432442853,4642603.633291941,1.200000000,736,12,1
TX,193.612090724,288954.441940520,4641836.621324674,1.200000000,531,9,1
TX,193.724888655,292630.107125504,4643651.458606110,1.200000000,2224,12,1
TX,193.750044074,291693.388593941,4642123.398297085,1.200000000,1738,12,1
TX,193.831508424,293169.929106643,4643161.450121503,1.200000000,109,12,1
TX,193.846229701,290649.267234856,4642139.201680641,1.200000000,1515,9,1
TX,193.855292844,290810.079548390,4642279.666854492,1.200000000,664,10,1
TX,193.893704942,285610.057556528,4630244.203806451,1.200000000,1430,12,1
TX,193.930467552,291539.762323947,4642323.633296499,1.200000000,2761,12,1
TX,193.954121005,291219.588185985,4641280.769287005,1.200000000,647,9,1
TX,194.061517916,291018.523169108,4641989.810305739,1.200000000,2384,10,1
TX,194.098987959,290430.236129408,4643889.290749573,1.200000000,2757,12,1
TX,194.310981039,292869.744207778,4643751.643657415,1.200000000,2774,12,1
TX,194.545755573,288077.165309589,4645599.056750538,1.200000000,1648,12,1
TX,194.560823163,292331.753569249,4642045.798907602,1.200000000,0,12,1
TX,194.862331690,271614.680304108,4630639.678939428,1.200000000,1951,12,1
TX,194.998089680,291975.994224903,4643699.004126320,1.200000000,468,12,1
TX,195.071288145,292732.931278896,4642036.268075860,1.200000000,343,12,1
TX,195.137451679,290584.749543974,4643867.880161672,1.200000000,1214,12,1
TX,195.351021954,294043.439518186,4639859.084685568,1.200000000,1521,12,1
TX,195.587381297,291671.051793977,4642219.933411259,1.200000000,2370,11,1
TX,195.972722480,292799.132929631,4642023.396067750,1.200000000,2450,12,1
TX,195.994566210,287834.000537150,4639161.720569230,1.200000000,1444,12,1
TX,196.124130602,293292.012918205,4644282.496268877,1.200000000,1528,12,1
TX,196.189318901,291146.782104691,4642483.561947936,1.200000000,1043,12,1
TX,196.388735284,290547.192616760,4641104.523361680,1.200000000,2508,7,1
TX,196.392454474,290368.493478913,4641412.313969744,1.200000000,243,7,1
TX,196.426805680,291537.105343521,4641098.120159113,1.200000000,2639,11,1
TX,196.567935563,289313.538155140,4634323.899058172,1.200000000,1814,12,1
TX,196.598641968,289141.505975885,4642829.621486072,1.200000000,188,12,1
TX,196.613551209,294127.321661835,4644964.880386954,1.200000000,2541,12,1
TX,196.656206926,291826.390034413,4642542.135676956,1.200000000,909,12,1
TX,196.711807934,290749.222907300,4642884.794898050,1.200000000,1982,12,1
TX,196.829283526,284808.913405960,4631806.322084148,1.200000000,104,12,1
TX,196.966667186,290748.430277332,4642877.158424742,1.200000000,559,12,1
TX,196.977685618,273715.408737964,4630645.959998021,1.200000000,759,12,1
TX,197.144409643,292540.558034572,4642608.384505816,1.200000000,1564,12,1
TX,197.279418919,290136.982079268,4640186.143165375,1.200000000,1643,7,1
TX,197.341134945,284464.089265131,4632999.033143917,1.200000000,1103,12,1
TX,197.426916534,291070.050720209,4644042.599965679,1.200000000,927,12,1
TX,197.574668818,290128.669425164,4645293.967236564,1.200000000,1465,12,1
TX,197.950300614,298099.633016245,4631646.852207178,1.200000000,1912,12,1
TX,198.130928960,288459.482532736,4639659.034030674,1.200000000,1092,12,1
TX,198.319098155,292023.632330331,4640700.857292982,1.200000000,1411,12,1
TX,198.358481926,290472.971280130,4630406.693581159,1.200000000,1360,12,1
TX,198.482523971,290354.706789121,4643757.433513514,1.200000000,2610,12,1
TX,198.655921877,285820.143043006,4641066.024954880,1.200000000,1589,12,1
TX,198.721482193,290660.779561249,4641297.692378241,1.200000000,2572,7,1
TX,198.735850382,289318.105486374,4634290.056412490,1.200000000,678,12,1
TX,198.738848519,290239.410096892,4640954.617620453,1.200000000,729,7,1
TX,198.809915467,287946.677586115,4632034.444932404,1.200000000,2679,12,1
TX,198.830351665,289334.848078398,4634336.835281882,1.200000000,2401,12,1
TX,198.848780118,292451.451994427,4641940.847011565,1.200000000,299,12,1
TX,198.879007428,271641.971632331,4630632.588627489,1.200000000,165,12,1
TX,199.131529247,273677.552001570,4630685.149012398,1.200000000,289,12,1
TX,199.164553947,291141.997598357,4640764.583527789,1.200000000,641,8,1
TX,199.205266808,290623.383213831,4639820.466390569,1.200000000,412,9,1
TX,199.395586241,291036.229975033,4644012.998480068,1.200000000,382,12,1
TX,199.709982713,291224.067122496,4640454.649680704,1.200000000,347,8,1
TX,199.769034691,293138.499456047,4638900.077322603,1.200000000,2399,12,1
TX,199.988206801,292193.666195746,4639427.158068840,1.200000000,2232,12,1
TX,200.041518502,290338.609879476,4643739.688010985,1.200000000,1046,12,1
TX,200.065590421,291052.642650357,4641676.175155873,1.200000000,2831,9,1
TX,200.127142441,293907.027744980,4640692.479758221,1.200000000,2385,12,1
TX,200.137097278,271952.697215411,4630592.346978812,1.200000000,652,12,1
TX,200.190677340,292763.853274790,4642046.517974475,1.200000000,1635,12,1
TX,200.225095252,286959.977284893,4641228.964212256,1.200000000,2321,12,1
TX,200.371923501,291544.203009626,4641344.431503512,1.200000000,1455,11,1
TX,200.385085325,290434.157323788,4644514.789734151,1.200000000,159,12,1
TX,200.426148899,290095.921402238,4640901.531833380,1.200000000,535,7,1
TX,200.532090084,293155.331186394,4641043.983026986,1.200000000,270,12,1
TX,200.724951469,291096.423112154,4641965.097323857,1.200000000,2546,10,1
TX,200.732475694,290661.808390373,4641930.578079850,1.200000000,1666,9,1
TX,200.931687418,273714.669489434,4630619.856782334,1.200000000,2659,12,1
TX,201.091654511,290460.165260594,4643858.428955354,1.200000000,1335,12,1
TX,201.445539179,277845.751761901,4632422.334646371,1.200000000,2315,12,1
TX,201.871478042,288340.778779261,4643018.052099327,1.200000000,2221,12,1
TX,201.904855202,291152.248790180,4641247.947934201,1.200000000,2135,9,1
TX,202.065291961,294342.243922993,4642720.643045444,1.200000000,608,10,1
TX,202.108385911,291065.592802499,4644028.337726929,1.200000000,925,12,1
TX,202.382405566,290212.829507537,4636607.997563330,1.200000000,1182,12,1
TX,202.478671869,290860.419762609,4642290.421362377,1.200000000,2836,10,1
TX,202.608639430,289316.021437024,4640425.106970526,1.200000000,2078,7,1
TX,202.633215870,273660.781417388,4630678.857622748,1.200000000,1399,12,1
TX,202.779688168,289678.444799431,4638755.715214558,1.200000000,1470,11,1
TX,202.825582583,291338.476362718,4642015.954381618,1.200000000,2230,10,1
TX,203.194740057,273677.214658416,4630673.591308332,1.200000000,1190,12,1
TX,203.199523819,289220.579476113,4642510.651206492,1.200000000,1698,10,1
TX,203.211175922,290704.234970503,4641300.942712899,1.200000000,627,7,1
TX,203.323989918,290811.042868742,4646253.872461770,1.200000000,1324,12,1
TX,203.339658280,291369.310384620,4641428.327627611,1.200000000,1633,10,1
TX,203.383650142,292319.845662315,4642035.504465559,1.200000000,730,12,1
TX,203.415168265,289292.170273834,4643711.060015040,1.200000000,587,12,1
TX,203.537947786,289621.493186251,4643588.783208341,1.200000000,2386,12,1
TX,203.545537669,292096.822401344,4643185.037085608,1.200000000,184,12,1
TX,203.552034133,295134.737705124,4642711.995917827,1.200000000,2667,9,1
TX,203.642497225,291988.630091061,4643709.676249390,1.200000000,542,12,1
TX,203.705702296,291790.911669996,4641620.705560701,1.200000000,1129,12,1
TX,203.720864042,273689.843672325,4630643.018550086,1.200000000,100,12,1
TX,203.850691765,287954.400898407,4634530.545966520,1.200000000,801,12,1
TX,203.980119043,289895.401012128,4642932.170736058,1.200000000,1896,12,1
TX,204.032728690,288184.656663767,4643901.861108653,1.200000000,1346,12,1
TX,204.340057471,283892.873007635,4637235.288890152,1.200000000,1081,12,1
TX,204.567046125,291857.867955569,4642560.919587475,1.200000000,2768,12,1
TX,204.602132494,289736.192531451,4640041.601871260,1.200000000,1586,7,1
TX,204.609752762,299748.886331090,4630071.688503229,1.200000000,229,12,1
TX,204.806755785,293719.042745573,4645337.577999881,1.200000000,1601,12,1
TX,204.888061158,293261.641887825,4641004.646613026,1.200000000,2173,12,1
TX,204.891863539,293524.914855752,4641273.808288281,1.200000000,1407,11,1
TX,205.009218710,291120.940971490,4641148.902606760,1.200000000,2623,9,1
TX,205.031732573,293101.209242491,4643024.169994642,1.200000000,2570,12,1
TX,205.254026035,290279.015793371,4646981.994486690,1.200000000,1882,12,1
TX,205.294351093,287515.619349812,4633238.181048399,1.200000000,1979,12,1
TX,205.579064102,293400.068289131,4640416.798634861,1.200000000,765,12,1
TX,205.931605918,293421.326232087,4642886.587476110,1.200000000,2615,12,1
TX,206.059828717,290696.958389370,4641299.328203775,1.200000000,1113,7,1
TX,206.232010199,273710.677926950,4630621.718271956,1.200000000,2394,12,1
TX,206.280063792,271844.173345439,4630822.353851777,1.200000000,683,12,1
TX,206.306560736,290181.417134404,4640145.838664383,1.200000000,615,7,1
TX,206.481447058,286263.901323948,4634557.199790418,1.200000000,215,12,1
TX,206.518483407,293546.667096953,4639933.736948137,1.200000000,1380,12,1
TX,206.529531734,290615.872225537,4643035.009158200,1.200000000,838,12,1
TX,206.547807497,291472.623346713,4642010.041030094,1.200000000,592,12,1
TX,206.620857812,291992.138032041,4643702.313260726,1.200000000,173,12,1
TX,206.794219467,290392.732329236,4645862.415647283,1.200000000,2226,12,1
TX,206.816413420,291217.385589093,4642297.925789081,1.200000000,547,12,1
TX,206.882682566,291846.209440915,4642462.615930255,1.200000000,1930,12,1
TX,206.921843029,290560.313065688,4645906.879551859,1.200000000,21,12,1
TX,207.026778804,273735.978430582,4630643.770197214,1.200000000,1955,12,1
TX,207.192649411,292272.112670066,4642076.468818271,1.200000000,2026,12,1
TX,207.199440500,291135.667023440,4641137.034920329,1.200000000,2708,9,1
TX,207.210379582,289294.452225960,4644479.575044310,1.200000000,1523,12,1
TX,207.240581886,291929.610496097,4642583.049837071,1.200000000,2591,12,1
TX,207.441517628,291027.229951880,4641922.247712154,1.200000000,2377,9,1
TX,207.604593569,292243.076242303,4641936.385694704,1.200000000,390,12,1
TX,207.628493240,293111.876166633,4642340.095528647,1.200000000,1791,12,1
TX,207.630351508,292828.787312370,4641939.917017103,1.200000000,2443,12,1
TX,207.817156199,291139.814333756,4642227.802179309,1.200000000,1065,11,1
TX,207.853598411,290614.279114538,4642304.608526485,1.200000000,2024,9,1
TX,207.859106090,273561.653126497,4630227.714690107,1.200000000,2136,12,1
TX,207.924475997,290044.249354647,4642381.558999970,1.200000000,581,11,1
TX,207.945786498,289986.981902800,4642381.824323235,1.200000000,540,10,1
TX,207.999673407,290966.575498941,4641196.684924171,1.200000000,353,8,1
TX,208.390128460,291662.141157658,4630181.169994080,1.200000000,952,12,1
TX,208.623131619,293259.470275598,4640221.727387977,1.200000000,1867,12,1
TX,208.762914878,291714.126304418,4642757.192461506,1.200000000,472,12,1
TX,208.992972637,273710.493205560,4630637.573994895,1.200000000,751,12,1
TX,209.288219742,293919.831190712,4643728.137871631,1.200000000,1259,12,1
TX,209.323241640,290505.073493769,4640467.238671625,1.200000000,153,7,1
TX,209.425163772,290733.772211332,4644517.140752940,1.200000000,2818,12,1
TX,209.549267284,290738.392438930,4642907.859580171,1.200000000,2454,12,1
TX,209.617855772,290162.841199025,4644292.831280436,1.200000000,2691,12,1
TX,209.699968811,292221.604045506,4637107.738718865,1.200000000,1552,12,1
TX,210.162143552,289109.171766070,4641923.294885566,1.200000000,1600,9,1
TX,210.320864326,291029.617175173,4642315.316966400,1.200000000,163,11,1
TX,210.392890233,291730.217822362,4642143.167556192,1.200000000,1560,12,1
TX,210.634935440,298232.788030568,4639250.818764918,1.200000000,441,12,1
TX,210.696025896,292351.382007399,4639798.730357592,1.200000000,1812,12,1
TX,210.950979585,291067.716244103,4644045.845315641,1.200000000,500,12,1
TX,211.076965323,294419.466249726,4604532.491513085,1.200000000,1187,12,1
TX,211.093077996,289332.236372783,4639784.061452490,1.200000000,409,9,1
TX,211.117496856,291943.028488130,4643636.791859122,1.200000000,2215,12,1
TX,211.134581760,292066.945637086,4644191.765998784,1.200000000,847,12,1
TX,211.369695552,292700.131663291,4641788.629378542,1.200000000,2629,12,1
TX,211.517945233,290476.726800851,4640629.726228995,1.200000000,2412,7,1
TX,211.615356783,291898.451255306,4644162.637849485,1.200000000,511,12,1
TX,211.625049127,291976.661519268,4643721.316698688,1.200000000,1608,12,1
TX,211.752628126,291091.932545985,4643624.243039237,1.200000000,413,12,1
TX,211.764987452,286736.012259152,4641374.982207849,1.200000000,284,12,1
TX,211.985840274,290131.396587307,4635349.589659209,1.200000000,1622,12,1
TX,212.057304104,291028.110631645,4642048.880454456,1.200000000,2685,10,1
TX,212.086906264,289317.757541937,4639767.598984617,1.200000000,1718,9,1
TX,212.379872024,292533.808642775,4642913.090092596,1.200000000,579,12,1
TX,212.444744326,290612.379185433,4640637.821134396,1.200000000,2000,7,1
TX,212.579296300,291805.361717697,4642820.261584779,1.200000000,1132,12,1
TX,212.624891480,292147.931023082,4637054.291180794,1.200000000,2426,12,1
TX,212.733499298,291837.252870764,4641071.267732809,1.200000000,533,11,1
TX,212.824478016,292753.300120255,4642049.036668153,1.200000000,2048,12,1
TX,212.908523014,290832.630686085,4639410.656045529,1.200000000,1317,10,1
TX,212.952015594,296576.806368740,4642172.572535531,1.200000000,2536,8,1
TX,213.063030204,290964.836720111,4640761.865386342,1.200000000,1401,8,1
TX,213.097149721,289902.628184290,4644403.644555205,1.200000000,828,12,1
TX,213.149842488,292319.788995467,4642042.962705949,1.200000000,1582,12,1
TX,213.190685618,287295.855672395,4641802.415974517,1.200000000,2338,12,1
TX,213.231106789,291528.241981675,4642171.582023042,1.200000000,11,11,1
TX,213.292668448,290433.677516390,4641820.990040793,1.200000000,2823,7,1
TX,213.316111236,288989.212205778,4630693.925492185,1.200000000,295,12,1
TX,213.562304158,289592.026909332,4642928.901956075,1.200000000,1722,12,1
TX,213.782963987,293281.897826271,4644016.203594073,1.200000000,2393,12,1
TX,214.073693944,290532.265193149,4641003.953761959,1.200000000,1712,7,1
TX,214.191447257,295389.268761639,4639961.055214088,1.200000000,2095,12,1
TX,214.297186856,290592.592098741,4638843.319030318,1.200000000,1011,11,1
TX,214.511245167,291117.207151382,4641129.563916207,1.200000000,524,9,1
TX,214.537734637,290359.750525518,4641405.695971875,1.200000000,2786,7,1
TX,214.910811419,292460.440748280,4641378.807537802,1.200000000,1879,12,1
TX,215.027421649,290516.575500718,4644909.984681605,1.200000000,659,12,1
TX,215.055891343,291421.523926567,4642049.984295072,1.200000000,128,11,1
TX,215.138212043,286849.975381899,4641701.357729830,1.200000000,965,12,1
TX,215.432627804,291468.825034716,4641979.215403293,1.200000000,2678,12,1
TX,215.504295594,286703.463529819,4645130.372134494,1.200000000,383,12,1
TX,215.531793895,291450.142463056,4642027.241139222,1.200000000,561,12,1
TX,215.566744338,290086.736321844,4641496.014747403,1.200000000,2253,7,1
TX,215.605520421,291477.617433582,4642053.426915984,1.200000000,1939,12,1
TX,215.642778192,299734.237233394,4630042.950825680,1.200000000,2154,12,1
TX,215.731260499,290076.282390756,4641531.602368424,1.200000000,1970,7,1
TX,215.744596457,291986.033378098,4643724.048308522,1.200000000,458,12,1
TX,215.877390048,289675.998398368,4645640.907901867,1.200000000,2117,12,1
TX,215.940907065,290665.460654726,4641616.024787420,1.200000000,1579,7,1
TX,216.128284939,290351.971803031,4643775.582342709,1.200000000,29,12,1
TX,216.174207572,291513.122662830,4644132.890616472,1.200000000,2460,12,1
TX,216.243731202,288442.305832388,4639062.398026780,1.200000000,937,12,1
TX,216.244120262,287350.385970451,4641131.887079584,1.200000000,966,12,1
TX,216.283964269,290063.323184245,4641557.954012020,1.200000000,1225,7,1
TX,216.375578615,298488.438976118,4643324.956098977,1.200000000,1853,12,1
TX,216.413654320,292625.748260555,4639672.515832950,1.200000000,1207,12,1
TX,216.439483365,292700.456152836,4641828.646305520,1.200000000,1575,12,1
TX,216.486608034,292713.187830242,4641822.554589977,1.200000000,1651,12,1
TX,216.499786342,291963.002395341,4641090.642243310,1.200000000,398,12,1
TX,216.614829296,299745.719914005,4630060.897830619,1.200000000,1961,12,1
TX,216.720795486,291476.796712921,4642264.107777405,1.200000000,2457,11,1
TX,216.775139348,289554.435870467,4637771.586281962,1.200000000,2389,12,1
TX,216.911155641,292001.982329601,4644270.655021343,1.200000000,1022,12,1
TX,216.922593726,295569.446654034,4638266.203077486,1.200000000,530,12,1
TX,217.224861235,290320.999274139,4643349.513732846,1.200000000,2355,12,1
TX,217.468540005,291211.635842446,4641398.368272810,1.200000000,815,9,1
TX,217.479097013,291897.434377113,4642578.620237053,1.200000000,1126,12,1
TX,217.603203808,292610.806131608,4642826.028626710,1.200000000,1975,12,1
TX,217.622482675,292532.657385478,4642917.522727849,1.200000000,2640,12,1
TX,217.747822238,294533.883522658,4646535.882255310,1.200000000,867,12,1
TX,218.074645581,290599.628814462,4641354.684686927,1.200000000,960,7,1
TX,218.243132320,283902.420759156,4632389.449277663,1.200000000,69,12,1
TX,218.354489751,292667.425010627,4650868.117732214,1.200000000,293,12,1
TX,218.499168462,291986.245042947,4643713.796619607,1.200000000,22,12,1
TX,218.603744513,291987.107795745,4643711.833270773,1.200000000,1784,12,1
TX,218.735558538,291014.016625297,4641835.623823128,1.200000000,733,9,1
TX,218.911036484,289325.811801239,4634317.961569934,1.200000000,65,12,1
TX,219.037298615,281912.449531706,4632779.051415575,1.200000000,818,12,1
TX,219.138860884,290841.479919244,4642322.506790623,1.200000000,1824,10,1
TX,219.192859202,291078.572244394,4641961.066865361,1.200000000,78,10,1
TX,219.249495585,295120.736864203,4642696.700655140,1.200000000,865,9,1
TX,219.451390776,290789.717816887,4642281.126768385,1.200000000,2815,10,1
TX,219.469410402,291044.813212782,4631577.301120303,1.200000000,2523,12,1
TX,219.520390187,273691.039210169,4630700.075509616,1.200000000,2339,12,1
TX,219.675262480,290717.744455766,4641293.350505144,1.200000000,141,7,1
TX,219.807457462,295106.518165661,4646738.624632975,1.200000000,851,12,1
TX,220.142116348,299606.435780911,4637206.209187969,1.200000000,2444,12,1
TX,220.268443859,291069.246397654,4643996.231507634,1.200000000,510,12,1
TX,220.482437489,290960.864133418,4640777.720312010,1.200000000,1793,8,1
TX,220.631676025,289814.079974504,4638526.092295513,1.200000000,2542,12,1
TX,220.794851920,289930.409692243,4645971.693522923,1.200000000,786,12,1
TX,220.959545569,292354.554890084,4640593.678643113,1.200000000,1509,12,1
TX,220.997915479,290307.495773266,4644593.787343904,1.200000000,404,12,1
TX,221.164120594,292477.893446728,4641519.947236126,1.200000000,2186,12,1
TX,221.326388380,289664.115783374,4643598.271898760,1.200000000,405,12,1
TX,221.342152575,298651.140997665,4639403.270860473,1.200000000,875,12,1
TX,221.838502921,290351.149749759,4641818.646530177,1.200000000,843,7,1
TX,222.141284589,273381.483986050,4631307.426803404,1.200000000,2241,12,1
TX,222.154531839,291170.828145583,4641315.257625321,1.200000000,2650,10,1
TX,222.334951545,289744.844212002,4639982.220467431,1.200000000,2395,7,1
TX,222.336365852,290610.356242578,4641101.000181217,1.200000000,35,7,1
TX,222.458325762,294832.813089116,4642585.938486923,1.200000000,1130,9,1
TX,222.533157371,291027.481568822,4641955.351657390,1.200000000,2381,10,1
TX,222.713959083,286242.422575528,4640065.322807981,1.200000000,2587,12,1
TX,222.729950777,290407.860467076,4645712.737833725,1.200000000,377,12,1
TX,222.864475929,299736.011703228,4630060.110457960,1.200000000,1281,12,1
TX,222.937586384,290443.088073095,4643410.444776830,1.200000000,2099,12,1
TX,223.042921836,291073.164439605,4644038.583048748,1.200000000,2489,12,1
TX,223.087216145,290676.492884327,4641181.327796243,1.200000000,1493,7,1
TX,223.288464463,291722.276755563,4642159.607668083,1.200000000,1692,12,1
TX,223.326247989,291178.219404536,4642192.633759318,1.200000000,774,11,1
TX,223.564385413,289155.807785034,4642529.408734205,1.200000000,1481,10,1
TX,223.594757520,291060.961136202,4640989.138685170,1.200000000,355,7,1
TX,223.655239241,290201.279090843,4641460.741775593,1.200000000,1691,7,1
TX,223.701748817,292555.390815985,4641344.131101892,1.200000000,2790,12,1
TX,223.965089298,273693.630967299,4630646.113610818,1.200000000,2067,12,1
TX,224.022643919,287562.950396840,4641337.741142325,1.200000000,455,12,1
TX,224.068837078,289889.098277484,4633910.786887921,1.200000000,1757,12,1
TX,224.084969449,291850.022032997,4636311.797923702,1.200000000,1965,12,1
TX,224.102158707,289477.322097426,4641748.714050037,1.200000000,2516,7,1
TX,224.186970091,271932.907554054,4630631.621951172,1.200000000,1627,12,1
TX,224.244510811,290474.375609861,4640740.315988167,1.200000000,589,7,1
TX,224.341329620,292043.549567543,4640498.628944892,1.200000000,1836,12,1
TX,224.386752902,299735.165159684,4630053.701679776,1.200000000,2236,12,1
TX,224.564321434,291816.337031161,4642872.009194217,1.200000000,176,12,1
TX,224.713963139,288879.241871672,4640088.836178638,1.200000000,2799,8,1
TX,224.805872877,290627.461427184,4641125.040186478,1.200000000,55,7,1
TX,224.902064301,299103.471486293,4631591.736525853,1.200000000,1366,12,1
TX,224.984899372,294062.406916645,4641079.721284842,1.200000000,606,11,1
TX,225.041770029,291726.417066365,4642382.033823171,1.200000000,890,12,1
TX,225.049040841,298671.215258899,4631341.159065393,1.200000000,280,12,1
TX,225.110566179,291731.373861994,4645034.245906604,1.200000000,2752,12,1
TX,225.154921955,294266.575373384,4645214.040923684,1.200000000,2310,12,1
TX,225.313468944,291331.373227464,4642211.088936676,1.200000000,2259,12,1
TX,225.429808508,295480.205443786,4648914.474151469,1.200000000,2677,12,1
TX,225.754563407,290502.328340400,4639797.448713591,1.200000000,2829,8,1
TX,225.756398904,289720.760248926,4647153.301401434,1.200000000,1860,12,1
TX,225.799172247,290602.533679419,4641069.522641456,1.200000000,628,7,1
TX,225.801637574,290532.763533939,4642094.921679983,1.200000000,1206,7,1
TX,225.815422453,273719.415166889,4630688.736935440,1.200000000,1623,12,1
TX,225.853046653,291641.292617664,4642114.082819794,1.200000000,544,10,1
TX,226.066447613,289665.692706607,4642177.272019283,1.200000000,2445,9,1
TX,226.099324023,292695.499578392,4641824.130861399,1.200000000,1058,12,1
TX,226.099751430,291849.512727695,4642562.695939914,1.200000000,2605,12,1
TX,226.111971547,290473.759526404,4639765.015863201,1.200000000,212,8,1
TX,226.205025136,289209.262412716,4642520.994193595,1.200000000,864,10,1
TX,226.374154418,290986.261044877,4639057.724782039,1.200000000,1454,12,1
TX,226.462279237,290327.033477473,4644076.450407949,1.200000000,1114,12,1
TX,226.466136380,294659.003435507,4644594.465400677,1.200000000,2408,12,1
TX,226.606164880,291993.650764723,4643717.126936696,1.200000000,2165,12,1
TX,226.702278143,293243.860347219,4639502.280319197,1.200000000,1881,12,1
TX,226.719393222,291891.321756154,4642574.587256925,1.200000000,2601,12,1
TX,226.793061353,290835.510296660,4642273.141312891,1.200000000,1989,10,1
TX,226.891864648,290692.336509586,4641288.055624349,1.200000000,2152,7,1
TX,226.999684776,291016.845691152,4641965.541764122,1.200000000,949,10,1
TX,227.005391106,290307.275573559,4642797.095636539,1.200000000,2562,11,1
TX,227.014858466,291040.737031125,4641944.137402517,1.200000000,42,9,1
TX,227.220892361,290904.395878342,4643988.250213511,1.200000000,2590,12,1
TX,227.243719149,291238.638312022,4641247.764848854,1.200000000,27,8,1
TX,227.248320395,290650.689159916,4642717.073069149,1.200000000,67,10,1
TX,227.520520688,291713.213994985,4642131.075536018,1.200000000,2177,12,1
TX,227.649996371,288186.609536414,4643899.137801794,1.200000000,686,12,1
TX,227.805218259,290757.021002538,4641289.995244208,1.200000000,1763,7,1
TX,227.901868453,290643.836599124,4646627.944312347,1.200000000,1663,12,1
TX,228.008361865,291042.365200454,4640564.889860590,1.200000000,2380,7,1
TX,228.034928099,291096.596300637,4641966.067890292,1.200000000,1706,10,1
TX,228.109073090,291263.889720357,4641202.315294896,1.200000000,2077,8,1
TX,228.148692393,293302.351298251,4640204.466560990,1.200000000,2205,12,1
TX,228.359292121,273747.422101169,4630627.445640575,1.200000000,1009,12,1
TX,228.377486719,291076.326857228,4641984.479308801,1.200000000,763,10,1
TX,228.432577199,293976.235218174,4640972.414072558,1.200000000,2715,12,1
TX,228.442552363,273692.191738944,4630634.931063816,1.200000000,1339,12,1
TX,228.519526108,290694.854998894,4641298.508748706,1.200000000,1048,7,1
TX,228.534063891,292438.773725158,4641856.860770148,1.200000000,1338,12,1
TX,228.708837966,271663.195852646,4630292.753700473,1.200000000,1343,12,1
TX,228.821821835,293965.240436328,4641591.111832961,1.200000000,2459,12,1
TX,228.876221018,290364.303679946,4641810.163820189,1.200000000,6,7,1
TX,228.947052993,290996.075104449,4641853.668485929,1.200000000,1150,8,1
TX,228.977438581,291559.249987770,4641069.693091969,1.200000000,619,10,1
TX,229.079316847,286703.265070880,4645130.575194227,1.200000000,2096,12,1
TX,229.385926670,296007.159368445,4649636.927995630,1.200000000,2280,12,1
TX,229.826582829,273721.195994595,4630632.951482450,1.200000000,1062,12,1
TX,229.928200069,290692.412783050,4641301.617838834,1.200000000,1359,7,1
TX,230.036757385,291251.943466341,4642290.705783992,1.200000000,39,11,1
TX,230.037423537,291042.302511722,4641731.968779859,1.200000000,2406,8,1
TX,230.291866837,290368.921752001,4641452.126680584,1.200000000,1926,7,1
TX,230.361731190,291187.919834882,4641957.488943307,1.200000000,501,10,1
TX,230.417262978,291226.654453790,4642267.771924854,1.200000000,1993,11,1
TX,230.479228156,293074.164573402,4642401.742117404,1.200000000,1686,12,1
TX,230.562084251,273671.959145659,4630686.279234980,1.200000000,2285,12,1
TX,230.825903688,290661.607056913,4641301.044738969,1.200000000,694,7,1
TX,230.989036277,293553.314109797,4641311.690556695,1.200000000,1403,12,1
TX,231.211748065,290555.131044056,4646866.015999538,1.200000000,1835,12,1
TX,231.283058157,287998.554796868,4638475.521853881,1.200000000,521,12,1
TX,231.657085866,288494.634532209,4646571.923027351,1.200000000,1217,12,1
TX,231.752002403,291109.340502183,4641361.892099640,1.200000000,2543,9,1
TX,231.884978998,273703.345304301,4630622.781802204,1.200000000,1374,12,1
TX,231.923994384,292782.873525378,4642247.550968077,1.200000000,2129,12,1
TX,231.967048242,291955.206600373,4640742.469820499,1.200000000,1590,12,1
TX,232.015764075,287032.861112067,4641561.001743806,1.200000000,2225,12,1
TX,232.278234654,291064.078285871,4644021.100122677,1.200000000,296,12,1
TX,232.309339409,286318.712671046,4644391.280189415,1.200000000,1170,12,1
TX,232.320897216,292187.940002623,4642168.233863205,1.200000000,2027,12,1
TX,232.371851786,290746.132477628,4642891.151957064,1.200000000,329,12,1
TX,232.377651295,291983.955714343,4643710.842813977,1.200000000,193,12,1
TX,232.385339666,292323.478468724,4642049.454559980,1.200000000,2511,12,1
TX,232.400569305,293420.783110535,4640920.277598142,1.200000000,432,12,1
TX,232.403160780,291694.171681158,4641030.083412396,1.200000000,2120,12,1
TX,232.485574939,292325.031152293,4642044.829031253,1.200000000,1728,12,1
TX,232.563030503,289394.484478379,4640142.906914684,1.200000000,2597,7,1
TX,232.603594866,290686.893482942,4641314.592804302,1.200000000,1797,7,1
TX,232.809116347,280205.566737643,4632618.060901674,1.200000000,493,12,1
TX,232.862590238,283466.692623762,4640328.181933926,1.200000000,1983,12,1
TX,233.021205959,289601.399860841,4645165.745386242,1.200000000,1094,12,1
TX,233.115653527,289503.010661254,4643144.839666508,1.200000000,406,12,1
TX,233.259766739,289825.811393856,4641109.007355139,1.200000000,2273,7,1
TX,233.611581146,290661.426981714,4641200.337875729,1.200000000,706,7,1
TX,233.772926224,289630.370979867,4643599.930817981,1.200000000,1024,12,1
TX,234.001780271,286716.318199268,4641714.587019149,1.200000000,1887,12,1
TX,234.030880774,290897.357470787,4641302.488822241,1.200000000,1925,8,1
TX,234.097175833,291376.950367897,4638537.081472409,1.200000000,112,12,1
TX,234.162838339,288185.471495219,4643721.494139100,1.200000000,1241,12,1
TX,234.448618363,291856.975286008,4642588.157524235,1.200000000,367,12,1
TX,234.491150866,290366.282898679,4641797.139958187,1.200000000,1462,7,1
TX,234.534619348,293920.315355935,4642304.527806931,1.200000000,1304,11,1
TX,234.644826293,291658.149184404,4642106.247312595,1.200000000,854,10,1
TX,234.692065654,289315.148398302,4639759.316000189,1.200000000,687,9,1
TX,234.732233761,292452.212285292,4641615.789215225,1.200000000,1055,12,1
TX,234.778539588,292706.507193848,4641793.766261247,1.200000000,361,12,1
TX,235.022695778,291871.260839107,4648635.356059389,1.200000000,1832,12,1
TX,235.035038270,289881.864555535,4641339.383309754,1.200000000,2714,7,1
TX,235.222820361,290980.773026551,4639063.072573529,1.200000000,2467,12,1
TX,235.232631798,289949.910705435,4634411.308732192,1.200000000,1670,12,1
TX,235.496332143,290214.035838409,4642836.065889317,1.200000000,2195,11,1
TX,235.761504280,290375.265135310,4641792.961497375,1.200000000,841,7,1
TX,236.009705855,286593.306973771,4641697.355939878,1.200000000,1750,12,1
TX,236.242322888,291763.929931248,4642528.399391885,1.200000000,2473,12,1
TX,236.290037433,290757.116054820,4642880.428575669,1.200000000,1312,12,1
TX,236.328955799,291021.996362091,4641976.450789916,1.200000000,2760,10,1
TX,236.352824108,290335.800658932,4641870.036617734,1.200000000,2470,7,1
TX,236.762915795,290578.246563710,4641060.193768679,1.200000000,2231,7,1
TX,236.821709749,295205.678257908,4645339.156354903,1.200000000,328,12,1
TX,236.835180446,290129.905517906,4635340.888344719,1.200000000,2611,12,1
TX,236.918740132,289013.725411089,4641798.698083461,1.200000000,634,9,1
TX,237.095995949,271666.628322534,4630626.728947891,1.200000000,1618,12,1
TX,237.218854748,286706.241351136,4645124.260493702,1.200000000,2676,12,1
TX,237.393333431,292180.128631637,4640516.488638692,1.200000000,1923,12,1
TX,237.397959753,287780.397723781,4643475.777661209,1.200000000,638,12,1
TX,237.423192147,291013.817197124,4639464.108614265,1.200000000,1735,11,1
TX,237.518434390,290349.613811937,4641817.505967050,1.200000000,2819,7,1
TX,237.556425508,290630.212046038,4640856.890331164,1.200000000,1372,7,1
TX,237.582586895,289650.732088477,4643502.673139458,1.200000000,1672,12,1
TX,237.602723650,291014.140350617,4641901.097603007,1.200000000,262,9,1
TX,238.442856375,288267.679255576,4630345.496478394,1.200000000,2295,12,1
TX,238.557053874,291867.965615639,4641651.010236288,1.200000000,436,12,1
TX,238.768552840,290097.036878021,4640901.216321956,1.200000000,1466,7,1
TX,238.790915130,291379.816123696,4638531.136273459,1.200000000,94,12,1
TX,238.966853871,291767.336078386,4642766.054648660,1.200000000,469,12,1
TX,239.090987558,299720.773292342,4630015.905536141,1.200000000,787,12,1
TX,239.135648575,290357.750404062,4639669.672744026,1.200000000,1855,9,1
TX,239.527472951,290036.378019747,4639949.407841643,1.200000000,646,7,1
TX,239.738332867,292288.366271088,4641750.423990748,1.200000000,201,12,1
TX,239.833524959,289638.209057488,4641754.820047055,1.200000000,149,7,1
TX,239.863275897,290849.811297444,4641299.183386649,1.200000000,2208,7,1
TX,239.926662157,290261.988502522,4636403.841329987,1.200000000,2308,12,1
TX,239.939245071,292705.960372210,4642571.555671661,1.200000000,183,12,1
TX,240.114640035,289721.134296063,4647154.276119498,1.200000000,2058,12,1
TX,240.288256220,290598.527027404,4640640.850925589,1.200000000,2293,7,1
TX,240.396967414,292337.085465209,4642040.228843454,1.200000000,662,12,1
TX,240.450673763,291061.224275381,4644034.270519370,1.200000000,1592,12,1
TX,240.476494077,290450.284652313,4642023.443600629,1.200000000,2509,10,1
TX,240.604146906,280719.205854292,4623568.741772180,1.200000000,577,12,1
TX,240.626003418,291172.371304154,4641346.907928767,1.200000000,1819,10,1
TX,240.816104921,290359.843061501,4642044.840517985,1.200000000,504,10,1
TX,240.894323658,286442.214348412,4642214.855952119,1.200000000,1362,12,1
TX,240.947249931,292218.687646129,4643466.971467753,1.200000000,2185,12,1
TX,240.963239180,288324.030788481,4642926.051400864,1.200000000,1987,12,1
TX,241.066994250,292091.729000677,4643164.630190522,1.200000000,1128,12,2
TX,241.135546531,287763.164642601,4639355.078419403,1.200000000,230,12,1
TX,241.291504630,291515.048036284,4642066.913412990,1.200000000,2729,12,1
TX,241.306764933,286440.052232856,4631302.982757381,1.200000000,2568,12,1
TX,241.334069892,295450.394049710,4637006.176240108,1.200000000,1049,12,1
TX,241.344664059,289970.240897364,4634455.879596096,1.200000000,1861,12,1
TX,241.572734608,292666.516047549,4641796.514760201,1.200000000,672,12,1
TX,241.584125824,289948.423740314,4634400.515593048,1.200000000,1350,12,1
TX,241.618003453,288561.062708063,4638350.796172634,1.200000000,4,12,1
TX,241.631949962,291125.381707585,4641207.662974696,1.200000000,764,9,1
TX,241.708612459,290581.275705025,4639672.162863319,1.200000000,2603,9,1
TX,242.136435505,289220.852435064,4642535.634565283,1.200000000,381,10,1
TX,242.299968679,292030.916782677,4645852.203406878,1.200000000,2172,12,1
TX,242.375489141,289584.203886244,4642423.142083121,1.200000000,2364,9,1
TX,242.474065845,290478.980790904,4640625.491321579,1.200000000,629,7,1
TX,242.503285301,291960.631640007,4643700.945601161,1.200000000,2694,12,1
TX,242.580989808,293322.499470983,4642696.583049185,1.200000000,695,12,1
TX,242.715997897,290368.756190155,4635243.898478407,1.200000000,2243,12,1
TX,242.866869996,290101.133378866,4642438.901232931,1.200000000,2482,10,1
TX,242.881641913,292285.411654046,4642002.137583630,1.200000000,1519,12,1
TX,242.965251541,290849.602978766,4638370.116557006,1.200000000,1270,12,1
TX,243.032436228,290742.504239597,4640483.022814432,1.200000000,2212,7,2
TX,243.045225030,291675.746930661,4642096.493490484,1.200000000,2358,12,1
TX,243.056774385,291012.302559086,4641127.671420869,1.200000000,1508,8,1
TX,243.203987503,288913.897694037,4643701.295458727,1.200000000,1344,12,1
TX,243.284336152,290512.395118483,4642175.326532186,1.200000000,282,9,1
TX,243.465046710,289360.949979285,4644466.050146095,1.200000000,2223,12,1
TX,243.492432484,272591.883569992,4627310.778969468,1.200000000,2157,12,1
TX,243.527930265,273720.071997520,4630642.387907864,1.200000000,762,12,1
TX,243.618101177,292686.185849832,4641788.040425351,1.200000000,2631,12,1
TX,243.769180379,301418.683661611,4642761.915593037,1.200000000,856,12,1
TX,243.853392806,291097.527034356,4643457.914059110,1.200000000,1902,12,1
TX,243.973380384,291247.587993414,4641275.711095387,1.200000000,233,8,1
TX,244.042381821,290364.579547123,4641791.683527449,1.200000000,2491,7,1
TX,244.110082945,295075.528831718,4642764.435864075,1.200000000,1349,9,1
TX,244.179538402,290853.843904789,4642291.839666289,1.200000000,1253,10,1
TX,244.189345788,290676.396817591,4641292.988891480,1.200000000,2328,7,1
TX,244.203690647,289515.700186064,4641766.026955120,1.200000000,1811,7,1
TX,244.360567472,292136.615388043,4642977.300055122,1.200000000,2204,12,1
TX,244.401944041,290849.967873901,4642269.778174814,1.200000000,1118,11,1
TX,244.442028050,294414.793868757,4644307.846964656,1.200000000,2614,12,1
TX,244.523776546,290052.190377482,4642389.546523704,1.200000000,1369,9,1
TX,244.537183610,293072.661407263,4643342.396469631,1.200000000,2368,12,1
TX,244.548030796,292717.423151333,4641850.334014135,1.200000000,1956,12,2
TX,244.553595377,289391.902949453,4643944.032690206,1.200000000,2740,12,1
TX,244.794259317,271924.309578287,4630612.497730899,1.200000000,1546,12,1
TX,244.853890833,291822.806219694,4642495.800804020,1.200000000,57,12,1
TX,244.973230910,290495.976231844,4640878.210711841,1.200000000,1474,7,1
TX,245.258652957,291235.633064897,4641253.699855268,1.200000000,1248,8,1
TX,245.927950263,293084.009393709,4640586.156789837,1.200000000,900,12,1
TX,246.214449804,288380.745269518,4637282.111207895,1.200000000,2036,12,1
TX,246.244353712,272819.706283160,4629733.790649939,1.200000000,223,12,1
TX,246.317330755,291629.963263509,4642101.764259918,1.200000000,288,10,1
TX,246.411238110,290378.878308591,4643176.930192650,1.200000000,481,12,1
TX,246.416610631,289905.020859968,4640929.574167219,1.200000000,2837,7,1
TX,246.559311911,290607.018340241,4645905.604492100,1.200000000,2727,12,1
TX,246.648420906,289073.852650819,4637239.969301629,1.200000000,1236,12,1
TX,246.665615124,290300.863169794,4642224.131817116,1.200000000,1929,9,1
TX,246.694883474,290602.844665786,4636924.030852338,1.200000000,1261,12,1
TX,247.021529469,290146.066357715,4643484.219569791,1.200000000,415,12,1
TX,247.060520129,292532.225001337,4641934.371390950,1.200000000,1569,12,1
TX,247.183279044,289491.711967686,4643913.570563478,1.200000000,2550,12,1
TX,247.234526491,273669.140729990,4630624.752841755,1.200000000,804,12,1
TX,247.715408942,273710.611165660,4630612.390733095,1.200000000,1077,12,1
TX,247.782306242,283399.107897796,4640367.199416664,1.200000000,195,12,1
TX,247.829956106,290428.798445943,4640509.079486191,1.200000000,2583,7,1
TX,247.881050654,289692.487162066,4639232.521830731,1.200000000,2003,9,1
TX,247.889397633,292844.728075993,4641922.596856927,1.200000000,936,12,1
TX,248.053504548,291849.541940027,4642565.479875929,1.200000000,1375,12,1
TX,248.088515201,273719.946889542,4630654.834792746,1.200000000,166,12,1
TX,248.167022694,291070.956406329,4641639.602654261,1.200000000,12,9,1
TX,248.179819436,288984.853979894,4639970.294405896,1.200000000,1102,8,2
TX,248.290512371,289861.314301485,4645792.009878471,1.200000000,1795,12,1
TX,248.486910989,291076.247832918,4641979.088724973,1.200000000,71,10,1
TX,248.494007388,273674.582724106,4630615.658982324,1.200000000,465,12,1
TX,248.538806009,290160.392841760,4636729.562076430,1.200000000,800,12,1
TX,248.787687916,287413.484506106,4631027.072695790,1.200000000,1913,12,1
TX,248.888353111,290325.057931780,4636243.748710371,1.200000000,2754,12,1
TX,248.933172337,292709.640039488,4641838.449802592,1.200000000,1679,12,1
TX,248.972062972,282724.639142622,4640457.170344408,1.200000000,626,12,1
TX,249.014150466,290410.786097508,4640701.039695945,1.200000000,2326,7,1
TX,249.020760505,290103.073760241,4642399.092623803,1.200000000,881,9,1
TX,249.073451107,292689.407478815,4641807.077880925,1.200000000,541,12,1
TX,249.432308151,290097.964732556,4640802.564360290,1.200000000,2625,7,2
TX,249.434472420,292982.325149382,4641492.550246454,1.200000000,374,12,2
TX,249.769564148,287421.085203293,4641209.110816695,1.200000000,1921,12,1
TX,249.800045080,291141.313729225,4641229.985688427,1.200000000,1340,9,1
TX,249.846053628,290801.955544703,4630999.460548203,1.200000000,705,12,1
TX,249.883151863,294378.691653677,4643089.685257051,1.200000000,2367,10,1
TX,250.020274707,292673.125914060,4638711.113164048,1.200000000,2662,12,1
TX,250.069750709,273714.677258167,4630675.998266441,1.200000000,1883,12,1
TX,250.315725864,273665.145088773,4630641.393054369,1.200000000,356,12,2
TX,250.426138841,271809.272905105,4630670.157893504,1.200000000,2318,12,1
TX,250.550737165,290737.160062558,4642897.146936288,1.200000000,1990,12,1
TX,250.554968490,292523.483723106,4642911.280058879,1.200000000,2784,12,1
TX,250.686146468,291863.619691652,4642559.401202653,1.200000000,1897,12,1
TX,250.694750283,290381.741014091,4640469.508867589,1.200000000,2047,7,1
TX,250.770183294,289611.606253680,4643583.488659900,1.200000000,2519,12,1
TX,250.810431029,295607.205969131,4645513.322534914,1.200000000,1101,12,1
TX,250.840387045,293322.388794988,4644292.946636260,1.200000000,885,12,1
TX,251.019387206,273666.632638876,4630630.748323509,1.200000000,806,12,1
TX,251.093148027,282864.747336205,4632897.247421979,1.200000000,2554,12,1
TX,251.150400343,291587.988066864,4640926.776325836,1.200000000,660,10,2
TX,251.275926191,285532.422234965,4631284.638548984,1.200000000,99,12,1
TX,251.310623081,292507.315504350,4642902.819216863,1.200000000,32,12,1
TX,251.328119676,291818.006344591,4642526.767691930,1.200000000,618,12,1
TX,251.333695388,293590.165809193,4639629.641632929,1.200000000,1378,12,1
TX,251.373232758,292201.846418020,4644138.607803509,1.200000000,48,12,1
TX,251.504656885,290838.902613599,4642286.811693078,1.200000000,2517,10,1
TX,251.789886009,290725.887196451,4642247.917496332,1.200000000,10,10,1
TX,251.984285822,291676.692492367,4642789.586296938,1.200000000,2658,12,1
TX,252.103164963,288773.280510547,4642915.154847142,1.200000000,38,12,1
TX,252.136658840,291177.068399056,4641388.265363553,1.200000000,1418,10,1
TX,252.207041964,273694.878321515,4630629.238708450,1.200000000,2574,12,1
TX,252.212408199,291945.622151186,4642585.218722150,1.200000000,263,12,1
TX,252.259674798,281987.814123955,4632786.935534624,1.200000000,663,12,2
TX,252.373612880,292694.912062426,4638478.103621363,1.200000000,376,12,1
TX,252.385927223,288005.767711954,4645960.817011363,1.200000000,1075,12,1
TX,252.413315303,291117.249504235,4641495.144526728,1.200000000,655,9,1
TX,252.507122145,290880.744677884,4642264.846635140,1.200000000,1145,11,1
TX,252.593158543,288180.484460074,4643898.150721833,1.200000000,1823,12,1
TX,252.637432596,290852.255178259,4642315.244323684,1.200000000,984,10,1
TX,252.848060962,290867.093501544,4642272.705258682,1.200000000,2576,11,1
TX,252.942207272,292202.381745587,4643414.133325703,1.200000000,1232,12,1
TX,252.949904379,290492.744099931,4640640.424348681,1.200000000,203,7,2
TX,252.988069486,290677.084072486,4641295.917805482,1.200000000,2475,7,1
TX,253.249806322,287735.971600626,4634317.732104360,1.200000000,1911,12,2
TX,253.292067508,292665.571101535,4641795.800092909,1.200000000,698,12,1
TX,253.558351155,290107.079991007,4640836.837312253,1.200000000,2012,7,1
TX,253.611620876,291471.503909916,4642050.661908889,1.200000000,1703,12,1
TX,253.667311361,290080.202812300,4641527.304574097,1.200000000,912,7,1
TX,253.696021686,292205.482344872,4641809.071677006,1.200000000,151,12,1
TX,253.715183276,291182.275938749,4641314.276188937,1.200000000,89,10,1
TX,253.827686863,291014.500942549,4639051.629498087,1.200000000,506,12,1
TX,253.838368970,291186.475995090,4641282.332653390,1.200000000,1500,9,1
TX,253.937906170,292086.209602580,4637002.315412954,1.200000000,741,12,1
TX,254.000196706,291947.433845032,4641707.633063559,1.200000000,271,12,1
TX,254.050221513,291871.510866825,4644198.190596285,1.200000000,2556,12,1
TX,254.178455907,294468.568928656,4646395.591942964,1.200000000,2737,12,1
TX,254.257492438,289916.823337714,4641646.970122037,1.200000000,2379,7,1
TX,254.291154372,292123.378698150,4641373.620418973,1.200000000,2108,12,1
TX,254.497262587,289938.966187316,4634390.412690169,1.200000000,1000,12,1
TX,254.499627890,291161.600588067,4641961.089951272,1.200000000,1877,10,1
TX,254.630779536,290787.766878082,4638020.024941113,1.200000000,138,12,1
TX,254.678853385,289552.893422660,4645529.073076217,1.200000000,386,12,1
TX,254.963096867,290418.090176668,4642047.451127269,1.200000000,832,10,1
TX,254.964490079,291240.812391761,4642280.903404604,1.200000000,2816,11,1
TX,255.078163569,291242.196268348,4642285.554870575,1.200000000,2354,11,1
TX,255.260035021,273676.041072188,4630626.368896699,1.200000000,1545,12,1
TX,255.314084679,273647.001739598,4630629.152319128,1.200000000,812,12,1
TX,255.422595825,288362.529074348,4642970.435844321,1.200000000,344,12,1
TX,255.453065874,290343.984787475,4641855.098748026,1.200000000,2081,7,2
TX,255.601585578,289602.237578939,4641950.147996943,1.200000000,2838,8,1
TX,256.081442293,273706.477005349,4630631.867039468,1.200000000,707,12,1
TX,256.145749096,291193.817488074,4642335.901842756,1.200000000,2692,12,1
TX,256.193327784,292341.731069840,4642032.620380892,1.200000000,273,12,1
TX,256.198249428,290064.964525574,4644519.384966773,1.200000000,1287,12,1
TX,256.221043456,290653.355520317,4641331.021515924,1.200000000,1107,7,1
TX,256.382371980,290401.580069600,4641396.454118133,1.200000000,880,7,1
TX,256.410408609,291855.355692543,4641957.546986414,1.200000000,121,12,1
TX,256.637876010,291102.922160975,4642352.976804014,1.200000000,2824,12,1
TX,256.673652210,292539.076587642,4642921.966667010,1.200000000,2492,12,1
TX,256.758766320,295407.568250806,4640751.833351042,1.200000000,534,7,1
TX,256.910185827,289747.161967146,4638754.926656053,1.200000000,1469,11,2
TX,257.002313075,290493.407176762,4643859.784494999,1.200000000,2092,12,1
TX,257.027605120,273679.012680099,4630624.700064487,1.200000000,1211,12,1
TX,257.261020250,301103.220567835,4627778.168391772,1.200000000,439,12,1
TX,257.270605655,271838.661836883,4630217.384429237,1.200000000,447,12,1
TX,257.328877277,288492.323539433,4643510.492217164,1.200000000,565,12,1
TX,257.442313141,292415.550867501,4644029.385156507,1.200000000,389,12,1
TX,257.655801273,291796.353895818,4642552.635449695,1.200000000,2255,12,1
TX,257.665218481,289610.367102469,4643479.794922182,1.200000000,1580,12,1
TX,257.747553431,295106.108086832,4642676.553644889,1.200000000,1302,9,1
TX,257.840478008,289193.465485781,4642164.216858094,1.200000000,277,8,1
TX,257.896696273,273673.134153374,4630695.878491778,1.200000000,2337,12,1
TX,257.907182926,290109.950990088,4640882.191020221,1.200000000,1142,7,2
TX,258.032453425,289963.106248470,4634415.042377063,1.200000000,2781,12,1
TX,258.051874972,273696.526970283,4630640.819940601,1.200000000,179,12,2
TX,258.176460326,291995.839124240,4643710.216884748,1.200000000,2507,12,1
TX,258.225623893,292981.516434369,4644206.093009246,1.200000000,1928,12,1
TX,258.229292937,292793.374276559,4642177.320631259,1.200000000,445,12,2
TX,258.429298841,295111.551170300,4645242.126332196,1.200000000,1962,12,1
TX,258.439090232,290825.017256933,4644432.742611462,1.200000000,1700,12,1
TX,258.447776538,291825.187312396,4642539.678502241,1.200000000,425,12,1
TX,258.561109095,291845.092982714,4641946.503105397,1.200000000,512,12,1
TX,258.677526960,290698.150738123,4641296.378868532,1.200000000,146,7,1
TX,258.759183196,287589.256445791,4641427.205199515,1.200000000,2671,12,2
TX,258.906989952,291047.740015380,4641975.383046318,1.200000000,2222,10,1
TX,259.287777597,289773.521360223,4643228.628367347,1.200000000,470,12,1
TX,259.430383610,291826.320298202,4642519.614867738,1.200000000,1890,12,2
TX,259.602612093,278705.120345888,4632479.857946514,1.200000000,676,12,1
TX,259.713610499,292146.922556879,4642208.930298314,1.200000000,1292,12,2
TX,259.716506586,291467.500998603,4642257.265141614,1.200000000,827,11,1
TX,259.795488710,287568.244346388,4634292.966178553,1.200000000,2306,12,2
TX,259.809756102,290405.157438287,4641821.391551764,1.200000000,1759,7,1
TX,259.901928612,286696.106595869,4645146.726819948,1.200000000,2256,12,1
TX,260.143930083,297569.188786933,4643637.805331390,1.200000000,338,12,2
TX,260.197357395,290023.876072308,4639922.901901883,1.200000000,1303,7,1
TX,260.257359347,290767.285985760,4642932.945914304,1.200000000,2309,12,2
TX,260.327561466,286907.464954436,4634287.971076122,1.200000000,803,12,1
TX,260.592626228,289839.936891555,4638713.146545332,1.200000000,1809,12,2
TX,260.766950840,290483.083191569,4641434.052889347,1.200000000,101,7,1
TX,260.771142910,290496.476498621,4640886.327931391,1.200000000,798,7,1
TX,260.790580544,292714.964525088,4641830.187607142,1.200000000,928,12,1
TX,260.917683521,289376.342326795,4646913.666413958,1.200000000,2207,12,1
TX,260.968709197,289239.271528697,4642507.170009386,1.200000000,1041,10,1
TX,261.185746157,288503.705673508,4642828.190135580,1.200000000,449,12,1
TX,261.204746605,291981.185374454,4642322.264647765,1.200000000,723,12,1
TX,261.399793222,292734.191837302,4641853.152900839,1.200000000,1684,12,1
TX,261.494425891,290486.480038514,4641365.289524065,1.200000000,947,7,1
TX,261.511436406,298904.976774109,4642467.892338242,1.200000000,2810,12,1
TX,261.550279404,290559.470989426,4641971.617333443,1.200000000,2119,8,1
TX,261.571646203,293302.180177936,4643355.462822803,1.200000000,985,12,1
TX,262.061032165,290969.147406573,4641195.299975175,1.200000000,1208,8,1
TX,262.102319327,275056.295482716,4631208.456840346,1.200000000,1628,12,1
TX,262.126915185,292597.471221909,4641782.658487920,1.200000000,2263,12,1
TX,262.376503337,289120.315466467,4642464.945151594,1.200000000,2214,11,1
TX,262.467943968,288395.074281033,4630265.702416840,1.200000000,888,12,1
TX,262.507176317,291026.709251795,4641955.286452136,1.200000000,944,10,2
TX,262.523203972,289714.053366986,4639086.659520322,1.200000000,1790,12,1
TX,262.544428070,291692.517332961,4642160.027199212,1.200000000,1050,12,1
TX,262.588914464,287931.876206186,4643322.279412325,1.200000000,555,12,1
TX,262.601062916,289680.858404329,4643496.955641869,1.200000000,1513,12,1
TX,262.633900560,292661.811911211,4643736.348329505,1.200000000,2219,12,1
TX,262.702010581,290014.752649975,4641536.063296510,1.200000000,863,7,1
TX,262.778849796,274479.133794232,4630807.560462125,1.200000000,1752,12,1
TX,262.798857610,291677.413875142,4640040.787831025,1.200000000,297,12,1
TX,262.915420412,290717.425579377,4641294.453359883,1.200000000,2142,7,1
TX,262.968655977,291060.682453942,4640998.350284889,1.200000000,1577,7,1
TX,262.978641549,290475.919027997,4640620.975429830,1.200000000,1813,7,1
TX,263.002116676,273714.380841525,4630642.722894572,1.200000000,752,12,1
TX,263.010903775,293515.366766750,4646026.721531692,1.200000000,1321,12,1
TX,263.029604858,289183.854502606,4642514.324523168,1.200000000,1468,10,2
TX,263.113277062,291588.272278342,4642745.520686503,1.200000000,677,12,1
TX,263.175127757,290755.338945910,4642283.352305884,1.200000000,15,10,1
TX,263.230889419,290641.836030790,4641981.393526901,1.200000000,953,9,1
TX,263.289676598,271916.894704255,4630615.722243926,1.200000000,2320,12,1
TX,263.383854200,299729.983787325,4630052.802388549,1.200000000,2041,12,1
TX,263.385215560,295515.275962184,4645507.830381093,1.200000000,59,12,1
TX,263.400155745,291198.774265444,4641309.130004300,1.200000000,239,10,1
TX,263.592334563,291668.550247641,4641479.048198325,1.200000000,2493,12,1
TX,263.671225473,291081.922733950,4639320.436402170,1.200000000,142,11,2
TX,263.683205297,292316.726773663,4642035.907353475,1.200000000,823,12,2
TX,263.707600811,290366.104082084,4641809.635679839,1.200000000,844,7,2
TX,263.728179935,292051.064713756,4643679.736602544,1.200000000,182,12,1
TX,263.804799474,286985.615872516,4639950.335467541,1.200000000,1800,12,1
TX,263.854259341,292691.362836682,4641811.112984691,1.200000000,1331,12,1
TX,264.180311059,288866.398571482,4638955.800025812,1.200000000,1370,12,1
TX,264.183657604,291610.348536247,4642125.428549127,1.200000000,2758,10,1
TX,264.208571066,290681.366362789,4641302.493749518,1.200000000,252,7,1
TX,264.271413620,292069.578502743,4640502.507548046,1.200000000,2209,12,1
TX,264.428583951,291681.472314271,4642108.358220613,1.200000000,1774,12,1
TX,264.466638632,292777.835167566,4641973.141096436,1.200000000,2803,12,1
TX,264.473415820,290622.062007201,4641338.276635978,1.200000000,1730,7,1
TX,264.602347613,291235.093901499,4642239.522889547,1.200000000,1173,11,2
TX,264.660585454,291026.581238061,4641750.966744817,1.200000000,1906,8,2
TX,264.903341745,291858.938648408,4642565.138245014,1.200000000,366,12,1
TX,265.044796706,291131.917692205,4641367.899936614,1.200000000,1562,10,1
TX,265.079416203,292497.804633263,4642280.455047281,1.200000000,515,12,1
TX,265.130432100,292570.409904085,4643865.305032964,1.200000000,177,12,1
TX,265.132307970,295425.757012896,4645652.832744032,1.200000000,1597,12,1
TX,265.327108165,290616.730282962,4642921.687722676,1.200000000,451,12,2
TX,265.365642075,290638.091006959,4646531.005600948,1.200000000,1710,12,1
TX,265.445656774,291986.357772496,4643709.005327064,1.200000000,2807,12,1
TX,265.447670806,291999.877295635,4644015.727893779,1.200000000,1996,12,1
TX,265.448661337,284332.449133076,4645356.027284348,1.200000000,287,12,1
TX,265.473826117,290568.378344072,4642266.963611398,1.200000000,1117,10,1
TX,265.527522206,293701.808493869,4645183.348565161,1.200000000,2373,12,2
TX,265.587610807,290970.014732892,4641176.521840313,1.200000000,214,8,1
TX,265.635755274,292784.081478459,4642768.356268472,1.200000000,2191,12,1
TX,265.710754102,291916.471956752,4642576.491649840,1.200000000,836,12,1
TX,265.808977370,292816.257268767,4641973.930030467,1.200000000,1332,12,1
TX,265.837173465,291241.048288629,4642288.801028669,1.200000000,1012,11,1
TX,265.888745152,290159.117390407,4635333.657714343,1.200000000,720,12,1
TX,265.924522888,289357.153324475,4642628.237476622,1.200000000,833,12,1
TX,265.984073785,290368.234569454,4640433.709125026,1.200000000,605,7,2
TX,265.988344169,273692.277598468,4630642.786913628,1.200000000,1262,12,1
TX,266.082687400,284612.552888723,4640562.726492045,1.200000000,1859,12,2
TX,266.356603242,293955.055549520,4629972.309539294,1.200000000,1949,12,1
TX,266.412209140,294009.853560072,4639852.744975456,1.200000000,2827,12,1
TX,266.529404846,290273.083254197,4635935.893295730,1.200000000,760,12,1
TX,266.610253894,293633.022857576,4645051.681888761,1.200000000,342,12,1
TX,266.612149881,292483.816488772,4641892.226213036,1.200000000,564,12,1
TX,266.666159514,293775.640344028,4643371.867544999,1.200000000,1801,12,1
TX,266.795477758,302011.703916870,4643753.050661365,1.200000000,1361,12,1
TX,266.811355668,291764.197492912,4639855.733791493,1.200000000,2527,12,1
TX,266.841781559,290827.051470717,4641486.849425578,1.200000000,248,8,1
TX,266.913665711,290353.868783868,4641814.961897871,1.200000000,1136,7,2
TX,266.981904006,291795.680190827,4642816.522104258,1.200000000,792,12,1
TX,267.031712077,291795.322782542,4642803.870866995,1.200000000,2111,12,2
TX,267.076749785,273711.347284112,4630655.186213280,1.200000000,747,12,1
TX,267.328451365,292115.017594968,4642621.962911380,1.200000000,910,12,1
TX,267.456154620,292183.350637292,4640648.952645364,1.200000000,1910,12,2
TX,267.463423552,293847.908171044,4641559.626814011,1.200000000,1400,10,1
TX,267.623135555,291853.066826615,4642564.409316305,1.200000000,887,12,1
TX,267.642152767,292771.936224446,4641300.526097087,1.200000000,1226,12,1
TX,267.666624433,273444.298384117,4631065.373762541,1.200000000,2850,12,1
TX,267.760321193,294595.866154220,4644043.543889390,1.200000000,2383,12,1
TX,267.877421837,288240.963096872,4634811.219978771,1.200000000,2161,12,2
TX,267.941343838,273687.217300351,4630629.855511536,1.200000000,554,12,1
TX,268.006874049,292656.424548756,4641811.673145588,1.200000000,1957,12,1
TX,268.118787890,291914.335152789,4642578.640479077,1.200000000,1013,12,2
TX,268.307937824,290971.625879227,4641974.331338085,1.200000000,2828,8,2
TX,268.577154950,291503.088999728,4639834.928989375,1.200000000,644,12,1
TX,268.762979517,286726.955723512,4634390.383047529,1.200000000,871,12,1
TX,268.827574308,288060.293414430,4645677.980306165,1.200000000,2262,12,1
TX,268.874680676,291304.184275190,4636530.487733259,1.200000000,2522,12,1
TX,268.967513820,291211.433636281,4641984.692680936,1.200000000,1480,10,1
TX,269.026505308,289666.780756322,4643492.753650906,1.200000000,1530,12,1
TX,269.048745013,289814.414741429,4639525.778997822,1.200000000,180,9,1
TX,269.063193389,288720.177064809,4641755.331665632,1.200000000,2002,9,1
TX,269.103579820,291942.919869081,4642595.246858217,1.200000000,2684,12,2
TX,269.123405841,287653.330013791,4643103.737807888,1.200000000,1938,12,1
TX,269.217115593,295143.790983767,4642764.742666837,1.200000000,2805,9,1
TX,269.386466646,288783.916246367,4639685.649045927,1.200000000,978,11,1
TX,269.475105137,291843.387948686,4642459.678715008,1.200000000,2741,12,1
TX,269.634401957,286704.758901955,4645108.998824655,1.200000000,2398,12,1
TX,269.670358507,292817.533967246,4641116.877589133,1.200000000,1715,12,1
TX,269.732585639,290111.200769806,4641604.793356920,1.200000000,477,7,2
TX,269.738380046,287438.535954685,4644474.203262166,1.200000000,1830,12,2
TX,269.898259672,295613.879637165,4645553.560579696,1.200000000,1933,12,1
TX,270.010675865,287339.306778402,4635385.235373341,1.200000000,25,12,2
TX,270.069784292,292474.765224689,4641894.420227377,1.200000000,2187,12,1
TX,270.141680559,289306.262841785,4639775.052945051,1.200000000,513,9,1
TX,270.168729171,290491.780007881,4642128.359472417,1.200000000,538,8,1
TX,270.188503828,289660.937176139,4643504.595858833,1.200000000,1258,12,1
TX,270.382425174,274998.476048287,4630369.484006668,1.200000000,1959,12,1
TX,270.386870098,292254.457470571,4638699.666936530,1.200000000,2575,12,1
TX,270.538092700,289820.209766798,4638564.307035628,1.200000000,1437,12,1
TX,270.549111551,289296.198322434,4639775.621320088,1.200000000,407,9,1
TX,270.568502107,291016.832034557,4641954.056074232,1.200000000,1707,10,1
TX,270.846016960,291228.328563592,4640400.171487760,1.200000000,208,9,2
TX,270.850137350,288187.978031388,4643902.455762377,1.200000000,2239,12,1
TX,270.909708033,292768.066014238,4642148.345395680,1.200000000,728,12,2
TX,271.543689440,295599.673078411,4645523.686733420,1.200000000,1863,12,1
TX,271.602852058,287574.070227765,4641419.191276040,1.200000000,1141,12,1
TX,271.822906803,290778.478338718,4642291.774164568,1.200000000,268,10,2
TX,271.947352137,288087.597159554,4640611.645404255,1.200000000,829,12,1
TX,271.965025730,273731.545975826,4630652.234083308,1.200000000,2498,12,1
TX,271.988524536,292400.390753748,4644423.528694022,1.200000000,2164,12,1
TX,272.018175311,291223.024783357,4641387.264632003,1.200000000,2431,10,1
TX,272.018208140,287511.787517720,4636976.948676009,1.200000000,49,12,1
TX,272.227888566,293193.987981936,4643707.488095858,1.200000000,2738,12,2
TX,272.256584239,290958.159033710,4641334.052519150,1.200000000,2465,8,1
TX,272.272926856,290477.703197687,4640628.740120544,1.200000000,1719,7,1
TX,272.433583709,290474.508348039,4640625.673674919,1.200000000,411,7,1
TX,272.526402395,290799.869777695,4644908.877249422,1.200000000,1694,12,1
TX,272.624874412,290715.755765244,4644586.785947238,1.200000000,961,12,2
TX,272.678772321,289610.911553764,4643501.851781864,1.200000000,2088,12,2
TX,272.784501183,291068.520987294,4643447.101202360,1.200000000,260,12,1
TX,272.859055718,291569.643768236,4642079.866614510,1.200000000,1457,10,2
TX,272.987276404,293633.256916269,4641381.037555649,1.200000000,2409,11,1
TX,273.135703292,292537.897736243,4642898.890824161,1.200000000,106,12,1
TX,273.286631061,290989.297832285,4642312.255546885,1.200000000,2478,11,1
TX,273.395791042,290485.982409078,4640742.672471893,1.200000000,938,7,2
TX,273.640257890,289413.072947312,4645412.838109281,1.200000000,2712,12,2
TX,273.963992898,289663.529395133,4643509.572665283,1.200000000,1510,12,2
TX,273.986302041,271819.051194814,4630686.060100273,1.200000000,250,12,2
TX,274.076871871,294381.705954912,4638934.861503306,1.200000000,2841,12,2
TX,274.116749646,290569.618791578,4642826.215380647,1.200000000,2109,12,1
TX,274.138525692,290351.955273857,4641795.322513841,1.200000000,616,7,1
TX,274.198336650,290739.738225218,4642889.164792385,1.200000000,2284,12,1
TX,274.453254148,290706.046179852,4641290.257674245,1.200000000,755,7,2
TX,274.663456133,291841.707912990,4642494.397287935,1.200000000,272,12,2
TX,274.768896319,287816.494665878,4638479.357286438,1.200000000,1742,12,1
TX,274.871191306,290321.835418127,4640414.088544837,1.200000000,1111,7,1
TX,274.908077619,292347.937725352,4641699.740710296,1.200000000,2105,12,1
TX,275.090323113,289947.452742914,4634406.017944547,1.200000000,710,12,1
TX,275.236698880,286383.834712897,4640684.860513508,1.200000000,1495,12,1
TX,275.240346963,295141.681528595,4642702.603964914,1.200000000,2675,9,1
TX,275.343346239,291304.809300692,4642009.411264595,1.200000000,1163,11,1
TX,275.356236140,299728.605885690,4630068.953765068,1.200000000,1671,12,1
TX,275.387898013,290094.389988731,4642710.441347010,1.200000000,2414,11,1
TX,275.477479185,291023.704905946,4640596.303642156,1.200000000,7,7,2
TX,275.489549828,290646.822813705,4641336.107110898,1.200000000,808,7,1
TX,275.528778464,291034.781906350,4641931.503308556,1.200000000,2843,9,1
TX,275.535732773,291834.507100137,4642434.311327979,1.200000000,402,12,2
TX,275.545089019,288192.792835720,4643901.283551062,1.200000000,1769,12,1
TX,275.577363050,292526.537740581,4642917.775400408,1.200000000,1086,12,1
TX,275.611531321,291071.088496119,4644038.159077124,1.200000000,2595,12,1
TX,275.625875273,290988.166060725,4641869.132630345,1.200000000,1777,8,1
TX,275.646843932,287751.043814343,4637277.605852377,1.200000000,2720,12,1
TX,275.667339650,295574.078760288,4642542.518498130,1.200000000,648,7,2
TX,275.671424632,290867.150357034,4641268.690536661,1.200000000,1606,7,1
TX,275.717075762,290634.920976656,4641336.518100905,1.200000000,460,7,1
TX,275.911145611,235922.630538304,4663590.076394306,1.200000000,2474,12,2
TX,275.928272212,290888.143197239,4635953.465404265,1.200000000,1630,12,1
TX,275.971555035,290115.701457960,4641493.147942015,1.200000000,1305,7,1
TX,275.981398602,292289.544759819,4641998.669921380,1.200000000,1140,12,1
TX,276.216076997,274341.884568034,4630726.672383576,1.200000000,1245,12,2
TX,276.234831674,290971.948355130,4641333.060353657,1.200000000,1108,8,1
TX,276.302402320,291995.566118488,4642599.655896014,1.200000000,584,12,1
TX,276.316119794,291107.953945530,4641482.467308342,1.200000000,2573,10,1
TX,276.384576337,296663.277883752,4646464.163014141,1.200000000,711,12,1
TX,276.454289467,286747.508757238,4640933.669149935,1.200000000,2586,12,1
TX,276.478867094,292333.527024630,4642043.573526409,1.200000000,320,12,1
TX,276.563172839,272713.904139258,4629886.464832208,1.200000000,781,12,1
TX,276.655964885,291234.310593862,4641285.720816572,1.200000000,1605,9,2
TX,276.665212597,291728.849354105,4642787.774869594,1.200000000,857,12,1
TX,276.680954510,290414.577821008,4641825.566996684,1.200000000,2169,7,1
TX,276.772822403,292315.515299015,4642057.740825868,1.200000000,155,12,2
TX,276.872927623,289758.119089645,4644315.683413910,1.200000000,855,12,2
TX,276.895312195,273553.582213516,4630954.735631649,1.200000000,1257,12,1
TX,276.996905127,294348.783105891,4639394.814905335,1.200000000,1799,12,1
TX,277.260962339,290420.882852893,4640522.242760199,1.200000000,2842,7,2
TX,277.269419671,299748.112725626,4630064.187188917,1.200000000,2260,12,1
TX,277.273707714,291015.709722261,4641841.337107061,1.200000000,1778,9,1
TX,277.317244858,290975.054999362,4640778.992734966,1.200000000,1915,8,1
TX,277.339058368,271834.992107471,4630685.201692040,1.200000000,749,12,2
TX,277.363877927,290422.475459334,4645581.159339932,1.200000000,743,12,1
TX,277.514887001,290525.049687066,4640854.833087757,1.200000000,2076,7,1
TX,277.599490932,288564.886075580,4642869.216277663,1.200000000,1479,12,1
TX,277.647861361,299355.040307030,4643079.684527169,1.200000000,1854,12,1
TX,277.748358219,292012.935982170,4640708.605657790,1.200000000,1238,11,1
TX,277.779515711,299726.210784995,4630070.662691466,1.200000000,2240,12,1
TX,277.844805221,293661.803515434,4645143.145366755,1.200000000,276,12,1
TX,278.028280964,293205.994366444,4641020.379444924,1.200000000,1986,12,2
TX,278.047637579,290459.324019901,4640651.262550918,1.200000000,1826,7,1
TX,278.048961146,289197.078484877,4642511.124832305,1.200000000,259,10,2
TX,278.116084964,294277.617402297,4640808.643255798,1.200000000,1740,10,2
TX,278.210247975,291397.978900220,4641355.013404165,1.200000000,1382,10,1
TX,278.270215606,293278.596155546,4639501.751918282,1.200000000,1803,12,1
TX,278.317493454,290755.195638806,4641505.582994403,1.200000000,2351,8,1
TX,278.490843234,290108.305349297,4641501.238215589,1.200000000,822,7,1
TX,278.651293055,294066.781820571,4646943.419067167,1.200000000,2178,12,1
TX,278.690535241,291020.947416705,4644023.333298062,1.200000000,2607,12,1
TX,278.732028667,271795.553522890,4630657.720946091,1.200000000,160,12,1
TX,278.765508225,291584.817155372,4642099.050186565,1.200000000,1901,10,1
TX,278.958361586,292319.258439288,4642049.267851501,1.200000000,1152,12,2
TX,278.962661374,287694.141647203,4641434.298656553,1.200000000,391,12,2
TX,279.079921391,290228.016830899,4647312.756126584,1.200000000,1082,12,1
TX,279.120855217,292194.215432823,4642162.821458797,1.200000000,1625,12,2
TX,279.200861853,290841.892245043,4642279.093820463,1.200000000,2821,10,1
TX,279.230678379,291297.370679407,4641987.647728425,1.200000000,1014,11,1
TX,279.231882719,291883.633660343,4641644.478636639,1.200000000,488,12,1
TX,279.280618741,290670.964854430,4641306.603395286,1.200000000,1112,7,2
TX,279.286647912,291123.987280481,4644030.060603582,1.200000000,171,12,1
TX,279.315965715,288249.750870476,4644958.426218139,1.200000000,2703,12,1
TX,279.333567153,291881.577119314,4641646.251858945,1.200000000,483,12,2
TX,279.390886033,290741.556283722,4642899.093573856,1.200000000,134,12,1
TX,279.450309957,290663.535427078,4641298.148666168,1.200000000,2420,7,1
TX,279.454992228,291154.079069464,4642398.348903746,1.200000000,16,12,1
TX,279.551964427,293750.679148108,4640460.716394673,1.200000000,704,12,1
TX,279.581642587,291956.268155520,4642591.076705588,1.200000000,257,12,2
TX,279.658398397,288697.535542654,4643452.788399467,1.200000000,2515,12,1
TX,279.685895441,285957.357486732,4641392.319313061,1.200000000,2646,12,1
TX,280.115939202,291249.785855882,4641278.639333389,1.200000000,2538,8,1
TX,280.267886015,289665.555906327,4643511.394726330,1.200000000,1174,12,2
TX,280.421818124,294371.205982521,4640346.670388717,1.200000000,1124,10,1
TX,280.535992014,289878.470232698,4641695.388721248,1.200000000,2270,7,1
TX,280.689628652,291600.014072649,4640926.129705350,1.200000000,2021,10,2
TX,280.757134919,291028.649409793,4641934.720051274,1.200000000,1231,9,1
TX,280.810295326,291221.979054322,4640408.081035682,1.200000000,2693,8,1
TX,280.896384698,290566.546489292,4646883.978417233,1.200000000,23,12,2
TX,280.897518183,286944.713953350,4634267.915631333,1.200000000,2699,12,1
TX,280.897982029,290381.619776221,4644444.641323293,1.200000000,323,12,2
TX,280.979909990,290359.649611407,4641425.143565595,1.200000000,1931,7,1
TX,281.091174592,290324.203913652,4641527.813724419,1.200000000,1659,7,1
TX,281.144052668,291226.667678254,4642275.410289442,1.200000000,17,11,1
TX,281.224761948,273714.319103699,4630636.944182993,1.200000000,2146,12,1
TX,281.229726061,290727.315238447,4642301.642212245,1.200000000,1593,10,1
TX,281.261066278,272000.139567599,4630566.405936808,1.200000000,986,12,1
TX,281.331981711,291813.052505518,4640473.951978989,1.200000000,2057,12,2
TX,281.409882575,291674.979702846,4642113.156867376,1.200000000,2463,12,1
TX,281.613765045,288177.882666998,4643890.690714799,1.200000000,737,12,1
TX,281.894506847,273706.533462295,4630616.182746138,1.200000000,2415,12,1
TX,282.614566638,273684.933283481,4630631.888209062,1.200000000,1858,12,1
TX,282.615384446,290455.757985845,4642379.480978644,1.200000000,2345,10,2
TX,282.640990021,293807.651754581,4643612.839765740,1.200000000,1611,12,2
TX,282.760073969,291758.149992665,4642639.060031345,1.200000000,1443,12,1
TX,282.786084134,290873.027157915,4642267.460391093,1.200000000,2726,11,1
TX,282.855446308,290412.756187362,4641804.421651759,1.200000000,1459,7,2
TX,283.076443402,291280.292052085,4642267.729660743,1.200000000,2811,12,1
TX,283.192797634,289328.318972944,4639751.731496280,1.200000000,60,9,1
TX,283.215197308,291256.531494602,4638583.785184708,1.200000000,1767,12,2
TX,283.217463202,293365.426854787,4642707.848310456,1.200000000,793,12,1
TX,283.257787422,291416.805127989,4642040.005998367,1.200000000,1713,11,1
TX,283.279622597,291071.386552283,4644038.402505181,1.200000000,1252,12,2
TX,283.411307015,291927.865795875,4641688.851021660,1.200000000,2181,12,1
TX,283.506884605,273700.966554376,4630629.271821935,1.200000000,2845,12,1
TX,283.620663777,292137.214921534,4640647.464438658,1.200000000,420,12,1
TX,283.864103012,290690.525609156,4641318.898809204,1.200000000,768,7,2
TX,283.932360857,273699.337297199,4630622.724691363,1.200000000,2158,12,1
TX,284.010301594,288104.353355125,4646268.846436871,1.200000000,1275,12,1
TX,284.148677392,290238.448758482,4642804.097525577,1.200000000,110,11,1
TX,284.217534940,291077.328394404,4641594.733328879,1.200000000,1984,9,1
TX,284.266846796,288033.894230873,4638455.981337978,1.200000000,2290,12,1
TX,284.409232357,289525.643927902,4641684.422233573,1.200000000,645,7,1
TX,284.554576032,283819.283615560,4632947.710099203,1.200000000,2529,12,1
TX,284.563875056,291833.091247165,4641963.712054037,1.200000000,1506,12,1
TX,284.641569854,291872.832415791,4640519.712109053,1.200000000,300,12,2
TX,284.678795776,292249.673041521,4641942.545628841,1.200000000,2619,12,2
TX,284.816975295,293274.951351326,4640267.253490244,1.200000000,941,12,1
TX,284.832539202,290049.791424300,4641522.109664978,1.200000000,2559,7,2
TX,284.994001588,293011.259197958,4642285.187903044,1.200000000,1294,12,1
TX,285.142531224,291975.532679378,4643690.055480489,1.200000000,1239,12,1
TX,285.193488239,291428.842269834,4645023.697153959,1.200000000,1435,12,1
TX,285.293329845,288715.839535077,4643443.663187403,1.200000000,1005,12,2
TX,285.347013630,298065.156249621,4636698.540748325,1.200000000,2350,12,1
TX,285.437176509,276882.594423067,4632288.518917625,1.200000000,358,12,1
TX,285.437728265,301026.394013566,4645332.636516023,1.200000000,114,12,2
TX,285.480368838,291612.621344486,4644626.082805638,1.200000000,2620,12,2
TX,285.796749460,291850.896775542,4642558.801699584,1.200000000,1891,12,2
TX,285.865468662,291140.198772215,4641380.650730725,1.200000000,1661,10,1
TX,285.876837107,292642.128206741,4642030.495244076,1.200000000,2396,12,1
TX,285.908249479,290778.417345909,4637886.342625781,1.200000000,1723,12,1
TX,286.082617660,289675.215163173,4638771.989042994,1.200000000,1646,11,1
TX,286.127486479,291675.914240392,4641476.531521079,1.200000000,1831,12,1
TX,286.183987214,291053.568253041,4641095.988187233,1.200000000,1677,8,1
TX,286.216885348,292737.057544386,4651460.357090021,1.200000000,1448,12,1
TX,286.243929979,291011.238390675,4642046.228667852,1.200000000,2015,10,1
TX,286.377464948,291215.581627232,4641300.964946344,1.200000000,2732,10,1
TX,286.480435307,273715.214573685,4630682.926653213,1.200000000,680,12,1
TX,286.540046217,293006.411260227,4640271.551377924,1.200000000,378,12,1
TX,286.545359087,291156.045778230,4644480.219994298,1.200000000,1096,12,2
TX,286.802711816,293272.718379378,4639457.259519539,1.200000000,1436,12,1
TX,286.855890454,291811.649097748,4641413.198239239,1.200000000,2124,12,1
TX,286.997069580,290347.628508597,4643768.156705308,1.200000000,1442,12,1
TX,287.005029063,292859.436113049,4641268.000808234,1.200000000,2834,12,2
TX,287.268858140,289959.227934707,4640767.378125076,1.200000000,590,7,2
TX,287.293500545,289771.022586920,4640401.723524700,1.200000000,1992,7,2
TX,287.338017757,291830.600732727,4642556.660472783,1.200000000,2518,12,1
TX,287.379647669,291524.433035704,4642071.992703184,1.200000000,1408,12,1
TX,287.595431185,294588.684606002,4645210.828390670,1.200000000,2116,12,1
TX,287.646445685,290376.870812867,4643860.041992517,1.200000000,2606,12,1
TX,287.792471018,289880.072637231,4642360.059804287,1.200000000,685,8,1
TX,287.800710550,288148.254728801,4649079.278227692,1.200000000,1533,12,2
TX,287.822224030,273741.570014049,4630651.082672107,1.200000000,754,12,2
TX,287.870978931,283554.743030376,4633993.627981051,1.200000000,2375,12,1
TX,287.909926284,294288.188291574,4642029.026666680,1.200000000,1486,10,1
TX,287.911139844,293449.490318170,4640903.851045768,1.200000000,894,12,1
TX,287.911383478,291241.080992860,4641251.835248969,1.200000000,507,8,1
TX,287.950055905,290681.235415332,4641305.539589578,1.200000000,1354,7,1
TX,287.966903810,292327.753853088,4642052.474617912,1.200000000,2097,12,1
TX,288.019777137,291245.160687242,4641241.996296419,1.200000000,2206,8,1
TX,288.035184613,290281.793599255,4640039.800766586,1.200000000,1588,7,1
TX,288.063199100,290819.914778214,4641300.916358248,1.200000000,245,7,1
TX,288.096452696,292021.550416099,4644039.849516928,1.200000000,613,12,1
TX,288.128619229,290687.246978799,4641301.886004773,1.200000000,1522,7,1
TX,288.173097521,293985.489286109,4640018.817617130,1.200000000,2090,12,1
TX,288.203370092,291979.481102379,4643701.130143103,1.200000000,237,12,1
TX,288.330930581,290366.487398025,4640853.837935052,1.200000000,667,7,1
TX,288.415978474,292135.338060517,4637040.636926842,1.200000000,2618,12,1
TX,288.418833699,295255.459614130,4642626.089303966,1.200000000,1737,7,1
TX,288.486393443,290601.135702989,4641343.073236342,1.200000000,1088,7,2
TX,288.533443867,292722.392204931,4641939.327970204,1.200000000,1668,12,1
TX,288.537427755,298969.815167824,4630916.555710201,1.200000000,1172,12,2
TX,288.660595554,291998.747088669,4643706.356187110,1.200000000,633,12,2
TX,288.810928462,289887.689303291,4642397.207665673,1.200000000,422,10,1
TX,288.863365441,289408.569325551,4641456.449916414,1.200000000,79,7,1
TX,288.953446178,290513.290949345,4641784.394693847,1.200000000,64,8,1
TX,289.059614794,304756.284070103,4637765.286773522,1.200000000,372,12,2
TX,289.214388563,287857.091798598,4637995.282087742,1.200000000,571,12,2
TX,289.269792739,291021.935098949,4640554.432969021,1.200000000,913,7,2
TX,289.279453821,290997.233021758,4641898.595467594,1.200000000,118,8,1
TX,289.330158985,292353.782866730,4641669.266981849,1.200000000,1937,12,2
TX,289.338112688,290213.609966363,4644698.496146716,1.200000000,1390,12,1
TX,289.346431308,290485.283067100,4640631.766884577,1.200000000,2237,7,1
TX,289.375122075,293833.893467229,4639953.580473698,1.200000000,2688,11,1
TX,289.386064720,293359.723852700,4640084.409554756,1.200000000,2059,12,1
TX,289.697700542,288348.439690816,4642968.487524954,1.200000000,1240,12,1
TX,289.818419517,291035.456080300,4641740.168450635,1.200000000,1181,8,2
TX,289.910357963,292526.828104123,4642893.048164668,1.200000000,1857,12,2
TX,289.950192666,291005.924663416,4639105.108687901,1.200000000,879,12,2
TX,289.978207721,292188.365643923,4641902.127434291,1.200000000,317,12,1
TX,290.082252569,291014.870237234,4640389.754962889,1.200000000,789,9,1
TX,290.096517493,299759.885476966,4630056.784812008,1.200000000,2359,12,2
TX,290.197067815,290309.869605964,4641431.091945732,1.200000000,1377,7,1
TX,290.381527459,295018.726870053,4644547.325662343,1.200000000,370,12,1
TX,290.405726092,291069.418911710,4641353.371766945,1.200000000,1943,9,2
TX,290.455767803,291179.875188775,4641287.878596710,1.200000000,563,10,2
TX,290.478409230,292664.632630197,4643676.422408632,1.200000000,2633,12,2
TX,290.489160460,289666.478143692,4643510.087534341,1.200000000,1886,12,1
TX,290.819910445,289317.883471161,4639767.726118288,1.200000000,1871,9,1
TX,290.914898996,291556.253376321,4642624.190508191,1.200000000,2593,12,1
TX,291.039942609,294065.129464262,4644873.976164095,1.200000000,1133,12,1
TX,291.314932776,289932.587923953,4642823.937272464,1.200000000,1143,11,2
TX,291.514579424,291879.647862594,4641643.461174020,1.200000000,601,12,1
TX,291.539671968,291843.941760023,4642486.171249886,1.200000000,543,12,2
TX,291.558086882,295115.103296134,4642714.765692074,1.200000000,1804,9,1
TX,291.671140315,282231.941333291,4637288.481680165,1.200000000,2233,12,2
TX,291.701714222,281676.066789112,4632759.574045737,1.200000000,1843,12,1
TX,291.818716544,289912.447309133,4642966.363987136,1.200000000,820,11,2
TX,291.927226335,290610.205471580,4639781.150091563,1.200000000,2480,9,1
TX,291.996207934,291854.898871864,4642553.261738141,1.200000000,738,12,1
TX,292.067742784,289651.365505304,4641755.321973893,1.200000000,2680,7,2
TX,292.119492246,273664.193170533,4630695.750234440,1.200000000,570,12,2
TX,292.162690211,272051.736687575,4630387.227852295,1.200000000,309,12,1
TX,292.227371615,291612.762304687,4640987.681477526,1.200000000,2486,10,1
TX,292.237296277,291179.152961802,4641312.848816649,1.200000000,2734,10,1
TX,292.394612314,292224.527929370,4641367.637569973,1.200000000,1866,12,1
TX,292.417599335,292318.516290933,4641965.189531214,1.200000000,2189,12,1
TX,292.578963273,292527.926389986,4642787.995527865,1.200000000,1892,12,1
TX,292.594629889,290425.104468930,4640546.712485022,1.200000000,1319,7,1
TX,292.763297688,291107.353755942,4641357.859777556,1.200000000,568,9,2
TX,292.974399802,291055.412116598,4641687.926290275,1.200000000,5,9,2
TX,293.001567745,292725.481725962,4642062.325005169,1.200000000,946,12,1
TX,293.042167591,291862.224948921,4642559.740316996,1.200000000,52,12,1
TX,293.044566282,290875.379045847,4641269.191264036,1.200000000,2490,7,1
TX,293.127518023,292231.996699000,4638116.378127115,1.200000000,1210,12,2
TX,293.184562688,289196.729512523,4642837.828330362,1.200000000,2794,12,2
TX,293.222079387,292183.692074939,4641891.947340203,1.200000000,654,12,2
TX,293.473039925,271810.537480738,4630653.838823481,1.200000000,598,12,2
TX,293.713734174,289317.904807099,4639764.422556466,1.200000000,1792,9,2
TX,293.746578758,273696.951355901,4630640.373152069,1.200000000,1271,12,2
TX,293.754475168,290402.555650757,4644247.956426353,1.200000000,1189,12,1
TX,293.772721974,290993.769003860,4641196.715688864,1.200000000,2506,8,2
TX,293.844178833,295137.350354312,4642697.541592828,1.200000000,2075,9,2
TX,293.865987245,292250.815230643,4638706.283284594,1.200000000,1602,12,1
TX,293.918585366,290349.133500631,4641812.068269976,1.200000000,595,7,1
TX,294.013920648,287291.768964916,4650731.199539326,1.200000000,734,12,1
TX,294.015701244,290020.753935337,4634390.017275820,1.200000000,1169,12,1
TX,294.071694961,290383.574747565,4641806.291949953,1.200000000,2705,7,2
TX,294.203106322,290677.653277165,4641302.345109137,1.200000000,785,7,2
TX,294.295978409,290971.610476038,4644916.609200215,1.200000000,1555,12,1
TX,294.311604951,291957.641961638,4642237.485353617,1.200000000,1567,12,2
TX,294.319163034,290842.251348517,4642270.341380855,1.200000000,2269,10,1
TX,294.325337214,290344.891908487,4643337.695405899,1.200000000,2183,12,1
TX,294.468554193,292676.540911219,4641806.418664613,1.200000000,1389,12,2
TX,294.550596262,288402.814223984,4642361.483420847,1.200000000,2846,12,1
TX,294.792369268,295148.281172909,4645281.541361553,1.200000000,2808,12,1
TX,294.867716644,290771.189863201,4641522.044813891,1.200000000,119,8,1
TX,294.894470423,292692.255383367,4643738.944958807,1.200000000,1158,12,1
TX,294.894817112,290671.122014905,4641304.979112531,1.200000000,147,7,2
TX,294.897817004,292326.722391689,4637630.600946830,1.200000000,2138,12,2
TX,294.897942696,289074.495732296,4632247.036600866,1.200000000,1492,12,1
TX,295.013212380,290504.335899991,4639803.954459143,1.200000000,2736,8,1
TX,295.022379039,292072.821709373,4642285.077380347,1.200000000,2683,12,1
TX,295.129404283,294358.733981675,4645164.837367593,1.200000000,1945,12,1
TX,295.355811122,288412.207620324,4641391.126955071,1.200000000,1689,8,2
TX,295.374291515,289875.440500621,4638571.445403750,1.200000000,2378,12,1
TX,295.453206508,291261.732204072,4642794.008959597,1.200000000,2327,12,1
TX,295.576197951,290909.792902295,4643971.800497177,1.200000000,576,12,1
TX,295.608587792,289901.661133367,4633909.305328400,1.200000000,1753,12,1
TX,295.680802362,293104.657032115,4640726.003513510,1.200000000,2275,12,1
TX,295.777521217,290444.264227632,4635502.644760198,1.200000000,918,12,2
TX,295.910885121,286698.231291039,4645122.677592913,1.200000000,2143,12,2
TX,295.932524854,286944.598297416,4625194.325725596,1.200000000,2313,12,2
TX,295.967449564,295399.774616237,4645465.079346131,1.200000000,826,12,1
TX,296.014783361,290801.791516187,4642136.420442306,1.200000000,2113,10,1
TX,296.039148423,291041.931192889,4644055.075823084,1.200000000,632,12,2
TX,296.119479414,286285.794530543,4641681.587770195,1.200000000,1974,12,1
TX,296.324241914,291244.102036449,4641250.339749194,1.200000000,2229,8,1
TX,296.434264317,292444.467155472,4643136.291661538,1.200000000,2627,12,1
TX,296.445405823,292781.420397411,4642015.452314411,1.200000000,336,12,1
TX,296.452720361,291601.688372397,4641039.066170878,1.200000000,1475,10,1
TX,296.474963773,256252.401884746,4651845.327516531,1.200000000,2044,12,2
TX,296.488246989,273708.292433371,4630645.675097409,1.200000000,1919,12,1
TX,296.503697210,285262.405366917,4638599.823210114,1.200000000,1,12,2
TX,296.573628133,290958.143863785,4642038.391026854,1.200000000,2126,8,1
TX,296.900058573,290482.318378355,4642808.554358321,1.200000000,2341,12,1
TX,296.921140807,283037.661552094,4634003.272523225,1.200000000,2564,12,1
TX,296.934535578,291077.783348812,4641005.062060001,1.200000000,73,8,1
TX,296.964607962,292671.977119496,4643707.355296559,1.200000000,878,12,1
TX,297.010307735,291382.599708283,4641989.262055445,1.200000000,1306,10,2
TX,297.014960362,290998.373809270,4639049.786063671,1.200000000,2190,12,1
TX,297.176573801,291895.889905013,4642579.124590443,1.200000000,2772,12,1
TX,297.211151737,290332.659792901,4640364.705163328,1.200000000,2577,7,1
TX,297.333412977,292722.957461918,4641815.167701302,1.200000000,1083,12,1
TX,297.377175747,293088.124131080,4640805.908013127,1.200000000,8,12,2
TX,297.553569821,294059.166915111,4639278.296678412,1.200000000,1822,12,2
TX,297.670041750,273629.027096645,4630272.195189413,1.200000000,987,12,1
TX,297.729296586,291117.098339641,4642285.299604582,1.200000000,264,11,2
TX,297.760603258,289325.754839168,4634331.480282127,1.200000000,1026,12,1
TX,297.847703460,290722.344935703,4642282.510610446,1.200000000,2439,10,1
TX,297.934117324,292540.618046227,4652065.042985857,1.200000000,24,12,1
TX,298.004087359,289545.680491469,4643530.244039269,1.200000000,778,12,1
TX,298.030927332,291275.333236231,4641402.121364132,1.200000000,640,10,1
TX,298.094820767,293232.304424769,4641588.575992320,1.200000000,2008,12,1
TX,298.179954225,290861.014302957,4642279.604360462,1.200000000,1563,10,1
TX,298.307227661,292293.391021713,4637640.688924256,1.200000000,2608,12,2
TX,298.415237262,293858.201566030,4643752.941939048,1.200000000,1394,12,1
TX,298.457601498,291776.276197199,4642395.437638951,1.200000000,523,12,1
TX,298.488624281,291526.207691641,4644031.110058742,1.200000000,275,12,2
TX,298.529434289,290705.677240801,4641302.808664998,1.200000000,2334,7,2
TX,298.592466397,290441.394703939,4640691.354947831,1.200000000,1825,7,1
TX,298.745735206,289939.907302793,4634392.598983597,1.200000000,1419,12,2
TX,298.890907527,290347.641943476,4640377.260806587,1.200000000,221,7,2
TX,299.090955357,284515.018602171,4631897.998813634,1.200000000,1269,12,2
TX,299.094235503,290825.142668810,4635865.456874071,1.200000000,1905,12,1
TX,299.249652969,292745.678010890,4641890.662159696,1.200000000,903,12,1
TX,299.464820273,290270.536781161,4642029.424632344,1.200000000,1788,8,2
TX,299.514750647,290095.963744575,4640905.340955527,1.200000000,1971,7,1
TX,299.572759147,292226.917007812,4643475.434956868,1.200000000,1936,12,1
TX,299.590964304,288950.572449282,4642967.423381412,1.200000000,1434,12,2
TX,299.695604829,294692.928918696,4636387.746880592,1.200000000,2723,12,2
TX,299.719568468,289716.843345330,4647171.099368732,1.200000000,1972,12,1
TX,299.896840699,291237.646755052,4638755.035277294,1.200000000,1888,12,1
TX,299.927316071,273687.139836965,4630618.874560674,1.200000000,1008,12,2
TX,300.455946592,292978.389375379,4644179.607348164,1.200000000,2043,12,2
TX,300.502321147,294869.124459151,4647146.605054025,1.200000000,1383,12,2
TX,300.520374007,273712.435601769,4630612.166164436,1.200000000,1072,12,2
TX,300.571139696,273694.684376812,4630660.221767459,1.200000000,145,12,2
TX,300.608682455,292182.142745422,4643426.172252594,1.200000000,526,12,2
TX,300.703456194,293804.137075031,4639844.231731138,1.200000000,2022,12,2
TX,300.927210113,293659.333641141,4642612.470720499,1.200000000,2084,11,2
TX,301.158465706,291948.725577293,4642577.928793025,1.200000000,2033,12,2
TX,301.165703430,287529.652016469,4641655.348056562,1.200000000,2653,12,2
TX,301.374549197,290657.986024897,4641299.341810497,1.200000000,1090,7,2
TX,301.796502152,272400.788140300,4629647.227785480,1.200000000,2558,12,2
TX,302.070443881,289873.830139342,4638356.741947571,1.200000000,399,12,2
TX,302.201109289,291830.138942144,4636748.999293648,1.200000000,1505,12,2
TX,302.371131395,273714.512333509,4630660.748429295,1.200000000,1973,12,2
TX,302.541614921,289992.792675489,4639889.199615953,1.200000000,1264,7,2
TX,302.618312220,289196.948696062,4642529.781862034,1.200000000,1695,10,2
TX,303.103734737,290752.739696226,4642885.278639339,1.200000000,1985,12,2
TX,303.353187460,273697.961295283,4630717.828565156,1.200000000,1934,12,2
TX,303.457617337,273141.874358715,4630857.688080964,1.200000000,1272,12,2
TX,303.574524935,292682.849870545,4641799.402736533,1.200000000,784,12,2
TX,303.585623980,290765.527210434,4642280.178274213,1.200000000,2578,10,2
TX,303.884338157,295136.863879590,4642723.511932140,1.200000000,1745,9,2
TX,304.069963707,289648.864399550,4643503.666258916,1.200000000,426,12,2
TX,304.562049418,291250.106124276,4641238.838718561,1.200000000,591,8,2
TX,304.661089944,293228.821230013,4639444.064804561,1.200000000,1524,12,2
TX,305.095349986,299747.068438753,4630069.607946482,1.200000000,227,12,2
TX,305.167616429,290050.376087167,4642565.398100470,1.200000000,1581,10,2
TX,305.465747879,291136.139680368,4642472.927736413,1.200000000,2133,12,2
TX,305.495427741,287065.096403734,4634230.237118516,1.200000000,1968,12,2
TX,305.895435520,292545.256289034,4642563.712322368,1.200000000,2638,12,2
TX,306.030357969,290253.324757573,4642799.424231385,1.200000000,1532,11,2
TX,306.201764790,289718.494504678,4642414.070749187,1.200000000,2434,9,2
TX,306.220614440,291128.610233314,4641203.461370673,1.200000000,2007,9,2
TX,306.336364999,289146.847234897,4638671.781036183,1.200000000,545,12,2
TX,306.406901900,290796.220996726,4643125.580784702,1.200000000,2211,12,2
TX,306.732417658,289995.360007482,4641923.369017733,1.200000000,191,8,2
TX,306.743024297,286857.948863639,4631128.091722802,1.200000000,1122,12,2
TX,306.777180733,295120.516873050,4642698.084856936,1.200000000,1074,9,2
TX,306.854940547,290615.731410770,4642288.178271014,1.200000000,2050,9,2
TX,306.966823123,296510.829533639,4638995.684683315,1.200000000,443,12,2
TX,306.985829573,288996.116209436,4635009.074328052,1.200000000,2500,12,2
TX,307.111274684,292556.749158310,4642586.924400451,1.200000000,1584,12,2
TX,307.728040303,291070.863653938,4644052.015762148,1.200000000,1392,12,2
TX,307.749318894,290733.562634642,4642288.143554408,1.200000000,139,10,2
TX,308.069607076,291326.073227204,4639867.396892590,1.200000000,1553,11,2
TX,308.255588799,294091.178421784,4643375.766496949,1.200000000,585,12,2
TX,308.581872732,291924.899999608,4642582.296610869,1.200000000,623,12,2
TX,308.969785713,291999.668136872,4643719.396997410,1.200000000,178,12,2
TX,309.096911367,292103.694934879,4640656.133213043,1.200000000,1406,12,2
TX,309.194395759,290678.634449481,4641319.532860088,1.200000000,756,7,2
TX,309.447894829,290124.423250837,4635303.821310504,1.200000000,2759,12,2
TX,309.608893343,291728.397992470,4642823.790688557,1.200000000,1594,12,2
TX,309.735721868,292766.770244119,4642055.841044877,1.200000000,2452,12,2
TX,309.907221298,290378.495951346,4641454.548444563,1.200000000,96,7,2
TX,310.277113429,289156.327434529,4642649.384025741,1.200000000,1815,11,2
TX,310.344931827,297676.233349002,4636719.969606325,1.200000000,66,12,2
TX,310.358400454,272996.091588093,4629886.573110154,1.200000000,1064,12,2
TX,310.362308841,291044.284075379,4640538.897186805,1.200000000,1274,8,2
TX,310.401657676,272474.960589192,4629869.403301964,1.200000000,807,12,2
TX,310.509063204,290129.398572223,4640820.152443985,1.200000000,2413,7,2
TX,310.921196362,290628.845009991,4641153.100047324,1.200000000,1864,7,2
TX,311.007361973,290338.784518932,4641883.306872413,1.200000000,246,7,2
TX,311.175773021,291946.787312846,4640713.797976130,1.200000000,1733,12,2
TX,311.518681388,292535.930630765,4641938.889711689,1.200000000,2796,12,2
TX,311.560385923,291203.846837744,4643233.323780259,1.200000000,748,12,2
TX,311.845238365,290849.944225248,4642272.427177273,1.200000000,135,11,2
TX,312.090880482,290160.288059302,4644942.393802718,1.200000000,1948,12,2
TX,312.282839772,292720.464956472,4641846.052528047,1.200000000,2199,12,2
TX,312.374977071,291222.314267072,4641987.800612359,1.200000000,253,10,2
TX,312.379027715,291972.577498585,4642591.728470271,1.200000000,2682,12,2
TX,312.473253488,285805.822648389,4645038.353744026,1.200000000,2054,12,2
TX,312.482773939,292735.756188556,4641859.702474605,1.200000000,1680,12,2
TX,312.819705103,290510.394862313,4642100.692862351,1.200000000,2403,7,2
TX,313.144296221,290167.773824508,4643875.030516344,1.200000000,1148,12,2
TX,313.539737752,290348.713112256,4640606.982245703,1.200000000,835,7,2
TX,313.762903395,290149.136053429,4643336.430966075,1.200000000,298,12,2
TX,313.821869889,292147.453194052,4640271.515733344,1.200000000,2423,12,2
TX,314.372601237,290597.686801445,4642297.097441184,1.200000000,2787,9,2
TX,314.445650253,292504.176436850,4642871.986211888,1.200000000,1463,12,2
TX,314.740465531,291733.317596290,4642150.153582809,1.200000000,2698,12,2
TX,315.412005368,292180.866589018,4639484.934245346,1.200000000,2417,12,2
TX,315.613299107,290079.128188922,4640924.140351791,1.200000000,1438,7,2
TX,315.670320778,294630.624513837,4643023.272818958,1.200000000,2123,12,2
TX,315.809727575,289899.302778658,4646889.914563995,1.200000000,1699,12,2
TX,315.845805375,295782.807196339,4642551.989046815,1.200000000,1030,7,2
TX,315.858606822,290926.171715668,4642103.084995417,1.200000000,2762,9,2
TX,315.858939410,289875.156085088,4641677.874319769,1.200000000,766,7,2
TX,316.248769430,290884.940022756,4641343.323553987,1.200000000,2006,7,2
TX,316.314413931,291501.849113274,4641327.989990537,1.200000000,929,10,2
TX,316.460297613,291859.276004265,4642560.498748259,1.200000000,845,12,2
TX,316.476346108,291357.826028938,4642149.168622243,1.200000000,665,12,2
TX,316.682698745,291523.344606209,4643840.608519983,1.200000000,2462,12,2
TX,317.048782645,291928.150614866,4642571.896947736,1.200000000,131,12,2
TX,317.159882108,292489.350723715,4641898.050447623,1.200000000,899,12,2
TX,317.411350389,290927.582597240,4641649.264875874,1.200000000,291,9,2
TX,317.451996340,273678.566084338,4630624.920057622,1.200000000,757,12,2
TX,317.751392871,295760.543602003,4645524.986071748,1.200000000,825,12,2
TX,317.830083179,288325.234595757,4644315.859084800,1.200000000,964,12,2
TX,318.157656336,290360.995810479,4641328.444148630,1.200000000,834,7,2
TX,318.403261564,289880.557651789,4635528.099238189,1.200000000,1591,12,2
TX,318.676086144,283696.004720641,4628193.466614785,1.200000000,453,12,2
TX,319.066373905,289842.819353445,4638850.763394783,1.200000000,1621,12,2
TX,319.289870617,293908.974619305,4636778.450351474,1.200000000,2832,12,2
TX,319.346351873,291666.076878074,4642113.679000746,1.200000000,2432,12,2
TX,319.698829406,290736.747899888,4642882.425003292,1.200000000,408,12,2
TX,319.865819104,291999.350416494,4643702.383492674,1.200000000,2613,12,2
TX,319.897669220,273700.250217628,4630647.206751613,1.200000000,2670,12,2
TX,320.000727015,289659.856770887,4641735.684243316,1.200000000,546,7,2
TX,320.386304085,287713.454415854,4642098.072481533,1.200000000,308,12,2
TX,320.415731325,291237.734195872,4642280.679828351,1.200000000,1657,11,2
TX,320.462757056,291338.323883531,4640105.576344180,1.200000000,14,10,2
TX,320.520261709,291745.336225630,4639674.736829023,1.200000000,107,12,2
TX,321.013221533,291226.748206576,4642283.128473761,1.200000000,1365,11,2
TX,321.029639260,273695.163804283,4630617.735364161,1.200000000,2561,12,2
TX,321.061184479,288882.448560422,4642672.010601662,1.200000000,37,12,2
TX,321.334135013,273708.667244987,4630276.416168167,1.200000000,1371,12,2
TX,321.471070122,290818.631615992,4641202.362269159,1.200000000,717,7,2
TX,321.530833092,292287.250708009,4642033.700473089,1.200000000,727,12,2
TX,321.774539419,291016.087409583,4644024.153345500,1.200000000,1254,12,2
TX,321.889486610,271876.362518318,4630682.030192344,1.200000000,574,12,2
TX,322.106728731,290301.279092689,4643370.324250412,1.200000000,1561,12,2
TX,322.200584372,303504.263432825,4638268.583428820,1.200000000,156,12,2
TX,322.218817885,290820.377869706,4642264.117920404,1.200000000,274,10,2
TX,322.294855122,291231.371712329,4642251.248020997,1.200000000,2087,11,2
TX,322.324546320,290612.387152464,4642304.387926572,1.200000000,314,9,2
TX,322.582243014,289014.516615721,4641589.361228989,1.200000000,2,8,2
TX,322.787691215,292024.297015599,4642308.308767824,1.200000000,2153,12,2
TX,322.974538009,289947.881346259,4634396.286096604,1.200000000,2356,12,2
TX,323.281660075,291177.428788627,4641327.261047950,1.200000000,2247,10,2
TX,323.370278072,291921.942257472,4642579.981816611,1.200000000,1149,12,2
TX,323.371420118,292104.037911911,4643194.325952441,1.200000000,2333,12,2
TX,323.414107052,290768.308927019,4637982.538005286,1.200000000,1449,12,2
TX,323.580656890,271825.139391665,4630653.271047077,1.200000000,2530,12,2
TX,323.659140128,290481.727596794,4640612.890012243,1.200000000,2798,7,2
TX,324.146030652,292318.682124299,4642048.249952120,1.200000000,1725,12,2
TX,324.269935860,295715.670576210,4638159.164952192,1.200000000,2563,12,2
TX,324.336329902,291144.847804335,4642481.231257778,1.200000000,1599,12,2
TX,324.451154364,291078.853175996,4644026.309282257,1.200000000,859,12,2
TX,324.457644799,289224.585559506,4642068.898577221,1.200000000,1409,8,2
TX,324.523113152,290524.739901396,4642898.920004161,1.200000000,2397,12,2
TX,324.524121173,290487.612208353,4642306.291140148,1.200000000,2357,10,2
TX,324.919201098,291046.665579459,4641102.380592878,1.200000000,157,8,2
TX,325.087402727,291240.813124300,4641298.110114615,1.200000000,1501,9,2
TX,325.122096722,290165.278267662,4643336.248054260,1.200000000,2188,12,2
TX,325.175282630,290344.004330763,4646214.456778393,1.200000000,955,12,2
TX,325.231614872,287550.189076863,4641394.669549099,1.200000000,1477,12,2
TX,325.459892650,289752.732105608,4635266.577112340,1.200000000,699,12,2
TX,325.642301161,289799.407255957,4638771.313664983,1.200000000,2166,12,2
TX,325.801717920,291535.681142265,4641547.611798724,1.200000000,791,10,2
TX,325.912872129,292697.547778522,4640963.377527183,1.200000000,2696,12,2
TX,325.954024722,292310.307662492,4642039.982782111,1.200000000,1950,12,2
TX,326.194011764,293266.069764550,4643173.369532040,1.200000000,2695,12,2
TX,326.221539475,285110.823842398,4636260.744439178,1.200000000,1917,12,2
TX,326.310154477,290649.711959619,4643079.586360846,1.200000000,1376,12,2
TX,326.361876295,290058.739727275,4642392.138913101,1.200000000,108,9,2
TX,326.437935253,291250.406205358,4642280.266089322,1.200000000,2833,11,2
TX,326.633310412,292236.086123100,4642261.745480609,1.200000000,2839,12,2
TX,326.664828611,291189.621112901,4641293.805260063,1.200000000,703,10,2
TX,326.721004542,294386.709352244,4642939.571502209,1.200000000,2042,10,2
TX,326.743374594,273703.454158261,4630687.126959592,1.200000000,1614,12,2
TX,326.866199170,290102.727341056,4640902.646159326,1.200000000,992,7,2
TX,326.936689152,292840.378051372,4641925.884575796,1.200000000,2448,12,2
TX,326.965667692,290257.700727357,4642815.381200824,1.200000000,745,11,2
TX,326.998641240,271938.192213622,4630635.987713628,1.200000000,1846,12,2
TX,327.347285622,290413.178473092,4641830.949486275,1.200000000,842,7,2
TX,327.526163603,293882.230020065,4640690.780731758,1.200000000,2525,12,2
TX,327.566107808,291006.806693718,4644789.442173365,1.200000000,319,12,2
TX,327.577848773,290903.408483155,4641302.425097384,1.200000000,2592,8,2
TX,327.611743244,291857.758108219,4642559.536086139,1.200000000,58,12,2
TX,327.727235970,294121.402638271,4639605.509783584,1.200000000,1946,12,2
TX,327.822454711,273622.777742635,4630725.026438087,1.200000000,811,12,2
TX,327.824855117,289951.004272481,4641254.894814599,1.200000000,1615,7,2
TX,328.182400665,289962.373137572,4637904.525237205,1.200000000,34,12,2
TX,328.287362636,291981.613715513,4646087.443742782,1.200000000,85,12,2
TX,328.476326154,291760.631871780,4642392.982137425,1.200000000,920,12,2
TX,328.760216417,288699.051861317,4641629.165237365,1.200000000,2739,9,2
TX,328.960002452,284819.811389778,4631795.255706117,1.200000000,642,12,2
TX,329.523629273,290612.961801170,4642308.286886290,1.200000000,1482,9,2
TX,329.536036846,292329.010288289,4642036.574901828,1.200000000,777,12,2
TX,329.828906139,292724.275316200,4641828.058269254,1.200000000,2324,12,2
TX,330.137878933,297233.074687426,4633552.043256028,1.200000000,1729,12,2
TX,330.213280878,290783.993501056,4637974.585325015,1.200000000,54,12,2
TX,330.279454992,290008.720478428,4641407.006336839,1.200000000,2314,7,2
TX,330.316294277,289744.610100375,4641874.395983496,1.200000000,2234,7,2
TX,330.394816657,291081.814604446,4641977.828317817,1.200000000,940,10,2
TX,330.416834956,294230.921822768,4642758.655653424,1.200000000,2440,10,2
TX,330.675113206,291251.047033516,4641265.154957864,1.200000000,242,8,2
TX,330.682744885,290239.488541866,4646709.106672137,1.200000000,2733,12,2
TX,330.986694521,293037.367876638,4642601.057634608,1.200000000,1234,12,2
TX,331.272304946,291807.238447641,4642476.871581287,1.200000000,1110,12,2
TX,331.435942810,288489.674193241,4642624.603919075,1.200000000,2456,12,2
TX,331.475480149,289665.388285716,4641412.100030612,1.200000000,2424,7,2
TX,331.567807797,291066.011090341,4640348.206923135,1.200000000,1708,9,2
TX,331.569571174,291239.945856816,4641289.967199801,1.200000000,528,9,2
TX,331.646201872,296646.250879870,4646077.768008773,1.200000000,427,12,2
TX,331.736774512,290701.323198993,4641299.472942590,1.200000000,1054,7,2
TX,331.890125272,292741.467417091,4639404.158696050,1.200000000,84,12,2
TX,332.040024204,292521.890771050,4642904.804333412,1.200000000,2419,12,2
TX,332.054195016,291510.432147741,4641971.898642205,1.200000000,2673,12,2
TX,332.633584126,290874.969661707,4642319.003455321,1.200000000,2645,10,2
TX,332.903234519,289931.797735751,4641823.646674885,1.200000000,1164,7,2
TX,333.082863850,297247.095976276,4640945.185463539,1.200000000,2200,10,2
TX,333.183822834,290390.679694615,4643138.626703629,1.200000000,1341,12,2
TX,333.568590941,290030.100242087,4635328.817278652,1.200000000,2005,12,2
TX,333.625594890,291223.466241117,4640819.980674609,1.200000000,2387,9,2
TX,333.643154933,290520.031034481,4645049.459415096,1.200000000,1988,12,2
TX,333.766569170,285262.121000907,4631729.872628450,1.200000000,773,12,2
TX,333.985408737,273717.589753674,4630649.879158197,1.200000000,1636,12,2
TX,334.052255558,289100.614687152,4642470.857009280,1.200000000,1137,11,2
TX,334.140904529,294306.137769012,4640656.610878305,1.200000000,232,11,2
TX,334.222997633,292111.105240865,4643633.447841174,1.200000000,1219,12,2
TX,334.422849807,289249.862071563,4644795.119838633,1.200000000,2510,12,2
TX,334.451818471,299748.650825752,4630069.949043574,1.200000000,1295,12,2
TX,334.585871252,292299.526683944,4642307.370626065,1.200000000,2083,12,2
TX,334.948949960,290367.473893413,4641456.348518007,1.200000000,316,7,2
TX,335.005040477,291038.245435400,4641919.077512607,1.200000000,126,9,2
TX,335.011166478,291244.729704998,4639635.933372018,1.200000000,989,10,2
TX,335.064374762,292102.421036540,4642682.821914267,1.200000000,2779,12,2
TX,335.087008663,293109.538249157,4642314.460797556,1.200000000,2442,12,2
TX,335.631445084,290204.338164809,4640989.733416493,1.200000000,2764,7,2
TX,335.773338896,295147.719185336,4642689.801565755,1.200000000,1300,9,2
TX,335.805609314,271308.219803825,4630148.874325743,1.200000000,1818,12,2
TX,336.252605134,289831.734836471,4639590.325454590,1.200000000,2072,9,2
TX,336.277443254,292614.417904596,4642584.927439346,1.200000000,532,12,2
TX,336.431135777,289455.693429706,4645839.688331732,1.200000000,2282,12,2
TX,336.432066775,293746.061256743,4641446.566030187,1.200000000,517,11,2
TX,336.913232367,287146.678745906,4641145.365751309,1.200000000,810,12,2
TX,336.937191166,291825.681680331,4642543.360255661,1.200000000,712,12,2
TX,336.955548460,287947.753958044,4634515.393175369,1.200000000,802,12,2
TX,337.047015111,294318.934522291,4643118.713799825,1.200000000,1336,10,2
TX,337.070297027,291128.799048336,4644343.372929289,1.200000000,898,12,2
TX,337.480418219,291117.274511205,4641475.413841458,1.200000000,2039,9,2
TX,337.549000488,292500.705994382,4642572.105503996,1.200000000,849,12,2
TX,337.554921288,295000.785611323,4642732.105686204,1.200000000,2668,7,2
TX,337.662930185,291639.216993954,4641058.865080684,1.200000000,1903,10,2
TX,337.903629010,293622.323370628,4643449.962263519,1.200000000,496,12,2
TX,338.179977675,291941.474505843,4642611.982822942,1.200000000,2769,12,2
TX,338.458539620,291723.171186969,4642139.322934894,1.200000000,2551,12,2
TX,338.507921516,299427.193654152,4635121.448295672,1.200000000,1004,12,2
TX,338.598344966,289398.360968900,4641753.257725005,1.200000000,2060,8,2
TX,338.641103711,290359.012975057,4646161.850072974,1.200000000,2814,12,2
TX,338.680789820,292839.522253302,4643589.972253468,1.200000000,2487,12,2
TX,339.071148338,289756.647971618,4642729.870158861,1.200000000,2110,12,2
TX,339.159475391,289829.790989856,4640415.346050084,1.200000000,721,7,2
TX,339.165606753,292696.753856116,4643703.110737615,1.200000000,2402,12,2
TX,339.173932263,290838.831737837,4642278.044546169,1.200000000,549,10,2
TX,339.174939558,290729.961151546,4641298.208383919,1.200000000,1922,7,2
TX,339.211080240,291026.483910191,4641946.913105573,1.200000000,2716,10,2
TX,339.443230127,289221.573262456,4643479.524911984,1.200000000,1807,12,2
TX,339.481497693,286699.508882438,4645109.586659884,1.200000000,1632,12,2
TX,339.720812510,291673.796769115,4636644.833461646,1.200000000,1109,12,2
TX,339.726743486,271876.253356877,4630619.946244053,1.200000000,1539,12,2
TX,340.039371779,293602.004200718,4643438.423643203,1.200000000,942,12,2
TX,340.099755856,289567.688037760,4642049.649667652,1.200000000,281,9,2
TX,340.153665438,290255.737879839,4642061.914615360,1.200000000,643,8,2
TX,340.213459175,290315.501619820,4637057.539885381,1.200000000,693,12,2
TX,340.221638960,291872.062457086,4642570.959732533,1.200000000,527,12,2
TX,340.251131875,290030.929058383,4641530.085866123,1.200000000,1007,7,2
TX,340.279596194,292745.688699415,4641861.098399701,1.200000000,661,12,2
TX,340.387637291,290076.606002868,4645127.331618367,1.200000000,1875,12,2
TX,340.400358724,292074.426067498,4641800.809879139,1.200000000,98,12,2
TX,340.423236669,288957.679090024,4642671.888247079,1.200000000,2441,12,2
TX,340.467448117,291038.084793264,4641168.124318888,1.200000000,2567,8,2
TX,340.765602712,290668.585305140,4641309.568167086,1.200000000,2425,7,2
TX,340.982284329,290267.242650983,4642034.762626414,1.200000000,950,8,2
TX,340.991764276,292108.398053515,4640631.622500162,1.200000000,2471,12,2
TX,340.995272695,293238.973243112,4640224.760184996,1.200000000,1461,12,2
TX,341.100830651,291587.401750709,4641058.726565624,1.200000000,2497,10,2
TX,341.293370430,293908.874989124,4640711.273733106,1.200000000,429,12,2
TX,341.616663882,287883.615574441,4641554.228272061,1.200000000,3,11,2
TX,341.704513786,292456.720478297,4643733.276162564,1.200000000,1637,12,2
TX,341.738716862,298509.392689275,4645024.179936073,1.200000000,341,12,2
TX,342.219269935,290088.132461733,4642387.143263647,1.200000000,2245,9,2
TX,342.241411110,273705.707620208,4630618.494984671,1.200000000,1069,12,2
TX,342.593022416,291992.732577050,4642871.172772723,1.200000000,2598,12,2
TX,342.643645135,290842.390250297,4639343.853243794,1.200000000,2416,10,2
TX,342.942938744,291188.204637114,4641321.642038353,1.200000000,2704,10,2
TX,342.992528762,291534.986349104,4641114.498821118,1.200000000,1743,11,2
TX,343.212185804,292684.129356524,4641793.278242633,1.200000000,897,12,2
TX,343.247576523,271856.461339228,4630662.495461220,1.200000000,1450,12,2
TX,343.250257877,291813.906431472,4641257.566689257,1.200000000,2265,12,2
TX,343.507928830,292188.531029473,4641905.481930684,1.200000000,1045,12,2
TX,343.762522720,289453.569692566,4646087.393180097,1.200000000,286,12,2
TX,343.776092469,292070.266636631,4640504.078520707,1.200000000,1771,12,2
TX,343.887410150,292076.496337387,4636990.488186223,1.200000000,417,12,2
TX,343.964425362,291022.623196707,4640555.704942100,1.200000000,870,7,2
TX,344.193565855,291062.998583002,4644025.632512203,1.200000000,2079,12,2
TX,344.248711343,291055.586969507,4642409.793775092,1.200000000,1531,10,2
TX,344.281557229,292860.613711917,4641481.529799250,1.200000000,2086,12,2
TX,344.570708081,290212.308672535,4642825.722586438,1.200000000,2604,11,2
TX,344.603162024,291357.492816881,4638071.325426459,1.200000000,2194,12,2
TX,344.664474657,291253.748073088,4641229.155153167,1.200000000,1527,8,2
TX,344.779838772,286381.237259542,4640682.955136975,1.200000000,490,12,2
TX,344.852112671,284550.313330732,4628998.140255232,1.200000000,2663,12,2
TX,344.893146965,292732.343220143,4641853.995471338,1.200000000,204,12,2
TX,344.964600949,293608.850229122,4641916.633617377,1.200000000,489,11,2
TX,344.974980093,291023.901635143,4641950.391444560,1.200000000,1721,10,2
TX,345.417024424,291037.041555724,4640452.943595008,1.200000000,373,8,2
TX,345.469472447,295166.007496378,4642733.912086020,1.200000000,331,9,2
TX,345.553584554,271715.243768978,4630309.907602760,1.200000000,2848,12,2
TX,345.905734600,286378.715524287,4640681.755219155,1.200000000,480,12,2
TX,346.028240614,292538.990739358,4642887.877457824,1.200000000,2163,12,2
TX,346.248961191,288862.265561463,4643333.750022345,1.200000000,2325,12,2
TX,346.272918462,291022.719690617,4640571.243384507,1.200000000,2004,7,2
TX,346.274585503,289979.853066927,4637822.517385475,1.200000000,395,12,2
TX,346.303944707,294607.453083157,4644899.513272179,1.200000000,2642,12,2
TX,346.629479829,289237.669979886,4642505.487211908,1.200000000,82,10,2
TX,346.691672336,273708.578378218,4630627.836004133,1.200000000,2717,12,2
TX,346.758438366,286758.308310897,4641325.023174460,1.200000000,895,12,2
TX,346.822577212,289717.890948777,4647170.347930946,1.200000000,1884,12,2
TX,346.858069550,273734.624110864,4630653.104215777,1.200000000,2150,12,2
TX,346.938289508,292239.758633880,4638024.119058292,1.200000000,2427,12,2
TX,346.944993500,290796.974600939,4642274.527776572,1.200000000,1768,10,2
TX,346.965708922,291754.393162541,4642392.648967221,1.200000000,2433,12,2
TX,347.495758536,288138.870902886,4631746.866458545,1.200000000,1840,12,2
TX,347.576199111,273738.619351295,4630635.928178012,1.200000000,1808,12,2
TX,347.621446901,289941.365028432,4634396.384599807,1.200000000,1847,12,2
TX,347.717799344,291126.398934193,4640495.263007712,1.200000000,167,7,2
TX,347.926987347,291687.849607395,4642077.474780947,1.200000000,197,12,2
TX,347.973392057,290781.166912661,4642938.006701256,1.200000000,2421,11,2
TX,347.981245046,295940.266614654,4642374.891626042,1.200000000,1410,7,2
TX,348.092759512,271805.776377541,4630262.013217055,1.200000000,2298,12,2
TX,348.097240578,291334.503702210,4642010.290702622,1.200000000,2719,11,2
TX,348.314924959,292507.090831618,4642715.105657166,1.200000000,782,12,2
TX,348.379167187,291508.486866410,4642209.241040307,1.200000000,2049,11,2
TX,348.520267599,273667.261299659,4630624.801772574,1.200000000,351,12,2
TX,348.739986908,272138.433887386,4630151.884411559,1.200000000,1540,12,2
TX,349.381336393,273675.062693782,4630697.957783559,1.200000000,1278,12,2
TX,349.426683972,291071.200523041,4639150.333787357,1.200000000,2238,12,2
TX,349.652993969,290317.753354034,4643499.028764033,1.200000000,1741,12,2
TX,349.658169448,273667.884405396,4630708.653689777,1.200000000,572,12,2
TX,349.867295187,287866.257158505,4638069.653845130,1.200000000,1978,12,2
TX,349.899436496,291736.489582471,4641700.260738505,1.200000000,1327,11,2
TX,349.949380709,293312.671287896,4644273.004550155,1.200000000,403,12,2
TX,350.014389915,291725.210955496,4642160.649577492,1.200000000,2745,12,2
TX,350.297404364,290515.370110875,4636407.868378532,1.200000000,1704,12,2
TX,350.303211235,291865.850019250,4642560.259113544,1.200000000,2160,12,2
TX,350.343513375,287592.697066004,4636506.761713587,1.200000000,2709,12,2
TX,350.378603929,290070.143508029,4642389.330317985,1.200000000,45,9,2
TX,350.651850929,277870.917095438,4640537.271114733,1.200000000,1690,12,2
TX,350.864616965,291753.351219103,4642828.566458271,1.200000000,1019,12,2
TX,350.875294398,290174.995812729,4634767.736010225,1.200000000,1179,12,2
TX,350.947400724,293699.571410518,4645353.558792818,1.200000000,2544,12,2
TX,350.980632161,293676.489013094,4639688.981215505,1.200000000,597,12,2
TX,351.025651371,293522.591999689,4607454.737003904,1.200000000,1186,12,2
TX,351.039150653,286183.361259444,4640639.207303221,1.200000000,2484,12,2
TX,351.070601748,293920.101929751,4643728.244403466,1.200000000,226,12,2
TX,351.198741468,273666.546857227,4630646.378413806,1.200000000,805,12,2
TX,351.298826465,292523.104335848,4642917.114103850,1.200000000,1874,12,2
TX,351.324308542,292118.066036765,4643217.616629449,1.200000000,708,12,2
TX,351.440354281,293626.856730188,4644138.709608743,1.200000000,2252,12,2
TX,351.453910491,283021.452690449,4635584.826124355,1.200000000,1920,12,2
TX,351.629416546,291352.366330715,4641131.774705175,1.200000000,560,9,2
TX,351.743912874,291834.053619677,4642545.343227502,1.200000000,1060,12,2
TX,351.774333839,291213.346384384,4641869.207464796,1.200000000,2505,10,2
TX,351.982064967,291240.674461020,4639658.504783284,1.200000000,1416,10,2
TX,352.088425126,281652.755081683,4632757.662656865,1.200000000,1598,12,2
TX,352.094811189,290415.451335702,4643851.823440738,1.200000000,2617,12,2
TX,352.154700086,290483.160308461,4640627.009068066,1.200000000,2411,7,2
TX,352.488283845,290596.944538663,4643874.426602908,1.200000000,1099,12,2
TX,352.675818680,296968.739587787,4630865.611629001,1.200000000,1865,12,2
TX,352.752317045,292712.805981377,4638732.536861809,1.200000000,1120,12,2
TX,352.769945896,291502.577345847,4641333.546139410,1.200000000,1104,10,2
TX,352.780511841,291379.965747129,4642687.738902241,1.200000000,1025,12,2
TX,352.837338354,289446.883338050,4646265.550129844,1.200000000,2082,12,2
TX,352.926286058,292716.968847386,4642078.291340872,1.200000000,1645,12,2
TX,352.970128116,291196.661017530,4639566.131492531,1.200000000,1717,12,2
TX,353.073075804,292673.394695651,4641798.557781924,1.200000000,2809,12,2
TX,353.086700125,291463.210679518,4642049.926517498,1.200000000,2628,12,2
TX,353.231005980,294728.196769075,4638538.611151101,1.200000000,2261,12,2
TX,353.306900256,290641.941605923,4646633.472415076,1.200000000,1829,12,2
TX,353.407206504,290676.408062844,4641304.335488506,1.200000000,2548,7,2
TX,353.847790758,292771.628360109,4640805.027154292,1.200000000,1821,12,2
TX,353.871878122,292138.319660018,4642983.671293164,1.200000000,9,12,2
TX,354.356585090,288849.699957711,4641417.316796085,1.200000000,1675,8,2
TX,354.674974134,291713.543694017,4642164.636669111,1.200000000,988,12,2
TX,354.725198615,291826.293839313,4642562.715605493,1.200000000,529,12,2
TX,354.885316657,292640.158413339,4641769.216067540,1.200000000,150,12,2
TX,354.943670255,292524.075698653,4642913.545055307,1.200000000,2647,12,2
TX,354.985363070,291057.464999839,4644024.333197953,1.200000000,2616,12,2
TX,355.372126318,292255.177434910,4638674.568332078,1.200000000,904,12,2
TX,355.418272780,287986.566464818,4643180.987497779,1.200000000,1941,12,2
TX,355.572401329,291115.093665158,4644300.185368533,1.200000000,2227,12,2
TX,355.773158009,291217.408331782,4641299.066897632,1.200000000,1749,10,2
TX,355.862474799,284124.178582262,4630327.683329551,1.200000000,1447,12,2
TX,355.868084659,295134.358683322,4642718.595978780,1.200000000,2711,9,2
TX,355.876676024,288834.620199282,4635126.496123689,1.200000000,304,12,2
TX,355.983364137,295121.358814157,4642759.276882108,1.200000000,1297,9,2
TX,355.983661510,289733.235599000,4641858.472631277,1.200000000,1052,7,2
TX,356.031017697,291698.238366813,4642111.147293794,1.200000000,240,12,2
TX,356.076397513,289699.957553835,4635496.314383755,1.200000000,2560,12,2
TX,356.167549363,289682.606194817,4638762.287507277,1.200000000,213,11,2
TX,356.435798982,286039.521182111,4631483.928227557,1.200000000,770,12,2
TX,356.571273131,292716.422096257,4642685.520824511,1.200000000,1328,12,2
TX,356.572401620,288333.261748189,4644316.036960877,1.200000000,448,12,2
TX,356.768130926,291173.972451008,4641401.801561276,1.200000000,1427,9,2
TX,357.394162195,291924.408241746,4641682.193769418,1.200000000,1676,12,2
TX,357.403108083,291029.952472084,4641774.603978926,1.200000000,609,8,2
TX,357.484970852,290816.018807297,4638208.016273774,1.200000000,231,12,2
TX,357.558642460,292111.166106132,4641832.305629109,1.200000000,979,12,2
TX,357.759540595,279006.513645925,4632523.479441841,1.200000000,873,12,2
TX,357.869693446,298198.261006840,4639263.719215986,1.200000000,430,12,2
TX,357.968585145,293025.735156793,4640267.594114183,1.200000000,380,12,2
TX,357.972954399,295143.235141494,4642719.841092824,1.200000000,93,9,2
TX,357.994486277,291023.887866075,4641955.972399800,1.200000000,2744,10,2
TX,358.088821428,271641.065226208,4630639.841926371,1.200000000,2303,12,2
TX,358.143880904,288196.019681320,4643919.743818119,1.200000000,2382,12,2
TX,358.404530366,271672.901436916,4630643.007196964,1.200000000,1204,12,2
TX,358.441636978,293244.825928839,4637512.045486965,1.200000000,1263,12,2
TX,358.589213841,291449.916614110,4642058.632394077,1.200000000,1908,12,2
TX,358.726326076,290010.142001476,4641003.752260243,1.200000000,401,7,2
TX,358.934272529,291039.131378557,4642271.230366881,1.200000000,1758,10,2
TX,359.215083210,298034.028250185,4639350.440996204,1.200000000,442,12,2
TX,359.336350102,290361.348220548,4643408.975768791,1.200000000,2770,12,2
TX,359.406835024,289519.712199481,4638040.437911707,1.200000000,1841,12,2
TX,359.562171601,289786.462388101,4643212.663186602,1.200000000,2056,12,2
TX,359.595833008,295120.895564826,4642690.389264220,1.200000000,2802,9,2
TX,359.613275827,271625.735130265,4630647.411067305,1.200000000,972,12,2
TX,359.756920507,293209.336803744,4644182.766675386,1.200000000,2840,12,2
TX,359.768882165,291232.213134180,4642271.738081837,1.200000000,2118,11,2
TX,359.839529316,295141.641616367,4642685.346240370,1.200000000,2792,9,2
TX,359.882545740,292198.675779069,4641665.995735935,1.200000000,1484,12,2
TX,359.916965937,292694.345980243,4638402.418796366,1.200000000,658,12,2
TX,359.926267014,292470.828359845,4641378.810385960,1.200000000,1789,12,2
TX,359.938825336,291226.607055683,4642273.120688017,1.200000000,1870,11,2
TX,359.959703431,292235.925139317,4637154.056153823,1.200000000,1063,12,2
TX,359.982527217,291100.589290767,4641940.982788606,1.200000000,419,9,2
TX,360.071195997,294158.044506689,4645620.183806543,1.200000000,2292,12,2
TX,360.195129279,289154.833542673,4640377.514812016,1.200000000,1702,7,2
TX,360.377061835,290450.361089615,4641398.697563737,1.200000000,241,7,2
TX,360.416072211,272690.755557132,4629998.423182546,1.200000000,2311,12,2
TX,360.619307018,294096.558517521,4643891.196330620,1.200000000,2502,12,2
TX,360.660317761,291425.079230132,4642034.261168674,1.200000000,839,11,2
TX,360.688476277,291732.636810680,4642155.537154507,1.200000000,2701,12,2
TX,360.749111297,289733.718715476,4641842.455729332,1.200000000,514,7,2
TX,360.930344702,291025.179600857,4641944.306251080,1.200000000,1016,9,2
TX,361.005328515,291683.359489053,4642115.337909197,1.200000000,2742,12,2
TX,361.020925497,289678.334072368,4642120.899394805,1.200000000,1213,9,2
TX,361.470030570,294389.402556526,4639381.751753354,1.200000000,1153,12,2
TX,361.474918927,290352.003269071,4641361.210679080,1.200000000,906,7,2
TX,361.565783738,291142.473288186,4641254.735430859,1.200000000,2728,9,2
TX,361.687659706,289610.128209686,4641942.258932229,1.200000000,2469,7,2
TX,361.718082373,290849.243166659,4642277.350440457,1.200000000,840,10,2
TX,361.831561476,290706.077398463,4641287.279169949,1.200000000,2342,7,2
TX,361.894789401,299564.789288015,4635132.094118917,1.200000000,1038,12,2
TX,362.050481070,291912.423780653,4642581.999884864,1.200000000,877,12,2
TX,362.227092148,291990.854883913,4643707.797654757,1.200000000,162,12,2
TX,362.330317367,292254.848894370,4638752.057168695,1.200000000,2216,12,2
TX,362.399142225,293042.268431810,4642614.087936145,1.200000000,1222,12,2
TX,362.457446894,287850.479355333,4642112.534415035,1.200000000,216,12,2
TX,362.540752007,287999.410676528,4643336.662096974,1.200000000,692,12,2
TX,362.626835054,290136.183314869,4635351.571107492,1.200000000,1282,12,2
TX,362.692526519,291124.885632617,4639049.888385219,1.200000000,962,12,2
TX,362.793027325,295139.068094159,4642732.228151075,1.200000000,392,9,2
TX,362.830910026,290551.403813554,4641905.584352621,1.200000000,456,7,2
TX,362.841839204,290725.214907719,4641305.339570448,1.200000000,957,7,2
TX,363.074271611,290862.164492251,4642298.135373600,1.200000000,1044,10,2
TX,363.100005313,292346.141242710,4637355.301495983,1.200000000,1161,12,2
TX,363.314547796,295140.834321731,4642695.741687671,1.200000000,334,9,2
TX,363.334000146,289810.138930873,4642394.476944570,1.200000000,1415,10,2
TX,363.492566424,290066.915293185,4642397.658831880,1.200000000,102,9,2
TX,363.573206280,290675.195691985,4641318.102215288,1.200000000,935,7,2
TX,363.581387132,293646.489547599,4643482.290113009,1.200000000,1337,12,2
TX,363.646576393,289516.384958624,4648113.857727721,1.200000000,2630,12,2
TX,363.654451378,291728.440851593,4642149.494802386,1.200000000,1502,12,2
TX,363.694313309,290668.500644879,4641292.095163046,1.200000000,1727,7,2
TX,363.738051736,292306.021519989,4643558.032897384,1.200000000,2634,12,2
TX,363.844704278,287504.828548477,4633326.296291108,1.200000000,1838,12,2
TX,363.868011388,273673.071611757,4630581.811042099,1.200000000,1549,12,2
TX,363.874571127,288343.447044707,4641325.698282701,1.200000000,1284,10,2
TX,364.216938785,291030.527275025,4641976.170986791,1.200000000,1223,10,2
TX,364.711361134,288662.829104337,4648711.950598926,1.200000000,740,12,2
TX,364.898587175,291681.841184624,4642820.656035172,1.200000000,1629,12,2
TX,364.988713970,289614.562087118,4642662.573395087,1.200000000,2121,11,2
TX,365.004883073,273693.081743569,4630709.620597767,1.200000000,335,12,2
TX,365.081473692,291974.151906557,4643684.012708547,1.200000000,457,12,2
TX,365.125140772,290370.765385215,4641811.240232653,1.200000000,846,7,2
TX,365.173821220,294839.011620593,4647340.587331052,1.200000000,631,12,2
TX,365.176146195,285342.343942947,4640868.239273900,1.200000000,1068,12,2
TX,365.194068253,293137.733821153,4644207.519953423,1.200000000,924,12,2
TX,365.220432326,288899.033834616,4643009.620674603,1.200000000,1889,12,2
TX,365.589968654,290776.129350555,4642277.041678359,1.200000000,2547,10,2
TX,365.774133341,288007.889206336,4643124.031536854,1.200000000,285,12,2
TX,366.358878594,291238.122756945,4641249.264520753,1.200000000,2274,8,2
TX,366.392351142,292309.817174980,4642045.226623152,1.200000000,61,12,2
TX,366.540979503,292967.251923120,4643954.768920438,1.200000000,697,12,2
TX,366.584963173,273721.137222922,4630640.438243879,1.200000000,1550,12,2
TX,366.788517735,294972.652478917,4642712.073161974,1.200000000,1299,8,2
TX,366.808821416,284790.643128496,4633037.763884764,1.200000000,202,12,2
TX,366.852098984,291997.648893514,4643714.731973802,1.200000000,186,12,2
TX,366.877668355,291984.404417960,4643704.770832977,1.200000000,463,12,2
TX,366.951572403,292532.099146196,4641481.202033027,1.200000000,1249,12,2
TX,367.656490528,290564.663425673,4643885.642736898,1.200000000,1761,12,2
TX,367.887534272,291063.115110733,4644044.615512018,1.200000000,617,12,2
TX,367.888117451,293325.715201270,4644481.022359175,1.200000000,2609,12,2
TX,367.898927204,289052.200627519,4641813.101978452,1.200000000,2400,10,2
TX,367.990433834,273711.772016345,4630652.967547788,1.200000000,1268,12,2
TX,368.254770744,289028.969994549,4636779.768675406,1.200000000,330,12,2
TX,368.287403196,291830.022157382,4642548.428609665,1.200000000,487,12,2
TX,368.345526962,292252.765188385,4638042.080163203,1.200000000,235,12,2
TX,368.406391135,292813.033888222,4641994.117553255,1.200000000,479,12,2
TX,368.656382775,291382.358192085,4638526.378075935,1.200000000,63,12,2
TX,368.691261525,273701.714099880,4630623.148815438,1.200000000,175,12,2
TX,368.708709491,288267.815461254,4634987.884043957,1.200000000,869,12,2
TX,368.831538842,291569.792939118,4641388.056393404,1.200000000,2735,11,2
TX,368.964473854,289226.750783644,4642064.940893198,1.200000000,315,8,2
TX,369.195166796,290044.144298519,4642329.417559918,1.200000000,951,11,2
TX,369.212556108,285404.961730038,4640954.533344333,1.200000000,313,12,2
TX,369.523029883,289320.019876585,4634307.589225618,1.200000000,967,12,2
TX,369.625805826,292137.765702480,4642660.845016716,1.200000000,2512,12,2
TX,369.689159354,297338.429084651,4646832.344307140,1.200000000,1665,12,2
TX,369.689345667,292784.053026513,4642169.345522797,1.200000000,2170,12,2
TX,369.724327137,291880.699892478,4642575.407478815,1.200000000,2697,12,2
TX,369.726752184,290586.045209449,4640853.241922599,1.200000000,190,7,2
TX,369.860681564,288106.312562070,4634541.496812869,1.200000000,2479,12,2
TX,369.965347866,296003.980983350,4642557.560168754,1.200000000,630,7,2
TX,370.006442395,291234.961882119,4642285.010225519,1.200000000,2019,11,2
TX,370.087972274,292807.401936563,4642192.451873379,1.200000000,2176,12,2
TX,370.354399917,291717.580790811,4642764.140612703,1.200000000,467,12,2
TX,370.394307182,273697.890800604,4630665.252873193,1.200000000,2112,12,2
TX,370.419601144,294171.725613612,4642023.582156766,1.200000000,1724,10,2
TX,370.505621773,286013.989103719,4639963.767403252,1.200000000,2585,12,2
TX,370.612584401,292673.373017825,4643690.164819750,1.200000000,2622,12,2
TX,370.759899992,293285.727935130,4643364.021749235,1.200000000,28,12,2
TX,370.772625138,291052.970374441,4644018.340983778,1.200000000,2687,12,2
TX,370.932895575,291340.739288989,4639927.940703423,1.200000000,2649,10,2
TX,371.232042713,273705.546286064,4630610.939205753,1.200000000,1525,12,2
TX,371.388822998,293005.275608621,4638722.163189458,1.200000000,2242,12,2
TX,371.572526616,289796.969135835,4639567.692931843,1.200000000,689,9,2
TX,371.609688831,273705.367722073,4630650.083062761,1.200000000,817,12,2
TX,371.619117480,288546.930216824,4643809.525806818,1.200000000,2052,12,2
TX,371.625446024,290663.786190297,4641294.147233564,1.200000000,2322,7,2
TX,371.715138665,273717.457566812,4630632.280833798,1.200000000,1079,12,2
TX,371.726137893,290948.012463096,4642082.689211933,1.200000000,1595,9,2
TX,371.813217954,292210.509544864,4638424.324428147,1.200000000,596,12,2
TX,371.941141426,290348.013239239,4643321.223121856,1.200000000,2753,12,2
TX,372.015528437,291023.415787741,4641966.502734208,1.200000000,2372,10,2
TX,372.039097042,288948.322348129,4639159.166435852,1.200000000,2826,12,2
TX,372.128164541,290176.530886752,4641489.124181355,1.200000000,2323,7,2
TX,372.144342842,291621.582049242,4642871.019103568,1.200000000,2197,12,2
TX,372.251804386,289846.252204457,4642763.014222082,1.200000000,1421,11,2
TX,372.411401926,290061.348984184,4642392.442697032,1.200000000,2552,9,2
TX,372.448289469,290713.477231983,4641181.948830241,1.200000000,562,7,2
TX,372.495941205,292090.736600517,4642633.736305676,1.200000000,74,12,2
TX,372.595683139,288233.099227491,4642981.789793176,1.200000000,1175,12,2
TX,372.603489214,291153.518795956,4641360.026940509,1.200000000,50,10,2
TX,372.855047877,273706.655746068,4630624.991920589,1.200000000,2565,12,2
TX,372.869135610,290292.094926518,4644066.329333822,1.200000000,433,12,2
TX,372.923059612,290788.740098846,4638039.084633242,1.200000000,1316,12,2
TX,372.933608665,271592.964252439,4630602.843997033,1.200000000,550,12,2
TX,373.206538745,290975.432754192,4641957.925235002,1.200000000,2776,8,2
TX,373.217044017,273667.530858446,4630633.302008699,1.200000000,753,12,2
TX,373.443075128,298447.660357794,4642234.365896600,1.200000000,2017,12,2
TX,373.628483081,292535.864559555,4642904.781883649,1.200000000,1583,12,2
TX,373.800710147,290487.606277031,4640630.414496860,1.200000000,2279,7,2
TX,373.892063553,290352.742672143,4646306.547217506,1.200000000,2446,12,2
TX,373.897347148,291677.108741782,4642101.616950189,1.200000000,1850,12,2
TX,374.003468283,297776.745629115,4661945.107191697,1.200000000,2073,12,2
TX,374.289582285,298617.740171114,4644238.797978838,1.200000000,137,12,2
TX,374.334901564,291871.098616345,4642585.707592715,1.200000000,91,12,2
TX,374.389104730,294788.155619234,4645695.007905609,1.200000000,2391,12,2
TX,374.754144426,290697.439516001,4642155.926575183,1.200000000,958,9,2
TX,374.754317920,299736.143688126,4630041.901209079,1.200000000,1631,12,2
TX,374.792963260,282269.423300709,4637623.119297467,1.200000000,1330,12,2
TX,374.875459852,290055.995691869,4642399.774132712,1.200000000,2218,9,2
TX,374.928665069,291069.327945349,4644023.996558797,1.200000000,2612,12,2
TX,375.082667247,288826.397865470,4639873.443027859,1.200000000,600,9,2
TX,375.158170549,291864.119679897,4642557.746953068,1.200000000,265,12,2
TX,375.168400679,290768.281174288,4642288.994000208,1.200000000,1573,10,2
TX,375.500782964,292523.177114213,4642918.992277423,1.200000000,2553,12,2
TX,375.590676424,290613.462092515,4641096.653407786,1.200000000,1071,7,2
TX,375.759814348,286455.845914167,4642583.429421550,1.200000000,2167,12,2
TX,375.859506326,273713.912205014,4630615.320136331,1.200000000,750,12,2
TX,375.992521799,292686.254443642,4641804.198202317,1.200000000,1250,12,2
TX,376.085195679,293835.640122059,4640620.671000954,1.200000000,2312,12,2
TX,376.248722687,291919.082442713,4642581.383994519,1.200000000,365,12,2
TX,377.001957023,295518.051480858,4642436.785437539,1.200000000,2175,7,2
TX,377.010824781,290742.824437455,4642901.662835744,1.200000000,1816,12,2
TX,377.042088960,290422.565467391,4641821.585980287,1.200000000,1155,7,2
TX,377.241797343,296725.569022730,4646423.004833861,1.200000000,2636,12,2
TX,377.303718077,289404.107875354,4633482.838159817,1.200000000,2347,12,2
TX,377.317608783,291706.492569603,4642809.509310006,1.200000000,168,12,2
TX,377.620542804,278139.376713217,4632442.440159031,1.200000000,1624,12,2
TX,377.776383198,295895.256739979,4646739.779256865,1.200000000,1995,12,2
TX,377.789832728,286784.241599833,4641295.494238822,1.200000000,2476,12,2
TX,377.862759848,271796.155107823,4630708.646827630,1.200000000,1542,12,2
TX,377.910232656,291028.529772326,4641190.409661701,1.200000000,185,7,2
TX,377.962984072,291039.457042693,4644011.647588337,1.200000000,379,12,2
TX,377.994554193,295147.087153058,4642706.745949749,1.200000000,1786,9,2
TX,378.014350916,273690.888731566,4630641.209946078,1.200000000,1914,12,2
TX,378.052388727,273731.088372924,4630652.608619813,1.200000000,1541,12,2
TX,378.150015479,290978.184417723,4641179.210102364,1.200000000,1180,8,2
TX,378.317291905,291603.345107897,4641681.893741292,1.200000000,813,10,2
TX,378.366668811,273703.525792715,4630702.964229180,1.200000000,783,12,2
TX,378.379841606,292734.749204013,4641838.799054849,1.200000000,1652,12,2
TX,378.404002684,288806.602028420,4642802.119323565,1.200000000,983,12,2
TX,378.423153936,293164.052323525,4640558.861127635,1.200000000,1251,12,2
TX,378.426541818,292644.390276589,4641764.701355238,1.200000000,551,12,2
TX,378.512651653,289339.353666848,4642244.549717261,1.200000000,2127,9,2
TX,378.532296284,288788.653005735,4641770.516677992,1.200000000,238,9,2
TX,378.581428575,291854.259984051,4642550.185080947,1.200000000,494,12,2
TX,378.707791083,273670.046584286,4630620.274439960,1.200000000,349,12,2
TX,379.013319305,290983.225766308,4640894.400553559,1.200000000,2001,8,2
TX,379.023616703,293655.296565875,4640285.882954632,1.200000000,911,12,2
TX,379.066542921,295063.541361738,4642594.190959104,1.200000000,2053,8,2
TX,379.072269591,291007.918976918,4641845.780222816,1.200000000,1918,9,2
TX,379.077794659,292521.840071158,4642909.093273587,1.200000000,1612,12,2
TX,379.094174760,290943.579763237,4642060.460417021,1.200000000,922,9,2
TX,379.250465782,290792.615292266,4642069.706275200,1.200000000,423,10,2
TX,379.382611800,290974.261879753,4635992.636359942,1.200000000,990,12,2
TX,379.449780668,290398.490197267,4641796.468562732,1.200000000,1393,7,2
TX,379.466892506,289325.204854167,4634317.735042950,1.200000000,1445,12,2
TX,379.468714718,290609.142484770,4641302.897431191,1.200000000,305,7,2
TX,379.516512009,270249.759354185,4628503.609788972,1.200000000,1280,12,2
TX,379.646630721,295965.283011877,4645662.110532208,1.200000000,1029,12,2
TX,379.773408136,290694.845975236,4636786.124444559,1.200000000,656,12,2
TX,379.816738862,289850.764762929,4641838.726162218,1.200000000,2722,7,2
TX,379.926412024,292150.207627420,4642187.846544696,1.200000000,2030,12,2
TX,379.932578417,293247.386160087,4644035.760984588,1.200000000,614,12,2
TX,380.010572189,291131.948567878,4641334.044692518,1.200000000,2203,10,2
TX,380.059205279,291991.058914037,4643705.141129283,1.200000000,1243,12,2
TX,380.068189216,291072.247349293,4641935.442244638,1.200000000,959,9,2
TX,380.073315985,267675.265472755,4645211.152391549,1.200000000,2051,12,2
TX,380.101451655,292305.479958122,4637658.562467540,1.200000000,2286,12,2
TX,380.161380988,290668.727556988,4641310.769595359,1.200000000,2648,7,2
TX,380.175890013,291238.839776976,4641254.955490486,1.200000000,649,8,2
TX,380.402100643,291041.037373181,4644036.984710447,1.200000000,709,12,2
TX,380.485542713,290271.910869248,4642022.358869388,1.200000000,1221,8,2
TX,380.762068893,291233.118956442,4641254.172481406,1.200000000,2485,8,2
TX,380.848168463,287420.252278438,4641071.534041824,1.200000000,1420,12,2
TX,380.923140592,291688.253251786,4642121.205807443,1.200000000,1230,12,2
TX,381.070482784,290834.407860608,4642284.304894345,1.200000000,492,10,2
TX,381.094824536,290957.779352305,4642036.311108205,1.200000000,76,8,2
TX,381.200881645,292676.571011801,4641796.692865032,1.200000000,2061,12,2
TX,381.242453612,292816.351444177,4641987.165285628,1.200000000,158,12,2
TX,381.353324946,291247.154298508,4641278.241426017,1.200000000,508,8,2
TX,381.408540892,292621.049393375,4641677.044252489,1.200000000,322,12,2
TX,381.645730533,290680.384372183,4641298.508789106,1.200000000,1119,7,2
TX,381.650621513,291728.593526730,4642142.176351731,1.200000000,2436,12,2
TX,381.782917394,291246.150924606,4644643.941910877,1.200000000,116,12,2
TX,381.823861306,293264.827216852,4639507.757782485,1.200000000,1880,12,2
TX,381.852057200,291459.166956520,4642432.759745252,1.200000000,92,12,2
TX,381.886094451,289679.436784512,4642085.632062655,1.200000000,991,9,2
TX,381.961211296,290760.904864983,4639490.950897367,1.200000000,691,10,2
TX,382.327543255,273697.084342826,4630645.385711102,1.200000000,1194,12,2
TX,382.423494074,292802.529743652,4641972.474398971,1.200000000,1279,12,2
TX,382.528036995,291856.573150447,4642553.595487188,1.200000000,735,12,2
TX,383.027218656,290392.571395351,4643851.538564699,1.200000000,884,12,2
TX,383.141524382,291049.218034582,4641712.052262683,1.200000000,2268,9,2
TX,383.232954988,290438.903707011,4645300.831593864,1.200000000,371,12,2
TX,383.347280652,292690.334911446,4641795.753544933,1.200000000,830,12,2
TX,383.348204927,291172.205208326,4644518.688607416,1.200000000,2376,12,2
TX,383.354532703,291779.579420811,4639786.153151650,1.200000000,2065,12,2
TX,383.756491200,291116.602189136,4641126.278609598,1.200000000,77,9,2
TX,383.805789371,289379.309680797,4641553.399898767,1.200000000,2244,7,2
TX,383.851846099,295433.525755896,4643854.319447429,1.200000000,1451,12,2
TX,383.955817541,290136.258597985,4635344.460460151,1.200000000,732,12,2
TX,383.963496994,271645.888980883,4630662.156783273,1.200000000,2366,12,2
TX,383.982096150,290478.874240739,4645037.275007556,1.200000000,187,12,2
TX,384.007307421,292074.106738710,4640498.117766645,1.200000000,207,12,2
TX,384.071384931,271677.539622434,4630654.699347353,1.200000000,2557,12,2
TX,384.275139438,291991.536374694,4643704.987750095,1.200000000,610,12,2
TX,384.288253800,290396.268502056,4641810.820689240,1.200000000,446,7,2
TX,384.288399791,290336.801165950,4643397.898460517,1.200000000,553,12,2
TX,384.449476581,294115.858820870,4639215.453384529,1.200000000,144,12,2
TX,384.657669582,292003.865371495,4646083.430678933,1.200000000,324,12,2
TX,384.666350027,290304.516651117,4642202.813596960,1.200000000,1762,9,2
TX,384.674365057,291914.847768345,4642580.059423873,1.200000000,639,12,2
TX,384.712350238,271648.025480112,4630678.981688028,1.200000000,1851,12,2
TX,384.742315685,291007.011296194,4641832.712077085,1.200000000,2332,8,2
TX,384.842465709,273715.412376796,4630607.588256041,1.200000000,1017,12,2
TX,384.925439961,292835.714326220,4641941.449051218,1.200000000,2451,12,2
TX,384.933153173,289450.698195332,4645846.996544205,1.200000000,1787,12,2
TX,384.958907980,290479.978415258,4640631.087178297,1.200000000,1587,7,2
TX,385.403262296,290892.087745356,4638693.760352886,1.200000000,1964,12,2
TX,385.510904420,294444.002775140,4639432.087010675,1.200000000,2254,12,2
TX,385.573023604,289630.448972509,4638434.172922363,1.200000000,1010,12,2
TX,385.596628626,290805.425801301,4641300.572554346,1.200000000,461,7,2
TX,385.600850292,273672.703226912,4630699.532238261,1.200000000,1558,12,2
TX,385.615748927,271772.471653522,4630699.269628130,1.200000000,1845,12,2
TX,385.735017369,302196.390767557,4641418.536486281,1.200000000,1036,12,2
TX,385.941905702,292679.259652906,4641802.799972687,1.200000000,901,12,2
TX,385.942118018,290493.363126615,4641375.063055248,1.200000000,2196,7,2
TX,385.998714115,287622.507227080,4640035.987181187,1.200000000,30,12,2
TX,386.249049645,289507.017204404,4644748.227168423,1.200000000,33,12,2
TX,386.493155586,291552.860612690,4641379.458151179,1.200000000,1097,11,2
TX,386.792911420,291348.620473624,4638562.949526464,1.200000000,1121,12,2
TX,386.942042766,292314.689122774,4642048.561976602,1.200000000,1885,12,2
TX,387.064566454,291213.559764037,4641300.368619941,1.200000000,2466,10,2
TX,387.182775426,291040.201936066,4641179.869668447,1.200000000,2028,8,2
TX,387.218754026,287863.214602255,4637942.999936218,1.200000000,2343,12,2
TX,387.315609889,290691.351634234,4635829.225068501,1.200000000,2746,12,2
TX,387.343949239,291563.283069999,4641383.796307433,1.200000000,1810,11,2
TX,387.400745794,292823.557167726,4642786.571083695,1.200000000,1289,12,2
TX,387.529717921,292727.650082159,4642054.831363363,1.200000000,1634,12,2
TX,387.590367490,293873.772289615,4640800.372191991,1.200000000,1746,12,2
TX,387.606356183,290296.008926189,4641957.026576634,1.200000000,261,8,2
TX,387.839957651,290373.369184547,4640706.633391314,1.200000000,2477,7,2
TX,387.895606930,294194.366720168,4643967.195024497,1.200000000,2806,12,2
TX,388.010193235,291759.245415584,4646112.455351315,1.200000000,327,12,2
TX,388.057490361,290777.367981571,4637964.996832841,1.200000000,1538,12,2
TX,388.428929099,293261.283585664,4639402.629855018,1.200000000,1520,12,2
TX,388.444677986,273752.696976326,4630657.363290626,1.200000000,2094,12,2
TX,388.544224350,290847.511749328,4641195.161699608,1.200000000,1227,7,2
TX,388.839652516,273709.080142153,4630659.964993256,1.200000000,1904,12,2
TX,388.953099452,287244.322632071,4634217.511044199,1.200000000,2532,12,2
TX,388.958692205,291520.261532848,4642444.326372721,1.200000000,249,12,2
TX,389.155750277,291506.428827545,4642433.439994989,1.200000000,2789,12,2
TX,389.185439622,286708.233454623,4645125.228911519,1.200000000,1356,12,2
TX,389.205129803,287879.683380051,4637583.118753173,1.200000000,1907,12,2
TX,389.329347846,291250.011523294,4642262.796324570,1.200000000,1115,11,2
TX,389.372902882,289151.193386817,4647124.744437127,1.200000000,1644,12,2
TX,389.548003530,285616.098488154,4642650.254098926,1.200000000,1318,12,2
TX,389.558440322,273681.088011138,4630633.114235306,1.200000000,679,12,2
TX,389.571305317,291042.670043887,4644049.627606087,1.200000000,1660,12,2
TX,389.616286912,290446.848490216,4641767.071159803,1.200000000,2582,7,2
TX,389.774462501,290742.252214439,4642870.700859690,1.200000000,117,12,2
TX,390.049300909,292618.039514302,4641158.272951755,1.200000000,657,12,2
TX,390.054769235,293071.549444111,4640996.841325778,1.200000000,788,12,2
TX,390.103371837,291031.813269919,4642274.009351647,1.200000000,2098,10,2
TX,390.116472261,291271.618860859,4641834.593264531,1.200000000,790,9,2
TX,390.144408634,291239.238323156,4641254.778367840,1.200000000,26,8,2
TX,390.297820047,289678.509081943,4642121.000221924,1.200000000,1313,9,2
TX,390.333449407,291911.512097248,4642575.215371490,1.200000000,369,12,2
TX,390.363428722,290339.501320257,4641896.371895647,1.200000000,1963,7,2
TX,390.382048698,291449.286864638,4642276.956385797,1.200000000,1309,11,2
TX,390.410092776,289951.975522361,4634417.252491909,1.200000000,2091,12,2
TX,390.456374974,290473.058633288,4640735.952072075,1.200000000,452,7,2
TX,390.541738311,291691.484488874,4642117.049711409,1.200000000,2103,12,2
TX,390.575140979,289810.016182661,4635540.226707096,1.200000000,2405,12,2
TX,390.746707264,292142.850451271,4642973.623412617,1.200000000,653,12,2
TX,390.850300146,290460.591392848,4640630.777547292,1.200000000,2104,7,2
TX,391.019067981,290823.063374496,4642284.759944383,1.200000000,1040,10,2
TX,391.054189361,285307.396366566,4633104.213204184,1.200000000,2289,12,2
TX,391.266902779,289606.208819775,4645583.963274609,1.200000000,2822,12,2
TX,391.403207330,290687.335157898,4641308.675361974,1.200000000,1994,7,2
TX,391.492863292,291840.681340677,4642574.887655078,1.200000000,715,12,2
TX,391.773700237,294013.441537117,4642450.804360019,1.200000000,1610,9,2
TX,391.801934662,290685.124674277,4642862.455310258,1.200000000,2277,12,2
TX,391.890738858,291988.890518358,4643719.969716817,1.200000000,1499,12,2
TX,391.983788521,289312.442575542,4634307.078997502,1.200000000,2669,12,2
TX,392.062665695,294933.091623085,4643623.892469220,1.200000000,40,12,2
TX,392.089678824,293543.023390042,4642754.555574158,1.200000000,716,12,2
TX,392.103823080,273702.512436341,4630604.474592960,1.200000000,1078,12,2
TX,392.147348212,289943.972146122,4642822.367370146,1.200000000,2751,11,2
TX,392.170094824,289489.473652712,4644782.122263581,1.200000000,1478,12,2
TX,392.170866892,292707.705189910,4641828.207208087,1.200000000,1091,12,2
TX,392.414385322,290332.209808439,4643711.689838601,1.200000000,809,12,2
TX,392.471423017,291296.931248949,4642400.493164750,1.200000000,2503,12,2
TX,392.475940913,290083.944722830,4644385.261523666,1.200000000,332,12,2
TX,392.597167387,294820.733044058,4646094.145816384,1.200000000,2743,12,2
TX,392.656945014,273708.118933527,4630627.385642077,1.200000000,744,12,2
TX,392.668755410,287555.982688559,4640662.330744794,1.200000000,1472,12,2
TX,392.728765260,293368.383673993,4643966.025976117,1.200000000,724,12,2
TX,392.733108008,293610.164682387,4638498.709827418,1.200000000,1667,12,2
TX,392.739951050,292521.167711797,4641775.278573780,1.200000000,2437,12,2
TX,393.066419933,292723.053043489,4641973.455653860,1.200000000,1557,12,2
TX,393.156251096,291309.521181617,4641992.269027096,1.200000000,848,11,2
TX,393.172448244,294198.250918003,4645065.991693780,1.200000000,2800,12,2
TX,393.233552098,290474.147859101,4640630.720628710,1.200000000,2184,7,2
TX,393.344431587,290931.389664263,4641198.033947235,1.200000000,2125,7,2
TX,393.377422885,290669.581451816,4641327.274166487,1.200000000,739,7,2
TX,393.517837411,290872.396585802,4642269.551000644,1.200000000,2089,11,2
TX,393.683548701,291225.865249082,4641701.115921688,1.200000000,974,9,2
TX,393.881525050,293199.998285122,4642031.505264115,1.200000000,650,12,2
TX,393.934383189,291476.274849740,4642241.245954412,1.200000000,1020,11,2
TX,394.041485312,289655.990978530,4642426.451254478,1.200000000,1817,9,2
TX,394.044512839,294021.666631334,4644556.752665080,1.200000000,1379,12,2
TX,394.172333323,286847.481934051,4634320.687334702,1.200000000,2526,12,2
TX,394.186632208,292366.067954330,4644014.556816512,1.200000000,1458,12,2
TX,394.366902828,290676.742125300,4641312.956430850,1.200000000,1084,7,2
TX,394.372465394,295987.098406436,4650264.957688234,1.200000000,279,12,2
TX,394.462706117,273681.748484879,4630639.575487589,1.200000000,1782,12,2
TX,394.528897364,294380.267660787,4643089.002877505,1.200000000,312,10,2
TX,394.698035248,290738.566621591,4639554.468719998,1.200000000,939,11,2
TX,394.731880336,273676.702343316,4630625.587363320,1.200000000,209,12,2
TX,394.775885139,292867.762273159,4641931.312782378,1.200000000,945,12,2
TX,394.839667011,291034.157470363,4641752.580825704,1.200000000,1413,8,2
TX,394.918441370,292025.745547379,4642231.565924143,1.200000000,1498,12,2
TX,394.993001722,280686.033415913,4671346.424978615,1.200000000,1952,12,2
TX,395.160012771,294841.370124217,4640443.897502149,1.200000000,120,9,2
TX,395.265501520,289708.014796125,4647167.161707693,1.200000000,44,12,2
TX,395.295899541,288058.552167533,4639052.301688732,1.200000000,2291,12,2
TX,395.513193110,306827.056931853,4637297.153598101,1.200000000,2481,12,2
TX,395.668510088,292094.620554521,4643169.523911059,1.200000000,1003,12,2
TX,395.694131293,292677.333635432,4641800.679604326,1.200000000,2330,12,2
TX,395.758012574,292239.772846603,4639447.660239554,1.200000000,1100,12,2
TX,395.800431871,293558.916334863,4639866.023465864,1.200000000,368,12,2
TX,395.827415596,283052.828990135,4668098.873182387,1.200000000,852,12,2
TX,395.944815432,291838.159564177,4642442.131685080,1.200000000,1423,12,2
TX,396.091540548,276949.269783058,4632308.634625931,1.200000000,56,12,2
TX,396.165692067,290693.057897664,4642286.138849444,1.200000000,1439,10,2
TX,396.194880152,289257.118435666,4639041.575890638,1.200000000,2288,11,2
TX,396.506378301,290476.070293023,4640625.150143487,1.200000000,1127,7,2
TX,396.605158029,291705.036048068,4642201.460459130,1.200000000,1613,11,2
TX,396.677261438,289816.409838384,4641222.413787247,1.200000000,1548,7,2
TX,396.702404257,282252.530390815,4637252.709497481,1.200000000,1953,12,2
TX,396.836290437,295139.485880523,4642698.445959221,1.200000000,1876,9,2
TX,396.986678475,290841.288615039,4642275.814135483,1.200000000,548,10,2
TX,397.123694025,289053.931792090,4643112.016325160,1.200000000,2168,12,2
TX,397.199895701,290031.505425371,4641541.603520581,1.200000000,622,7,2
TX,397.361171631,271912.913019379,4630606.158694814,1.200000000,1547,12,2
TX,397.463358773,295147.568240796,4642714.864916437,1.200000000,1028,9,2
TX,397.676602799,308195.665992408,4637564.109091900,1.200000000,1766,12,2
TX,397.923561057,291044.243598394,4642285.744049619,1.200000000,1655,11,2
TX,397.975169060,290858.048855449,4642293.516124046,1.200000000,2032,10,2
TX,398.025946065,293923.581533978,4636796.175817566,1.200000000,172,12,2
TX,398.126134779,293919.478728861,4636790.818181014,1.200000000,1806,12,2
TX,398.150480611,289688.410458105,4641888.354555552,1.200000000,2040,7,2
TX,398.171434246,291048.958402377,4642268.394453289,1.200000000,1106,10,2
TX,398.300104119,273719.046596834,4630616.025797345,1.200000000,1067,12,2
TX,398.312748276,289679.001603686,4638746.090059343,1.200000000,1320,12,2
TX,398.425469943,284232.974483435,4630363.756157707,1.200000000,651,12,2
TX,398.495383873,285728.633475626,4633980.687541364,1.200000000,2531,12,2
TX,398.599487761,289882.674449924,4639719.865120161,1.200000000,2101,7,2
TX,398.795819463,291724.265720934,4642165.026552677,1.200000000,2755,11,2
TX,398.918908301,291812.790253072,4642540.571700715,1.200000000,2023,12,2
TX,398.959694331,294359.146075393,4645812.883947161,1.200000000,1780,12,2
TX,399.043552801,273661.369245134,4630680.059746182,1.200000000,326,12,2
TX,399.124753682,289637.800377904,4643595.735544493,1.200000000,1473,12,2
TX,399.145160499,295125.037488536,4642704.305864168,1.200000000,1747,9,2
TX,399.345635650,292784.637644946,4642159.006624978,1.200000000,2267,12,2
TX,399.646479450,294449.374079408,4644353.673690531,1.200000000,418,12,2
TX,399.674371240,271830.326042010,4630660.754638772,1.200000000,2156,12,2
TX,399.821920563,290382.809064821,4643407.142764569,1.200000000,931,12,2
TX,399.867590108,282984.937864008,4634515.217073502,1.200000000,1080,12,2
TX,400.027883958,273679.483444541,4630620.757346123,1.200000000,97,12,2
TX,400.076928161,290363.000957229,4643396.594555249,1.200000000,2248,12,2
TX,400.086229042,283228.364783374,4632735.309606737,1.200000000,780,12,2
TX,400.206236033,289783.239029804,4642396.260235641,1.200000000,1981,9,2
TX,400.251071651,290322.826980253,4637075.132385323,1.200000000,1417,12,2
TX,400.381910134,290482.901279381,4642795.447870303,1.200000000,1323,12,2
TX,400.461431148,291714.018971305,4642370.579039400,1.200000000,2549,12,2
TX,400.468950461,292325.950236175,4642043.507272589,1.200000000,580,12,2
TX,400.542066837,288404.623729749,4638591.108059223,1.200000000,2210,12,2
TX,400.577740381,282682.021550746,4632816.262908450,1.200000000,428,12,2
TX,400.912634617,285154.253541970,4640765.797620582,1.200000000,2725,12,2
TX,401.059180745,290995.257593588,4639052.518810334,1.200000000,1585,12,2
TX,401.074504595,291469.350523794,4642317.798024310,1.200000000,2707,11,2
TX,401.097637905,292747.834573333,4639853.084312664,1.200000000,219,12,2
TX,401.150547663,294030.718761977,4640691.058362667,1.200000000,722,12,2
TX,401.354633249,289961.832550749,4634418.596978560,1.200000000,2344,12,2
TX,401.538146822,295752.485999715,4636641.610126263,1.200000000,2849,12,2
TX,401.539226241,273680.824404794,4631141.726156840,1.200000000,923,12,2
TX,401.639573731,299814.792498130,4634842.584449913,1.200000000,435,12,2
TX,401.742810187,290399.274083624,4642324.055352461,1.200000000,410,9,2
TX,401.878800216,273699.889637752,4630636.456632559,1.200000000,1649,12,2
TX,401.912885146,290098.478377875,4647025.340804163,1.200000000,1868,12,2
TX,401.968358029,291135.384872937,4641364.691583960,1.200000000,2581,10,2
TX,402.033895702,290084.898607166,4641544.372477804,1.200000000,396,7,2
TX,402.264816179,286631.808749131,4645660.591963454,1.200000000,283,12,2
TX,402.273610844,286025.796305172,4640245.035032880,1.200000000,2747,12,2
TX,402.448403150,293243.355047646,4640214.189275200,1.200000000,2139,12,2
TX,402.536811219,289682.022895976,4638775.039701168,1.200000000,1315,11,2
TX,402.555157264,288428.871403597,4638567.935334357,1.200000000,1976,12,2
TX,402.623331267,289940.327993553,4634398.669076431,1.200000000,2246,12,2
TX,402.686286267,292529.449918102,4641626.609765836,1.200000000,1754,12,2
TX,402.813025955,292531.411917913,4642915.429792997,1.200000000,882,12,2
TX,402.828244173,291817.806514521,4642536.749868529,1.200000000,1244,12,2
TX,402.887364002,291025.115111123,4640590.405307243,1.200000000,1134,7,2
TX,403.019398608,290186.782556664,4643842.184828483,1.200000000,2228,12,2
TX,403.165416766,289735.365623409,4637438.732879072,1.200000000,772,12,2
TX,403.192660353,290969.015401198,4642008.306563863,1.200000000,2319,8,2
TX,403.260699980,291437.171572621,4642299.767134513,1.200000000,1820,12,2
TX,403.308042983,289257.728664457,4638487.409428323,1.200000000,2271,12,2
TX,403.470859960,290649.758476153,4646621.551535888,1.200000000,339,12,2
TX,403.594151718,273363.278964886,4630030.371579739,1.200000000,2071,12,2
TX,403.690360993,289269.014917800,4646156.329537791,1.200000000,1342,12,2
TX,403.765523397,288936.199154616,4649121.015042550,1.200000000,1571,12,2
TX,403.848135614,291654.835262023,4642336.352031437,1.200000000,916,12,2
TX,403.862207730,290047.301793031,4643305.741838202,1.200000000,1432,12,2
TX,403.892554445,293466.458216051,4643343.451472485,1.200000000,1329,12,2
TX,403.915777534,291030.239385559,4641977.557510169,1.200000000,498,10,2
TX,404.031418445,272712.087953746,4629873.654627874,1.200000000,2155,12,2
TX,404.216088737,271330.867356898,4630258.222165017,1.200000000,388,12,2
TX,404.281075407,291661.791188422,4639999.339925612,1.200000000,19,12,2
TX,404.385373204,292194.747318371,4643428.692553505,1.200000000,1839,12,2
TX,404.650091699,290141.983143492,4644976.374022066,1.200000000,1440,12,2
TX,404.686852057,302688.286740403,4637226.951027502,1.200000000,2362,12,2
TX,404.795405196,293599.652178532,4642786.663958818,1.200000000,476,12,2
TX,404.936165151,292533.920196295,4642917.050428849,1.200000000,1779,12,2
TX,404.937322458,289951.000473999,4634405.703318276,1.200000000,311,12,2
TX,405.014611700,273669.096141185,4630634.055403847,1.200000000,1273,12,2
TX,405.033060205,293714.548340586,4645353.586306954,1.200000000,1322,12,2
TX,405.108161855,294901.917963953,4646736.466723369,1.200000000,95,12,2
TX,405.225058695,291159.966346922,4641242.565436722,1.200000000,1514,9,2
TX,405.241503895,291949.366179969,4642600.562766949,1.200000000,1772,12,2
TX,405.441324886,291840.351888340,4642553.776746483,1.200000000,2721,12,2
TX,405.466382084,291834.503603977,4644178.091042257,1.200000000,20,12,2
TX,405.528299977,291193.561521672,4641297.606813094,1.200000000,484,10,2
TX,405.555043320,290797.516251365,4642085.828551494,1.200000000,2499,10,2
TX,405.645163444,292599.681815352,4643750.538584478,1.200000000,47,12,2
TX,405.666487283,293989.118710962,4647139.507631942,1.200000000,375,12,2
TX,405.802644730,291060.247121893,4642051.925773675,1.200000000,348,10,2
TX,405.873102905,289413.595108444,4645896.472478769,1.200000000,1785,12,2
TX,405.914728411,292647.413226944,4642037.676136345,1.200000000,2666,12,2
TX,405.934677693,292215.644016423,4637132.400201202,1.200000000,933,12,2
TX,405.952870196,290910.849903532,4642158.651206465,1.200000000,1334,9,2
TX,406.079217929,271547.363621330,4630134.439091119,1.200000000,303,12,2
TX,406.236381457,299729.338207211,4630053.941839475,1.200000000,2317,12,2
TX,406.284628119,290478.255262874,4640631.765436508,1.200000000,43,7,2
TX,406.418595966,289572.479101104,4637781.506387871,1.200000000,1286,12,2
TX,406.436069156,289821.835955743,4641791.290221590,1.200000000,2307,7,2
TX,406.465263192,290991.495417432,4640932.971198461,1.200000000,431,8,2
TX,406.521643287,273722.077412144,4630633.669553575,1.200000000,2780,12,2
TX,406.703240673,290714.819368749,4641307.902422871,1.200000000,883,7,2
TX,406.778844239,292716.199189531,4641834.301822241,1.200000000,669,12,2
TX,406.783590732,273667.524824204,4630595.608202219,1.200000000,775,12,2
TX,406.949625256,290466.289133688,4643858.558121890,1.200000000,1669,12,2
TX,406.995921245,292870.384364439,4643531.609254129,1.200000000,2220,12,2
TX,407.048235946,289502.796393134,4645877.282879689,1.200000000,1357,12,2
TX,407.068271291,303178.486483344,4631084.735066957,1.200000000,1001,12,2
TX,407.189914447,291566.091685634,4639868.194764721,1.200000000,1604,12,2
TX,407.488480434,287837.980305854,4643316.274065699,1.200000000,2085,12,2
TX,407.521441253,293970.105662720,4649975.704105376,1.200000000,1536,12,2
TX,407.530369408,292680.261295093,4641803.264903471,1.200000000,148,12,2
TX,407.566265527,288359.439864917,4637268.309697129,1.200000000,1216,12,2
TX,407.580625010,291990.978946684,4643725.238313685,1.200000000,475,12,2
TX,407.682376305,290647.948083902,4642554.251923290,1.200000000,132,11,2
TX,407.721998963,291874.497705371,4642562.031021674,1.200000000,796,12,2
TX,407.937188573,290446.341025642,4642315.354496615,1.200000000,2686,9,2
TX,408.152438266,292102.237166854,4642240.390559607,1.200000000,2348,12,2
TX,408.224126323,293491.511315156,4645038.713303483,1.200000000,1229,12,2
TX,408.383689523,292703.937473277,4641790.090784049,1.200000000,779,12,2
TX,408.441709876,273696.382618384,4630688.619296361,1.200000000,1616,12,2
TX,408.688932945,291901.190405565,4642567.797249870,1.200000000,2731,12,2
TX,409.210245153,288947.431676011,4642636.166099538,1.200000000,1942,12,2
TX,409.247872052,291822.656202297,4642417.311566725,1.200000000,1193,12,2
TX,409.294638674,290526.602699812,4641296.626059183,1.200000000,2363,7,2
TX,409.335024792,290054.217364632,4630503.214043265,1.200000000,1006,12,2
TX,409.383129210,290742.486400889,4642891.030460601,1.200000000,1526,12,2
TX,409.491535319,291064.212823068,4644021.454593537,1.200000000,2074,12,2
TX,409.492652931,292077.530226702,4643151.377847554,1.200000000,462,12,2
TX,409.545072297,273681.794825048,4630614.498512006,1.200000000,971,12,2
TX,409.731949207,291791.510034824,4642571.352097793,1.200000000,350,12,2
TX,409.733380942,292527.606146513,4642819.033727434,1.200000000,537,12,2
TX,409.867371999,289875.874229178,4641684.600219212,1.200000000,1504,7,2
TX,409.902631589,288879.667771597,4641387.536872838,1.200000000,516,7,2
TX,410.030473986,287915.241917590,4643982.095127240,1.200000000,1638,12,2
TX,410.063066923,273699.107047329,4630633.064785950,1.200000000,2070,12,2
TX,410.230202108,292220.628853253,4638020.830595269,1.200000000,1125,12,2
TX,410.348939933,295144.928461463,4642701.197452747,1.200000000,980,9,2
TX,410.393250693,289483.337449388,4643905.320694793,1.200000000,1167,12,2
TX,410.582458677,273698.046876142,4630629.686915966,1.200000000,624,12,2
TX,410.799171713,285141.227850802,4632680.984503074,1.200000000,1620,12,2
TX,410.924305778,287960.094167716,4643461.814455329,1.200000000,133,12,2
TX,411.111895884,273689.697139700,4630633.962371807,1.200000000,90,12,2
TX,411.188296954,289341.461337973,4640488.947347221,1.200000000,1576,7,2
TX,411.268812917,293805.341954026,4640192.185306000,1.200000000,1386,12,2
TX,411.424508955,294947.138678503,4642706.076274402,1.200000000,1388,9,2
TX,411.456602800,292527.096754165,4642908.871433860,1.200000000,1224,12,2
TX,411.534844668,273654.081749484,4630640.961829791,1.200000000,758,12,2
TX,411.549961107,289864.706325116,4643023.208076670,1.200000000,1414,12,2
TX,411.613892020,291206.616870878,4641394.152746870,1.200000000,140,10,2
TX,411.633874777,295136.823155254,4642752.099773454,1.200000000,393,9,2
TX,411.788251585,290373.960460373,4641818.842296620,1.200000000,2496,7,2
TX,412.019587715,290501.117049517,4635516.623539536,1.200000000,891,12,2
TX,412.106314905,271889.088141147,4630685.042041234,1.200000000,307,12,2
TX,412.108061224,299781.536214935,4630305.113131288,1.200000000,2179,12,2
TX,412.193137937,298200.829836183,4640995.076375954,1.200000000,200,12,2
TX,412.260229398,291294.891455053,4641997.975581481,1.200000000,1833,11,2
TX,412.305256341,290198.512175143,4642431.086035745,1.200000000,2710,10,2
TX,412.649906858,296723.986320213,4637473.667514086,1.200000000,1711,12,2
TX,412.793712300,291983.120999362,4642996.980854535,1.200000000,1947,12,2
TX,412.806206606,292746.220180256,4641874.177404458,1.200000000,1944,12,2
TX,412.875162599,287928.835416883,4630913.055601968,1.200000000,211,12,2
TX,413.025825047,273676.865570401,4630623.439532806,1.200000000,2064,12,2
TX,413.186912527,291062.087739932,4644018.452258829,1.200000000,1095,12,2
TX,413.227809016,290676.273764731,4641306.434768201,1.200000000,2651,7,2
TX,413.358585501,290371.178590338,4641807.315358248,1.200000000,86,7,2
TX,413.420442486,291801.359444313,4642860.290873275,1.200000000,310,12,2
TX,413.667814653,275032.115004528,4631185.500744759,1.200000000,569,12,2
TX,413.880966556,289931.848184192,4645840.306026959,1.200000000,394,12,2
TX,414.541046609,290957.548038866,4639071.909044274,1.200000000,853,12,2
TX,414.675286460,290381.098200937,4641811.145366217,1.200000000,525,7,2
TX,414.684335337,288178.963174524,4643889.874684530,1.200000000,387,12,2
TX,414.699118215,295127.084718579,4642693.915268932,1.200000000,325,9,2
TX,414.798520436,291926.714595780,4642577.809043250,1.200000000,914,12,2
TX,414.803000609,291969.508211821,4642595.602300470,1.200000000,2335,12,2
TX,414.805214588,290825.373475132,4642269.705155204,1.200000000,2272,10,2
TX,414.829910844,292308.459223074,4642055.612949595,1.200000000,583,12,2
TX,414.960856378,291030.830730446,4641956.072925211,1.200000000,2018,10,2
TX,414.967099014,273714.884999035,4630647.348023849,1.200000000,1909,12,2
TX,414.969383152,273709.066531245,4630649.282588387,1.200000000,1794,12,2
TX,415.345012053,290311.302203181,4641898.139640575,1.200000000,302,7,2
TX,415.516579866,287983.023348604,4639134.685435016,1.200000000,1609,12,2
TX,415.655141717,291830.479259692,4642540.889554458,1.200000000,2765,12,2
TX,415.801739685,291008.336713151,4641874.433499157,1.200000000,1116,9,2
TX,415.952723985,292248.569821671,4637150.128584072,1.200000000,2483,12,2
TX,416.055701409,295105.778300329,4641704.726934947,1.200000000,1301,7,2
TX,416.854794947,290344.029882701,4636683.838006174,1.200000000,2148,12,2
TX,416.907849944,290913.158155464,4643970.471848290,1.200000000,1512,12,2
TX,417.085871987,282151.053099602,4632802.570634584,1.200000000,292,12,2
TX,417.433687712,290680.955320404,4641294.788500688,1.200000000,169,7,2
TX,417.754428168,293901.128612549,4643714.577715226,1.200000000,1494,12,2
TX,417.773844534,273499.441324328,4630171.418880038,1.200000000,218,12,2
TX,417.888640339,272555.760259570,4629953.421748447,1.200000000,1916,12,2
TX,418.056336902,289317.777076551,4634332.697972270,1.200000000,1347,12,2
TX,418.087863273,291039.815821979,4641957.431010194,1.200000000,362,10,2
TX,418.360826506,273699.499052424,4630631.953636986,1.200000000,1042,12,2
TX,418.493372643,289616.011017306,4643516.529085429,1.200000000,998,12,2
TX,418.505739033,289871.958319845,4644416.547816581,1.200000000,1325,12,2
TX,418.519778761,293605.878873661,4641906.792326876,1.200000000,46,11,2
TX,418.546015907,272892.985086791,4629827.177322938,1.200000000,1543,12,2
TX,418.682500971,294239.129854104,4645078.872558165,1.200000000,2657,12,2
TX,418.874285838,291970.428560036,4642595.424220309,1.200000000,2689,12,2
TX,418.913708459,292263.292857216,4642352.347290752,1.200000000,1205,12,2
TX,419.059750938,292807.782311561,4642167.882989338,1.200000000,2037,12,2
TX,419.118586154,292233.340035933,4642110.229722894,1.200000000,1693,12,2
TX,419.124042072,291732.762510309,4642826.740579402,1.200000000,1396,12,2
TX,419.268850434,288953.280088478,4641844.243915770,1.200000000,1087,9,2
TX,419.427490289,289193.534044437,4642517.750412399,1.200000000,1176,10,2
TX,419.521398720,289492.732343389,4643469.401394006,1.200000000,932,12,2
TX,419.622454732,291030.623234653,4641932.981493003,1.200000000,2031,9,2
TX,419.629528050,290429.461367176,4645519.114249752,1.200000000,2775,12,2
TX,419.674437907,287568.947917893,4632929.933981234,1.200000000,582,12,2
TX,419.871951955,292381.889363579,4642737.098071413,1.200000000,1529,12,2
TX,420.223471764,285580.506730632,4631621.914185000,1.200000000,1977,12,2
TX,420.556130160,289705.556429586,4639260.094453545,1.200000000,907,9,2
TX,420.588726265,292162.387612834,4641882.153011033,1.200000000,1345,12,2
TX,420.590902621,291234.676295323,4641279.767221351,1.200000000,2730,8,2
TX,420.607921093,289315.390367005,4639750.818234163,1.200000000,228,9,2
TX,420.608445071,289306.064366334,4634315.733506396,1.200000000,2145,12,2
TX,420.744813012,288936.357516108,4633085.788093832,1.200000000,611,12,2
TX,420.769440964,290390.188401225,4641554.413179018,1.200000000,1422,7,2
TX,420.987469015,291125.472265774,4643952.405173344,1.200000000,2251,12,2
TX,421.106105293,291915.395806949,4630133.363058897,1.200000000,746,12,2
TX,421.296621290,292107.077367438,4640638.282218782,1.200000000,1395,12,2
TX,421.404568753,289622.660787552,4638800.710859373,1.200000000,2131,11,2
TX,421.554073867,273706.626186473,4630642.036478867,1.200000000,2149,12,2
TX,421.691889139,292013.312218645,4643034.996323273,1.200000000,1783,12,2
TX,421.781831410,289627.068835544,4643504.178606381,1.200000000,88,12,2
TX,421.943088755,289729.849055366,4633932.552525314,1.200000000,552,12,2
TX,421.980931837,294664.468112181,4648197.836955149,1.200000000,586,12,2
TX,422.025632073,291028.687881834,4640440.732169923,1.200000000,2340,8,2
TX,422.296478781,291030.773118995,4640529.786870505,1.200000000,2174,7,2
TX,422.453963107,291003.083328439,4641845.332237003,1.200000000,2025,8,2
TX,422.566409883,289985.237620127,4641593.382748890,1.200000000,690,7,2
TX,422.649333690,292314.285117780,4642053.302824806,1.200000000,2249,12,2
TX,422.649960857,294182.716565576,4641271.084858967,1.200000000,1154,11,2
TX,422.734580792,292466.681873443,4641883.214648498,1.200000000,2461,12,2
TX,423.236113230,292267.001245561,4636540.955749362,1.200000000,970,12,2
TX,423.261789681,290688.201805599,4641311.037524092,1.200000000,520,7,2
TX,423.289368568,292363.791405315,4642156.136567165,1.200000000,1034,12,2
TX,423.366667503,289883.708550743,4642342.944433816,1.200000000,620,8,2
TX,423.421626223,291982.375554693,4641749.374433288,1.200000000,2458,12,2
TX,423.454626881,294741.081856060,4641401.731810977,1.200000000,2192,7,2
TX,423.730800735,285616.990466964,4631211.126393804,1.200000000,1980,12,2
TX,423.777884064,292782.557463848,4641277.043090465,1.200000000,976,12,2
TX,423.857880625,286380.651304770,4640682.403051704,1.200000000,1496,12,2
TX,423.991259663,292637.915834647,4643224.322624012,1.200000000,2641,12,2
TX,424.259458413,271618.714219500,4630658.835453576,1.200000000,210,12,2
TX,424.479975964,272918.178289652,4629839.994661414,1.200000000,1899,12,2
TX,424.524026653,287582.925544874,4645804.206073047,1.200000000,2132,12,2
TX,424.593158664,289312.953202229,4639762.365961194,1.200000000,2660,9,2
TX,424.670446805,292065.566358123,4640544.364297493,1.200000000,2304,12,2
TX,424.796078917,290114.626434921,4645091.561923800,1.200000000,2545,12,2
TX,424.813270463,291037.225221252,4642261.784106176,1.200000000,1709,10,2
TX,424.839650764,291018.258884599,4639118.285243699,1.200000000,2455,12,2
TX,425.131531147,290126.183769505,4640428.113006535,1.200000000,2835,7,2
TX,425.163456054,292719.893886057,4643723.510926998,1.200000000,948,12,2
TX,425.204075966,289946.749319707,4634402.022464580,1.200000000,62,12,2
TX,425.208156475,295021.655954445,4642530.628497261,1.200000000,1387,8,2
TX,425.406270589,292452.064916931,4641604.491892752,1.200000000,1291,12,2
TX,425.672322105,288444.163014599,4638555.843679620,1.200000000,400,12,2
TX,425.723284769,278214.089662943,4632453.054951071,1.200000000,557,12,2
TX,425.926320323,291737.860505406,4642513.255423734,1.200000000,206,12,2
TX,425.948024262,291028.211967360,4640968.497358853,1.200000000,1093,7,2
TX,426.034304848,292975.795275484,4642026.999178980,1.200000000,2141,12,2
TX,426.106424702,292296.396154804,4642330.153826195,1.200000000,2257,12,2
TX,426.126250690,291072.443618781,4644041.839315365,1.200000000,1639,12,2
TX,426.187133373,290476.809338708,4641405.152353313,1.200000000,1105,7,2
TX,426.192928934,273676.312297888,4630629.204049241,1.200000000,2331,12,2
TX,426.403693327,292735.015494516,4641909.948589882,1.200000000,670,12,2
TX,426.412337702,291823.444263411,4642317.677989771,1.200000000,2706,12,2
TX,426.483488323,290362.417854318,4643829.636907588,1.200000000,876,12,2
TX,426.585866938,290090.333837546,4643356.747602912,1.200000000,930,12,2
TX,426.614872784,291225.223120055,4639550.492408809,1.200000000,819,11,2
TX,426.858197740,290642.703028359,4640859.883905347,1.200000000,2264,7,2
TX,426.931778988,291023.486874711,4641966.704129580,1.200000000,2369,10,2
TX,427.043633038,291874.024875809,4642567.719684530,1.200000000,2602,12,2
TX,427.091890903,291847.007704032,4641619.653400631,1.200000000,2718,12,2
TX,427.184092228,290377.406082876,4644438.872852708,1.200000000,2539,12,2
TX,427.273104736,297798.184652271,4640980.285701524,1.200000000,837,11,2
TX,427.533095784,290796.274803496,4641182.284489966,1.200000000,1185,7,2
TX,427.787355679,290781.641784354,4642029.893628944,1.200000000,1483,9,2
TX,427.816629246,293434.440413171,4644122.791078031,1.200000000,518,12,2
TX,427.868846558,289158.325981804,4641960.188472733,1.200000000,473,10,2
TX,428.112987710,290100.395398754,4642439.531117515,1.200000000,1805,10,2
TX,428.394193468,292526.340155095,4642909.216159521,1.200000000,1726,12,2
TX,428.417961274,290846.620449486,4641306.201753193,1.200000000,1485,7,2
TX,428.442871440,291236.927328201,4642276.335965141,1.200000000,558,11,2
TX,428.505624863,291476.797322702,4642018.210579667,1.200000000,1333,12,2
TX,428.513309945,273688.731350331,4630652.417361076,1.200000000,700,12,2
TX,428.558226536,290927.067695721,4641203.612978328,1.200000000,1059,7,2
TX,428.622876580,291041.376557679,4644034.381132242,1.200000000,719,12,2
TX,428.733627583,291055.048869181,4641100.735722987,1.200000000,1260,8,2
TX,428.754013356,293173.147047925,4640533.081545327,1.200000000,1781,12,2
TX,428.775540942,290988.008032502,4639050.577663418,1.200000000,414,12,2
TX,428.817004062,291718.054993347,4642170.610201877,1.200000000,2724,11,2
TX,428.852888517,291507.681459332,4640996.145656514,1.200000000,2468,9,2
TX,428.955908831,296968.828087767,4633964.251723950,1.200000000,999,12,2
TX,429.023009828,293844.055678369,4640621.377979678,1.200000000,13,12,2
TX,429.149611167,273355.083865028,4626155.025254793,1.200000000,2533,12,2
TX,429.169772799,291260.728519969,4642212.578376030,1.200000000,821,11,2
TX,429.245256560,294677.066616303,4651068.132145719,1.200000000,1192,12,2
TX,429.286601588,290337.138451165,4642179.276260437,1.200000000,2029,9,2
TX,429.535386547,273646.186983393,4630655.488910151,1.200000000,352,12,2
TX,429.677749167,282114.519691819,4637665.005448489,1.200000000,1966,12,2
TX,429.762901643,291046.007798141,4641713.257212056,1.200000000,41,9,2
TX,429.808982770,291990.338572220,4643710.210604367,1.200000000,2287,12,2
TX,429.869292346,290080.844299479,4647498.879570887,1.200000000,769,12,2
TX,429.884381508,290999.191122991,4641879.447859801,1.200000000,1201,8,2
TX,429.941896096,273662.567566005,4630689.695423127,1.200000000,2281,12,2
TX,429.986798828,273681.627180454,4630676.268082727,1.200000000,1849,12,2
TX,430.153092750,290252.802024036,4638663.980869382,1.200000000,1960,12,2
TX,430.235477505,291729.760261662,4642155.061706523,1.200000000,236,12,2
TX,430.325841718,288481.332149622,4635144.669642970,1.200000000,868,12,2
TX,430.536622419,290389.245886444,4641806.835360623,1.200000000,1460,7,2
TX,430.576946958,290498.082198206,4640637.207621856,1.200000000,1326,7,2
TX,430.653731063,291516.507343258,4642059.758577073,1.200000000,1681,12,2
TX,430.735510555,292680.010055095,4641782.369046603,1.200000000,1574,12,2
TX,430.755596214,291620.480543865,4641732.320510441,1.200000000,1932,12,2
TX,430.939829949,290466.146784425,4640663.569000749,1.200000000,75,7,2
TX,430.973335717,290773.275492416,4642320.242929735,1.200000000,1596,10,2
TX,431.212315872,291123.134459950,4641151.089317032,1.200000000,1760,9,2
TX,431.348343480,290354.233468772,4646286.652017538,1.200000000,363,12,2
TX,431.410377649,291958.156029458,4644350.678415268,1.200000000,1166,12,2
TX,431.448385573,294503.100136334,4642313.417205320,1.200000000,122,8,2
TX,431.554972021,288419.947456761,4632091.116423280,1.200000000,1837,12,2
TX,431.906578186,290666.566126649,4641308.620888623,1.200000000,968,7,2
TX,432.100385904,290697.020982043,4641311.702849110,1.200000000,713,7,2
TX,432.171273479,289952.053910868,4634416.578183436,1.200000000,2453,12,2
TX,432.228091665,292525.742811251,4641768.348571497,1.200000000,2702,12,2
TX,432.311137132,291660.631023267,4642231.719720648,1.200000000,1021,12,2
TX,432.357963259,290504.840641702,4645908.067197409,1.200000000,161,12,2
TX,432.411024621,291123.050877841,4641168.158526024,1.200000000,2011,9,2
TX,432.529117014,291237.952555156,4641244.233242301,1.200000000,505,8,2
TX,432.718936453,291861.535363610,4642561.212882830,1.200000000,861,12,2
TX,432.847512699,289575.109130417,4638788.969206700,1.200000000,799,11,2
TX,432.869672650,291003.947937541,4639051.341976641,1.200000000,1220,12,2
TX,432.904990829,291238.071083151,4642275.443537498,1.200000000,963,11,2
TX,433.047398530,292275.423159202,4641964.807444215,1.200000000,1308,12,2
TX,433.083082196,291671.674343374,4642226.151090894,1.200000000,192,11,2
TX,433.133552605,271974.089839133,4630539.180978692,1.200000000,1073,12,2
TX,433.186513635,292525.392580769,4641930.733859558,1.200000000,795,12,2
TX,433.192341122,285839.595488276,4634236.822983556,1.200000000,2346,12,2
TX,433.205333995,291130.275806355,4641374.340540273,1.200000000,1476,10,2
TX,433.229619909,289248.695943286,4642513.806403256,1.200000000,2793,9,2
TX,433.513727599,291310.984174989,4644978.346276212,1.200000000,1266,12,2
TX,433.560764042,292517.294326140,4634170.820361584,1.200000000,1607,12,2
TX,433.611143002,290743.931212122,4642899.216478410,1.200000000,673,12,2
TX,433.998510817,291506.631165230,4645029.196779147,1.200000000,2569,12,2
TX,434.087161638,290486.618391787,4640778.782903760,1.200000000,1764,7,2
TX,434.151687160,291816.916188027,4642432.661971754,1.200000000,612,12,2
TX,434.464170192,291574.799260234,4642576.663374406,1.200000000,1196,12,2
TX,434.537602116,292835.093291807,4642212.602489186,1.200000000,198,12,2
TX,434.640618359,291089.526478275,4636119.020716880,1.200000000,301,12,2
TX,434.647803377,290188.446493483,4640121.134178848,1.200000000,1556,7,2
TX,435.008830011,294924.779922503,4648463.671682321,1.200000000,635,12,2
TX,435.085394397,293228.302656452,4639414.709357204,1.200000000,1517,12,2
TX,435.174638218,291252.643622327,4642285.885428173,1.200000000,359,11,2
TX,435.328442840,290084.354248858,4640907.020120768,1.200000000,2778,7,2
TX,435.437234392,289758.474528969,4641317.958509590,1.200000000,499,7,2
TX,435.560873971,271735.032433067,4630300.737359961,1.200000000,2013,12,2
TX,435.598494421,288179.039187278,4642087.986844336,1.200000000,625,12,2
TX,435.682803581,281235.493561168,4632709.741807091,1.200000000,2069,12,2
TX,435.706621098,293529.139703872,4650089.092005015,1.200000000,2599,12,2
TX,435.821074460,289680.863651989,4643583.893709934,1.200000000,87,12,2
TX,435.868074545,298107.846456750,4637844.495507997,1.200000000,247,12,2
TX,435.903778837,291275.345312125,4642398.807968412,1.200000000,2501,12,2
TX,435.916257823,290703.628187941,4641287.817002639,1.200000000,1056,7,2
TX,435.937326053,273677.621715936,4630616.942882228,1.200000000,1195,12,2
TX,436.157620797,290479.099092419,4640641.004654374,1.200000000,1035,7,2
TX,436.179569680,289947.581736979,4634411.063757516,1.200000000,1565,12,2
TX,436.267225172,290663.302263654,4642285.131461997,1.200000000,1999,9,2
TX,436.337648775,273753.579741136,4630638.528803203,1.200000000,1898,12,2
TX,436.509960213,292018.418753334,4643711.212465979,1.200000000,1246,12,2
TX,436.527024399,288826.023543487,4638990.854360720,1.200000000,105,12,2
TX,436.828493059,293920.476328384,4640766.881344106,1.200000000,917,12,2
TX,436.836426749,291202.763076652,4641296.982771890,1.200000000,1023,10,2
TX,436.846229701,290649.267234856,4642139.201680641,1.200000000,1515,9,2
TX,436.918159277,296268.654494540,4644364.977279896,1.200000000,995,12,2
TX,437.080291394,291190.037011176,4641380.298582519,1.200000000,2266,10,2
TX,437.098987959,290430.236129408,4643889.290749573,1.200000000,2757,12,2
TX,437.107220363,290477.601504555,4642848.199816766,1.200000000,666,12,2
TX,437.399270401,290868.558294650,4642265.495064318,1.200000000,1085,11,2
TX,437.465141507,295125.150607615,4642703.770579271,1.200000000,1827,9,2
TX,437.574298780,289713.352652566,4643562.353081023,1.200000000,1015,12,2
TX,437.635704295,289331.024693035,4634301.018591499,1.200000000,1664,12,2
TX,437.656206926,291826.390034413,4642542.135676956,1.200000000,909,12,2
TX,437.669124004,293508.090422410,4644186.471521085,1.200000000,2428,12,2
TX,437.895332750,292484.877520165,4641938.385969648,1.200000000,671,12,2
TX,437.910022388,291046.748427889,4644017.687910761,1.200000000,2621,12,2
TX,437.938835724,287751.079378240,4639378.502219676,1.200000000,1535,12,2
TX,438.076995610,289089.062972677,4637260.627408951,1.200000000,1235,12,2
TX,438.278794699,292184.697381368,4641384.155217235,1.200000000,1967,12,2
TX,438.637685509,291698.169547108,4642124.548675438,1.200000000,1490,12,2
TX,438.889662973,291027.937460520,4639055.817618883,1.200000000,1160,12,2
TX,439.017290372,290374.289452622,4646297.800780267,1.200000000,2643,12,2
TX,439.108908104,295297.106488161,4638527.465438542,1.200000000,444,12,2
TX,439.319098155,292023.632330331,4640700.857292982,1.200000000,1411,12,2
TX,439.322560636,291490.242474533,4642428.747073519,1.200000000,1491,12,2
TX,439.454657500,288906.395923313,4643695.840766452,1.200000000,267,12,2
TX,439.562672202,292394.503517129,4637358.072891940,1.200000000,1467,12,2
TX,439.563006777,289944.513219335,4639803.349136711,1.200000000,578,7,2
TX,439.579242832,291240.941900354,4641235.793128554,1.200000000,2430,8,2
TX,439.628988831,290334.601459073,4641876.457089272,1.200000000,1162,7,2
TX,439.655921877,285820.143043006,4641066.024954880,1.200000000,1589,12,2
TX,439.658306836,288082.260307274,4637667.803273028,1.200000000,2655,12,2
TX,439.683157811,283430.389351516,4640342.399314288,1.200000000,2062,12,2
TX,439.809423483,292435.923336148,4641362.256509179,1.200000000,866,12,2
TX,439.979456420,291840.868727322,4642552.816062252,1.200000000,1765,12,2
TX,439.998089680,291975.994224903,4643699.004126320,1.200000000,468,12,2
TX,440.307286986,291998.234255160,4643718.806803291,1.200000000,1998,12,2
TX,440.533070630,290810.247730638,4642280.261458701,1.200000000,254,10,2
TX,440.605456576,290137.087408224,4635344.024214480,1.200000000,2528,12,2
TX,440.641869096,290495.184793519,4640633.215796424,1.200000000,80,7,2
TX,440.738153372,291846.774875568,4642544.316808305,1.200000000,2349,12,2
TX,440.770166041,291659.176229016,4639649.546433159,1.200000000,1739,12,2
TX,440.844937714,291582.692623780,4642343.980556642,1.200000000,196,12,2
TX,440.859206726,290226.186964861,4644211.666907606,1.200000000,1701,12,2
TX,440.921746732,291024.293378047,4644046.182168177,1.200000000,714,12,2
TX,441.069790654,288591.907105382,4643055.038547127,1.200000000,2535,12,2
TX,441.177925014,290935.216612757,4642054.267841789,1.200000000,2360,8,2
TX,441.244080031,292713.816249042,4641713.336790573,1.200000000,767,12,2
TX,441.271847289,290112.604215643,4647472.858071149,1.200000000,1061,12,2
TX,441.341475491,290485.189122594,4640627.216942323,1.200000000,2495,7,2
TX,441.394484451,291047.999015128,4639199.855755417,1.200000000,2093,12,2
TX,441.572537286,290217.951536269,4640432.069266823,1.200000000,2817,7,2
TX,442.074257231,291560.843484380,4643882.603147293,1.200000000,1991,12,2
TX,442.248313795,291847.393920677,4641612.461799051,1.200000000,1568,11,2
TX,442.345354733,293823.929863448,4642425.408351672,1.200000000,1744,10,2
TX,442.353300158,291870.005005834,4642568.272422066,1.200000000,103,12,2
TX,442.412826068,293710.939592966,4645345.539403435,1.200000000,1534,12,2
TX,443.129568426,290982.232742937,4643711.281779973,1.200000000,478,12,2
TX,443.369185125,289728.725996311,4638803.865861558,1.200000000,1256,12,2
TX,443.395586241,291036.229975033,4644012.998480068,1.200000000,382,12,2
TX,443.436985550,290895.661242981,4638725.489176401,1.200000000,1397,12,2
TX,443.609090997,273647.687886069,4630658.527861514,1.200000000,1276,12,2
TX,443.847510302,291553.856359788,4641375.295574168,1.200000000,2449,11,2
TX,443.849926123,273304.782446713,4630048.159435623,1.200000000,1656,12,2
TX,443.936275133,291767.971342806,4641548.807946444,1.200000000,486,12,2
TX,444.028214389,291199.461239832,4644904.181470404,1.200000000,2801,12,2
TX,444.211175922,290704.234970503,4641300.942712899,1.200000000,627,7,2
TX,444.285982651,291239.670325724,4641280.587768302,1.200000000,2418,8,2
TX,444.325263864,291053.153648871,4643999.684156997,1.200000000,2767,12,2
TX,444.442293653,292758.193599943,4641828.677068479,1.200000000,2045,12,2
TX,444.566805238,289330.667179742,4634316.836969513,1.200000000,2294,12,2
TX,444.605060165,290500.988217835,4640640.504058621,1.200000000,2656,7,2
TX,444.631837835,289942.497622222,4634418.569582712,1.200000000,2182,12,2
TX,444.658028839,292556.518407481,4642545.867066307,1.200000000,1770,12,2
TX,444.826549254,292676.528234228,4641821.602877350,1.200000000,797,12,2
TX,444.893451898,290050.873997220,4642380.552789792,1.200000000,1310,11,2
TX,444.898617939,290976.143462162,4642671.617304648,1.200000000,224,11,2
TX,445.117508999,271628.791009522,4630656.123439179,1.200000000,1267,12,2
TX,445.139870043,291039.655893542,4641973.066603074,1.200000000,360,10,2
TX,445.201680938,289680.910316116,4638760.782951451,1.200000000,1456,11,2
TX,445.230846498,289072.760041057,4637203.644339305,1.200000000,1237,12,2
TX,445.255345111,291998.310317051,4644277.490127258,1.200000000,397,12,2
TX,445.340057471,283892.873007635,4637235.288890152,1.200000000,1081,12,2
TX,445.342187863,289710.505798782,4639038.552185444,1.200000000,1177,12,2
TX,445.426148899,290095.921402238,4640901.531833380,1.200000000,535,7,2
TX,445.440635863,289501.802152072,4640225.978670257,1.200000000,1872,7,2
TX,445.507690013,290198.423378616,4641982.839285389,1.200000000,981,8,2
TX,445.743904679,291353.139891898,4637879.724221112,1.200000000,1033,12,2
TX,445.747728836,291821.421032123,4642425.584405892,1.200000000,357,12,2
TX,445.762829950,289184.088857426,4642517.585555905,1.200000000,1732,10,2
TX,445.790469523,283160.604924774,4640483.101769008,1.200000000,919,12,2
TX,445.806755785,293719.042745573,4645337.577999881,1.200000000,1601,12,2
TX,445.964603223,292539.670601280,4641882.083120708,1.200000000,1674,12,2
TX,446.180439266,290681.128966607,4641309.255433166,1.200000000,1431,7,2
TX,446.285083575,289530.764524302,4641797.014005095,1.200000000,2107,7,2
TX,446.341395784,290356.106361172,4641845.493982087,1.200000000,2404,7,2
TX,446.565099817,290346.795953712,4643799.342122820,1.200000000,502,12,2
TX,446.591188858,294197.819385530,4643099.252149009,1.200000000,384,12,2
TX,446.619985765,289238.958500423,4644715.558719395,1.200000000,205,12,2
TX,446.720864042,273689.843672325,4630643.018550086,1.200000000,100,12,2
TX,446.860796502,290151.329307473,4636750.390970796,1.200000000,1842,12,2
TX,446.941927841,288018.179903744,4643112.237362543,1.200000000,831,12,2
TX,447.116466192,302791.983443244,4640441.355990200,1.200000000,1487,12,2
TX,447.230655242,273686.944735387,4630685.794450243,1.200000000,294,12,2
TX,447.245646623,288699.890136980,4642900.968507538,1.200000000,905,12,2
TX,447.286916518,289218.921463240,4642510.648123111,1.200000000,1353,10,2
TX,447.372921174,289572.495155827,4639460.483646189,1.200000000,509,11,2
TX,447.432441384,290806.846769616,4641500.669473663,1.200000000,2147,8,2
TX,447.481496070,291741.099119493,4640345.653677739,1.200000000,1285,11,2
TX,447.647954003,291088.003002277,4641950.348808050,1.200000000,1714,10,2
TX,448.109190325,289821.560018847,4638542.450760791,1.200000000,1570,12,2
TX,448.115651692,273741.416713168,4630638.983336734,1.200000000,1265,12,2
TX,448.341134945,284464.089265131,4632999.033143917,1.200000000,1103,12,2
TX,448.551746586,291779.109927292,4642814.144941134,1.200000000,2782,12,2
TX,448.575937936,293888.060744668,4637024.972437997,1.200000000,1425,12,2
TX,448.664274058,292320.788222737,4642048.721890263,1.200000000,1373,12,2
TX,448.983814063,287330.735267530,4637877.490121059,1.200000000,1873,12,2
TX,448.990709087,293711.364436521,4645345.754021532,1.200000000,1878,12,2
TX,449.060442091,290311.535564538,4641895.514394538,1.200000000,726,7,2
TX,449.279645583,289240.534825354,4642519.665534017,1.200000000,1215,10,2
TX,449.577752074,291906.436331958,4642571.295868200,1.200000000,2521,12,2
TX,449.844701314,290794.708227398,4642816.777420333,1.200000000,127,11,2
TX,449.862312473,295198.859399695,4640689.094098142,1.200000000,337,7,2
TX,449.975580620,290522.738786029,4642895.536996859,1.200000000,143,12,2
TX,449.981642834,289947.510038624,4641256.123455162,1.200000000,1076,7,2
TX,450.063463116,291867.181169299,4642681.356062583,1.200000000,2520,12,2
TX,450.098017695,292483.587455089,4643506.631564871,1.200000000,1352,12,2
TX,450.166308344,291383.690915700,4642028.850790209,1.200000000,1311,11,2
TX,450.235764566,291999.752055815,4643710.954422000,1.200000000,189,12,2
TX,450.279418919,290136.982079268,4640186.143165375,1.200000000,1643,7,2
TX,450.339658280,291369.310384620,4641428.327627611,1.200000000,1633,10,2
TX,450.456314837,293329.335239710,4637408.637536623,1.200000000,977,12,2
TX,450.527089541,290058.537125834,4642380.913994309,1.200000000,2137,11,2
TX,450.598155667,292563.430196589,4642924.380906812,1.200000000,1032,12,2
TX,450.794128702,290716.885242795,4642174.862930840,1.200000000,1497,9,2
TX,450.865100325,290865.197497015,4642274.516851979,1.200000000,675,11,2
TX,450.912127101,293304.772508272,4644250.278944920,1.200000000,81,12,2
TX,451.026155523,291412.534204854,4641326.544125434,1.200000000,2472,10,2
TX,451.197521642,290466.897903778,4642320.040754146,1.200000000,421,10,2
TX,451.252317724,291156.813218623,4639430.705653870,1.200000000,2353,12,2
TX,451.300974208,290843.897203875,4640765.957092532,1.200000000,1412,7,2
TX,451.315543694,295145.859284150,4642711.595179716,1.200000000,566,9,2
TX,451.369891555,291826.561261215,4642772.911423204,1.200000000,2020,12,2
TX,451.538315525,289356.326065512,4642128.524802799,1.200000000,688,10,2
TX,451.688888245,290406.030294604,4641810.226339217,1.200000000,1255,7,2
TX,451.752774502,290026.480719292,4644903.102473683,1.200000000,954,12,2
TX,452.084779867,291219.812244326,4641296.670676594,1.200000000,125,10,2
TX,452.124130602,293292.012918205,4644282.496268877,1.200000000,1528,12,2
TX,452.164553947,291141.997598357,4640764.583527789,1.200000000,641,8,2
TX,452.303734657,291199.465352379,4641959.598603142,1.200000000,459,10,2
TX,452.443875307,290400.764616945,4644482.537131437,1.200000000,637,12,2
TX,452.557553184,291406.425617449,4640263.182845048,1.200000000,982,10,2
TX,452.781476629,290693.668392874,4641289.869965173,1.200000000,2422,7,2
TX,452.879007428,271641.971632331,4630632.588627489,1.200000000,165,12,2
TX,453.138814373,290561.022229708,4644709.874048832,1.200000000,2296,12,2
TX,453.191501311,295149.361498840,4646463.468762956,1.200000000,2438,12,2
TX,453.244367472,291518.662777960,4641197.835656539,1.200000000,794,10,2
TX,453.302043457,290120.716930554,4641420.281777314,1.200000000,594,7,2
TX,453.466533707,294489.990804758,4642658.749382462,1.200000000,2365,9,2
TX,453.838795603,292448.843016467,4641371.063707925,1.200000000,225,12,2
TX,454.048887486,295577.048520994,4645535.359049289,1.200000000,2504,12,2
TX,454.170189754,291834.373189513,4642550.909485403,1.200000000,2635,12,2
TX,454.184198891,271784.772531900,4630692.896636970,1.200000000,1363,12,2
TX,454.261489636,291091.188968101,4641079.804064075,1.200000000,416,9,2
TX,454.427744264,293794.784609950,4642673.788562676,1.200000000,681,12,2
TX,454.545537669,292096.822401344,4643185.037085608,1.200000000,184,12,2
TX,454.602775951,290987.777591448,4642618.447961230,1.200000000,2100,11,2
TX,454.928068677,290346.151680652,4643829.972799773,1.200000000,255,12,2
TX,455.129293815,271625.380528238,4630640.564683842,1.200000000,1018,12,2
TX,455.139107681,291128.776413645,4641198.504569809,1.200000000,2217,9,2
TX,455.508827127,292031.471312661,4642796.462346761,1.200000000,340,12,2
TX,455.599300962,291034.619113136,4641162.852783170,1.200000000,2579,8,2
TX,455.602132494,289736.192531451,4640041.601871260,1.200000000,1586,7,2
TX,455.695269117,292095.435646121,4640517.564515713,1.200000000,2407,12,2
TX,455.746223083,290468.215941890,4645155.186260534,1.200000000,593,12,2
TX,455.764987452,286736.012259152,4641374.982207849,1.200000000,284,12,2
TX,455.776874095,293384.842434005,4641537.901303202,1.200000000,152,11,2
TX,455.950979585,291067.716244103,4644045.845315641,1.200000000,500,12,2
TX,456.018500442,299748.356974522,4630072.579813134,1.200000000,111,12,2
TX,456.074722161,290626.584673491,4643047.629912572,1.200000000,1247,12,2
TX,456.144409643,292540.558034572,4642608.384505816,1.200000000,1564,12,2
TX,456.227714013,289947.863101658,4641590.880470541,1.200000000,2162,7,2
TX,456.295957686,291060.758005466,4644056.249629169,1.200000000,1358,12,2
TX,456.338887287,291004.762656917,4639044.669938139,1.200000000,438,12,2
TX,456.403312057,290474.765459020,4640615.577865238,1.200000000,2171,7,2
TX,456.439950508,295137.091224592,4642711.313110949,1.200000000,497,9,2
TX,456.552034133,295134.737705124,4642711.995917827,1.200000000,2667,9,2
TX,456.629037603,288850.686177225,4641387.162324503,1.200000000,485,7,2
TX,456.695279351,291247.325162051,4638747.599658262,1.200000000,1755,12,2
TX,456.727862255,289539.674815589,4641825.375774998,1.200000000,621,7,2
TX,456.734731085,293254.451446328,4640288.237184192,1.200000000,1518,12,2
TX,456.799628099,273675.097656746,4630627.795225883,1.200000000,1202,12,2
TX,456.808071389,291831.071821258,4642555.393697741,1.200000000,2580,12,2
TX,456.996042310,294666.496021348,4639827.661001584,1.200000000,2336,11,2
TX,457.054166034,289154.864576384,4641958.750651347,1.200000000,1446,10,2
TX,457.143761193,290966.360940889,4642012.709360620,1.200000000,2555,8,2
TX,457.199523819,289220.579476113,4642510.651206492,1.200000000,1698,10,2
TX,457.259490636,292966.134061959,4640283.451713689,1.200000000,2068,12,2
TX,457.327762241,290313.303094758,4635115.410833810,1.200000000,2524,12,2
TX,457.371923501,291544.203009626,4641344.431503512,1.200000000,1455,11,2
TX,457.510418943,290494.527509170,4640629.673525698,1.200000000,1935,7,2
TX,457.797939976,292718.007680572,4641947.657131712,1.200000000,2791,12,2
TX,457.930000750,290688.462716997,4641288.409833944,1.200000000,1751,7,2
TX,457.994742054,283021.634016007,4640710.365433048,1.200000000,718,12,2
TX,457.999673407,290966.575498941,4641196.684924171,1.200000000,353,8,2
TX,458.037143506,290285.339650496,4640291.682253215,1.200000000,573,7,2
TX,458.063296771,290374.878622968,4641318.500490973,1.200000000,1673,7,2
TX,458.142866654,295567.549694422,4645511.975612864,1.200000000,491,12,2
TX,458.202607303,291788.056039688,4642543.609052100,1.200000000,2106,12,2
TX,458.231462067,273684.626273833,4630634.366711649,1.200000000,1566,12,2
TX,458.249327500,293109.611898646,4640734.807562917,1.200000000,2756,12,2
TX,458.356551046,291786.157272043,4642829.684366697,1.200000000,1384,12,2
TX,458.375721985,293898.663577346,4639203.886087894,1.200000000,969,12,2
TX,458.396994753,291209.702892093,4637934.075066217,1.200000000,1603,12,2
TX,458.439483365,292700.456152836,4641828.646305520,1.200000000,1575,12,2
TX,458.464498017,273715.568927614,4630634.090281309,1.200000000,1367,12,2
TX,458.551883924,292327.396817298,4642077.155845520,1.200000000,1037,12,2
TX,458.615778446,289825.173660459,4641398.219400373,1.200000000,18,7,2
TX,458.630322317,289950.976440427,4634408.549382155,1.200000000,1288,12,2
TX,458.705811269,290605.192287180,4641351.660198850,1.200000000,702,7,2
TX,458.791939960,294420.173082647,4644319.507142443,1.200000000,2537,12,2
TX,458.845496033,273665.206613650,4630620.736101354,1.200000000,1002,12,2
TX,458.930467552,291539.762323947,4642323.633296499,1.200000000,2761,12,2
TX,458.940907065,290665.460654726,4641616.024787420,1.200000000,1579,7,2
TX,459.101365260,288186.941017322,4643898.985167060,1.200000000,2250,12,2
TX,459.172350740,290781.338471068,4642282.142601284,1.200000000,2283,10,2
TX,459.192958511,290482.434433256,4641386.855164169,1.200000000,1151,7,2
TX,459.204491382,290463.995103303,4641521.966912496,1.200000000,53,7,2
TX,459.222807883,287274.252972145,4634212.601936704,1.200000000,1452,12,2
TX,459.418840972,290365.381898877,4643395.275347561,1.200000000,123,12,2
TX,459.529836771,290343.383304257,4641359.115196874,1.200000000,2540,7,2
TX,459.579692755,289316.396144131,4634321.404976901,1.200000000,1958,12,2
TX,459.785455974,287399.790371425,4641456.496031428,1.200000000,1198,12,2
TX,459.799917974,273697.798796881,4630624.923898413,1.200000000,2447,12,2
TX,460.007881012,271840.262568423,4630681.770638144,1.200000000,567,12,2
TX,460.091654511,290460.165260594,4643858.428955354,1.200000000,1335,12,2
TX,460.105636485,292876.863728928,4642205.095710664,1.200000000,495,12,2
TX,460.188581565,291094.396962331,4642399.643365185,1.200000000,1642,10,2
TX,460.296758382,290445.003650180,4636556.321782113,1.200000000,1697,12,2
TX,460.320864326,291029.617175173,4642315.316966400,1.200000000,163,11,2
TX,460.420231834,291607.655291092,4641436.049680221,1.200000000,1188,12,2
TX,460.545755573,288077.165309589,4645599.056750538,1.200000000,1648,12,2
TX,460.737025388,291710.628088495,4642126.456836484,1.200000000,1716,12,2
TX,460.741029860,292076.675062167,4642437.137810156,1.200000000,2773,12,2
TX,460.847003513,292757.299193793,4640015.117683167,1.200000000,1678,12,2
TX,461.046715774,290736.434236991,4642905.778544066,1.200000000,136,12,2
TX,461.104625937,291035.875767060,4640439.950837189,1.200000000,2276,8,2
TX,461.246671962,292730.149626752,4641854.529918134,1.200000000,674,12,2
TX,461.330476964,294193.109598039,4643976.031512328,1.200000000,1171,12,2
TX,461.360107504,291434.048316013,4641308.058117636,1.200000000,934,10,2
TX,461.426805680,291537.105343521,4641098.120159113,1.200000000,2639,11,2
TX,461.428635545,282949.274361870,4646356.178184461,1.200000000,1296,12,2
TX,461.465602209,291978.722398994,4643749.675730290,1.200000000,2777,12,2
TX,461.720795486,291476.796712921,4642264.107777405,1.200000000,2457,11,2
TX,461.822625811,292345.976720649,4650783.860044340,1.200000000,1828,12,2
TX,462.087165122,289945.983082257,4634394.264867662,1.200000000,217,12,2
TX,462.117496856,291943.028488130,4643636.791859122,1.200000000,2215,12,2
TX,462.140475093,273657.037724862,4630650.841460102,1.200000000,346,12,2
TX,462.174658904,292110.349081825,4640391.338038304,1.200000000,1429,12,2
TX,462.244227385,294407.866694404,4642699.289135477,1.200000000,1135,10,2
TX,462.248001268,292542.867135375,4642914.153155232,1.200000000,2014,12,2
TX,462.480767772,289682.635982419,4641827.040609985,1.200000000,72,7,2
TX,462.503058729,292702.253129784,4641807.695259480,1.200000000,83,12,2
TX,462.523822607,292562.774077809,4641446.455288806,1.200000000,2594,12,2
TX,462.583140671,290558.380543518,4643201.930696948,1.200000000,2410,12,2
TX,462.668168520,284487.248217866,4640779.032923453,1.200000000,31,12,2
TX,462.675096093,290426.602190464,4640695.707815488,1.200000000,874,7,2
TX,462.782963987,293281.897826271,4644016.203594073,1.200000000,2393,12,2
TX,462.893704942,285610.057556528,4630244.203806451,1.200000000,1430,12,2
TX,462.937586384,290443.088073095,4643410.444776830,1.200000000,2099,12,2
TX,462.962682331,290339.458731895,4641855.486413093,1.200000000,345,7,2
TX,462.992972637,273710.493205560,4630637.573994895,1.200000000,751,12,2
TX,463.011826332,292001.690030107,4641098.133778359,1.200000000,1098,12,2
TX,463.215793996,289886.417281319,4633913.829474207,1.200000000,1756,12,2
TX,463.326721371,286705.030894710,4641704.963066399,1.200000000,1776,12,2
TX,463.443022904,288879.891075564,4640060.552418054,1.200000000,450,8,2
TX,463.625049127,291976.661519268,4643721.316698688,1.200000000,1608,12,2
TX,463.768234266,291112.132374310,4641117.506626035,1.200000000,2588,9,2
TX,463.794851920,289930.409692243,4645971.693522923,1.200000000,786,12,2
TX,463.911036484,289325.811801239,4634317.961569934,1.200000000,65,12,2
TX,464.114603959,291071.019993091,4644039.483175649,1.200000000,2055,12,2
TX,464.370295493,288967.842529931,4642589.374281463,1.200000000,2674,11,2
TX,464.527071687,298089.442868661,4639308.679460557,1.200000000,440,12,2
TX,464.811501608,273688.710531715,4630633.639444208,1.200000000,2235,12,2
TX,464.854405046,290995.586668558,4639044.440242316,1.200000000,70,12,2
TX,465.102388050,291276.271917818,4641927.952012816,1.200000000,2750,9,2
TX,465.174960320,289622.911470501,4642616.215472577,1.200000000,2128,11,2
TX,465.289722980,292000.409968131,4640717.653185266,1.200000000,1402,11,2
TX,465.481447058,286263.901323948,4634557.199790418,1.200000000,215,12,2
TX,465.520390187,273691.039210169,4630700.075509616,1.200000000,2339,12,2
TX,465.560235667,291824.307551005,4642439.828325888,1.200000000,824,12,2
TX,465.873973262,292689.843069113,4638480.568552107,1.200000000,731,12,2
TX,465.962317967,297014.354391998,4643087.152283709,1.200000000,1066,12,2
TX,466.020854480,273702.638913910,4630623.305390953,1.200000000,2654,12,2
TX,466.021118781,289349.148751459,4634304.343293959,1.200000000,124,12,2
TX,466.093077996,289332.236372783,4639784.061452490,1.200000000,409,9,2
TX,466.161485561,290373.799999149,4635099.371607919,1.200000000,892,12,2
TX,466.222798334,291550.698611150,4642075.430660140,1.200000000,36,12,2
TX,466.311563564,273710.980831281,4630622.242624442,1.200000000,256,12,2
TX,466.349039460,290298.650233429,4641968.009376581,1.200000000,2783,8,2
TX,466.454420423,293997.436300530,4645575.624678113,1.200000000,1168,12,2
TX,466.500927806,293680.405249600,4639632.223555709,1.200000000,2134,12,2
TX,466.558780239,291838.444484051,4642550.143701502,1.200000000,2825,12,2
TX,466.856352280,291039.218070833,4640438.060969680,1.200000000,926,9,2
TX,466.909705133,291912.358360163,4642561.943363965,1.200000000,258,12,2
TX,466.929279974,291547.065225656,4641355.120860896,1.200000000,1053,11,2
TX,466.985840274,290131.396587307,4635349.589659209,1.200000000,1622,12,2
TX,467.226618950,295130.661330264,4642705.312627919,1.200000000,1731,9,2
TX,467.252524352,290797.269315592,4641187.419504244,1.200000000,2016,7,2
TX,467.426916534,291070.050720209,4644042.599965679,1.200000000,927,12,2
TX,467.487241186,290501.835115731,4641379.575583341,1.200000000,1688,7,2
TX,467.600146707,291469.998785044,4636440.182228609,1.200000000,2316,12,2
TX,467.634935440,298232.788030568,4639250.818764918,1.200000000,441,12,2
TX,467.703480457,292153.773079839,4640656.457016522,1.200000000,1298,12,2
TX,467.725213297,289791.348296893,4643021.246797796,1.200000000,1619,12,2
TX,467.746727743,290765.517155698,4643873.308572478,1.200000000,1796,12,2
TX,467.817156199,291139.814333756,4642227.802179309,1.200000000,1065,11,2
TX,467.931605918,293421.326232087,4642886.587476110,1.200000000,2615,12,2
TX,468.137097278,271952.697215411,4630592.346978812,1.200000000,652,12,2
TX,468.546529584,294059.098210494,4650278.781470453,1.200000000,2392,12,2
TX,468.562099665,290687.006806372,4641290.102137736,1.200000000,2038,7,2
TX,468.598157022,287867.133651197,4640914.867175965,1.200000000,2513,10,2
TX,468.642778192,299734.237233394,4630042.950825680,1.200000000,2154,12,2
TX,468.701953431,292036.107540614,4654283.876252705,1.200000000,997,12,2
TX,468.750187394,291969.189323938,4642610.857944562,1.200000000,364,12,2
TX,468.752628126,291091.932545985,4643624.243039237,1.200000000,413,12,2
TX,468.819113838,290078.596235495,4641540.044781996,1.200000000,1441,7,2
TX,468.971018839,291850.090449241,4642551.274081036,1.200000000,1844,12,2
TX,468.983327007,294972.058696652,4638362.199352739,1.200000000,1641,12,2
TX,469.354058463,291532.775636107,4641944.657439834,1.200000000,1696,11,2
TX,469.391599048,292692.170267578,4641829.797198300,1.200000000,2329,12,2
TX,469.640820995,290131.087951601,4640809.668198149,1.200000000,1212,7,2
TX,469.754563407,290502.328340400,4639797.448713591,1.200000000,2829,8,2
TX,469.812312440,291820.348898523,4642565.666121137,1.200000000,2795,12,2
TX,469.835679832,292470.132152938,4642253.318055753,1.200000000,1218,12,2
TX,469.905196289,291849.440972136,4642548.043561886,1.200000000,1927,12,2
TX,469.979687892,292524.053615580,4642924.752258236,1.200000000,1156,12,2
TX,470.034928099,291096.596300637,4641966.067890292,1.200000000,1706,10,2
TX,470.069638031,291130.620956446,4641398.891185130,1.200000000,2371,8,2
TX,470.087216145,290676.492884327,4641181.327796243,1.200000000,1493,7,2
TX,470.463711073,292327.775367544,4642042.075777546,1.200000000,2494,12,2
TX,470.630351508,292828.787312370,4641939.917017103,1.200000000,2443,12,2
TX,470.631676025,289814.079974504,4638526.092295513,1.200000000,2542,12,2
TX,470.724951469,291096.423112154,4641965.097323857,1.200000000,2546,10,2
TX,470.875151255,289565.590271391,4641889.214729352,1.200000000,886,7,2
TX,470.924475997,290044.249354647,4642381.558999970,1.200000000,581,11,2
TX,471.025302304,289406.063830907,4645928.952385447,1.200000000,1159,12,2
TX,471.077966676,292112.184712953,4642679.761164846,1.200000000,2600,12,2
TX,471.104362111,273981.188828385,4631237.880643610,1.200000000,872,12,2
TX,471.189711348,292934.610903914,4642968.435826052,1.200000000,1290,12,2
TX,471.254999294,291817.501562718,4641975.711133403,1.200000000,1773,12,2
TX,471.347121507,290442.902282325,4645948.183143061,1.200000000,1464,12,2
TX,471.370991884,291055.724156837,4641980.836372431,1.200000000,234,10,2
TX,471.373452998,291033.931308869,4640536.180767715,1.200000000,1626,7,2
TX,471.486754440,289172.161485379,4642534.417817913,1.200000000,575,10,2
TX,471.535229537,273681.812786849,4630628.254312835,1.200000000,2066,12,2
TX,471.677764045,294461.191604076,4644328.386648101,1.200000000,1748,12,2
TX,471.708837966,271663.195852646,4630292.753700473,1.200000000,1343,12,2
TX,471.725891742,288405.310479166,4641363.661915410,1.200000000,2201,8,2
TX,471.783136785,288609.516228430,4641660.582118026,1.200000000,1203,10,2
TX,471.850813104,275420.309785869,4631474.257914024,1.200000000,1551,12,2
TX,471.876221018,290364.303679946,4641810.163820189,1.200000000,6,7,2
TX,471.883808867,289596.640605612,4637972.186945878,1.200000000,1433,12,2
TX,471.970394951,291662.077081804,4642101.995236284,1.200000000,2035,10,2
TX,472.039491249,293377.170310169,4643874.217651069,1.200000000,2797,12,2
TX,472.172168540,288984.364323321,4642582.678696702,1.200000000,2665,11,2
TX,472.192649411,292272.112670066,4642076.468818271,1.200000000,2026,12,2
TX,472.261847574,289317.814620571,4634331.544931697,1.200000000,220,12,2
TX,472.269432823,291562.075617492,4640966.199241150,1.200000000,1658,10,2
TX,472.274532487,289776.282028546,4643240.402315602,1.200000000,2644,12,2
TX,472.280063792,271844.173345439,4630822.353851777,1.200000000,683,12,2
TX,472.452151565,292541.176643032,4642901.149658892,1.200000000,2514,12,2
TX,472.702759432,291866.315939709,4642562.487863586,1.200000000,2488,12,2
TX,472.766210134,290445.876785452,4645251.546538194,1.200000000,536,12,2
TX,472.836657816,289591.190890643,4643561.366888875,1.200000000,599,12,2
TX,473.033649624,291037.763386458,4641973.133292164,1.200000000,1057,10,2
TX,473.203281630,290469.298264647,4641459.115725853,1.200000000,1489,7,2
TX,473.288464463,291722.276755563,4642159.607668083,1.200000000,1692,12,2
TX,473.450173246,292722.284231776,4641930.571859658,1.200000000,113,12,2
TX,473.473375958,289686.800389753,4641831.346052016,1.200000000,2202,7,2
TX,473.479228156,293074.164573402,4642401.742117404,1.200000000,1686,12,2
TX,473.666076391,291060.816612258,4639066.373112777,1.200000000,1893,12,2
TX,473.731260499,290076.282390756,4641531.602368424,1.200000000,1970,7,2
TX,473.824063318,290738.720034006,4641077.529715436,1.200000000,1144,7,2
TX,473.877390048,289675.998398368,4645640.907901867,1.200000000,2117,12,2
TX,473.952015594,296576.806368740,4642172.572535531,1.200000000,2536,8,2
TX,474.058552709,289343.611746594,4642452.711043056,1.200000000,1775,12,2
TX,474.108385911,291065.592802499,4644028.337726929,1.200000000,925,12,2
TX,474.577657288,290748.568832435,4642455.598208889,1.200000000,742,12,2
TX,474.614944016,271660.210800508,4630655.013051410,1.200000000,1900,12,2
TX,474.713668013,290346.577504733,4641865.293599998,1.200000000,1471,7,2
TX,474.907297375,289319.726991744,4639761.576968395,1.200000000,503,9,2
TX,474.986006903,290272.426634906,4642016.909778388,1.200000000,1039,8,2
TX,475.138860884,290841.479919244,4642322.506790623,1.200000000,1824,10,2
TX,475.190685618,287295.855672395,4641802.415974517,1.200000000,2338,12,2
TX,475.205266808,290623.383213831,4639820.466390569,1.200000000,412,9,2
TX,475.286146059,272082.664905441,4630494.096492046,1.200000000,1617,12,2
TX,475.291866837,290368.921752001,4641452.126680584,1.200000000,1926,7,2
TX,475.299997244,292375.311262017,4642946.083508865,1.200000000,2198,12,2
TX,475.330048978,288867.079036572,4643696.222937272,1.200000000,2009,12,2
TX,475.337802985,292352.228639911,4642015.052760680,1.200000000,1157,12,2
TX,475.355478313,291776.701972910,4642813.352571107,1.200000000,2788,12,2
TX,475.439889393,292020.513509348,4641752.521603992,1.200000000,973,12,2
TX,475.519892154,295093.768671280,4642832.338121962,1.200000000,2390,9,2
TX,475.657085866,288494.634532209,4646571.923027351,1.200000000,1217,12,2
TX,475.733499298,291837.252870764,4641071.267732809,1.200000000,533,11,2
TX,475.923994384,292782.873525378,4642247.550968077,1.200000000,2129,12,2
TX,475.954558571,292096.592669459,4644240.665637089,1.200000000,1424,12,2
TX,476.076965323,294419.466249726,4604532.491513085,1.200000000,1187,12,2
TX,476.387594007,289895.092506747,4639744.175598654,1.200000000,1178,7,2
TX,476.434257413,292183.537662815,4642180.839890095,1.200000000,1209,12,2
TX,476.672815090,291041.642607198,4644019.651963040,1.200000000,1647,12,2
TX,476.833695511,292334.490590684,4642042.614303027,1.200000000,2300,12,2
TX,476.904855202,291152.248790180,4641247.947934201,1.200000000,2135,9,2
TX,476.952038669,284017.172221444,4640219.956745448,1.200000000,1687,12,2
TX,476.964189342,273623.405021276,4630268.210192964,1.200000000,1089,12,2
TX,477.062412464,290078.967069604,4633482.483231270,1.200000000,1051,12,2
TX,477.359292121,273747.422101169,4630627.445640575,1.200000000,1009,12,2
TX,477.374251701,292114.267010931,4642938.773367277,1.200000000,1368,12,2
TX,477.383650142,292319.845662315,4642035.504465559,1.200000000,730,12,2
TX,477.441517628,291027.229951880,4641922.247712154,1.200000000,2377,9,2
TX,477.462493336,287664.368508509,4639755.256064842,1.200000000,1511,12,2
TX,477.648260404,271872.726769236,4630671.516049950,1.200000000,771,12,2
TX,477.695664195,292324.829623648,4644079.153070169,1.200000000,1131,12,2
TX,478.055891343,291421.523926567,4642049.984295072,1.200000000,128,11,2
TX,478.105758341,292006.686795505,4643719.036884637,1.200000000,2626,12,2
TX,478.258264285,292109.678863124,4643205.505876906,1.200000000,2114,12,2
TX,478.271424357,290992.832420152,4639058.922911278,1.200000000,1027,12,2
TX,478.287199743,283781.559230741,4632951.730479958,1.200000000,1197,12,2
TX,478.310981039,292869.744207778,4643751.643657415,1.200000000,2774,12,2
TX,478.379872024,292533.808642775,4642913.090092596,1.200000000,579,12,2
TX,478.776429172,291029.620371573,4640548.746853022,1.200000000,1516,7,2
TX,479.060604951,292830.674861345,4641940.494391843,1.200000000,1277,12,2
TX,479.149842488,292319.788995467,4642042.962705949,1.200000000,1582,12,2
TX,479.177183193,291043.749031398,4643305.950039368,1.200000000,2080,12,2
TX,479.280256095,292434.826890525,4643465.066213621,1.200000000,1736,12,2
TX,479.289631903,290339.046698051,4641870.651955646,1.200000000,2771,7,2
TX,479.306560736,290181.417134404,4640145.838664383,1.200000000,615,7,2
TX,479.417262978,291226.654453790,4642267.771924854,1.200000000,1993,11,2
TX,479.466136380,294659.003435507,4644594.465400677,1.200000000,2408,12,2
TX,479.633215870,273660.781417388,4630678.857622748,1.200000000,1399,12,2
TX,479.661659715,290005.042513385,4644128.295843173,1.200000000,2130,12,2
TX,479.697544960,290787.790589421,4642270.941619968,1.200000000,1653,10,2
TX,480.009218710,291120.940971490,4641148.902606760,1.200000000,2623,9,2
TX,480.037298615,281912.449531706,4632779.051415575,1.200000000,818,12,2
TX,480.138079411,290438.833065652,4640644.017957761,1.200000000,2278,7,2
TX,480.321496193,273716.294707306,4630649.371602889,1.200000000,1862,12,2
TX,480.323989918,290811.042868742,4646253.872461770,1.200000000,1324,12,2
TX,480.436044840,290331.804312886,4640376.369971017,1.200000000,2301,7,2
TX,480.460832230,295147.642410057,4642696.082002501,1.200000000,1734,9,2
TX,480.463373146,306563.254146779,4637314.820690450,1.200000000,1233,12,2
TX,480.541401867,290815.473917336,4638197.591733576,1.200000000,921,12,2
TX,480.567046125,291857.867955569,4642560.919587475,1.200000000,2768,12,2
TX,480.586459382,291946.694294843,4642581.049921768,1.200000000,2763,12,2
TX,480.762914878,291714.126304418,4642757.192461506,1.200000000,472,12,2
TX,480.904418499,291183.687349737,4641325.270749326,1.200000000,199,10,2
TX,480.959545569,292354.554890084,4640593.678643113,1.200000000,1509,12,2
TX,481.005391106,290307.275573559,4642797.095636539,1.200000000,2562,11,2
TX,481.283964269,290063.323184245,4641557.954012020,1.200000000,1225,7,2
TX,481.371461614,286341.138842874,4634558.599369971,1.200000000,1503,12,2
TX,481.451518631,288387.958951791,4642502.873050251,1.200000000,2584,12,2
TX,481.462077577,289101.263167844,4640335.930330676,1.200000000,1682,7,2
TX,481.486608034,292713.187830242,4641822.554589977,1.200000000,1651,12,2
TX,481.533378896,273673.037041474,4630628.673482699,1.200000000,1544,12,2
TX,481.824478016,292753.300120255,4642049.036668153,1.200000000,2048,12,2
TX,481.853598411,290614.279114538,4642304.608526485,1.200000000,2024,9,2
TX,481.980119043,289895.401012128,4642932.170736058,1.200000000,1896,12,2
TX,482.138212043,286849.975381899,4641701.357729830,1.200000000,965,12,2
TX,482.278896646,291984.154291926,4642298.769702805,1.200000000,696,12,2
TX,482.283267453,272575.918582383,4629941.475834798,1.200000000,1351,12,2
TX,482.468540005,291211.635842446,4641398.368272810,1.200000000,815,9,2
TX,483.001780271,286716.318199268,4641714.587019149,1.200000000,1887,12,2
TX,483.021205959,289601.399860841,4645165.745386242,1.200000000,1094,12,2
TX,483.088667704,291952.779980481,4642596.775331647,1.200000000,1147,12,2
TX,483.108567882,291647.685656799,4642292.075212288,1.200000000,1404,12,2
TX,483.232631798,289949.910705435,4634411.308732192,1.200000000,1670,12,2
TX,483.450867390,295102.180278742,4642715.191277552,1.200000000,607,9,2
TX,483.478671869,290860.419762609,4642290.421362377,1.200000000,2836,10,2
TX,483.641038919,292226.721281277,4637129.964299476,1.200000000,2820,12,2
TX,483.809915467,287946.677586115,4632034.444932404,1.200000000,2679,12,2
TX,483.835180446,290129.905517906,4635340.888344719,1.200000000,2611,12,2
TX,484.190677340,292763.853274790,4642046.517974475,1.200000000,1635,12,2
TX,484.259253146,290984.817565963,4642190.424151207,1.200000000,321,10,2
TX,484.308333874,290123.817137606,4640433.489115898,1.200000000,943,7,2
TX,484.612090724,288954.441940520,4641836.621324674,1.200000000,531,9,2
TX,484.802004120,290782.739426222,4642269.700927496,1.200000000,269,10,2
TX,484.983583044,299749.698140301,4630071.780123210,1.200000000,993,12,2
TX,485.070903715,273698.476100765,4630625.884218842,1.200000000,2063,12,2
TX,485.121562163,289890.379424844,4642338.641755564,1.200000000,2847,8,2
TX,485.142116348,299606.435780911,4637206.209187969,1.200000000,2444,12,2
TX,485.240476115,291977.384476279,4643704.580299341,1.200000000,194,12,2
TX,485.311406208,291364.256805898,4642026.885267012,1.200000000,956,11,2
TX,485.585118887,288924.564166676,4644059.620214647,1.200000000,129,12,2
TX,485.864475929,299736.011703228,4630060.110457960,1.200000000,1281,12,2
TX,485.994566210,287834.000537150,4639161.720569230,1.200000000,1444,12,2
TX,486.371851786,290746.132477628,4642891.151957064,1.200000000,329,12,2
TX,486.428532503,291212.060469071,4641298.227467757,1.200000000,519,10,2
TX,486.517769920,290678.136314024,4641308.851283619,1.200000000,2429,7,2
TX,486.628493240,293111.876166633,4642340.095528647,1.200000000,1791,12,2
TX,487.066051389,291935.071402975,4642586.041671690,1.200000000,915,12,2
TX,487.072578590,289942.779417055,4634387.319915721,1.200000000,1683,12,2
TX,487.225808507,284726.093912759,4630158.311568857,1.200000000,684,12,2
TX,487.246810347,292815.385981692,4642782.202599980,1.200000000,474,12,2
TX,487.294351093,287515.619349812,4633238.181048399,1.200000000,1979,12,2
TX,487.438921789,290503.895162177,4635727.442268364,1.200000000,1364,12,2
TX,487.444744326,290612.379185433,4640637.821134396,1.200000000,2000,7,2
TX,487.564385413,289155.807785034,4642529.408734205,1.200000000,1481,10,2
TX,487.577855129,273728.420379516,4630636.623503159,1.200000000,2258,12,2
TX,487.606164880,291993.650764723,4643717.126936696,1.200000000,2165,12,2
TX,487.665047130,279330.282477740,4632552.452009928,1.200000000,975,12,2
TX,487.671215789,291970.120412581,4642598.801899360,1.200000000,2589,12,2
TX,488.431899109,298109.768994685,4643693.811135723,1.200000000,2672,12,2
TX,488.471030353,289835.593448871,4638515.902934139,1.200000000,1184,12,2
TX,488.744596457,291986.033378098,4643724.048308522,1.200000000,458,12,2
TX,488.785397985,290496.865244542,4642149.906057629,1.200000000,1554,8,2
TX,488.902020886,291891.800824895,4642579.226129052,1.200000000,290,12,2
TX,488.925888035,290440.469702731,4641820.869365647,1.200000000,1997,7,2
TX,488.928200069,290692.412783050,4641301.617838834,1.200000000,1359,7,2
TX,488.981576682,293564.139508146,4641475.214279550,1.200000000,1705,12,2
TX,489.014858466,291040.737031125,4641944.137402517,1.200000000,42,9,2
TX,489.020760505,290103.073760241,4642399.092623803,1.200000000,881,9,2
TX,489.021529469,290146.066357715,4643484.219569791,1.200000000,415,12,2
TX,489.141324364,294296.851472894,4644158.784939925,1.200000000,2566,12,2
TX,489.282669377,291111.118503062,4642288.481790083,1.200000000,1047,11,2
TX,489.618003453,288561.062708063,4638350.796172634,1.200000000,4,12,2
TX,489.850029832,290427.136960738,4636288.413255714,1.200000000,434,12,2
TX,489.875023473,291842.679785808,4642545.239473267,1.200000000,908,12,2
TX,489.954915984,288757.354842621,4638534.620422938,1.200000000,816,12,2
TX,490.009705855,286593.306973771,4641697.355939878,1.200000000,1750,12,2
TX,490.053504548,291849.541940027,4642565.479875929,1.200000000,1375,12,2
TX,490.111971547,290473.759526404,4639765.015863201,1.200000000,212,8,2
TX,490.127142441,293907.027744980,4640692.479758221,1.200000000,2385,12,2
TX,490.130928960,288459.482532736,4639659.034030674,1.200000000,1092,12,2
TX,490.410269093,291416.888506863,4641301.694977297,1.200000000,994,10,2
TX,490.416308162,291734.392330774,4642139.874755467,1.200000000,2700,12,2
TX,490.576531579,291826.423247752,4641326.717169151,1.200000000,2159,10,2
TX,490.774286202,289912.340831279,4639754.502655436,1.200000000,2851,7,2
TX,490.894567303,294033.135885237,4640583.414574842,1.200000000,556,11,2
TX,491.079635281,290374.170867475,4635258.412453533,1.200000000,251,12,2
TX,491.088681498,290477.688037839,4640629.126125383,1.200000000,1924,7,2
TX,491.278234654,291064.078285871,4644021.100122677,1.200000000,296,12,2
TX,491.348116275,289951.340679403,4634411.711464414,1.200000000,2305,12,2
TX,491.404808548,293662.088296295,4639718.498537131,1.200000000,1385,12,2
TX,491.432308151,290097.964732556,4640802.564360290,1.200000000,2625,7,3
TX,491.604146906,280719.205854292,4623568.741772180,1.200000000,577,12,2
TX,492.060520129,292532.225001337,4641934.371390950,1.200000000,1569,12,2
TX,492.221476829,292291.388691833,4642311.292273177,1.200000000,902,12,2
TX,492.240581886,291929.610496097,4642583.049837071,1.200000000,2591,12,2
TX,492.400569305,293420.783110535,4640920.277598142,1.200000000,432,12,2
TX,492.635231195,293058.078209428,4641293.876061794,1.200000000,51,12,2
TX,492.794219467,290392.732329236,4645862.415647283,1.200000000,2226,12,2
TX,492.808785575,287904.143717120,4644001.357916937,1.200000000,2844,12,2
TX,492.820255118,291361.648399306,4642022.964665973,1.200000000,862,11,2
TX,493.061517916,291018.523169108,4641989.810305739,1.200000000,2384,10,2
TX,493.326247989,291178.219404536,4642192.633759318,1.200000000,774,11,2
TX,493.401944041,290849.967873901,4642269.778174814,1.200000000,1118,11,2
TX,493.403160780,291694.171681158,4641030.083412396,1.200000000,2120,12,2
TX,493.518483407,293546.667096953,4639933.736948137,1.200000000,1380,12,2
TX,493.601227064,294278.904488520,4639036.574933305,1.200000000,2213,12,2
TX,493.769564148,287421.085203293,4641209.110816695,1.200000000,1921,12,2
TX,493.961857555,293535.799354423,4644009.375270684,1.200000000,2713,12,2
TX,494.498990419,294930.674690009,4644977.763423143,1.200000000,2804,12,2
TX,494.507122145,290880.744677884,4642264.846635140,1.200000000,1145,11,2
TX,494.617855772,290162.841199025,4644292.831280436,1.200000000,2691,12,2
TX,494.675785930,291025.772598319,4641790.342310023,1.200000000,471,8,2
TX,494.816104921,290359.843061501,4642044.840517985,1.200000000,504,10,2
TX,494.831508424,293169.929106643,4643161.450121503,1.200000000,109,12,2
TX,494.843188009,292671.006549211,4643734.458493826,1.200000000,2034,12,2
TX,495.035038270,289881.864555535,4641339.383309754,1.200000000,2714,7,2
TX,495.079316847,286703.265070880,4645130.575194227,1.200000000,2096,12,2
TX,495.139072127,274249.836781853,4630662.514761514,1.200000000,1559,12,2
TX,495.244120262,287350.385970451,4641131.887079584,1.200000000,966,12,2
TX,495.259766739,289825.811393856,4641109.007355139,1.200000000,2273,7,2
TX,495.381371868,292063.771535174,4643663.149376680,1.200000000,464,12,2
TX,495.825903688,290661.607056913,4641301.044738969,1.200000000,694,7,2
TX,496.097149721,289902.628184290,4644403.644555205,1.200000000,828,12,2
TX,496.114640035,289721.134296063,4647154.276119498,1.200000000,2058,12,2
TX,496.174207572,291513.122662830,4644132.890616472,1.200000000,2460,12,2
TX,496.227140146,291245.765122016,4642281.868128286,1.200000000,2352,11,2
TX,496.288219742,293919.831190712,4643728.137871631,1.200000000,1259,12,2
TX,496.299968679,292030.916782677,4645852.203406878,1.200000000,2172,12,2
TX,496.572734608,292666.516047549,4641796.514760201,1.200000000,672,12,2
TX,496.826582829,273721.195994595,4630632.951482450,1.200000000,1062,12,2
TX,497.030880774,290897.357470787,4641302.488822241,1.200000000,1925,8,2
TX,497.309317530,290448.338372898,4644051.059355840,1.200000000,604,12,2
TX,497.413839842,291222.795705781,4642285.478818256,1.200000000,1405,12,2
TX,497.517945233,290476.726800851,4640629.726228995,1.200000000,2412,7,2
TX,497.545827426,289567.930597370,4642018.275825740,1.200000000,1507,8,2
TX,497.709982713,291224.067122496,4640454.649680704,1.200000000,347,8,2
TX,497.738848519,290239.410096892,4640954.617620453,1.200000000,729,7,2
TX,497.911004853,289622.326545223,4635512.287421739,1.200000000,1537,12,2
TX,497.970927557,292848.088708918,4641933.829015674,1.200000000,1293,12,2
TX,498.011559016,291068.677089461,4642069.660131522,1.200000000,164,9,2
TX,498.019443957,290469.162697989,4642838.898172334,1.200000000,2010,12,2
TX,498.065291961,294342.243922993,4642720.643045444,1.200000000,608,10,2
TX,498.207657428,290819.090521733,4642284.107489235,1.200000000,2151,10,2
TX,498.244353712,272819.706283160,4629733.790649939,1.200000000,223,12,2
TX,498.305264161,292292.548133406,4637723.538386387,1.200000000,1869,12,2
TX,498.315725864,273665.145088773,4630641.393054369,1.200000000,356,12,3
TX,498.477687045,288723.064476952,4641778.079415591,1.200000000,1578,9,2
TX,498.545381207,290734.479545594,4642885.656924888,1.200000000,115,12,2
TX,498.699700104,287752.163398820,4645624.121477881,1.200000000,1940,12,2
TX,498.708612459,290581.275705025,4639672.162863319,1.200000000,2603,9,2
TX,498.769034691,293138.499456047,4638900.077322603,1.200000000,2399,12,2
TX,499.031732573,293101.209242491,4643024.169994642,1.200000000,2570,12,2
TX,499.094088432,289669.219729610,4643507.179403702,1.200000000,466,12,2
TX,499.336365852,290610.356242578,4641101.000181217,1.200000000,35,7,2
TX,499.521355520,291681.853945606,4642119.719685725,1.200000000,2180,12,2
TX,499.527524592,289605.530741752,4643536.825453060,1.200000000,1720,12,2
TX,499.587381297,291671.051793977,4642219.933411259,1.200000000,2370,11,2
TX,499.649996371,288186.609536414,4643899.137801794,1.200000000,686,12,2
TX,499.778539588,292706.507193848,4641793.766261247,1.200000000,361,12,2
TX,500.069726345,291042.559325966,4640473.894050084,1.200000000,2046,8,2
TX,500.222820361,290980.773026551,4639063.072573529,1.200000000,2467,12,2
TX,500.359667814,292575.838848260,4641399.076022513,1.200000000,1954,12,2
TX,500.438878295,292083.879240033,4641779.681186114,1.200000000,2813,12,2
TX,500.664427523,292329.207108870,4642049.783565749,1.200000000,385,12,2
TX,500.825582583,291338.476362718,4642015.954381618,1.200000000,2230,10,2
TX,500.908523014,290832.630686085,4639410.656045529,1.200000000,1317,10,2
TX,501.095726507,290350.182310533,4643295.447056615,1.200000000,602,12,2
TX,501.162143552,289109.171766070,4641923.294885566,1.200000000,1600,9,2
TX,501.174093640,291772.219658702,4642633.953697050,1.200000000,1191,12,2
TX,501.390396256,271456.032193107,4630375.983780179,1.200000000,2299,12,2
TX,501.560823163,292331.753569249,4642045.798907602,1.200000000,0,12,2
TX,502.148692393,293302.351298251,4640204.466560990,1.200000000,2205,12,2
TX,502.377651295,291983.955714343,4643710.842813977,1.200000000,193,12,2
TX,502.413653057,292702.096814833,4641831.591432796,1.200000000,776,12,2
TX,502.497262587,289938.966187316,4634390.412690169,1.200000000,1000,12,2
TX,502.665500781,273658.835593173,4630608.014700576,1.200000000,1802,12,2
TX,502.721482193,290660.779561249,4641297.692378241,1.200000000,2572,7,2
TX,502.792280481,291989.297888658,4641739.551232123,1.200000000,522,12,2
TX,502.977685618,273715.408737964,4630645.959998021,1.200000000,759,12,2
TX,503.373612880,292694.912062426,4638478.103621363,1.200000000,376,12,2
TX,503.532090084,293155.331186394,4641043.983026986,1.200000000,270,12,2
TX,503.672116679,273665.153002342,4630676.975736190,1.200000000,1848,12,2
TX,503.814739423,295156.219743165,4642707.615661665,1.200000000,1123,9,2
TX,504.081442293,273706.477005349,4630631.867039468,1.200000000,707,12,2
TX,504.084969449,291850.022032997,4636311.797923702,1.200000000,1965,12,2
TX,504.216174529,257056.438642352,4651457.045908781,1.200000000,2664,12,2
TX,504.397959753,287780.397723781,4643475.777661209,1.200000000,638,12,2
TX,504.463520438,273685.127895289,4630678.333716625,1.200000000,437,12,2
TX,504.469410402,291044.813212782,4631577.301120303,1.200000000,2523,12,2
TX,504.531793895,291450.142463056,4642027.241139222,1.200000000,561,12,2
TX,504.589844020,284835.116730510,4640791.185788178,1.200000000,682,12,2
TX,504.713963139,288879.241871672,4640088.836178638,1.200000000,2799,8,2
TX,504.816413420,291217.385589093,4642297.925789081,1.200000000,547,12,2
TX,504.923089024,289032.663005540,4639034.946180874,1.200000000,2361,11,2
TX,505.002192597,290104.476029509,4644049.448318995,1.200000000,1391,12,2
TX,505.109073090,291263.889720357,4641202.315294896,1.200000000,2077,8,2
TX,505.192859202,291078.572244394,4641961.066865361,1.200000000,78,10,2
TX,505.320897216,292187.940002623,4642168.233863205,1.200000000,2027,12,2
TX,505.342152575,298651.140997665,4639403.270860473,1.200000000,875,12,2
TX,505.365642075,290638.091006959,4646531.005600948,1.200000000,1710,12,2
TX,505.497893272,288587.045005505,4635152.068176976,1.200000000,2661,12,2
TX,505.529531734,290615.872225537,4643035.009158200,1.200000000,838,12,2
TX,505.534063891,292438.773725158,4641856.860770148,1.200000000,1338,12,2
TX,505.602723650,291014.140350617,4641901.097603007,1.200000000,262,9,2
TX,505.603203808,292610.806131608,4642826.028626710,1.200000000,1975,12,2
TX,505.829283526,284808.913405960,4631806.322084148,1.200000000,104,12,2
TX,505.911155641,292001.982329601,4644270.655021343,1.200000000,1022,12,2
TX,505.963239180,288324.030788481,4642926.051400864,1.200000000,1987,12,2
TX,505.989278980,291368.121795786,4638516.521696234,1.200000000,2652,12,2
TX,506.049040841,298671.215258899,4631341.159065393,1.200000000,280,12,2
TX,506.137451679,290584.749543974,4643867.880161672,1.200000000,1214,12,2
TX,506.292668448,290433.677516390,4641820.990040793,1.200000000,2823,7,2
TX,506.416610631,289905.020859968,4640929.574167219,1.200000000,2837,7,2
TX,506.462279237,290327.033477473,4644076.450407949,1.200000000,1114,12,2
TX,506.466638632,292777.835167566,4641973.141096436,1.200000000,2803,12,2
TX,506.523203972,289714.053366986,4639086.659520322,1.200000000,1790,12,2
TX,506.735850382,289318.105486374,4634290.056412490,1.200000000,678,12,2
TX,506.905412632,291023.889228359,4639129.602947502,1.200000000,2812,12,2
TX,507.020274707,292673.125914060,4638711.113164048,1.200000000,2662,12,2
TX,507.052446864,294048.621893221,4642932.200864080,1.200000000,354,12,2
TX,507.150400343,291587.988066864,4640926.776325836,1.200000000,660,10,3
TX,507.314084679,273647.001739598,4630629.152319128,1.200000000,812,12,2
TX,507.326388380,289664.115783374,4643598.271898760,1.200000000,405,12,2
TX,507.403496869,271620.037991770,4630597.569471840,1.200000000,1070,12,2
TX,507.422595825,288362.529074348,4642970.435844321,1.200000000,344,12,2
TX,507.487431519,290598.836452614,4644425.045548787,1.200000000,588,12,2
TX,507.562782544,295144.225029402,4642745.765851785,1.200000000,2115,9,2
TX,507.708096433,273664.131017612,4630691.959316961,1.200000000,1283,12,2
TX,507.713959083,286242.422575528,4640065.322807981,1.200000000,2587,12,2
TX,508.133523413,290349.890155181,4641428.221167019,1.200000000,170,7,2
TX,508.167394043,289998.026676662,4642736.944985938,1.200000000,2637,10,2
TX,508.323236723,286702.291071703,4645116.310254352,1.200000000,1355,12,2
TX,508.385215560,295515.275962184,4645507.830381093,1.200000000,59,12,2
TX,508.547807497,291472.623346713,4642010.041030094,1.200000000,592,12,2
TX,508.558351155,290107.079991007,4640836.837312253,1.200000000,2012,7,2
TX,508.669480525,290210.904380088,4634911.550935480,1.200000000,2297,12,2
TX,508.762915795,290578.246563710,4641060.193768679,1.200000000,2231,7,2
TX,509.071288145,292732.931278896,4642036.268075860,1.200000000,343,12,2
TX,509.099324023,292695.499578392,4641824.130861399,1.200000000,1058,12,2
TX,509.191447257,295389.268761639,4639961.055214088,1.200000000,2095,12,2
TX,509.381727322,288470.021600348,4641451.456037950,1.200000000,2102,10,2
TX,509.392454474,290368.493478913,4641412.313969744,1.200000000,243,7,2
TX,509.445539179,277845.751761901,4632422.334646371,1.200000000,2315,12,2
TX,509.485574939,292325.031152293,4642044.829031253,1.200000000,1728,12,2
TX,509.503285301,291960.631640007,4643700.945601161,1.200000000,2694,12,2
TX,509.519598770,283321.893100144,4632892.373286097,1.200000000,893,12,2
TX,509.598641968,289141.505975885,4642829.621486072,1.200000000,188,12,2
TX,509.623131619,293259.470275598,4640221.727387977,1.200000000,1867,12,2
TX,509.778849796,274479.133794232,4630807.560462125,1.200000000,1752,12,2
TX,509.842673251,290544.959481813,4643181.666151010,1.200000000,306,12,2
TX,509.967828309,292687.399626442,4643698.009171536,1.200000000,2464,12,2
TX,509.999545013,292797.197518638,4642911.209986344,1.200000000,1138,12,2
TX,510.016890058,290668.001547343,4641300.655867810,1.200000000,2785,7,2
TX,510.026105195,293826.498173723,4642863.364721297,1.200000000,2435,12,2
TX,510.026778804,273735.978430582,4630643.770197214,1.200000000,1955,12,2
TX,510.289676598,271916.894704255,4630615.722243926,1.200000000,2320,12,2
TX,510.323241640,290505.073493769,4640467.238671625,1.200000000,153,7,2
TX,510.683205297,292316.726773663,4642035.907353475,1.200000000,823,12,3
TX,510.888061158,293261.641887825,4641004.646613026,1.200000000,2173,12,2
TX,511.099112324,295876.964530986,4642308.042207425,1.200000000,1031,7,2
TX,511.306402390,289714.412581788,4647169.393045441,1.200000000,1685,12,2
TX,511.422803900,289875.757005426,4633763.121481528,1.200000000,725,12,2
TX,511.538742803,290934.858562112,4642874.008124750,1.200000000,1139,12,2
TX,511.648420906,289073.852650819,4637239.969301629,1.200000000,1236,12,2
TX,511.749000793,289755.841690824,4639393.138639352,1.200000000,1894,12,2
TX,511.815422453,273719.415166889,4630688.736935440,1.200000000,1623,12,2
TX,512.014150466,290410.786097508,4640701.039695945,1.200000000,2326,7,2
TX,512.120498952,269749.836393442,4628493.273878188,1.200000000,814,12,2
TX,512.151897163,289944.407651886,4634403.726804297,1.200000000,68,12,2
TX,512.226134219,292675.916695776,4641783.761304342,1.200000000,1662,12,2
TX,512.257315077,290199.983433123,4641229.102487071,1.200000000,333,7,2
TX,512.313468944,291331.373227464,4642211.088936676,1.200000000,2259,12,2
TX,512.385339666,292323.478468724,4642049.454559980,1.200000000,2511,12,2
TX,512.415168265,289292.170273834,4643711.060015040,1.200000000,587,12,2
TX,512.442313141,292415.550867501,4644029.385156507,1.200000000,389,12,2
TX,512.616790225,289008.332537292,4641947.798747746,1.200000000,701,9,2
TX,512.623384132,292009.172445164,4643729.154938255,1.200000000,181,12,2
TX,512.670358507,292817.533967246,4641116.877589133,1.200000000,1715,12,2
TX,512.702010581,290014.752649975,4641536.063296510,1.200000000,863,7,2
TX,512.775139348,289554.435870467,4637771.586281962,1.200000000,2389,12,2
TX,513.008361865,291042.365200454,4640564.889860590,1.200000000,2380,7,2
TX,513.079416203,292497.804633263,4642280.455047281,1.200000000,515,12,2
TX,513.097175833,291376.950367897,4638537.081472409,1.200000000,112,12,2
TX,513.100058205,291681.890154212,4642100.449646835,1.200000000,424,12,2
TX,513.119455562,290419.424536876,4641384.372898356,1.200000000,454,7,2
TX,513.176460326,291995.839124240,4643710.216884748,1.200000000,2507,12,2
TX,513.591260959,288354.778334557,4644242.317211791,1.200000000,2690,12,2
TX,513.624671793,286866.024974048,4641638.673071513,1.200000000,1165,12,2
TX,514.134581760,292066.945637086,4644191.765998784,1.200000000,847,12,2
TX,514.180311059,288866.398571482,4638955.800025812,1.200000000,1370,12,2
TX,514.374154418,290986.261044877,4639057.724782039,1.200000000,1454,12,2
TX,514.527930265,273720.071997520,4630642.387907864,1.200000000,762,12,2
TX,514.557874510,292263.964294467,4643882.791275190,1.200000000,1426,12,2
TX,514.562084251,273671.959145659,4630686.279234980,1.200000000,2285,12,2
TX,514.598048591,291955.432442853,4642603.633291941,1.200000000,736,12,2
TX,514.603566674,293318.475546285,4644267.848912928,1.200000000,2144,12,2
TX,514.610253894,293633.022857576,4645051.681888761,1.200000000,342,12,2
TX,514.620857812,291992.138032041,4643702.313260726,1.200000000,173,12,2
TX,514.694264353,291012.342780698,4641851.117555076,1.200000000,278,9,2
TX,514.879729155,291995.650597320,4643711.208687253,1.200000000,1428,12,2
TX,514.883151863,294378.691653677,4643089.685257051,1.200000000,2367,10,2
TX,514.951097247,292204.027188367,4643561.598247185,1.200000000,2122,12,2
TX,514.981904006,291795.680190827,4642816.522104258,1.200000000,792,12,2
TX,515.445656774,291986.357772496,4643709.005327064,1.200000000,2807,12,2
TX,515.459742731,290804.254699900,4642290.370311354,1.200000000,1798,10,2
TX,515.667339650,295574.078760288,4642542.518498130,1.200000000,648,7,3
TX,515.930467815,290388.094157441,4641407.898544737,1.200000000,1834,7,2
TX,516.133596744,291668.484038041,4642101.293070585,1.200000000,318,12,2
TX,516.309339409,286318.712671046,4644391.280189415,1.200000000,1170,12,2
TX,516.442028050,294414.793868757,4644307.846964656,1.200000000,2614,12,2
TX,516.457477253,289773.413970767,4639518.370680045,1.200000000,1183,10,2
TX,516.479097013,291897.434377113,4642578.620237053,1.200000000,1126,12,2
TX,516.496332143,290214.035838409,4642836.065889317,1.200000000,2195,11,2
TX,516.533157371,291027.481568822,4641955.351657390,1.200000000,2381,10,2
TX,516.569302975,292419.793921662,4639748.886990118,1.200000000,889,12,2
TX,516.732233761,292452.212285292,4641615.789215225,1.200000000,1055,12,2
TX,516.828609375,291989.872530884,4643703.497070070,1.200000000,1242,12,2
TX,517.090987558,299720.773292342,4630015.905536141,1.200000000,787,12,2
TX,517.260035021,273676.041072188,4630626.368896699,1.200000000,1545,12,2
TX,517.283058157,287998.554796868,4638475.521853881,1.200000000,521,12,2
TX,517.317330755,291629.963263509,4642101.764259918,1.200000000,288,10,2
TX,517.382425174,274998.476048287,4630369.484006668,1.200000000,1959,12,2
TX,517.429808508,295480.205443786,4648914.474151469,1.200000000,2677,12,2
TX,517.574668818,290128.669425164,4645293.967236564,1.200000000,1465,12,2
TX,517.796993030,273704.879552606,4630695.004602657,1.200000000,761,12,2
TX,517.956234968,291801.598948536,4640764.552925137,1.200000000,2748,12,2
TX,517.968655977,291060.682453942,4640998.350284889,1.200000000,1577,7,2
TX,518.063030204,290964.836720111,4640761.865386342,1.200000000,1401,8,2
TX,518.218132382,273649.406884509,4630646.540445545,1.200000000,2302,12,2
TX,518.280697707,291071.805705066,4644034.471044085,1.200000000,1314,12,2
TX,518.512629156,291517.053063206,4642447.489477778,1.200000000,1381,12,2
TX,518.557476883,288140.874414779,4642004.573023392,1.200000000,850,12,2
TX,518.656709318,289530.274840796,4641789.948347952,1.200000000,1572,7,2
TX,518.701748817,292555.390815985,4641344.131101892,1.200000000,2790,12,2
TX,518.707137719,291049.769220366,4641205.712263023,1.200000000,1228,8,2
TX,518.883782909,293199.686959405,4640443.646466395,1.200000000,2632,12,2
TX,519.244510811,290474.375609861,4640740.315988167,1.200000000,589,7,2
TX,519.563067040,290404.882417794,4642971.981925096,1.200000000,603,12,2
TX,519.618101177,292686.185849832,4641788.040425351,1.200000000,2631,12,2
TX,519.891864648,290692.336509586,4641288.055624349,1.200000000,2152,7,2
TX,520.037423537,291042.302511722,4641731.968779859,1.200000000,2406,8,2
TX,520.300054962,290322.035505256,4641444.562807127,1.200000000,2534,7,2
TX,520.461492140,295140.362304591,4642715.174123059,1.200000000,1969,9,2
TX,520.490843234,290108.305349297,4641501.238215589,1.200000000,822,7,2
TX,520.671424632,290867.150357034,4641268.690536661,1.200000000,1606,7,2
TX,520.702278143,293243.860347219,4639502.280319197,1.200000000,1881,12,2
TX,520.711807934,290749.222907300,4642884.794898050,1.200000000,1982,12,2
TX,520.962991523,290280.605509220,4640888.496339611,1.200000000,539,7,2
TX,521.072365195,291915.720690431,4642577.323394290,1.200000000,2596,12,2
TX,521.269419671,299748.112725626,4630064.187188917,1.200000000,2260,12,2
TX,521.270605655,271838.661836883,4630217.384429237,1.200000000,447,12,2
TX,521.307937824,290971.625879227,4641974.331338085,1.200000000,2828,8,3
TX,521.560777216,273700.843601983,4630636.084475086,1.200000000,2571,12,2
TX,521.724421634,291381.883549559,4642121.439070545,1.200000000,2830,12,2
TX,521.800045080,291141.313729225,4641229.985688427,1.200000000,1340,9,2
TX,521.917753546,291629.577709234,4638269.843028466,1.200000000,860,12,2
TX,522.126915185,292597.471221909,4641782.658487920,1.200000000,2263,12,2
TX,522.136435505,289220.852435064,4642535.634565283,1.200000000,381,10,2
TX,522.242322888,291763.929931248,4642528.399391885,1.200000000,2473,12,2
TX,522.317244858,290975.054999362,4640778.992734966,1.200000000,1915,8,2
TX,522.386466646,288783.916246367,4639685.649045927,1.200000000,978,11,2
TX,522.413654320,292625.748260555,4639672.515832950,1.200000000,1207,12,2
TX,522.467943968,288395.074281033,4630265.702416840,1.200000000,888,12,2
TX,522.771207177,291870.307045060,4642566.182133237,1.200000000,154,12,2
TX,522.999684776,291016.845691152,4641965.541764122,1.200000000,949,10,2
TX,523.027605120,273679.012680099,4630624.700064487,1.200000000,1211,12,2
TX,523.032728690,288184.656663767,4643901.861108653,1.200000000,1346,12,2
TX,523.339058368,271834.992107471,4630685.201692040,1.200000000,749,12,3
TX,523.384998765,290228.577965871,4642623.790239753,1.200000000,2681,10,2
TX,523.511436406,298904.976774109,4642467.892338242,1.200000000,2810,12,2
TX,523.557053874,291867.965615639,4641651.010236288,1.200000000,436,12,2
TX,523.605520421,291477.617433582,4642053.426915984,1.200000000,1939,12,2
TX,523.664758083,293237.321066016,4639372.262176801,1.200000000,1348,12,2
TX,523.752002403,291109.340502183,4641361.892099640,1.200000000,2543,9,2
TX,524.167022694,291070.956406329,4641639.602654261,1.200000000,12,9,2
TX,524.224861235,290320.999274139,4643349.513732846,1.200000000,2355,12,2
TX,524.292067508,292665.571101535,4641795.800092909,1.200000000,698,12,2
TX,524.430383610,291826.320298202,4642519.614867738,1.200000000,1890,12,3
TX,524.507176317,291026.709251795,4641955.286452136,1.200000000,944,10,3
TX,524.854259341,292691.362836682,4641811.112984691,1.200000000,1331,12,2
TX,524.931687418,273714.669489434,4630619.856782334,1.200000000,2659,12,2
TX,525.197357395,290023.876072308,4639922.901901883,1.200000000,1303,7,2
TX,525.240346963,295141.681528595,4642702.603964914,1.200000000,2675,9,2
TX,525.341329620,292043.549567543,4640498.628944892,1.200000000,1836,12,2
TX,525.393856479,291818.991879523,4642307.373447790,1.200000000,1895,12,2
TX,525.559311911,290607.018340241,4645905.604492100,1.200000000,2727,12,2
TX,525.625325607,291029.270960485,4641779.665023530,1.200000000,1453,8,2
TX,525.707600811,290366.104082084,4641809.635679839,1.200000000,844,7,3
TX,525.799172247,290602.533679419,4641069.522641456,1.200000000,628,7,2
TX,525.801637574,290532.763533939,4642094.921679983,1.200000000,1206,7,2
TX,525.846053628,290801.955544703,4630999.460548203,1.200000000,705,12,2
TX,525.853890833,291822.806219694,4642495.800804020,1.200000000,57,12,2
TX,525.859106090,273561.653126497,4630227.714690107,1.200000000,2136,12,2
TX,525.882682566,291846.209440915,4642462.615930255,1.200000000,1930,12,2
TX,525.964490079,291240.812391761,4642280.903404604,1.200000000,2816,11,2
TX,526.010383843,287900.400836911,4643993.293109000,1.200000000,222,12,2
TX,526.144052668,291226.667678254,4642275.410289442,1.200000000,17,11,2
TX,526.208571066,290681.366362789,4641302.493749518,1.200000000,252,7,2
TX,526.579492685,292362.069621890,4642002.171654188,1.200000000,1398,12,2
TX,526.759183196,287589.256445791,4641427.205199515,1.200000000,2671,12,3
TX,526.947052993,290996.075104449,4641853.668485929,1.200000000,1150,8,2
TX,526.966667186,290748.430277332,4642877.158424742,1.200000000,559,12,2
TX,527.051874972,273696.526970283,4630640.819940601,1.200000000,179,12,3
TX,527.188126235,289349.123872723,4638357.911580267,1.200000000,482,12,2
TX,527.189318901,291146.782104691,4642483.561947936,1.200000000,1043,12,2
TX,527.564321434,291816.337031161,4642872.009194217,1.200000000,176,12,2
TX,527.603594866,290686.893482942,4641314.592804302,1.200000000,1797,7,2
TX,527.608639430,289316.021437024,4640425.106970526,1.200000000,2078,7,2
TX,527.631949962,291125.381707585,4641207.662974696,1.200000000,764,9,2
TX,527.717075762,290634.920976656,4641336.518100905,1.200000000,460,7,2
TX,527.862331690,271614.680304108,4630639.678939428,1.200000000,1951,12,2
TX,527.888238438,289539.185471113,4641822.593798259,1.200000000,668,7,2
TX,527.984285822,291676.692492367,4642789.586296938,1.200000000,2658,12,2
TX,528.179538402,290853.843904789,4642291.839666289,1.200000000,1253,10,2
TX,528.183987214,291053.568253041,4641095.988187233,1.200000000,1677,8,2
TX,528.231106789,291528.241981675,4642171.582023042,1.200000000,11,11,2
TX,528.270215606,293278.596155546,4639501.751918282,1.200000000,1803,12,2
TX,528.587610807,290970.014732892,4641176.521840313,1.200000000,214,8,2
TX,528.709698771,291046.104675972,4644020.681262015,1.200000000,2193,12,2
TX,528.747553431,295106.108086832,4642676.553644889,1.200000000,1302,9,2
TX,528.862590238,283466.692623762,4640328.181933926,1.200000000,1983,12,2
TX,528.949904379,290492.744099931,4640640.424348681,1.200000000,203,7,3
TX,529.066447613,289665.692706607,4642177.272019283,1.200000000,2445,9,2
TX,529.183670334,271819.159244203,4630667.950862192,1.200000000,1856,12,2
TX,529.279622597,291071.386552283,4644038.402505181,1.200000000,1252,12,3
TX,529.284349901,290402.001030443,4641811.649033313,1.200000000,896,7,2
TX,529.310623081,292507.315504350,4642902.819216863,1.200000000,32,12,2
TX,529.377486719,291076.326857228,4641984.479308801,1.200000000,763,10,2
TX,529.450673763,291061.224275381,4644034.270519370,1.200000000,1592,12,2
TX,529.482523971,290354.706789121,4643757.433513514,1.200000000,2610,12,2
TX,529.573777861,291211.749691511,4637660.035016803,1.200000000,858,12,2
TX,529.787687916,287413.484506106,4631027.072695790,1.200000000,1913,12,2
TX,529.968709197,289239.271528697,4642507.170009386,1.200000000,1041,10,2
TX,530.086906264,289317.757541937,4639767.598984617,1.200000000,1718,9,2
TX,530.141284589,273381.483986050,4631307.426803404,1.200000000,2241,12,2
TX,530.189345788,290676.396817591,4641292.988891480,1.200000000,2328,7,2
TX,530.210379582,289294.452225960,4644479.575044310,1.200000000,1523,12,2
TX,530.256584239,290958.159033710,4641334.052519150,1.200000000,2465,8,2
TX,530.384576337,296663.277883752,4646464.163014141,1.200000000,711,12,2
TX,530.432627804,291468.825034716,4641979.215403293,1.200000000,2678,12,2
TX,530.548030796,292717.423151333,4641850.334014135,1.200000000,1956,12,3
TX,530.553595377,289391.902949453,4643944.032690206,1.200000000,2740,12,2
TX,530.611581146,290661.426981714,4641200.337875729,1.200000000,706,7,2
TX,530.666159514,293775.640344028,4643371.867544999,1.200000000,1801,12,2
TX,530.750044074,291693.388593941,4642123.398297085,1.200000000,1738,12,2
TX,530.821821835,293965.240436328,4641591.111832961,1.200000000,2459,12,2
TX,530.848060962,290867.093501544,4642272.705258682,1.200000000,2576,11,2
TX,531.056774385,291012.302559086,4641127.671420869,1.200000000,1508,8,2
TX,531.116084964,294277.617402297,4640808.643255798,1.200000000,1740,10,3
TX,531.136658840,291177.068399056,4641388.265363553,1.200000000,1418,10,2
TX,531.202735191,291875.311271076,4642847.960672557,1.200000000,1488,12,2
TX,531.219540053,290362.387550892,4641839.723341309,1.200000000,2766,7,2
TX,531.390128460,291662.141157658,4630181.169994080,1.200000000,952,12,2
TX,531.408152818,293490.095126375,4639958.654498708,1.200000000,1654,12,2
TX,531.506884605,273700.966554376,4630629.271821935,1.200000000,2845,12,2
TX,531.593158543,288180.484460074,4643898.150721833,1.200000000,1823,12,2
TX,531.624891480,292147.931023082,4637054.291180794,1.200000000,2426,12,2
TX,531.626003418,291172.371304154,4641346.907928767,1.200000000,1819,10,2
TX,531.853392806,291097.527034356,4643457.914059110,1.200000000,1902,12,2
TX,531.866869996,290101.133378866,4642438.901232931,1.200000000,2482,10,2
TX,531.896384698,290566.546489292,4646883.978417233,1.200000000,23,12,3
TX,532.085040597,289340.025310895,4640803.706036065,1.200000000,996,7,2
TX,532.135648575,290357.750404062,4639669.672744026,1.200000000,1855,9,2
TX,532.205025136,289209.262412716,4642520.994193595,1.200000000,864,10,2
TX,532.220892361,290904.395878342,4643988.250213511,1.200000000,2590,12,2
TX,532.243719149,291238.638312022,4641247.764848854,1.200000000,27,8,2
TX,532.269792739,291021.935098949,4640554.432969021,1.200000000,913,7,3
TX,532.375578615,298488.438976118,4643324.956098977,1.200000000,1853,12,2
TX,532.385085325,290434.157323788,4644514.789734151,1.200000000,159,12,2
TX,532.409882575,291674.979702846,4642113.156867376,1.200000000,2463,12,2
TX,532.624874412,290715.755765244,4644586.785947238,1.200000000,961,12,3
TX,532.673652210,292539.076587642,4642921.966667010,1.200000000,2492,12,2
TX,532.808977370,292816.257268767,4641973.930030467,1.200000000,1332,12,2
TX,532.838368970,291186.475995090,4641282.332653390,1.200000000,1500,9,2
TX,533.042921836,291073.164439605,4644038.583048748,1.200000000,2489,12,2
TX,533.076749785,273711.347284112,4630655.186213280,1.200000000,747,12,2
TX,533.102158707,289477.322097426,4641748.714050037,1.200000000,2516,7,2
TX,533.199440500,291135.667023440,4641137.034920329,1.200000000,2708,9,2
TX,533.299779929,292689.771022276,4641822.558337093,1.200000000,1650,12,2
TX,533.392890233,291730.217822362,4642143.167556192,1.200000000,1560,12,2
TX,533.525756544,286786.170504989,4641294.830308062,1.200000000,244,12,2
TX,533.561109095,291845.092982714,4641946.503105397,1.200000000,512,12,2
TX,533.566744338,290086.736321844,4641496.014747403,1.200000000,2253,7,2
TX,533.716506586,291467.500998603,4642257.265141614,1.200000000,827,11,2
TX,533.772926224,289630.370979867,4643599.930817981,1.200000000,1024,12,2
TX,533.830351665,289334.848078398,4634336.835281882,1.200000000,2401,12,2
TX,533.910811419,292460.440748280,4641378.807537802,1.200000000,1879,12,2
TX,533.997915479,290307.495773266,4644593.787343904,1.200000000,404,12,2
TX,534.041518502,290338.609879476,4643739.688010985,1.200000000,1046,12,2
TX,534.050221513,291871.510866825,4644198.190596285,1.200000000,2556,12,2
TX,534.254026035,290279.015793371,4646981.994486690,1.200000000,1882,12,2
TX,534.291504630,291515.048036284,4642066.913412990,1.200000000,2729,12,2
TX,534.325337214,290344.891908487,4643337.695405899,1.200000000,2183,12,2
TX,534.411238110,290378.878308591,4643176.930192650,1.200000000,481,12,2
TX,534.594629889,290425.104468930,4640546.712485022,1.200000000,1319,7,2
TX,534.606575876,290731.065080230,4641504.170677127,1.200000000,636,8,2
TX,534.822906803,290778.478338718,4642291.774164568,1.200000000,268,10,3
TX,534.863365441,289408.569325551,4641456.449916414,1.200000000,79,7,2
TX,534.894817112,290671.122014905,4641304.979112531,1.200000000,147,7,3
TX,534.954121005,291219.588185985,4641280.769287005,1.200000000,647,9,2
TX,535.130432100,292570.409904085,4643865.305032964,1.200000000,177,12,2
TX,535.145749096,291193.817488074,4642335.901842756,1.200000000,2692,12,2
TX,535.243731202,288442.305832388,4639062.398026780,1.200000000,937,12,2
TX,535.358182714,292521.884083871,4642916.807972522,1.200000000,174,12,2
TX,535.383854200,299729.983787325,4630052.802388549,1.200000000,2041,12,2
TX,535.399793222,292734.191837302,4641853.152900839,1.200000000,1684,12,2
TX,535.770183294,289611.606253680,4643583.488659900,1.200000000,2519,12,2
TX,535.894506847,273706.533462295,4630616.182746138,1.200000000,2415,12,2
TX,535.898259672,295613.879637165,4645553.560579696,1.200000000,1933,12,2
TX,535.962661374,287694.141647203,4641434.298656553,1.200000000,391,12,3
TX,535.966371922,291103.518874812,4641358.926333163,1.200000000,266,9,2
TX,535.970928071,291050.336251274,4641987.020588983,1.200000000,2374,10,2
TX,535.984073785,290368.234569454,4640433.709125026,1.200000000,605,7,3
TX,536.065590421,291052.642650357,4641676.175155873,1.200000000,2831,9,2
TX,536.073451107,292689.407478815,4641807.077880925,1.200000000,541,12,2
TX,536.074645581,290599.628814462,4641354.684686927,1.200000000,960,7,2
TX,536.149552460,304432.609351622,4608136.623484316,1.200000000,1146,12,2
TX,536.222079387,292183.692074939,4641891.947340203,1.200000000,654,12,3
TX,536.224761948,273714.319103699,4630636.944182993,1.200000000,2146,12,2
TX,536.376503337,289120.315466467,4642464.945151594,1.200000000,2214,11,2
TX,536.563172839,272713.904139258,4629886.464832208,1.200000000,781,12,2
TX,536.715997897,290368.756190155,4635243.898478407,1.200000000,2243,12,2
TX,536.783599972,291575.262471561,4642183.465659679,1.200000000,130,12,2
TX,536.965251541,290849.602978766,4638370.116557006,1.200000000,1270,12,2
TX,537.000159292,290975.726846918,4641351.772808209,1.200000000,2140,8,2
TX,537.057304104,291028.110631645,4642048.880454456,1.200000000,2685,10,2
TX,537.061803312,292260.405205956,4637931.700645031,1.200000000,1852,12,2
TX,537.194740057,273677.214658416,4630673.591308332,1.200000000,1190,12,2
TX,537.257492438,289916.823337714,4641646.970122037,1.200000000,2379,7,2
TX,537.261066278,272000.139567599,4630566.405936808,1.200000000,986,12,2
TX,537.394612314,292224.527929370,4641367.637569973,1.200000000,1866,12,2
TX,537.429937833,293194.546516616,4642660.278357448,1.200000000,2749,12,2
TX,537.602347613,291235.093901499,4642239.522889547,1.200000000,1173,11,3
TX,537.932360857,273699.337297199,4630622.724691363,1.200000000,2158,12,2
TX,538.131529247,273677.552001570,4630685.149012398,1.200000000,289,12,2
TX,538.135546531,287763.164642601,4639355.078419403,1.200000000,230,12,2
TX,538.272926856,290477.703197687,4640628.740120544,1.200000000,1719,7,2
TX,538.275926191,285532.422234965,4631284.638548984,1.200000000,99,12,2
TX,538.369695552,292700.131663291,4641788.629378542,1.200000000,2629,12,2
TX,538.382371980,290401.580069600,4641396.454118133,1.200000000,880,7,2
TX,538.465046710,289360.949979285,4644466.050146095,1.200000000,2223,12,2
TX,538.612149881,292483.816488772,4641892.226213036,1.200000000,564,12,2
TX,538.863275897,290849.811297444,4641299.183386649,1.200000000,2208,7,2
TX,538.881641913,292285.411654046,4642002.137583630,1.200000000,1519,12,2
TX,538.922593726,295569.446654034,4638266.203077486,1.200000000,530,12,2
TX,539.026505308,289666.780756322,4643492.753650906,1.200000000,1530,12,2
TX,539.249495585,295120.736864203,4642696.700655140,1.200000000,865,9,2
TX,539.655801273,291796.353895818,4642552.635449695,1.200000000,2255,12,2
TX,539.910885121,286698.231291039,4645122.677592913,1.200000000,2143,12,3
TX,540.268443859,291069.246397654,4643996.231507634,1.200000000,510,12,2
TX,540.354691448,290311.696882609,4647126.568711827,1.200000000,1200,12,2
TX,540.434472420,292982.325149382,4641492.550246454,1.200000000,374,12,3
TX,540.609752762,299748.886331090,4630071.688503229,1.200000000,229,12,2
TX,540.680954510,290414.577821008,4641825.566996684,1.200000000,2169,7,2
TX,540.719568468,289716.843345330,4647171.099368732,1.200000000,1972,12,2
TX,540.772721974,290993.769003860,4641196.715688864,1.200000000,2506,8,3
TX,540.872927623,289758.119089645,4644315.683413910,1.200000000,855,12,3
TX,540.988206801,292193.666195746,4639427.158068840,1.200000000,2232,12,2
TX,541.178455907,294468.568928656,4646395.591942964,1.200000000,2737,12,2
TX,541.377464948,291215.581627232,4641300.964946344,1.200000000,2732,10,2
TX,541.413315303,291117.249504235,4641495.144526728,1.200000000,655,9,2
TX,541.428583951,291681.472314271,4642108.358220613,1.200000000,1774,12,2
TX,541.492432484,272591.883569992,4627310.778969468,1.200000000,2157,12,2
TX,541.520520688,291713.213994985,4642131.075536018,1.200000000,2177,12,2
TX,541.579296300,291805.361717697,4642820.261584779,1.200000000,1132,12,2
TX,541.735558538,291014.016625297,4641835.623823128,1.200000000,733,9,2
TX,541.738332867,292288.366271088,4641750.423990748,1.200000000,201,12,2
TX,541.790580544,292714.964525088,4641830.187607142,1.200000000,928,12,2
TX,541.811355668,291764.197492912,4639855.733791493,1.200000000,2527,12,2
TX,541.913665711,290353.868783868,4641814.961897871,1.200000000,1136,7,3
TX,541.950055905,290681.235415332,4641305.539589578,1.200000000,1354,7,2
TX,542.067742784,289651.365505304,4641755.321973893,1.200000000,2680,7,3
TX,542.372296681,291747.918251807,4641677.655286599,1.200000000,2388,11,2
TX,542.451390776,290789.717816887,4642281.126768385,1.200000000,2815,10,2
TX,542.779688168,289678.444799431,4638755.715214558,1.200000000,1470,11,2
TX,542.838502921,290351.149749759,4641818.646530177,1.200000000,843,7,2
TX,542.855292844,290810.079548390,4642279.666854492,1.200000000,664,10,2
TX,542.868517020,292543.285173746,4641958.251070088,1.200000000,1307,12,2
TX,542.877421837,288240.963096872,4634811.219978771,1.200000000,2161,12,3
TX,542.891863539,293524.914855752,4641273.808288281,1.200000000,1407,11,2
TX,542.894323658,286442.214348412,4642214.855952119,1.200000000,1362,12,2
TX,542.939245071,292705.960372210,4642571.555671661,1.200000000,183,12,2
TX,542.981398602,292289.544759819,4641998.669921380,1.200000000,1140,12,2
TX,543.014960362,290998.373809270,4639049.786063671,1.200000000,2190,12,2
TX,543.036757385,291251.943466341,4642290.705783992,1.200000000,39,11,2
TX,543.351021954,294043.439518186,4639859.084685568,1.200000000,1521,12,2
TX,543.423192147,291013.817197124,4639464.108614265,1.200000000,1735,11,2
TX,543.450309957,290663.535427078,4641298.148666168,1.200000000,2420,7,2
TX,543.613551209,294127.321661835,4644964.880386954,1.200000000,2541,12,2
TX,543.732475694,290661.808390373,4641930.578079850,1.200000000,1666,9,2
TX,543.768896319,287816.494665878,4638479.357286438,1.200000000,1742,12,2
TX,544.269730336,292320.105695081,4642052.440192417,1.200000000,2624,12,2
TX,544.333695388,293590.165809193,4639629.641632929,1.200000000,1378,12,2
TX,544.537183610,293072.661407263,4643342.396469631,1.200000000,2368,12,2
TX,544.705702296,291790.911669996,4641620.705560701,1.200000000,1129,12,2
TX,544.719393222,291891.321756154,4642574.587256925,1.200000000,2601,12,2
TX,544.762979517,286726.955723512,4634390.383047529,1.200000000,871,12,2
TX,544.852983394,291041.671988117,4632359.051729713,1.200000000,1199,12,2
TX,544.864103012,290690.525609156,4641318.898809204,1.200000000,768,7,3
TX,544.884338157,295136.863879590,4642723.511932140,1.200000000,1745,9,3
TX,544.978207721,292188.365643923,4641902.127434291,1.200000000,317,12,2
TX,545.022971548,292429.261219182,4639304.125230247,1.200000000,1640,12,2
TX,545.031712077,291795.322782542,4642803.870866995,1.200000000,2111,12,3
TX,545.076871871,294381.705954912,4638934.861503306,1.200000000,2841,12,3
TX,545.200861853,290841.892245043,4642279.093820463,1.200000000,2821,10,2
TX,545.453065874,290343.984787475,4641855.098748026,1.200000000,2081,7,3
TX,545.488246989,273708.292433371,4630645.675097409,1.200000000,1919,12,2
TX,545.567935563,289313.538155140,4634323.899058172,1.200000000,1814,12,2
TX,545.761504280,290375.265135310,4641792.961497375,1.200000000,841,7,2
TX,545.810431029,295607.205969131,4645513.322534914,1.200000000,1101,12,2
TX,545.859055718,291569.643768236,4642079.866614510,1.200000000,1457,10,3
TX,545.902064301,299103.471486293,4631591.736525853,1.200000000,1366,12,2
TX,545.997069580,290347.628508597,4643768.156705308,1.200000000,1442,12,2
TX,546.099751430,291849.512727695,4642562.695939914,1.200000000,2605,12,2
TX,546.115653527,289503.010661254,4643144.839666508,1.200000000,406,12,2
TX,546.135703292,292537.897736243,4642898.890824161,1.200000000,106,12,2
TX,546.386870098,292254.457470571,4638699.666936530,1.200000000,2575,12,2
TX,547.183279044,289491.711967686,4643913.570563478,1.200000000,2550,12,2
TX,547.229292937,292793.374276559,4642177.320631259,1.200000000,445,12,3
TX,547.514887001,290525.049687066,4640854.833087757,1.200000000,2076,7,2
TX,547.549267284,290738.392438930,4642907.859580171,1.200000000,2454,12,2
TX,547.603744513,291987.107795745,4643711.833270773,1.200000000,1784,12,2
TX,547.748358219,292012.935982170,4640708.605657790,1.200000000,1238,11,2
TX,547.756398904,289720.760248926,4647153.301401434,1.200000000,1860,12,2
TX,547.768552840,290097.036878021,4640901.216321956,1.200000000,1466,7,2
TX,547.782306242,283399.107897796,4640367.199416664,1.200000000,195,12,2
TX,547.850691765,287954.400898407,4634530.545966520,1.200000000,801,12,2
TX,548.110566179,291731.373861994,4645034.245906604,1.200000000,2752,12,2
TX,548.197067815,290309.869605964,4641431.091945732,1.200000000,1377,7,2
TX,548.410408609,291855.355692543,4641957.546986414,1.200000000,121,12,2
TX,548.724888655,292630.107125504,4643651.458606110,1.200000000,2224,12,2
TX,548.747822238,294533.883522658,4646535.882255310,1.200000000,867,12,2
TX,548.840478008,289193.465485781,4642164.216858094,1.200000000,277,8,2
TX,548.950300614,298099.633016245,4631646.852207178,1.200000000,1912,12,2
TX,548.963992898,289663.529395133,4643509.572665283,1.200000000,1510,12,3
TX,549.041770029,291726.417066365,4642382.033823171,1.200000000,890,12,2
TX,549.193488239,291428.842269834,4645023.697153959,1.200000000,1435,12,2
TX,549.198249428,290064.964525574,4644519.384966773,1.200000000,1287,12,2
TX,549.319163034,290842.251348517,4642270.341380855,1.200000000,2269,10,2
TX,549.375489141,289584.203886244,4642423.142083121,1.200000000,2364,9,2
TX,549.646445685,290376.870812867,4643860.041992517,1.200000000,2606,12,2
TX,549.678795776,292249.673041521,4641942.545628841,1.200000000,2619,12,3
TX,549.844805221,293661.803515434,4645143.145366755,1.200000000,276,12,2
TX,549.871478042,288340.778779261,4643018.052099327,1.200000000,2221,12,2
TX,549.874680676,291304.184275190,4636530.487733259,1.200000000,2522,12,2
TX,549.915420412,290717.425579377,4641294.453359883,1.200000000,2142,7,2
TX,549.972062972,282724.639142622,4640457.170344408,1.200000000,626,12,2
TX,549.988524536,292400.390753748,4644423.528694022,1.200000000,2164,12,2
TX,550.000196706,291947.433845032,4641707.633063559,1.200000000,271,12,2
TX,550.004087359,289545.680491469,4643530.244039269,1.200000000,778,12,2
TX,550.164120594,292477.893446728,4641519.947236126,1.200000000,2186,12,2
TX,550.306764933,286440.052232856,4631302.982757381,1.200000000,2568,12,2
TX,550.608682455,292182.142745422,4643426.172252594,1.200000000,526,12,3
TX,550.696021686,292205.482344872,4641809.071677006,1.200000000,151,12,2
TX,550.810928462,289887.689303291,4642397.207665673,1.200000000,422,10,2
TX,550.881050654,289692.487162066,4639232.521830731,1.200000000,2003,9,2
TX,550.927210113,293659.333641141,4642612.470720499,1.200000000,2084,11,3
TX,550.972722480,292799.132929631,4642023.396067750,1.200000000,2450,12,2
TX,551.096517493,299759.885476966,4630056.784812008,1.200000000,2359,12,3
TX,551.217534940,291077.328394404,4641594.733328879,1.200000000,1984,9,2
TX,551.243132320,283902.420759156,4632389.449277663,1.200000000,69,12,2
TX,551.297186856,290592.592098741,4638843.319030318,1.200000000,1011,11,2
TX,551.382405566,290212.829507537,4636607.997563330,1.200000000,1182,12,2
TX,551.437728265,301026.394013566,4645332.636516023,1.200000000,114,12,3
TX,551.453254148,290706.046179852,4641290.257674245,1.200000000,755,7,3
TX,551.494425891,290486.480038514,4641365.289524065,1.200000000,947,7,2
TX,551.710754102,291916.471956752,4642576.491649840,1.200000000,836,12,2
TX,551.848780118,292451.451994427,4641940.847011565,1.200000000,299,12,2
TX,552.499786342,291963.002395341,4641090.642243310,1.200000000,398,12,2
TX,552.562304158,289592.026909332,4642928.901956075,1.200000000,1722,12,2
TX,552.595431185,294588.684606002,4645210.828390670,1.200000000,2116,12,2
TX,552.642497225,291988.630091061,4643709.676249390,1.200000000,542,12,2
TX,552.805218259,290757.021002538,4641289.995244208,1.200000000,1763,7,2
TX,552.827574308,288060.293414430,4645677.980306165,1.200000000,2262,12,2
TX,552.947249931,292218.687646129,4643466.971467753,1.200000000,2185,12,2
TX,552.994001588,293011.259197958,4642285.187903044,1.200000000,1294,12,2
TX,553.010675865,287339.306778402,4635385.235373341,1.200000000,25,12,3
TX,553.010903775,293515.366766750,4646026.721531692,1.200000000,1321,12,2
TX,553.358481926,290472.971280130,4630406.693581159,1.200000000,1360,12,2
TX,553.388735284,290547.192616760,4641104.523361680,1.200000000,2508,7,2
TX,553.732028667,271795.553522890,4630657.720946091,1.200000000,160,12,2
TX,553.746578758,273696.951355901,4630640.373152069,1.200000000,1271,12,3
TX,553.804799474,286985.615872516,4639950.335467541,1.200000000,1800,12,2
TX,553.908249479,290778.417345909,4637886.342625781,1.200000000,1723,12,2
TX,553.917683521,289376.342326795,4646913.666413958,1.200000000,2207,12,2
TX,553.953446178,290513.290949345,4641784.394693847,1.200000000,64,8,2
TX,553.979909990,290359.649611407,4641425.143565595,1.200000000,1931,7,2
TX,554.069750709,273714.677258167,4630675.998266441,1.200000000,1883,12,2
TX,554.154921955,294266.575373384,4645214.040923684,1.200000000,2310,12,2
TX,554.173097521,293985.489286109,4640018.817617130,1.200000000,2090,12,2
TX,554.218854748,286706.241351136,4645124.260493702,1.200000000,2676,12,2
TX,554.227888566,293193.987981936,4643707.488095858,1.200000000,2738,12,3
TX,554.311604951,291957.641961638,4642237.485353617,1.200000000,1567,12,3
TX,554.352824108,290335.800658932,4641870.036617734,1.200000000,2470,7,2
TX,554.442552363,273692.191738944,4630634.931063816,1.200000000,1339,12,2
TX,554.455767803,291179.875188775,4641287.878596710,1.200000000,563,10,3
TX,554.614829296,299745.719914005,4630060.897830619,1.200000000,1961,12,2
TX,554.675262480,290717.744455766,4641293.350505144,1.200000000,141,7,2
TX,554.732417658,289995.360007482,4641923.369017733,1.200000000,191,8,3
TX,554.911139844,293449.490318170,4640903.851045768,1.200000000,894,12,2
TX,554.945786498,289986.981902800,4642381.824323235,1.200000000,540,10,2
TX,554.965025730,273731.545975826,4630652.234083308,1.200000000,2498,12,2
TX,554.965089298,273693.630967299,4630646.113610818,1.200000000,2067,12,2
TX,555.027421649,290516.575500718,4644909.984681605,1.200000000,659,12,2
TX,555.090323113,289947.452742914,4634406.017944547,1.200000000,710,12,2
TX,555.094820767,293232.304424769,4641588.575992320,1.200000000,2008,12,2
TX,555.127518023,292231.996699000,4638116.378127115,1.200000000,1210,12,3
TX,555.344664059,289970.240897364,4634455.879596096,1.200000000,1861,12,2
TX,555.537947786,289621.493186251,4643588.783208341,1.200000000,2386,12,2
TX,555.592334563,291668.550247641,4641479.048198325,1.200000000,2493,12,2
TX,555.715183276,291182.275938749,4641314.276188937,1.200000000,89,10,2
TX,555.790915130,291379.816123696,4638531.136273459,1.200000000,94,12,2
TX,555.829956106,290428.798445943,4640509.079486191,1.200000000,2583,7,2
TX,555.854940547,290615.731410770,4642288.178271014,1.200000000,2050,9,3
TX,555.969785713,291999.668136872,4643719.396997410,1.200000000,178,12,3
TX,556.022695778,291871.260839107,4648635.356059389,1.200000000,1832,12,2
TX,556.088515201,273719.946889542,4630654.834792746,1.200000000,166,12,2
TX,556.094235503,290825.142668810,4635865.456874071,1.200000000,1905,12,2
TX,556.288256220,290598.527027404,4640640.850925589,1.200000000,2293,7,2
TX,556.330930581,290366.487398025,4640853.837935052,1.200000000,667,7,2
TX,556.334951545,289744.844212002,4639982.220467431,1.200000000,2395,7,2
TX,556.571646203,293302.180177936,4643355.462822803,1.200000000,985,12,2
TX,556.579064102,293400.068289131,4640416.798634861,1.200000000,765,12,2
TX,556.580989808,293322.499470983,4642696.583049185,1.200000000,695,12,2
TX,556.637876010,291102.922160975,4642352.976804014,1.200000000,2824,12,2
TX,556.655239241,290201.279090843,4641460.741775593,1.200000000,1691,7,2
TX,556.735721868,292766.770244119,4642055.841044877,1.200000000,2452,12,3
TX,556.784501183,291068.520987294,4643447.101202360,1.200000000,260,12,2
TX,556.807457462,295106.518165661,4646738.624632975,1.200000000,851,12,2
TX,556.821709749,295205.678257908,4645339.156354903,1.200000000,328,12,2
TX,556.910357963,292526.828104123,4642893.048164668,1.200000000,1857,12,3
TX,556.921196362,290628.845009991,4641153.100047324,1.200000000,1864,7,3
TX,556.966823123,296510.829533639,4638995.684683315,1.200000000,443,12,3
TX,557.110082945,295075.528831718,4642764.435864075,1.200000000,1349,9,2
TX,557.225095252,286959.977284893,4641228.964212256,1.200000000,2321,12,2
TX,557.249806322,287735.971600626,4634317.732104360,1.200000000,1911,12,3
TX,557.295978409,290971.610476038,4644916.609200215,1.200000000,1555,12,2
TX,557.316111236,288989.212205778,4630693.925492185,1.200000000,295,12,2
TX,557.754475168,290402.555650757,4644247.956426353,1.200000000,1189,12,2
TX,557.853046653,291641.292617664,4642114.082819794,1.200000000,544,10,2
TX,557.910185827,289747.161967146,4638754.926656053,1.200000000,1469,11,3
TX,558.015764075,287032.861112067,4641561.001743806,1.200000000,2225,12,2
TX,558.236698880,286383.834712897,4640684.860513508,1.200000000,1495,12,2
TX,558.385926670,296007.159368445,4649636.927995630,1.200000000,2280,12,2
TX,558.448618363,291856.975286008,4642588.157524235,1.200000000,367,12,2
TX,558.463423552,293847.908171044,4641559.626814011,1.200000000,1400,10,2
TX,558.554968490,292523.483723106,4642911.280058879,1.200000000,2784,12,2
TX,559.015701244,290020.753935337,4634390.017275820,1.200000000,1169,12,2
TX,559.273707714,291015.709722261,4641841.337107061,1.200000000,1778,9,2
TX,559.360567472,292136.615388043,4642977.300055122,1.200000000,2204,12,2
TX,559.509063204,290129.398572223,4640820.152443985,1.200000000,2413,7,3
TX,559.604593569,292243.076242303,4641936.385694704,1.200000000,390,12,2
TX,559.729950777,290407.860467076,4645712.737833725,1.200000000,377,12,2
TX,559.845805375,295782.807196339,4642551.989046815,1.200000000,1030,7,3
TX,560.059828717,290696.958389370,4641299.328203775,1.200000000,1113,7,2
TX,560.082252569,291014.870237234,4640389.754962889,1.200000000,789,9,2
TX,560.128284939,290351.971803031,4643775.582342709,1.200000000,29,12,2
TX,560.405726092,291069.418911710,4641353.371766945,1.200000000,1943,9,3
TX,560.411350389,290927.582597240,4641649.264875874,1.200000000,291,9,3
TX,560.751392871,295760.543602003,4645524.986071748,1.200000000,825,12,3
TX,560.777180733,295120.516873050,4642698.084856936,1.200000000,1074,9,3
TX,560.901868453,290643.836599124,4646627.944312347,1.200000000,1663,12,2
TX,560.918740132,289013.725411089,4641798.698083461,1.200000000,634,9,2
TX,560.927950263,293084.009393709,4640586.156789837,1.200000000,900,12,2
TX,561.207041964,273694.878321515,4630629.238708450,1.200000000,2574,12,2
TX,561.529404846,290273.083254197,4635935.893295730,1.200000000,760,12,2
TX,561.634401957,286704.758901955,4645108.998824655,1.200000000,2398,12,2
TX,561.855890454,291811.649097748,4641413.198239239,1.200000000,2124,12,2
TX,561.937906170,292086.209602580,4637002.315412954,1.200000000,741,12,2
TX,561.988069486,290677.084072486,4641295.917805482,1.200000000,2475,7,2
TX,562.039942609,294065.129464262,4644873.976164095,1.200000000,1133,12,2
TX,562.257787422,291416.805127989,4642040.005998367,1.200000000,1713,11,2
TX,562.286631061,290989.297832285,4642312.255546885,1.200000000,2478,11,2
TX,562.327561466,286907.464954436,4634287.971076122,1.200000000,803,12,2
TX,562.445405823,292781.420397411,4642015.452314411,1.200000000,336,12,2
TX,562.476346108,291357.826028938,4642149.168622243,1.200000000,665,12,3
TX,562.482773939,292735.756188556,4641859.702474605,1.200000000,1680,12,3
TX,562.622482675,292532.657385478,4642917.522727849,1.200000000,2640,12,2
TX,562.779515711,299726.210784995,4630070.662691466,1.200000000,2240,12,2
TX,562.805872877,290627.461427184,4641125.040186478,1.200000000,55,7,2
TX,563.261020250,301103.220567835,4627778.168391772,1.200000000,439,12,2
TX,563.615384446,290455.757985845,4642379.480978644,1.200000000,2345,10,3
TX,563.696025896,292351.382007399,4639798.730357592,1.200000000,1812,12,2
TX,563.745735206,289939.907302793,4634392.598983597,1.200000000,1419,12,3
TX,563.760073969,291758.149992665,4642639.060031345,1.200000000,1443,12,2
TX,563.793061353,290835.510296660,4642273.141312891,1.200000000,1989,10,2
TX,564.002116676,273714.380841525,4630642.722894572,1.200000000,752,12,2
TX,564.093148027,282864.747336205,4632897.247421979,1.200000000,2554,12,2
TX,564.103579820,291942.919869081,4642595.246858217,1.200000000,2684,12,3
TX,564.260962339,290420.882852893,4640522.242760199,1.200000000,2842,7,3
TX,564.363877927,290422.475459334,4645581.159339932,1.200000000,743,12,2
TX,564.437176509,276882.594423067,4632288.518917625,1.200000000,358,12,2
TX,564.519526108,290694.854998894,4641298.508748706,1.200000000,1048,7,2
TX,564.822224030,273741.570014049,4630651.082672107,1.200000000,754,12,3
TX,564.908077619,292347.937725352,4641699.740710296,1.200000000,2105,12,2
TX,564.921843029,290560.313065688,4645906.879551859,1.200000000,21,12,2
TX,564.924522888,289357.153324475,4642628.237476622,1.200000000,833,12,2
TX,565.203690647,289515.700186064,4641766.026955120,1.200000000,1811,7,2
TX,565.217463202,293365.426854787,4642707.848310456,1.200000000,793,12,2
TX,565.232010199,273710.677926950,4630621.718271956,1.200000000,2394,12,2
TX,565.395791042,290485.982409078,4640742.672471893,1.200000000,938,7,3
TX,565.458325762,294832.813089116,4642585.938486923,1.200000000,1130,9,2
TX,565.511245167,291117.207151382,4641129.563916207,1.200000000,524,9,2
TX,565.582586895,289650.732088477,4643502.673139458,1.200000000,1672,12,2
TX,565.695604829,294692.928918696,4636387.746880592,1.200000000,2723,12,3
TX,565.699968811,292221.604045506,4637107.738718865,1.200000000,1552,12,2
TX,565.765508225,291584.817155372,4642099.050186565,1.200000000,1901,10,2
TX,565.821869889,292147.453194052,4640271.515733344,1.200000000,2423,12,3
TX,565.914898996,291556.253376321,4642624.190508191,1.200000000,2593,12,2
TX,566.373232758,292201.846418020,4644138.607803509,1.200000000,48,12,2
TX,566.425163772,290733.772211332,4644517.140752940,1.200000000,2818,12,2
TX,566.499168462,291986.245042947,4643713.796619607,1.200000000,22,12,2
TX,566.538092700,289820.209766798,4638564.307035628,1.200000000,1437,12,2
TX,566.573628133,290958.143863785,4642038.391026854,1.200000000,2126,8,2
TX,566.796502152,272400.788140300,4629647.227785480,1.200000000,2558,12,3
TX,566.876837107,292642.128206741,4642030.495244076,1.200000000,2396,12,2
TX,566.985829573,288996.116209436,4635009.074328052,1.200000000,2500,12,3
TX,567.029604858,289183.854502606,4642514.324523168,1.200000000,1468,10,3
TX,567.071694961,290383.574747565,4641806.291949953,1.200000000,2705,7,3
TX,567.073693944,290532.265193149,4641003.953761959,1.200000000,1712,7,2
TX,567.119479414,286285.794530543,4641681.587770195,1.200000000,1974,12,2
TX,567.168729171,290491.780007881,4642128.359472417,1.200000000,538,8,2
TX,567.361731190,291187.919834882,4641957.488943307,1.200000000,501,10,2
TX,567.390886033,290741.556283722,4642899.093573856,1.200000000,134,12,2
TX,567.411307015,291927.865795875,4641688.851021660,1.200000000,2181,12,2
TX,567.526402395,290799.869777695,4644908.877249422,1.200000000,1694,12,2
TX,567.540046217,293006.411260227,4640271.551377924,1.200000000,378,12,2
TX,567.615356783,291898.451255306,4644162.637849485,1.200000000,511,12,2
TX,567.655964885,291234.310593862,4641285.720816572,1.200000000,1605,9,3
TX,567.667311361,290080.202812300,4641527.304574097,1.200000000,912,7,2
TX,567.689628652,291600.014072649,4640926.129705350,1.200000000,2021,10,3
TX,567.738380046,287438.535954685,4644474.203262166,1.200000000,1830,12,3
TX,567.760603258,289325.754839168,4634331.480282127,1.200000000,1026,12,2
TX,567.977438581,291559.249987770,4641069.693091969,1.200000000,619,10,2
TX,568.142531224,291975.532679378,4643690.055480489,1.200000000,1239,12,2
TX,568.293329845,288715.839535077,4643443.663187403,1.200000000,1005,12,3
TX,568.433583709,290474.508348039,4640625.673674919,1.200000000,411,7,2
TX,568.482437489,290960.864133418,4640777.720312010,1.200000000,1793,8,2
TX,568.518681388,292535.930630765,4641938.889711689,1.200000000,2796,12,3
TX,569.061032165,290969.147406573,4641195.299975175,1.200000000,1208,8,2
TX,569.143930083,297569.188786933,4643637.805331390,1.200000000,338,12,3
TX,569.248320395,290650.689159916,4642717.073069149,1.200000000,67,10,2
TX,569.327108165,290616.730282962,4642921.687722676,1.200000000,451,12,3
TX,569.338112688,290213.609966363,4644698.496146716,1.200000000,1390,12,2
TX,569.400155745,291198.774265444,4641309.130004300,1.200000000,239,10,2
TX,569.563030503,289394.484478379,4640142.906914684,1.200000000,2597,7,2
TX,569.671140315,282231.941333291,4637288.481680165,1.200000000,2233,12,3
TX,569.963096867,290418.090176668,4642047.451127269,1.200000000,832,10,2
TX,569.973380384,291247.587993414,4641275.711095387,1.200000000,233,8,2
TX,570.022643919,287562.950396840,4641337.741142325,1.200000000,455,12,2
TX,570.068837078,289889.098277484,4633910.786887921,1.200000000,1757,12,2
TX,570.460297613,291859.276004265,4642560.498748259,1.200000000,845,12,3
TX,570.581642587,291956.268155520,4642591.076705588,1.200000000,257,12,3
TX,570.584125824,289948.423740314,4634400.515593048,1.200000000,1350,12,2
TX,570.786084134,290873.027157915,4642267.460391093,1.200000000,2726,11,2
TX,570.871191306,290321.835418127,4640414.088544837,1.200000000,1111,7,2
TX,570.890907527,290347.641943476,4640377.260806587,1.200000000,221,7,3
TX,570.966853871,291767.336078386,4642766.054648660,1.200000000,469,12,2
TX,570.986302041,271819.051194814,4630686.060100273,1.200000000,250,12,3
TX,571.013920648,287291.768964916,4650731.199539326,1.200000000,734,12,2
TX,571.018175311,291223.024783357,4641387.264632003,1.200000000,2431,10,2
TX,571.193327784,292341.731069840,4642032.620380892,1.200000000,273,12,2
TX,571.216076997,274341.884568034,4630726.672383576,1.200000000,1245,12,3
TX,571.220614440,291128.610233314,4641203.461370673,1.200000000,2007,9,3
TX,571.344931827,297676.233349002,4636719.969606325,1.200000000,66,12,3
TX,571.347285622,290413.178473092,4641830.949486275,1.200000000,842,7,3
TX,571.386064720,293359.723852700,4640084.409554756,1.200000000,2059,12,2
TX,571.537734637,290359.750525518,4641405.695971875,1.200000000,2786,7,2
TX,571.582243014,289014.516615721,4641589.361228989,1.200000000,2,8,3
TX,571.715408942,273710.611165660,4630612.390733095,1.200000000,1077,12,2
TX,572.533443867,292722.392204931,4641939.327970204,1.200000000,1668,12,2
TX,572.538806009,290160.392841760,4636729.562076430,1.200000000,800,12,2
TX,572.545359087,291156.045778230,4644480.219994298,1.200000000,1096,12,3
TX,572.608587792,289901.661133367,4633909.305328400,1.200000000,1753,12,2
TX,572.809116347,280205.566737643,4632618.060901674,1.200000000,493,12,2
TX,572.858606822,290926.171715668,4642103.084995417,1.200000000,2762,9,3
TX,573.091174592,290324.203913652,4641527.813724419,1.200000000,1659,7,2
TX,573.129404283,294358.733981675,4645164.837367593,1.200000000,1945,12,2
TX,573.454992228,291154.079069464,4642398.348903746,1.200000000,16,12,2
TX,573.670320778,294630.624513837,4643023.272818958,1.200000000,2123,12,3
TX,573.740465531,291733.317596290,4642150.153582809,1.200000000,2698,12,3
TX,573.792471018,289880.072637231,4642360.059804287,1.200000000,685,8,2
TX,573.833524959,289638.209057488,4641754.820047055,1.200000000,149,7,2
TX,574.042381821,290364.579547123,4641791.683527449,1.200000000,2491,7,2
TX,574.186970091,271932.907554054,4630631.621951172,1.200000000,1627,12,2
TX,574.290512371,289861.314301485,4645792.009878471,1.200000000,1795,12,2
TX,574.356236140,299728.605885690,4630068.953765068,1.200000000,1671,12,2
TX,574.504295594,286703.463529819,4645130.372134494,1.200000000,383,12,2
TX,574.613299107,290079.128188922,4640924.140351791,1.200000000,1438,7,3
TX,574.633900560,292661.811911211,4643736.348329505,1.200000000,2219,12,2
TX,574.758766320,295407.568250806,4640751.833351042,1.200000000,534,7,2
TX,574.933172337,292709.640039488,4641838.449802592,1.200000000,1679,12,2
TX,574.936689152,292840.378051372,4641925.884575796,1.200000000,2448,12,3
TX,575.141680559,289306.262841785,4639775.052945051,1.200000000,513,9,2
TX,575.183657604,291610.348536247,4642125.428549127,1.200000000,2758,10,2
TX,575.328877277,288492.323539433,4643510.492217164,1.200000000,565,12,2
TX,575.396967414,292337.085465209,4642040.228843454,1.200000000,662,12,2
TX,575.455946592,292978.389375379,4644179.607348164,1.200000000,2043,12,3
TX,575.468554193,292676.540911219,4641806.418664613,1.200000000,1389,12,3
TX,575.488624281,291526.207691641,4644031.110058742,1.200000000,275,12,3
TX,575.520374007,273712.435601769,4630612.166164436,1.200000000,1072,12,3
TX,575.601585578,289602.237578939,4641950.147996943,1.200000000,2838,8,2
TX,575.665615124,290300.863169794,4642224.131817116,1.200000000,1929,9,2
TX,575.841781559,290827.051470717,4641486.849425578,1.200000000,248,8,2
TX,575.870978931,283554.743030376,4633993.627981051,1.200000000,2375,12,2
TX,575.903341745,291858.938648408,4642565.138245014,1.200000000,366,12,2
TX,576.439090232,290825.017256933,4644432.742611462,1.200000000,1700,12,2
TX,576.585623980,290765.527210434,4642280.178274213,1.200000000,2578,10,3
TX,576.644826293,291658.149184404,4642106.247312595,1.200000000,854,10,2
TX,576.692065654,289315.148398302,4639759.316000189,1.200000000,687,9,2
TX,576.947352137,288087.597159554,4640611.645404255,1.200000000,829,12,2
TX,577.076443402,291280.292052085,4642267.729660743,1.200000000,2811,12,2
TX,577.179819436,288984.853979894,4639970.294405896,1.200000000,1102,8,3
TX,577.222997633,292111.105240865,4643633.447841174,1.200000000,1219,12,3
TX,577.284336152,290512.395118483,4642175.326532186,1.200000000,282,9,2
TX,577.294855122,291231.371712329,4642251.248020997,1.200000000,2087,11,3
TX,577.354489751,292667.425010627,4650868.117732214,1.200000000,293,12,2
TX,577.447670806,291999.877295635,4644015.727893779,1.200000000,1996,12,2
TX,577.551964427,293750.679148108,4640460.716394673,1.200000000,704,12,2
TX,577.613765045,288177.882666998,4643890.690714799,1.200000000,737,12,2
TX,577.665218481,289610.367102469,4643479.794922182,1.200000000,1580,12,2
TX,577.682698745,291523.344606209,4643840.608519983,1.200000000,2462,12,3
TX,577.978641549,290475.919027997,4640620.975429830,1.200000000,1813,7,2
TX,578.095349986,299747.068438753,4630069.607946482,1.200000000,227,12,3
TX,578.154531839,291170.828145583,4641315.257625321,1.200000000,2650,10,2
TX,578.211748065,290555.131044056,4646866.015999538,1.200000000,1835,12,2
TX,578.328955799,291021.996362091,4641976.450789916,1.200000000,2760,10,2
TX,578.330158985,292353.782866730,4641669.266981849,1.200000000,1937,12,3
TX,578.528778464,291034.781906350,4641931.503308556,1.200000000,2843,9,2
TX,578.544428070,291692.517332961,4642160.027199212,1.200000000,1050,12,2
TX,578.608893343,291728.397992470,4642823.790688557,1.200000000,1594,12,3
TX,578.818716544,289912.447309133,4642966.363987136,1.200000000,820,11,3
TX,578.846016960,291228.328563592,4640400.171487760,1.200000000,208,9,3
TX,578.950192666,291005.924663416,4639105.108687901,1.200000000,879,12,3
TX,578.998641240,271938.192213622,4630635.987713628,1.200000000,1846,12,3
TX,579.106728731,290301.279092689,4643370.324250412,1.200000000,1561,12,3
TX,579.280618741,290670.964854430,4641306.603395286,1.200000000,1112,7,3
TX,579.317493454,290755.195638806,4641505.582994403,1.200000000,2351,8,2
TX,579.328119676,291818.006344591,4642526.767691930,1.200000000,618,12,2
TX,579.370278072,291921.942257472,4642579.981816611,1.200000000,1149,12,3
TX,579.386752902,299735.165159684,4630053.701679776,1.200000000,2236,12,2
TX,579.480435307,273715.214573685,4630682.926653213,1.200000000,680,12,2
TX,579.588914464,287931.876206186,4643322.279412325,1.200000000,555,12,2
TX,579.646843932,287751.043814343,4637277.605852377,1.200000000,2720,12,2
TX,579.651293055,294066.781820571,4646943.419067167,1.200000000,2178,12,2
TX,579.720812510,291673.796769115,4636644.833461646,1.200000000,1109,12,3
TX,580.018208140,287511.787517720,4636976.948676009,1.200000000,49,12,2
TX,580.175127757,290755.338945910,4642283.352305884,1.200000000,15,10,2
TX,580.185746157,288503.705673508,4642828.190135580,1.200000000,449,12,2
TX,580.221043456,290653.355520317,4641331.021515924,1.200000000,1107,7,2
TX,580.328451365,292115.017594968,4642621.962911380,1.200000000,910,12,2
TX,580.333412977,292722.957461918,4641815.167701302,1.200000000,1083,12,2
TX,580.432577199,293976.235218174,4640972.414072558,1.200000000,2715,12,2
TX,580.457617337,273141.874358715,4630857.688080964,1.200000000,1272,12,3
TX,580.568502107,291016.832034557,4641954.056074232,1.200000000,1707,10,2
TX,580.728179935,292051.064713756,4643679.736602544,1.200000000,182,12,2
TX,580.800710550,288148.254728801,4649079.278227692,1.200000000,1533,12,3
TX,580.901928612,286696.106595869,4645146.726819948,1.200000000,2256,12,2
TX,580.941343838,273687.217300351,4630629.855511536,1.200000000,554,12,2
TX,581.255588799,294091.178421784,4643375.766496949,1.200000000,585,12,3
TX,581.279453821,290997.233021758,4641898.595467594,1.200000000,118,8,2
TX,581.907182926,290109.950990088,4640882.191020221,1.200000000,1142,7,3
TX,581.989036277,293553.314109797,4641311.690556695,1.200000000,1403,12,2
TX,582.115939202,291249.785855882,4641278.639333389,1.200000000,2538,8,2
TX,582.213459175,290315.501619820,4637057.539885381,1.200000000,693,12,3
TX,582.237296277,291179.152961802,4641312.848816649,1.200000000,2734,10,2
TX,582.243929979,291011.238390675,4642046.228667852,1.200000000,2015,10,2
TX,582.442856375,288267.679255576,4630345.496478394,1.200000000,2295,12,2
TX,582.486910989,291076.247832918,4641979.088724973,1.200000000,71,10,2
TX,582.549111551,289296.198322434,4639775.621320088,1.200000000,407,9,2
TX,582.594757520,291060.961136202,4640989.138685170,1.200000000,355,7,2
TX,582.670041750,273629.027096645,4630272.195189413,1.200000000,987,12,2
TX,582.713610499,292146.922556879,4642208.930298314,1.200000000,1292,12,3
TX,582.913232367,287146.678745906,4641145.365751309,1.200000000,810,12,3
TX,582.942207272,292202.381745587,4643414.133325703,1.200000000,1232,12,2
TX,582.984899372,294062.406916645,4641079.721284842,1.200000000,606,11,2
TX,583.100830651,291587.401750709,4641058.726565624,1.200000000,2497,10,3
TX,583.174939558,290729.961151546,4641298.208383919,1.200000000,1922,7,3
TX,583.259674798,281987.814123955,4632786.935534624,1.200000000,663,12,3
TX,583.271413620,292069.578502743,4640502.507548046,1.200000000,2209,12,2
TX,583.290037433,290757.116054820,4642880.428575669,1.200000000,1312,12,2
TX,583.447776538,291825.187312396,4642539.678502241,1.200000000,425,12,2
TX,583.523776546,290052.190377482,4642389.546523704,1.200000000,1369,9,2
TX,583.601062916,289680.858404329,4643496.955641869,1.200000000,1513,12,2
TX,584.258652957,291235.633064897,4641253.699855268,1.200000000,1248,8,2
TX,584.315965715,288249.750870476,4644958.426218139,1.200000000,2703,12,2
TX,584.451996340,273678.566084338,4630624.920057622,1.200000000,757,12,3
TX,584.518434390,290349.613811937,4641817.505967050,1.200000000,2819,7,2
TX,584.677526960,290698.150738123,4641296.378868532,1.200000000,146,7,2
TX,584.819705103,290510.394862313,4642100.692862351,1.200000000,2403,7,3
TX,584.830083179,288325.234595757,4644315.859084800,1.200000000,964,12,3
TX,584.932524854,286944.598297416,4625194.325725596,1.200000000,2313,12,3
TX,585.019777137,291245.160687242,4641241.996296419,1.200000000,2206,8,2
TX,585.346351873,291666.076878074,4642113.679000746,1.200000000,2432,12,3
TX,585.371131395,273714.512333509,4630660.748429295,1.200000000,1973,12,3
TX,585.385927223,288005.767711954,4645960.817011363,1.200000000,1075,12,2
TX,585.473415820,290622.062007201,4641338.276635978,1.200000000,1730,7,2
TX,585.476494077,290450.284652313,4642023.443600629,1.200000000,2509,10,2
TX,585.527472951,290036.378019747,4639949.407841643,1.200000000,646,7,2
TX,585.762903395,290149.136053429,4643336.430966075,1.200000000,298,12,3
TX,585.794259317,271924.309578287,4630612.497730899,1.200000000,1546,12,2
TX,585.907221298,290378.495951346,4641454.548444563,1.200000000,96,7,3
TX,585.967048242,291955.206600373,4640742.469820499,1.200000000,1590,12,2
TX,586.157656336,290360.995810479,4641328.444148630,1.200000000,834,7,3
TX,586.514750647,290095.963744575,4640905.340955527,1.200000000,1971,7,2
TX,586.867716644,290771.189863201,4641522.044813891,1.200000000,119,8,2
TX,586.894470423,292692.255383367,4643738.944958807,1.200000000,1158,12,2
TX,586.942938744,291188.204637114,4641321.642038353,1.200000000,2704,10,3
TX,587.006874049,292656.424548756,4641811.673145588,1.200000000,1957,12,2
TX,587.132307970,295425.757012896,4645652.832744032,1.200000000,1597,12,2
TX,587.375122075,293833.893467229,4639953.580473698,1.200000000,2688,11,2
TX,587.473253488,285805.822648389,4645038.353744026,1.200000000,2054,12,3
TX,587.478867094,292333.527024630,4642043.573526409,1.200000000,320,12,2
TX,587.550737165,290737.160062558,4642897.146936288,1.200000000,1990,12,2
TX,587.577848773,290903.408483155,4641302.425097384,1.200000000,2592,8,3
TX,587.774539419,291016.087409583,4644024.153345500,1.200000000,1254,12,3
TX,587.884978998,273703.345304301,4630622.781802204,1.200000000,1374,12,2
TX,587.897942696,289074.495732296,4632247.036600866,1.200000000,1492,12,2
TX,587.926987347,291687.849607395,4642077.474780947,1.200000000,197,12,3
TX,587.982284329,290267.242650983,4642034.762626414,1.200000000,950,8,3
TX,588.054195016,291510.432147741,4641971.898642205,1.200000000,2673,12,3
TX,588.192797634,289328.318972944,4639751.731496280,1.200000000,60,9,2
TX,588.230678379,291297.370679407,4641987.647728425,1.200000000,1014,11,2
TX,588.234831674,290971.948355130,4641333.060353657,1.200000000,1108,8,2
TX,588.435942810,288489.674193241,4642624.603919075,1.200000000,2456,12,3
TX,588.545089019,288192.792835720,4643901.283551062,1.200000000,1769,12,2
TX,588.816975295,293274.951351326,4640267.253490244,1.200000000,941,12,2
TX,588.889397633,292844.728075993,4641922.596856927,1.200000000,936,12,2
TX,588.912872129,292697.547778522,4640963.377527183,1.200000000,2696,12,3
TX,588.927226335,290610.205471580,4639781.150091563,1.200000000,2480,9,2
TX,588.965708922,291754.393162541,4642392.648967221,1.200000000,2433,12,3
TX,589.701714222,281676.066789112,4632759.574045737,1.200000000,1843,12,2
TX,589.765602712,290668.585305140,4641309.568167086,1.200000000,2425,7,3
TX,589.766950840,290483.083191569,4641434.052889347,1.200000000,101,7,2
TX,589.789886009,290725.887196451,4642247.917496332,1.200000000,10,10,2
TX,589.802711816,293272.718379378,4639457.259519539,1.200000000,1436,12,2
TX,590.002313075,290493.407176762,4643859.784494999,1.200000000,2092,12,2
TX,590.019387206,273666.632638876,4630630.748323509,1.200000000,806,12,2
TX,590.045225030,291675.746930661,4642096.493490484,1.200000000,2358,12,2
TX,590.095995949,271666.628322534,4630626.728947891,1.200000000,1618,12,2
TX,590.356603242,293955.055549520,4629972.309539294,1.200000000,1949,12,2
TX,590.556425508,290630.212046038,4640856.890331164,1.200000000,1372,7,2
TX,590.694750283,290381.741014091,4640469.508867589,1.200000000,2047,7,2
TX,590.769180379,301418.683661611,4642761.915593037,1.200000000,856,12,2
TX,590.795488710,287568.244346388,4634292.966178553,1.200000000,2306,12,3
TX,590.855446308,290412.756187362,4641804.421651759,1.200000000,1459,7,3
TX,590.949380709,293312.671287896,4644273.004550155,1.200000000,403,12,3
TX,590.974399802,291055.412116598,4641687.926290275,1.200000000,5,9,3
TX,591.032436228,290742.504239597,4640483.022814432,1.200000000,2212,7,3
TX,591.047637579,290459.324019901,4640651.262550918,1.200000000,1826,7,2
TX,591.175282630,290344.004330763,4646214.456778393,1.200000000,955,12,3
TX,591.234526491,273669.140729990,4630624.752841755,1.200000000,804,12,2
TX,591.248769430,290884.940022756,4641343.323553987,1.200000000,2006,7,3
TX,591.630779536,290787.766878082,4638020.024941113,1.200000000,138,12,2
TX,591.641569854,291872.832415791,4640519.712109053,1.200000000,300,12,3
TX,591.694883474,290602.844665786,4636924.030852338,1.200000000,1261,12,2
TX,591.810295326,291221.979054322,4640408.081035682,1.200000000,2693,8,2
TX,592.032453425,289963.106248470,4634415.042377063,1.200000000,2781,12,2
TX,592.103164963,288773.280510547,4642915.154847142,1.200000000,38,12,2
TX,592.165606753,292696.753856116,4643703.110737615,1.200000000,2402,12,3
TX,592.431135777,289455.693429706,4645839.688331732,1.200000000,2282,12,3
TX,592.491150866,290366.282898679,4641797.139958187,1.200000000,1462,7,2
TX,592.523113152,290524.739901396,4642898.920004161,1.200000000,2397,12,3
TX,592.524121173,290487.612208353,4642306.291140148,1.200000000,2357,10,3
TX,592.534619348,293920.315355935,4642304.527806931,1.200000000,1304,11,2
TX,592.593022416,291992.732577050,4642871.172772723,1.200000000,2598,12,3
TX,592.635755274,292784.081478459,4642768.356268472,1.200000000,2191,12,2
TX,592.641103711,290359.012975057,4646161.850072974,1.200000000,2814,12,3
TX,592.827686863,291014.500942549,4639051.629498087,1.200000000,506,12,2
TX,592.888353111,290325.057931780,4636243.748710371,1.200000000,2754,12,2
TX,592.896696273,273673.134153374,4630695.878491778,1.200000000,2337,12,2
TX,593.066994250,292091.729000677,4643164.630190522,1.200000000,1128,12,3
TX,593.473039925,271810.537480738,4630653.838823481,1.200000000,598,12,3
TX,593.494007388,273674.582724106,4630615.658982324,1.200000000,465,12,2
TX,593.523629273,290612.961801170,4642308.286886290,1.200000000,1482,9,3
TX,593.676086144,283696.004720641,4628193.466614785,1.200000000,453,12,3
TX,593.897669220,273700.250217628,4630647.206751613,1.200000000,2670,12,3
TX,594.102319327,275056.295482716,4631208.456840346,1.200000000,1628,12,2
TX,594.162838339,288185.471495219,4643721.494139100,1.200000000,1241,12,2
TX,594.227371615,291612.762304687,4640987.681477526,1.200000000,2486,10,2
TX,594.381527459,295018.726870053,4644547.325662343,1.200000000,370,12,2
TX,594.386304085,287713.454415854,4642098.072481533,1.200000000,308,12,3
TX,594.387898013,290094.389988731,4642710.441347010,1.200000000,2414,11,2
TX,594.690535241,291020.947416705,4644023.333298062,1.200000000,2607,12,2
TX,595.005029063,292859.436113049,4641268.000808234,1.200000000,2834,12,3
TX,595.014783361,290801.791516187,4642136.420442306,1.200000000,2113,10,2
TX,595.103734737,290752.739696226,4642885.278639339,1.200000000,1985,12,3
TX,595.153665438,290255.737879839,4642061.914615360,1.200000000,643,8,3
TX,595.212408199,291945.622151186,4642585.218722150,1.200000000,263,12,2
TX,595.333567153,291881.577119314,4641646.251858945,1.200000000,483,12,3
TX,595.393333431,292180.128631637,4640516.488638692,1.200000000,1923,12,2
TX,595.537427755,298969.815167824,4630916.555710201,1.200000000,1172,12,3
TX,595.558086882,295115.103296134,4642714.765692074,1.200000000,1804,9,2
TX,595.560385923,291203.846837744,4643233.323780259,1.200000000,748,12,3
TX,595.592466397,290441.394703939,4640691.354947831,1.200000000,1825,7,2
TX,595.646201872,296646.250879870,4646077.768008773,1.200000000,427,12,3
TX,595.698829406,290736.747899888,4642882.425003292,1.200000000,408,12,3
TX,595.819910445,289317.883471161,4639767.726118288,1.200000000,1871,9,2
TX,595.926662157,290261.988502522,4636403.841329987,1.200000000,2308,12,2
TX,595.974980093,291023.901635143,4641950.391444560,1.200000000,1721,10,3
TX,596.475105137,291843.387948686,4642459.678715008,1.200000000,2741,12,2
TX,596.771142910,290496.476498621,4640886.327931391,1.200000000,798,7,2
TX,596.780511841,291379.965747129,4642687.738902241,1.200000000,1025,12,3
TX,596.832539202,290049.791424300,4641522.109664978,1.200000000,2559,7,3
TX,596.965667692,290257.700727357,4642815.381200824,1.200000000,745,11,3
TX,597.039150653,286183.361259444,4640639.207303221,1.200000000,2484,12,3
TX,597.078163569,291242.196268348,4642285.554870575,1.200000000,2354,11,2
TX,597.214449804,288380.745269518,4637282.111207895,1.200000000,2036,12,2
TX,597.495427741,287065.096403734,4634230.237118516,1.200000000,1968,12,3
TX,597.539671968,291843.941760023,4642486.171249886,1.200000000,543,12,3
TX,597.550596262,288402.814223984,4642361.483420847,1.200000000,2846,12,2
TX,597.986694521,293037.367876638,4642601.057634608,1.200000000,1234,12,3
TX,598.272304946,291807.238447641,4642476.871581287,1.200000000,1110,12,3
TX,598.281660075,291177.428788627,4641327.261047950,1.200000000,2247,10,3
TX,598.474963773,256252.401884746,4651845.327516531,1.200000000,2044,12,3
TX,598.550279404,290559.470989426,4641971.617333443,1.200000000,2119,8,2
TX,598.577363050,292526.537740581,4642917.775400408,1.200000000,1086,12,2
TX,598.580656890,271825.139391665,4630653.271047077,1.200000000,2530,12,3
TX,598.660595554,291998.747088669,4643706.356187110,1.200000000,633,12,3
TX,598.665212597,291728.849354105,4642787.774869594,1.200000000,857,12,2
TX,598.686146468,291863.619691652,4642559.401202653,1.200000000,1897,12,2
TX,598.704513786,292456.720478297,4643733.276162564,1.200000000,1637,12,3
TX,598.725198615,291826.293839313,4642562.715605493,1.200000000,529,12,3
TX,599.013212380,290504.335899991,4639803.954459143,1.200000000,2736,8,2
TX,599.048782645,291928.150614866,4642571.896947736,1.200000000,131,12,3
TX,599.063199100,290819.914778214,4641300.916358248,1.200000000,245,7,2
TX,599.184562688,289196.729512523,4642837.828330362,1.200000000,2794,12,3
TX,599.203106322,290677.653277165,4641302.345109137,1.200000000,785,7,3
TX,599.302402320,291995.566118488,4642599.655896014,1.200000000,584,12,2
TX,599.331981711,291813.052505518,4640473.951978989,1.200000000,2057,12,3
TX,599.334069892,295450.394049710,4637006.176240108,1.200000000,1049,12,2
TX,599.426138841,271809.272905105,4630670.157893504,1.200000000,2318,12,2
TX,599.441636978,293244.825928839,4637512.045486965,1.200000000,1263,12,3
TX,599.453206508,291261.732204072,4642794.008959597,1.200000000,2327,12,2
TX,599.480368838,291612.621344486,4644626.082805638,1.200000000,2620,12,3
TX,599.623135555,291853.066826615,4642564.409316305,1.200000000,887,12,2
TX,599.637432596,290852.255178259,4642315.244323684,1.200000000,984,10,2
TX,599.798857610,291677.413875142,4640040.787831025,1.200000000,297,12,2
TX,599.899436496,291736.489582471,4641700.260738505,1.200000000,1327,11,3
TX,600.010301594,288104.353355125,4646268.846436871,1.200000000,1275,12,2
TX,600.059614794,304756.284070103,4637765.286773522,1.200000000,372,12,3
TX,600.069607076,291326.073227204,4639867.396892590,1.200000000,1553,11,3
TX,600.229726061,290727.315238447,4642301.642212245,1.200000000,1593,10,2
TX,600.416072211,272690.755557132,4629998.423182546,1.200000000,2311,12,3
TX,600.478409230,292664.632630197,4643676.422408632,1.200000000,2633,12,3
TX,600.625875273,290988.166060725,4641869.132630345,1.200000000,1777,8,2
TX,600.642152767,292771.936224446,4641300.526097087,1.200000000,1226,12,2
TX,600.801717920,291535.681142265,4641547.611798724,1.200000000,791,10,3
TX,600.869693446,298198.261006840,4639263.719215986,1.200000000,430,12,3
TX,600.888745152,290159.117390407,4635333.657714343,1.200000000,720,12,2
TX,600.900058573,290482.318378355,4642808.554358321,1.200000000,2341,12,2
TX,600.971555035,290115.701457960,4641493.147942015,1.200000000,1305,7,2
TX,601.203987503,288913.897694037,4643701.295458727,1.200000000,1344,12,2
TX,601.267886015,289665.555906327,4643511.394726330,1.200000000,1174,12,3
TX,601.473826117,290568.378344072,4642266.963611398,1.200000000,1117,10,2
TX,601.474065845,290478.980790904,4640625.491321579,1.200000000,629,7,2
TX,601.489549828,290646.822813705,4641336.107110898,1.200000000,808,7,2
TX,601.504656885,290838.902613599,4642286.811693078,1.200000000,2517,10,2
TX,601.614566638,273684.933283481,4630631.888209062,1.200000000,1858,12,2
TX,601.678853385,289552.893422660,4645529.073076217,1.200000000,386,12,2
TX,601.897982029,290381.619776221,4644444.641323293,1.200000000,323,12,3
TX,601.903234519,289931.797735751,4641823.646674885,1.200000000,1164,7,3
TX,601.934117324,292540.618046227,4652065.042985857,1.200000000,24,12,2
TX,602.013221533,291226.748206576,4642283.128473761,1.200000000,1365,11,3
TX,602.526163603,293882.230020065,4640690.780731758,1.200000000,2525,12,3
TX,602.642301161,289799.407255957,4638771.313664983,1.200000000,2166,12,3
TX,602.671225473,291081.922733950,4639320.436402170,1.200000000,142,11,3
TX,603.030357969,290253.324757573,4642799.424231385,1.200000000,1532,11,3
TX,603.118787890,291914.335152789,4642578.640479077,1.200000000,1013,12,3
TX,603.776092469,292070.266636631,4640504.078520707,1.200000000,1771,12,3
TX,603.795477758,302011.703916870,4643753.050661365,1.200000000,1361,12,2
TX,603.973230910,290495.976231844,4640878.210711841,1.200000000,1474,7,2
TX,604.277113429,289156.327434529,4642649.384025741,1.200000000,1815,11,3
TX,604.286647912,291123.987280481,4644030.060603582,1.200000000,171,12,2
TX,604.291154372,292123.378698150,4641373.620418973,1.200000000,2108,12,2
TX,604.343346239,291304.809300692,4642009.411264595,1.200000000,1163,11,2
TX,604.412005368,292180.866589018,4639484.934245346,1.200000000,2417,12,3
TX,604.456154620,292183.350637292,4640648.952645364,1.200000000,1910,12,3
TX,604.618312220,289196.948696062,4642529.781862034,1.200000000,1695,10,3
TX,604.675113206,291251.047033516,4641265.154957864,1.200000000,242,8,3
TX,604.697700542,288348.439690816,4642968.487524954,1.200000000,1240,12,2
TX,604.762522720,289453.569692566,4646087.393180097,1.200000000,286,12,3
TX,604.964425362,291022.623196707,4640555.704942100,1.200000000,870,7,3
TX,605.123405841,287653.330013791,4643103.737807888,1.200000000,1938,12,2
TX,605.633584126,290874.969661707,4642319.003455321,1.200000000,2645,10,3
TX,605.703456194,293804.137075031,4639844.231731138,1.200000000,2022,12,3
TX,605.809756102,290405.157438287,4641821.391551764,1.200000000,1759,7,2
TX,606.138525692,290351.955273857,4641795.322513841,1.200000000,616,7,2
TX,606.175773021,291946.787312846,4640713.797976130,1.200000000,1733,12,3
TX,606.225623893,292981.516434369,4644206.093009246,1.200000000,1928,12,2
TX,606.293500545,289771.022586920,4640401.723524700,1.200000000,1992,7,3
TX,606.306900256,290641.941605923,4646633.472415076,1.200000000,1829,12,3
TX,606.457601498,291776.276197199,4642395.437638951,1.200000000,523,12,2
TX,606.527522206,293701.808493869,4645183.348565161,1.200000000,2373,12,3
TX,606.674974134,291713.543694017,4642164.636669111,1.200000000,988,12,3
TX,606.717799344,291126.398934193,4640495.263007712,1.200000000,167,7,3
TX,606.906989952,291047.740015380,4641975.383046318,1.200000000,2222,10,2
TX,607.179977675,291941.474505843,4642611.982822942,1.200000000,2769,12,3
TX,607.314924959,292507.090831618,4642715.105657166,1.200000000,782,12,3
TX,607.403108083,291029.952472084,4641774.603978926,1.200000000,609,8,3
TX,607.412209140,294009.853560072,4639852.744975456,1.200000000,2827,12,2
TX,607.539737752,290348.713112256,4640606.982245703,1.200000000,835,7,3
TX,607.611531321,291071.088496119,4644038.159077124,1.200000000,2595,12,2
TX,607.662930185,291639.216993954,4641058.865080684,1.200000000,1903,10,3
TX,607.692526519,291124.885632617,4639049.888385219,1.200000000,962,12,3
TX,607.759540595,279006.513645925,4632523.479441841,1.200000000,873,12,3
TX,607.909926284,294288.188291574,4642029.026666680,1.200000000,1486,10,2
TX,608.044796706,291131.917692205,4641367.899936614,1.200000000,1562,10,2
TX,608.099755856,289567.688037760,4642049.649667652,1.200000000,281,9,3
TX,608.338017757,291830.600732727,4642556.660472783,1.200000000,2518,12,2
TX,608.355811122,288412.207620324,4641391.126955071,1.200000000,1689,8,3
TX,608.470030570,294389.402556526,4639381.751753354,1.200000000,1153,12,3
TX,608.663456133,291841.707912990,4642494.397287935,1.200000000,272,12,3
TX,608.840387045,293322.388794988,4644292.946636260,1.200000000,885,12,2
TX,608.896840699,291237.646755052,4638755.035277294,1.200000000,1888,12,2
TX,608.909708033,292768.066014238,4642148.345395680,1.200000000,728,12,3
TX,609.409232357,289525.643927902,4641684.422233573,1.200000000,645,7,2
TX,609.454289467,286747.508757238,4640933.669149935,1.200000000,2586,12,2
TX,609.477479185,291023.704905946,4640596.303642156,1.200000000,7,7,3
TX,609.499627890,291161.600588067,4641961.089951272,1.200000000,1877,10,2
TX,609.611620876,291471.503909916,4642050.661908889,1.200000000,1703,12,2
TX,609.921140807,283037.661552094,4634003.272523225,1.200000000,2564,12,2
TX,610.001567745,292725.481725962,4642062.325005169,1.200000000,946,12,2
TX,610.039371779,293602.004200718,4643438.423643203,1.200000000,942,12,3
TX,610.204746605,291981.185374454,4642322.264647765,1.200000000,723,12,2
TX,610.289870617,293908.974619305,4636778.450351474,1.200000000,2832,12,3
TX,610.660585454,291026.581238061,4641750.966744817,1.200000000,1906,8,3
TX,610.889486610,271876.362518318,4630682.030192344,1.200000000,574,12,3
TX,610.897817004,292326.722391689,4637630.600946830,1.200000000,2138,12,3
TX,611.088425126,281652.755081683,4632757.662656865,1.200000000,1598,12,3
TX,611.096911367,292103.694934879,4640656.133213043,1.200000000,1406,12,3
TX,611.213280878,290783.993501056,4637974.585325015,1.200000000,54,12,3
TX,611.346431308,290485.283067100,4640631.766884577,1.200000000,2237,7,2
TX,611.372601237,290597.686801445,4642297.097441184,1.200000000,2787,9,3
TX,611.788517735,294972.652478917,4642712.073161974,1.200000000,1299,8,3
TX,611.852112671,284550.313330732,4628998.140255232,1.200000000,2663,12,3
TX,611.938825336,291226.607055683,4642273.120688017,1.200000000,1870,11,3
TX,612.569571174,291239.945856816,4641289.967199801,1.200000000,528,9,3
TX,612.592626228,289839.936891555,4638713.146545332,1.200000000,1809,12,3
TX,612.958361586,292319.258439288,4642049.267851501,1.200000000,1152,12,3
TX,613.063193389,288720.177064809,4641755.331665632,1.200000000,2002,9,2
TX,613.082617660,289675.215163173,4638771.989042994,1.200000000,1646,11,2
TX,613.100005313,292346.141242710,4637355.301495983,1.200000000,1161,12,3
TX,613.111274684,292556.749158310,4642586.924400451,1.200000000,1584,12,3
TX,613.221539475,285110.823842398,4636260.744439178,1.200000000,1917,12,3
TX,613.287777597,289773.521360223,4643228.628367347,1.200000000,470,12,2
TX,613.584963173,273721.137222922,4630640.438243879,1.200000000,1550,12,3
TX,613.646576393,289516.384958624,4648113.857727721,1.200000000,2630,12,3
TX,613.763297688,291107.353755942,4641357.859777556,1.200000000,568,9,3
TX,613.916965937,292694.345980243,4638402.418796366,1.200000000,658,12,3
TX,613.982064967,291240.674461020,4639658.504783284,1.200000000,1416,10,3
TX,614.025651371,293522.591999689,4607454.737003904,1.200000000,1186,12,3
TX,614.064374762,292102.421036540,4642682.821914267,1.200000000,2779,12,3
TX,614.211151737,290332.659792901,4640364.705163328,1.200000000,2577,7,2
TX,614.416834956,294230.921822768,4642758.655653424,1.200000000,2440,10,3
TX,614.520267599,273667.261299659,4630624.801772574,1.200000000,351,12,3
TX,614.581872732,291924.899999608,4642582.296610869,1.200000000,623,12,3
TX,614.602612093,278705.120345888,4632479.857946514,1.200000000,676,12,2
TX,614.611743244,291857.758108219,4642559.536086139,1.200000000,58,12,3
TX,614.658169448,273667.884405396,4630708.653689777,1.200000000,572,12,3
TX,614.666624433,273444.298384117,4631065.373762541,1.200000000,2850,12,2
TX,614.772822403,292315.515299015,4642057.740825868,1.200000000,155,12,3
TX,614.844178833,295137.350354312,4642697.541592828,1.200000000,2075,9,3
TX,615.113277062,291588.272278342,4642745.520686503,1.200000000,677,12,2
TX,615.183822834,290390.679694615,4643138.626703629,1.200000000,1341,12,3
TX,615.257359347,290767.285985760,4642932.945914304,1.200000000,2309,12,3
TX,615.314932776,289932.587923953,4642823.937272464,1.200000000,1143,11,3
TX,615.459892650,289752.732105608,4635266.577112340,1.200000000,699,12,3
TX,615.573206280,290675.195691985,4641318.102215288,1.200000000,935,7,3
TX,615.616663882,287883.615574441,4641554.228272061,1.200000000,3,11,3
TX,615.685895441,285957.357486732,4641392.319313061,1.200000000,2646,12,2
TX,615.855047877,273706.655746068,4630624.991920589,1.200000000,2565,12,3
TX,615.897518183,286944.713953350,4634267.915631333,1.200000000,2699,12,2
TX,615.996905127,294348.783105891,4639394.814905335,1.200000000,1799,12,2
TX,616.418833699,295255.459614130,4642626.089303966,1.200000000,1737,7,2
TX,616.429298841,295111.551170300,4645242.126332196,1.200000000,1962,12,2
TX,616.437935253,291250.406205358,4642280.266089322,1.200000000,2833,11,3
TX,616.451818471,299748.650825752,4630069.949043574,1.200000000,1295,12,3
TX,616.535992014,289878.470232698,4641695.388721248,1.200000000,2270,7,2
TX,616.590964304,288950.572449282,4642967.423381412,1.200000000,1434,12,3
TX,617.047015111,294318.934522291,4643118.713799825,1.200000000,1336,10,3
TX,617.082667247,288826.397865470,4639873.443027859,1.200000000,600,9,3
TX,617.082863850,297247.095976276,4640945.185463539,1.200000000,2200,10,3
TX,617.220432326,288899.033834616,4643009.620674603,1.200000000,1889,12,3
TX,617.577154950,291503.088999728,4639834.928989375,1.200000000,644,12,2
TX,617.585871252,292299.526683944,4642307.370626065,1.200000000,2083,12,3
TX,617.620542804,278139.376713217,4632442.440159031,1.200000000,1624,12,3
TX,617.661089944,293228.821230013,4639444.064804561,1.200000000,1524,12,3
TX,617.858939410,289875.156085088,4641677.874319769,1.200000000,766,7,3
TX,617.860681564,288106.312562070,4634541.496812869,1.200000000,2479,12,3
TX,617.947400724,293699.571410518,4645353.558792818,1.200000000,2544,12,3
TX,618.128619229,290687.246978799,4641301.886004773,1.200000000,1522,7,2
TX,618.188503828,289660.937176139,4643504.595858833,1.200000000,1258,12,2
TX,618.682744885,290239.488541866,4646709.106672137,1.200000000,2733,12,3
TX,618.766569170,285262.121000907,4631729.872628450,1.200000000,773,12,3
TX,618.837173465,291241.048288629,4642288.801028669,1.200000000,1012,11,2
TX,618.895312195,273553.582213516,4630954.735631649,1.200000000,1257,12,2
TX,618.933608665,271592.964252439,4630602.843997033,1.200000000,550,12,3
TX,619.096452696,292021.550416099,4644039.849516928,1.200000000,613,12,2
TX,619.219269935,290088.132461733,4642387.143263647,1.200000000,2245,9,3
TX,619.403261564,289880.557651789,4635528.099238189,1.200000000,1591,12,3
TX,619.541614921,289992.792675489,4639889.199615953,1.200000000,1264,7,3
TX,619.574524935,292682.849870545,4641799.402736533,1.200000000,784,12,3
TX,619.732585639,290111.200769806,4641604.793356920,1.200000000,477,7,3
TX,619.847790758,292771.628360109,4640805.027154292,1.200000000,1821,12,3
TX,619.928272212,290888.143197239,4635953.465404265,1.200000000,1630,12,2
TX,619.983661510,289733.235599000,4641858.472631277,1.200000000,1052,7,3
TX,619.987276404,293633.256916269,4641381.037555649,1.200000000,2409,11,2
TX,620.173821220,294839.011620593,4647340.587331052,1.200000000,631,12,3
TX,620.241411110,273705.707620208,4630618.494984671,1.200000000,1069,12,3
TX,620.324546320,290612.387152464,4642304.387926572,1.200000000,314,9,3
TX,620.336329902,291144.847804335,4642481.231257778,1.200000000,1599,12,3
TX,620.387637291,290076.606002868,4645127.331618367,1.200000000,1875,12,3
TX,620.448661337,284332.449133076,4645356.027284348,1.200000000,287,12,2
TX,620.474918927,290352.003269071,4641361.210679080,1.200000000,906,7,3
TX,620.602852058,287574.070227765,4641419.191276040,1.200000000,1141,12,2
TX,620.938289508,292239.758633880,4638024.119058292,1.200000000,2427,12,3
TX,620.988344169,273692.277598468,4630642.786913628,1.200000000,1262,12,2
TX,621.069784292,292474.765224689,4641894.420227377,1.200000000,2187,12,2
TX,621.217115593,295143.790983767,4642764.742666837,1.200000000,2805,9,2
TX,621.415731325,291237.734195872,4642280.679828351,1.200000000,1657,11,3
TX,621.488283845,290596.944538663,4643874.426602908,1.200000000,1099,12,3
TX,621.514579424,291879.647862594,4641643.461174020,1.200000000,601,12,2
TX,621.708709491,288267.815461254,4634987.884043957,1.200000000,869,12,3
TX,621.845238365,290849.944225248,4642272.427177273,1.200000000,135,11,3
TX,621.862759848,271796.155107823,4630708.646827630,1.200000000,1542,12,3
TX,621.864616965,291753.351219103,4642828.566458271,1.200000000,1019,12,3
TX,621.967513820,291211.433636281,4641984.692680936,1.200000000,1480,10,2
TX,622.120855217,292194.215432823,4642162.821458797,1.200000000,1625,12,3
TX,622.760321193,294595.866154220,4644043.543889390,1.200000000,2383,12,2
TX,622.850137350,288187.978031388,4643902.455762377,1.200000000,2239,12,2
TX,623.230889419,290641.836030790,4641981.393526901,1.200000000,953,9,2
TX,623.417599335,292318.516290933,4641965.189531214,1.200000000,2189,12,2
TX,623.419601144,294171.725613612,4642023.582156766,1.200000000,1724,10,3
TX,623.540979503,292967.251923120,4643954.768920438,1.200000000,697,12,3
TX,623.651850929,277870.917095438,4640537.271114733,1.200000000,1690,12,3
TX,623.678772321,289610.911553764,4643501.851781864,1.200000000,2088,12,3
TX,623.756920507,293209.336803744,4644182.766675386,1.200000000,2840,12,3
TX,623.757134919,291028.649409793,4641934.720051274,1.200000000,1231,9,2
TX,623.773338896,295147.719185336,4642689.801565755,1.200000000,1300,9,3
TX,623.985408737,273717.589753674,4630649.879158197,1.200000000,1636,12,3
TX,624.014350916,273690.888731566,4630641.209946078,1.200000000,1914,12,3
TX,624.127486479,291675.914240392,4641476.531521079,1.200000000,1831,12,2
TX,624.210247975,291397.978900220,4641355.013404165,1.200000000,1382,10,2
TX,624.565783738,291142.473288186,4641254.735430859,1.200000000,2728,9,3
TX,624.620663777,292137.214921534,4640647.464438658,1.200000000,420,12,2
TX,624.793027325,295139.068094159,4642732.228151075,1.200000000,392,9,3
TX,624.898587175,291681.841184624,4642820.656035172,1.200000000,1629,12,3
TX,624.919201098,291046.665579459,4641102.380592878,1.200000000,157,8,3
TX,625.028280964,293205.994366444,4641020.379444924,1.200000000,1986,12,3
TX,625.082687400,284612.552888723,4640562.726492045,1.200000000,1859,12,3
TX,625.249652969,292745.678010890,4641890.662159696,1.200000000,903,12,2
TX,625.330317367,292254.848894370,4638752.057168695,1.200000000,2216,12,3
TX,625.486393443,290601.135702989,4641343.073236342,1.200000000,1088,7,3
TX,625.528036995,291856.573150447,4642553.595487188,1.200000000,735,12,3
TX,625.530833092,292287.250708009,4642033.700473089,1.200000000,727,12,3
TX,625.633310412,292236.086123100,4642261.745480609,1.200000000,2839,12,3
TX,625.822454711,273622.777742635,4630725.026438087,1.200000000,811,12,3
TX,625.918585366,290349.133500631,4641812.068269976,1.200000000,595,7,2
TX,626.198336650,290739.738225218,4642889.164792385,1.200000000,2284,12,2
TX,626.415237262,293858.201566030,4643752.941939048,1.200000000,1394,12,2
TX,626.415978474,292135.338060517,4637040.636926842,1.200000000,2618,12,2
TX,626.707791083,273670.046584286,4630620.274439960,1.200000000,349,12,3
TX,626.886094451,289679.436784512,4642085.632062655,1.200000000,991,9,3
TX,627.035184613,290281.793599255,4640039.800766586,1.200000000,1588,7,2
TX,627.048961146,289197.078484877,4642511.124832305,1.200000000,259,10,3
TX,627.307227661,292293.391021713,4637640.688924256,1.200000000,2608,12,3
TX,627.484970852,290816.018807297,4638208.016273774,1.200000000,231,12,3
TX,627.554576032,283819.283615560,4632947.710099203,1.200000000,2529,12,2
TX,627.562171601,289786.462388101,4643212.663186602,1.200000000,2056,12,3
TX,627.571139696,273694.684376812,4630660.221767459,1.200000000,145,12,3
TX,627.659140128,290481.727596794,4640612.890012243,1.200000000,2798,7,3
TX,627.926267014,292470.828359845,4641378.810385960,1.200000000,1789,12,3
TX,628.039148423,291041.931192889,4644055.075823084,1.200000000,632,12,3
TX,628.079921391,290228.016830899,4647312.756126584,1.200000000,1082,12,2
TX,628.144296221,290167.773824508,4643875.030516344,1.200000000,1148,12,3
TX,628.327543255,273697.084342826,4630645.385711102,1.200000000,1194,12,3
TX,628.394816657,291081.814604446,4641977.828317817,1.200000000,940,10,3
TX,628.572759147,292226.917007812,4643475.434956868,1.200000000,1936,12,2
TX,628.640257890,289413.072947312,4645412.838109281,1.200000000,2712,12,3
TX,628.796749460,291850.896775542,4642558.801699584,1.200000000,1891,12,3
TX,629.048745013,289814.414741429,4639525.778997822,1.200000000,180,9,2
TX,629.158170549,291864.119679897,4642557.746953068,1.200000000,265,12,3
TX,629.293370430,293908.874989124,4640711.273733106,1.200000000,429,12,3
TX,629.379167187,291508.486866410,4642209.241040307,1.200000000,2049,11,3
TX,629.578963273,292527.926389986,4642787.995527865,1.200000000,1892,12,2
TX,629.599490932,288564.886075580,4642869.216277663,1.200000000,1479,12,2
TX,629.674365057,291914.847768345,4642580.059423873,1.200000000,639,12,3
TX,629.994486277,291023.887866075,4641955.972399800,1.200000000,2744,10,3
TX,630.030927332,291275.333236231,4641402.121364132,1.200000000,640,10,2
TX,630.042167591,291862.224948921,4642559.740316996,1.200000000,52,12,2
TX,630.073315985,267675.265472755,4645211.152391549,1.200000000,2051,12,3
TX,630.144408634,291239.238323156,4641254.778367840,1.200000000,26,8,3
TX,630.158465706,291948.725577293,4642577.928793025,1.200000000,2033,12,3
TX,630.194068253,293137.733821153,4644207.519953423,1.200000000,924,12,3
TX,630.200584372,303504.263432825,4638268.583428820,1.200000000,156,12,3
TX,630.214388563,287857.091798598,4637995.282087742,1.200000000,571,12,3
TX,630.268858140,289959.227934707,4640767.378125076,1.200000000,590,7,3
TX,630.363428722,290339.501320257,4641896.371895647,1.200000000,1963,7,3
TX,630.447894829,290124.423250837,4635303.821310504,1.200000000,2759,12,3
TX,630.543689440,295599.673078411,4645523.686733420,1.200000000,1863,12,2
TX,630.621446901,289941.365028432,4634396.384599807,1.200000000,1847,12,3
TX,630.729296586,291117.098339641,4642285.299604582,1.200000000,264,11,3
TX,630.992528762,291534.986349104,4641114.498821118,1.200000000,1743,11,3
TX,631.003468283,297776.745629115,4661945.107191697,1.200000000,2073,12,3
TX,631.007361973,290338.784518932,4641883.306872413,1.200000000,246,7,3
TX,631.070297027,291128.799048336,4644343.372929289,1.200000000,898,12,3
TX,631.071148338,289756.647971618,4642729.870158861,1.200000000,2110,12,3
TX,631.200881645,292676.571011801,4641796.692865032,1.200000000,2061,12,3
TX,631.231882719,291883.633660343,4641644.478636639,1.200000000,488,12,2
TX,631.738716862,298509.392689275,4645024.179936073,1.200000000,341,12,3
TX,631.739986908,272138.433887386,4630151.884411559,1.200000000,1540,12,3
TX,632.000727015,289659.856770887,4641735.684243316,1.200000000,546,7,3
TX,632.266846796,288033.894230873,4638455.981337978,1.200000000,2290,12,2
TX,632.336364999,289146.847234897,4638671.781036183,1.200000000,545,12,3
TX,632.573023604,289630.448972509,4638434.172922363,1.200000000,1010,12,3
TX,632.646630721,295965.283011877,4645662.110532208,1.200000000,1029,12,3
TX,633.116749646,290569.618791578,4642826.215380647,1.200000000,2109,12,2
TX,633.282839772,292720.464956472,4641846.052528047,1.200000000,2199,12,3
TX,633.421818124,294371.205982521,4640346.670388717,1.200000000,1124,10,2
TX,633.563875056,291833.091247165,4641963.712054037,1.200000000,1506,12,2
TX,633.643154933,290520.031034481,4645049.459415096,1.200000000,1988,12,3
TX,633.727235970,294121.402638271,4639605.509783584,1.200000000,1946,12,3
TX,634.070601748,293920.101929751,4643728.244403466,1.200000000,226,12,3
TX,634.097240578,291334.503702210,4642010.290702622,1.200000000,2719,11,3
TX,634.568590941,290030.100242087,4635328.817278652,1.200000000,2005,12,3
TX,634.595833008,295120.895564826,4642690.389264220,1.200000000,2802,9,3
TX,634.654451378,291728.440851593,4642149.494802386,1.200000000,1502,12,3
TX,634.680789820,292839.522253302,4643589.972253468,1.200000000,2487,12,3
TX,634.824855117,289951.004272481,4641254.894814599,1.200000000,1615,7,3
TX,634.865468662,291140.198772215,4641380.650730725,1.200000000,1661,10,2
TX,634.865987245,292250.815230643,4638706.283284594,1.200000000,1602,12,2
TX,634.926412024,292150.207627420,4642187.846544696,1.200000000,2030,12,3
TX,634.958692205,291520.261532848,4642444.326372721,1.200000000,249,12,3
TX,635.162690211,272051.736687575,4630387.227852295,1.200000000,309,12,2
TX,635.179954225,290861.014302957,4642279.604360462,1.200000000,1563,10,2
TX,635.203370092,291979.481102379,4643701.130143103,1.200000000,237,12,2
TX,635.535732773,291834.507100137,4642434.311327979,1.200000000,402,12,3
TX,635.558642460,292111.166106132,4641832.305629109,1.200000000,979,12,3
TX,635.656945014,273708.118933527,4630627.385642077,1.200000000,744,12,3
TX,635.658398397,288697.535542654,4643452.788399467,1.200000000,2515,12,2
TX,635.777521217,290444.264227632,4635502.644760198,1.200000000,918,12,3
TX,635.911145611,235922.630538304,4663590.076394306,1.200000000,2474,12,3
TX,636.010307735,291382.599708283,4641989.262055445,1.200000000,1306,10,3
TX,636.279596194,292745.688699415,4641861.098399701,1.200000000,661,12,3
TX,636.316119794,291107.953945530,4641482.467308342,1.200000000,2573,10,2
TX,636.353187460,273697.961295283,4630717.828565156,1.200000000,1934,12,3
TX,636.407206504,290676.408062844,4641304.335488506,1.200000000,2548,7,3
TX,636.458539620,291723.171186969,4642139.322934894,1.200000000,2551,12,3
TX,636.625446024,290663.786190297,4641294.147233564,1.200000000,2322,7,3
TX,636.647861361,299355.040307030,4643079.684527169,1.200000000,1854,12,2
TX,636.898927204,289052.200627519,4641813.101978452,1.200000000,2400,10,3
TX,636.968585145,293025.735156793,4640267.594114183,1.200000000,380,12,3
TX,637.143880904,288196.019681320,4643919.743818119,1.200000000,2382,12,3
TX,637.216885348,292737.057544386,4651460.357090021,1.200000000,1448,12,2
TX,637.334901564,291871.098616345,4642585.707592715,1.200000000,91,12,3
TX,637.347013630,298065.156249621,4636698.540748325,1.200000000,2350,12,2
TX,637.353324946,291247.154298508,4641278.241426017,1.200000000,508,8,3
TX,637.452720361,291601.688372397,4641039.066170878,1.200000000,1475,10,2
TX,637.572401620,288333.261748189,4644316.036960877,1.200000000,448,12,3
TX,637.603489214,291153.518795956,4641360.026940509,1.200000000,50,10,3
TX,637.792963260,282269.423300709,4637623.119297467,1.200000000,1330,12,3
TX,637.871878122,292138.319660018,4642983.671293164,1.200000000,9,12,3
TX,637.885316657,292640.158413339,4641769.216067540,1.200000000,150,12,3
TX,638.054769235,293071.549444111,4640996.841325778,1.200000000,788,12,3
TX,638.148677392,290238.448758482,4642804.097525577,1.200000000,110,11,2
TX,638.195129279,289154.833542673,4640377.514812016,1.200000000,1702,7,3
TX,638.445650253,292504.176436850,4642871.986211888,1.200000000,1463,12,3
TX,638.664474657,291253.748073088,4641229.155153167,1.200000000,1527,8,3
TX,638.831561476,290706.077398463,4641287.279169949,1.200000000,2342,7,3
TX,638.926286058,292716.968847386,4642078.291340872,1.200000000,1645,12,3
TX,639.044566282,290875.379045847,4641269.191264036,1.200000000,2490,7,2
TX,639.050481070,291912.423780653,4642581.999884864,1.200000000,877,12,3
TX,639.231614872,287550.189076863,4641394.669549099,1.200000000,1477,12,3
TX,639.275139438,291991.536374694,4643704.987750095,1.200000000,610,12,3
TX,639.379647669,291524.433035704,4642071.992703184,1.200000000,1408,12,2
TX,639.423236669,288957.679090024,4642671.888247079,1.200000000,2441,12,3
TX,639.718082373,290849.243166659,4642277.350440457,1.200000000,840,10,3
TX,639.726743486,271876.253356877,4630619.946244053,1.200000000,1539,12,3
TX,639.865819104,291999.350416494,4643702.383492674,1.200000000,2613,12,3
TX,639.966903810,292327.753853088,4642052.474617912,1.200000000,2097,12,2
TX,639.974538009,289947.881346259,4634396.286096604,1.200000000,2356,12,3
TX,639.988713970,289614.562087118,4642662.573395087,1.200000000,2121,11,3
TX,640.052255558,289100.614687152,4642470.857009280,1.200000000,1137,11,3
TX,640.081473692,291974.151906557,4643684.012708547,1.200000000,457,12,3
TX,640.144342842,291621.582049242,4642871.019103568,1.200000000,2197,12,3
TX,640.172448244,294198.250918003,4645065.991693780,1.200000000,2800,12,3
TX,640.316294277,289744.610100375,4641874.395983496,1.200000000,2234,7,3
TX,640.374291515,289875.440500621,4638571.445403750,1.200000000,2378,12,2
TX,640.404002684,288806.602028420,4642802.119323565,1.200000000,983,12,3
TX,640.411401926,290061.348984184,4642392.442697032,1.200000000,2552,9,3
TX,640.493155586,291552.860612690,4641379.458151179,1.200000000,1097,11,3
TX,640.589213841,291449.916614110,4642058.632394077,1.200000000,1908,12,3
TX,640.589968654,290776.129350555,4642277.041678359,1.200000000,2547,10,3
TX,640.713734174,289317.904807099,4639764.422556466,1.200000000,1792,9,3
TX,641.414107052,290768.308927019,4637982.538005286,1.200000000,1449,12,3
TX,641.434264317,292444.467155472,4643136.291661538,1.200000000,2627,12,2
TX,641.457644799,289224.585559506,4642068.898577221,1.200000000,1409,8,3
TX,641.481497693,286699.508882438,4645109.586659884,1.200000000,1632,12,3
TX,641.596628626,290805.425801301,4641300.572554346,1.200000000,461,7,3
TX,641.640990021,293807.651754581,4643612.839765740,1.200000000,1611,12,3
TX,641.694131293,292677.333635432,4641800.679604326,1.200000000,2330,12,3
TX,641.933153173,289450.698195332,4645846.996544205,1.200000000,1787,12,3
TX,641.934383189,291476.274849740,4642241.245954412,1.200000000,1020,11,3
TX,641.967449564,295399.774616237,4645465.079346131,1.200000000,826,12,2
TX,641.985363070,291057.464999839,4644024.333197953,1.200000000,2616,12,3
TX,642.215197308,291256.531494602,4638583.785184708,1.200000000,1767,12,3
TX,642.218817885,290820.377869706,4642264.117920404,1.200000000,274,10,3
TX,642.379027715,291972.577498585,4642591.728470271,1.200000000,2682,12,3
TX,642.475480149,289665.388285716,4641412.100030612,1.200000000,2424,7,3
TX,642.489160460,289666.478143692,4643510.087534341,1.200000000,1886,12,2
TX,642.502321147,294869.124459151,4647146.605054025,1.200000000,1383,12,3
TX,642.507921516,299427.193654152,4635121.448295672,1.200000000,1004,12,3
TX,642.510904420,294444.002775140,4639432.087010675,1.200000000,2254,12,3
TX,642.520261709,291745.336225630,4639674.736829023,1.200000000,107,12,3
TX,642.544224350,290847.511749328,4641195.161699608,1.200000000,1227,7,3
TX,642.553569821,294059.166915111,4639278.296678412,1.200000000,1822,12,3
TX,642.911383478,291241.080992860,4641251.835248969,1.200000000,507,8,2
TX,642.996207934,291854.898871864,4642553.261738141,1.200000000,738,12,2
TX,642.998714115,287622.507227080,4640035.987181187,1.200000000,30,12,3
TX,643.061184479,288882.448560422,4642672.010601662,1.200000000,37,12,3
TX,643.577740381,282682.021550746,4632816.262908450,1.200000000,428,12,3
TX,644.070443881,289873.830139342,4638356.741947571,1.200000000,399,12,3
TX,644.087008663,293109.538249157,4642314.460797556,1.200000000,2442,12,3
TX,644.090955357,284515.018602171,4631897.998813634,1.200000000,1269,12,3
TX,644.147348212,289943.972146122,4642822.367370146,1.200000000,2751,11,3
TX,644.198741468,273666.546857227,4630646.378413806,1.200000000,805,12,3
TX,644.249049645,289507.017204404,4644748.227168423,1.200000000,33,12,3
TX,644.272918462,291022.719690617,4640571.243384507,1.200000000,2004,7,3
TX,644.300104119,273719.046596834,4630616.025797345,1.200000000,1067,12,3
TX,644.303211235,291865.850019250,4642560.259113544,1.200000000,2160,12,3
TX,644.310154477,290649.711959619,4643079.586360846,1.200000000,1376,12,3
TX,644.358878594,291238.122756945,4641249.264520753,1.200000000,2274,8,3
TX,644.664828611,291189.621112901,4641293.805260063,1.200000000,703,10,3
TX,644.818419517,291035.456080300,4641740.168450635,1.200000000,1181,8,3
TX,644.847703460,290722.344935703,4642282.510610446,1.200000000,2439,10,2
TX,644.927316071,273687.139836965,4630618.874560674,1.200000000,1008,12,3
TX,644.970128116,291196.661017530,4639566.131492531,1.200000000,1717,12,3
TX,645.074504595,291469.350523794,4642317.798024310,1.200000000,2707,11,3
TX,645.097637905,292747.834573333,4639853.084312664,1.200000000,219,12,3
TX,645.176573801,291895.889905013,4642579.124590443,1.200000000,2772,12,2
TX,645.466892506,289325.204854167,4634317.735042950,1.200000000,1445,12,3
TX,645.666350027,290304.516651117,4642202.813596960,1.200000000,1762,9,3
TX,645.677261438,289816.409838384,4641222.413787247,1.200000000,1548,7,3
TX,645.882545740,292198.675779069,4641665.995735935,1.200000000,1484,12,3
TX,645.892063553,290352.742672143,4646306.547217506,1.200000000,2446,12,3
TX,645.982527217,291100.589290767,4641940.982788606,1.200000000,419,9,3
TX,646.087972274,292807.401936563,4642192.451873379,1.200000000,2176,12,3
TX,646.201109289,291830.138942144,4636748.999293648,1.200000000,1505,12,3
TX,646.297820047,289678.509081943,4642121.000221924,1.200000000,1313,9,3
TX,646.362308841,291044.284075379,4640538.897186805,1.200000000,1274,8,3
TX,646.540752007,287999.410676528,4643336.662096974,1.200000000,692,12,3
TX,646.869135610,290292.094926518,4644066.329333822,1.200000000,433,12,3
TX,647.094174760,290943.579763237,4642060.460417021,1.200000000,922,9,3
TX,647.159475391,289829.790989856,4640415.346050084,1.200000000,721,7,3
TX,647.195166796,290044.144298519,4642329.417559918,1.200000000,951,11,3
TX,647.215083210,298034.028250185,4639350.440996204,1.200000000,442,12,3
TX,647.549000488,292500.705994382,4642572.105503996,1.200000000,849,12,3
TX,647.689345667,292784.053026513,4642169.345522797,1.200000000,2170,12,3
TX,647.703240673,290714.819368749,4641307.902422871,1.200000000,883,7,3
TX,647.743024297,286857.948863639,4631128.091722802,1.200000000,1122,12,3
TX,647.792369268,295148.281172909,4645281.541361553,1.200000000,2808,12,2
TX,647.964473854,289226.750783644,4642064.940893198,1.200000000,315,8,3
TX,647.975169060,290858.048855449,4642293.516124046,1.200000000,2032,10,3
TX,648.057490361,290777.367981571,4637964.996832841,1.200000000,1538,12,3
TX,648.119492246,273664.193170533,4630695.750234440,1.200000000,570,12,3
TX,648.333449407,291911.512097248,4642575.215371490,1.200000000,369,12,3
TX,648.358400454,272996.091588093,4629886.573110154,1.200000000,1064,12,3
TX,648.425469943,284232.974483435,4630363.756157707,1.200000000,651,12,3
TX,648.426683972,291071.200523041,4639150.333787357,1.200000000,2238,12,3
TX,648.476326154,291760.631871780,4642392.982137425,1.200000000,920,12,3
TX,648.536036846,292329.010288289,4642036.574901828,1.200000000,777,12,3
TX,648.680802362,293104.657032115,4640726.003513510,1.200000000,2275,12,2
TX,649.167616429,290050.376087167,4642565.398100470,1.200000000,1581,10,3
TX,649.324241914,291244.102036449,4641250.339749194,1.200000000,2229,8,2
TX,649.410092776,289951.975522361,4634417.252491909,1.200000000,2091,12,3
TX,649.467448117,291038.084793264,4641168.124318888,1.200000000,2567,8,3
TX,649.523029883,289320.019876585,4634307.589225618,1.200000000,967,12,3
TX,649.576197951,290909.792902295,4643971.800497177,1.200000000,576,12,2
TX,649.643645135,290842.390250297,4639343.853243794,1.200000000,2416,10,3
TX,649.876676024,288834.620199282,4635126.496123689,1.200000000,304,12,3
TX,649.888117451,293325.715201270,4644481.022359175,1.200000000,2609,12,3
TX,649.934535578,291077.783348812,4641005.062060001,1.200000000,73,8,2
TX,650.374549197,290657.986024897,4641299.341810497,1.200000000,1090,7,3
TX,650.400358724,292074.426067498,4641800.809879139,1.200000000,98,12,3
TX,650.456374974,290473.058633288,4640735.952072075,1.200000000,452,7,3
TX,650.464820273,290270.536781161,4642029.424632344,1.200000000,1788,8,3
TX,650.686852057,302688.286740403,4637226.951027502,1.200000000,2362,12,3
TX,650.765523397,288936.199154616,4649121.015042550,1.200000000,1571,12,3
TX,650.823861306,293264.827216852,4639507.757782485,1.200000000,1880,12,3
TX,651.175890013,291238.839776976,4641254.955490486,1.200000000,649,8,3
TX,651.232954988,290438.903707011,4645300.831593864,1.200000000,371,12,3
TX,651.250257877,291813.906431472,4641257.566689257,1.200000000,2265,12,3
TX,651.354532703,291779.579420811,4639786.153151650,1.200000000,2065,12,3
TX,651.449476581,294115.858820870,4639215.453384529,1.200000000,144,12,3
TX,651.553584554,271715.243768978,4630309.907602760,1.200000000,2848,12,3
TX,651.629416546,291352.366330715,4641131.774705175,1.200000000,560,9,3
TX,651.758012574,292239.772846603,4639447.660239554,1.200000000,1100,12,3
TX,652.092759512,271805.776377541,4630262.013217055,1.200000000,2298,12,3
TX,652.377175747,293088.124131080,4640805.908013127,1.200000000,8,12,3
TX,652.418272780,287986.566464818,4643180.987497779,1.200000000,1941,12,3
TX,652.619117480,288546.930216824,4643809.525806818,1.200000000,2052,12,3
TX,652.668755410,287555.982688559,4640662.330744794,1.200000000,1472,12,3
TX,652.711361134,288662.829104337,4648711.950598926,1.200000000,740,12,3
TX,652.743374594,273703.454158261,4630687.126959592,1.200000000,1614,12,3
TX,652.743912874,291834.053619677,4642545.343227502,1.200000000,1060,12,3
TX,652.795819463,291724.265720934,4642165.026552677,1.200000000,2755,11,3
TX,652.964607962,292671.977119496,4643707.355296559,1.200000000,878,12,2
TX,653.071384931,271677.539622434,4630654.699347353,1.200000000,2557,12,3
TX,653.165703430,287529.652016469,4641655.348056562,1.200000000,2653,12,3
TX,653.389104730,294788.155619234,4645695.007905609,1.200000000,2391,12,3
TX,653.554921288,295000.785611323,4642732.105686204,1.200000000,2668,7,3
TX,653.555043320,290797.516251365,4642085.828551494,1.200000000,2499,10,3
TX,653.566265527,288359.439864917,4637268.309697129,1.200000000,1216,12,3
TX,653.694313309,290668.500644879,4641292.095163046,1.200000000,1727,7,3
TX,653.712350238,271648.025480112,4630678.981688028,1.200000000,1851,12,3
TX,654.013319305,290983.225766308,4640894.400553559,1.200000000,2001,8,3
TX,654.069963707,289648.864399550,4643503.666258916,1.200000000,426,12,3
TX,654.090880482,290160.288059302,4644942.393802718,1.200000000,1948,12,3
TX,654.103823080,273702.512436341,4630604.474592960,1.200000000,1078,12,3
TX,654.329347846,291250.011523294,4642262.796324570,1.200000000,1115,11,3
TX,654.528897364,294380.267660787,4643089.002877505,1.200000000,312,10,3
TX,654.571305317,291042.670043887,4644049.627606087,1.200000000,1660,12,3
TX,654.615748927,271772.471653522,4630699.269628130,1.200000000,1845,12,3
TX,654.839529316,295141.641616367,4642685.346240370,1.200000000,2792,9,3
TX,654.887410150,292076.496337387,4636990.488186223,1.200000000,417,12,3
TX,655.022379039,292072.821709373,4642285.077380347,1.200000000,2683,12,2
TX,655.231005980,294728.196769075,4638538.611151101,1.200000000,2261,12,3
TX,655.334135013,273708.667244987,4630276.416168167,1.200000000,1371,12,3
TX,655.503697210,285262.405366917,4638599.823210114,1.200000000,1,12,3
TX,655.652993969,290317.753354034,4643499.028764033,1.200000000,1741,12,3
TX,655.955817541,290136.258597985,4635344.460460151,1.200000000,732,12,3
TX,656.116472261,291271.618860859,4641834.593264531,1.200000000,790,9,3
TX,656.289582285,298617.740171114,4644238.797978838,1.200000000,137,12,3
TX,656.688932945,291901.190405565,4642567.797249870,1.200000000,2731,12,3
TX,656.733108008,293610.164682387,4638498.709827418,1.200000000,1667,12,3
TX,656.775885139,292867.762273159,4641931.312782378,1.200000000,945,12,3
TX,656.828906139,292724.275316200,4641828.058269254,1.200000000,2324,12,3
TX,657.066373905,289842.819353445,4638850.763394783,1.200000000,1621,12,3
TX,657.126134779,293919.478728861,4636790.818181014,1.200000000,1806,12,3
TX,657.165416766,289735.365623409,4637438.732879072,1.200000000,772,12,3
TX,657.194011764,293266.069764550,4643173.369532040,1.200000000,2695,12,3
TX,657.247576523,271856.461339228,4630662.495461220,1.200000000,1450,12,3
TX,657.315609889,290691.351634234,4635829.225068501,1.200000000,2746,12,3
TX,657.457446894,287850.479355333,4642112.534415035,1.200000000,216,12,3
TX,657.612584401,292673.373017825,4643690.164819750,1.200000000,2622,12,3
TX,657.895435520,292545.256289034,4642563.712322368,1.200000000,2638,12,3
TX,657.983364137,295121.358814157,4642759.276882108,1.200000000,1297,9,3
TX,657.991764276,292108.398053515,4640631.622500162,1.200000000,2471,12,3
TX,658.122096722,290165.278267662,4643336.248054260,1.200000000,2188,12,3
TX,658.194395759,290678.634449481,4641319.532860088,1.200000000,756,7,3
TX,658.218754026,287863.214602255,4637942.999936218,1.200000000,2343,12,3
TX,658.252605134,289831.734836471,4639590.325454590,1.200000000,2072,9,3
TX,658.475940913,290083.944722830,4644385.261523666,1.200000000,332,12,3
TX,658.495383873,285728.633475626,4633980.687541364,1.200000000,2531,12,3
TX,658.529434289,290705.677240801,4641302.808664998,1.200000000,2334,7,3
TX,658.728765260,293368.383673993,4643966.025976117,1.200000000,724,12,3
TX,658.915777534,291030.239385559,4641977.557510169,1.200000000,498,10,3
TX,658.918908301,291812.790253072,4642540.571700715,1.200000000,2023,12,3
TX,658.954024722,292310.307662492,4642039.982782111,1.200000000,1950,12,3
TX,658.960002452,284819.811389778,4631795.255706117,1.200000000,642,12,3
TX,659.159882108,292489.350723715,4641898.050447623,1.200000000,899,12,3
TX,659.167549363,289682.606194817,4638762.287507277,1.200000000,213,11,3
TX,659.406901900,290796.220996726,4643125.580784702,1.200000000,2211,12,3
TX,659.466382084,291834.503603977,4644178.091042257,1.200000000,20,12,3
TX,659.597167387,294820.733044058,4646094.145816384,1.200000000,2743,12,3
TX,659.646479450,294449.374079408,4644353.673690531,1.200000000,418,12,3
TX,659.867371999,289875.874229178,4641684.600219212,1.200000000,1504,7,3
TX,659.903629010,293622.323370628,4643449.962263519,1.200000000,496,12,3
TX,659.993001722,280686.033415913,4671346.424978615,1.200000000,1952,12,3
TX,660.040024204,292521.890771050,4642904.804333412,1.200000000,2419,12,3
TX,660.072269591,291007.918976918,4641845.780222816,1.200000000,1918,9,3
TX,660.281557229,292860.613711917,4641481.529799250,1.200000000,2086,12,3
TX,660.572526616,289796.969135835,4639567.692931843,1.200000000,689,9,3
TX,660.619307018,294096.558517521,4643891.196330620,1.200000000,2502,12,3
TX,660.656382775,291382.358192085,4638526.378075935,1.200000000,63,12,3
TX,660.867295187,287866.257158505,4638069.653845130,1.200000000,1978,12,3
TX,660.961211296,290760.904864983,4639490.950897367,1.200000000,691,10,3
TX,660.964600949,293608.850229122,4641916.633617377,1.200000000,489,11,3
TX,661.182400665,289962.373137572,4637904.525237205,1.200000000,34,12,3
TX,661.201764790,289718.494504678,4642414.070749187,1.200000000,2434,9,3
TX,661.265501520,289708.014796125,4647167.161707693,1.200000000,44,12,3
TX,661.336350102,290361.348220548,4643408.975768791,1.200000000,2770,12,3
TX,661.408540892,292621.049393375,4641677.044252489,1.200000000,322,12,3
TX,661.462757056,291338.323883531,4640105.576344180,1.200000000,14,10,3
TX,661.566107808,291006.806693718,4644789.442173365,1.200000000,319,12,3
TX,661.805214588,290825.373475132,4642269.705155204,1.200000000,2272,10,3
TX,661.809727575,289899.302778658,4646889.914563995,1.200000000,1699,12,3
TX,661.875294398,290174.995812729,4634767.736010225,1.200000000,1179,12,3
TX,661.941905702,292679.259652906,4641802.799972687,1.200000000,901,12,3
TX,662.186632208,292366.067954330,4644014.556816512,1.200000000,1458,12,3
TX,662.443075128,298447.660357794,4642234.365896600,1.200000000,2017,12,3
TX,662.465747879,291136.139680368,4642472.927736413,1.200000000,2133,12,3
TX,662.491535319,291064.212823068,4644021.454593537,1.200000000,2074,12,3
TX,662.562049418,291250.106124276,4641238.838718561,1.200000000,591,8,3
TX,662.582458677,273698.046876142,4630629.686915966,1.200000000,624,12,3
TX,662.609688831,273705.367722073,4630650.083062761,1.200000000,817,12,3
TX,662.649906858,296723.986320213,4637473.667514086,1.200000000,1711,12,3
TX,662.949625256,290466.289133688,4643858.558121890,1.200000000,1669,12,3
TX,662.967099014,273714.884999035,4630647.348023849,1.200000000,1909,12,3
TX,663.007307421,292074.106738710,4640498.117766645,1.200000000,207,12,3
TX,663.011166478,291244.729704998,4639635.933372018,1.200000000,989,10,3
TX,663.211080240,291026.483910191,4641946.913105573,1.200000000,2716,10,3
TX,663.314413931,291501.849113274,4641327.989990537,1.200000000,929,10,3
TX,663.401657676,272474.960589192,4629869.403301964,1.200000000,807,12,3
TX,663.435798982,286039.521182111,4631483.928227557,1.200000000,770,12,3
TX,663.690360993,289269.014917800,4646156.329537791,1.200000000,1342,12,3
TX,663.728040303,291070.863653938,4644052.015762148,1.200000000,1392,12,3
TX,663.759814348,286455.845914167,4642583.429421550,1.200000000,2167,12,3
TX,663.773158009,291217.408331782,4641299.066897632,1.200000000,1749,10,3
TX,663.805609314,271308.219803825,4630148.874325743,1.200000000,1818,12,3
TX,663.848168463,287420.252278438,4641071.534041824,1.200000000,1420,12,3
TX,663.912634617,285154.253541970,4640765.797620582,1.200000000,2725,12,3
TX,664.020925497,289678.334072368,4642120.899394805,1.200000000,1213,9,3
TX,664.123694025,289053.931792090,4643112.016325160,1.200000000,2168,12,3
TX,664.168400679,290768.281174288,4642288.994000208,1.200000000,1573,10,3
TX,664.493372643,289616.011017306,4643516.529085429,1.200000000,998,12,3
TX,664.517837411,290872.396585802,4642269.551000644,1.200000000,2089,11,3
TX,664.738051736,292306.021519989,4643558.032897384,1.200000000,2634,12,3
TX,664.800710147,290487.606277031,4640630.414496860,1.200000000,2279,7,3
TX,664.912885146,290098.478377875,4647025.340804163,1.200000000,1868,12,3
TX,664.981245046,295940.266614654,4642374.891626042,1.200000000,1410,7,3
TX,665.010824781,290742.824437455,4642901.662835744,1.200000000,1816,12,3
TX,665.155750277,291506.428827545,4642433.439994989,1.200000000,2789,12,3
TX,665.216938785,291030.527275025,4641976.170986791,1.200000000,1223,10,3
TX,665.248961191,288862.265561463,4643333.750022345,1.200000000,2325,12,3
TX,665.297404364,290515.370110875,4636407.868378532,1.200000000,1704,12,3
TX,665.374977071,291222.314267072,4641987.800612359,1.200000000,253,10,3
TX,665.469472447,295166.007496378,4642733.912086020,1.200000000,331,9,3
TX,665.546015907,272892.985086791,4629827.177322938,1.200000000,1543,12,3
TX,665.821920563,290382.809064821,4643407.142764569,1.200000000,931,12,3
TX,665.836290437,295139.485880523,4642698.445959221,1.200000000,1876,9,3
TX,665.893146965,292732.343220143,4641853.995471338,1.200000000,204,12,3
TX,666.001957023,295518.051480858,4642436.785437539,1.200000000,2175,7,3
TX,666.019067981,290823.063374496,4642284.759944383,1.200000000,1040,10,3
TX,666.039097042,288948.322348129,4639159.166435852,1.200000000,2826,12,3
TX,666.077794659,292521.840071158,4642909.093273587,1.200000000,1612,12,3
TX,666.212556108,285404.961730038,4640954.533344333,1.200000000,313,12,3
TX,666.227092148,291990.854883913,4643707.797654757,1.200000000,162,12,3
TX,666.471070122,290818.631615992,4641202.362269159,1.200000000,717,7,3
TX,666.666487283,293989.118710962,4647139.507631942,1.200000000,375,12,3
TX,666.749318894,290733.562634642,4642288.143554408,1.200000000,139,10,3
TX,667.094824536,290957.779352305,4642036.311108205,1.200000000,76,8,3
TX,667.140904529,294306.137769012,4640656.610878305,1.200000000,232,11,3
TX,667.361876295,290058.739727275,4642392.138913101,1.200000000,108,9,3
TX,667.404530366,271672.901436916,4630643.007196964,1.200000000,1204,12,3
TX,667.534844668,273654.081749484,4630640.961829791,1.200000000,758,12,3
TX,667.588726265,292162.387612834,4641882.153011033,1.200000000,1345,12,3
TX,667.773408136,290694.845975236,4636786.124444559,1.200000000,656,12,3
TX,667.894789401,299564.789288015,4635132.094118917,1.200000000,1038,12,3
TX,667.918441370,292025.745547379,4642231.565924143,1.200000000,1498,12,3
TX,668.059750938,292807.782311561,4642167.882989338,1.200000000,2037,12,3
TX,668.187133373,290476.809338708,4641405.152353313,1.200000000,1105,7,3
TX,668.485542713,290271.910869248,4642022.358869388,1.200000000,1221,8,3
TX,668.521398720,289492.732343389,4643469.401394006,1.200000000,932,12,3
TX,668.541046609,290957.548038866,4639071.909044274,1.200000000,853,12,3
TX,668.731880336,273676.702343316,4630625.587363320,1.200000000,209,12,3
TX,668.774133341,288007.889206336,4643124.031536854,1.200000000,285,12,3
TX,668.972954399,295143.235141494,4642719.841092824,1.200000000,93,9,3
TX,669.356585090,288849.699957711,4641417.316796085,1.200000000,1675,8,3
TX,669.371420118,292104.037911911,4643194.325952441,1.200000000,2333,12,3
TX,669.383129210,290742.486400889,4642891.030460601,1.200000000,1526,12,3
TX,669.421626223,291982.375554693,4641749.374433288,1.200000000,2458,12,3
TX,669.428929099,293261.283585664,4639402.629855018,1.200000000,1520,12,3
TX,669.779838772,286381.237259542,4640682.955136975,1.200000000,490,12,3
TX,669.839957651,290373.369184547,4640706.633391314,1.200000000,2477,7,3
TX,670.027218656,290392.571395351,4643851.538564699,1.200000000,884,12,3
TX,670.086700125,291463.210679518,4642049.926517498,1.200000000,2628,12,3
TX,670.377061835,290450.361089615,4641398.697563737,1.200000000,241,7,3
TX,670.392351142,292309.817174980,4642045.226623152,1.200000000,61,12,3
TX,670.451154364,291078.853175996,4644026.309282257,1.200000000,859,12,3
TX,670.505624863,291476.797322702,4642018.210579667,1.200000000,1333,12,3
TX,670.934272529,291039.131378557,4642271.230366881,1.200000000,1758,10,3
TX,670.980632161,293676.489013094,4639688.981215505,1.200000000,597,12,3
TX,671.085871987,282151.053099602,4632802.570634584,1.200000000,292,12,3
TX,671.541738311,291691.484488874,4642117.049711409,1.200000000,2103,12,3
TX,671.542066837,288404.623729749,4638591.108059223,1.200000000,2210,12,3
TX,671.554073867,273706.626186473,4630642.036478867,1.200000000,2149,12,3
TX,671.801934662,290685.124674277,4642862.455310258,1.200000000,2277,12,3
TX,671.926320323,291737.860505406,4642513.255423734,1.200000000,206,12,3
TX,672.381336393,273675.062693782,4630697.957783559,1.200000000,1278,12,3
TX,672.558226536,290927.067695721,4641203.612978328,1.200000000,1059,7,3
TX,672.787691215,292024.297015599,4642308.308767824,1.200000000,2153,12,3
TX,672.944815432,291838.159564177,4642442.131685080,1.200000000,1423,12,3
TX,673.236113230,292267.001245561,4636540.955749362,1.200000000,970,12,3
TX,673.264816179,286631.808749131,4645660.591963454,1.200000000,283,12,3
TX,673.417024424,291037.041555724,4640452.943595008,1.200000000,373,8,3
TX,673.516512009,270249.759354185,4628503.609788972,1.200000000,1280,12,3
TX,673.570708081,290212.308672535,4642825.722586438,1.200000000,2604,11,3
TX,673.689159354,297338.429084651,4646832.344307140,1.200000000,1665,12,3
TX,673.742810187,290399.274083624,4642324.055352461,1.200000000,410,9,3
TX,673.805789371,289379.309680797,4641553.399898767,1.200000000,2244,7,3
TX,674.232042713,273705.546286064,4630610.939205753,1.200000000,1525,12,3
TX,674.571273131,292716.422096257,4642685.520824511,1.200000000,1328,12,3
TX,674.822577212,289717.890948777,4647170.347930946,1.200000000,1884,12,3
TX,674.944993500,290796.974600939,4642274.527776572,1.200000000,1768,10,3
TX,675.124042072,291732.762510309,4642826.740579402,1.200000000,1396,12,3
TX,675.212185804,292684.129356524,4641793.278242633,1.200000000,897,12,3
TX,675.400745794,292823.557167726,4642786.571083695,1.200000000,1289,12,3
TX,675.529717921,292727.650082159,4642054.831363363,1.200000000,1634,12,3
TX,675.830910026,290551.403813554,4641905.584352621,1.200000000,456,7,3
TX,676.068189216,291072.247349293,4641935.442244638,1.200000000,959,9,3
TX,676.087402727,291240.813124300,4641298.110114615,1.200000000,1501,9,3
TX,676.251131875,290030.929058383,4641530.085866123,1.200000000,1007,7,3
TX,676.516579866,287983.023348604,4639134.685435016,1.200000000,1609,12,3
TX,676.902631589,288879.667771597,4641387.536872838,1.200000000,516,7,3
TX,676.905734600,286378.715524287,4640681.755219155,1.200000000,480,12,3
TX,677.023616703,293655.296565875,4640285.882954632,1.200000000,911,12,3
TX,677.033895702,290084.898607166,4641544.372477804,1.200000000,396,7,3
TX,677.593158664,289312.953202229,4639762.365961194,1.200000000,2660,9,3
TX,677.645730533,290680.384372183,4641298.508789106,1.200000000,1119,7,3
TX,677.887534272,291063.115110733,4644044.615512018,1.200000000,617,12,3
TX,677.962984072,291039.457042693,4644011.647588337,1.200000000,379,12,3
TX,678.027883958,273679.483444541,4630620.757346123,1.200000000,97,12,3
TX,678.555157264,288428.871403597,4638567.935334357,1.200000000,1976,12,3
TX,678.567807797,291066.011090341,4640348.206923135,1.200000000,1708,9,3
TX,678.594151718,273363.278964886,4630030.371579739,1.200000000,2071,12,3
TX,678.721004542,294386.709352244,4642939.571502209,1.200000000,2042,10,3
TX,678.847512699,289575.109130417,4638788.969206700,1.200000000,799,11,3
TX,678.868011388,273673.071611757,4630581.811042099,1.200000000,1549,12,3
TX,678.888640339,272555.760259570,4629953.421748447,1.200000000,1916,12,3
TX,678.948949960,290367.473893413,4641456.348518007,1.200000000,316,7,3
TX,678.955548460,287947.753958044,4634515.393175369,1.200000000,802,12,3
TX,678.994554193,295147.087153058,4642706.745949749,1.200000000,1786,9,3
TX,679.348343480,290354.233468772,4646286.652017538,1.200000000,363,12,3
TX,679.691672336,273708.578378218,4630627.836004133,1.200000000,2717,12,3
TX,679.854794947,290344.029882701,4636683.838006174,1.200000000,2148,12,3
TX,679.973335717,290773.275492416,4642320.242929735,1.200000000,1596,10,3
TX,680.025632073,291028.687881834,4640440.732169923,1.200000000,2340,8,3
TX,680.029639260,273695.163804283,4630617.735364161,1.200000000,2561,12,3
TX,680.277443254,292614.417904596,4642584.927439346,1.200000000,532,12,3
TX,680.287362636,291981.613715513,4646087.443742782,1.200000000,85,12,3
TX,680.311137132,291660.631023267,4642231.719720648,1.200000000,1021,12,3
TX,680.480418219,291117.274511205,4641475.413841458,1.200000000,2039,9,3
TX,680.513193110,306827.056931853,4637297.153598101,1.200000000,2481,12,3
TX,680.735017369,302196.390767557,4641418.536486281,1.200000000,1036,12,3
TX,680.816738862,289850.764762929,4641838.726162218,1.200000000,2722,7,3
TX,680.837338354,289446.883338050,4646265.550129844,1.200000000,2082,12,3
TX,681.133552605,271974.089839133,4630539.180978692,1.200000000,1073,12,3
TX,681.248711343,291055.586969507,4642409.793775092,1.200000000,1531,10,3
TX,681.286601588,290337.138451165,4642179.276260437,1.200000000,2029,9,3
TX,681.488480434,287837.980305854,4643316.274065699,1.200000000,2085,12,3
TX,681.492566424,290066.915293185,4642397.658831880,1.200000000,102,9,3
TX,681.505739033,289871.958319845,4644416.547816581,1.200000000,1325,12,3
TX,681.576199111,273738.619351295,4630635.928178012,1.200000000,1808,12,3
TX,681.590367490,293873.772289615,4640800.372191991,1.200000000,1746,12,3
TX,681.726137893,290948.012463096,4642082.689211933,1.200000000,1595,9,3
TX,681.759899992,293285.727935130,4643364.021749235,1.200000000,28,12,3
TX,681.903778837,291275.345312125,4642398.807968412,1.200000000,2501,12,3
TX,682.054189361,285307.396366566,4633104.213204184,1.200000000,2289,12,3
TX,682.074271611,290862.164492251,4642298.135373600,1.200000000,1044,10,3
TX,682.192660353,290969.015401198,4642008.306563863,1.200000000,2319,8,3
TX,682.287403196,291830.022157382,4642548.428609665,1.200000000,487,12,3
TX,682.334000146,289810.138930873,4642394.476944570,1.200000000,1415,10,3
TX,682.412337702,291823.444263411,4642317.677989771,1.200000000,2706,12,3
TX,682.422849807,289249.862071563,4644795.119838633,1.200000000,2510,12,3
TX,682.513309945,273688.731350331,4630652.417361076,1.200000000,700,12,3
TX,682.536811219,289682.022895976,4638775.039701168,1.200000000,1315,11,3
TX,682.656206926,291826.390034413,4642542.135676956,1.200000000,909,12,3
TX,682.762068893,291233.118956442,4641254.172481406,1.200000000,2485,8,3
TX,682.866199170,290102.727341056,4640902.646159326,1.200000000,992,7,3
TX,682.871951955,292381.889363579,4642737.098071413,1.200000000,1529,12,3
TX,682.928665069,291069.327945349,4644023.996558797,1.200000000,2612,12,3
TX,682.934677693,292215.644016423,4637132.400201202,1.200000000,933,12,3
TX,682.937191166,291825.681680331,4642543.360255661,1.200000000,712,12,3
TX,683.146030652,292318.682124299,4642048.249952120,1.200000000,1725,12,3
TX,683.154700086,290483.160308461,4640627.009068066,1.200000000,2411,7,3
TX,683.269935860,295715.670576210,4638159.164952192,1.200000000,2563,12,3
TX,683.274585503,289979.853066927,4637822.517385475,1.200000000,395,12,3
TX,683.279454992,290008.720478428,4641407.006336839,1.200000000,2314,7,3
TX,683.372902882,289151.193386817,4647124.744437127,1.200000000,1644,12,3
TX,683.495758536,288138.870902886,4631746.866458545,1.200000000,1840,12,3
TX,683.607921093,289315.390367005,4639750.818234163,1.200000000,228,9,3
TX,683.987469015,291125.472265774,4643952.405173344,1.200000000,2251,12,3
TX,684.106105293,291915.395806949,4630133.363058897,1.200000000,746,12,3
TX,684.137878933,297233.074687426,4633552.043256028,1.200000000,1729,12,3
TX,684.173932263,290838.831737837,4642278.044546169,1.200000000,549,10,3
TX,684.206538745,290975.432754192,4641957.925235002,1.200000000,2776,8,3
TX,684.298826465,292523.104335848,4642917.114103850,1.200000000,1874,12,3
TX,684.382611800,290974.261879753,4635992.636359942,1.200000000,990,12,3
TX,684.581428575,291854.259984051,4642550.185080947,1.200000000,494,12,3
TX,684.606356183,290296.008926189,4641957.026576634,1.200000000,261,8,3
TX,684.828244173,291817.806514521,4642536.749868529,1.200000000,1244,12,3
TX,685.025946065,293923.581533978,4636796.175817566,1.200000000,172,12,3
TX,685.141524382,291049.218034582,4641712.052262683,1.200000000,2268,9,3
TX,685.221638960,291872.062457086,4642570.959732533,1.200000000,527,12,3
TX,685.285982651,291239.670325724,4641280.587768302,1.200000000,2418,8,3
TX,685.449780668,290398.490197267,4641796.468562732,1.200000000,1393,7,3
TX,685.724327137,291880.699892478,4642575.407478815,1.200000000,2697,12,3
TX,685.736774512,290701.323198993,4641299.472942590,1.200000000,1054,7,3
TX,685.760216417,288699.051861317,4641629.165237365,1.200000000,2739,9,3
TX,685.893451898,290050.873997220,4642380.552789792,1.200000000,1310,11,3
TX,685.910232656,291028.529772326,4641190.409661701,1.200000000,185,7,3
TX,685.941141426,290348.013239239,4643321.223121856,1.200000000,2753,12,3
TX,686.266902779,289606.208819775,4645583.963274609,1.200000000,2822,12,3
TX,686.296478781,291030.773118995,4640529.786870505,1.200000000,2174,7,3
TX,686.600850292,273672.703226912,4630699.532238261,1.200000000,1558,12,3
TX,686.626835054,290136.183314869,4635351.571107492,1.200000000,1282,12,3
TX,686.783590732,273667.524824204,4630595.608202219,1.200000000,775,12,3
TX,686.897347148,291677.108741782,4642101.616950189,1.200000000,1850,12,3
TX,686.952870196,290910.849903532,4642158.651206465,1.200000000,1334,9,3
TX,686.998510817,291506.631165230,4645029.196779147,1.200000000,2569,12,3
TX,687.014389915,291725.210955496,4642160.649577492,1.200000000,2745,12,3
TX,687.019587715,290501.117049517,4635516.623539536,1.200000000,891,12,3
TX,687.028240614,292538.990739358,4642887.877457824,1.200000000,2163,12,3
TX,687.108908104,295297.106488161,4638527.465438542,1.200000000,444,12,3
TX,687.128164541,290176.530886752,4641489.124181355,1.200000000,2323,7,3
TX,687.205129803,287879.683380051,4637583.118753173,1.200000000,1907,12,3
TX,687.254770744,289028.969994549,4636779.768675406,1.200000000,330,12,3
TX,687.268812917,293805.341954026,4640192.185306000,1.200000000,1386,12,3
TX,687.317291905,291603.345107897,4641681.893741292,1.200000000,813,10,3
TX,687.348939933,295144.928461463,4642701.197452747,1.200000000,980,9,3
TX,687.599487761,289882.674449924,4639719.865120161,1.200000000,2101,7,3
TX,687.605158029,291705.036048068,4642201.460459130,1.200000000,1613,11,3
TX,687.625594890,291223.466241117,4640819.980674609,1.200000000,2387,9,3
TX,687.669124004,293508.090422410,4644186.471521085,1.200000000,2428,12,3
TX,687.730800735,285616.990466964,4631211.126393804,1.200000000,1980,12,3
TX,687.887364002,291025.115111123,4640590.405307243,1.200000000,1134,7,3
TX,687.924305778,287960.094167716,4643461.814455329,1.200000000,133,12,3
TX,687.953099452,287244.322632071,4634217.511044199,1.200000000,2532,12,3
TX,688.064566454,291213.559764037,4641300.368619941,1.200000000,2466,10,3
TX,688.193565855,291062.998583002,4644025.632512203,1.200000000,2079,12,3
TX,688.319098155,292023.632330331,4640700.857292982,1.200000000,1411,12,3
TX,688.382048698,291449.286864638,4642276.956385797,1.200000000,1309,11,3
TX,688.424508955,294947.138678503,4642706.076274402,1.200000000,1388,9,3
TX,688.440354281,293626.856730188,4644138.709608743,1.200000000,2252,12,3
TX,688.492652931,292077.530226702,4643151.377847554,1.200000000,462,12,3
TX,688.524026653,287582.925544874,4645804.206073047,1.200000000,2132,12,3
TX,688.859506326,273713.912205014,4630615.320136331,1.200000000,750,12,3
TX,688.898617939,290976.143462162,4642671.617304648,1.200000000,224,11,3
TX,689.161380988,290668.727556988,4641310.769595359,1.200000000,2648,7,3
TX,689.241797343,296725.569022730,4646423.004833861,1.200000000,2636,12,3
TX,689.248722687,291919.082442713,4642581.383994519,1.200000000,365,12,3
TX,689.317608783,291706.492569603,4642809.509310006,1.200000000,168,12,3
TX,689.453910491,283021.452690449,4635584.826124355,1.200000000,1920,12,3
TX,689.688476277,291732.636810680,4642155.537154507,1.200000000,2701,12,3
TX,689.718936453,291861.535363610,4642561.212882830,1.200000000,861,12,3
TX,689.755596214,291620.480543865,4641732.320510441,1.200000000,1932,12,3
TX,689.796078917,290114.626434921,4645091.561923800,1.200000000,2545,12,3
TX,689.800431871,293558.916334863,4639866.023465864,1.200000000,368,12,3
TX,689.857880625,286380.651304770,4640682.403051704,1.200000000,1496,12,3
TX,690.028214389,291199.461239832,4644904.181470404,1.200000000,2801,12,3
TX,690.235477505,291729.760261662,4642155.061706523,1.200000000,236,12,3
TX,690.344431587,290931.389664263,4641198.033947235,1.200000000,2125,7,3
TX,690.512651653,289339.353666848,4642244.549717261,1.200000000,2127,9,3
TX,690.674437907,287568.947917893,4632929.933981234,1.200000000,582,12,3
TX,690.733627583,291055.048869181,4641100.735722987,1.200000000,1260,8,3
TX,690.990433834,273711.772016345,4630652.967547788,1.200000000,1268,12,3
TX,691.031017697,291698.238366813,4642111.147293794,1.200000000,240,12,3
TX,691.186513635,292525.392580769,4641930.733859558,1.200000000,795,12,3
TX,691.369891555,291826.561261215,4642772.911423204,1.200000000,2020,12,3
TX,691.372126318,292255.177434910,4638674.568332078,1.200000000,904,12,3
TX,691.432066775,293746.061256743,4641446.566030187,1.200000000,517,11,3
TX,691.507928830,292188.531029473,4641905.481930684,1.200000000,1045,12,3
TX,691.533095784,290796.274803496,4641182.284489966,1.200000000,1185,7,3
TX,691.554972021,288419.947456761,4632091.116423280,1.200000000,1837,12,3
TX,691.688888245,290406.030294604,4641810.226339217,1.200000000,1255,7,3
TX,691.774333839,291213.346384384,4641869.207464796,1.200000000,2505,10,3
TX,691.890125272,292741.467417091,4639404.158696050,1.200000000,84,12,3
TX,691.963496994,271645.888980883,4630662.156783273,1.200000000,2366,12,3
TX,692.019398608,290186.782556664,4643842.184828483,1.200000000,2228,12,3
TX,692.295899541,288058.552167533,4639052.301688732,1.200000000,2291,12,3
TX,692.325263864,291053.153648871,4643999.684156997,1.200000000,2767,12,3
TX,692.492863292,291840.681340677,4642574.887655078,1.200000000,715,12,3
TX,692.616286912,290446.848490216,4641767.071159803,1.200000000,2582,7,3
TX,692.631445084,290204.338164809,4640989.733416493,1.200000000,2764,7,3
TX,692.839652516,273709.080142153,4630659.964993256,1.200000000,1904,12,3
TX,693.049300909,292618.039514302,4641158.272951755,1.200000000,657,12,3
TX,693.060442091,290311.535564538,4641895.514394538,1.200000000,726,7,3
TX,693.185439622,286708.233454623,4645125.228911519,1.200000000,1356,12,3
TX,693.286916518,289218.921463240,4642510.648123111,1.200000000,1353,10,3
TX,693.343513375,287592.697066004,4636506.761713587,1.200000000,2709,12,3
TX,693.656490528,290564.663425673,4643885.642736898,1.200000000,1761,12,3
TX,693.752317045,292712.805981377,4638732.536861809,1.200000000,1120,12,3
TX,693.793712300,291983.120999362,4642996.980854535,1.200000000,1947,12,3
TX,693.808821416,284790.643128496,4633037.763884764,1.200000000,202,12,3
TX,693.821074460,289680.863651989,4643583.893709934,1.200000000,87,12,3
TX,693.839667011,291034.157470363,4641752.580825704,1.200000000,1413,8,3
TX,693.986798828,273681.627180454,4630676.268082727,1.200000000,1849,12,3
TX,694.005040477,291038.245435400,4641919.077512607,1.200000000,126,9,3
TX,694.010193235,291759.245415584,4646112.455351315,1.200000000,327,12,3
TX,694.354399917,291717.580790811,4642764.140612703,1.200000000,467,12,3
TX,695.165692067,290693.057897664,4642286.138849444,1.200000000,1439,10,3
TX,695.649333690,292314.285117780,4642053.302824806,1.200000000,2249,12,3
TX,695.802644730,291060.247121893,4642051.925773675,1.200000000,348,10,3
TX,695.943088755,289729.849055366,4633932.552525314,1.200000000,552,12,3
TX,695.980931837,294664.468112181,4648197.836955149,1.200000000,586,12,3
TX,696.015528437,291023.415787741,4641966.502734208,1.200000000,2372,10,3
TX,696.402100643,291041.037373181,4644036.984710447,1.200000000,709,12,3
TX,696.483488323,290362.417854318,4643829.636907588,1.200000000,876,12,3
TX,696.795405196,293599.652178532,4642786.663958818,1.200000000,476,12,3
TX,696.838795603,292448.843016467,4641371.063707925,1.200000000,225,12,3
TX,696.851846099,295433.525755896,4643854.319447429,1.200000000,1451,12,3
TX,696.868074545,298107.846456750,4637844.495507997,1.200000000,247,12,3
TX,696.995272695,293238.973243112,4640224.760184996,1.200000000,1461,12,3
TX,697.088821428,271641.065226208,4630639.841926371,1.200000000,2303,12,3
TX,697.101451655,292305.479958122,4637658.562467540,1.200000000,2286,12,3
TX,697.108061224,299781.536214935,4630305.113131288,1.200000000,2179,12,3
TX,697.394307182,273697.890800604,4630665.252873193,1.200000000,2112,12,3
TX,697.443230127,289221.573262456,4643479.524911984,1.200000000,1807,12,3
TX,697.768882165,291232.213134180,4642271.738081837,1.200000000,2118,11,3
TX,697.884381508,290999.191122991,4641879.447859801,1.200000000,1201,8,3
TX,698.094811189,290415.451335702,4643851.823440738,1.200000000,2617,12,3
TX,698.251804386,289846.252204457,4642763.014222082,1.200000000,1421,11,3
TX,698.252317724,291156.813218623,4639430.705653870,1.200000000,2353,12,3
TX,698.394193468,292526.340155095,4642909.216159521,1.200000000,1726,12,3
TX,698.466533707,294489.990804758,4642658.749382462,1.200000000,2365,9,3
TX,698.521643287,273722.077412144,4630633.669553575,1.200000000,2780,12,3
TX,698.598344966,289398.360968900,4641753.257725005,1.200000000,2060,8,3
TX,698.715138665,273717.457566812,4630632.280833798,1.200000000,1079,12,3
TX,698.941927841,288018.179903744,4643112.237362543,1.200000000,831,12,3
TX,699.139107681,291128.776413645,4641198.504569809,1.200000000,2217,9,3
TX,699.149611167,273355.083865028,4626155.025254793,1.200000000,2533,12,3
TX,699.150015479,290978.184417723,4641179.210102364,1.200000000,1180,8,3
TX,699.174638218,291252.643622327,4642285.885428173,1.200000000,359,11,3
TX,699.361171631,271912.913019379,4630606.158694814,1.200000000,1547,12,3
TX,699.461431148,291714.018971305,4642370.579039400,1.200000000,2549,12,3
TX,699.506378301,290476.070293023,4640625.150143487,1.200000000,1127,7,3
TX,699.572401329,291115.093665158,4644300.185368533,1.200000000,2227,12,3
TX,699.575140979,289810.016182661,4635540.226707096,1.200000000,2405,12,3
TX,699.614872784,291225.223120055,4639550.492408809,1.200000000,819,11,3
TX,699.702404257,282252.530390815,4637252.709497481,1.200000000,1953,12,3
TX,699.756491200,291116.602189136,4641126.278609598,1.200000000,77,9,3
TX,700.059180745,290995.257593588,4639052.518810334,1.200000000,1585,12,3
TX,700.073075804,292673.394695651,4641798.557781924,1.200000000,2809,12,3
TX,700.076995610,289089.062972677,4637260.627408951,1.200000000,1235,12,3
TX,700.091654511,290460.165260594,4643858.428955354,1.200000000,1335,12,3
TX,700.098987959,290430.236129408,4643889.290749573,1.200000000,2757,12,3
TX,700.345354733,293823.929863448,4642425.408351672,1.200000000,1744,10,3
TX,700.381910134,290482.901279381,4642795.447870303,1.200000000,1323,12,3
TX,700.613275827,271625.735130265,4630647.411067305,1.200000000,972,12,3
TX,700.623331267,289940.327993553,4634398.669076431,1.200000000,2246,12,3
TX,700.629479829,289237.669979886,4642505.487211908,1.200000000,82,10,3
TX,700.758438366,286758.308310897,4641325.023174460,1.200000000,895,12,3
TX,700.772625138,291052.970374441,4644018.340983778,1.200000000,2687,12,3
TX,700.874571127,288343.447044707,4641325.698282701,1.200000000,1284,10,3
TX,701.145160499,295125.037488536,4642704.305864168,1.200000000,1747,9,3
TX,701.189914447,291566.091685634,4639868.194764721,1.200000000,1604,12,3
TX,701.454657500,288906.395923313,4643695.840766452,1.200000000,267,12,3
TX,701.535386547,273646.186983393,4630655.488910151,1.200000000,352,12,3
TX,701.631837835,289942.497622222,4634418.569582712,1.200000000,2182,12,3
TX,701.687659706,289610.128209686,4641942.258932229,1.200000000,2469,7,3
TX,701.769945896,291502.577345847,4641333.546139410,1.200000000,1104,10,3
TX,701.790469523,283160.604924774,4640483.101769008,1.200000000,919,12,3
TX,701.836426749,291202.763076652,4641296.982771890,1.200000000,1023,10,3
TX,701.842465709,273715.412376796,4630607.588256041,1.200000000,1017,12,3
TX,701.932895575,291340.739288989,4639927.940703423,1.200000000,2649,10,3
TX,702.059205279,291991.058914037,4643705.141129283,1.200000000,1243,12,3
TX,702.150480611,289688.410458105,4641888.354555552,1.200000000,2040,7,3
TX,702.448289469,290713.477231983,4641181.948830241,1.200000000,562,7,3
TX,702.530369408,292680.261295093,4641803.264903471,1.200000000,148,12,3
TX,702.532296284,288788.653005735,4641770.516677992,1.200000000,238,9,3
TX,702.590676424,290613.462092515,4641096.653407786,1.200000000,1071,7,3
TX,702.603162024,291357.492816881,4638071.325426459,1.200000000,2194,12,3
TX,702.657669582,292003.865371495,4646083.430678933,1.200000000,324,12,3
TX,702.682803581,281235.493561168,4632709.741807091,1.200000000,2069,12,3
TX,702.958907980,290479.978415258,4640631.087178297,1.200000000,1587,7,3
TX,702.964603223,292539.670601280,4641882.083120708,1.200000000,1674,12,3
TX,703.107220363,290477.601504555,4642848.199816766,1.200000000,666,12,3
TX,703.169772799,291260.728519969,4642212.578376030,1.200000000,821,11,3
TX,703.176146195,285342.343942947,4640868.239273900,1.200000000,1068,12,3
TX,703.230655242,273686.944735387,4630685.794450243,1.200000000,294,12,3
TX,703.303944707,294607.453083157,4644899.513272179,1.200000000,2642,12,3
TX,703.379841606,292734.749204013,4641838.799054849,1.200000000,1652,12,3
TX,703.572537286,290217.951536269,4640432.069266823,1.200000000,2817,7,3
TX,703.577752074,291906.436331958,4642571.295868200,1.200000000,2521,12,3
TX,703.650621513,291728.593526730,4642142.176351731,1.200000000,2436,12,3
TX,703.792911420,291348.620473624,4638562.949526464,1.200000000,1121,12,3
TX,703.850300146,290460.591392848,4640630.777547292,1.200000000,2104,7,3
TX,703.880966556,289931.848184192,4645840.306026959,1.200000000,394,12,3
TX,703.943670255,292524.075698653,4642913.545055307,1.200000000,2647,12,3
TX,704.115651692,273741.416713168,4630638.983336734,1.200000000,1265,12,3
TX,704.151687160,291816.916188027,4642432.661971754,1.200000000,612,12,3
TX,704.261789681,290688.201805599,4641311.037524092,1.200000000,520,7,3
TX,704.302043457,290120.716930554,4641420.281777314,1.200000000,594,7,3
TX,704.369185125,289728.725996311,4638803.865861558,1.200000000,1256,12,3
TX,704.378603929,290070.143508029,4642389.330317985,1.200000000,45,9,3
TX,704.383689523,292703.937473277,4641790.090784049,1.200000000,779,12,3
TX,704.418595966,289572.479101104,4637781.506387871,1.200000000,1286,12,3
TX,704.548003530,285616.098488154,4642650.254098926,1.200000000,1318,12,3
TX,704.608445071,289306.064366334,4634315.733506396,1.200000000,2145,12,3
TX,704.629037603,288850.686177225,4641387.162324503,1.200000000,485,7,3
TX,704.674371240,271830.326042010,4630660.754638772,1.200000000,2156,12,3
TX,704.683548701,291225.865249082,4641701.115921688,1.200000000,974,9,3
TX,704.858069550,273734.624110864,4630653.104215777,1.200000000,2150,12,3
TX,704.862474799,284124.178582262,4630327.683329551,1.200000000,1447,12,3
TX,704.873102905,289413.595108444,4645896.472478769,1.200000000,1785,12,3
TX,704.973392057,290781.166912661,4642938.006701256,1.200000000,2421,11,3
TX,705.106314905,271889.088141147,4630685.042041234,1.200000000,307,12,3
TX,705.628988831,290334.601459073,4641876.457089272,1.200000000,1162,7,3
TX,705.777884064,292782.557463848,4641277.043090465,1.200000000,976,12,3
TX,705.930344702,291025.179600857,4641944.306251080,1.200000000,1016,9,3
TX,705.992972637,273710.493205560,4630637.573994895,1.200000000,751,12,3
TX,706.385373204,292194.747318371,4643428.692553505,1.200000000,1839,12,3
TX,706.423494074,292802.529743652,4641972.474398971,1.200000000,1279,12,3
TX,706.549961107,289864.706325116,4643023.208076670,1.200000000,1414,12,3
TX,706.590902621,291234.676295323,4641279.767221351,1.200000000,2730,8,3
TX,706.602775951,290987.777591448,4642618.447961230,1.200000000,2100,11,3
TX,706.615778446,289825.173660459,4641398.219400373,1.200000000,18,7,3
TX,706.739951050,292521.167711797,4641775.278573780,1.200000000,2437,12,3
TX,706.806206606,292746.220180256,4641874.177404458,1.200000000,1944,12,3
TX,706.844937714,291582.692623780,4642343.980556642,1.200000000,196,12,3
TX,706.852098984,291997.648893514,4643714.731973802,1.200000000,186,12,3
TX,706.874285838,291970.428560036,4642595.424220309,1.200000000,2689,12,3
TX,707.070482784,290834.407860608,4642284.304894345,1.200000000,492,10,3
TX,707.224126323,293491.511315156,4645038.713303483,1.200000000,1229,12,3
TX,707.230846498,289072.760041057,4637203.644339305,1.200000000,1237,12,3
TX,707.250465782,290792.615292266,4642069.706275200,1.200000000,423,10,3
TX,707.406391135,292813.033888222,4641994.117553255,1.200000000,479,12,3
TX,707.427744264,293794.784609950,4642673.788562676,1.200000000,681,12,3
TX,707.441709876,273696.382618384,4630688.619296361,1.200000000,1616,12,3
TX,707.454626881,294741.081856060,4641401.731810977,1.200000000,2192,7,3
TX,707.579692755,289316.396144131,4634321.404976901,1.200000000,1958,12,3
TX,707.647954003,291088.003002277,4641950.348808050,1.200000000,1714,10,3
TX,707.664274058,292320.788222737,4642048.721890263,1.200000000,1373,12,3
TX,707.867590108,282984.937864008,4634515.217073502,1.200000000,1080,12,3
TX,707.959703431,292235.925139317,4637154.056153823,1.200000000,1063,12,3
TX,707.996042310,294666.496021348,4639827.661001584,1.200000000,2336,11,3
TX,708.170094824,289489.473652712,4644782.122263581,1.200000000,1478,12,3
TX,708.225058695,291159.966346922,4641242.565436722,1.200000000,1514,9,3
TX,708.356551046,291786.157272043,4642829.684366697,1.200000000,1384,12,3
TX,709.098017695,292483.587455089,4643506.631564871,1.200000000,1352,12,3
TX,709.428635545,282949.274361870,4646356.178184461,1.200000000,1296,12,3
TX,709.462706117,273681.748484879,4630639.575487589,1.200000000,1782,12,3
TX,709.527024399,288826.023543487,4638990.854360720,1.200000000,105,12,3
TX,709.528299977,291193.561521672,4641297.606813094,1.200000000,484,10,3
TX,709.726326076,290010.142001476,4641003.752260243,1.200000000,401,7,3
TX,709.764987452,286736.012259152,4641374.982207849,1.200000000,284,12,3
TX,709.813217954,292210.509544864,4638424.324428147,1.200000000,596,12,3
TX,709.859206726,290226.186964861,4644211.666907606,1.200000000,1701,12,3
TX,710.008830011,294924.779922503,4648463.671682321,1.200000000,635,12,3
TX,710.044512839,294021.666631334,4644556.752665080,1.200000000,1379,12,3
TX,710.052388727,273731.088372924,4630652.608619813,1.200000000,1541,12,3
TX,710.129568426,290982.232742937,4643711.281779973,1.200000000,478,12,3
TX,710.166308344,291383.690915700,4642028.850790209,1.200000000,1311,11,3
TX,710.248001268,292542.867135375,4642914.153155232,1.200000000,2014,12,3
TX,710.251071651,290322.826980253,4637075.132385323,1.200000000,1417,12,3
TX,710.324308542,292118.066036765,4643217.616629449,1.200000000,708,12,3
TX,710.339658280,291369.310384620,4641428.327627611,1.200000000,1633,10,3
TX,710.349039460,290298.650233429,4641968.009376581,1.200000000,2783,8,3
TX,710.366668811,273703.525792715,4630702.964229180,1.200000000,783,12,3
TX,710.468714718,290609.142484770,4641302.897431191,1.200000000,305,7,3
TX,710.658306836,288082.260307274,4637667.803273028,1.200000000,2655,12,3
TX,710.675818680,296968.739587787,4630865.611629001,1.200000000,1865,12,3
TX,710.869672650,291003.947937541,4639051.341976641,1.200000000,1220,12,3
TX,710.905196289,291849.440972136,4642548.043561886,1.200000000,1927,12,3
TX,711.086229042,283228.364783374,4632735.309606737,1.200000000,780,12,3
TX,711.144409643,292540.558034572,4642608.384505816,1.200000000,1564,12,3
TX,711.222807883,287274.252972145,4634212.601936704,1.200000000,1452,12,3
TX,711.227809016,290676.273764731,4641306.434768201,1.200000000,2651,7,3
TX,711.233552098,290474.147859101,4640630.720628710,1.200000000,2184,7,3
TX,711.267225172,290663.302263654,4642285.131461997,1.200000000,1999,9,3
TX,711.307286986,291998.234255160,4643718.806803291,1.200000000,1998,12,3
TX,711.396994753,291209.702892093,4637934.075066217,1.200000000,1603,12,3
TX,711.399142225,293042.268431810,4642614.087936145,1.200000000,1222,12,3
TX,711.463711073,292327.775367544,4642042.075777546,1.200000000,2494,12,3
TX,711.799171713,285141.227850802,4632680.984503074,1.200000000,1620,12,3
TX,711.816629246,293434.440413171,4644122.791078031,1.200000000,518,12,3
TX,711.931605918,293421.326232087,4642886.587476110,1.200000000,2615,12,3
TX,711.936275133,291767.971342806,4641548.807946444,1.200000000,486,12,3
TX,711.942118018,290493.363126615,4641375.063055248,1.200000000,2196,7,3
TX,712.042088960,290422.565467391,4641821.585980287,1.200000000,1155,7,3
TX,712.089678824,293543.023390042,4642754.555574158,1.200000000,716,12,3
TX,712.172350740,290781.338471068,4642282.142601284,1.200000000,2283,10,3
TX,712.204491382,290463.995103303,4641521.966912496,1.200000000,53,7,3
TX,712.236381457,299729.338207211,4630053.941839475,1.200000000,2317,12,3
TX,712.314547796,295140.834321731,4642695.741687671,1.200000000,334,9,3
TX,712.345635650,292784.637644946,4642159.006624978,1.200000000,2267,12,3
TX,712.406835024,289519.712199481,4638040.437911707,1.200000000,1841,12,3
TX,712.426148899,290095.921402238,4640901.531833380,1.200000000,535,7,3
TX,712.495941205,292090.736600517,4642633.736305676,1.200000000,74,12,3
TX,712.556130160,289705.556429586,4639260.094453545,1.200000000,907,9,3
TX,712.798520436,291926.714595780,4642577.809043250,1.200000000,914,12,3
TX,712.844704278,287504.828548477,4633326.296291108,1.200000000,1838,12,3
TX,712.848135614,291654.835262023,4642336.352031437,1.200000000,916,12,3
TX,712.856352280,291039.218070833,4640438.060969680,1.200000000,926,9,3
TX,712.876221018,290364.303679946,4641810.163820189,1.200000000,6,7,3
TX,712.940907065,290665.460654726,4641616.024787420,1.200000000,1579,7,3
TX,713.212315872,291123.134459950,4641151.089317032,1.200000000,1760,9,3
TX,713.273104736,297798.184652271,4640980.285701524,1.200000000,837,11,3
TX,713.444677986,273752.696976326,4630657.363290626,1.200000000,2094,12,3
TX,713.726752184,290586.045209449,4640853.241922599,1.200000000,190,7,3
TX,713.782917394,291246.150924606,4644643.941910877,1.200000000,116,12,3
TX,714.041485312,289655.990978530,4642426.451254478,1.200000000,1817,9,3
TX,714.048235946,289502.796393134,4645877.282879689,1.200000000,1357,12,3
TX,714.202607303,291788.056039688,4642543.609052100,1.200000000,2106,12,3
TX,714.285083575,289530.764524302,4641797.014005095,1.200000000,2107,7,3
TX,714.337648775,273753.579741136,4630638.528803203,1.200000000,1898,12,3
TX,714.347121507,290442.902282325,4645948.183143061,1.200000000,1464,12,3
TX,714.372465394,295987.098406436,4650264.957688234,1.200000000,279,12,3
TX,714.394162195,291924.408241746,4641682.193769418,1.200000000,1676,12,3
TX,714.410377649,291958.156029458,4644350.678415268,1.200000000,1166,12,3
TX,714.744813012,288936.357516108,4633085.788093832,1.200000000,611,12,3
TX,714.875151255,289565.590271391,4641889.214729352,1.200000000,886,7,3
TX,714.923059612,290788.740098846,4638039.084633242,1.200000000,1316,12,3
TX,715.355478313,291776.701972910,4642813.352571107,1.200000000,2788,12,3
TX,715.426541818,292644.390276589,4641764.701355238,1.200000000,551,12,3
TX,715.441324886,291840.351888340,4642553.776746483,1.200000000,2721,12,3
TX,715.625805826,292137.765702480,4642660.845016716,1.200000000,2512,12,3
TX,715.647803377,290188.446493483,4640121.134178848,1.200000000,1556,7,3
TX,715.720795486,291476.796712921,4642264.107777405,1.200000000,2457,11,3
TX,715.746707264,292142.850451271,4642973.623412617,1.200000000,653,12,3
TX,715.747728836,291821.421032123,4642425.584405892,1.200000000,357,12,3
TX,715.768130926,291173.972451008,4641401.801561276,1.200000000,1427,9,3
TX,715.776383198,295895.256739979,4646739.779256865,1.200000000,1995,12,3
TX,715.868084659,295134.358683322,4642718.595978780,1.200000000,2711,9,3
TX,716.004883073,273693.081743569,4630709.620597767,1.200000000,335,12,3
TX,716.071195997,294158.044506689,4645620.183806543,1.200000000,2292,12,3
TX,716.076397513,289699.957553835,4635496.314383755,1.200000000,2560,12,3
TX,716.153092750,290252.802024036,4638663.980869382,1.200000000,1960,12,3
TX,716.345526962,292252.765188385,4638042.080163203,1.200000000,235,12,3
TX,716.925439961,292835.714326220,4641941.449051218,1.200000000,2451,12,3
TX,717.114603959,291071.019993091,4644039.483175649,1.200000000,2055,12,3
TX,717.117496856,291943.028488130,4643636.791859122,1.200000000,2215,12,3
TX,717.194880152,289257.118435666,4639041.575890638,1.200000000,2288,11,3
TX,717.281075407,291661.791188422,4639999.339925612,1.200000000,19,12,3
TX,717.708837966,271663.195852646,4630292.753700473,1.200000000,1343,12,3
TX,717.733380942,292527.606146513,4642819.033727434,1.200000000,537,12,3
TX,717.746727743,290765.517155698,4643873.308572478,1.200000000,1796,12,3
TX,717.797939976,292718.007680572,4641947.657131712,1.200000000,2791,12,3
TX,717.824063318,290738.720034006,4641077.529715436,1.200000000,1144,7,3
TX,717.833695511,292334.490590684,4642042.614303027,1.200000000,2300,12,3
TX,717.982096150,290478.874240739,4645037.275007556,1.200000000,187,12,3
TX,718.014611700,273669.096141185,4630634.055403847,1.200000000,1273,12,3
TX,718.026155523,291412.534204854,4641326.544125434,1.200000000,2472,10,3
TX,718.241503895,291949.366179969,4642600.562766949,1.200000000,1772,12,3
TX,718.393250693,289483.337449388,4643905.320694793,1.200000000,1167,12,3
TX,718.404568753,289622.660787552,4638800.710859373,1.200000000,2131,11,3
TX,718.471423017,291296.931248949,4642400.493164750,1.200000000,2503,12,3
TX,718.579242832,291240.941900354,4641235.793128554,1.200000000,2430,8,3
TX,718.738153372,291846.774875568,4642544.316808305,1.200000000,2349,12,3
TX,718.992521799,292686.254443642,4641804.198202317,1.200000000,1250,12,3
TX,719.043633038,291874.024875809,4642567.719684530,1.200000000,2602,12,3
TX,719.199523819,289220.579476113,4642510.651206492,1.200000000,1698,10,3
TX,719.222798334,291550.698611150,4642075.430660140,1.200000000,36,12,3
TX,719.614944016,271660.210800508,4630655.013051410,1.200000000,1900,12,3
TX,719.660317761,291425.079230132,4642034.261168674,1.200000000,839,11,3
TX,719.749111297,289733.718715476,4641842.455729332,1.200000000,514,7,3
TX,719.762901643,291046.007798141,4641713.257212056,1.200000000,41,9,3
TX,719.794128702,290716.885242795,4642174.862930840,1.200000000,1497,9,3
TX,719.916257823,290703.628187941,4641287.817002639,1.200000000,1056,7,3
TX,719.951572403,292532.099146196,4641481.202033027,1.200000000,1249,12,3
TX,720.005328515,291683.359489053,4642115.337909197,1.200000000,2742,12,3
TX,720.125140772,290370.765385215,4641811.240232653,1.200000000,846,7,3
TX,720.172333323,286847.481934051,4634320.687334702,1.200000000,2526,12,3
TX,720.273610844,286025.796305172,4640245.035032880,1.200000000,2747,12,3
TX,720.288253800,290396.268502056,4641810.820689240,1.200000000,446,7,3
TX,720.371923501,291544.203009626,4641344.431503512,1.200000000,1455,11,3
TX,720.423153936,293164.052323525,4640558.861127635,1.200000000,1251,12,3
TX,720.463358773,295147.568240796,4642714.864916437,1.200000000,1028,9,3
TX,720.538146822,295752.485999715,4636641.610126263,1.200000000,2849,12,3
TX,720.754563407,290502.328340400,4639797.448713591,1.200000000,2829,8,3
TX,720.877668355,291984.404417960,4643704.770832977,1.200000000,463,12,3
TX,720.914728411,292647.413226944,4642037.676136345,1.200000000,2666,12,3
TX,721.170866892,292707.705189910,4641828.207208087,1.200000000,1091,12,3
TX,721.227714013,289947.863101658,4641590.880470541,1.200000000,2162,7,3
TX,721.289368568,292363.791405315,4642156.136567165,1.200000000,1034,12,3
TX,721.372921174,289572.495155827,4639460.483646189,1.200000000,509,11,3
TX,721.453963107,291003.083328439,4641845.332237003,1.200000000,2025,8,3
TX,721.622876580,291041.376557679,4644034.381132242,1.200000000,719,12,3
TX,721.742315685,291007.011296194,4641832.712077085,1.200000000,2332,8,3
TX,721.789832728,286784.241599833,4641295.494238822,1.200000000,2476,12,3
TX,721.862207730,290047.301793031,4643305.741838202,1.200000000,1432,12,3
TX,721.895606930,294194.366720168,4643967.195024497,1.200000000,2806,12,3
TX,722.043552801,273661.369245134,4630680.059746182,1.200000000,326,12,3
TX,722.046715774,290736.434236991,4642905.778544066,1.200000000,136,12,3
TX,722.062412464,290078.967069604,4633482.483231270,1.200000000,1051,12,3
TX,722.063066923,273699.107047329,4630633.064785950,1.200000000,2070,12,3
TX,722.278896646,291984.154291926,4642298.769702805,1.200000000,696,12,3
TX,722.375721985,293898.663577346,4639203.886087894,1.200000000,969,12,3
TX,722.622454732,291030.623234653,4641932.981493003,1.200000000,2031,9,3
TX,722.655141717,291830.479259692,4642540.889554458,1.200000000,2765,12,3
TX,722.841839204,290725.214907719,4641305.339570448,1.200000000,957,7,3
TX,722.850813104,275420.309785869,4631474.257914024,1.200000000,1551,12,3
TX,723.030473986,287915.241917590,4643982.095127240,1.200000000,1638,12,3
TX,723.062665695,294933.091623085,4643623.892469220,1.200000000,40,12,3
TX,723.395586241,291036.229975033,4644012.998480068,1.200000000,382,12,3
TX,723.403262296,290892.087745356,4638693.760352886,1.200000000,1964,12,3
TX,723.418840972,290365.381898877,4643395.275347561,1.200000000,123,12,3
TX,723.529117014,291237.952555156,4641244.233242301,1.200000000,505,8,3
TX,723.581387132,293646.489547599,4643482.290113009,1.200000000,1337,12,3
TX,723.721998963,291874.497705371,4642562.031021674,1.200000000,796,12,3
TX,723.913708459,292263.292857216,4642352.347290752,1.200000000,1205,12,3
TX,724.229619909,289248.695943286,4642513.806403256,1.200000000,2793,9,3
TX,724.529836771,290343.383304257,4641359.115196874,1.200000000,2540,7,3
TX,724.754428168,293901.128612549,4643714.577715226,1.200000000,1494,12,3
TX,725.566409883,289985.237620127,4641593.382748890,1.200000000,690,7,3
TX,725.677749167,282114.519691819,4637665.005448489,1.200000000,1966,12,3
TX,725.691261525,273701.714099880,4630623.148815438,1.200000000,175,12,3
TX,725.881525050,293199.998285122,4642031.505264115,1.200000000,650,12,3
TX,726.321496193,273716.294707306,4630649.371602889,1.200000000,1862,12,3
TX,726.595683139,288233.099227491,4642981.789793176,1.200000000,1175,12,3
TX,726.672815090,291041.642607198,4644019.651963040,1.200000000,1647,12,3
TX,726.682500971,294239.129854104,4645078.872558165,1.200000000,2657,12,3
TX,726.817156199,291139.814333756,4642227.802179309,1.200000000,1065,11,3
TX,726.846229701,290649.267234856,4642139.201680641,1.200000000,1515,9,3
TX,727.034928099,291096.596300637,4641966.067890292,1.200000000,1706,10,3
TX,727.117508999,271628.791009522,4630656.123439179,1.200000000,1267,12,3
TX,727.140475093,273657.037724862,4630650.841460102,1.200000000,346,12,3
TX,727.206236033,289783.239029804,4642396.260235641,1.200000000,1981,9,3
TX,727.343949239,291563.283069999,4641383.796307433,1.200000000,1810,11,3
TX,727.388822998,293005.275608621,4638722.163189458,1.200000000,2242,12,3
TX,727.551883924,292327.396817298,4642077.155845520,1.200000000,1037,12,3
TX,727.746223083,290468.215941890,4645155.186260534,1.200000000,593,12,3
TX,727.906578186,290666.566126649,4641308.620888623,1.200000000,968,7,3
TX,727.941896096,273662.567566005,4630689.695423127,1.200000000,2281,12,3
TX,727.965347866,296003.980983350,4642557.560168754,1.200000000,630,7,3
TX,727.983788521,289312.442575542,4634307.078997502,1.200000000,2669,12,3
TX,728.066542921,295063.541361738,4642594.190959104,1.200000000,2053,8,3
TX,728.087216145,290676.492884327,4641181.327796243,1.200000000,1493,7,3
TX,728.456602800,292527.096754165,4642908.871433860,1.200000000,1224,12,3
TX,728.505621773,286013.989103719,4639963.767403252,1.200000000,2585,12,3
TX,728.731949207,291791.510034824,4642571.352097793,1.200000000,350,12,3
TX,728.831538842,291569.792939118,4641388.056393404,1.200000000,2735,11,3
TX,729.058552709,289343.611746594,4642452.711043056,1.200000000,1775,12,3
TX,729.074257231,291560.843484380,4643882.603147293,1.200000000,1991,12,3
TX,729.108567882,291647.685656799,4642292.075212288,1.200000000,1404,12,3
TX,729.199895701,290031.505425371,4641541.603520581,1.200000000,622,7,3
TX,729.211175922,290704.234970503,4641300.942712899,1.200000000,627,7,3
TX,729.260229398,291294.891455053,4641997.975581481,1.200000000,1833,11,3
TX,729.288399791,290336.801165950,4643397.898460517,1.200000000,553,12,3
TX,729.546529584,294059.098210494,4650278.781470453,1.200000000,2392,12,3
TX,729.619985765,289238.958500423,4644715.558719395,1.200000000,205,12,3
TX,729.788251585,290373.960460373,4641818.842296620,1.200000000,2496,7,3
TX,729.809915467,287946.677586115,4632034.444932404,1.200000000,2679,12,3
TX,729.875023473,291842.679785808,4642545.239473267,1.200000000,908,12,3
TX,729.875459852,290055.995691869,4642399.774132712,1.200000000,2218,9,3
TX,729.892554445,293466.458216051,4643343.451472485,1.200000000,1329,12,3
TX,729.910022388,291046.748427889,4644017.687910761,1.200000000,2621,12,3
TX,730.006442395,291234.961882119,4642285.010225519,1.200000000,2019,11,3
TX,730.034304848,292975.795275484,4642026.999178980,1.200000000,2141,12,3
TX,730.083082196,291671.674343374,4642226.151090894,1.200000000,192,11,3
TX,730.085195679,293835.640122059,4640620.671000954,1.200000000,2312,12,3
TX,730.137097278,271952.697215411,4630592.346978812,1.200000000,652,12,3
TX,730.171434246,291048.958402377,4642268.394453289,1.200000000,1106,10,3
TX,730.182775426,291040.201936066,4641179.869668447,1.200000000,2028,8,3
TX,730.242453612,292816.351444177,4641987.165285628,1.200000000,158,12,3
TX,730.247872052,291822.656202297,4642417.311566725,1.200000000,1193,12,3
TX,730.268850434,288953.280088478,4641844.243915770,1.200000000,1087,9,3
TX,730.340057471,283892.873007635,4637235.288890152,1.200000000,1081,12,3
TX,730.451518631,288387.958951791,4642502.873050251,1.200000000,2584,12,3
TX,730.545537669,292096.822401344,4643185.037085608,1.200000000,184,12,3
TX,730.783136785,288609.516228430,4641660.582118026,1.200000000,1203,10,3
TX,730.836657816,289591.190890643,4643561.366888875,1.200000000,599,12,3
TX,730.852888517,291507.681459332,4640996.145656514,1.200000000,2468,9,3
TX,730.878800216,273699.889637752,4630636.456632559,1.200000000,1649,12,3
TX,730.889662973,291027.937460520,4639055.817618883,1.200000000,1160,12,3
TX,731.009218710,291120.940971490,4641148.902606760,1.200000000,2623,9,3
TX,731.079217929,271547.363621330,4630134.439091119,1.200000000,303,12,3
TX,731.230202108,292220.628853253,4638020.830595269,1.200000000,1125,12,3
TX,731.341134945,284464.089265131,4632999.033143917,1.200000000,1103,12,3
TX,731.406270589,292452.064916931,4641604.491892752,1.200000000,1291,12,3
TX,731.431899109,298109.768994685,4643693.811135723,1.200000000,2672,12,3
TX,731.450867390,295102.180278742,4642715.191277552,1.200000000,607,9,3
TX,731.473375958,289686.800389753,4641831.346052016,1.200000000,2202,7,3
TX,731.613892020,291206.616870878,4641394.152746870,1.200000000,140,10,3
TX,731.675096093,290426.602190464,4640695.707815488,1.200000000,874,7,3
TX,731.802004120,290782.739426222,4642269.700927496,1.200000000,269,10,3
TX,731.808982770,291990.338572220,4643710.210604367,1.200000000,2287,12,3
TX,731.817004062,291718.054993347,4642170.610201877,1.200000000,2724,11,3
TX,732.100385904,290697.020982043,4641311.702849110,1.200000000,713,7,3
TX,732.105758341,292006.686795505,4643719.036884637,1.200000000,2626,12,3
TX,732.130928960,288459.482532736,4639659.034030674,1.200000000,1092,12,3
TX,732.171273479,289952.053910868,4634416.578183436,1.200000000,2453,12,3
TX,732.308042983,289257.728664457,4638487.409428323,1.200000000,2271,12,3
TX,732.348204927,291172.205208326,4644518.688607416,1.200000000,2376,12,3
TX,732.470859960,290649.758476153,4646621.551535888,1.200000000,339,12,3
TX,732.628483081,292535.864559555,4642904.781883649,1.200000000,1583,12,3
TX,732.754144426,290697.439516001,4642155.926575183,1.200000000,958,9,3
TX,732.754317920,299736.143688126,4630041.901209079,1.200000000,1631,12,3
TX,732.942042766,292314.689122774,4642048.561976602,1.200000000,1885,12,3
TX,733.076965323,294419.466249726,4604532.491513085,1.200000000,1187,12,3
TX,733.217044017,273667.530858446,4630633.302008699,1.200000000,753,12,3
TX,733.226618950,295130.661330264,4642705.312627919,1.200000000,1731,9,3
TX,733.295957686,291060.758005466,4644056.249629169,1.200000000,1358,12,3
TX,733.612090724,288954.441940520,4641836.621324674,1.200000000,531,9,3
TX,733.785455974,287399.790371425,4641456.496031428,1.200000000,1198,12,3
TX,733.932578417,293247.386160087,4644035.760984588,1.200000000,614,12,3
TX,733.936165151,292533.920196295,4642917.050428849,1.200000000,1779,12,3
TX,733.983327007,294972.058696652,4638362.199352739,1.200000000,1641,12,3
TX,734.070903715,273698.476100765,4630625.884218842,1.200000000,2063,12,3
TX,734.105636485,292876.863728928,4642205.095710664,1.200000000,495,12,3
TX,734.108161855,294901.917963953,4646736.466723369,1.200000000,95,12,3
TX,734.205333995,291130.275806355,4641374.340540273,1.200000000,1476,10,3
TX,734.303718077,289404.107875354,4633482.838159817,1.200000000,2347,12,3
TX,734.436069156,289821.835955743,4641791.290221590,1.200000000,2307,7,3
TX,734.500782964,292523.177114213,4642918.992277423,1.200000000,2553,12,3
TX,734.724951469,291096.423112154,4641965.097323857,1.200000000,2546,10,3
TX,734.754013356,293173.147047925,4640533.081545327,1.200000000,1781,12,3
TX,734.762829950,289184.088857426,4642517.585555905,1.200000000,1732,10,3
TX,734.960856378,291030.830730446,4641956.072925211,1.200000000,2018,10,3
TX,735.116466192,302791.983443244,4640441.355990200,1.200000000,1487,12,3
TX,735.160012771,294841.370124217,4640443.897502149,1.200000000,120,9,3
TX,735.177925014,290935.216612757,4642054.267841789,1.200000000,2360,8,3
TX,735.308333874,290123.817137606,4640433.489115898,1.200000000,943,7,3
TX,735.370991884,291055.724156837,4641980.836372431,1.200000000,234,10,3
TX,735.852057200,291459.166956520,4642432.759745252,1.200000000,92,12,3
TX,735.923140592,291688.253251786,4642121.205807443,1.200000000,1230,12,3
TX,736.087863273,291039.815821979,4641957.431010194,1.200000000,362,10,3
TX,736.091540548,276949.269783058,4632308.634625931,1.200000000,56,12,3
TX,736.091890903,291847.007704032,4641619.653400631,1.200000000,2718,12,3
TX,736.103371837,291031.813269919,4642274.009351647,1.200000000,2098,10,3
TX,736.106424702,292296.396154804,4642330.153826195,1.200000000,2257,12,3
TX,736.203281630,290469.298264647,4641459.115725853,1.200000000,1489,7,3
TX,736.244227385,294407.866694404,4642699.289135477,1.200000000,1135,10,3
TX,736.284628119,290478.255262874,4640631.765436508,1.200000000,43,7,3
TX,736.414385322,290332.209808439,4643711.689838601,1.200000000,809,12,3
TX,736.426805680,291537.105343521,4641098.120159113,1.200000000,2639,11,3
TX,736.609090997,273647.687886069,4630658.527861514,1.200000000,1276,12,3
TX,736.890738858,291988.890518358,4643719.969716817,1.200000000,1499,12,3
TX,736.964189342,273623.405021276,4630268.210192964,1.200000000,1089,12,3
TX,736.975580620,290522.738786029,4642895.536996859,1.200000000,143,12,3
TX,736.983814063,287330.735267530,4637877.490121059,1.200000000,1873,12,3
TX,737.315543694,295145.859284150,4642711.595179716,1.200000000,566,9,3
TX,737.358585501,290371.178590338,4641807.315358248,1.200000000,86,7,3
TX,737.464170192,291574.799260234,4642576.663374406,1.200000000,1196,12,3
TX,737.481496070,291741.099119493,4640345.653677739,1.200000000,1285,11,3
TX,737.702759432,291866.315939709,4642562.487863586,1.200000000,2488,12,3
TX,737.725891742,288405.310479166,4641363.661915410,1.200000000,2201,8,3
TX,738.080291394,291190.037011176,4641380.298582519,1.200000000,2266,10,3
TX,739.010572189,291131.948567878,4641334.044692518,1.200000000,2203,10,3
TX,739.031732573,293101.209242491,4643024.169994642,1.200000000,2570,12,3
TX,739.066051389,291935.071402975,4642586.041671690,1.200000000,915,12,3
TX,739.294351093,287515.619349812,4633238.181048399,1.200000000,1979,12,3
TX,739.312748276,289679.001603686,4638746.090059343,1.200000000,1320,12,3
TX,739.347280652,292690.334911446,4641795.753544933,1.200000000,830,12,3
TX,739.639573731,299814.792498130,4634842.584449913,1.200000000,435,12,3
TX,739.676602799,308195.665992408,4637564.109091900,1.200000000,1766,12,3
TX,739.752628126,291091.932545985,4643624.243039237,1.200000000,413,12,3
TX,739.909705133,291912.358360163,4642561.943363965,1.200000000,258,12,3
TX,740.139870043,291039.655893542,4641973.066603074,1.200000000,360,10,3
TX,740.184092228,290377.406082876,4644438.872852708,1.200000000,2539,12,3
TX,740.197521642,290466.897903778,4642320.040754146,1.200000000,421,10,3
TX,740.296621290,292107.077367438,4640638.282218782,1.200000000,1395,12,3
TX,740.366902828,290676.742125300,4641312.956430850,1.200000000,1084,7,3
TX,740.437234392,289758.474528969,4641317.958509590,1.200000000,499,7,3
TX,740.479228156,293074.164573402,4642401.742117404,1.200000000,1686,12,3
TX,740.586459382,291946.694294843,4642581.049921768,1.200000000,2763,12,3
TX,740.641869096,290495.184793519,4640633.215796424,1.200000000,80,7,3
TX,740.781831410,289627.068835544,4643504.178606381,1.200000000,88,12,3
TX,741.138079411,290438.833065652,4640644.017957761,1.200000000,2278,7,3
TX,741.335024792,290054.217364632,4630503.214043265,1.200000000,1006,12,3
TX,741.558440322,273681.088011138,4630633.114235306,1.200000000,679,12,3
TX,741.576946958,290498.082198206,4640637.207621856,1.200000000,1326,7,3
TX,741.743904679,291353.139891898,4637879.724221112,1.200000000,1033,12,3
TX,741.773700237,294013.441537117,4642450.804360019,1.200000000,1610,9,3
TX,741.862312473,295198.859399695,4640689.094098142,1.200000000,337,7,3
TX,741.907849944,290913.158155464,4643970.471848290,1.200000000,1512,12,3
TX,741.923561057,291044.243598394,4642285.744049619,1.200000000,1655,11,3
TX,741.937322458,289951.000473999,4634405.703318276,1.200000000,311,12,3
TX,741.969383152,273709.066531245,4630649.282588387,1.200000000,1794,12,3
TX,742.007881012,271840.262568423,4630681.770638144,1.200000000,567,12,3
TX,742.124130602,293292.012918205,4644282.496268877,1.200000000,1528,12,3
TX,742.294638674,290526.602699812,4641296.626059183,1.200000000,2363,7,3
TX,742.633874777,295136.823155254,4642752.099773454,1.200000000,393,9,3
TX,742.686286267,292529.449918102,4641626.609765836,1.200000000,1754,12,3
TX,742.705811269,290605.192287180,4641351.660198850,1.200000000,702,7,3
TX,742.781476629,290693.668392874,4641289.869965173,1.200000000,2422,7,3
TX,742.803000609,291969.508211821,4642595.602300470,1.200000000,2335,12,3
TX,742.937188573,290446.341025642,4642315.354496615,1.200000000,2686,9,3
TX,743.163456054,292719.893886057,4643723.510926998,1.200000000,948,12,3
TX,743.207657428,290819.090521733,4642284.107489235,1.200000000,2151,10,3
TX,743.377422885,290669.581451816,4641327.274166487,1.200000000,739,7,3
TX,743.403207330,290687.335157898,4641308.675361974,1.200000000,1994,7,3
TX,743.560235667,291824.307551005,4642439.828325888,1.200000000,824,12,3
TX,743.598494421,288179.039187278,4642087.986844336,1.200000000,625,12,3
TX,743.629528050,290429.461367176,4645519.114249752,1.200000000,2775,12,3
TX,743.699118215,295127.084718579,4642693.915268932,1.200000000,325,9,3
TX,743.708612459,290581.275705025,4639672.162863319,1.200000000,2603,9,3
TX,743.952723985,292248.569821671,4637150.128584072,1.200000000,2483,12,3
TX,743.959545569,292354.554890084,4640593.678643113,1.200000000,1509,12,3
TX,743.970927557,292848.088708918,4641933.829015674,1.200000000,1293,12,3
TX,744.227140146,291245.765122016,4642281.868128286,1.200000000,2352,11,3
TX,744.278794699,292184.697381368,4641384.155217235,1.200000000,1967,12,3
TX,744.354633249,289961.832550749,4634418.596978560,1.200000000,2344,12,3
TX,744.390396256,271456.032193107,4630375.983780179,1.200000000,2299,12,3
TX,744.778844239,292716.199189531,4641834.301822241,1.200000000,669,12,3
TX,744.799917974,273697.798796881,4630624.923898413,1.200000000,2447,12,3
TX,745.063463116,291867.181169299,4642681.356062583,1.200000000,2520,12,3
TX,745.124753682,289637.800377904,4643595.735544493,1.200000000,1473,12,3
TX,745.157620797,290479.099092419,4640641.004654374,1.200000000,1035,7,3
TX,745.338887287,291004.762656917,4639044.669938139,1.200000000,438,12,3
TX,745.341395784,290356.106361172,4641845.493982087,1.200000000,2404,7,3
TX,745.353300158,291870.005005834,4642568.272422066,1.200000000,103,12,3
TX,745.360826506,273699.499052424,4630631.953636986,1.200000000,1042,12,3
TX,745.635704295,289331.024693035,4634301.018591499,1.200000000,1664,12,3
TX,745.675286460,290381.098200937,4641811.145366217,1.200000000,525,7,3
TX,745.734580792,292466.681873443,4641883.214648498,1.200000000,2461,12,3
TX,745.831508424,293169.929106643,4643161.450121503,1.200000000,109,12,3
TX,745.986678475,290841.288615039,4642275.814135483,1.200000000,548,10,3
TX,746.035038270,289881.864555535,4641339.383309754,1.200000000,2714,7,3
TX,746.112987710,290100.395398754,4642439.531117515,1.200000000,1805,10,3
TX,746.216088737,271330.867356898,4630258.222165017,1.200000000,388,12,3
TX,746.283267453,272575.918582383,4629941.475834798,1.200000000,1351,12,3
TX,746.357963259,290504.840641702,4645908.067197409,1.200000000,161,12,3
TX,746.517945233,290476.726800851,4640629.726228995,1.200000000,2412,7,3
TX,746.518483407,293546.667096953,4639933.736948137,1.200000000,1380,12,3
TX,746.545381207,290734.479545594,4642885.656924888,1.200000000,115,12,3
TX,746.672322105,288444.163014599,4638555.843679620,1.200000000,400,12,3
TX,746.774462501,290742.252214439,4642870.700859690,1.200000000,117,12,3
TX,747.066419933,292723.053043489,4641973.455653860,1.200000000,1557,12,3
TX,747.156251096,291309.521181617,4641992.269027096,1.200000000,848,11,3
TX,747.509960213,292018.418753334,4643711.212465979,1.200000000,1246,12,3
TX,747.533070630,290810.247730638,4642280.261458701,1.200000000,254,10,3
TX,747.682376305,290647.948083902,4642554.251923290,1.200000000,132,11,3
TX,747.948024262,291028.211967360,4640968.497358853,1.200000000,1093,7,3
TX,748.118586154,292233.340035933,4642110.229722894,1.200000000,1693,12,3
TX,748.174960320,289622.911470501,4642616.215472577,1.200000000,2128,11,3
TX,748.188296954,289341.461337973,4640488.947347221,1.200000000,1576,7,3
TX,748.539226241,273680.824404794,4631141.726156840,1.200000000,923,12,3
TX,748.766210134,290445.876785452,4645251.546538194,1.200000000,536,12,3
TX,748.794851920,289930.409692243,4645971.693522923,1.200000000,786,12,3
TX,748.931778988,291023.486874711,4641966.704129580,1.200000000,2369,10,3
TX,748.968358029,291135.384872937,4641364.691583960,1.200000000,2581,10,3
TX,749.025302304,289406.063830907,4645928.952385447,1.200000000,1159,12,3
TX,749.025825047,273676.865570401,4630623.439532806,1.200000000,2064,12,3
TX,749.244367472,291518.662777960,4641197.835656539,1.200000000,794,10,3
TX,749.320864326,291029.617175173,4642315.316966400,1.200000000,163,11,3
TX,749.420442486,291801.359444313,4642860.290873275,1.200000000,310,12,3
TX,749.442293653,292758.193599943,4641828.677068479,1.200000000,2045,12,3
TX,749.481447058,286263.901323948,4634557.199790418,1.200000000,215,12,3
TX,749.527524592,289605.530741752,4643536.825453060,1.200000000,1720,12,3
TX,749.537602116,292835.093291807,4642212.602489186,1.200000000,198,12,3
TX,749.684335337,288178.963174524,4643889.874684530,1.200000000,387,12,3
TX,750.300974208,290843.897203875,4640765.957092532,1.200000000,1412,7,3
TX,750.309317530,290448.338372898,4644051.059355840,1.200000000,604,12,3
TX,750.468950461,292325.950236175,4642043.507272589,1.200000000,580,12,3
TX,750.521441253,293970.105662720,4649975.704105376,1.200000000,1536,12,3
TX,750.677764045,294461.191604076,4644328.386648101,1.200000000,1748,12,3
TX,750.698035248,290738.566621591,4639554.468719998,1.200000000,939,11,3
TX,750.773844534,273499.441324328,4630171.418880038,1.200000000,218,12,3
TX,751.048887486,295577.048520994,4645535.359049289,1.200000000,2504,12,3
TX,751.150547663,294030.718761977,4640691.058362667,1.200000000,722,12,3
TX,751.259490636,292966.134061959,4640283.451713689,1.200000000,2068,12,3
TX,751.403693327,292735.015494516,4641909.948589882,1.200000000,670,12,3
TX,751.801739685,291008.336713151,4641874.433499157,1.200000000,1116,9,3
TX,751.813270463,291037.225221252,4642261.784106176,1.200000000,1709,10,3
TX,751.911036484,289325.811801239,4634317.961569934,1.200000000,65,12,3
TX,752.081442293,273706.477005349,4630631.867039468,1.200000000,707,12,3
TX,752.167394043,289998.026676662,4642736.944985938,1.200000000,2637,10,3
TX,752.245256560,294677.066616303,4651068.132145719,1.200000000,1192,12,3
TX,752.479975964,272918.178289652,4629839.994661414,1.200000000,1899,12,3
TX,752.497893272,288587.045005505,4635152.068176976,1.200000000,2661,12,3
TX,752.827415596,283052.828990135,4668098.873182387,1.200000000,852,12,3
TX,752.847510302,291553.856359788,4641375.295574168,1.200000000,2449,11,3
TX,752.902020886,291891.800824895,4642579.226129052,1.200000000,290,12,3
TX,752.952015594,296576.806368740,4642172.572535531,1.200000000,2536,8,3
TX,753.193137937,298200.829836183,4640995.076375954,1.200000000,200,12,3
TX,753.279418919,290136.982079268,4640186.143165375,1.200000000,1643,7,3
TX,753.280063792,271844.173345439,4630822.353851777,1.200000000,683,12,3
TX,753.498990419,294930.674690009,4644977.763423143,1.200000000,2804,12,3
TX,753.545072297,273681.794825048,4630614.498512006,1.200000000,971,12,3
TX,753.669480525,290210.904380088,4634911.550935480,1.200000000,2297,12,3
TX,754.225808507,284726.093912759,4630158.311568857,1.200000000,684,12,3
TX,754.296758382,290445.003650180,4636556.321782113,1.200000000,1697,12,3
TX,754.323236723,286702.291071703,4645116.310254352,1.200000000,1355,12,3
TX,754.448403150,293243.355047646,4640214.189275200,1.200000000,2139,12,3
TX,754.668510088,292094.620554521,4643169.523911059,1.200000000,1003,12,3
TX,754.787355679,290781.641784354,4642029.893628944,1.200000000,1483,9,3
TX,754.825903688,290661.607056913,4641301.044738969,1.200000000,694,7,3
TX,755.223471764,285580.506730632,4631621.914185000,1.200000000,1977,12,3
TX,755.260699980,291437.171572621,4642299.767134513,1.200000000,1820,12,3
TX,755.305256341,290198.512175143,4642431.086035745,1.200000000,2710,10,3
TX,755.465263192,290991.495417432,4640932.971198461,1.200000000,431,8,3
TX,755.664427523,292329.207108870,4642049.783565749,1.200000000,385,12,3
TX,755.667814653,275032.115004528,4631185.500744759,1.200000000,569,12,3
TX,755.816104921,290359.843061501,4642044.840517985,1.200000000,504,10,3
TX,755.849926123,273304.782446713,4630048.159435623,1.200000000,1656,12,3
TX,755.959694331,294359.146075393,4645812.883947161,1.200000000,1780,12,3
TX,756.019443957,290469.162697989,4642838.898172334,1.200000000,2010,12,3
TX,756.020274707,292673.125914060,4638711.113164048,1.200000000,2662,12,3
TX,756.026778804,273735.978430582,4630643.770197214,1.200000000,1955,12,3
TX,756.325841718,288481.332149622,4635144.669642970,1.200000000,868,12,3
TX,756.342187863,289710.505798782,4639038.552185444,1.200000000,1177,12,3
TX,756.463373146,306563.254146779,4637314.820690450,1.200000000,1233,12,3
TX,756.471030353,289835.593448871,4638515.902934139,1.200000000,1184,12,3
TX,756.792280481,291989.297888658,4641739.551232123,1.200000000,522,12,3
TX,756.839650764,291018.258884599,4639118.285243699,1.200000000,2455,12,3
TX,757.031418445,272712.087953746,4629873.654627874,1.200000000,2155,12,3
TX,757.076928161,290363.000957229,4643396.594555249,1.200000000,2248,12,3
TX,757.151897163,289944.407651886,4634403.726804297,1.200000000,68,12,3
TX,757.152438266,292102.237166854,4642240.390559607,1.200000000,2348,12,3
TX,757.177183193,291043.749031398,4643305.950039368,1.200000000,2080,12,3
TX,757.186912527,291062.087739932,4644018.452258829,1.200000000,1095,12,3
TX,757.192341122,285839.595488276,4634236.822983556,1.200000000,2346,12,3
TX,757.313468944,291331.373227464,4642211.088936676,1.200000000,2259,12,3
TX,757.326247989,291178.219404536,4642192.633759318,1.200000000,774,11,3
TX,757.345012053,290311.302203181,4641898.139640575,1.200000000,302,7,3
TX,757.427490289,289193.534044437,4642517.750412399,1.200000000,1176,10,3
TX,757.533157371,291027.481568822,4641955.351657390,1.200000000,2381,10,3
TX,757.538315525,289356.326065512,4642128.524802799,1.200000000,688,10,3
TX,757.560764042,292517.294326140,4634170.820361584,1.200000000,1607,12,3
TX,757.610253894,293633.022857576,4645051.681888761,1.200000000,342,12,3
TX,757.980119043,289895.401012128,4642932.170736058,1.200000000,1896,12,3
TX,757.985840274,290131.396587307,4635349.589659209,1.200000000,1622,12,3
TX,758.126250690,291072.443618781,4644041.839315365,1.200000000,1639,12,3
TX,758.454420423,293997.436300530,4645575.624678113,1.200000000,1168,12,3
TX,758.648260404,271872.726769236,4630671.516049950,1.200000000,771,12,3
TX,758.794219467,290392.732329236,4645862.415647283,1.200000000,2226,12,3
TX,758.883151863,294378.691653677,4643089.685257051,1.200000000,2367,10,3
TX,759.087165122,289945.983082257,4634394.264867662,1.200000000,217,12,3
TX,759.099112324,295876.964530986,4642308.042207425,1.200000000,1031,7,3
TX,759.246671962,292730.149626752,4641854.529918134,1.200000000,674,12,3
TX,759.322560636,291490.242474533,4642428.747073519,1.200000000,1491,12,3
TX,759.417961274,290846.620449486,4641306.201753193,1.200000000,1485,7,3
TX,759.580625010,291990.978946684,4643725.238313685,1.200000000,475,12,3
TX,759.731260499,290076.282390756,4641531.602368424,1.200000000,1970,7,3
TX,759.735510555,292680.010055095,4641782.369046603,1.200000000,1574,12,3
TX,759.820255118,291361.648399306,4642022.964665973,1.200000000,862,11,3
TX,759.824478016,292753.300120255,4642049.036668153,1.200000000,2048,12,3
TX,759.904855202,291152.248790180,4641247.947934201,1.200000000,2135,9,3
TX,759.981642834,289947.510038624,4641256.123455162,1.200000000,1076,7,3
TX,760.131531147,290126.183769505,4640428.113006535,1.200000000,2835,7,3
TX,760.179569680,289947.581736979,4634411.063757516,1.200000000,1565,12,3
TX,760.192649411,292272.112670066,4642076.468818271,1.200000000,2026,12,3
TX,760.249327500,293109.611898646,4640734.807562917,1.200000000,2756,12,3
TX,760.278234654,291064.078285871,4644021.100122677,1.200000000,296,12,3
TX,760.401944041,290849.967873901,4642269.778174814,1.200000000,1118,11,3
TX,760.466638632,292777.835167566,4641973.141096436,1.200000000,2803,12,3
TX,760.551746586,291779.109927292,4642814.144941134,1.200000000,2782,12,3
TX,760.562782544,295144.225029402,4642745.765851785,1.200000000,2115,9,3
TX,760.650091699,290141.983143492,4644976.374022066,1.200000000,1440,12,3
TX,760.711807934,290749.222907300,4642884.794898050,1.200000000,1982,12,3
TX,760.785397985,290496.865244542,4642149.906057629,1.200000000,1554,8,3
TX,760.961857555,293535.799354423,4644009.375270684,1.200000000,2713,12,3
TX,761.005391106,290307.275573559,4642797.095636539,1.200000000,2562,11,3
TX,761.033060205,293714.548340586,4645353.586306954,1.200000000,1322,12,3
TX,761.180311059,288866.398571482,4638955.800025812,1.200000000,1370,12,3
TX,761.190685618,287295.855672395,4641802.415974517,1.200000000,2338,12,3
TX,761.248313795,291847.393920677,4641612.461799051,1.200000000,1568,11,3
TX,761.271847289,290112.604215643,4647472.858071149,1.200000000,1061,12,3
TX,761.373452998,291033.931308869,4640536.180767715,1.200000000,1626,7,3
TX,761.432441384,290806.846769616,4641500.669473663,1.200000000,2147,8,3
TX,761.512629156,291517.053063206,4642447.489477778,1.200000000,1381,12,3
TX,761.527089541,290058.537125834,4642380.913994309,1.200000000,2137,11,3
TX,761.645163444,292599.681815352,4643750.538584478,1.200000000,47,12,3
TX,761.649996371,288186.609536414,4643899.137801794,1.200000000,686,12,3
TX,761.813025955,292531.411917913,4642915.429792997,1.200000000,882,12,3
TX,761.828493059,293920.476328384,4640766.881344106,1.200000000,917,12,3
TX,761.912127101,293304.772508272,4644250.278944920,1.200000000,81,12,3
TX,762.188581565,291094.396962331,4642399.643365185,1.200000000,1642,10,3
TX,762.283964269,290063.323184245,4641557.954012020,1.200000000,1225,7,3
TX,762.670446805,292065.566358123,4640544.364297493,1.200000000,2304,12,3
TX,762.826549254,292676.528234228,4641821.602877350,1.200000000,797,12,3
TX,763.087161638,290486.618391787,4640778.782903760,1.200000000,1764,7,3
TX,763.161485561,290373.799999149,4635099.371607919,1.200000000,892,12,3
TX,763.170189754,291834.373189513,4642550.909485403,1.200000000,2635,12,3
TX,763.433687712,290680.955320404,4641294.788500688,1.200000000,169,7,3
TX,763.519778761,293605.878873661,4641906.792326876,1.200000000,46,11,3
TX,763.691889139,292013.312218645,4643034.996323273,1.200000000,1783,12,3
TX,763.845496033,273665.206613650,4630620.736101354,1.200000000,1002,12,3
TX,763.924475997,290044.249354647,4642381.558999970,1.200000000,581,11,3
TX,763.954558571,292096.592669459,4644240.665637089,1.200000000,1424,12,3
TX,764.060520129,292532.225001337,4641934.371390950,1.200000000,1569,12,3
TX,764.137451679,290584.749543974,4643867.880161672,1.200000000,1214,12,3
TX,764.138860884,290841.479919244,4642322.506790623,1.200000000,1824,10,3
TX,764.174658904,292110.349081825,4640391.338038304,1.200000000,1429,12,3
TX,764.282669377,291111.118503062,4642288.481790083,1.200000000,1047,11,3
TX,764.394484451,291047.999015128,4639199.855755417,1.200000000,2093,12,3
TX,764.462077577,289101.263167844,4640335.930330676,1.200000000,1682,7,3
TX,764.465602209,291978.722398994,4643749.675730290,1.200000000,2777,12,3
TX,764.497262587,289938.966187316,4634390.412690169,1.200000000,1000,12,3
TX,764.605456576,290137.087408224,4635344.024214480,1.200000000,2528,12,3
TX,764.653731063,291516.507343258,4642059.758577073,1.200000000,1681,12,3
TX,764.671215789,291970.120412581,4642598.801899360,1.200000000,2589,12,3
TX,764.842673251,290544.959481813,4643181.666151010,1.200000000,306,12,3
TX,764.955908831,296968.828087767,4633964.251723950,1.200000000,999,12,3
TX,764.962682331,290339.458731895,4641855.486413093,1.200000000,345,7,3
TX,764.995921245,292870.384364439,4643531.609254129,1.200000000,2220,12,3
TX,765.210245153,288947.431676011,4642636.166099538,1.200000000,1942,12,3
TX,765.244120262,287350.385970451,4641131.887079584,1.200000000,966,12,3
TX,765.289631903,290339.046698051,4641870.651955646,1.200000000,2771,7,3
TX,765.309339409,286318.712671046,4644391.280189415,1.200000000,1170,12,3
TX,765.574668818,290128.669425164,4645293.967236564,1.200000000,1465,12,3
TX,765.630351508,292828.787312370,4641939.917017103,1.200000000,2443,12,3
TX,765.657085866,288494.634532209,4646571.923027351,1.200000000,1217,12,3
TX,765.799628099,273675.097656746,4630627.795225883,1.200000000,1202,12,3
TX,765.981904006,291795.680190827,4642816.522104258,1.200000000,792,12,3
TX,766.068271291,303178.486483344,4631084.735066957,1.200000000,1001,12,3
TX,766.205266808,290623.383213831,4639820.466390569,1.200000000,412,9,3
TX,766.269432823,291562.075617492,4640966.199241150,1.200000000,1658,10,3
TX,766.323241640,290505.073493769,4640467.238671625,1.200000000,153,7,3
TX,766.399270401,290868.558294650,4642265.495064318,1.200000000,1085,11,3
TX,766.448385573,294503.100136334,4642313.417205320,1.200000000,122,8,3
TX,766.467943968,288395.074281033,4630265.702416840,1.200000000,888,12,3
TX,766.589844020,284835.116730510,4640791.185788178,1.200000000,682,12,3
TX,766.658028839,292556.518407481,4642545.867066307,1.200000000,1770,12,3
TX,766.811501608,273688.710531715,4630633.639444208,1.200000000,2235,12,3
TX,767.011826332,292001.690030107,4641098.133778359,1.200000000,1098,12,3
TX,767.056336902,289317.777076551,4634332.697972270,1.200000000,1347,12,3
TX,767.197357395,290023.876072308,4639922.901901883,1.200000000,1303,7,3
TX,767.420231834,291607.655291092,4641436.049680221,1.200000000,1188,12,3
TX,767.602723650,291014.140350617,4641901.097603007,1.200000000,262,9,3
TX,767.640618359,291089.526478275,4636119.020716880,1.200000000,301,12,3
TX,767.770166041,291659.176229016,4639649.546433159,1.200000000,1739,12,3
TX,767.864475929,299736.011703228,4630060.110457960,1.200000000,1281,12,3
TX,768.051874972,273696.526970283,4630640.819940601,1.200000000,179,12,4
TX,768.085394397,293228.302656452,4639414.709357204,1.200000000,1517,12,3
TX,768.097175833,291376.950367897,4638537.081472409,1.200000000,112,12,3
TX,768.224861235,290320.999274139,4643349.513732846,1.200000000,2355,12,3
TX,768.371461614,286341.138842874,4634558.599369971,1.200000000,1503,12,3
TX,768.371851786,290746.132477628,4642891.151957064,1.200000000,329,12,3
TX,768.723284769,278214.089662943,4632453.054951071,1.200000000,557,12,3
TX,769.142116348,299606.435780911,4637206.209187969,1.200000000,2444,12,3
TX,769.289722980,292000.409968131,4640717.653185266,1.200000000,1402,11,3
TX,769.310981039,292869.744207778,4643751.643657415,1.200000000,2774,12,3
TX,769.328442840,290084.354248858,4640907.020120768,1.200000000,2778,7,3
TX,769.366667503,289883.708550743,4642342.944433816,1.200000000,620,8,3
TX,769.417262978,291226.654453790,4642267.771924854,1.200000000,1993,11,3
TX,769.533378896,273673.037041474,4630628.673482699,1.200000000,1544,12,3
TX,769.769440964,290390.188401225,4641554.413179018,1.200000000,1422,7,3
TX,769.891864648,290692.336509586,4641288.055624349,1.200000000,2152,7,3
TX,770.011559016,291068.677089461,4642069.660131522,1.200000000,164,9,3
TX,770.018500442,299748.356974522,4630072.579813134,1.200000000,111,12,3
TX,770.055701409,295105.778300329,4641704.726934947,1.200000000,1301,7,3
TX,770.138814373,290561.022229708,4644709.874048832,1.200000000,2296,12,3
TX,770.280697707,291071.805705066,4644034.471044085,1.200000000,1314,12,3
TX,770.370295493,288967.842529931,4642589.374281463,1.200000000,2674,11,3
TX,770.666159514,293775.640344028,4643371.867544999,1.200000000,1801,12,3
TX,770.846053628,290801.955544703,4630999.460548203,1.200000000,705,12,3
TX,770.962317967,297014.354391998,4643087.152283709,1.200000000,1066,12,3
TX,770.970394951,291662.077081804,4642101.995236284,1.200000000,2035,10,3
TX,771.111895884,273689.697139700,4630633.962371807,1.200000000,90,12,3
TX,771.138212043,286849.975381899,4641701.357729830,1.200000000,965,12,3
TX,771.782963987,293281.897826271,4644016.203594073,1.200000000,2393,12,3
TX,772.649960857,294182.716565576,4641271.084858967,1.200000000,1154,11,3
TX,772.706621098,293529.139703872,4650089.092005015,1.200000000,2599,12,3
TX,772.806755785,293719.042745573,4645337.577999881,1.200000000,1601,12,3
TX,772.808785575,287904.143717120,4644001.357916937,1.200000000,2844,12,3
TX,772.875162599,287928.835416883,4630913.055601968,1.200000000,211,12,3
TX,772.907297375,289319.726991744,4639761.576968395,1.200000000,503,9,3
TX,772.977685618,273715.408737964,4630645.959998021,1.200000000,759,12,3
TX,772.991259663,292637.915834647,4643224.322624012,1.200000000,2641,12,3
TX,772.999673407,290966.575498941,4641196.684924171,1.200000000,353,8,3
TX,773.129293815,271625.380528238,4630640.564683842,1.200000000,1018,12,3
TX,773.134581760,292066.945637086,4644191.765998784,1.200000000,847,12,3
TX,773.164553947,291141.997598357,4640764.583527789,1.200000000,641,8,3
TX,773.258264285,292109.678863124,4643205.505876906,1.200000000,2114,12,3
TX,773.374251701,292114.267010931,4642938.773367277,1.200000000,1368,12,3
TX,773.403496869,271620.037991770,4630597.569471840,1.200000000,1070,12,3
TX,773.750187394,291969.189323938,4642610.857944562,1.200000000,364,12,3
TX,773.939829949,290466.146784425,4640663.569000749,1.200000000,75,7,3
TX,774.426916534,291070.050720209,4644042.599965679,1.200000000,927,12,3
TX,774.445656774,291986.357772496,4643709.005327064,1.200000000,2807,12,3
TX,774.630322317,289950.976440427,4634408.549382155,1.200000000,1288,12,3
TX,774.829910844,292308.459223074,4642055.612949595,1.200000000,583,12,3
TX,774.979687892,292524.053615580,4642924.752258236,1.200000000,1156,12,3
TX,775.001780271,286716.318199268,4641714.587019149,1.200000000,1887,12,3
TX,775.109073090,291263.889720357,4641202.315294896,1.200000000,2077,8,3
TX,775.291504630,291515.048036284,4642066.913412990,1.200000000,2729,12,3
TX,775.315725864,273665.145088773,4630641.393054369,1.200000000,356,12,4
TX,775.442871440,291236.927328201,4642276.335965141,1.200000000,558,11,3
TX,775.527930265,273720.071997520,4630642.387907864,1.200000000,762,12,3
TX,775.603566674,293318.475546285,4644267.848912928,1.200000000,2144,12,3
TX,775.695664195,292324.829623648,4644079.153070169,1.200000000,1131,12,3
TX,775.701953431,292036.107540614,4654283.876252705,1.200000000,997,12,3
TX,775.822625811,292345.976720649,4650783.860044340,1.200000000,1828,12,3
TX,775.858197740,290642.703028359,4640859.883905347,1.200000000,2264,7,3
TX,775.860796502,290151.329307473,4636750.390970796,1.200000000,1842,12,3
TX,775.911155641,292001.982329601,4644270.655021343,1.200000000,1022,12,3
TX,776.088667704,291952.779980481,4642596.775331647,1.200000000,1147,12,3
TX,776.162143552,289109.171766070,4641923.294885566,1.200000000,1600,9,3
TX,776.208156475,295021.655954445,4642530.628497261,1.200000000,1387,8,3
TX,776.210379582,289294.452225960,4644479.575044310,1.200000000,1523,12,3
TX,776.261489636,291091.188968101,4641079.804064075,1.200000000,416,9,3
TX,776.531793895,291450.142463056,4642027.241139222,1.200000000,561,12,3
TX,776.560873971,271735.032433067,4630300.737359961,1.200000000,2013,12,3
TX,776.631949962,291125.381707585,4641207.662974696,1.200000000,764,9,3
TX,776.670358507,292817.533967246,4641116.877589133,1.200000000,1715,12,3
TX,776.675785930,291025.772598319,4641790.342310023,1.200000000,471,8,3
TX,776.809423483,292435.923336148,4641362.256509179,1.200000000,866,12,3
TX,776.869292346,290080.844299479,4647498.879570887,1.200000000,769,12,3
TX,776.894567303,294033.135885237,4640583.414574842,1.200000000,556,11,3
TX,776.990709087,293711.364436521,4645345.754021532,1.200000000,1878,12,3
TX,777.072578590,289942.779417055,4634387.319915721,1.200000000,1683,12,3
TX,777.327762241,290313.303094758,4635115.410833810,1.200000000,2524,12,3
TX,777.392454474,290368.493478913,4641412.313969744,1.200000000,243,7,3
TX,777.517769920,290678.136314024,4641308.851283619,1.200000000,2429,7,3
TX,777.775139348,289554.435870467,4637771.586281962,1.200000000,2389,12,3
TX,777.917753546,291629.577709234,4638269.843028466,1.200000000,860,12,3
TX,778.192859202,291078.572244394,4641961.066865361,1.200000000,78,10,3
TX,778.323989918,290811.042868742,4646253.872461770,1.200000000,1324,12,3
TX,778.381727322,288470.021600348,4641451.456037950,1.200000000,2102,10,3
TX,778.441517628,291027.229951880,4641922.247712154,1.200000000,2377,9,3
TX,778.450673763,291061.224275381,4644034.270519370,1.200000000,1592,12,3
TX,778.591188858,294197.819385530,4643099.252149009,1.200000000,384,12,3
TX,778.620857812,291992.138032041,4643702.313260726,1.200000000,173,12,3
TX,778.633215870,273660.781417388,4630678.857622748,1.200000000,1399,12,3
TX,779.002192597,290104.476029509,4644049.448318995,1.200000000,1391,12,3
TX,779.037423537,291042.302511722,4641731.968779859,1.200000000,2406,8,3
TX,779.192958511,290482.434433256,4641386.855164169,1.200000000,1151,7,3
TX,779.204075966,289946.749319707,4634402.022464580,1.200000000,62,12,3
TX,779.270605655,271838.661836883,4630217.384429237,1.200000000,447,12,3
TX,779.374154418,290986.261044877,4639057.724782039,1.200000000,1454,12,3
TX,779.562672202,292394.503517129,4637358.072891940,1.200000000,1467,12,3
TX,780.047398530,292275.423159202,4641964.807444215,1.200000000,1308,12,3
TX,780.079416203,292497.804633263,4642280.455047281,1.200000000,515,12,3
TX,780.104625937,291035.875767060,4640439.950837189,1.200000000,2276,8,3
TX,780.189345788,290676.396817591,4641292.988891480,1.200000000,2328,7,3
TX,780.224761948,273714.319103699,4630636.944182993,1.200000000,2146,12,3
TX,780.466136380,294659.003435507,4644594.465400677,1.200000000,2408,12,3
TX,780.611143002,290743.931212122,4642899.216478410,1.200000000,673,12,3
TX,780.655921877,285820.143043006,4641066.024954880,1.200000000,1589,12,3
TX,780.720864042,273689.843672325,4630643.018550086,1.200000000,100,12,3
TX,780.744596457,291986.033378098,4643724.048308522,1.200000000,458,12,3
TX,780.776874095,293384.842434005,4641537.901303202,1.200000000,152,11,3
TX,780.854405046,290995.586668558,4639044.440242316,1.200000000,70,12,3
TX,780.868846558,289158.325981804,4641960.188472733,1.200000000,473,10,3
TX,780.918159277,296268.654494540,4644364.977279896,1.200000000,995,12,3
TX,780.998089680,291975.994224903,4643699.004126320,1.200000000,468,12,3
TX,781.030880774,290897.357470787,4641302.488822241,1.200000000,1925,8,3
TX,781.039491249,293377.170310169,4643874.217651069,1.200000000,2797,12,3
TX,781.289676598,271916.894704255,4630615.722243926,1.200000000,2320,12,3
TX,781.303734657,291199.465352379,4641959.598603142,1.200000000,459,10,3
TX,781.523822607,292562.774077809,4641446.455288806,1.200000000,2594,12,3
TX,781.552034133,295134.737705124,4642711.995917827,1.200000000,2667,9,3
TX,781.594629889,290425.104468930,4640546.712485022,1.200000000,1319,7,3
TX,781.873973262,292689.843069113,4638480.568552107,1.200000000,731,12,3
TX,781.938835724,287751.079378240,4639378.502219676,1.200000000,1535,12,3
TX,781.962991523,290280.605509220,4640888.496339611,1.200000000,539,7,3
TX,781.967828309,292687.399626442,4643698.009171536,1.200000000,2464,12,3
TX,781.979456420,291840.868727322,4642552.816062252,1.200000000,1765,12,3
TX,782.180439266,290681.128966607,4641309.255433166,1.200000000,1431,7,3
TX,782.413653057,292702.096814833,4641831.591432796,1.200000000,776,12,3
TX,782.439889393,292020.513509348,4641752.521603992,1.200000000,973,12,3
TX,782.843188009,292671.006549211,4643734.458493826,1.200000000,2034,12,3
TX,783.014960362,290998.373809270,4639049.786063671,1.200000000,2190,12,3
TX,783.121562163,289890.379424844,4642338.641755564,1.200000000,2847,8,3
TX,783.201680938,289680.910316116,4638760.782951451,1.200000000,1456,11,3
TX,783.228091665,292525.742811251,4641768.348571497,1.200000000,2702,12,3
TX,783.244080031,292713.816249042,4641713.336790573,1.200000000,767,12,3
TX,783.359292121,273747.422101169,4630627.445640575,1.200000000,1009,12,3
TX,783.379872024,292533.808642775,4642913.090092596,1.200000000,579,12,3
TX,783.747553431,295106.108086832,4642676.553644889,1.200000000,1302,9,3
TX,783.911004853,289622.326545223,4635512.287421739,1.200000000,1537,12,3
TX,784.143761193,290966.360940889,4642012.709360620,1.200000000,2555,8,3
TX,784.245646623,288699.890136980,4642900.968507538,1.200000000,905,12,3
TX,784.259458413,271618.714219500,4630658.835453576,1.200000000,210,12,3
TX,784.445539179,277845.751761901,4632422.334646371,1.200000000,2315,12,3
TX,784.534063891,292438.773725158,4641856.860770148,1.200000000,1338,12,3
TX,784.585866938,290090.333837546,4643356.747602912,1.200000000,930,12,3
TX,784.775540942,290988.008032502,4639050.577663418,1.200000000,414,12,3
TX,785.017290372,290374.289452622,4646297.800780267,1.200000000,2643,12,3
TX,785.108385911,291065.592802499,4644028.337726929,1.200000000,925,12,3
TX,785.179538402,290853.843904789,4642291.839666289,1.200000000,1253,10,3
TX,785.288464463,291722.276755563,4642159.607668083,1.200000000,1692,12,3
TX,785.863275897,290849.811297444,4641299.183386649,1.200000000,2208,7,3
TX,785.872927623,289758.119089645,4644315.683413910,1.200000000,855,12,4
TX,785.879729155,291995.650597320,4643711.208687253,1.200000000,1428,12,3
TX,785.930467552,291539.762323947,4642323.633296499,1.200000000,2761,12,3
TX,785.994742054,283021.634016007,4640710.365433048,1.200000000,718,12,3
TX,786.023009828,293844.055678369,4640621.377979678,1.200000000,13,12,3
TX,786.026105195,293826.498173723,4642863.364721297,1.200000000,2435,12,3
TX,786.049040841,298671.215258899,4631341.159065393,1.200000000,280,12,3
TX,786.079316847,286703.265070880,4645130.575194227,1.200000000,2096,12,3
TX,786.102388050,291276.271917818,4641927.952012816,1.200000000,2750,9,3
TX,786.133596744,291668.484038041,4642101.293070585,1.200000000,318,12,3
TX,786.135703292,292537.897736243,4642898.890824161,1.200000000,106,12,3
TX,786.174093640,291772.219658702,4642633.953697050,1.200000000,1191,12,3
TX,786.192928934,273676.312297888,4630629.204049241,1.200000000,2331,12,3
TX,786.383854200,299729.983787325,4630052.802388549,1.200000000,2041,12,3
TX,786.412826068,293710.939592966,4645345.539403435,1.200000000,1534,12,3
TX,786.428532503,291212.060469071,4641298.227467757,1.200000000,519,10,3
TX,786.536622419,290389.245886444,4641806.835360623,1.200000000,1460,7,3
TX,786.923994384,292782.873525378,4642247.550968077,1.200000000,2129,12,3
TX,786.950979585,291067.716244103,4644045.845315641,1.200000000,500,12,3
TX,787.341475491,290485.189122594,4640627.216942323,1.200000000,2495,7,3
TX,787.465046710,289360.949979285,4644466.050146095,1.200000000,2223,12,3
TX,787.525756544,286786.170504989,4641294.830308062,1.200000000,244,12,3
TX,787.574298780,289713.352652566,4643562.353081023,1.200000000,1015,12,3
TX,787.778539588,292706.507193848,4641793.766261247,1.200000000,361,12,3
TX,787.825582583,291338.476362718,4642015.954381618,1.200000000,2230,10,3
TX,787.828609375,291989.872530884,4643703.497070070,1.200000000,1242,12,3
TX,787.879007428,271641.971632331,4630632.588627489,1.200000000,165,12,3
TX,787.895332750,292484.877520165,4641938.385969648,1.200000000,671,12,3
TX,787.921746732,291024.293378047,4644046.182168177,1.200000000,714,12,3
TX,788.076749785,273711.347284112,4630655.186213280,1.200000000,747,12,3
TX,788.101365260,288186.941017322,4643898.985167060,1.200000000,2250,12,3
TX,788.109190325,289821.560018847,4638542.450760791,1.200000000,1570,12,3
TX,788.126915185,292597.471221909,4641782.658487920,1.200000000,2263,12,3
TX,788.135648575,290357.750404062,4639669.672744026,1.200000000,1855,9,3
TX,788.167022694,291070.956406329,4641639.602654261,1.200000000,12,9,3
TX,788.191501311,295149.361498840,4646463.468762956,1.200000000,2438,12,3
TX,788.271424357,290992.832420152,4639058.922911278,1.200000000,1027,12,3
TX,788.527071687,298089.442868661,4639308.679460557,1.200000000,440,12,3
TX,788.560777216,273700.843601983,4630636.084475086,1.200000000,2571,12,3
TX,788.725213297,289791.348296893,4643021.246797796,1.200000000,1619,12,3
TX,788.808977370,292816.257268767,4641973.930030467,1.200000000,1332,12,3
TX,788.830351665,289334.848078398,4634336.835281882,1.200000000,2401,12,3
TX,788.904990829,291238.071083151,4642275.443537498,1.200000000,963,11,3
TX,789.142866654,295567.549694422,4645511.975612864,1.200000000,491,12,3
TX,789.383650142,292319.845662315,4642035.504465559,1.200000000,730,12,3
TX,789.408152818,293490.095126375,4639958.654498708,1.200000000,1654,12,3
TX,789.513727599,291310.984174989,4644978.346276212,1.200000000,1266,12,3
TX,789.563006777,289944.513219335,4639803.349136711,1.200000000,578,7,3
TX,789.599300962,291034.619113136,4641162.852783170,1.200000000,2579,8,3
TX,789.661659715,290005.042513385,4644128.295843173,1.200000000,2130,12,3
TX,789.735850382,289318.105486374,4634290.056412490,1.200000000,678,12,3
TX,789.871478042,288340.778779261,4643018.052099327,1.200000000,2221,12,3
TX,790.145749096,291193.817488074,4642335.901842756,1.200000000,2692,12,3
TX,790.242322888,291763.929931248,4642528.399391885,1.200000000,2473,12,3
TX,790.438878295,292083.879240033,4641779.681186114,1.200000000,2813,12,3
TX,790.439950508,295137.091224592,4642711.313110949,1.200000000,497,9,3
TX,790.443022904,288879.891075564,4640060.552418054,1.200000000,450,8,3
TX,790.480767772,289682.635982419,4641827.040609985,1.200000000,72,7,3
TX,790.545827426,289567.930597370,4642018.275825740,1.200000000,1507,8,3
TX,790.735558538,291014.016625297,4641835.623823128,1.200000000,733,9,3
TX,790.847003513,292757.299193793,4640015.117683167,1.200000000,1678,12,3
TX,790.937586384,290443.088073095,4643410.444776830,1.200000000,2099,12,3
TX,791.184198891,271784.772531900,4630692.896636970,1.200000000,1363,12,3
TX,791.222820361,290980.773026551,4639063.072573529,1.200000000,2467,12,3
TX,791.231462067,273684.626273833,4630634.366711649,1.200000000,1566,12,3
TX,791.254999294,291817.501562718,4641975.711133403,1.200000000,1773,12,3
TX,791.436985550,290895.661242981,4638725.489176401,1.200000000,1397,12,3
TX,791.443875307,290400.764616945,4644482.537131437,1.200000000,637,12,3
TX,791.456314837,293329.335239710,4637408.637536623,1.200000000,977,12,3
TX,791.602132494,289736.192531451,4640041.601871260,1.200000000,1586,7,3
TX,791.603594866,290686.893482942,4641314.592804302,1.200000000,1797,7,3
TX,791.671424632,290867.150357034,4641268.690536661,1.200000000,1606,7,3
TX,791.703480457,292153.773079839,4640656.457016522,1.200000000,1298,12,3
TX,791.929279974,291547.065225656,4641355.120860896,1.200000000,1053,11,3
TX,791.937326053,273677.621715936,4630616.942882228,1.200000000,1195,12,3
TX,791.997915479,290307.495773266,4644593.787343904,1.200000000,404,12,3
TX,792.033649624,291037.763386458,4641973.133292164,1.200000000,1057,10,3
TX,792.055891343,291421.523926567,4642049.984295072,1.200000000,128,11,3
TX,792.069790654,288591.907105382,4643055.038547127,1.200000000,2535,12,3
TX,792.074645581,290599.628814462,4641354.684686927,1.200000000,960,7,3
TX,792.240581886,291929.610496097,4642583.049837071,1.200000000,2591,12,3
TX,792.381371868,292063.771535174,4643663.149376680,1.200000000,464,12,3
TX,792.411024621,291123.050877841,4641168.158526024,1.200000000,2011,9,3
TX,792.611581146,290661.426981714,4641200.337875729,1.200000000,706,7,3
TX,792.637685509,291698.169547108,4642124.548675438,1.200000000,1490,12,3
TX,792.683157811,283430.389351516,4640342.399314288,1.200000000,2062,12,3
TX,792.697544960,290787.790589421,4642270.941619968,1.200000000,1653,10,3
TX,792.709698771,291046.104675972,4644020.681262015,1.200000000,2193,12,3
TX,792.732233761,292452.212285292,4641615.789215225,1.200000000,1055,12,3
TX,792.734731085,293254.451446328,4640288.237184192,1.200000000,1518,12,3
TX,792.951097247,292204.027188367,4643561.598247185,1.200000000,2122,12,3
TX,793.205025136,289209.262412716,4642520.994193595,1.200000000,864,10,3
TX,793.240476115,291977.384476279,4643704.580299341,1.200000000,194,12,3
TX,793.369695552,292700.131663291,4641788.629378542,1.200000000,2629,12,3
TX,793.413839842,291222.795705781,4642285.478818256,1.200000000,1405,12,3
TX,793.429808508,295480.205443786,4648914.474151469,1.200000000,2677,12,3
TX,793.508827127,292031.471312661,4642796.462346761,1.200000000,340,12,3
TX,793.562099665,290687.006806372,4641290.102137736,1.200000000,2038,7,3
TX,793.583140671,290558.380543518,4643201.930696948,1.200000000,2410,12,3
TX,793.641038919,292226.721281277,4637129.964299476,1.200000000,2820,12,3
TX,793.733499298,291837.252870764,4641071.267732809,1.200000000,533,11,3
TX,793.850029832,290427.136960738,4636288.413255714,1.200000000,434,12,3
TX,793.883808867,289596.640605612,4637972.186945878,1.200000000,1433,12,3
TX,794.074722161,290626.584673491,4643047.629912572,1.200000000,1247,12,3
TX,794.077966676,292112.184712953,4642679.761164846,1.200000000,2600,12,3
TX,794.215793996,289886.417281319,4633913.829474207,1.200000000,1756,12,3
TX,794.244353712,272819.706283160,4629733.790649939,1.200000000,223,12,3
TX,794.261847574,289317.814620571,4634331.544931697,1.200000000,220,12,3
TX,794.291866837,290368.921752001,4641452.126680584,1.200000000,1926,7,3
TX,794.416308162,291734.392330774,4642139.874755467,1.200000000,2700,12,3
TX,794.503058729,292702.253129784,4641807.695259480,1.200000000,83,12,3
TX,794.557553184,291406.425617449,4640263.182845048,1.200000000,982,10,3
TX,794.634935440,298232.788030568,4639250.818764918,1.200000000,441,12,3
TX,794.893704942,285610.057556528,4630244.203806451,1.200000000,1430,12,3
TX,795.010903775,293515.366766750,4646026.721531692,1.200000000,1321,12,3
TX,795.054166034,289154.864576384,4641958.750651347,1.200000000,1446,10,3
TX,795.221476829,292291.388691833,4642311.292273177,1.200000000,902,12,3
TX,795.310623081,292507.315504350,4642902.819216863,1.200000000,32,12,3
TX,795.337802985,292352.228639911,4642015.052760680,1.200000000,1157,12,3
TX,795.385339666,292323.478468724,4642049.454559980,1.200000000,2511,12,3
TX,795.413315303,291117.249504235,4641495.144526728,1.200000000,655,9,3
TX,795.442313141,292415.550867501,4644029.385156507,1.200000000,389,12,3
TX,795.567046125,291857.867955569,4642560.919587475,1.200000000,2768,12,3
TX,795.577657288,290748.568832435,4642455.598208889,1.200000000,742,12,3
TX,795.601227064,294278.904488520,4639036.574933305,1.200000000,2213,12,3
TX,795.749000793,289755.841690824,4639393.138639352,1.200000000,1894,12,3
TX,795.752774502,290026.480719292,4644903.102473683,1.200000000,954,12,3
TX,795.814739423,295156.219743165,4642707.615661665,1.200000000,1123,9,3
TX,795.898259672,295613.879637165,4645553.560579696,1.200000000,1933,12,3
TX,795.962661374,287694.141647203,4641434.298656553,1.200000000,391,12,4
TX,796.173097521,293985.489286109,4640018.817617130,1.200000000,2090,12,3
TX,796.279645583,289240.534825354,4642519.665534017,1.200000000,1215,10,3
TX,796.330476964,294193.109598039,4643976.031512328,1.200000000,1171,12,3
TX,796.519892154,295093.768671280,4642832.338121962,1.200000000,2390,9,3
TX,796.727862255,289539.674815589,4641825.375774998,1.200000000,621,7,3
TX,796.808071389,291831.071821258,4642555.393697741,1.200000000,2580,12,3
TX,796.927210113,293659.333641141,4642612.470720499,1.200000000,2084,11,4
TX,797.014150466,290410.786097508,4640701.039695945,1.200000000,2326,7,3
TX,797.021205959,289601.399860841,4645165.745386242,1.200000000,1094,12,3
TX,797.326721371,286705.030894710,4641704.963066399,1.200000000,1776,12,3
TX,797.465141507,295125.150607615,4642703.770579271,1.200000000,1827,9,3
TX,797.507690013,290198.423378616,4641982.839285389,1.200000000,981,8,3
TX,797.575937936,293888.060744668,4637024.972437997,1.200000000,1425,12,3
TX,797.592334563,291668.550247641,4641479.048198325,1.200000000,2493,12,3
TX,797.618003453,288561.062708063,4638350.796172634,1.200000000,4,12,3
TX,797.717075762,290634.920976656,4641336.518100905,1.200000000,460,7,3
TX,797.844701314,290794.708227398,4642816.777420333,1.200000000,127,11,3
TX,797.848780118,292451.451994427,4641940.847011565,1.200000000,299,12,3
TX,797.894817112,290671.122014905,4641304.979112531,1.200000000,147,7,4
TX,797.981398602,292289.544759819,4641998.669921380,1.200000000,1140,12,3
TX,798.027605120,273679.012680099,4630624.700064487,1.200000000,1211,12,3
TX,798.052446864,294048.621893221,4642932.200864080,1.200000000,354,12,3
TX,798.053504548,291849.541940027,4642565.479875929,1.200000000,1375,12,3
TX,798.172168540,288984.364323321,4642582.678696702,1.200000000,2665,11,3
TX,798.226134219,292675.916695776,4641783.761304342,1.200000000,1662,12,3
TX,798.288219742,293919.831190712,4643728.137871631,1.200000000,1259,12,3
TX,798.432308151,290097.964732556,4640802.564360290,1.200000000,2625,7,4
TX,798.587381297,291671.051793977,4642219.933411259,1.200000000,2370,11,3
TX,798.600146707,291469.998785044,4636440.182228609,1.200000000,2316,12,3
TX,798.710754102,291916.471956752,4642576.491649840,1.200000000,836,12,3
TX,798.790580544,292714.964525088,4641830.187607142,1.200000000,928,12,3
TX,798.910811419,292460.440748280,4641378.807537802,1.200000000,1879,12,3
TX,799.297186856,290592.592098741,4638843.319030318,1.200000000,1011,11,3
TX,799.314084679,273647.001739598,4630629.152319128,1.200000000,812,12,3
TX,799.413654320,292625.748260555,4639672.515832950,1.200000000,1207,12,3
TX,799.448618363,291856.975286008,4642588.157524235,1.200000000,367,12,3
TX,799.464498017,273715.568927614,4630634.090281309,1.200000000,1367,12,3
TX,799.468540005,291211.635842446,4641398.368272810,1.200000000,815,9,3
TX,799.557476883,288140.874414779,4642004.573023392,1.200000000,850,12,3
TX,799.557874510,292263.964294467,4643882.791275190,1.200000000,1426,12,3
TX,799.667339650,295574.078760288,4642542.518498130,1.200000000,648,7,4
TX,799.807457462,295106.518165661,4646738.624632975,1.200000000,851,12,3
TX,799.865100325,290865.197497015,4642274.516851979,1.200000000,675,11,3
TX,799.908523014,290832.630686085,4639410.656045529,1.200000000,1317,10,3
TX,800.008361865,291042.365200454,4640564.889860590,1.200000000,2380,7,3
TX,800.050221513,291871.510866825,4644198.190596285,1.200000000,2556,12,3
TX,800.164120594,292477.893446728,4641519.947236126,1.200000000,2186,12,3
TX,800.279622597,291071.386552283,4644038.402505181,1.200000000,1252,12,4
TX,800.510418943,290494.527509170,4640629.673525698,1.200000000,1935,7,3
TX,800.521355520,291681.853945606,4642119.719685725,1.200000000,2180,12,3
TX,800.668168520,284487.248217866,4640779.032923453,1.200000000,31,12,3
TX,800.713959083,286242.422575528,4640065.322807981,1.200000000,2587,12,3
TX,800.771207177,291870.307045060,4642566.182133237,1.200000000,154,12,3
TX,800.835679832,292470.132152938,4642253.318055753,1.200000000,1218,12,3
TX,801.020760505,290103.073760241,4642399.092623803,1.200000000,881,9,3
TX,801.354058463,291532.775636107,4641944.657439834,1.200000000,1696,11,3
TX,801.385215560,295515.275962184,4645507.830381093,1.200000000,59,12,3
TX,801.440635863,289501.802152072,4640225.978670257,1.200000000,1872,7,3
TX,801.452151565,292541.176643032,4642901.149658892,1.200000000,2514,12,3
TX,801.605060165,290500.988217835,4640640.504058621,1.200000000,2656,7,3
TX,801.695269117,292095.435646121,4640517.564515713,1.200000000,2407,12,3
TX,801.776429172,291029.620371573,4640548.746853022,1.200000000,1516,7,3
TX,801.822906803,290778.478338718,4642291.774164568,1.200000000,268,10,4
TX,801.928068677,290346.151680652,4643829.972799773,1.200000000,255,12,3
TX,801.968655977,291060.682453942,4640998.350284889,1.200000000,1577,7,3
TX,802.041518502,290338.609879476,4643739.688010985,1.200000000,1046,12,3
TX,802.084779867,291219.812244326,4641296.670676594,1.200000000,125,10,3
TX,802.375578615,298488.438976118,4643324.956098977,1.200000000,1853,12,3
TX,802.503285301,291960.631640007,4643700.945601161,1.200000000,2694,12,3
TX,802.511436406,298904.976774109,4642467.892338242,1.200000000,2810,12,3
TX,802.782306242,283399.107897796,4640367.199416664,1.200000000,195,12,3
TX,802.939245071,292705.960372210,4642571.555671661,1.200000000,183,12,3
TX,803.009705855,286593.306973771,4641697.355939878,1.200000000,1750,12,3
TX,803.037298615,281912.449531706,4632779.051415575,1.200000000,818,12,3
TX,803.287199743,283781.559230741,4632951.730479958,1.200000000,1197,12,3
TX,803.311563564,273710.980831281,4630622.242624442,1.200000000,256,12,3
TX,803.500927806,293680.405249600,4639632.223555709,1.200000000,2134,12,3
TX,803.562084251,273671.959145659,4630686.279234980,1.200000000,2285,12,3
TX,803.565099817,290346.795953712,4643799.342122820,1.200000000,502,12,3
TX,803.566805238,289330.667179742,4634316.836969513,1.200000000,2294,12,3
TX,803.838368970,291186.475995090,4641282.332653390,1.200000000,1500,9,3
TX,804.056774385,291012.302559086,4641127.671420869,1.200000000,1508,8,3
TX,804.060604951,292830.674861345,4641940.494391843,1.200000000,1277,12,3
TX,804.136658840,291177.068399056,4641388.265363553,1.200000000,1418,10,3
TX,804.189711348,292934.610903914,4642968.435826052,1.200000000,1290,12,3
TX,804.255345111,291998.310317051,4644277.490127258,1.200000000,397,12,3
TX,804.410269093,291416.888506863,4641301.694977297,1.200000000,994,10,3
TX,804.436044840,290331.804312886,4640376.369971017,1.200000000,2301,7,3
TX,804.532090084,293155.331186394,4641043.983026986,1.200000000,270,12,3
TX,804.598157022,287867.133651197,4640914.867175965,1.200000000,2513,10,3
TX,804.604146906,280719.205854292,4623568.741772180,1.200000000,577,12,3
TX,804.625325607,291029.270960485,4641779.665023530,1.200000000,1453,8,3
TX,804.635231195,293058.078209428,4641293.876061794,1.200000000,51,12,3
TX,804.648420906,289073.852650819,4637239.969301629,1.200000000,1236,12,3
TX,804.707137719,291049.769220366,4641205.712263023,1.200000000,1228,8,3
TX,804.925888035,290440.469702731,4641820.869365647,1.200000000,1997,7,3
TX,804.930467815,290388.094157441,4641407.898544737,1.200000000,1834,7,3
TX,805.422803900,289875.757005426,4633763.121481528,1.200000000,725,12,3
TX,805.511245167,291117.207151382,4641129.563916207,1.200000000,524,9,3
TX,805.529404846,290273.083254197,4635935.893295730,1.200000000,760,12,3
TX,806.261020250,301103.220567835,4627778.168391772,1.200000000,439,12,3
TX,806.372296681,291747.918251807,4641677.655286599,1.200000000,2388,11,3
TX,806.458325762,294832.813089116,4642585.938486923,1.200000000,1130,9,3
TX,806.486754440,289172.161485379,4642534.417817913,1.200000000,575,10,3
TX,806.623384132,292009.172445164,4643729.154938255,1.200000000,181,12,3
TX,807.020854480,273702.638913910,4630623.305390953,1.200000000,2654,12,3
TX,807.183670334,271819.159244203,4630667.950862192,1.200000000,1856,12,3
TX,807.519598770,283321.893100144,4632892.373286097,1.200000000,893,12,3
TX,807.608639430,289316.021437024,4640425.106970526,1.200000000,2078,7,3
TX,807.625049127,291976.661519268,4643721.316698688,1.200000000,1608,12,3
TX,807.642778192,299734.237233394,4630042.950825680,1.200000000,2154,12,3
TX,807.737025388,291710.628088495,4642126.456836484,1.200000000,1716,12,3
TX,807.747822238,294533.883522658,4646535.882255310,1.200000000,867,12,3
TX,808.208571066,290681.366362789,4641302.493749518,1.200000000,252,7,3
TX,808.375489141,289584.203886244,4642423.142083121,1.200000000,2364,9,3
TX,808.485574939,292325.031152293,4642044.829031253,1.200000000,1728,12,3
TX,808.496332143,290214.035838409,4642836.065889317,1.200000000,2195,11,3
TX,808.598155667,292563.430196589,4642924.380906812,1.200000000,1032,12,3
TX,808.640820995,290131.087951601,4640809.668198149,1.200000000,1212,7,3
TX,808.768234266,291112.132374310,4641117.506626035,1.200000000,2588,9,3
TX,808.905412632,291023.889228359,4639129.602947502,1.200000000,2812,12,3
TX,808.981576682,293564.139508146,4641475.214279550,1.200000000,1705,12,3
TX,809.069726345,291042.559325966,4640473.894050084,1.200000000,2046,8,3
TX,809.093148027,282864.747336205,4632897.247421979,1.200000000,2554,12,3
TX,809.127142441,293907.027744980,4640692.479758221,1.200000000,2385,12,3
TX,809.193488239,291428.842269834,4645023.697153959,1.200000000,1435,12,3
TX,809.320897216,292187.940002623,4642168.233863205,1.200000000,2027,12,3
TX,809.428583951,291681.472314271,4642108.358220613,1.200000000,1774,12,3
TX,809.545755573,288077.165309589,4645599.056750538,1.200000000,1648,12,3
TX,809.783599972,291575.262471561,4642183.465659679,1.200000000,130,12,3
TX,809.799172247,290602.533679419,4641069.522641456,1.200000000,628,7,3
TX,809.966667186,290748.430277332,4642877.158424742,1.200000000,559,12,3
TX,810.235764566,291999.752055815,4643710.954422000,1.200000000,189,12,3
TX,810.286146059,272082.664905441,4630494.096492046,1.200000000,1617,12,3
TX,810.403160780,291694.171681158,4641030.083412396,1.200000000,2120,12,3
TX,810.478671869,290860.419762609,4642290.421362377,1.200000000,2836,10,3
TX,810.680954510,290414.577821008,4641825.566996684,1.200000000,2169,7,3
TX,810.708096433,273664.131017612,4630691.959316961,1.200000000,1283,12,3
TX,810.759183196,287589.256445791,4641427.205199515,1.200000000,2671,12,4
TX,810.810928462,289887.689303291,4642397.207665673,1.200000000,422,10,3
TX,810.822224030,273741.570014049,4630651.082672107,1.200000000,754,12,4
TX,810.971018839,291850.090449241,4642551.274081036,1.200000000,1844,12,3
TX,811.061032165,290969.147406573,4641195.299975175,1.200000000,1208,8,3
TX,811.063296771,290374.878622968,4641318.500490973,1.200000000,1673,7,3
TX,811.274532487,289776.282028546,4643240.402315602,1.200000000,2644,12,3
TX,811.280256095,292434.826890525,4643465.066213621,1.200000000,1736,12,3
TX,811.403312057,290474.765459020,4640615.577865238,1.200000000,2171,7,3
TX,811.602347613,291235.093901499,4642239.522889547,1.200000000,1173,11,4
TX,811.732475694,290661.808390373,4641930.578079850,1.200000000,1666,9,3
TX,811.791939960,294420.173082647,4644319.507142443,1.200000000,2537,12,3
TX,811.812312440,291820.348898523,4642565.666121137,1.200000000,2795,12,3
TX,811.877390048,289675.998398368,4645640.907901867,1.200000000,2117,12,3
TX,811.956234968,291801.598948536,4640764.552925137,1.200000000,2748,12,3
TX,811.983583044,299749.698140301,4630071.780123210,1.200000000,993,12,3
TX,812.010383843,287900.400836911,4643993.293109000,1.200000000,222,12,3
TX,812.021529469,290146.066357715,4643484.219569791,1.200000000,415,12,3
TX,812.039942609,294065.129464262,4644873.976164095,1.200000000,1133,12,3
TX,812.120498952,269749.836393442,4628493.273878188,1.200000000,814,12,3
TX,812.363877927,290422.475459334,4645581.159339932,1.200000000,743,12,3
TX,812.826582829,273721.195994595,4630632.951482450,1.200000000,1062,12,3
TX,812.972062972,282724.639142622,4640457.170344408,1.200000000,626,12,3
TX,813.373612880,292694.912062426,4638478.103621363,1.200000000,376,12,3
TX,813.439483365,292700.456152836,4641828.646305520,1.200000000,1575,12,3
TX,813.564321434,291816.337031161,4642872.009194217,1.200000000,176,12,3
TX,813.666076391,291060.816612258,4639066.373112777,1.200000000,1893,12,3
TX,813.713668013,290346.577504733,4641865.293599998,1.200000000,1471,7,3
TX,813.724888655,292630.107125504,4643651.458606110,1.200000000,2224,12,3
TX,813.930000750,290688.462716997,4641288.409833944,1.200000000,1751,7,3
TX,813.972722480,292799.132929631,4642023.396067750,1.200000000,2450,12,3
TX,813.986006903,290272.426634906,4642016.909778388,1.200000000,1039,8,3
TX,814.099324023,292695.499578392,4641824.130861399,1.200000000,1058,12,3
TX,814.111971547,290473.759526404,4639765.015863201,1.200000000,212,8,3
TX,814.385926670,296007.159368445,4649636.927995630,1.200000000,2280,12,3
TX,814.519526108,290694.854998894,4641298.508748706,1.200000000,1048,7,3
TX,814.558780239,291838.444484051,4642550.143701502,1.200000000,2825,12,3
TX,814.672116679,273665.153002342,4630676.975736190,1.200000000,1848,12,3
TX,814.695279351,291247.325162051,4638747.599658262,1.200000000,1755,12,3
TX,814.761504280,290375.265135310,4641792.961497375,1.200000000,841,7,3
TX,814.866869996,290101.133378866,4642438.901232931,1.200000000,2482,10,3
TX,814.881050654,289692.487162066,4639232.521830731,1.200000000,2003,9,3
TX,814.952038669,284017.172221444,4640219.956745448,1.200000000,1687,12,3
TX,814.984285822,291676.692492367,4642789.586296938,1.200000000,2658,12,3
TX,815.197067815,290309.869605964,4641431.091945732,1.200000000,1377,7,3
TX,815.218132382,273649.406884509,4630646.540445545,1.200000000,2302,12,3
TX,815.348116275,289951.340679403,4634411.711464414,1.200000000,2305,12,3
TX,815.387594007,289895.092506747,4639744.175598654,1.200000000,1178,7,3
TX,815.557053874,291867.965615639,4641651.010236288,1.200000000,436,12,3
TX,815.796993030,273704.879552606,4630695.004602657,1.200000000,761,12,3
TX,815.815422453,273719.415166889,4630688.736935440,1.200000000,1623,12,3
TX,815.859055718,291569.643768236,4642079.866614510,1.200000000,1457,10,4
TX,815.949904379,290492.744099931,4640640.424348681,1.200000000,203,7,4
TX,815.979909990,290359.649611407,4641425.143565595,1.200000000,1931,7,3
TX,816.026505308,289666.780756322,4643492.753650906,1.200000000,1530,12,3
TX,816.133523413,290349.890155181,4641428.221167019,1.200000000,170,7,3
TX,816.244510811,290474.375609861,4640740.315988167,1.200000000,589,7,3
TX,816.306560736,290181.417134404,4640145.838664383,1.200000000,615,7,3
TX,816.360107504,291434.048316013,4641308.058117636,1.200000000,934,10,3
TX,816.499786342,291963.002395341,4641090.642243310,1.200000000,398,12,3
TX,816.526402395,290799.869777695,4644908.877249422,1.200000000,1694,12,3
TX,816.631676025,289814.079974504,4638526.092295513,1.200000000,2542,12,3
TX,816.729950777,290407.860467076,4645712.737833725,1.200000000,377,12,3
TX,816.741029860,292076.675062167,4642437.137810156,1.200000000,2773,12,3
TX,816.762914878,291714.126304418,4642757.192461506,1.200000000,472,12,3
TX,816.778849796,274479.133794232,4630807.560462125,1.200000000,1752,12,3
TX,817.037143506,290285.339650496,4640291.682253215,1.200000000,573,7,3
TX,817.100058205,291681.890154212,4642100.449646835,1.200000000,424,12,3
TX,817.104362111,273981.188828385,4631237.880643610,1.200000000,872,12,3
TX,817.252524352,290797.269315592,4641187.419504244,1.200000000,2016,7,3
TX,817.257492438,289916.823337714,4641646.970122037,1.200000000,2379,7,3
TX,817.257787422,291416.805127989,4642040.005998367,1.200000000,1713,11,3
TX,817.328877277,288492.323539433,4643510.492217164,1.200000000,565,12,3
TX,817.333695388,293590.165809193,4639629.641632929,1.200000000,1378,12,3
TX,817.430383610,291826.320298202,4642519.614867738,1.200000000,1890,12,4
TX,817.577855129,273728.420379516,4630636.623503159,1.200000000,2258,12,3
TX,817.769034691,293138.499456047,4638900.077322603,1.200000000,2399,12,3
TX,817.871191306,290321.835418127,4640414.088544837,1.200000000,1111,7,3
TX,818.015701244,290020.753935337,4634390.017275820,1.200000000,1169,12,3
TX,818.330048978,288867.079036572,4643696.222937272,1.200000000,2009,12,3
TX,818.336365852,290610.356242578,4641101.000181217,1.200000000,35,7,3
TX,818.411350389,290927.582597240,4641649.264875874,1.200000000,291,9,4
TX,818.432627804,291468.825034716,4641979.215403293,1.200000000,2678,12,3
TX,818.507122145,290880.744677884,4642264.846635140,1.200000000,1145,11,3
TX,818.549267284,290738.392438930,4642907.859580171,1.200000000,2454,12,3
TX,818.667311361,290080.202812300,4641527.304574097,1.200000000,912,7,3
TX,818.853598411,290614.279114538,4642304.608526485,1.200000000,2024,9,3
TX,818.918740132,289013.725411089,4641798.698083461,1.200000000,634,9,3
TX,818.947249931,292218.687646129,4643466.971467753,1.200000000,2185,12,3
TX,818.984073785,290368.234569454,4640433.709125026,1.200000000,605,7,4
TX,819.015764075,287032.861112067,4641561.001743806,1.200000000,2225,12,3
TX,819.021118781,289349.148751459,4634304.343293959,1.200000000,124,12,3
TX,819.292067508,292665.571101535,4641795.800092909,1.200000000,698,12,3
TX,819.306402390,289714.412581788,4647169.393045441,1.200000000,1685,12,3
TX,819.425163772,290733.772211332,4644517.140752940,1.200000000,2818,12,3
TX,819.433583709,290474.508348039,4640625.673674919,1.200000000,411,7,3
TX,819.460832230,295147.642410057,4642696.082002501,1.200000000,1734,9,3
TX,819.462493336,287664.368508509,4639755.256064842,1.200000000,1511,12,3
TX,819.615384446,290455.757985845,4642379.480978644,1.200000000,2345,10,4
TX,819.628493240,293111.876166633,4642340.095528647,1.200000000,1791,12,3
TX,820.088681498,290477.688037839,4640629.126125383,1.200000000,1924,7,3
TX,820.190677340,292763.853274790,4642046.517974475,1.200000000,1635,12,3
TX,820.249495585,295120.736864203,4642696.700655140,1.200000000,865,9,3
TX,820.391599048,292692.170267578,4641829.797198300,1.200000000,2329,12,3
TX,820.451390776,290789.717816887,4642281.126768385,1.200000000,2815,10,3
TX,820.800045080,291141.313729225,4641229.985688427,1.200000000,1340,9,3
TX,820.829283526,284808.913405960,4631806.322084148,1.200000000,104,12,3
TX,820.910885121,286698.231291039,4645122.677592913,1.200000000,2143,12,4
TX,820.965025730,273731.545975826,4630652.234083308,1.200000000,2498,12,3
TX,821.069638031,291130.620956446,4641398.891185130,1.200000000,2371,8,3
TX,821.142531224,291975.532679378,4643690.055480489,1.200000000,1239,12,3
TX,821.178455907,294468.568928656,4646395.591942964,1.200000000,2737,12,3
TX,821.243731202,288442.305832388,4639062.398026780,1.200000000,937,12,3
TX,821.292668448,290433.677516390,4641820.990040793,1.200000000,2823,7,3
TX,821.311406208,291364.256805898,4642026.885267012,1.200000000,956,11,3
TX,821.487241186,290501.835115731,4641379.575583341,1.200000000,1688,7,3
TX,821.567935563,289313.538155140,4634323.899058172,1.200000000,1814,12,3
TX,821.613765045,288177.882666998,4643890.690714799,1.200000000,737,12,3
TX,821.705702296,291790.911669996,4641620.705560701,1.200000000,1129,12,3
TX,821.805872877,290627.461427184,4641125.040186478,1.200000000,55,7,3
TX,821.819113838,290078.596235495,4641540.044781996,1.200000000,1441,7,3
TX,822.036757385,291251.943466341,4642290.705783992,1.200000000,39,11,3
TX,822.066447613,289665.692706607,4642177.272019283,1.200000000,2445,9,3
TX,822.079635281,290374.170867475,4635258.412453533,1.200000000,251,12,3
TX,822.216174529,257056.438642352,4651457.045908781,1.200000000,2664,12,3
TX,822.411307015,291927.865795875,4641688.851021660,1.200000000,2181,12,3
TX,822.416610631,289905.020859968,4640929.574167219,1.200000000,2837,7,3
TX,822.507176317,291026.709251795,4641955.286452136,1.200000000,944,10,4
TX,822.520390187,273691.039210169,4630700.075509616,1.200000000,2339,12,3
TX,822.541401867,290815.473917336,4638197.591733576,1.200000000,921,12,3
TX,822.616790225,289008.332537292,4641947.798747746,1.200000000,701,9,3
TX,822.724421634,291381.883549559,4642121.439070545,1.200000000,2830,12,3
TX,822.840478008,289193.465485781,4642164.216858094,1.200000000,277,8,3
TX,823.093077996,289332.236372783,4639784.061452490,1.200000000,409,9,3
TX,823.217534940,291077.328394404,4641594.733328879,1.200000000,1984,9,3
TX,823.377464948,291215.581627232,4641300.964946344,1.200000000,2732,10,3
TX,823.382425174,274998.476048287,4630369.484006668,1.200000000,1959,12,3
TX,823.762979517,286726.955723512,4634390.383047529,1.200000000,871,12,3
TX,824.149842488,292319.788995467,4642042.962705949,1.200000000,1582,12,3
TX,824.189318901,291146.782104691,4642483.561947936,1.200000000,1043,12,3
TX,824.261066278,272000.139567599,4630566.405936808,1.200000000,986,12,3
TX,824.377651295,291983.955714343,4643710.842813977,1.200000000,193,12,3
TX,824.845805375,295782.807196339,4642551.989046815,1.200000000,1030,7,4
TX,825.019777137,291245.160687242,4641241.996296419,1.200000000,2206,8,3
TX,825.042921836,291073.164439605,4644038.583048748,1.200000000,2489,12,3
TX,825.119455562,290419.424536876,4641384.372898356,1.200000000,454,7,3
TX,825.141284589,273381.483986050,4631307.426803404,1.200000000,2241,12,3
TX,825.183987214,291053.568253041,4641095.988187233,1.200000000,1677,8,3
TX,825.260962339,290420.882852893,4640522.242760199,1.200000000,2842,7,4
TX,825.299997244,292375.311262017,4642946.083508865,1.200000000,2198,12,3
TX,825.326388380,289664.115783374,4643598.271898760,1.200000000,405,12,3
TX,825.774286202,289912.340831279,4639754.502655436,1.200000000,2851,7,3
TX,825.913232367,287146.678745906,4641145.365751309,1.200000000,810,12,4
TX,825.978207721,292188.365643923,4641902.127434291,1.200000000,317,12,3
TX,826.198249428,290064.964525574,4644519.384966773,1.200000000,1287,12,3
TX,826.203690647,289515.700186064,4641766.026955120,1.200000000,1811,7,3
TX,826.286631061,290989.297832285,4642312.255546885,1.200000000,2478,11,3
TX,826.450309957,290663.535427078,4641298.148666168,1.200000000,2420,7,3
TX,826.453254148,290706.046179852,4641290.257674245,1.200000000,755,7,4
TX,826.476346108,291357.826028938,4642149.168622243,1.200000000,665,12,4
TX,826.579296300,291805.361717697,4642820.261584779,1.200000000,1132,12,3
TX,826.665047130,279330.282477740,4632552.452009928,1.200000000,975,12,3
TX,826.821709749,295205.678257908,4645339.156354903,1.200000000,328,12,3
TX,826.901868453,290643.836599124,4646627.944312347,1.200000000,1663,12,3
TX,826.927950263,293084.009393709,4640586.156789837,1.200000000,900,12,3
TX,827.463423552,293847.908171044,4641559.626814011,1.200000000,1400,10,3
TX,827.816413420,291217.385589093,4642297.925789081,1.200000000,547,12,3
TX,827.904418499,291183.687349737,4641325.270749326,1.200000000,199,10,3
TX,827.928200069,290692.412783050,4641301.617838834,1.200000000,1359,7,3
TX,828.010675865,287339.306778402,4635385.235373341,1.200000000,25,12,4
TX,828.188126235,289349.123872723,4638357.911580267,1.200000000,482,12,3
TX,828.434257413,292183.537662815,4642180.839890095,1.200000000,1209,12,3
TX,828.460297613,291859.276004265,4642560.498748259,1.200000000,845,12,4
TX,828.549111551,289296.198322434,4639775.621320088,1.200000000,407,9,3
TX,828.709982713,291224.067122496,4640454.649680704,1.200000000,347,8,3
TX,828.716506586,291467.500998603,4642257.265141614,1.200000000,827,11,3
TX,829.068837078,289889.098277484,4633910.786887921,1.200000000,1757,12,3
TX,829.176460326,291995.839124240,4643710.216884748,1.200000000,2507,12,3
TX,829.365642075,290638.091006959,4646531.005600948,1.200000000,1710,12,3
TX,829.444744326,290612.379185433,4640637.821134396,1.200000000,2000,7,3
TX,829.450173246,292722.284231776,4641930.571859658,1.200000000,113,12,3
TX,829.535229537,273681.812786849,4630628.254312835,1.200000000,2066,12,3
TX,829.545089019,288192.792835720,4643901.283551062,1.200000000,1769,12,3
TX,829.561109095,291845.092982714,4641946.503105397,1.200000000,512,12,3
TX,829.794259317,271924.309578287,4630612.497730899,1.200000000,1546,12,3
TX,830.061517916,291018.523169108,4641989.810305739,1.200000000,2384,10,3
TX,830.234831674,290971.948355130,4641333.060353657,1.200000000,1108,8,3
TX,830.344931827,297676.233349002,4636719.969606325,1.200000000,66,12,4
TX,830.482437489,290960.864133418,4640777.720312010,1.200000000,1793,8,3
TX,830.582586895,289650.732088477,4643502.673139458,1.200000000,1672,12,3
TX,830.917683521,289376.342326795,4646913.666413958,1.200000000,2207,12,3
TX,830.954121005,291219.588185985,4641280.769287005,1.200000000,647,9,3
TX,831.002116676,273714.380841525,4630642.722894572,1.200000000,752,12,3
TX,831.216076997,274341.884568034,4630726.672383576,1.200000000,1245,12,4
TX,831.243132320,283902.420759156,4632389.449277663,1.200000000,69,12,3
TX,831.299968679,292030.916782677,4645852.203406878,1.200000000,2172,12,3
TX,831.415168265,289292.170273834,4643711.060015040,1.200000000,587,12,3
TX,831.469410402,291044.813212782,4631577.301120303,1.200000000,2523,12,3
TX,831.902064301,299103.471486293,4631591.736525853,1.200000000,1366,12,3
TX,831.964490079,291240.812391761,4642280.903404604,1.200000000,2816,11,3
TX,831.984899372,294062.406916645,4641079.721284842,1.200000000,606,11,3
TX,832.095726507,290350.182310533,4643295.447056615,1.200000000,602,12,3
TX,832.257315077,290199.983433123,4641229.102487071,1.200000000,333,7,3
TX,832.259253146,290984.817565963,4642190.424151207,1.200000000,321,10,3
TX,832.537734637,290359.750525518,4641405.695971875,1.200000000,2786,7,3
TX,832.548030796,292717.423151333,4641850.334014135,1.200000000,1956,12,4
TX,832.585118887,288924.564166676,4644059.620214647,1.200000000,129,12,3
TX,832.646843932,287751.043814343,4637277.605852377,1.200000000,2720,12,3
TX,832.760603258,289325.754839168,4634331.480282127,1.200000000,1026,12,3
TX,832.779688168,289678.444799431,4638755.715214558,1.200000000,1470,11,3
TX,832.910185827,289747.161967146,4638754.926656053,1.200000000,1469,11,4
TX,833.014858466,291040.737031125,4641944.137402517,1.200000000,42,9,3
TX,833.183279044,289491.711967686,4643913.570563478,1.200000000,2550,12,3
TX,833.385085325,290434.157323788,4644514.789734151,1.200000000,159,12,3
TX,833.438921789,290503.895162177,4635727.442268364,1.200000000,1364,12,3
TX,833.461492140,295140.362304591,4642715.174123059,1.200000000,1969,9,3
TX,833.550737165,290737.160062558,4642897.146936288,1.200000000,1990,12,3
TX,833.606164880,291993.650764723,4643717.126936696,1.200000000,2165,12,3
TX,833.608893343,291728.397992470,4642823.790688557,1.200000000,1594,12,4
TX,833.618101177,292686.185849832,4641788.040425351,1.200000000,2631,12,3
TX,833.738848519,290239.410096892,4640954.617620453,1.200000000,729,7,3
TX,833.862331690,271614.680304108,4630639.678939428,1.200000000,1951,12,3
TX,833.912872129,292697.547778522,4640963.377527183,1.200000000,2696,12,4
TX,834.219540053,290362.387550892,4641839.723341309,1.200000000,2766,7,3
TX,834.568502107,291016.832034557,4641954.056074232,1.200000000,1707,10,3
TX,834.576531579,291826.423247752,4641326.717169151,1.200000000,2159,10,3
TX,834.624874412,290715.755765244,4644586.785947238,1.200000000,961,12,4
TX,834.683205297,292316.726773663,4642035.907353475,1.200000000,823,12,4
TX,834.699700104,287752.163398820,4645624.121477881,1.200000000,1940,12,3
TX,834.821821835,293965.240436328,4641591.111832961,1.200000000,2459,12,3
TX,834.829956106,290428.798445943,4640509.079486191,1.200000000,2583,7,3
TX,835.136435505,289220.852435064,4642535.634565283,1.200000000,381,10,3
TX,835.141324364,294296.851472894,4644158.784939925,1.200000000,2566,12,3
TX,835.269419671,299748.112725626,4630064.187188917,1.200000000,2260,12,3
TX,835.442028050,294414.793868757,4644307.846964656,1.200000000,2614,12,3
TX,835.547807497,291472.623346713,4642010.041030094,1.200000000,592,12,3
TX,835.585623980,290765.527210434,4642280.178274213,1.200000000,2578,10,4
TX,835.603203808,292610.806131608,4642826.028626710,1.200000000,1975,12,3
TX,835.670041750,273629.027096645,4630272.195189413,1.200000000,987,12,3
TX,835.754475168,290402.555650757,4644247.956426353,1.200000000,1189,12,3
TX,835.914898996,291556.253376321,4642624.190508191,1.200000000,2593,12,3
TX,835.986302041,271819.051194814,4630686.060100273,1.200000000,250,12,4
TX,835.994566210,287834.000537150,4639161.720569230,1.200000000,1444,12,3
TX,836.002313075,290493.407176762,4643859.784494999,1.200000000,2092,12,3
TX,836.016890058,290668.001547343,4641300.655867810,1.200000000,2785,7,3
TX,836.269730336,292320.105695081,4642052.440192417,1.200000000,2624,12,3
TX,836.352824108,290335.800658932,4641870.036617734,1.200000000,2470,7,3
TX,836.579492685,292362.069621890,4642002.171654188,1.200000000,1398,12,3
TX,836.587610807,290970.014732892,4641176.521840313,1.200000000,214,8,3
TX,836.594757520,291060.961136202,4640989.138685170,1.200000000,355,7,3
TX,836.698829406,290736.747899888,4642882.425003292,1.200000000,408,12,4
TX,836.752002403,291109.340502183,4641361.892099640,1.200000000,2543,9,3
TX,836.801637574,290532.763533939,4642094.921679983,1.200000000,1206,7,3
TX,836.835180446,290129.905517906,4635340.888344719,1.200000000,2611,12,3
TX,837.139072127,274249.836781853,4630662.514761514,1.200000000,1559,12,3
TX,837.200861853,290841.892245043,4642279.093820463,1.200000000,2821,10,3
TX,837.307937824,290971.625879227,4641974.331338085,1.200000000,2828,8,4
TX,837.375122075,293833.893467229,4639953.580473698,1.200000000,2688,11,3
TX,837.384576337,296663.277883752,4646464.163014141,1.200000000,711,12,3
TX,837.386466646,288783.916246367,4639685.649045927,1.200000000,978,11,3
TX,837.390128460,291662.141157658,4630181.169994080,1.200000000,952,12,3
TX,837.400569305,293420.783110535,4640920.277598142,1.200000000,432,12,3
TX,837.678795776,292249.673041521,4641942.545628841,1.200000000,2619,12,4
TX,837.769564148,287421.085203293,4641209.110816695,1.200000000,1921,12,3
TX,837.779515711,299726.210784995,4630070.662691466,1.200000000,2240,12,3
TX,837.833524959,289638.209057488,4641754.820047055,1.200000000,149,7,3
TX,837.965708922,291754.393162541,4642392.648967221,1.200000000,2433,12,4
TX,838.232631798,289949.910705435,4634411.308732192,1.200000000,1670,12,3
TX,838.243719149,291238.638312022,4641247.764848854,1.200000000,27,8,3
TX,838.382371980,290401.580069600,4641396.454118133,1.200000000,880,7,3
TX,838.422595825,288362.529074348,4642970.435844321,1.200000000,344,12,3
TX,838.468554193,292676.540911219,4641806.418664613,1.200000000,1389,12,4
TX,838.545359087,291156.045778230,4644480.219994298,1.200000000,1096,12,4
TX,838.563030503,289394.484478379,4640142.906914684,1.200000000,2597,7,3
TX,838.612149881,292483.816488772,4641892.226213036,1.200000000,564,12,3
TX,838.613551209,294127.321661835,4644964.880386954,1.200000000,2541,12,3
TX,838.641103711,290359.012975057,4646161.850072974,1.200000000,2814,12,4
TX,838.784501183,291068.520987294,4643447.101202360,1.200000000,260,12,3
TX,839.330158985,292353.782866730,4641669.266981849,1.200000000,1937,12,4
TX,839.404808548,293662.088296295,4639718.498537131,1.200000000,1385,12,3
TX,839.523629273,290612.961801170,4642308.286886290,1.200000000,1482,9,4
TX,839.634401957,286704.758901955,4645108.998824655,1.200000000,2398,12,3
TX,839.715183276,291182.275938749,4641314.276188937,1.200000000,89,10,3
TX,839.997069580,290347.628508597,4643768.156705308,1.200000000,1442,12,3
TX,840.045225030,291675.746930661,4642096.493490484,1.200000000,2358,12,3
TX,840.072365195,291915.720690431,4642577.323394290,1.200000000,2596,12,3
TX,840.095995949,271666.628322534,4630626.728947891,1.200000000,1618,12,3
TX,840.214449804,288380.745269518,4637282.111207895,1.200000000,2036,12,3
TX,840.230678379,291297.370679407,4641987.647728425,1.200000000,1014,11,3
TX,840.455946592,292978.389375379,4644179.607348164,1.200000000,2043,12,4
TX,840.457477253,289773.413970767,4639518.370680045,1.200000000,1183,10,3
TX,840.463520438,273685.127895289,4630678.333716625,1.200000000,437,12,3
TX,840.486608034,292713.187830242,4641822.554589977,1.200000000,1651,12,3
TX,840.487431519,290598.836452614,4644425.045548787,1.200000000,588,12,3
TX,840.598048591,291955.432442853,4642603.633291941,1.200000000,736,12,3
TX,840.641569854,291872.832415791,4640519.712109053,1.200000000,300,12,4
TX,840.881641913,292285.411654046,4642002.137583630,1.200000000,1519,12,3
TX,841.027421649,290516.575500718,4644909.984681605,1.200000000,659,12,3
TX,841.246810347,292815.385981692,4642782.202599980,1.200000000,474,12,3
TX,841.370278072,291921.942257472,4642579.981816611,1.200000000,1149,12,4
TX,841.473415820,290622.062007201,4641338.276635978,1.200000000,1730,7,3
TX,841.707600811,290366.104082084,4641809.635679839,1.200000000,844,7,4
TX,842.065291961,294342.243922993,4642720.643045444,1.200000000,608,10,3
TX,842.069607076,291326.073227204,4639867.396892590,1.200000000,1553,11,4
TX,842.231106789,291528.241981675,4642171.582023042,1.200000000,11,11,3
TX,842.523203972,289714.053366986,4639086.659520322,1.200000000,1790,12,3
TX,842.838502921,290351.149749759,4641818.646530177,1.200000000,843,7,3
TX,842.862590238,283466.692623762,4640328.181933926,1.200000000,1983,12,3
TX,842.968709197,289239.271528697,4642507.170009386,1.200000000,1041,10,3
TX,843.000159292,290975.726846918,4641351.772808209,1.200000000,2140,8,3
TX,843.013920648,287291.768964916,4650731.199539326,1.200000000,734,12,3
TX,843.346351873,291666.076878074,4642113.679000746,1.200000000,2432,12,4
TX,843.623131619,293259.470275598,4640221.727387977,1.200000000,1867,12,3
TX,843.854940547,290615.731410770,4642288.178271014,1.200000000,2050,9,4
TX,844.000196706,291947.433845032,4641707.633063559,1.200000000,271,12,3
TX,844.191447257,295389.268761639,4639961.055214088,1.200000000,2095,12,3
TX,844.559311911,290607.018340241,4645905.604492100,1.200000000,2727,12,3
TX,844.913665711,290353.868783868,4641814.961897871,1.200000000,1136,7,4
TX,844.970928071,291050.336251274,4641987.020588983,1.200000000,2374,10,3
TX,845.114640035,289721.134296063,4647154.276119498,1.200000000,2058,12,3
TX,845.272304946,291807.238447641,4642476.871581287,1.200000000,1110,12,4
TX,845.283058157,287998.554796868,4638475.521853881,1.200000000,521,12,3
TX,845.288256220,290598.527027404,4640640.850925589,1.200000000,2293,7,3
TX,845.295978409,290971.610476038,4644916.609200215,1.200000000,1555,12,3
TX,845.358182714,292521.884083871,4642916.807972522,1.200000000,174,12,3
TX,845.386870098,292254.457470571,4638699.666936530,1.200000000,2575,12,3
TX,845.713963139,288879.241871672,4640088.836178638,1.200000000,2799,8,3
TX,845.888061158,293261.641887825,4641004.646613026,1.200000000,2173,12,3
TX,846.084969449,291850.022032997,4636311.797923702,1.200000000,1965,12,3
TX,846.478867094,292333.527024630,4642043.573526409,1.200000000,320,12,3
TX,846.655239241,290201.279090843,4641460.741775593,1.200000000,1691,7,3
TX,846.665500781,273658.835593173,4630608.014700576,1.200000000,1802,12,3
TX,846.891863539,293524.914855752,4641273.808288281,1.200000000,1407,11,3
TX,846.903341745,291858.938648408,4642565.138245014,1.200000000,366,12,3
TX,846.963239180,288324.030788481,4642926.051400864,1.200000000,1987,12,3
TX,847.022643919,287562.950396840,4641337.741142325,1.200000000,455,12,3
TX,847.174207572,291513.122662830,4644132.890616472,1.200000000,2460,12,3
TX,847.259766739,289825.811393856,4641109.007355139,1.200000000,2273,7,3
TX,847.506884605,273700.966554376,4630629.271821935,1.200000000,2845,12,3
TX,847.526163603,293882.230020065,4640690.780731758,1.200000000,2525,12,4
TX,847.537947786,289621.493186251,4643588.783208341,1.200000000,2386,12,3
TX,847.564385413,289155.807785034,4642529.408734205,1.200000000,1481,10,3
TX,847.622482675,292532.657385478,4642917.522727849,1.200000000,2640,12,3
TX,847.637876010,291102.922160975,4642352.976804014,1.200000000,2824,12,3
TX,847.864103012,290690.525609156,4641318.898809204,1.200000000,768,7,4
TX,848.090987558,299720.773292342,4630015.905536141,1.200000000,787,12,3
TX,848.127518023,292231.996699000,4638116.378127115,1.200000000,1210,12,4
TX,848.300054962,290322.035505256,4641444.562807127,1.200000000,2534,7,3
TX,848.333567153,291881.577119314,4641646.251858945,1.200000000,483,12,4
TX,848.431135777,289455.693429706,4645839.688331732,1.200000000,2282,12,4
TX,848.528778464,291034.781906350,4641931.503308556,1.200000000,2843,9,3
TX,848.613299107,290079.128188922,4640924.140351791,1.200000000,1438,7,4
TX,848.901928612,286696.106595869,4645146.726819948,1.200000000,2256,12,3
TX,848.934117324,292540.618046227,4652065.042985857,1.200000000,24,12,3
TX,848.954915984,288757.354842621,4638534.620422938,1.200000000,816,12,3
TX,848.973380384,291247.587993414,4641275.711095387,1.200000000,233,8,3
TX,848.989278980,291368.121795786,4638516.521696234,1.200000000,2652,12,3
TX,849.031712077,291795.322782542,4642803.870866995,1.200000000,2111,12,4
TX,849.384998765,290228.577965871,4642623.790239753,1.200000000,2681,10,3
TX,849.394612314,292224.527929370,4641367.637569973,1.200000000,1866,12,3
TX,849.499627890,291161.600588067,4641961.089951272,1.200000000,1877,10,3
TX,849.725198615,291826.293839313,4642562.715605493,1.200000000,529,12,4
TX,849.738380046,287438.535954685,4644474.203262166,1.200000000,1830,12,4
TX,849.908249479,290778.417345909,4637886.342625781,1.200000000,1723,12,3
TX,849.998641240,271938.192213622,4630635.987713628,1.200000000,1846,12,4
TX,849.999545013,292797.197518638,4642911.209986344,1.200000000,1138,12,3
TX,850.044796706,291131.917692205,4641367.899936614,1.200000000,1562,10,3
TX,850.229292937,292793.374276559,4642177.320631259,1.200000000,445,12,4
TX,850.432577199,293976.235218174,4640972.414072558,1.200000000,2715,12,3
TX,850.560823163,292331.753569249,4642045.798907602,1.200000000,0,12,3
TX,850.964425362,291022.623196707,4640555.704942100,1.200000000,870,7,4
TX,851.042381821,290364.579547123,4641791.683527449,1.200000000,2491,7,3
TX,851.067742784,289651.365505304,4641755.321973893,1.200000000,2680,7,4
TX,851.094088432,289669.219729610,4643507.179403702,1.200000000,466,12,3
TX,851.150400343,291587.988066864,4640926.776325836,1.200000000,660,10,4
TX,851.218854748,286706.241351136,4645124.260493702,1.200000000,2676,12,3
TX,851.359667814,292575.838848260,4641399.076022513,1.200000000,1954,12,3
TX,851.434472420,292982.325149382,4641492.550246454,1.200000000,374,12,4
TX,851.447670806,291999.877295635,4644015.727893779,1.200000000,1996,12,3
TX,851.462279237,290327.033477473,4644076.450407949,1.200000000,1114,12,3
TX,851.699968811,292221.604045506,4637107.738718865,1.200000000,1552,12,3
TX,851.702278143,293243.860347219,4639502.280319197,1.200000000,1881,12,3
TX,851.762903395,290149.136053429,4643336.430966075,1.200000000,298,12,4
TX,851.882682566,291846.209440915,4642462.615930255,1.200000000,1930,12,3
TX,851.894506847,273706.533462295,4630616.182746138,1.200000000,2415,12,3
TX,852.059828717,290696.958389370,4641299.328203775,1.200000000,1113,7,3
TX,852.076871871,294381.705954912,4638934.861503306,1.200000000,2841,12,4
TX,852.091174592,290324.203913652,4641527.813724419,1.200000000,1659,7,3
TX,852.220614440,291128.610233314,4641203.461370673,1.200000000,2007,9,4
TX,852.342152575,298651.140997665,4639403.270860473,1.200000000,875,12,3
TX,852.437176509,276882.594423067,4632288.518917625,1.200000000,358,12,3
TX,852.482523971,290354.706789121,4643757.433513514,1.200000000,2610,12,3
TX,852.520520688,291713.213994985,4642131.075536018,1.200000000,2177,12,3
TX,852.538742803,290934.858562112,4642874.008124750,1.200000000,1139,12,3
TX,852.558086882,295115.103296134,4642714.765692074,1.200000000,1804,9,3
TX,852.642497225,291988.630091061,4643709.676249390,1.200000000,542,12,3
TX,852.721482193,290660.779561249,4641297.692378241,1.200000000,2572,7,3
TX,852.821869889,292147.453194052,4640271.515733344,1.200000000,2423,12,4
TX,852.870978931,283554.743030376,4633993.627981051,1.200000000,2375,12,3
TX,852.923089024,289032.663005540,4639034.946180874,1.200000000,2361,11,3
TX,853.019387206,273666.632638876,4630630.748323509,1.200000000,806,12,3
TX,853.222997633,292111.105240865,4643633.447841174,1.200000000,1219,12,4
TX,853.269792739,291021.935098949,4640554.432969021,1.200000000,913,7,4
TX,853.334069892,295450.394049710,4637006.176240108,1.200000000,1049,12,3
TX,853.338017757,291830.600732727,4642556.660472783,1.200000000,2518,12,3
TX,853.405726092,291069.418911710,4641353.371766945,1.200000000,1943,9,4
TX,853.470030570,294389.402556526,4639381.751753354,1.200000000,1153,12,4
TX,853.509063204,290129.398572223,4640820.152443985,1.200000000,2413,7,4
TX,853.539671968,291843.941760023,4642486.171249886,1.200000000,543,12,4
TX,853.625875273,290988.166060725,4641869.132630345,1.200000000,1777,8,3
TX,853.848060962,290867.093501544,4642272.705258682,1.200000000,2576,11,3
TX,853.896840699,291237.646755052,4638755.035277294,1.200000000,1888,12,3
TX,854.032453425,289963.106248470,4634415.042377063,1.200000000,2781,12,3
TX,854.131529247,273677.552001570,4630685.149012398,1.200000000,289,12,3
TX,854.193327784,292341.731069840,4642032.620380892,1.200000000,273,12,3
TX,854.211748065,290555.131044056,4646866.015999538,1.200000000,1835,12,3
TX,854.572734608,292666.516047549,4641796.514760201,1.200000000,672,12,3
TX,854.617855772,290162.841199025,4644292.831280436,1.200000000,2691,12,3
TX,854.748358219,292012.935982170,4640708.605657790,1.200000000,1238,11,3
TX,855.018175311,291223.024783357,4641387.264632003,1.200000000,2431,10,3
TX,855.078163569,291242.196268348,4642285.554870575,1.200000000,2354,11,3
TX,855.213459175,290315.501619820,4637057.539885381,1.200000000,693,12,4
TX,855.529531734,290615.872225537,4643035.009158200,1.200000000,838,12,3
TX,855.702010581,290014.752649975,4641536.063296510,1.200000000,863,7,3
TX,855.770183294,289611.606253680,4643583.488659900,1.200000000,2519,12,3
TX,855.819705103,290510.394862313,4642100.692862351,1.200000000,2403,7,4
TX,855.859106090,273561.653126497,4630227.714690107,1.200000000,2136,12,3
TX,856.097149721,289902.628184290,4644403.644555205,1.200000000,828,12,3
TX,856.286647912,291123.987280481,4644030.060603582,1.200000000,171,12,3
TX,856.328955799,291021.996362091,4641976.450789916,1.200000000,2760,10,3
TX,856.397959753,287780.397723781,4643475.777661209,1.200000000,638,12,3
TX,856.569302975,292419.793921662,4639748.886990118,1.200000000,889,12,3
TX,856.605520421,291477.617433582,4642053.426915984,1.200000000,1939,12,3
TX,856.686146468,291863.619691652,4642559.401202653,1.200000000,1897,12,3
TX,856.713610499,292146.922556879,4642208.930298314,1.200000000,1292,12,4
TX,856.854259341,292691.362836682,4641811.112984691,1.200000000,1331,12,3
TX,856.921196362,290628.845009991,4641153.100047324,1.200000000,1864,7,4
TX,857.063030204,290964.836720111,4640761.865386342,1.200000000,1401,8,3
TX,857.099751430,291849.512727695,4642562.695939914,1.200000000,2605,12,3
TX,857.141680559,289306.262841785,4639775.052945051,1.200000000,513,9,3
TX,857.185746157,288503.705673508,4642828.190135580,1.200000000,449,12,3
TX,857.305264161,292292.548133406,4637723.538386387,1.200000000,1869,12,3
TX,857.477687045,288723.064476952,4641778.079415591,1.200000000,1578,9,3
TX,857.540046217,293006.411260227,4640271.551377924,1.200000000,378,12,3
TX,857.598641968,289141.505975885,4642829.621486072,1.200000000,188,12,3
TX,857.606575876,290731.065080230,4641504.170677127,1.200000000,636,8,3
TX,857.756398904,289720.760248926,4647153.301401434,1.200000000,1860,12,3
TX,857.772926224,289630.370979867,4643599.930817981,1.200000000,1024,12,3
TX,857.809116347,280205.566737643,4632618.060901674,1.200000000,493,12,3
TX,858.076443402,291280.292052085,4642267.729660743,1.200000000,2811,12,3
TX,858.148692393,293302.351298251,4640204.466560990,1.200000000,2205,12,3
TX,858.260035021,273676.041072188,4630626.368896699,1.200000000,1545,12,3
TX,858.284336152,290512.395118483,4642175.326532186,1.200000000,282,9,3
TX,858.495427741,287065.096403734,4634230.237118516,1.200000000,1968,12,4
TX,858.523776546,290052.190377482,4642389.546523704,1.200000000,1369,9,3
TX,858.745735206,289939.907302793,4634392.598983597,1.200000000,1419,12,4
TX,858.841781559,290827.051470717,4641486.849425578,1.200000000,248,8,3
TX,858.932524854,286944.598297416,4625194.325725596,1.200000000,2313,12,4
TX,858.947052993,290996.075104449,4641853.668485929,1.200000000,1150,8,3
TX,859.339058368,271834.992107471,4630685.201692040,1.200000000,749,12,4
TX,859.538092700,289820.209766798,4638564.307035628,1.200000000,1437,12,3
TX,859.566744338,290086.736321844,4641496.014747403,1.200000000,2253,7,3
TX,859.735721868,292766.770244119,4642055.841044877,1.200000000,2452,12,4
TX,859.978641549,290475.919027997,4640620.975429830,1.200000000,1813,7,3
TX,860.041770029,291726.417066365,4642382.033823171,1.200000000,890,12,3
TX,860.144052668,291226.667678254,4642275.410289442,1.200000000,17,11,3
TX,860.284349901,290402.001030443,4641811.649033313,1.200000000,896,7,3
TX,860.442552363,273692.191738944,4630634.931063816,1.200000000,1339,12,3
TX,860.682698745,291523.344606209,4643840.608519983,1.200000000,2462,12,4
TX,860.766569170,285262.121000907,4631729.872628450,1.200000000,773,12,4
TX,860.844805221,293661.803515434,4645143.145366755,1.200000000,276,12,3
TX,860.994001588,293011.259197958,4642285.187903044,1.200000000,1294,12,3
TX,861.194740057,273677.214658416,4630673.591308332,1.200000000,1190,12,3
TX,861.393856479,291818.991879523,4642307.373447790,1.200000000,1895,12,3
TX,861.473039925,271810.537480738,4630653.838823481,1.200000000,598,12,4
TX,861.581642587,291956.268155520,4642591.076705588,1.200000000,257,12,4
TX,861.624671793,286866.024974048,4641638.673071513,1.200000000,1165,12,3
TX,861.656709318,289530.274840796,4641789.948347952,1.200000000,1572,7,3
TX,861.695604829,294692.928918696,4636387.746880592,1.200000000,2723,12,4
TX,861.804799474,286985.615872516,4639950.335467541,1.200000000,1800,12,3
TX,861.853046653,291641.292617664,4642114.082819794,1.200000000,544,10,3
TX,862.110082945,295075.528831718,4642764.435864075,1.200000000,1349,9,3
TX,862.211151737,290332.659792901,4640364.705163328,1.200000000,2577,7,3
TX,862.423192147,291013.817197124,4639464.108614265,1.200000000,1735,11,3
TX,862.459742731,290804.254699900,4642290.370311354,1.200000000,1798,10,3
TX,862.459892650,289752.732105608,4635266.577112340,1.200000000,699,12,4
TX,862.558351155,290107.079991007,4640836.837312253,1.200000000,2012,7,3
TX,862.692065654,289315.148398302,4639759.316000189,1.200000000,687,9,3
TX,862.855292844,290810.079548390,4642279.666854492,1.200000000,664,10,3
TX,862.900058573,290482.318378355,4642808.554358321,1.200000000,2341,12,3
TX,862.910357963,292526.828104123,4642893.048164668,1.200000000,1857,12,4
TX,862.933608665,271592.964252439,4630602.843997033,1.200000000,550,12,4
TX,863.115653527,289503.010661254,4643144.839666508,1.200000000,406,12,3
TX,863.441636978,293244.825928839,4637512.045486965,1.200000000,1263,12,4
TX,863.615356783,291898.451255306,4644162.637849485,1.200000000,511,12,3
TX,863.888745152,290159.117390407,4635333.657714343,1.200000000,720,12,3
TX,863.949380709,293312.671287896,4644273.004550155,1.200000000,403,12,4
TX,863.965089298,273693.630967299,4630646.113610818,1.200000000,2067,12,3
TX,864.344664059,289970.240897364,4634455.879596096,1.200000000,1861,12,3
TX,864.373232758,292201.846418020,4644138.607803509,1.200000000,48,12,3
TX,864.390886033,290741.556283722,4642899.093573856,1.200000000,134,12,3
TX,864.571646203,293302.180177936,4643355.462822803,1.200000000,985,12,3
TX,864.609752762,299748.886331090,4630071.688503229,1.200000000,229,12,3
TX,865.256584239,290958.159033710,4641334.052519150,1.200000000,2465,8,3
TX,865.347285622,290413.178473092,4641830.949486275,1.200000000,842,7,4
TX,865.355811122,288412.207620324,4641391.126955071,1.200000000,1689,8,4
TX,865.409882575,291674.979702846,4642113.156867376,1.200000000,2463,12,3
TX,865.435942810,288489.674193241,4642624.603919075,1.200000000,2456,12,4
TX,865.551964427,293750.679148108,4640460.716394673,1.200000000,704,12,3
TX,865.573777861,291211.749691511,4637660.035016803,1.200000000,858,12,3
TX,865.696021686,292205.482344872,4641809.071677006,1.200000000,151,12,3
TX,865.701748817,292555.390815985,4641344.131101892,1.200000000,2790,12,3
TX,865.768896319,287816.494665878,4638479.357286438,1.200000000,1742,12,3
TX,865.919201098,291046.665579459,4641102.380592878,1.200000000,157,8,4
TX,865.921843029,290560.313065688,4645906.879551859,1.200000000,21,12,3
TX,866.025651371,293522.591999689,4607454.737003904,1.200000000,1186,12,4
TX,866.073693944,290532.265193149,4641003.953761959,1.200000000,1712,7,3
TX,866.220892361,290904.395878342,4643988.250213511,1.200000000,2590,12,3
TX,866.306764933,286440.052232856,4631302.982757381,1.200000000,2568,12,3
TX,866.388735284,290547.192616760,4641104.523361680,1.200000000,2508,7,3
TX,866.393333431,292180.128631637,4640516.488638692,1.200000000,1923,12,3
TX,866.476494077,290450.284652313,4642023.443600629,1.200000000,2509,10,3
TX,866.480435307,273715.214573685,4630682.926653213,1.200000000,680,12,3
TX,866.646445685,290376.870812867,4643860.041992517,1.200000000,2606,12,3
TX,866.732028667,271795.553522890,4630657.720946091,1.200000000,160,12,3
TX,866.762915795,290578.246563710,4641060.193768679,1.200000000,2231,7,3
TX,866.788517735,294972.652478917,4642712.073161974,1.200000000,1299,8,4
TX,866.950055905,290681.235415332,4641305.539589578,1.200000000,1354,7,3
TX,867.071288145,292732.931278896,4642036.268075860,1.200000000,343,12,3
TX,867.341329620,292043.549567543,4640498.628944892,1.200000000,1836,12,3
TX,867.439090232,290825.017256933,4644432.742611462,1.200000000,1700,12,3
TX,867.494425891,290486.480038514,4641365.289524065,1.200000000,947,7,3
TX,867.537183610,293072.661407263,4643342.396469631,1.200000000,2368,12,3
TX,867.554968490,292523.483723106,4642911.280058879,1.200000000,2784,12,3
TX,867.563172839,272713.904139258,4629886.464832208,1.200000000,781,12,3
TX,867.862759848,271796.155107823,4630708.646827630,1.200000000,1542,12,4
TX,867.888238438,289539.185471113,4641822.593798259,1.200000000,668,7,3
TX,867.926987347,291687.849607395,4642077.474780947,1.200000000,197,12,4
TX,867.927226335,290610.205471580,4639781.150091563,1.200000000,2480,9,3
TX,867.936689152,292840.378051372,4641925.884575796,1.200000000,2448,12,4
TX,867.950192666,291005.924663416,4639105.108687901,1.200000000,879,12,4
TX,868.130432100,292570.409904085,4643865.305032964,1.200000000,177,12,3
TX,868.254026035,290279.015793371,4646981.994486690,1.200000000,1882,12,3
TX,868.480368838,291612.621344486,4644626.082805638,1.200000000,2620,12,4
TX,868.504656885,290838.902613599,4642286.811693078,1.200000000,2517,10,3
TX,868.585871252,292299.526683944,4642307.370626065,1.200000000,2083,12,4
TX,868.614829296,299745.719914005,4630060.897830619,1.200000000,1961,12,3
TX,868.655964885,291234.310593862,4641285.720816572,1.200000000,1605,9,4
TX,868.738332867,292288.366271088,4641750.423990748,1.200000000,201,12,3
TX,868.853890833,291822.806219694,4642495.800804020,1.200000000,57,12,3
TX,868.966823123,296510.829533639,4638995.684683315,1.200000000,443,12,4
TX,869.014783361,290801.791516187,4642136.420442306,1.200000000,2113,10,3
TX,869.479097013,291897.434377113,4642578.620237053,1.200000000,1126,12,3
TX,869.533443867,292722.392204931,4641939.327970204,1.200000000,1668,12,3
TX,869.584125824,289948.423740314,4634400.515593048,1.200000000,1350,12,3
TX,869.591260959,288354.778334557,4644242.317211791,1.200000000,2690,12,3
TX,869.673652210,292539.076587642,4642921.966667010,1.200000000,2492,12,3
TX,869.694264353,291012.342780698,4641851.117555076,1.200000000,278,9,3
TX,869.751392871,295760.543602003,4645524.986071748,1.200000000,825,12,4
TX,869.811355668,291764.197492912,4639855.733791493,1.200000000,2527,12,3
TX,869.911139844,293449.490318170,4640903.851045768,1.200000000,894,12,3
TX,869.986694521,293037.367876638,4642601.057634608,1.200000000,1234,12,4
TX,869.988524536,292400.390753748,4644423.528694022,1.200000000,2164,12,3
TX,870.010301594,288104.353355125,4646268.846436871,1.200000000,1275,12,3
TX,870.032728690,288184.656663767,4643901.861108653,1.200000000,1346,12,3
TX,870.674365057,291914.847768345,4642580.059423873,1.200000000,639,12,4
TX,870.719568468,289716.843345330,4647171.099368732,1.200000000,1972,12,3
TX,870.802711816,293272.718379378,4639457.259519539,1.200000000,1436,12,3
TX,871.194068253,293137.733821153,4644207.519953423,1.200000000,924,12,4
TX,871.317330755,291629.963263509,4642101.764259918,1.200000000,288,10,3
TX,871.412005368,292180.866589018,4639484.934245346,1.200000000,2417,12,4
TX,871.630779536,290787.766878082,4638020.024941113,1.200000000,138,12,3
TX,871.651293055,294066.781820571,4646943.419067167,1.200000000,2178,12,3
TX,871.832539202,290049.791424300,4641522.109664978,1.200000000,2559,7,4
TX,872.129404283,294358.733981675,4645164.837367593,1.200000000,1945,12,3
TX,872.240346963,295141.681528595,4642702.603964914,1.200000000,2675,9,3
TX,872.415731325,291237.734195872,4642280.679828351,1.200000000,1657,11,4
TX,872.603744513,291987.107795745,4643711.833270773,1.200000000,1784,12,3
TX,872.675113206,291251.047033516,4641265.154957864,1.200000000,242,8,4
TX,873.175773021,291946.787312846,4640713.797976130,1.200000000,1733,12,4
TX,873.317244858,290975.054999362,4640778.992734966,1.200000000,1915,8,3
TX,873.331981711,291813.052505518,4640473.951978989,1.200000000,2057,12,4
TX,873.379167187,291508.486866410,4642209.241040307,1.200000000,2049,11,4
TX,873.514750647,290095.963744575,4640905.340955527,1.200000000,1971,7,3
TX,873.757134919,291028.649409793,4641934.720051274,1.200000000,1231,9,3
TX,873.818716544,289912.447309133,4642966.363987136,1.200000000,820,11,4
TX,873.847790758,292771.628360109,4640805.027154292,1.200000000,1821,12,4
TX,874.032436228,290742.504239597,4640483.022814432,1.200000000,2212,7,4
TX,874.054195016,291510.432147741,4641971.898642205,1.200000000,2673,12,4
TX,874.294855122,291231.371712329,4642251.248020997,1.200000000,2087,11,4
TX,874.473253488,285805.822648389,4645038.353744026,1.200000000,2054,12,4
TX,874.563067040,290404.882417794,4642971.981925096,1.200000000,603,12,3
TX,874.602852058,287574.070227765,4641419.191276040,1.200000000,1141,12,3
TX,874.674974134,291713.543694017,4642164.636669111,1.200000000,988,12,4
TX,874.719393222,291891.321756154,4642574.587256925,1.200000000,2601,12,3
TX,874.732585639,290111.200769806,4641604.793356920,1.200000000,477,7,4
TX,874.883782909,293199.686959405,4640443.646466395,1.200000000,2632,12,3
TX,874.908077619,292347.937725352,4641699.740710296,1.200000000,2105,12,3
TX,875.219269935,290088.132461733,4642387.143263647,1.200000000,2245,9,4
TX,875.229726061,290727.315238447,4642301.642212245,1.200000000,1593,10,3
TX,875.410408609,291855.355692543,4641957.546986414,1.200000000,121,12,3
TX,875.553595377,289391.902949453,4643944.032690206,1.200000000,2740,12,3
TX,875.579064102,293400.068289131,4640416.798634861,1.200000000,765,12,3
TX,875.918585366,290349.133500631,4641812.068269976,1.200000000,595,7,3
TX,875.931687418,273714.669489434,4630619.856782334,1.200000000,2659,12,3
TX,876.188503828,289660.937176139,4643504.595858833,1.200000000,1258,12,3
TX,876.249652969,292745.678010890,4641890.662159696,1.200000000,903,12,3
TX,876.268443859,291069.246397654,4643996.231507634,1.200000000,510,12,3
TX,876.490843234,290108.305349297,4641501.238215589,1.200000000,822,7,3
TX,876.577848773,290903.408483155,4641302.425097384,1.200000000,2592,8,4
TX,876.809756102,290405.157438287,4641821.391551764,1.200000000,1759,7,3
TX,876.864616965,291753.351219103,4642828.566458271,1.200000000,1019,12,4
TX,876.896384698,290566.546489292,4646883.978417233,1.200000000,23,12,4
TX,876.937906170,292086.209602580,4637002.315412954,1.200000000,741,12,3
TX,877.073315985,267675.265472755,4645211.152391549,1.200000000,2051,12,4
TX,877.119479414,286285.794530543,4641681.587770195,1.200000000,1974,12,3
TX,877.179977675,291941.474505843,4642611.982822942,1.200000000,2769,12,4
TX,877.273707714,291015.709722261,4641841.337107061,1.200000000,1778,9,3
TX,877.315965715,288249.750870476,4644958.426218139,1.200000000,2703,12,3
TX,877.396967414,292337.085465209,4642040.228843454,1.200000000,662,12,3
TX,877.593158543,288180.484460074,4643898.150721833,1.200000000,1823,12,3
TX,877.670320778,294630.624513837,4643023.272818958,1.200000000,2123,12,4
TX,877.777180733,295120.516873050,4642698.084856936,1.200000000,1074,9,4
TX,877.787687916,287413.484506106,4631027.072695790,1.200000000,1913,12,3
TX,877.965667692,290257.700727357,4642815.381200824,1.200000000,745,11,4
TX,878.035184613,290281.793599255,4640039.800766586,1.200000000,1588,7,3
TX,878.073451107,292689.407478815,4641807.077880925,1.200000000,541,12,3
TX,878.110566179,291731.373861994,4645034.245906604,1.200000000,2752,12,3
TX,878.158170549,291864.119679897,4642557.746953068,1.200000000,265,12,4
TX,878.199440500,291135.667023440,4641137.034920329,1.200000000,2708,9,3
TX,878.225095252,286959.977284893,4641228.964212256,1.200000000,2321,12,3
TX,878.381527459,295018.726870053,4644547.325662343,1.200000000,370,12,3
TX,878.429937833,293194.546516616,4642660.278357448,1.200000000,2749,12,3
TX,878.453206508,291261.732204072,4642794.008959597,1.200000000,2327,12,3
TX,878.535732773,291834.507100137,4642434.311327979,1.200000000,402,12,4
TX,878.590964304,288950.572449282,4642967.423381412,1.200000000,1434,12,4
TX,878.601585578,289602.237578939,4641950.147996943,1.200000000,2838,8,3
TX,878.665218481,289610.367102469,4643479.794922182,1.200000000,1580,12,3
TX,878.837173465,291241.048288629,4642288.801028669,1.200000000,1012,11,3
TX,878.853392806,291097.527034356,4643457.914059110,1.200000000,1902,12,3
TX,878.860681564,288106.312562070,4634541.496812869,1.200000000,2479,12,4
TX,878.932360857,273699.337297199,4630622.724691363,1.200000000,2158,12,3
TX,878.983661510,289733.235599000,4641858.472631277,1.200000000,1052,7,4
TX,879.664758083,293237.321066016,4639372.262176801,1.200000000,1348,12,3
TX,879.889486610,271876.362518318,4630682.030192344,1.200000000,574,12,4
TX,880.135546531,287763.164642601,4639355.078419403,1.200000000,230,12,3
TX,880.183822834,290390.679694615,4643138.626703629,1.200000000,1341,12,4
TX,880.217463202,293365.426854787,4642707.848310456,1.200000000,793,12,3
TX,880.447894829,290124.423250837,4635303.821310504,1.200000000,2759,12,4
TX,880.474065845,290478.980790904,4640625.491321579,1.200000000,629,7,3
TX,880.544428070,291692.517332961,4642160.027199212,1.200000000,1050,12,3
TX,880.592466397,290441.394703939,4640691.354947831,1.200000000,1825,7,3
TX,880.772721974,290993.769003860,4641196.715688864,1.200000000,2506,8,4
TX,880.988206801,292193.666195746,4639427.158068840,1.200000000,2232,12,3
TX,880.999684776,291016.845691152,4641965.541764122,1.200000000,949,10,3
TX,881.044566282,290875.379045847,4641269.191264036,1.200000000,2490,7,3
TX,881.064374762,292102.421036540,4642682.821914267,1.200000000,2779,12,4
TX,881.085040597,289340.025310895,4640803.706036065,1.200000000,996,7,3
TX,881.272926856,290477.703197687,4640628.740120544,1.200000000,1719,7,3
TX,881.372601237,290597.686801445,4642297.097441184,1.200000000,2787,9,4
TX,881.457644799,289224.585559506,4642068.898577221,1.200000000,1409,8,4
TX,881.874680676,291304.184275190,4636530.487733259,1.200000000,2522,12,3
TX,882.069750709,273714.677258167,4630675.998266441,1.200000000,1883,12,3
TX,882.115939202,291249.785855882,4641278.639333389,1.200000000,2538,8,3
TX,882.232010199,273710.677926950,4630621.718271956,1.200000000,2394,12,3
TX,882.416072211,272690.755557132,4629998.423182546,1.200000000,2311,12,4
TX,882.510904420,294444.002775140,4639432.087010675,1.200000000,2254,12,4
TX,882.655801273,291796.353895818,4642552.635449695,1.200000000,2255,12,3
TX,882.726743486,271876.253356877,4630619.946244053,1.200000000,1539,12,4
TX,883.028280964,293205.994366444,4641020.379444924,1.200000000,1986,12,4
TX,883.039148423,291041.931192889,4644055.075823084,1.200000000,632,12,4
TX,883.270215606,293278.596155546,4639501.751918282,1.200000000,1803,12,3
TX,883.327108165,290616.730282962,4642921.687722676,1.200000000,451,12,4
TX,883.356236140,299728.605885690,4630068.953765068,1.200000000,1671,12,3
TX,883.371131395,273714.512333509,4630660.748429295,1.200000000,1973,12,4
TX,883.376503337,289120.315466467,4642464.945151594,1.200000000,2214,11,3
TX,883.399793222,292734.191837302,4641853.152900839,1.200000000,1684,12,3
TX,883.514887001,290525.049687066,4640854.833087757,1.200000000,2076,7,3
TX,883.626003418,291172.371304154,4641346.907928767,1.200000000,1819,10,3
TX,883.660585454,291026.581238061,4641750.966744817,1.200000000,1906,8,4
TX,883.774539419,291016.087409583,4644024.153345500,1.200000000,1254,12,4
TX,883.963096867,290418.090176668,4642047.451127269,1.200000000,832,10,3
TX,884.004087359,289545.680491469,4643530.244039269,1.200000000,778,12,3
TX,884.082687400,284612.552888723,4640562.726492045,1.200000000,1859,12,4
TX,884.317493454,290755.195638806,4641505.582994403,1.200000000,2351,8,3
TX,884.445405823,292781.420397411,4642015.452314411,1.200000000,336,12,3
TX,884.492432484,272591.883569992,4627310.778969468,1.200000000,2157,12,3
TX,884.537427755,298969.815167824,4630916.555710201,1.200000000,1172,12,4
TX,884.847703460,290722.344935703,4642282.510610446,1.200000000,2439,10,3
TX,884.850691765,287954.400898407,4634530.545966520,1.200000000,801,12,3
TX,884.863365441,289408.569325551,4641456.449916414,1.200000000,79,7,3
TX,884.898587175,291681.841184624,4642820.656035172,1.200000000,1629,12,4
TX,885.022971548,292429.261219182,4639304.125230247,1.200000000,1640,12,3
TX,885.094235503,290825.142668810,4635865.456874071,1.200000000,1905,12,3
TX,885.094820767,293232.304424769,4641588.575992320,1.200000000,2008,12,3
TX,885.174939558,290729.961151546,4641298.208383919,1.200000000,1922,7,4
TX,885.222079387,292183.692074939,4641891.947340203,1.200000000,654,12,4
TX,885.255588799,294091.178421784,4643375.766496949,1.200000000,585,12,4
TX,885.299779929,292689.771022276,4641822.558337093,1.200000000,1650,12,3
TX,885.374291515,289875.440500621,4638571.445403750,1.200000000,2378,12,3
TX,885.644826293,291658.149184404,4642106.247312595,1.200000000,854,10,3
TX,885.717799344,291126.398934193,4640495.263007712,1.200000000,167,7,4
TX,885.750044074,291693.388593941,4642123.398297085,1.200000000,1738,12,3
TX,886.030927332,291275.333236231,4641402.121364132,1.200000000,640,10,3
TX,886.154531839,291170.828145583,4641315.257625321,1.200000000,2650,10,3
TX,886.204746605,291981.185374454,4642322.264647765,1.200000000,723,12,3
TX,886.225623893,292981.516434369,4644206.093009246,1.200000000,1928,12,3
TX,886.568590941,290030.100242087,4635328.817278652,1.200000000,2005,12,4
TX,886.624891480,292147.931023082,4637054.291180794,1.200000000,2426,12,3
TX,886.805218259,290757.021002538,4641289.995244208,1.200000000,1763,7,3
TX,887.202735191,291875.311271076,4642847.960672557,1.200000000,1488,12,3
TX,887.382405566,290212.829507537,4636607.997563330,1.200000000,1182,12,3
TX,887.409232357,289525.643927902,4641684.422233573,1.200000000,645,7,3
TX,887.411238110,290378.878308591,4643176.930192650,1.200000000,481,12,3
TX,887.593022416,291992.732577050,4642871.172772723,1.200000000,2598,12,4
TX,887.677526960,290698.150738123,4641296.378868532,1.200000000,146,7,3
TX,887.765602712,290668.585305140,4641309.568167086,1.200000000,2425,7,4
TX,887.852983394,291041.671988117,4632359.051729713,1.200000000,1199,12,3
TX,887.868517020,292543.285173746,4641958.251070088,1.200000000,1307,12,3
TX,887.886094451,289679.436784512,4642085.632062655,1.200000000,991,9,4
TX,888.054769235,293071.549444111,4640996.841325778,1.200000000,788,12,4
TX,888.057304104,291028.110631645,4642048.880454456,1.200000000,2685,10,3
TX,888.065590421,291052.642650357,4641676.175155873,1.200000000,2831,9,3
TX,888.116084964,294277.617402297,4640808.643255798,1.200000000,1740,10,4
TX,888.275926191,285532.422234965,4631284.638548984,1.200000000,99,12,3
TX,888.425469943,284232.974483435,4630363.756157707,1.200000000,651,12,4
TX,888.488246989,273708.292433371,4630645.675097409,1.200000000,1919,12,3
TX,888.608682455,292182.142745422,4643426.172252594,1.200000000,526,12,4
TX,888.746578758,273696.951355901,4630640.373152069,1.200000000,1271,12,4
TX,888.760073969,291758.149992665,4642639.060031345,1.200000000,1443,12,3
TX,888.776092469,292070.266636631,4640504.078520707,1.200000000,1771,12,4
TX,888.988069486,290677.084072486,4641295.917805482,1.200000000,2475,7,3
TX,889.086906264,289317.757541937,4639767.598984617,1.200000000,1718,9,3
TX,889.102158707,289477.322097426,4641748.714050037,1.200000000,2516,7,3
TX,889.120855217,292194.215432823,4642162.821458797,1.200000000,1625,12,4
TX,889.143930083,297569.188786933,4643637.805331390,1.200000000,338,12,4
TX,889.149552460,304432.609351622,4608136.623484316,1.200000000,1146,12,3
TX,889.236698880,286383.834712897,4640684.860513508,1.200000000,1495,12,3
TX,889.325337214,290344.891908487,4643337.695405899,1.200000000,2183,12,3
TX,889.343346239,291304.809300692,4642009.411264595,1.200000000,1163,11,3
TX,889.351021954,294043.439518186,4639859.084685568,1.200000000,1521,12,3
TX,889.361731190,291187.919834882,4641957.488943307,1.200000000,501,10,3
TX,889.377486719,291076.326857228,4641984.479308801,1.200000000,763,10,3
TX,889.429298841,295111.551170300,4645242.126332196,1.200000000,1962,12,3
TX,889.455767803,291179.875188775,4641287.878596710,1.200000000,563,10,4
TX,889.518434390,290349.613811937,4641817.505967050,1.200000000,2819,7,3
TX,889.580989808,293322.499470983,4642696.583049185,1.200000000,695,12,3
TX,889.582243014,289014.516615721,4641589.361228989,1.200000000,2,8,4
TX,889.642301161,289799.407255957,4638771.313664983,1.200000000,2166,12,4
TX,889.701714222,281676.066789112,4632759.574045737,1.200000000,1843,12,3
TX,889.715997897,290368.756190155,4635243.898478407,1.200000000,2243,12,3
TX,889.906989952,291047.740015380,4641975.383046318,1.200000000,2222,10,3
TX,889.965251541,290849.602978766,4638370.116557006,1.200000000,1270,12,3
TX,890.103734737,290752.739696226,4642885.278639339,1.200000000,1985,12,4
TX,890.213280878,290783.993501056,4637974.585325015,1.200000000,54,12,4
TX,890.334951545,289744.844212002,4639982.220467431,1.200000000,2395,7,3
TX,890.416834956,294230.921822768,4642758.655653424,1.200000000,2440,10,4
TX,890.675262480,290717.744455766,4641293.350505144,1.200000000,141,7,3
TX,890.762522720,289453.569692566,4646087.393180097,1.200000000,286,12,4
TX,891.319163034,290842.251348517,4642270.341380855,1.200000000,2269,10,3
TX,891.387637291,290076.606002868,4645127.331618367,1.200000000,1875,12,4
TX,891.392890233,291730.217822362,4642143.167556192,1.200000000,1560,12,3
TX,891.418833699,295255.459614130,4642626.089303966,1.200000000,1737,7,3
TX,891.452720361,291601.688372397,4641039.066170878,1.200000000,1475,10,3
TX,891.560385923,291203.846837744,4643233.323780259,1.200000000,748,12,4
TX,891.915420412,290717.425579377,4641294.453359883,1.200000000,2142,7,3
TX,891.966371922,291103.518874812,4641358.926333163,1.200000000,266,9,3
TX,892.022695778,291871.260839107,4648635.356059389,1.200000000,1832,12,3
TX,892.481497693,286699.508882438,4645109.586659884,1.200000000,1632,12,4
TX,892.540979503,292967.251923120,4643954.768920438,1.200000000,697,12,4
TX,892.604593569,292243.076242303,4641936.385694704,1.200000000,390,12,3
TX,892.685895441,285957.357486732,4641392.319313061,1.200000000,2646,12,3
TX,892.696025896,292351.382007399,4639798.730357592,1.200000000,1812,12,3
TX,892.871878122,292138.319660018,4642983.671293164,1.200000000,9,12,4
TX,892.877421837,288240.963096872,4634811.219978771,1.200000000,2161,12,4
TX,892.977438581,291559.249987770,4641069.693091969,1.200000000,619,10,3
TX,892.988713970,289614.562087118,4642662.573395087,1.200000000,2121,11,4
TX,893.666624433,273444.298384117,4631065.373762541,1.200000000,2850,12,3
TX,893.677261438,289816.409838384,4641222.413787247,1.200000000,1548,7,4
TX,893.896696273,273673.134153374,4630695.878491778,1.200000000,2337,12,3
TX,893.970128116,291196.661017530,4639566.131492531,1.200000000,1717,12,4
TX,894.013221533,291226.748206576,4642283.128473761,1.200000000,1365,11,4
TX,894.070297027,291128.799048336,4644343.372929289,1.200000000,898,12,4
TX,894.207041964,273694.878321515,4630629.238708450,1.200000000,2574,12,3
TX,894.437728265,301026.394013566,4645332.636516023,1.200000000,114,12,4
TX,894.581872732,291924.899999608,4642582.296610869,1.200000000,623,12,4
TX,894.595431185,294588.684606002,4645210.828390670,1.200000000,2116,12,3
TX,894.796502152,272400.788140300,4629647.227785480,1.200000000,2558,12,4
TX,894.855890454,291811.649097748,4641413.198239239,1.200000000,2124,12,3
TX,894.876837107,292642.128206741,4642030.495244076,1.200000000,2396,12,3
TX,894.884978998,273703.345304301,4630622.781802204,1.200000000,1374,12,3
TX,894.890907527,290347.641943476,4640377.260806587,1.200000000,221,7,4
TX,894.897942696,289074.495732296,4632247.036600866,1.200000000,1492,12,3
TX,894.947352137,288087.597159554,4640611.645404255,1.200000000,829,12,3
TX,894.950300614,298099.633016245,4631646.852207178,1.200000000,1912,12,3
TX,894.963992898,289663.529395133,4643509.572665283,1.200000000,1510,12,4
TX,895.059614794,304756.284070103,4637765.286773522,1.200000000,372,12,4
TX,895.061803312,292260.405205956,4637931.700645031,1.200000000,1852,12,3
TX,895.063199100,290819.914778214,4641300.916358248,1.200000000,245,7,3
TX,895.103823080,273702.512436341,4630604.474592960,1.200000000,1078,12,4
TX,895.106728731,290301.279092689,4643370.324250412,1.200000000,1561,12,4
TX,895.248769430,290884.940022756,4641343.323553987,1.200000000,2006,7,4
TX,895.259674798,281987.814123955,4632786.935534624,1.200000000,663,12,4
TX,895.280618741,290670.964854430,4641306.603395286,1.200000000,1112,7,4
TX,895.486910989,291076.247832918,4641979.088724973,1.200000000,71,10,3
TX,895.502321147,294869.124459151,4647146.605054025,1.200000000,1383,12,4
TX,895.520267599,273667.261299659,4630624.801772574,1.200000000,351,12,4
TX,895.633900560,292661.811911211,4643736.348329505,1.200000000,2219,12,3
TX,895.796749460,291850.896775542,4642558.801699584,1.200000000,1891,12,4
TX,895.907182926,290109.950990088,4640882.191020221,1.200000000,1142,7,4
TX,896.092759512,271805.776377541,4630262.013217055,1.200000000,2298,12,4
TX,896.231614872,287550.189076863,4641394.669549099,1.200000000,1477,12,4
TX,896.454992228,291154.079069464,4642398.348903746,1.200000000,16,12,3
TX,896.562304158,289592.026909332,4642928.901956075,1.200000000,1722,12,3
TX,896.614566638,273684.933283481,4630631.888209062,1.200000000,1858,12,3
TX,896.768552840,290097.036878021,4640901.216321956,1.200000000,1466,7,3
TX,896.858939410,289875.156085088,4641677.874319769,1.200000000,766,7,4
TX,896.889397633,292844.728075993,4641922.596856927,1.200000000,936,12,3
TX,896.922593726,295569.446654034,4638266.203077486,1.200000000,530,12,3
TX,896.989036277,293553.314109797,4641311.690556695,1.200000000,1403,12,3
TX,897.006874049,292656.424548756,4641811.673145588,1.200000000,1957,12,3
TX,897.281660075,291177.428788627,4641327.261047950,1.200000000,2247,10,4
TX,897.354691448,290311.696882609,4647126.568711827,1.200000000,1200,12,3
TX,897.563875056,291833.091247165,4641963.712054037,1.200000000,1506,12,3
TX,897.623135555,291853.066826615,4642564.409316305,1.200000000,887,12,3
TX,897.662930185,291639.216993954,4641058.865080684,1.200000000,1903,10,4
TX,897.671225473,291081.922733950,4639320.436402170,1.200000000,142,11,4
TX,897.780511841,291379.965747129,4642687.738902241,1.200000000,1025,12,4
TX,897.855047877,273706.655746068,4630624.991920589,1.200000000,2565,12,4
TX,897.894323658,286442.214348412,4642214.855952119,1.200000000,1362,12,3
TX,898.290512371,289861.314301485,4645792.009878471,1.200000000,1795,12,3
TX,898.661089944,293228.821230013,4639444.064804561,1.200000000,1524,12,4
TX,898.941343838,273687.217300351,4630629.855511536,1.200000000,554,12,3
TX,898.982527217,291100.589290767,4641940.982788606,1.200000000,419,9,4
TX,898.992528762,291534.986349104,4641114.498821118,1.200000000,1743,11,4
TX,899.082667247,288826.397865470,4639873.443027859,1.200000000,600,9,4
TX,899.090955357,284515.018602171,4631897.998813634,1.200000000,1269,12,4
TX,899.154921955,294266.575373384,4645214.040923684,1.200000000,2310,12,3
TX,899.230889419,290641.836030790,4641981.393526901,1.200000000,953,9,3
TX,899.231005980,294728.196769075,4638538.611151101,1.200000000,2261,12,4
TX,899.358481926,290472.971280130,4630406.693581159,1.200000000,1360,12,3
TX,899.447776538,291825.187312396,4642539.678502241,1.200000000,425,12,3
TX,899.635755274,292784.081478459,4642768.356268472,1.200000000,2191,12,3
TX,899.640257890,289413.072947312,4645412.838109281,1.200000000,2712,12,4
TX,899.760321193,294595.866154220,4644043.543889390,1.200000000,2383,12,3
TX,900.047015111,294318.934522291,4643118.713799825,1.200000000,1336,10,4
TX,900.179819436,288984.853979894,4639970.294405896,1.200000000,1102,8,4
TX,900.203987503,288913.897694037,4643701.295458727,1.200000000,1344,12,3
TX,900.220432326,288899.033834616,4643009.620674603,1.200000000,1889,12,4
TX,900.279596194,292745.688699415,4641861.098399701,1.200000000,661,12,4
TX,900.314924959,292507.090831618,4642715.105657166,1.200000000,782,12,4
TX,900.475105137,291843.387948686,4642459.678715008,1.200000000,2741,12,3
TX,900.909926284,294288.188291574,4642029.026666680,1.200000000,1486,10,3
TX,901.128619229,290687.246978799,4641301.886004773,1.200000000,1522,7,3
TX,901.329347846,291250.011523294,4642262.796324570,1.200000000,1115,11,4
TX,901.387898013,290094.389988731,4642710.441347010,1.200000000,2414,11,3
TX,901.474963773,256252.401884746,4651845.327516531,1.200000000,2044,12,4
TX,901.478409230,292664.632630197,4643676.422408632,1.200000000,2633,12,4
TX,901.484970852,290816.018807297,4638208.016273774,1.200000000,231,12,4
TX,901.528897364,294380.267660787,4643089.002877505,1.200000000,312,10,4
TX,901.884338157,295136.863879590,4642723.511932140,1.200000000,1745,9,4
TX,901.982284329,290267.242650983,4642034.762626414,1.200000000,950,8,4
TX,902.090323113,289947.452742914,4634406.017944547,1.200000000,710,12,3
TX,902.442856375,288267.679255576,4630345.496478394,1.200000000,2295,12,3
TX,902.488624281,291526.207691641,4644031.110058742,1.200000000,275,12,4
TX,902.571305317,291042.670043887,4644049.627606087,1.200000000,1660,12,4
TX,902.680802362,293104.657032115,4640726.003513510,1.200000000,2275,12,3
TX,902.758766320,295407.568250806,4640751.833351042,1.200000000,534,7,3
TX,902.765508225,291584.817155372,4642099.050186565,1.200000000,1901,10,3
TX,902.888353111,290325.057931780,4636243.748710371,1.200000000,2754,12,3
TX,902.964607962,292671.977119496,4643707.355296559,1.200000000,878,12,3
TX,903.066994250,292091.729000677,4643164.630190522,1.200000000,1128,12,4
TX,903.070601748,293920.101929751,4643728.244403466,1.200000000,226,12,4
TX,903.168729171,290491.780007881,4642128.359472417,1.200000000,538,8,3
TX,903.252605134,289831.734836471,4639590.325454590,1.200000000,2072,9,4
TX,903.281557229,292860.613711917,4641481.529799250,1.200000000,2086,12,4
TX,903.577740381,282682.021550746,4632816.262908450,1.200000000,428,12,4
TX,903.597167387,294820.733044058,4646094.145816384,1.200000000,2743,12,4
TX,903.637432596,290852.255178259,4642315.244323684,1.200000000,984,10,3
TX,903.678853385,289552.893422660,4645529.073076217,1.200000000,386,12,3
TX,903.827574308,288060.293414430,4645677.980306165,1.200000000,2262,12,3
TX,904.040024204,292521.890771050,4642904.804333412,1.200000000,2419,12,4
TX,904.680789820,292839.522253302,4643589.972253468,1.200000000,2487,12,4
TX,904.810431029,295607.205969131,4645513.322534914,1.200000000,1101,12,3
TX,904.840387045,293322.388794988,4644292.946636260,1.200000000,885,12,3
TX,904.969785713,291999.668136872,4643719.396997410,1.200000000,178,12,4
TX,905.147348212,289943.972146122,4642822.367370146,1.200000000,2751,11,4
TX,905.186970091,271932.907554054,4630631.621951172,1.200000000,1627,12,3
TX,905.453065874,290343.984787475,4641855.098748026,1.200000000,2081,7,4
TX,905.491150866,290366.282898679,4641797.139958187,1.200000000,1462,7,3
TX,905.792471018,289880.072637231,4642360.059804287,1.200000000,685,8,3
TX,906.099755856,289567.688037760,4642049.649667652,1.200000000,281,9,4
TX,906.386064720,293359.723852700,4640084.409554756,1.200000000,2059,12,3
TX,906.789886009,290725.887196451,4642247.917496332,1.200000000,10,10,3
TX,906.798857610,291677.413875142,4640040.787831025,1.200000000,297,12,3
TX,907.061184479,288882.448560422,4642672.010601662,1.200000000,37,12,4
TX,907.153665438,290255.737879839,4642061.914615360,1.200000000,643,8,4
TX,907.507921516,299427.193654152,4635121.448295672,1.200000000,1004,12,4
TX,907.550279404,290559.470989426,4641971.617333443,1.200000000,2119,8,3
TX,907.558642460,292111.166106132,4641832.305629109,1.200000000,979,12,4
TX,907.728179935,292051.064713756,4643679.736602544,1.200000000,182,12,3
TX,908.215083210,298034.028250185,4639350.440996204,1.200000000,442,12,4
TX,908.216938785,291030.527275025,4641976.170986791,1.200000000,1223,10,4
TX,908.267886015,289665.555906327,4643511.394726330,1.200000000,1174,12,4
TX,908.311604951,291957.641961638,4642237.485353617,1.200000000,1567,12,4
TX,908.328451365,292115.017594968,4642621.962911380,1.200000000,910,12,3
TX,908.666350027,290304.516651117,4642202.813596960,1.200000000,1762,9,4
TX,908.703240673,290714.819368749,4641307.902422871,1.200000000,883,7,4
TX,908.715408942,273710.611165660,4630612.390733095,1.200000000,1077,12,3
TX,908.895435520,292545.256289034,4642563.712322368,1.200000000,2638,12,4
TX,909.003468283,297776.745629115,4661945.107191697,1.200000000,2073,12,4
TX,909.096517493,299759.885476966,4630056.784812008,1.200000000,2359,12,4
TX,909.113277062,291588.272278342,4642745.520686503,1.200000000,677,12,3
TX,909.176573801,291895.889905013,4642579.124590443,1.200000000,2772,12,3
TX,909.192797634,289328.318972944,4639751.731496280,1.200000000,60,9,3
TX,909.195129279,289154.833542673,4640377.514812016,1.200000000,1702,7,4
TX,909.266846796,288033.894230873,4638455.981337978,1.200000000,2290,12,3
TX,909.279453821,290997.233021758,4641898.595467594,1.200000000,118,8,3
TX,909.353324946,291247.154298508,4641278.241426017,1.200000000,508,8,4
TX,909.418272780,287986.566464818,4643180.987497779,1.200000000,1941,12,4
TX,909.482773939,292735.756188556,4641859.702474605,1.200000000,1680,12,4
TX,909.588726265,292162.387612834,4641882.153011033,1.200000000,1345,12,4
TX,909.819910445,289317.883471161,4639767.726118288,1.200000000,1871,9,3
TX,909.865468662,291140.198772215,4641380.650730725,1.200000000,1661,10,3
TX,910.022379039,292072.821709373,4642285.077380347,1.200000000,2683,12,3
TX,910.088515201,273719.946889542,4630654.834792746,1.200000000,166,12,3
TX,910.097240578,291334.503702210,4642010.290702622,1.200000000,2719,11,4
TX,910.175282630,290344.004330763,4646214.456778393,1.200000000,955,12,4
TX,910.211080240,291026.483910191,4641946.913105573,1.200000000,2716,10,4
TX,910.386752902,299735.165159684,4630053.701679776,1.200000000,2236,12,3
TX,910.395791042,290485.982409078,4640742.672471893,1.200000000,938,7,4
TX,910.451154364,291078.853175996,4644026.309282257,1.200000000,859,12,4
TX,910.454289467,286747.508757238,4640933.669149935,1.200000000,2586,12,3
TX,910.562171601,289786.462388101,4643212.663186602,1.200000000,2056,12,4
TX,910.573628133,290958.143863785,4642038.391026854,1.200000000,2126,8,3
TX,910.577363050,292526.537740581,4642917.775400408,1.200000000,1086,12,3
TX,910.588914464,287931.876206186,4643322.279412325,1.200000000,555,12,3
TX,910.769180379,301418.683661611,4642761.915593037,1.200000000,856,12,3
TX,910.869693446,298198.261006840,4639263.719215986,1.200000000,430,12,4
TX,910.974399802,291055.412116598,4641687.926290275,1.200000000,5,9,4
TX,911.039371779,293602.004200718,4643438.423643203,1.200000000,942,12,4
TX,911.291154372,292123.378698150,4641373.620418973,1.200000000,2108,12,3
TX,911.389104730,294788.155619234,4645695.007905609,1.200000000,2391,12,4
TX,911.647861361,299355.040307030,4643079.684527169,1.200000000,1854,12,3
TX,911.676086144,283696.004720641,4628193.466614785,1.200000000,453,12,4
TX,911.743024297,286857.948863639,4631128.091722802,1.200000000,1122,12,4
TX,911.790915130,291379.816123696,4638531.136273459,1.200000000,94,12,3
TX,911.926267014,292470.828359845,4641378.810385960,1.200000000,1789,12,4
TX,911.953446178,290513.290949345,4641784.394693847,1.200000000,64,8,3
TX,912.070443881,289873.830139342,4638356.741947571,1.200000000,399,12,4
TX,912.127486479,291675.914240392,4641476.531521079,1.200000000,1831,12,3
TX,912.128284939,290351.971803031,4643775.582342709,1.200000000,29,12,3
TX,912.162838339,288185.471495219,4643721.494139100,1.200000000,1241,12,3
TX,912.179954225,290861.014302957,4642279.604360462,1.200000000,1563,10,3
TX,912.212556108,285404.961730038,4640954.533344333,1.200000000,313,12,4
TX,912.227888566,293193.987981936,4643707.488095858,1.200000000,2738,12,4
TX,912.277113429,289156.327434529,4642649.384025741,1.200000000,1815,11,4
TX,912.293329845,288715.839535077,4643443.663187403,1.200000000,1005,12,4
TX,912.362308841,291044.284075379,4640538.897186805,1.200000000,1274,8,4
TX,912.550596262,288402.814223984,4642361.483420847,1.200000000,2846,12,3
TX,912.827686863,291014.500942549,4639051.629498087,1.200000000,506,12,3
TX,913.307227661,292293.391021713,4637640.688924256,1.200000000,2608,12,4
TX,913.686852057,302688.286740403,4637226.951027502,1.200000000,2362,12,4
TX,913.707791083,273670.046584286,4630620.274439960,1.200000000,349,12,4
TX,913.732417658,289995.360007482,4641923.369017733,1.200000000,191,8,4
TX,913.945786498,289986.981902800,4642381.824323235,1.200000000,540,10,3
TX,914.095349986,299747.068438753,4630069.607946482,1.200000000,227,12,4
TX,914.306900256,290641.941605923,4646633.472415076,1.200000000,1829,12,4
TX,914.316111236,288989.212205778,4630693.925492185,1.200000000,295,12,3
TX,914.330930581,290366.487398025,4640853.837935052,1.200000000,667,7,3
TX,914.360567472,292136.615388043,4642977.300055122,1.200000000,2204,12,3
TX,914.451996340,273678.566084338,4630624.920057622,1.200000000,757,12,4
TX,914.473826117,290568.378344072,4642266.963611398,1.200000000,1117,10,3
TX,914.536036846,292329.010288289,4642036.574901828,1.200000000,777,12,4
TX,914.660595554,291998.747088669,4643706.356187110,1.200000000,633,12,4
TX,914.756920507,293209.336803744,4644182.766675386,1.200000000,2840,12,4
TX,914.985829573,288996.116209436,4635009.074328052,1.200000000,2500,12,4
TX,915.071694961,290383.574747565,4641806.291949953,1.200000000,2705,7,4
TX,915.338112688,290213.609966363,4644698.496146716,1.200000000,1390,12,3
TX,915.458539620,291723.171186969,4642139.322934894,1.200000000,2551,12,4
TX,915.554576032,283819.283615560,4632947.710099203,1.200000000,2529,12,3
TX,915.616663882,287883.615574441,4641554.228272061,1.200000000,3,11,4
TX,915.664828611,291189.621112901,4641293.805260063,1.200000000,703,10,4
TX,915.786084134,290873.027157915,4642267.460391093,1.200000000,2726,11,3
TX,915.801717920,291535.681142265,4641547.611798724,1.200000000,791,10,4
TX,915.924522888,289357.153324475,4642628.237476622,1.200000000,833,12,3
TX,915.958361586,292319.258439288,4642049.267851501,1.200000000,1152,12,4
TX,916.047637579,290459.324019901,4640651.262550918,1.200000000,1826,7,3
TX,916.082252569,291014.870237234,4640389.754962889,1.200000000,789,9,3
TX,916.102319327,275056.295482716,4631208.456840346,1.200000000,1628,12,3
TX,916.249806322,287735.971600626,4634317.732104360,1.200000000,1911,12,4
TX,916.250257877,291813.906431472,4641257.566689257,1.200000000,2265,12,4
TX,916.406901900,290796.220996726,4643125.580784702,1.200000000,2211,12,4
TX,916.421626223,291982.375554693,4641749.374433288,1.200000000,2458,12,4
TX,916.503697210,285262.405366917,4638599.823210114,1.200000000,1,12,4
TX,916.619117480,288546.930216824,4643809.525806818,1.200000000,2052,12,4
TX,916.766950840,290483.083191569,4641434.052889347,1.200000000,101,7,3
TX,916.818419517,291035.456080300,4641740.168450635,1.200000000,1181,8,4
TX,916.830083179,288325.234595757,4644315.859084800,1.200000000,964,12,4
TX,916.844178833,295137.350354312,4642697.541592828,1.200000000,2075,9,4
TX,916.971555035,290115.701457960,4641493.147942015,1.200000000,1305,7,3
TX,917.072269591,291007.918976918,4641845.780222816,1.200000000,1918,9,4
TX,917.221043456,290653.355520317,4641331.021515924,1.200000000,1107,7,3
TX,917.491535319,291064.212823068,4644021.454593537,1.200000000,2074,12,4
TX,917.651850929,277870.917095438,4640537.271114733,1.200000000,1690,12,4
TX,917.738716862,298509.392689275,4645024.179936073,1.200000000,341,12,4
TX,917.912885146,290098.478377875,4647025.340804163,1.200000000,1868,12,4
TX,917.944993500,290796.974600939,4642274.527776572,1.200000000,1768,10,4
TX,917.974980093,291023.901635143,4641950.391444560,1.200000000,1721,10,4
TX,918.063193389,288720.177064809,4641755.331665632,1.200000000,2002,9,3
TX,918.314932776,289932.587923953,4642823.937272464,1.200000000,1143,11,4
TX,918.327561466,286907.464954436,4634287.971076122,1.200000000,803,12,3
TX,918.401657676,272474.960589192,4629869.403301964,1.200000000,807,12,4
TX,918.556425508,290630.212046038,4640856.890331164,1.200000000,1372,7,3
TX,918.665615124,290300.863169794,4642224.131817116,1.200000000,1929,9,3
TX,918.793061353,290835.510296660,4642273.141312891,1.200000000,1989,10,3
TX,918.942207272,292202.381745587,4643414.133325703,1.200000000,1232,12,3
TX,918.942938744,291188.204637114,4641321.642038353,1.200000000,2704,10,4
TX,919.165703430,287529.652016469,4641655.348056562,1.200000000,2653,12,4
TX,919.182400665,289962.373137572,4637904.525237205,1.200000000,34,12,4
TX,919.520374007,273712.435601769,4630612.166164436,1.200000000,1072,12,4
TX,919.703456194,293804.137075031,4639844.231731138,1.200000000,2022,12,4
TX,919.713734174,289317.904807099,4639764.422556466,1.200000000,1792,9,4
TX,919.787691215,292024.297015599,4642308.308767824,1.200000000,2153,12,4
TX,919.839529316,295141.641616367,4642685.346240370,1.200000000,2792,9,4
TX,919.894470423,292692.255383367,4643738.944958807,1.200000000,1158,12,3
TX,920.001567745,292725.481725962,4642062.325005169,1.200000000,946,12,3
TX,920.287362636,291981.613715513,4646087.443742782,1.200000000,85,12,4
TX,920.400155745,291198.774265444,4641309.130004300,1.200000000,239,10,3
TX,920.739986908,272138.433887386,4630151.884411559,1.200000000,1540,12,4
TX,920.909708033,292768.066014238,4642148.345395680,1.200000000,728,12,4
TX,921.082617660,289675.215163173,4638771.989042994,1.200000000,1646,11,3
TX,921.103579820,291942.919869081,4642595.246858217,1.200000000,2684,12,4
TX,921.132307970,295425.757012896,4645652.832744032,1.200000000,1597,12,3
TX,921.214388563,287857.091798598,4637995.282087742,1.200000000,571,12,4
TX,921.221539475,285110.823842398,4636260.744439178,1.200000000,1917,12,4
TX,921.234526491,273669.140729990,4630624.752841755,1.200000000,804,12,3
TX,921.258652957,291235.633064897,4641253.699855268,1.200000000,1248,8,3
TX,921.271413620,292069.578502743,4640502.507548046,1.200000000,2209,12,3
TX,921.403108083,291029.952472084,4641774.603978926,1.200000000,609,8,4
TX,921.457446894,287850.479355333,4642112.534415035,1.200000000,216,12,4
TX,921.499168462,291986.245042947,4643713.796619607,1.200000000,22,12,3
TX,921.594151718,273363.278964886,4630030.371579739,1.200000000,2071,12,4
TX,921.601062916,289680.858404329,4643496.955641869,1.200000000,1513,12,3
TX,922.000727015,289659.856770887,4641735.684243316,1.200000000,546,7,4
TX,922.159882108,292489.350723715,4641898.050447623,1.200000000,899,12,4
TX,922.328119676,291818.006344591,4642526.767691930,1.200000000,618,12,3
TX,922.358878594,291238.122756945,4641249.264520753,1.200000000,2274,8,4
TX,922.504295594,286703.463529819,4645130.372134494,1.200000000,383,12,3
TX,922.523113152,290524.739901396,4642898.920004161,1.200000000,2397,12,4
TX,922.689628652,291600.014072649,4640926.129705350,1.200000000,2021,10,4
TX,922.854794947,290344.029882701,4636683.838006174,1.200000000,2148,12,4
TX,922.855446308,290412.756187362,4641804.421651759,1.200000000,1459,7,4
TX,922.934383189,291476.274849740,4642241.245954412,1.200000000,1020,11,4
TX,922.996905127,294348.783105891,4639394.814905335,1.200000000,1799,12,3
TX,923.014350916,273690.888731566,4630641.209946078,1.200000000,1914,12,4
TX,923.118787890,291914.335152789,4642578.640479077,1.200000000,1013,12,4
TX,923.159475391,289829.790989856,4640415.346050084,1.200000000,721,7,4
TX,923.297404364,290515.370110875,4636407.868378532,1.200000000,1704,12,4
TX,923.518681388,292535.930630765,4641938.889711689,1.200000000,2796,12,4
TX,923.534619348,293920.315355935,4642304.527806931,1.200000000,1304,11,3
TX,923.578963273,292527.926389986,4642787.995527865,1.200000000,1892,12,3
TX,923.649906858,296723.986320213,4637473.667514086,1.200000000,1711,12,4
TX,923.898927204,289052.200627519,4641813.101978452,1.200000000,2400,10,4
TX,924.029604858,289183.854502606,4642514.324523168,1.200000000,1468,10,4
TX,924.039097042,288948.322348129,4639159.166435852,1.200000000,2826,12,4
TX,924.042167591,291862.224948921,4642559.740316996,1.200000000,52,12,3
TX,924.286601588,290337.138451165,4642179.276260437,1.200000000,2029,9,4
TX,924.464820273,290270.536781161,4642029.424632344,1.200000000,1788,8,4
TX,924.521398720,289492.732343389,4643469.401394006,1.200000000,932,12,4
TX,924.608587792,289901.661133367,4633909.305328400,1.200000000,1753,12,3
TX,924.666487283,293989.118710962,4647139.507631942,1.200000000,375,12,4
TX,924.712350238,271648.025480112,4630678.981688028,1.200000000,1851,12,4
TX,924.720812510,291673.796769115,4636644.833461646,1.200000000,1109,12,4
TX,924.771142910,290496.476498621,4640886.327931391,1.200000000,798,7,3
TX,924.836290437,295139.485880523,4642698.445959221,1.200000000,1876,9,4
TX,924.897982029,290381.619776221,4644444.641323293,1.200000000,323,12,4
TX,925.138525692,290351.955273857,4641795.322513841,1.200000000,616,7,3
TX,925.175127757,290755.338945910,4642283.352305884,1.200000000,15,10,3
TX,925.290037433,290757.116054820,4642880.428575669,1.200000000,1312,12,3
TX,925.316119794,291107.953945530,4641482.467308342,1.200000000,2573,10,3
TX,925.386304085,287713.454415854,4642098.072481533,1.200000000,308,12,4
TX,925.527472951,290036.378019747,4639949.407841643,1.200000000,646,7,3
TX,925.602612093,278705.120345888,4632479.857946514,1.200000000,676,12,3
TX,925.694883474,290602.844665786,4636924.030852338,1.200000000,1261,12,3
TX,925.824855117,289951.004272481,4641254.894814599,1.200000000,1615,7,4
TX,925.882545740,292198.675779069,4641665.995735935,1.200000000,1484,12,4
TX,925.947400724,293699.571410518,4645353.558792818,1.200000000,2544,12,4
TX,925.966853871,291767.336078386,4642766.054648660,1.200000000,469,12,3
TX,926.018208140,287511.787517720,4636976.948676009,1.200000000,49,12,3
TX,926.126134779,293919.478728861,4636790.818181014,1.200000000,1806,12,4
TX,926.248320395,290650.689159916,4642717.073069149,1.200000000,67,10,3
TX,926.296478781,291030.773118995,4640529.786870505,1.200000000,2174,7,4
TX,926.354532703,291779.579420811,4639786.153151650,1.200000000,2065,12,4
TX,926.451818471,299748.650825752,4630069.949043574,1.200000000,1295,12,4
TX,926.457601498,291776.276197199,4642395.437638951,1.200000000,523,12,3
TX,926.569571174,291239.945856816,4641289.967199801,1.200000000,528,9,4
TX,926.690535241,291020.947416705,4644023.333298062,1.200000000,2607,12,3
TX,926.718082373,290849.243166659,4642277.350440457,1.200000000,840,10,4
TX,926.740465531,291733.317596290,4642150.153582809,1.200000000,2698,12,4
TX,926.828244173,291817.806514521,4642536.749868529,1.200000000,1244,12,4
TX,926.903629010,293622.323370628,4643449.962263519,1.200000000,496,12,4
TX,926.967048242,291955.206600373,4640742.469820499,1.200000000,1590,12,3
TX,927.534844668,273654.081749484,4630640.961829791,1.200000000,758,12,4
TX,927.539737752,290348.713112256,4640606.982245703,1.200000000,835,7,4
TX,927.793027325,295139.068094159,4642732.228151075,1.200000000,392,9,4
TX,927.928272212,290888.143197239,4635953.465404265,1.200000000,1630,12,3
TX,928.010307735,291382.599708283,4641989.262055445,1.200000000,1306,10,4
TX,928.088425126,281652.755081683,4632757.662656865,1.200000000,1598,12,4
TX,928.165606753,292696.753856116,4643703.110737615,1.200000000,2402,12,4
TX,928.201109289,291830.138942144,4636748.999293648,1.200000000,1505,12,4
TX,928.215197308,291256.531494602,4638583.785184708,1.200000000,1767,12,4
TX,928.293370430,293908.874989124,4640711.273733106,1.200000000,429,12,4
TX,928.538806009,290160.392841760,4636729.562076430,1.200000000,800,12,3
TX,928.671140315,282231.941333291,4637288.481680165,1.200000000,2233,12,4
TX,928.728040303,291070.863653938,4644052.015762148,1.200000000,1392,12,4
TX,928.759814348,286455.845914167,4642583.429421550,1.200000000,2167,12,4
TX,928.839957651,290373.369184547,4640706.633391314,1.200000000,2477,7,4
TX,928.915777534,291030.239385559,4641977.557510169,1.200000000,498,10,4
TX,928.933172337,292709.640039488,4641838.449802592,1.200000000,1679,12,3
TX,929.007307421,292074.106738710,4640498.117766645,1.200000000,207,12,4
TX,929.048745013,289814.414741429,4639525.778997822,1.200000000,180,9,3
TX,929.237296277,291179.152961802,4641312.848816649,1.200000000,2734,10,3
TX,929.248722687,291919.082442713,4642581.383994519,1.200000000,365,12,4
TX,929.495383873,285728.633475626,4633980.687541364,1.200000000,2531,12,4
TX,929.573206280,290675.195691985,4641318.102215288,1.200000000,935,7,4
TX,929.907221298,290378.495951346,4641454.548444563,1.200000000,96,7,4
TX,930.354489751,292667.425010627,4650868.117732214,1.200000000,293,12,3
TX,930.385927223,288005.767711954,4645960.817011363,1.200000000,1075,12,3
TX,930.411401926,290061.348984184,4642392.442697032,1.200000000,2552,9,4
TX,930.471070122,290818.631615992,4641202.362269159,1.200000000,717,7,4
TX,930.535992014,289878.470232698,4641695.388721248,1.200000000,2270,7,3
TX,930.726137893,290948.012463096,4642082.689211933,1.200000000,1595,9,4
TX,930.846016960,291228.328563592,4640400.171487760,1.200000000,208,9,4
TX,930.859506326,273713.912205014,4630615.320136331,1.200000000,750,12,4
TX,930.985363070,291057.464999839,4644024.333197953,1.200000000,2616,12,4
TX,931.033895702,290084.898607166,4641544.372477804,1.200000000,396,7,4
TX,931.383129210,290742.486400889,4642891.030460601,1.200000000,1526,12,4
TX,931.457617337,273141.874358715,4630857.688080964,1.200000000,1272,12,4
TX,931.549000488,292500.705994382,4642572.105503996,1.200000000,849,12,4
TX,931.611620876,291471.503909916,4642050.661908889,1.200000000,1703,12,3
TX,931.688932945,291901.190405565,4642567.797249870,1.200000000,2731,12,4
TX,931.800710147,290487.606277031,4640630.414496860,1.200000000,2279,7,4
TX,931.858606822,290926.171715668,4642103.084995417,1.200000000,2762,9,4
TX,931.941905702,292679.259652906,4641802.799972687,1.200000000,901,12,4
TX,932.005029063,292859.436113049,4641268.000808234,1.200000000,2834,12,4
TX,932.013212380,290504.335899991,4639803.954459143,1.200000000,2736,8,3
TX,932.052255558,289100.614687152,4642470.857009280,1.200000000,1137,11,4
TX,932.082863850,297247.095976276,4640945.185463539,1.200000000,2200,10,4
TX,932.183657604,291610.348536247,4642125.428549127,1.200000000,2758,10,3
TX,932.192660353,290969.015401198,4642008.306563863,1.200000000,2319,8,4
TX,932.317291905,291603.345107897,4641681.893741292,1.200000000,813,10,4
TX,932.333412977,292722.957461918,4641815.167701302,1.200000000,1083,12,3
TX,932.347013630,298065.156249621,4636698.540748325,1.200000000,2350,12,3
TX,932.356603242,293955.055549520,4629972.309539294,1.200000000,1949,12,3
TX,932.423236669,288957.679090024,4642671.888247079,1.200000000,2441,12,4
TX,932.512651653,289339.353666848,4642244.549717261,1.200000000,2127,9,4
TX,932.867295187,287866.257158505,4638069.653845130,1.200000000,1978,12,4
TX,932.934677693,292215.644016423,4637132.400201202,1.200000000,933,12,4
TX,933.100830651,291587.401750709,4641058.726565624,1.200000000,2497,10,4
TX,933.315609889,290691.351634234,4635829.225068501,1.200000000,2746,12,4
TX,933.488480434,287837.980305854,4643316.274065699,1.200000000,2085,12,4
TX,933.514579424,291879.647862594,4641643.461174020,1.200000000,601,12,3
TX,933.704513786,292456.720478297,4643733.276162564,1.200000000,1637,12,4
TX,933.796078917,290114.626434921,4645091.561923800,1.200000000,2545,12,4
TX,933.918908301,291812.790253072,4642540.571700715,1.200000000,2023,12,4
TX,933.926320323,291737.860505406,4642513.255423734,1.200000000,206,12,4
TX,933.926412024,292150.207627420,4642187.846544696,1.200000000,2030,12,4
TX,933.980632161,293676.489013094,4639688.981215505,1.200000000,597,12,4
TX,934.039150653,286183.361259444,4640639.207303221,1.200000000,2484,12,4
TX,934.584963173,273721.137222922,4630640.438243879,1.200000000,1550,12,4
TX,934.805789371,289379.309680797,4641553.399898767,1.200000000,2244,7,4
TX,934.897817004,292326.722391689,4637630.600946830,1.200000000,2138,12,4
TX,935.311137132,291660.631023267,4642231.719720648,1.200000000,1021,12,4
TX,935.377061835,290450.361089615,4641398.697563737,1.200000000,241,7,4
TX,935.554972021,288419.947456761,4632091.116423280,1.200000000,1837,12,4
TX,935.573023604,289630.448972509,4638434.172922363,1.200000000,1010,12,4
TX,935.633310412,292236.086123100,4642261.745480609,1.200000000,2839,12,4
TX,935.800710550,288148.254728801,4649079.278227692,1.200000000,1533,12,4
TX,935.816975295,293274.951351326,4640267.253490244,1.200000000,941,12,3
TX,935.871951955,292381.889363579,4642737.098071413,1.200000000,1529,12,4
TX,936.057490361,290777.367981571,4637964.996832841,1.200000000,1538,12,4
TX,936.094174760,290943.579763237,4642060.460417021,1.200000000,922,9,4
TX,936.412209140,294009.853560072,4639852.744975456,1.200000000,2827,12,3
TX,936.415237262,293858.201566030,4643752.941939048,1.200000000,1394,12,3
TX,936.626835054,290136.183314869,4635351.571107492,1.200000000,1282,12,4
TX,936.665212597,291728.849354105,4642787.774869594,1.200000000,857,12,3
TX,936.795488710,287568.244346388,4634292.966178553,1.200000000,2306,12,4
TX,936.865987245,292250.815230643,4638706.283284594,1.200000000,1602,12,3
TX,936.899436496,291736.489582471,4641700.260738505,1.200000000,1327,11,4
TX,936.916965937,292694.345980243,4638402.418796366,1.200000000,658,12,4
TX,937.243929979,291011.238390675,4642046.228667852,1.200000000,2015,10,3
TX,937.314413931,291501.849113274,4641327.989990537,1.200000000,929,10,4
TX,937.574524935,292682.849870545,4641799.402736533,1.200000000,784,12,4
TX,937.694750283,290381.741014091,4640469.508867589,1.200000000,2047,7,3
TX,937.728765260,293368.383673993,4643966.025976117,1.200000000,724,12,4
TX,937.876676024,288834.620199282,4635126.496123689,1.200000000,304,12,4
TX,937.912634617,285154.253541970,4640765.797620582,1.200000000,2725,12,4
TX,938.275139438,291991.536374694,4643704.987750095,1.200000000,610,12,4
TX,938.285982651,291239.670325724,4641280.587768302,1.200000000,2418,8,4
TX,938.327543255,273697.084342826,4630645.385711102,1.200000000,1194,12,4
TX,938.336364999,289146.847234897,4638671.781036183,1.200000000,545,12,4
TX,938.554921288,295000.785611323,4642732.105686204,1.200000000,2668,7,4
TX,938.643645135,290842.390250297,4639343.853243794,1.200000000,2416,10,4
TX,939.122096722,290165.278267662,4643336.248054260,1.200000000,2188,12,4
TX,939.218817885,290820.377869706,4642264.117920404,1.200000000,274,10,4
TX,939.302402320,291995.566118488,4642599.655896014,1.200000000,584,12,3
TX,939.382048698,291449.286864638,4642276.956385797,1.200000000,1309,11,4
TX,939.456154620,292183.350637292,4640648.952645364,1.200000000,1910,12,4
TX,939.523029883,289320.019876585,4634307.589225618,1.200000000,967,12,4
TX,939.567807797,291066.011090341,4640348.206923135,1.200000000,1708,9,4
TX,939.958692205,291520.261532848,4642444.326372721,1.200000000,249,12,4
TX,940.100005313,292346.141242710,4637355.301495983,1.200000000,1161,12,4
TX,940.116749646,290569.618791578,4642826.215380647,1.200000000,2109,12,3
TX,940.123405841,287653.330013791,4643103.737807888,1.200000000,1938,12,3
TX,940.394816657,291081.814604446,4641977.828317817,1.200000000,940,10,4
TX,940.400358724,292074.426067498,4641800.809879139,1.200000000,98,12,4
TX,940.618312220,289196.948696062,4642529.781862034,1.200000000,1695,10,4
TX,940.759540595,279006.513645925,4632523.479441841,1.200000000,873,12,4
TX,940.911145611,235922.630538304,4663590.076394306,1.200000000,2474,12,4
TX,940.926662157,290261.988502522,4636403.841329987,1.200000000,2308,12,3
TX,940.990433834,273711.772016345,4630652.967547788,1.200000000,1268,12,4
TX,941.069784292,292474.765224689,4641894.420227377,1.200000000,2187,12,3
TX,941.085871987,282151.053099602,4632802.570634584,1.200000000,292,12,4
TX,941.494007388,273674.582724106,4630615.658982324,1.200000000,465,12,3
TX,941.555043320,290797.516251365,4642085.828551494,1.200000000,2499,10,4
TX,941.611743244,291857.758108219,4642559.536086139,1.200000000,58,12,4
TX,941.654451378,291728.440851593,4642149.494802386,1.200000000,1502,12,4
TX,941.867716644,290771.189863201,4641522.044813891,1.200000000,119,8,3
TX,942.201764790,289718.494504678,4642414.070749187,1.200000000,2434,9,4
TX,942.363428722,290339.501320257,4641896.371895647,1.200000000,1963,7,4
TX,942.437935253,291250.406205358,4642280.266089322,1.200000000,2833,11,4
TX,942.476326154,291760.631871780,4642392.982137425,1.200000000,920,12,4
TX,942.516579866,287983.023348604,4639134.685435016,1.200000000,1609,12,4
TX,942.765523397,288936.199154616,4649121.015042550,1.200000000,1571,12,4
TX,942.772822403,292315.515299015,4642057.740825868,1.200000000,155,12,4
TX,942.897669220,273700.250217628,4630647.206751613,1.200000000,2670,12,4
TX,942.988344169,273692.277598468,4630642.786913628,1.200000000,1262,12,3
TX,943.071148338,289756.647971618,4642729.870158861,1.200000000,2110,12,4
TX,943.139107681,291128.776413645,4641198.504569809,1.200000000,2217,9,4
TX,943.203106322,290677.653277165,4641302.345109137,1.200000000,785,7,4
TX,943.336329902,291144.847804335,4642481.231257778,1.200000000,1599,12,4
TX,943.426683972,291071.200523041,4639150.333787357,1.200000000,2238,12,4
TX,943.580656890,271825.139391665,4630653.271047077,1.200000000,2530,12,4
TX,943.697700542,288348.439690816,4642968.487524954,1.200000000,1240,12,3
TX,943.810295326,291221.979054322,4640408.081035682,1.200000000,2693,8,3
TX,943.928665069,291069.327945349,4644023.996558797,1.200000000,2612,12,4
TX,943.967099014,273714.884999035,4630647.348023849,1.200000000,1909,12,4
TX,943.975169060,290858.048855449,4642293.516124046,1.200000000,2032,10,4
TX,944.025946065,293923.581533978,4636796.175817566,1.200000000,172,12,4
TX,944.157656336,290360.995810479,4641328.444148630,1.200000000,834,7,4
TX,944.316294277,289744.610100375,4641874.395983496,1.200000000,2234,7,4
TX,944.330317367,292254.848894370,4638752.057168695,1.200000000,2216,12,4
TX,944.448661337,284332.449133076,4645356.027284348,1.200000000,287,12,3
TX,944.678772321,289610.911553764,4643501.851781864,1.200000000,2088,12,4
TX,944.774333839,291213.346384384,4641869.207464796,1.200000000,2505,10,4
TX,945.069963707,289648.864399550,4643503.666258916,1.200000000,426,12,4
TX,945.144408634,291239.238323156,4641254.778367840,1.200000000,26,8,4
TX,945.193565855,291062.998583002,4644025.632512203,1.200000000,2079,12,4
TX,945.426138841,271809.272905105,4630670.157893504,1.200000000,2318,12,3
TX,945.694131293,292677.333635432,4641800.679604326,1.200000000,2330,12,4
TX,945.998510817,291506.631165230,4645029.196779147,1.200000000,2569,12,4
TX,946.027218656,290392.571395351,4643851.538564699,1.200000000,884,12,4
TX,946.077794659,292521.840071158,4642909.093273587,1.200000000,1612,12,4
TX,946.392351142,292309.817174980,4642045.226623152,1.200000000,61,12,4
TX,946.477479185,291023.704905946,4640596.303642156,1.200000000,7,7,4
TX,946.493372643,289616.011017306,4643516.529085429,1.200000000,998,12,4
TX,946.611531321,291071.088496119,4644038.159077124,1.200000000,2595,12,3
TX,946.619307018,294096.558517521,4643891.196330620,1.200000000,2502,12,4
TX,946.628988831,290334.601459073,4641876.457089272,1.200000000,1162,7,4
TX,946.773338896,295147.719185336,4642689.801565755,1.200000000,1300,9,4
TX,946.938289508,292239.758633880,4638024.119058292,1.200000000,2427,12,4
TX,946.954024722,292310.307662492,4642039.982782111,1.200000000,1950,12,4
TX,947.048782645,291928.150614866,4642571.896947736,1.200000000,131,12,4
TX,947.184562688,289196.729512523,4642837.828330362,1.200000000,2794,12,4
TX,947.383689523,292703.937473277,4641790.090784049,1.200000000,779,12,4
TX,947.546015907,272892.985086791,4629827.177322938,1.200000000,1543,12,4
TX,947.692526519,291124.885632617,4639049.888385219,1.200000000,962,12,4
TX,947.973230910,290495.976231844,4640878.210711841,1.200000000,1474,7,3
TX,948.097637905,292747.834573333,4639853.084312664,1.200000000,219,12,4
TX,948.248711343,291055.586969507,4642409.793775092,1.200000000,1531,10,4
TX,948.251131875,290030.929058383,4641530.085866123,1.200000000,1007,7,4
TX,948.272918462,291022.719690617,4640571.243384507,1.200000000,2004,7,4
TX,948.486393443,290601.135702989,4641343.073236342,1.200000000,1088,7,4
TX,948.524121173,290487.612208353,4642306.291140148,1.200000000,2357,10,4
TX,948.541046609,290957.548038866,4639071.909044274,1.200000000,853,12,4
TX,948.625594890,291223.466241117,4640819.980674609,1.200000000,2387,9,4
TX,948.792369268,295148.281172909,4645281.541361553,1.200000000,2808,12,3
TX,949.140904529,294306.137769012,4640656.610878305,1.200000000,232,11,4
TX,949.210247975,291397.978900220,4641355.013404165,1.200000000,1382,10,3
TX,949.822454711,273622.777742635,4630725.026438087,1.200000000,811,12,4
TX,949.921140807,283037.661552094,4634003.272523225,1.200000000,2564,12,3
TX,950.086700125,291463.210679518,4642049.926517498,1.200000000,2628,12,4
TX,950.111274684,292556.749158310,4642586.924400451,1.200000000,1584,12,4
TX,950.227371615,291612.762304687,4640987.681477526,1.200000000,2486,10,3
TX,950.643154933,290520.031034481,4645049.459415096,1.200000000,1988,12,4
TX,950.658169448,273667.884405396,4630708.653689777,1.200000000,572,12,4
TX,950.842465709,273715.412376796,4630607.588256041,1.200000000,1017,12,4
TX,950.937191166,291825.681680331,4642543.360255661,1.200000000,712,12,4
TX,950.985408737,273717.589753674,4630649.879158197,1.200000000,1636,12,4
TX,951.030357969,290253.324757573,4642799.424231385,1.200000000,1532,11,4
TX,951.103164963,288773.280510547,4642915.154847142,1.200000000,38,12,3
TX,951.379027715,291972.577498585,4642591.728470271,1.200000000,2682,12,4
TX,951.404002684,288806.602028420,4642802.119323565,1.200000000,983,12,4
TX,951.462757056,291338.323883531,4640105.576344180,1.200000000,14,10,4
TX,951.466382084,291834.503603977,4644178.091042257,1.200000000,20,12,4
TX,951.689345667,292784.053026513,4642169.345522797,1.200000000,2170,12,4
TX,952.014389915,291725.210955496,4642160.649577492,1.200000000,2745,12,4
TX,952.101451655,292305.479958122,4637658.562467540,1.200000000,2286,12,4
TX,952.187133373,290476.809338708,4641405.152353313,1.200000000,1105,7,4
TX,952.300104119,273719.046596834,4630616.025797345,1.200000000,1067,12,4
TX,952.520261709,291745.336225630,4639674.736829023,1.200000000,107,12,4
TX,952.575140979,289810.016182661,4635540.226707096,1.200000000,2405,12,4
TX,952.674437907,287568.947917893,4632929.933981234,1.200000000,582,12,4
TX,952.682744885,290239.488541866,4646709.106672137,1.200000000,2733,12,4
TX,952.708709491,288267.815461254,4634987.884043957,1.200000000,869,12,4
TX,952.738051736,292306.021519989,4643558.032897384,1.200000000,2634,12,4
TX,952.887534272,291063.115110733,4644044.615512018,1.200000000,617,12,4
TX,953.008830011,294924.779922503,4648463.671682321,1.200000000,635,12,4
TX,953.029639260,273695.163804283,4630617.735364161,1.200000000,2561,12,4
TX,953.049300909,292618.039514302,4641158.272951755,1.200000000,657,12,4
TX,953.227092148,291990.854883913,4643707.797654757,1.200000000,162,12,4
TX,953.417024424,291037.041555724,4640452.943595008,1.200000000,373,8,4
TX,953.553569821,294059.166915111,4639278.296678412,1.200000000,1822,12,4
TX,953.646201872,296646.250879870,4646077.768008773,1.200000000,427,12,4
TX,953.674371240,271830.326042010,4630660.754638772,1.200000000,2156,12,4
TX,953.960002452,284819.811389778,4631795.255706117,1.200000000,642,12,4
TX,954.173821220,294839.011620593,4647340.587331052,1.200000000,631,12,4
TX,954.200881645,292676.571011801,4641796.692865032,1.200000000,2061,12,4
TX,954.212408199,291945.622151186,4642585.218722150,1.200000000,263,12,3
TX,954.293500545,289771.022586920,4640401.723524700,1.200000000,1992,7,4
TX,954.298826465,292523.104335848,4642917.114103850,1.200000000,1874,12,4
TX,954.310154477,290649.711959619,4643079.586360846,1.200000000,1376,12,4
TX,954.795477758,302011.703916870,4643753.050661365,1.200000000,1361,12,3
TX,954.806206606,292746.220180256,4641874.177404458,1.200000000,1944,12,4
TX,954.848135614,291654.835262023,4642336.352031437,1.200000000,916,12,4
TX,954.903234519,289931.797735751,4641823.646674885,1.200000000,1164,7,4
TX,955.265501520,289708.014796125,4647167.161707693,1.200000000,44,12,4
TX,955.287777597,289773.521360223,4643228.628367347,1.200000000,470,12,3
TX,955.317608783,291706.492569603,4642809.509310006,1.200000000,168,12,4
TX,955.369891555,291826.561261215,4642772.911423204,1.200000000,2020,12,4
TX,955.421818124,294371.205982521,4640346.670388717,1.200000000,1124,10,3
TX,955.544224350,290847.511749328,4641195.161699608,1.200000000,1227,7,4
TX,955.592626228,289839.936891555,4638713.146545332,1.200000000,1809,12,4
TX,955.603489214,291153.518795956,4641360.026940509,1.200000000,50,10,4
TX,955.631837835,289942.497622222,4634418.569582712,1.200000000,2182,12,4
TX,955.663456133,291841.707912990,4642494.397287935,1.200000000,272,12,4
TX,955.828906139,292724.275316200,4641828.058269254,1.200000000,2324,12,4
TX,955.938825336,291226.607055683,4642273.120688017,1.200000000,1870,11,4
TX,956.174638218,291252.643622327,4642285.885428173,1.200000000,359,11,4
TX,956.268858140,289959.227934707,4640767.378125076,1.200000000,590,7,4
TX,956.274585503,289979.853066927,4637822.517385475,1.200000000,395,12,4
TX,956.333449407,291911.512097248,4642575.215371490,1.200000000,369,12,4
TX,956.424508955,294947.138678503,4642706.076274402,1.200000000,1388,9,4
TX,956.483488323,290362.417854318,4643829.636907588,1.200000000,876,12,4
TX,956.488283845,290596.944538663,4643874.426602908,1.200000000,1099,12,4
TX,956.572759147,292226.917007812,4643475.434956868,1.200000000,1936,12,3
TX,956.642152767,292771.936224446,4641300.526097087,1.200000000,1226,12,3
TX,956.689159354,297338.429084651,4646832.344307140,1.200000000,1665,12,4
TX,956.726752184,290586.045209449,4640853.241922599,1.200000000,190,7,4
TX,956.763297688,291107.353755942,4641357.859777556,1.200000000,568,9,4
TX,957.449476581,294115.858820870,4639215.453384529,1.200000000,144,12,4
TX,957.530369408,292680.261295093,4641803.264903471,1.200000000,148,12,4
TX,957.823861306,293264.827216852,4639507.757782485,1.200000000,1880,12,4
TX,957.837338354,289446.883338050,4646265.550129844,1.200000000,2082,12,4
TX,957.893451898,290050.873997220,4642380.552789792,1.200000000,1310,11,4
TX,958.231882719,291883.633660343,4641644.478636639,1.200000000,488,12,3
TX,958.334901564,291871.098616345,4642585.707592715,1.200000000,91,12,4
TX,958.348343480,290354.233468772,4646286.652017538,1.200000000,363,12,4
TX,958.495941205,292090.736600517,4642633.736305676,1.200000000,74,12,4
TX,958.633584126,290874.969661707,4642319.003455321,1.200000000,2645,10,4
TX,958.743912874,291834.053619677,4642545.343227502,1.200000000,1060,12,4
TX,958.744813012,288936.357516108,4633085.788093832,1.200000000,611,12,4
TX,958.897518183,286944.713953350,4634267.915631333,1.200000000,2699,12,3
TX,958.982064967,291240.674461020,4639658.504783284,1.200000000,1416,10,4
TX,959.043633038,291874.024875809,4642567.719684530,1.200000000,2602,12,4
TX,959.358400454,272996.091588093,4629886.573110154,1.200000000,1064,12,4
TX,959.403261564,289880.557651789,4635528.099238189,1.200000000,1591,12,4
TX,959.444677986,273752.696976326,4630657.363290626,1.200000000,2094,12,4
TX,959.485542713,290271.910869248,4642022.358869388,1.200000000,1221,8,4
TX,959.612584401,292673.373017825,4643690.164819750,1.200000000,2622,12,4
TX,959.733380942,292527.606146513,4642819.033727434,1.200000000,537,12,4
TX,959.866199170,290102.727341056,4640902.646159326,1.200000000,992,7,4
TX,959.962984072,291039.457042693,4644011.647588337,1.200000000,379,12,4
TX,960.106314905,271889.088141147,4630685.042041234,1.200000000,307,12,4
TX,960.165416766,289735.365623409,4637438.732879072,1.200000000,772,12,4
TX,960.198741468,273666.546857227,4630646.378413806,1.200000000,805,12,4
TX,960.264816179,286631.808749131,4645660.591963454,1.200000000,283,12,4
TX,960.489549828,290646.822813705,4641336.107110898,1.200000000,808,7,3
TX,960.495758536,288138.870902886,4631746.866458545,1.200000000,1840,12,4
TX,960.646630721,295965.283011877,4645662.110532208,1.200000000,1029,12,4
TX,960.758012574,292239.772846603,4639447.660239554,1.200000000,1100,12,4
TX,960.874285838,291970.428560036,4642595.424220309,1.200000000,2689,12,4
TX,960.934535578,291077.783348812,4641005.062060001,1.200000000,73,8,3
TX,961.119492246,273664.193170533,4630695.750234440,1.200000000,570,12,4
TX,961.170094824,289489.473652712,4644782.122263581,1.200000000,1478,12,4
TX,961.241411110,273705.707620208,4630618.494984671,1.200000000,1069,12,4
TX,961.415978474,292135.338060517,4637040.636926842,1.200000000,2618,12,3
TX,961.527522206,293701.808493869,4645183.348565161,1.200000000,2373,12,4
TX,961.528036995,291856.573150447,4642553.595487188,1.200000000,735,12,4
TX,961.540752007,287999.410676528,4643336.662096974,1.200000000,692,12,4
TX,961.620542804,278139.376713217,4632442.440159031,1.200000000,1624,12,4
TX,961.649333690,292314.285117780,4642053.302824806,1.200000000,2249,12,4
TX,961.733627583,291055.048869181,4641100.735722987,1.200000000,1260,8,4
TX,961.789832728,286784.241599833,4641295.494238822,1.200000000,2476,12,4
TX,962.071384931,271677.539622434,4630654.699347353,1.200000000,2557,12,4
TX,962.212315872,291123.134459950,4641151.089317032,1.200000000,1760,9,4
TX,962.353187460,273697.961295283,4630717.828565156,1.200000000,1934,12,4
TX,962.355478313,291776.701972910,4642813.352571107,1.200000000,2788,12,4
TX,962.466892506,289325.204854167,4634317.735042950,1.200000000,1445,12,4
TX,962.572401329,291115.093665158,4644300.185368533,1.200000000,2227,12,4
TX,962.805609314,271308.219803825,4630148.874325743,1.200000000,1818,12,4
TX,962.839667011,291034.157470363,4641752.580825704,1.200000000,1413,8,4
TX,963.068189216,291072.247349293,4641935.442244638,1.200000000,959,9,4
TX,963.096911367,292103.694934879,4640656.133213043,1.200000000,1406,12,4
TX,963.123694025,289053.931792090,4643112.016325160,1.200000000,2168,12,4
TX,963.257359347,290767.285985760,4642932.945914304,1.200000000,2309,12,4
TX,963.324308542,292118.066036765,4643217.616629449,1.200000000,708,12,4
TX,963.324546320,290612.387152464,4642304.387926572,1.200000000,314,9,4
TX,963.579692755,289316.396144131,4634321.404976901,1.200000000,1958,12,4
TX,963.647803377,290188.446493483,4640121.134178848,1.200000000,1556,7,4
TX,963.852112671,284550.313330732,4628998.140255232,1.200000000,2663,12,4
TX,963.953099452,287244.322632071,4634217.511044199,1.200000000,2532,12,4
TX,964.137878933,297233.074687426,4633552.043256028,1.200000000,1729,12,4
TX,964.217115593,295143.790983767,4642764.742666837,1.200000000,2805,9,3
TX,964.410092776,289951.975522361,4634417.252491909,1.200000000,2091,12,4
TX,964.435798982,286039.521182111,4631483.928227557,1.200000000,770,12,4
TX,964.541614921,289992.792675489,4639889.199615953,1.200000000,1264,7,4
TX,964.615748927,271772.471653522,4630699.269628130,1.200000000,1845,12,4
TX,964.862474799,284124.178582262,4630327.683329551,1.200000000,1447,12,4
TX,964.892063553,290352.742672143,4646306.547217506,1.200000000,2446,12,4
TX,964.955548460,287947.753958044,4634515.393175369,1.200000000,802,12,4
TX,965.062665695,294933.091623085,4643623.892469220,1.200000000,40,12,4
TX,965.087402727,291240.813124300,4641298.110114615,1.200000000,1501,9,4
TX,965.347121507,290442.902282325,4645948.183143061,1.200000000,1464,12,4
TX,965.850137350,288187.978031388,4643902.455762377,1.200000000,2239,12,3
TX,965.895312195,273553.582213516,4630954.735631649,1.200000000,1257,12,3
TX,966.013319305,290983.225766308,4640894.400553559,1.200000000,2001,8,4
TX,966.513193110,306827.056931853,4637297.153598101,1.200000000,2481,12,4
TX,966.629037603,288850.686177225,4641387.162324503,1.200000000,485,7,4
TX,966.739951050,292521.167711797,4641775.278573780,1.200000000,2437,12,4
TX,966.762901643,291046.007798141,4641713.257212056,1.200000000,41,9,4
TX,966.821920563,290382.809064821,4643407.142764569,1.200000000,931,12,4
TX,966.831561476,290706.077398463,4641287.279169949,1.200000000,2342,7,4
TX,966.933153173,289450.698195332,4645846.996544205,1.200000000,1787,12,4
TX,966.964600949,293608.850229122,4641916.633617377,1.200000000,489,11,4
TX,967.144342842,291621.582049242,4642871.019103568,1.200000000,2197,12,4
TX,967.186632208,292366.067954330,4644014.556816512,1.200000000,1458,12,4
TX,967.440354281,293626.856730188,4644138.709608743,1.200000000,2252,12,4
TX,967.657669582,292003.865371495,4646083.430678933,1.200000000,324,12,4
TX,968.087972274,292807.401936563,4642192.451873379,1.200000000,2176,12,4
TX,968.198336650,290739.738225218,4642889.164792385,1.200000000,2284,12,3
TX,968.467448117,291038.084793264,4641168.124318888,1.200000000,2567,8,4
TX,968.543689440,295599.673078411,4645523.686733420,1.200000000,1863,12,3
TX,968.609688831,273705.367722073,4630650.083062761,1.200000000,817,12,4
TX,968.691672336,273708.578378218,4630627.836004133,1.200000000,2717,12,4
TX,968.733108008,293610.164682387,4638498.709827418,1.200000000,1667,12,4
TX,968.943088755,289729.849055366,4633932.552525314,1.200000000,552,12,4
TX,969.058552709,289343.611746594,4642452.711043056,1.200000000,1775,12,4
TX,969.148677392,290238.448758482,4642804.097525577,1.200000000,110,11,3
TX,969.229619909,289248.695943286,4642513.806403256,1.200000000,2793,9,4
TX,969.236381457,299729.338207211,4630053.941839475,1.200000000,2317,12,4
TX,969.303211235,291865.850019250,4642560.259113544,1.200000000,2160,12,4
TX,969.530833092,292287.250708009,4642033.700473089,1.200000000,727,12,4
TX,969.558226536,290927.067695721,4641203.612978328,1.200000000,1059,7,4
TX,969.565783738,291142.473288186,4641254.735430859,1.200000000,2728,9,4
TX,969.589213841,291449.916614110,4642058.632394077,1.200000000,1908,12,4
TX,969.646576393,289516.384958624,4648113.857727721,1.200000000,2630,12,4
TX,969.702404257,282252.530390815,4637252.709497481,1.200000000,1953,12,4
TX,969.831538842,291569.792939118,4641388.056393404,1.200000000,2735,11,4
TX,970.020925497,289678.334072368,4642120.899394805,1.200000000,1213,9,4
TX,970.248961191,288862.265561463,4643333.750022345,1.200000000,2325,12,4
TX,970.289870617,293908.974619305,4636778.450351474,1.200000000,2832,12,4
TX,970.346431308,290485.283067100,4640631.766884577,1.200000000,2237,7,3
TX,970.393250693,289483.337449388,4643905.320694793,1.200000000,1167,12,4
TX,970.572401620,288333.261748189,4644316.036960877,1.200000000,448,12,4
TX,970.576197951,290909.792902295,4643971.800497177,1.200000000,576,12,3
TX,970.577154950,291503.088999728,4639834.928989375,1.200000000,644,12,3
TX,970.589968654,290776.129350555,4642277.041678359,1.200000000,2547,10,4
TX,970.621446901,289941.365028432,4634396.384599807,1.200000000,1847,12,4
TX,970.694313309,290668.500644879,4641292.095163046,1.200000000,1727,7,4
TX,970.773158009,291217.408331782,4641299.066897632,1.200000000,1749,10,4
TX,970.846229701,290649.267234856,4642139.201680641,1.200000000,1515,9,4
TX,970.875151255,289565.590271391,4641889.214729352,1.200000000,886,7,4
TX,971.011166478,291244.729704998,4639635.933372018,1.200000000,989,10,4
TX,971.289582285,298617.740171114,4644238.797978838,1.200000000,137,12,4
TX,971.372465394,295987.098406436,4650264.957688234,1.200000000,279,12,4
TX,971.394193468,292526.340155095,4642909.216159521,1.200000000,1726,12,4
TX,971.432066775,293746.061256743,4641446.566030187,1.200000000,517,11,4
TX,971.443075128,298447.660357794,4642234.365896600,1.200000000,2017,12,4
TX,971.448289469,290713.477231983,4641181.948830241,1.200000000,562,7,4
TX,971.517837411,290872.396585802,4642269.551000644,1.200000000,2089,11,4
TX,971.546529584,294059.098210494,4650278.781470453,1.200000000,2392,12,4
TX,971.582458677,273698.046876142,4630629.686915966,1.200000000,624,12,4
TX,971.809727575,289899.302778658,4646889.914563995,1.200000000,1699,12,4
TX,972.143880904,288196.019681320,4643919.743818119,1.200000000,2382,12,4
TX,972.162690211,272051.736687575,4630387.227852295,1.200000000,309,12,3
TX,972.203370092,291979.481102379,4643701.130143103,1.200000000,237,12,3
TX,972.250465782,290792.615292266,4642069.706275200,1.200000000,423,10,4
TX,972.404568753,289622.660787552,4638800.710859373,1.200000000,2131,11,4
TX,972.623331267,289940.327993553,4634398.669076431,1.200000000,2246,12,4
TX,972.743374594,273703.454158261,4630687.126959592,1.200000000,1614,12,4
TX,972.822577212,289717.890948777,4647170.347930946,1.200000000,1884,12,4
TX,972.911383478,291241.080992860,4641251.835248969,1.200000000,507,8,3
TX,972.967513820,291211.433636281,4641984.692680936,1.200000000,1480,10,3
TX,972.981245046,295940.266614654,4642374.891626042,1.200000000,1410,7,4
TX,973.107220363,290477.601504555,4642848.199816766,1.200000000,666,12,4
TX,973.664474657,291253.748073088,4641229.155153167,1.200000000,1527,8,4
TX,973.683548701,291225.865249082,4641701.115921688,1.200000000,974,9,4
TX,974.050481070,291912.423780653,4642581.999884864,1.200000000,877,12,4
TX,974.090880482,290160.288059302,4644942.393802718,1.200000000,1948,12,4
TX,974.114603959,291071.019993091,4644039.483175649,1.200000000,2055,12,4
TX,974.130928960,288459.482532736,4639659.034030674,1.200000000,1092,12,4
TX,974.145160499,295125.037488536,4642704.305864168,1.200000000,1747,9,4
TX,974.194011764,293266.069764550,4643173.369532040,1.200000000,2695,12,4
TX,974.417599335,292318.516290933,4641965.189531214,1.200000000,2189,12,3
TX,974.450867390,295102.180278742,4642715.191277552,1.200000000,607,9,4
TX,974.542066837,288404.623729749,4638591.108059223,1.200000000,2210,12,4
TX,974.548003530,285616.098488154,4642650.254098926,1.200000000,1318,12,4
TX,974.571139696,273694.684376812,4630660.221767459,1.200000000,145,12,4
TX,974.640990021,293807.651754581,4643612.839765740,1.200000000,1611,12,4
TX,974.675096093,290426.602190464,4640695.707815488,1.200000000,874,7,4
TX,974.799171713,285141.227850802,4632680.984503074,1.200000000,1620,12,4
TX,974.802644730,291060.247121893,4642051.925773675,1.200000000,348,10,4
TX,974.813217954,292210.509544864,4638424.324428147,1.200000000,596,12,4
TX,975.007361973,290338.784518932,4641883.306872413,1.200000000,246,7,4
TX,975.073075804,292673.394695651,4641798.557781924,1.200000000,2809,12,4
TX,975.538146822,295752.485999715,4636641.610126263,1.200000000,2849,12,4
TX,975.599490932,288564.886075580,4642869.216277663,1.200000000,1479,12,3
TX,975.620663777,292137.214921534,4640647.464438658,1.200000000,420,12,3
TX,975.808982770,291990.338572220,4643710.210604367,1.200000000,2287,12,4
TX,975.839652516,273709.080142153,4630659.964993256,1.200000000,1904,12,4
TX,975.890125272,292741.467417091,4639404.158696050,1.200000000,84,12,4
TX,975.905734600,286378.715524287,4640681.755219155,1.200000000,480,12,4
TX,975.987276404,293633.256916269,4641381.037555649,1.200000000,2409,11,3
TX,976.023616703,293655.296565875,4640285.882954632,1.200000000,911,12,4
TX,976.027883958,273679.483444541,4630620.757346123,1.200000000,97,12,4
TX,976.087216145,290676.492884327,4641181.327796243,1.200000000,1493,7,4
TX,976.089678824,293543.023390042,4642754.555574158,1.200000000,716,12,4
TX,976.412337702,291823.444263411,4642317.677989771,1.200000000,2706,12,4
TX,976.742315685,291007.011296194,4641832.712077085,1.200000000,2332,8,4
TX,976.749318894,290733.562634642,4642288.143554408,1.200000000,139,10,4
TX,976.845238365,290849.944225248,4642272.427177273,1.200000000,135,11,4
TX,976.959703431,292235.925139317,4637154.056153823,1.200000000,1063,12,4
TX,976.994486277,291023.887866075,4641955.972399800,1.200000000,2744,10,4
TX,977.096452696,292021.550416099,4644039.849516928,1.200000000,613,12,3
TX,977.098017695,292483.587455089,4643506.631564871,1.200000000,1352,12,4
TX,977.408540892,292621.049393375,4641677.044252489,1.200000000,322,12,4
TX,977.721004542,294386.709352244,4642939.571502209,1.200000000,2042,10,4
TX,977.850300146,290460.591392848,4640630.777547292,1.200000000,2104,7,4
TX,977.868084659,295134.358683322,4642718.595978780,1.200000000,2711,9,4
TX,977.888117451,293325.715201270,4644481.022359175,1.200000000,2609,12,4
TX,977.972954399,295143.235141494,4642719.841092824,1.200000000,93,9,4
TX,977.974538009,289947.881346259,4634396.286096604,1.200000000,2356,12,4
TX,978.282839772,292720.464956472,4641846.052528047,1.200000000,2199,12,4
TX,978.358585501,290371.178590338,4641807.315358248,1.200000000,86,7,4
TX,978.428635545,282949.274361870,4646356.178184461,1.200000000,1296,12,4
TX,978.629416546,291352.366330715,4641131.774705175,1.200000000,560,9,4
TX,978.631445084,290204.338164809,4640989.733416493,1.200000000,2764,7,4
TX,978.730800735,285616.990466964,4631211.126393804,1.200000000,1980,12,4
TX,978.867371999,289875.874229178,4641684.600219212,1.200000000,1504,7,4
TX,978.951572403,292532.099146196,4641481.202033027,1.200000000,1249,12,4
TX,978.994554193,295147.087153058,4642706.745949749,1.200000000,1786,9,4
TX,979.066373905,289842.819353445,4638850.763394783,1.200000000,1621,12,4
TX,979.116472261,291271.618860859,4641834.593264531,1.200000000,790,9,4
TX,979.225058695,291159.966346922,4641242.565436722,1.200000000,1514,9,4
TX,979.344431587,290931.389664263,4641198.033947235,1.200000000,2125,7,4
TX,979.403262296,290892.087745356,4638693.760352886,1.200000000,1964,12,4
TX,979.414385322,290332.209808439,4643711.689838601,1.200000000,809,12,4
TX,979.419601144,294171.725613612,4642023.582156766,1.200000000,1724,10,4
TX,979.436069156,289821.835955743,4641791.290221590,1.200000000,2307,7,4
TX,979.656945014,273708.118933527,4630627.385642077,1.200000000,744,12,4
TX,979.754317920,299736.143688126,4630041.901209079,1.200000000,1631,12,4
TX,979.918441370,292025.745547379,4642231.565924143,1.200000000,1498,12,4
TX,979.961211296,290760.904864983,4639490.950897367,1.200000000,691,10,4
TX,979.967449564,295399.774616237,4645465.079346131,1.200000000,826,12,3
TX,980.054189361,285307.396366566,4633104.213204184,1.200000000,2289,12,4
TX,980.079921391,290228.016830899,4647312.756126584,1.200000000,1082,12,3
TX,980.100385904,290697.020982043,4641311.702849110,1.200000000,713,7,4
TX,980.115651692,273741.416713168,4630638.983336734,1.200000000,1265,12,4
TX,980.151687160,291816.916188027,4642432.661971754,1.200000000,612,12,4
TX,980.158465706,291948.725577293,4642577.928793025,1.200000000,2033,12,4
TX,980.205129803,287879.683380051,4637583.118753173,1.200000000,1907,12,4
TX,980.218754026,287863.214602255,4637942.999936218,1.200000000,2343,12,4
TX,980.469472447,295166.007496378,4642733.912086020,1.200000000,331,9,4
TX,980.474918927,290352.003269071,4641361.210679080,1.200000000,906,7,4
TX,980.566107808,291006.806693718,4644789.442173365,1.200000000,319,12,4
TX,980.625446024,290663.786190297,4641294.147233564,1.200000000,2322,7,4
TX,980.795405196,293599.652178532,4642786.663958818,1.200000000,476,12,4
TX,980.958907980,290479.978415258,4640631.087178297,1.200000000,1587,7,4
TX,981.137097278,271952.697215411,4630592.346978812,1.200000000,652,12,4
TX,981.200584372,303504.263432825,4638268.583428820,1.200000000,156,12,4
TX,981.236113230,292267.001245561,4636540.955749362,1.200000000,970,12,4
TX,981.321496193,273716.294707306,4630649.371602889,1.200000000,1862,12,4
TX,981.371420118,292104.037911911,4643194.325952441,1.200000000,2333,12,4
TX,981.378603929,290070.143508029,4642389.330317985,1.200000000,45,9,4
TX,981.445650253,292504.176436850,4642871.986211888,1.200000000,1463,12,4
TX,981.492566424,290066.915293185,4642397.658831880,1.200000000,102,9,4
TX,981.524026653,287582.925544874,4645804.206073047,1.200000000,2132,12,4
TX,981.639573731,299814.792498130,4634842.584449913,1.200000000,435,12,4
TX,981.792911420,291348.620473624,4638562.949526464,1.200000000,1121,12,4
TX,982.154700086,290483.160308461,4640627.009068066,1.200000000,2411,7,4
TX,982.166308344,291383.690915700,4642028.850790209,1.200000000,1311,11,4
TX,982.404530366,271672.901436916,4630643.007196964,1.200000000,1204,12,4
TX,982.461431148,291714.018971305,4642370.579039400,1.200000000,2549,12,4
TX,982.595683139,288233.099227491,4642981.789793176,1.200000000,1175,12,4
TX,982.600850292,273672.703226912,4630699.532238261,1.200000000,1558,12,4
TX,982.724327137,291880.699892478,4642575.407478815,1.200000000,2697,12,4
TX,982.869135610,290292.094926518,4644066.329333822,1.200000000,433,12,4
TX,982.992972637,273710.493205560,4630637.573994895,1.200000000,751,12,4
TX,983.087008663,293109.538249157,4642314.460797556,1.200000000,2442,12,4
TX,983.144296221,290167.773824508,4643875.030516344,1.200000000,1148,12,4
TX,983.273104736,297798.184652271,4640980.285701524,1.200000000,837,11,4
TX,983.334135013,273708.667244987,4630276.416168167,1.200000000,1371,12,4
TX,983.475480149,289665.388285716,4641412.100030612,1.200000000,2424,7,4
TX,983.675818680,296968.739587787,4630865.611629001,1.200000000,1865,12,4
TX,983.881525050,293199.998285122,4642031.505264115,1.200000000,650,12,4
TX,983.885316657,292640.158413339,4641769.216067540,1.200000000,150,12,4
TX,984.042088960,290422.565467391,4641821.585980287,1.200000000,1155,7,4
TX,984.048961146,289197.078484877,4642511.124832305,1.200000000,259,10,4
TX,984.374549197,290657.986024897,4641299.341810497,1.200000000,1090,7,4
TX,984.463358773,295147.568240796,4642714.864916437,1.200000000,1028,9,4
TX,984.577752074,291906.436331958,4642571.295868200,1.200000000,2521,12,4
TX,984.752317045,292712.805981377,4638732.536861809,1.200000000,1120,12,4
TX,984.865819104,291999.350416494,4643702.383492674,1.200000000,2613,12,4
TX,985.167616429,290050.376087167,4642565.398100470,1.200000000,1581,10,4
TX,985.222807883,287274.252972145,4634212.601936704,1.200000000,1452,12,4
TX,985.356585090,288849.699957711,4641417.316796085,1.200000000,1675,8,4
TX,985.428929099,293261.283585664,4639402.629855018,1.200000000,1520,12,4
TX,985.434264317,292444.467155472,4643136.291661538,1.200000000,2627,12,3
TX,985.493155586,291552.860612690,4641379.458151179,1.200000000,1097,11,4
TX,985.708837966,271663.195852646,4630292.753700473,1.200000000,1343,12,4
TX,985.718936453,291861.535363610,4642561.212882830,1.200000000,861,12,4
TX,985.729296586,291117.098339641,4642285.299604582,1.200000000,264,11,4
TX,985.735017369,302196.390767557,4641418.536486281,1.200000000,1036,12,4
TX,985.800431871,293558.916334863,4639866.023465864,1.200000000,368,12,4
TX,985.809915467,287946.677586115,4632034.444932404,1.200000000,2679,12,4
TX,985.968585145,293025.735156793,4640267.594114183,1.200000000,380,12,4
TX,986.186513635,292525.392580769,4641930.733859558,1.200000000,795,12,4
TX,986.232042713,273705.546286064,4630610.939205753,1.200000000,1525,12,4
TX,986.339658280,291369.310384620,4641428.327627611,1.200000000,1633,10,4
TX,986.341134945,284464.089265131,4632999.033143917,1.200000000,1103,12,4
TX,986.418595966,289572.479101104,4637781.506387871,1.200000000,1286,12,4
TX,986.669124004,293508.090422410,4644186.471521085,1.200000000,2428,12,4
TX,986.755596214,291620.480543865,4641732.320510441,1.200000000,1932,12,4
TX,986.926286058,292716.968847386,4642078.291340872,1.200000000,1645,12,4
TX,986.983364137,295121.358814157,4642759.276882108,1.200000000,1297,9,4
TX,987.108908104,295297.106488161,4638527.465438542,1.200000000,444,12,4
TX,987.199523819,289220.579476113,4642510.651206492,1.200000000,1698,10,4
TX,987.216885348,292737.057544386,4651460.357090021,1.200000000,1448,12,3
TX,987.572526616,289796.969135835,4639567.692931843,1.200000000,689,9,4
TX,987.595833008,295120.895564826,4642690.389264220,1.200000000,2802,9,4
TX,987.625805826,292137.765702480,4642660.845016716,1.200000000,2512,12,4
TX,987.641869096,290495.184793519,4640633.215796424,1.200000000,80,7,4
TX,987.659140128,290481.727596794,4640612.890012243,1.200000000,2798,7,4
TX,987.762068893,291233.118956442,4641254.172481406,1.200000000,2485,8,4
TX,987.773408136,290694.845975236,4636786.124444559,1.200000000,656,12,4
TX,987.777521217,290444.264227632,4635502.644760198,1.200000000,918,12,4
TX,988.034304848,292975.795275484,4642026.999178980,1.200000000,2141,12,4
TX,988.161380988,290668.727556988,4641310.769595359,1.200000000,2648,7,4
TX,988.204491382,290463.995103303,4641521.966912496,1.200000000,53,7,4
TX,988.286916518,289218.921463240,4642510.648123111,1.200000000,1353,10,4
TX,988.492652931,292077.530226702,4643151.377847554,1.200000000,462,12,4
TX,988.721998963,291874.497705371,4642562.031021674,1.200000000,796,12,4
TX,988.746707264,292142.850451271,4642973.623412617,1.200000000,653,12,4
TX,988.779838772,286381.237259542,4640682.955136975,1.200000000,490,12,4
TX,988.887410150,292076.496337387,4636990.488186223,1.200000000,417,12,4
TX,988.934272529,291039.131378557,4642271.230366881,1.200000000,1758,10,4
TX,989.091654511,290460.165260594,4643858.428955354,1.200000000,1335,12,4
TX,989.173932263,290838.831737837,4642278.044546169,1.200000000,549,10,4
TX,989.251804386,289846.252204457,4642763.014222082,1.200000000,1421,11,4
TX,989.295899541,288058.552167533,4639052.301688732,1.200000000,2291,12,4
TX,989.325263864,291053.153648871,4643999.684156997,1.200000000,2767,12,4
TX,989.536811219,289682.022895976,4638775.039701168,1.200000000,1315,11,4
TX,989.727235970,294121.402638271,4639605.509783584,1.200000000,1946,12,4
TX,989.797939976,292718.007680572,4641947.657131712,1.200000000,2791,12,4
TX,989.821074460,289680.863651989,4643583.893709934,1.200000000,87,12,4
TX,990.066051389,291935.071402975,4642586.041671690,1.200000000,915,12,4
TX,990.081473692,291974.151906557,4643684.012708547,1.200000000,457,12,4
TX,990.241797343,296725.569022730,4646423.004833861,1.200000000,2636,12,4
TX,990.297820047,289678.509081943,4642121.000221924,1.200000000,1313,9,4
TX,990.407206504,290676.408062844,4641304.335488506,1.200000000,2548,7,4
TX,990.410377649,291958.156029458,4644350.678415268,1.200000000,1166,12,4
TX,990.475940913,290083.944722830,4644385.261523666,1.200000000,332,12,4
TX,990.652993969,290317.753354034,4643499.028764033,1.200000000,1741,12,4
TX,990.656206926,291826.390034413,4642542.135676956,1.200000000,909,12,4
TX,990.668755410,287555.982688559,4640662.330744794,1.200000000,1472,12,4
TX,990.690360993,289269.014917800,4646156.329537791,1.200000000,1342,12,4
TX,991.279454992,290008.720478428,4641407.006336839,1.200000000,2314,7,4
TX,991.532296284,288788.653005735,4641770.516677992,1.200000000,238,9,4
TX,991.576946958,290498.082198206,4640637.207621856,1.200000000,1326,7,4
TX,991.801934662,290685.124674277,4642862.455310258,1.200000000,2277,12,4
TX,991.844704278,287504.828548477,4633326.296291108,1.200000000,1838,12,4
TX,991.868011388,273673.071611757,4630581.811042099,1.200000000,1549,12,4
TX,992.106424702,292296.396154804,4642330.153826195,1.200000000,2257,12,4
TX,992.268850434,288953.280088478,4641844.243915770,1.200000000,1087,9,4
TX,992.284628119,290478.255262874,4640631.765436508,1.200000000,43,7,4
TX,992.382611800,290974.261879753,4635992.636359942,1.200000000,990,12,4
TX,992.390396256,271456.032193107,4630375.983780179,1.200000000,2299,12,4
TX,992.702759432,291866.315939709,4642562.487863586,1.200000000,2488,12,4
TX,992.795819463,291724.265720934,4642165.026552677,1.200000000,2755,11,4
TX,992.836657816,289591.190890643,4643561.366888875,1.200000000,599,12,4
TX,992.923561057,291044.243598394,4642285.744049619,1.200000000,1655,11,4
TX,992.998714115,287622.507227080,4640035.987181187,1.200000000,30,12,4
TX,993.059205279,291991.058914037,4643705.141129283,1.200000000,1243,12,4
TX,993.371923501,291544.203009626,4641344.431503512,1.200000000,1455,11,4
TX,993.377175747,293088.124131080,4640805.908013127,1.200000000,8,12,4
TX,993.394162195,291924.408241746,4641682.193769418,1.200000000,1676,12,4
TX,993.629479829,289237.669979886,4642505.487211908,1.200000000,82,10,4
TX,993.746223083,290468.215941890,4645155.186260534,1.200000000,593,12,4
TX,993.760216417,288699.051861317,4641629.165237365,1.200000000,2739,9,4
TX,993.792963260,282269.423300709,4637623.119297467,1.200000000,1330,12,4
TX,993.794128702,290716.885242795,4642174.862930840,1.200000000,1497,9,4
TX,993.816738862,289850.764762929,4641838.726162218,1.200000000,2722,7,4
TX,993.897347148,291677.108741782,4642101.616950189,1.200000000,1850,12,4
TX,993.966903810,292327.753853088,4642052.474617912,1.200000000,2097,12,3
TX,993.987469015,291125.472265774,4643952.405173344,1.200000000,2251,12,4
TX,994.422849807,289249.862071563,4644795.119838633,1.200000000,2510,12,4
TX,994.505621773,286013.989103719,4639963.767403252,1.200000000,2585,12,4
TX,994.549961107,289864.706325116,4643023.208076670,1.200000000,1414,12,4
TX,994.553584554,271715.243768978,4630309.907602760,1.200000000,2848,12,4
TX,994.590367490,293873.772289615,4640800.372191991,1.200000000,1746,12,4
TX,994.658398397,288697.535542654,4643452.788399467,1.200000000,2515,12,3
TX,994.875023473,291842.679785808,4642545.239473267,1.200000000,908,12,4
TX,994.991764276,292108.398053515,4640631.622500162,1.200000000,2471,12,4
TX,994.996207934,291854.898871864,4642553.261738141,1.200000000,738,12,3
TX,995.150547663,294030.718761977,4640691.058362667,1.200000000,722,12,4
TX,995.381910134,290482.901279381,4642795.447870303,1.200000000,1323,12,4
TX,995.414107052,290768.308927019,4637982.538005286,1.200000000,1449,12,4
TX,995.656382775,291382.358192085,4638526.378075935,1.200000000,63,12,4
TX,995.742810187,290399.274083624,4642324.055352461,1.200000000,410,9,4
TX,995.775885139,292867.762273159,4641931.312782378,1.200000000,945,12,4
TX,995.848168463,287420.252278438,4641071.534041824,1.200000000,1420,12,4
TX,995.849926123,273304.782446713,4630048.159435623,1.200000000,1656,12,4
TX,996.124042072,291732.762510309,4642826.740579402,1.200000000,1396,12,4
TX,996.608445071,289306.064366334,4634315.733506396,1.200000000,2145,12,4
TX,996.609090997,273647.687886069,4630658.527861514,1.200000000,1276,12,4
TX,996.905196289,291849.440972136,4642548.043561886,1.200000000,1927,12,4
TX,997.031418445,272712.087953746,4629873.654627874,1.200000000,2155,12,4
TX,997.172448244,294198.250918003,4645065.991693780,1.200000000,2800,12,4
TX,997.226618950,295130.661330264,4642705.312627919,1.200000000,1731,9,4
TX,997.277443254,292614.417904596,4642584.927439346,1.200000000,532,12,4
TX,997.323236723,286702.291071703,4645116.310254352,1.200000000,1355,12,4
TX,997.379647669,291524.433035704,4642071.992703184,1.200000000,1408,12,3
TX,997.480418219,291117.274511205,4641475.413841458,1.200000000,2039,9,4
TX,997.517945233,290476.726800851,4640629.726228995,1.200000000,2412,7,4
TX,997.529434289,290705.677240801,4641302.808664998,1.200000000,2334,7,4
TX,997.593158664,289312.953202229,4639762.365961194,1.200000000,2660,9,4
TX,997.596628626,290805.425801301,4641300.572554346,1.200000000,461,7,4
TX,997.672815090,291041.642607198,4644019.651963040,1.200000000,1647,12,4
TX,997.766210134,290445.876785452,4645251.546538194,1.200000000,536,12,4
TX,997.787355679,290781.641784354,4642029.893628944,1.200000000,1483,9,4
TX,997.894789401,299564.789288015,4635132.094118917,1.200000000,1038,12,4
TX,997.903778837,291275.345312125,4642398.807968412,1.200000000,2501,12,4
TX,998.324241914,291244.102036449,4641250.339749194,1.200000000,2229,8,3
TX,998.343949239,291563.283069999,4641383.796307433,1.200000000,1810,11,4
TX,998.489160460,289666.478143692,4643510.087534341,1.200000000,1886,12,3
TX,998.799917974,273697.798796881,4630624.923898413,1.200000000,2447,12,4
TX,998.867590108,282984.937864008,4634515.217073502,1.200000000,1080,12,4
TX,998.927316071,273687.139836965,4630618.874560674,1.200000000,1008,12,4
TX,998.968358029,291135.384872937,4641364.691583960,1.200000000,2581,10,4
TX,999.133552605,271974.089839133,4630539.180978692,1.200000000,1073,12,4
TX,999.140475093,273657.037724862,4630650.841460102,1.200000000,346,12,4
TX,999.235477505,291729.760261662,4642155.061706523,1.200000000,236,12,4
TX,999.283267453,272575.918582383,4629941.475834798,1.200000000,1351,12,4
TX,999.309317530,290448.338372898,4644051.059355840,1.200000000,604,12,4
TX,999.348939933,295144.928461463,4642701.197452747,1.200000000,980,9,4
TX,999.374977071,291222.314267072,4641987.800612359,1.200000000,253,10,4
TX,999.983788521,289312.442575542,4634307.078997502,1.200000000,2669,12,4
TX,1000.117496856,291943.028488130,4643636.791859122,1.200000000,2215,12,4
TX,1000.185439622,286708.233454623,4645125.228911519,1.200000000,1356,12,4
TX,1000.233552098,290474.147859101,4640630.720628710,1.200000000,2184,7,4
TX,1000.247576523,271856.461339228,4630662.495461220,1.200000000,1450,12,4
TX,1000.279418919,290136.982079268,4640186.143165375,1.200000000,1643,7,4
TX,1000.646479450,294449.374079408,4644353.673690531,1.200000000,418,12,4
TX,1000.788251585,290373.960460373,4641818.842296620,1.200000000,2496,7,4
TX,1000.862207730,290047.301793031,4643305.741838202,1.200000000,1432,12,4
TX,1000.893146965,292732.343220143,4641853.995471338,1.200000000,204,12,4
TX,1000.898617939,290976.143462162,4642671.617304648,1.200000000,224,11,4
TX,1000.916257823,290703.628187941,4641287.817002639,1.200000000,1056,7,4
TX,1000.955817541,290136.258597985,4635344.460460151,1.200000000,732,12,4
TX,1000.995272695,293238.973243112,4640224.760184996,1.200000000,1461,12,4
TX,1001.010572189,291131.948567878,4641334.044692518,1.200000000,2203,10,4
TX,1001.103371837,291031.813269919,4642274.009351647,1.200000000,2098,10,4
TX,1001.155750277,291506.428827545,4642433.439994989,1.200000000,2789,12,4
TX,1001.168400679,290768.281174288,4642288.994000208,1.200000000,1573,10,4
TX,1001.175890013,291238.839776976,4641254.955490486,1.200000000,649,8,4
TX,1001.193137937,298200.829836183,4640995.076375954,1.200000000,200,12,4
TX,1001.554073867,273706.626186473,4630642.036478867,1.200000000,2149,12,4
TX,1001.964603223,292539.670601280,4641882.083120708,1.200000000,1674,12,4
TX,1002.079217929,271547.363621330,4630134.439091119,1.200000000,303,12,4
TX,1002.186912527,291062.087739932,4644018.452258829,1.200000000,1095,12,4
TX,1002.194395759,290678.634449481,4641319.532860088,1.200000000,756,7,4
TX,1002.202607303,291788.056039688,4642543.609052100,1.200000000,2106,12,4
TX,1002.249049645,289507.017204404,4644748.227168423,1.200000000,33,12,4
TX,1002.287403196,291830.022157382,4642548.428609665,1.200000000,487,12,4
TX,1002.303718077,289404.107875354,4633482.838159817,1.200000000,2347,12,4
TX,1002.354399917,291717.580790811,4642764.140612703,1.200000000,467,12,4
TX,1002.466533707,294489.990804758,4642658.749382462,1.200000000,2365,9,4
TX,1002.949625256,290466.289133688,4643858.558121890,1.200000000,1669,12,4
TX,1003.252317724,291156.813218623,4639430.705653870,1.200000000,2353,12,4
TX,1003.281075407,291661.791188422,4639999.339925612,1.200000000,19,12,4
TX,1003.313468944,291331.373227464,4642211.088936676,1.200000000,2259,12,4
TX,1003.453910491,283021.452690449,4635584.826124355,1.200000000,1920,12,4
TX,1003.581428575,291854.259984051,4642550.185080947,1.200000000,494,12,4
TX,1003.606356183,290296.008926189,4641957.026576634,1.200000000,261,8,4
TX,1003.658306836,288082.260307274,4637667.803273028,1.200000000,2655,12,4
TX,1003.816629246,293434.440413171,4644122.791078031,1.200000000,518,12,4
TX,1004.025632073,291028.687881834,4640440.732169923,1.200000000,2340,8,4
TX,1004.074504595,291469.350523794,4642317.798024310,1.200000000,2707,11,4
TX,1004.205333995,291130.275806355,4641374.340540273,1.200000000,1476,10,4
TX,1004.541738311,291691.484488874,4642117.049711409,1.200000000,2103,12,4
TX,1004.711361134,288662.829104337,4648711.950598926,1.200000000,740,12,4
TX,1004.749111297,289733.718715476,4641842.455729332,1.200000000,514,7,4
TX,1004.774133341,288007.889206336,4643124.031536854,1.200000000,285,12,4
TX,1004.852057200,291459.166956520,4642432.759745252,1.200000000,92,12,4
TX,1004.961857555,293535.799354423,4644009.375270684,1.200000000,2713,12,4
TX,1004.964473854,289226.750783644,4642064.940893198,1.200000000,315,8,4
TX,1005.010193235,291759.245415584,4646112.455351315,1.200000000,327,12,4
TX,1005.182775426,291040.201936066,4641179.869668447,1.200000000,2028,8,4
TX,1005.195166796,290044.144298519,4642329.417559918,1.200000000,951,11,4
TX,1005.303944707,294607.453083157,4644899.513272179,1.200000000,2642,12,4
TX,1005.312748276,289679.001603686,4638746.090059343,1.200000000,1320,12,4
TX,1005.349039460,290298.650233429,4641968.009376581,1.200000000,2783,8,4
TX,1005.395586241,291036.229975033,4644012.998480068,1.200000000,382,12,4
TX,1005.562049418,291250.106124276,4641238.838718561,1.200000000,591,8,4
TX,1005.566265527,288359.439864917,4637268.309697129,1.200000000,1216,12,4
TX,1005.590902621,291234.676295323,4641279.767221351,1.200000000,2730,8,4
TX,1005.668510088,292094.620554521,4643169.523911059,1.200000000,1003,12,4
TX,1005.725891742,288405.310479166,4641363.661915410,1.200000000,2201,8,4
TX,1005.975580620,290522.738786029,4642895.536996859,1.200000000,143,12,4
TX,1006.085195679,293835.640122059,4640620.671000954,1.200000000,2312,12,4
TX,1006.165692067,290693.057897664,4642286.138849444,1.200000000,1439,10,4
TX,1006.212185804,292684.129356524,4641793.278242633,1.200000000,897,12,4
TX,1006.227714013,289947.863101658,4641590.880470541,1.200000000,2162,7,4
TX,1006.366902828,290676.742125300,4641312.956430850,1.200000000,1084,7,4
TX,1006.529717921,292727.650082159,4642054.831363363,1.200000000,1634,12,4
TX,1006.533095784,290796.274803496,4641182.284489966,1.200000000,1185,7,4
TX,1006.731949207,291791.510034824,4642571.352097793,1.200000000,350,12,4
TX,1006.838795603,292448.843016467,4641371.063707925,1.200000000,225,12,4
TX,1006.852098984,291997.648893514,4643714.731973802,1.200000000,186,12,4
TX,1006.878800216,273699.889637752,4630636.456632559,1.200000000,1649,12,4
TX,1007.063066923,273699.107047329,4630633.064785950,1.200000000,2070,12,4
TX,1007.230202108,292220.628853253,4638020.830595269,1.200000000,1125,12,4
TX,1007.454657500,288906.395923313,4643695.840766452,1.200000000,267,12,4
TX,1007.613275827,271625.735130265,4630647.411067305,1.200000000,972,12,4
TX,1007.790469523,283160.604924774,4640483.101769008,1.200000000,919,12,4
TX,1007.813270463,291037.225221252,4642261.784106176,1.200000000,1709,10,4
TX,1007.824063318,290738.720034006,4641077.529715436,1.200000000,1144,7,4
TX,1007.833695511,292334.490590684,4642042.614303027,1.200000000,2300,12,4
TX,1007.955908831,296968.828087767,4633964.251723950,1.200000000,999,12,4
TX,1008.105758341,292006.686795505,4643719.036884637,1.200000000,2626,12,4
TX,1008.124130602,293292.012918205,4644282.496268877,1.200000000,1528,12,4
TX,1008.225808507,284726.093912759,4630158.311568857,1.200000000,684,12,4
TX,1008.260699980,291437.171572621,4642299.767134513,1.200000000,1820,12,4
TX,1008.315543694,295145.859284150,4642711.595179716,1.200000000,566,9,4
TX,1008.616286912,290446.848490216,4641767.071159803,1.200000000,2582,7,4
TX,1008.792280481,291989.297888658,4641739.551232123,1.200000000,522,12,4
TX,1008.850813104,275420.309785869,4631474.257914024,1.200000000,1551,12,4
TX,1008.909705133,291912.358360163,4642561.943363965,1.200000000,258,12,4
TX,1008.959545569,292354.554890084,4640593.678643113,1.200000000,1509,12,4
TX,1009.030473986,287915.241917590,4643982.095127240,1.200000000,1638,12,4
TX,1009.059180745,290995.257593588,4639052.518810334,1.200000000,1585,12,4
TX,1009.112987710,290100.395398754,4642439.531117515,1.200000000,1805,10,4
TX,1009.125140772,290370.765385215,4641811.240232653,1.200000000,846,7,4
TX,1009.169772799,291260.728519969,4642212.578376030,1.200000000,821,11,4
TX,1009.171434246,291048.958402377,4642268.394453289,1.200000000,1106,10,4
TX,1009.177183193,291043.749031398,4643305.950039368,1.200000000,2080,12,4
TX,1009.192649411,292272.112670066,4642076.468818271,1.200000000,2026,12,4
TX,1009.369185125,289728.725996311,4638803.865861558,1.200000000,1256,12,4
TX,1009.492863292,291840.681340677,4642574.887655078,1.200000000,715,12,4
TX,1009.560235667,291824.307551005,4642439.828325888,1.200000000,824,12,4
TX,1009.570708081,290212.308672535,4642825.722586438,1.200000000,2604,11,4
TX,1009.682803581,281235.493561168,4632709.741807091,1.200000000,2069,12,4
TX,1009.992521799,292686.254443642,4641804.198202317,1.200000000,1250,12,4
TX,1010.031732573,293101.209242491,4643024.169994642,1.200000000,2570,12,4
TX,1010.174658904,292110.349081825,4640391.338038304,1.200000000,1429,12,4
TX,1010.326247989,291178.219404536,4642192.633759318,1.200000000,774,11,4
TX,1010.456374974,290473.058633288,4640735.952072075,1.200000000,452,7,4
TX,1010.614872784,291225.223120055,4639550.492408809,1.200000000,819,11,4
TX,1010.752628126,291091.932545985,4643624.243039237,1.200000000,413,12,4
TX,1010.844937714,291582.692623780,4642343.980556642,1.200000000,196,12,4
TX,1011.048235946,289502.796393134,4645877.282879689,1.200000000,1357,12,4
TX,1011.222798334,291550.698611150,4642075.430660140,1.200000000,36,12,4
TX,1011.232954988,290438.903707011,4645300.831593864,1.200000000,371,12,4
TX,1011.366667503,289883.708550743,4642342.944433816,1.200000000,620,8,4
TX,1011.381336393,273675.062693782,4630697.957783559,1.200000000,1278,12,4
TX,1011.401944041,290849.967873901,4642269.778174814,1.200000000,1118,11,4
TX,1011.505624863,291476.797322702,4642018.210579667,1.200000000,1333,12,4
TX,1011.516512009,270249.759354185,4628503.609788972,1.200000000,1280,12,4
TX,1011.538315525,289356.326065512,4642128.524802799,1.200000000,688,10,4
TX,1011.581387132,293646.489547599,4643482.290113009,1.200000000,1337,12,4
TX,1011.648260404,271872.726769236,4630671.516049950,1.200000000,771,12,4
TX,1012.336350102,290361.348220548,4643408.975768791,1.200000000,2770,12,4
TX,1012.566409883,289985.237620127,4641593.382748890,1.200000000,690,7,4
TX,1012.614944016,271660.210800508,4630655.013051410,1.200000000,1900,12,4
TX,1012.772625138,291052.970374441,4644018.340983778,1.200000000,2687,12,4
TX,1012.846053628,290801.955544703,4630999.460548203,1.200000000,705,12,4
TX,1012.847512699,289575.109130417,4638788.969206700,1.200000000,799,11,4
TX,1012.874571127,288343.447044707,4641325.698282701,1.200000000,1284,10,4
TX,1012.910232656,291028.529772326,4641190.409661701,1.200000000,185,7,4
TX,1012.942042766,292314.689122774,4642048.561976602,1.200000000,1885,12,4
TX,1012.959694331,294359.146075393,4645812.883947161,1.200000000,1780,12,4
TX,1012.983814063,287330.735267530,4637877.490121059,1.200000000,1873,12,4
TX,1013.172350740,290781.338471068,4642282.142601284,1.200000000,2283,10,4
TX,1013.377422885,290669.581451816,4641327.274166487,1.200000000,739,7,4
TX,1013.599487761,289882.674449924,4639719.865120161,1.200000000,2101,7,4
TX,1013.613892020,291206.616870878,4641394.152746870,1.200000000,140,10,4
TX,1013.952870196,290910.849903532,4642158.651206465,1.200000000,1334,9,4
TX,1013.993001722,280686.033415913,4671346.424978615,1.200000000,1952,12,4
TX,1014.152438266,292102.237166854,4642240.390559607,1.200000000,2348,12,4
TX,1014.278896646,291984.154291926,4642298.769702805,1.200000000,696,12,4
TX,1014.319098155,292023.632330331,4640700.857292982,1.200000000,1411,12,4
TX,1014.322560636,291490.242474533,4642428.747073519,1.200000000,1491,12,4
TX,1014.360826506,273699.499052424,4630631.953636986,1.200000000,1042,12,4
TX,1014.633874777,295136.823155254,4642752.099773454,1.200000000,393,9,4
TX,1014.671215789,291970.120412581,4642598.801899360,1.200000000,2589,12,4
TX,1014.803000609,291969.508211821,4642595.602300470,1.200000000,2335,12,4
TX,1015.059750938,292807.782311561,4642167.882989338,1.200000000,2037,12,4
TX,1015.247872052,291822.656202297,4642417.311566725,1.200000000,1193,12,4
TX,1016.001957023,295518.051480858,4642436.785437539,1.200000000,2175,7,4
TX,1016.028214389,291199.461239832,4644904.181470404,1.200000000,2801,12,4
TX,1016.141524382,291049.218034582,4641712.052262683,1.200000000,2268,9,4
TX,1016.400745794,292823.557167726,4642786.571083695,1.200000000,1289,12,4
TX,1016.465747879,291136.139680368,4642472.927736413,1.200000000,2133,12,4
TX,1016.471030353,289835.593448871,4638515.902934139,1.200000000,1184,12,4
TX,1016.505739033,289871.958319845,4644416.547816581,1.200000000,1325,12,4
TX,1016.650091699,290141.983143492,4644976.374022066,1.200000000,1440,12,4
TX,1016.731880336,273676.702343316,4630625.587363320,1.200000000,209,12,4
TX,1016.948949960,290367.473893413,4641456.348518007,1.200000000,316,7,4
TX,1017.010824781,290742.824437455,4642901.662835744,1.200000000,1816,12,4
TX,1017.019067981,290823.063374496,4642284.759944383,1.200000000,1040,10,4
TX,1017.094824536,290957.779352305,4642036.311108205,1.200000000,76,8,4
TX,1017.156251096,291309.521181617,4641992.269027096,1.200000000,848,11,4
TX,1017.167549363,289682.606194817,4638762.287507277,1.200000000,213,11,4
TX,1017.211175922,290704.234970503,4641300.942712899,1.200000000,627,7,4
TX,1017.261789681,290688.201805599,4641311.037524092,1.200000000,520,7,4
TX,1017.734580792,292466.681873443,4641883.214648498,1.200000000,2461,12,4
TX,1017.805214588,290825.373475132,4642269.705155204,1.200000000,2272,10,4
TX,1017.826549254,292676.528234228,4641821.602877350,1.200000000,797,12,4
TX,1018.094811189,290415.451335702,4643851.823440738,1.200000000,2617,12,4
TX,1018.307286986,291998.234255160,4643718.806803291,1.200000000,1998,12,4
TX,1018.353300158,291870.005005834,4642568.272422066,1.200000000,103,12,4
TX,1018.500782964,292523.177114213,4642918.992277423,1.200000000,2553,12,4
TX,1018.556130160,289705.556429586,4639260.094453545,1.200000000,907,9,4
TX,1018.699118215,295127.084718579,4642693.915268932,1.200000000,325,9,4
TX,1018.756491200,291116.602189136,4641126.278609598,1.200000000,77,9,4
TX,1018.759899992,293285.727935130,4643364.021749235,1.200000000,28,12,4
TX,1018.825903688,290661.607056913,4641301.044738969,1.200000000,694,7,4
TX,1018.902631589,288879.667771597,4641387.536872838,1.200000000,516,7,4
TX,1018.973392057,290781.166912661,4642938.006701256,1.200000000,2421,11,4
TX,1018.980931837,294664.468112181,4648197.836955149,1.200000000,586,12,4
TX,1018.982096150,290478.874240739,4645037.275007556,1.200000000,187,12,4
TX,1019.011826332,292001.690030107,4641098.133778359,1.200000000,1098,12,4
TX,1019.056336902,289317.777076551,4634332.697972270,1.200000000,1347,12,4
TX,1019.106105293,291915.395806949,4630133.363058897,1.200000000,746,12,4
TX,1019.134581760,292066.945637086,4644191.765998784,1.200000000,847,12,4
TX,1019.294638674,290526.602699812,4641296.626059183,1.200000000,2363,7,4
TX,1019.334000146,289810.138930873,4642394.476944570,1.200000000,1415,10,4
TX,1019.518483407,293546.667096953,4639933.736948137,1.200000000,1380,12,4
TX,1019.605456576,290137.087408224,4635344.024214480,1.200000000,2528,12,4
TX,1019.736774512,290701.323198993,4641299.472942590,1.200000000,1054,7,4
TX,1019.841839204,290725.214907719,4641305.339570448,1.200000000,957,7,4
TX,1019.869672650,291003.947937541,4639051.341976641,1.200000000,1220,12,4
TX,1019.875294398,290174.995812729,4634767.736010225,1.200000000,1179,12,4
TX,1019.977685618,273715.408737964,4630645.959998021,1.200000000,759,12,4
TX,1020.153092750,290252.802024036,4638663.980869382,1.200000000,1960,12,4
TX,1020.160012771,294841.370124217,4640443.897502149,1.200000000,120,9,4
TX,1020.357963259,290504.840641702,4645908.067197409,1.200000000,161,12,4
TX,1020.602723650,291014.140350617,4641901.097603007,1.200000000,262,9,4
TX,1020.986798828,273681.627180454,4630676.268082727,1.200000000,1849,12,4
TX,1021.266902779,289606.208819775,4645583.963274609,1.200000000,2822,12,4
TX,1021.374251701,292114.267010931,4642938.773367277,1.200000000,1368,12,4
TX,1021.388822998,293005.275608621,4638722.163189458,1.200000000,2242,12,4
TX,1021.403496869,271620.037991770,4630597.569471840,1.200000000,1070,12,4
TX,1021.603162024,291357.492816881,4638071.325426459,1.200000000,2194,12,4
TX,1021.670446805,292065.566358123,4640544.364297493,1.200000000,2304,12,4
TX,1021.675286460,290381.098200937,4641811.145366217,1.200000000,525,7,4
TX,1021.758438366,286758.308310897,4641325.023174460,1.200000000,895,12,4
TX,1021.777884064,292782.557463848,4641277.043090465,1.200000000,976,12,4
TX,1021.799628099,273675.097656746,4630627.795225883,1.200000000,1202,12,4
TX,1021.809423483,292435.923336148,4641362.256509179,1.200000000,866,12,4
TX,1021.836426749,291202.763076652,4641296.982771890,1.200000000,1023,10,4
TX,1022.105636485,292876.863728928,4642205.095710664,1.200000000,495,12,4
TX,1022.273610844,286025.796305172,4640245.035032880,1.200000000,2747,12,4
TX,1022.335024792,290054.217364632,4630503.214043265,1.200000000,1006,12,4
TX,1022.442293653,292758.193599943,4641828.677068479,1.200000000,2045,12,4
TX,1022.783590732,273667.524824204,4630595.608202219,1.200000000,775,12,4
TX,1022.875459852,290055.995691869,4642399.774132712,1.200000000,2218,9,4
TX,1023.019398608,290186.782556664,4643842.184828483,1.200000000,2228,12,4
TX,1023.070482784,290834.407860608,4642284.304894345,1.200000000,492,10,4
TX,1023.149611167,273355.083865028,4626155.025254793,1.200000000,2533,12,4
TX,1023.189914447,291566.091685634,4639868.194764721,1.200000000,1604,12,4
TX,1023.197521642,290466.897903778,4642320.040754146,1.200000000,421,10,4
TX,1023.242453612,292816.351444177,4641987.165285628,1.200000000,158,12,4
TX,1023.726326076,290010.142001476,4641003.752260243,1.200000000,401,7,4
TX,1023.936165151,292533.920196295,4642917.050428849,1.200000000,1779,12,4
TX,1023.999673407,290966.575498941,4641196.684924171,1.200000000,353,8,4
TX,1024.015528437,291023.415787741,4641966.502734208,1.200000000,2372,10,4
TX,1024.063463116,291867.181169299,4642681.356062583,1.200000000,2520,12,4
TX,1024.091540548,276949.269783058,4632308.634625931,1.200000000,56,12,4
TX,1024.223471764,285580.506730632,4631621.914185000,1.200000000,1977,12,4
TX,1024.269935860,295715.670576210,4638159.164952192,1.200000000,2563,12,4
TX,1024.571273131,292716.422096257,4642685.520824511,1.200000000,1328,12,4
TX,1024.572537286,290217.951536269,4640432.069266823,1.200000000,2817,7,4
TX,1024.782917394,291246.150924606,4644643.941910877,1.200000000,116,12,4
TX,1024.943670255,292524.075698653,4642913.545055307,1.200000000,2647,12,4
TX,1024.954558571,292096.592669459,4644240.665637089,1.200000000,1424,12,4
TX,1025.064566454,291213.559764037,4641300.368619941,1.200000000,2466,10,4
TX,1025.192341122,285839.595488276,4634236.822983556,1.200000000,2346,12,4
TX,1025.373452998,291033.931308869,4640536.180767715,1.200000000,1626,7,4
TX,1025.418840972,290365.381898877,4643395.275347561,1.200000000,123,12,4
TX,1025.427490289,289193.534044437,4642517.750412399,1.200000000,1176,10,4
TX,1025.622454732,291030.623234653,4641932.981493003,1.200000000,2031,9,4
TX,1025.911004853,289622.326545223,4635512.287421739,1.200000000,1537,12,4
TX,1025.914728411,292647.413226944,4642037.676136345,1.200000000,2666,12,4
TX,1026.041485312,289655.990978530,4642426.451254478,1.200000000,1817,9,4
TX,1026.108567882,291647.685656799,4642292.075212288,1.200000000,1404,12,4
TX,1026.162143552,289109.171766070,4641923.294885566,1.200000000,1600,9,4
TX,1026.194880152,289257.118435666,4639041.575890638,1.200000000,2288,11,4
TX,1026.338887287,291004.762656917,4639044.669938139,1.200000000,438,12,4
TX,1026.891864648,290692.336509586,4641288.055624349,1.200000000,2152,7,4
TX,1026.941141426,290348.013239239,4643321.223121856,1.200000000,2753,12,4
TX,1026.944815432,291838.159564177,4642442.131685080,1.200000000,1423,12,4
TX,1026.986678475,290841.288615039,4642275.814135483,1.200000000,548,10,4
TX,1027.020274707,292673.125914060,4638711.113164048,1.200000000,2662,12,4
TX,1027.052388727,273731.088372924,4630652.608619813,1.200000000,1541,12,4
TX,1027.074271611,290862.164492251,4642298.135373600,1.200000000,1044,10,4
TX,1027.128164541,290176.530886752,4641489.124181355,1.200000000,2323,7,4
TX,1027.361876295,290058.739727275,4642392.138913101,1.200000000,108,9,4
TX,1027.372902882,289151.193386817,4647124.744437127,1.200000000,1644,12,4
TX,1027.402100643,291041.037373181,4644036.984710447,1.200000000,709,12,4
TX,1027.523822607,292562.774077809,4641446.455288806,1.200000000,2594,12,4
TX,1027.529117014,291237.952555156,4641244.233242301,1.200000000,505,8,4
TX,1027.545072297,273681.794825048,4630614.498512006,1.200000000,971,12,4
TX,1027.675785930,291025.772598319,4641790.342310023,1.200000000,471,8,4
TX,1027.820255118,291361.648399306,4642022.964665973,1.200000000,862,11,4
TX,1027.869292346,290080.844299479,4647498.879570887,1.200000000,769,12,4
TX,1027.888640339,272555.760259570,4629953.421748447,1.200000000,1916,12,4
TX,1027.902020886,291891.800824895,4642579.226129052,1.200000000,290,12,4
TX,1027.913708459,292263.292857216,4642352.347290752,1.200000000,1205,12,4
TX,1028.167394043,289998.026676662,4642736.944985938,1.200000000,2637,10,4
TX,1028.361171631,271912.913019379,4630606.158694814,1.200000000,1547,12,4
TX,1028.445539179,277845.751761901,4632422.334646371,1.200000000,2315,12,4
TX,1028.451518631,288387.958951791,4642502.873050251,1.200000000,2584,12,4
TX,1028.534063891,292438.773725158,4641856.860770148,1.200000000,1338,12,4
TX,1028.645730533,290680.384372183,4641298.508789106,1.200000000,1119,7,4
TX,1028.744596457,291986.033378098,4643724.048308522,1.200000000,458,12,4
TX,1028.857880625,286380.651304770,4640682.403051704,1.200000000,1496,12,4
TX,1028.980119043,289895.401012128,4642932.170736058,1.200000000,1896,12,4
TX,1029.099112324,295876.964530986,4642308.042207425,1.200000000,1031,7,4
TX,1029.176146195,285342.343942947,4640868.239273900,1.200000000,1068,12,4
TX,1029.251071651,290322.826980253,4637075.132385323,1.200000000,1417,12,4
TX,1029.345012053,290311.302203181,4641898.139640575,1.200000000,302,7,4
TX,1029.372126318,292255.177434910,4638674.568332078,1.200000000,904,12,4
TX,1029.443230127,289221.573262456,4643479.524911984,1.200000000,1807,12,4
TX,1029.682376305,290647.948083902,4642554.251923290,1.200000000,132,11,4
TX,1029.829910844,292308.459223074,4642055.612949595,1.200000000,583,12,4
TX,1029.830910026,290551.403813554,4641905.584352621,1.200000000,456,7,4
TX,1029.852888517,291507.681459332,4640996.145656514,1.200000000,2468,9,4
TX,1030.014611700,273669.096141185,4630634.055403847,1.200000000,1273,12,4
TX,1030.066419933,292723.053043489,4641973.455653860,1.200000000,1557,12,4
TX,1030.076995610,289089.062972677,4637260.627408951,1.200000000,1235,12,4
TX,1030.150015479,290978.184417723,4641179.210102364,1.200000000,1180,8,4
TX,1030.241503895,291949.366179969,4642600.562766949,1.200000000,1772,12,4
TX,1030.246671962,292730.149626752,4641854.529918134,1.200000000,674,12,4
TX,1030.374154418,290986.261044877,4639057.724782039,1.200000000,1454,12,4
TX,1030.468950461,292325.950236175,4642043.507272589,1.200000000,580,12,4
TX,1030.479228156,293074.164573402,4642401.742117404,1.200000000,1686,12,4
TX,1030.650621513,291728.593526730,4642142.176351731,1.200000000,2436,12,4
TX,1030.656490528,290564.663425673,4643885.642736898,1.200000000,1761,12,4
TX,1030.880966556,289931.848184192,4645840.306026959,1.200000000,394,12,4
TX,1030.906578186,290666.566126649,4641308.620888623,1.200000000,968,7,4
TX,1030.973335717,290773.275492416,4642320.242929735,1.200000000,1596,10,4
TX,1031.044512839,294021.666631334,4644556.752665080,1.200000000,1379,12,4
TX,1031.161485561,290373.799999149,4635099.371607919,1.200000000,892,12,4
TX,1031.206538745,290975.432754192,4641957.925235002,1.200000000,2776,8,4
TX,1031.224126323,293491.511315156,4645038.713303483,1.200000000,1229,12,4
TX,1031.285083575,289530.764524302,4641797.014005095,1.200000000,2107,7,4
TX,1031.294351093,287515.619349812,4633238.181048399,1.200000000,1979,12,4
TX,1031.342187863,289710.505798782,4639038.552185444,1.200000000,1177,12,4
TX,1031.598494421,288179.039187278,4642087.986844336,1.200000000,625,12,4
TX,1031.630322317,289950.976440427,4634408.549382155,1.200000000,1288,12,4
TX,1031.942118018,290493.363126615,4641375.063055248,1.200000000,2196,7,4
TX,1031.981904006,291795.680190827,4642816.522104258,1.200000000,792,12,4
TX,1032.347280652,292690.334911446,4641795.753544933,1.200000000,830,12,4
TX,1032.381727322,288470.021600348,4641451.456037950,1.200000000,2102,10,4
TX,1032.439889393,292020.513509348,4641752.521603992,1.200000000,973,12,4
TX,1032.528299977,291193.561521672,4641297.606813094,1.200000000,484,10,4
TX,1032.555157264,288428.871403597,4638567.935334357,1.200000000,1976,12,4
TX,1032.983327007,294972.058696652,4638362.199352739,1.200000000,1641,12,4
TX,1033.028240614,292538.990739358,4642887.877457824,1.200000000,2163,12,4
TX,1033.060442091,290311.535564538,4641895.514394538,1.200000000,726,7,4
TX,1033.108161855,294901.917963953,4646736.466723369,1.200000000,95,12,4
TX,1033.345526962,292252.765188385,4638042.080163203,1.200000000,235,12,4
TX,1033.453963107,291003.083328439,4641845.332237003,1.200000000,2025,8,4
TX,1033.615778446,289825.173660459,4641398.219400373,1.200000000,18,7,4
TX,1033.687659706,289610.128209686,4641942.258932229,1.200000000,2469,7,4
TX,1033.764987452,286736.012259152,4641374.982207849,1.200000000,284,12,4
TX,1033.776383198,295895.256739979,4646739.779256865,1.200000000,1995,12,4
TX,1033.778844239,292716.199189531,4641834.301822241,1.200000000,669,12,4
TX,1033.936275133,291767.971342806,4641548.807946444,1.200000000,486,12,4
TX,1034.018500442,299748.356974522,4630072.579813134,1.200000000,111,12,4
TX,1034.070903715,273698.476100765,4630625.884218842,1.200000000,2063,12,4
TX,1034.088821428,271641.065226208,4630639.841926371,1.200000000,2303,12,4
TX,1034.170866892,292707.705189910,4641828.207208087,1.200000000,1091,12,4
TX,1034.289368568,292363.791405315,4642156.136567165,1.200000000,1034,12,4
TX,1034.463711073,292327.775367544,4642042.075777546,1.200000000,2494,12,4
TX,1034.480767772,289682.635982419,4641827.040609985,1.200000000,72,7,4
TX,1034.711807934,290749.222907300,4642884.794898050,1.200000000,1982,12,4
TX,1034.793712300,291983.120999362,4642996.980854535,1.200000000,1947,12,4
TX,1034.798520436,291926.714595780,4642577.809043250,1.200000000,914,12,4
TX,1034.877668355,291984.404417960,4643704.770832977,1.200000000,463,12,4
TX,1035.047398530,292275.423159202,4641964.807444215,1.200000000,1308,12,4
TX,1035.244367472,291518.662777960,4641197.835656539,1.200000000,794,10,4
TX,1035.254770744,289028.969994549,4636779.768675406,1.200000000,330,12,4
TX,1035.449780668,290398.490197267,4641796.468562732,1.200000000,1393,7,4
TX,1035.463373146,306563.254146779,4637314.820690450,1.200000000,1233,12,4
TX,1035.481447058,286263.901323948,4634557.199790418,1.200000000,215,12,4
TX,1035.506378301,290476.070293023,4640625.150143487,1.200000000,1127,7,4
TX,1035.527089541,290058.537125834,4642380.913994309,1.200000000,2137,11,4
TX,1035.688476277,291732.636810680,4642155.537154507,1.200000000,2701,12,4
TX,1035.785397985,290496.865244542,4642149.906057629,1.200000000,1554,8,4
TX,1035.868074545,298107.846456750,4637844.495507997,1.200000000,247,12,4
TX,1035.873973262,292689.843069113,4638480.568552107,1.200000000,731,12,4
TX,1035.931778988,291023.486874711,4641966.704129580,1.200000000,2369,10,4
TX,1035.937322458,289951.000473999,4634405.703318276,1.200000000,311,12,4
TX,1035.997915479,290307.495773266,4644593.787343904,1.200000000,404,12,4
TX,1036.025825047,273676.865570401,4630623.439532806,1.200000000,2064,12,4
TX,1036.217044017,273667.530858446,4630633.302008699,1.200000000,753,12,4
TX,1036.343513375,287592.697066004,4636506.761713587,1.200000000,2709,12,4
TX,1036.406391135,292813.033888222,4641994.117553255,1.200000000,479,12,4
TX,1036.465263192,290991.495417432,4640932.971198461,1.200000000,431,8,4
TX,1036.576199111,273738.619351295,4630635.928178012,1.200000000,1808,12,4
TX,1036.607921093,289315.390367005,4639750.818234163,1.200000000,228,9,4
TX,1036.629528050,290429.461367176,4645519.114249752,1.200000000,2775,12,4
TX,1036.634935440,298232.788030568,4639250.818764918,1.200000000,441,12,4
TX,1036.743904679,291353.139891898,4637879.724221112,1.200000000,1033,12,4
TX,1036.773844534,273499.441324328,4630171.418880038,1.200000000,218,12,4
TX,1036.802004120,290782.739426222,4642269.700927496,1.200000000,269,10,4
TX,1036.858069550,273734.624110864,4630653.104215777,1.200000000,2150,12,4
TX,1036.887364002,291025.115111123,4640590.405307243,1.200000000,1134,7,4
TX,1036.929279974,291547.065225656,4641355.120860896,1.200000000,1053,11,4
TX,1037.227140146,291245.765122016,4642281.868128286,1.200000000,2352,11,4
TX,1037.310623081,292507.315504350,4642902.819216863,1.200000000,32,12,4
TX,1037.325841718,288481.332149622,4635144.669642970,1.200000000,868,12,4
TX,1037.394307182,273697.890800604,4630665.252873193,1.200000000,2112,12,4
TX,1037.427744264,293794.784609950,4642673.788562676,1.200000000,681,12,4
TX,1037.630351508,292828.787312370,4641939.917017103,1.200000000,2443,12,4
TX,1037.677749167,282114.519691819,4637665.005448489,1.200000000,1966,12,4
TX,1037.723284769,278214.089662943,4632453.054951071,1.200000000,557,12,4
TX,1037.801739685,291008.336713151,4641874.433499157,1.200000000,1116,9,4
TX,1038.068271291,303178.486483344,4631084.735066957,1.200000000,1001,12,4
TX,1038.108061224,299781.536214935,4630305.113131288,1.200000000,2179,12,4
TX,1038.345635650,292784.637644946,4642159.006624978,1.200000000,2267,12,4
TX,1038.366668811,273703.525792715,4630702.964229180,1.200000000,783,12,4
TX,1038.442313141,292415.550867501,4644029.385156507,1.200000000,389,12,4
TX,1038.465602209,291978.722398994,4643749.675730290,1.200000000,2777,12,4
TX,1038.598344966,289398.360968900,4641753.257725005,1.200000000,2060,8,4
TX,1038.664274058,292320.788222737,4642048.721890263,1.200000000,1373,12,4
TX,1038.768882165,291232.213134180,4642271.738081837,1.200000000,2118,11,4
TX,1038.813025955,292531.411917913,4642915.429792997,1.200000000,882,12,4
TX,1038.828609375,291989.872530884,4643703.497070070,1.200000000,1242,12,4
TX,1038.898259672,295613.879637165,4645553.560579696,1.200000000,1933,12,4
TX,1038.925439961,292835.714326220,4641941.449051218,1.200000000,2451,12,4
TX,1039.146030652,292318.682124299,4642048.249952120,1.200000000,1725,12,4
TX,1039.271847289,290112.604215643,4647472.858071149,1.200000000,1061,12,4
TX,1039.314547796,295140.834321731,4642695.741687671,1.200000000,334,9,4
TX,1039.513309945,273688.731350331,4630652.417361076,1.200000000,700,12,4
TX,1039.622876580,291041.376557679,4644034.381132242,1.200000000,719,12,4
TX,1039.688888245,290406.030294604,4641810.226339217,1.200000000,1255,7,4
TX,1039.715138665,273717.457566812,4630632.280833798,1.200000000,1079,12,4
TX,1039.773700237,294013.441537117,4642450.804360019,1.200000000,1610,9,4
TX,1039.781831410,289627.068835544,4643504.178606381,1.200000000,88,12,4
TX,1039.824478016,292753.300120255,4642049.036668153,1.200000000,2048,12,4
TX,1039.930344702,291025.179600857,4641944.306251080,1.200000000,1016,9,4
TX,1039.931605918,293421.326232087,4642886.587476110,1.200000000,2615,12,4
TX,1040.222820361,290980.773026551,4639063.072573529,1.200000000,2467,12,4
TX,1040.394484451,291047.999015128,4639199.855755417,1.200000000,2093,12,4
TX,1040.406835024,289519.712199481,4638040.437911707,1.200000000,1841,12,4
TX,1040.420442486,291801.359444313,4642860.290873275,1.200000000,310,12,4
TX,1040.441517628,291027.229951880,4641922.247712154,1.200000000,2377,9,4
TX,1040.586459382,291946.694294843,4642581.049921768,1.200000000,2763,12,4
TX,1040.590676424,290613.462092515,4641096.653407786,1.200000000,1071,7,4
TX,1040.657085866,288494.634532209,4646571.923027351,1.200000000,1217,12,4
TX,1040.845496033,273665.206613650,4630620.736101354,1.200000000,1002,12,4
TX,1041.054166034,289154.864576384,4641958.750651347,1.200000000,1446,10,4
TX,1041.086229042,283228.364783374,4632735.309606737,1.200000000,780,12,4
TX,1041.230846498,289072.760041057,4637203.644339305,1.200000000,1237,12,4
TX,1041.268812917,293805.341954026,4640192.185306000,1.200000000,1386,12,4
TX,1041.605158029,291705.036048068,4642201.460459130,1.200000000,1613,11,4
TX,1041.727862255,289539.674815589,4641825.375774998,1.200000000,621,7,4
TX,1041.738153372,291846.774875568,4642544.316808305,1.200000000,2349,12,4
TX,1041.827415596,283052.828990135,4668098.873182387,1.200000000,852,12,4
TX,1041.889662973,291027.937460520,4639055.817618883,1.200000000,1160,12,4
TX,1041.985840274,290131.396587307,4635349.589659209,1.200000000,1622,12,4
TX,1042.031017697,291698.238366813,4642111.147293794,1.200000000,240,12,4
TX,1042.201680938,289680.910316116,4638760.782951451,1.200000000,1456,11,4
TX,1042.289722980,292000.409968131,4640717.653185266,1.200000000,1402,11,4
TX,1042.668168520,284487.248217866,4640779.032923453,1.200000000,31,12,4
TX,1042.698035248,290738.566621591,4639554.468719998,1.200000000,939,11,4
TX,1042.747728836,291821.421032123,4642425.584405892,1.200000000,357,12,4
TX,1042.994742054,283021.634016007,4640710.365433048,1.200000000,718,12,4
TX,1043.081442293,273706.477005349,4630631.867039468,1.200000000,707,12,4
TX,1043.190685618,287295.855672395,4641802.415974517,1.200000000,2338,12,4
TX,1043.269432823,291562.075617492,4640966.199241150,1.200000000,1658,10,4
TX,1043.311563564,273710.980831281,4630622.242624442,1.200000000,256,12,4
TX,1043.320864326,291029.617175173,4642315.316966400,1.200000000,163,11,4
TX,1043.385373204,292194.747318371,4643428.692553505,1.200000000,1839,12,4
TX,1043.470859960,290649.758476153,4646621.551535888,1.200000000,339,12,4
TX,1043.521441253,293970.105662720,4649975.704105376,1.200000000,1536,12,4
TX,1043.628483081,292535.864559555,4642904.781883649,1.200000000,1583,12,4
TX,1043.808821416,284790.643128496,4633037.763884764,1.200000000,202,12,4
TX,1044.019587715,290501.117049517,4635516.623539536,1.200000000,891,12,4
TX,1044.026155523,291412.534204854,4641326.544125434,1.200000000,2472,10,4
TX,1044.104625937,291035.875767060,4640439.950837189,1.200000000,2276,8,4
TX,1044.157620797,290479.099092419,4640641.004654374,1.200000000,1035,7,4
TX,1044.192928934,273676.312297888,4630629.204049241,1.200000000,2331,12,4
TX,1044.221638960,291872.062457086,4642570.959732533,1.200000000,527,12,4
TX,1044.500927806,293680.405249600,4639632.223555709,1.200000000,2134,12,4
TX,1044.783136785,288609.516228430,4641660.582118026,1.200000000,1203,10,4
TX,1044.884381508,290999.191122991,4641879.447859801,1.200000000,1201,8,4
TX,1044.924305778,287960.094167716,4643461.814455329,1.200000000,133,12,4
TX,1044.941927841,288018.179903744,4643112.237362543,1.200000000,831,12,4
TX,1044.995921245,292870.384364439,4643531.609254129,1.200000000,2220,12,4
TX,1045.287199743,283781.559230741,4632951.730479958,1.200000000,1197,12,4
TX,1045.379841606,292734.749204013,4641838.799054849,1.200000000,1652,12,4
TX,1045.611581146,290661.426981714,4641200.337875729,1.200000000,706,7,4
TX,1045.754428168,293901.128612549,4643714.577715226,1.200000000,1494,12,4
TX,1045.771207177,291870.307045060,4642566.182133237,1.200000000,154,12,4
TX,1045.911036484,289325.811801239,4634317.961569934,1.200000000,65,12,4
TX,1045.937326053,273677.621715936,4630616.942882228,1.200000000,1195,12,4
TX,1045.950979585,291067.716244103,4644045.845315641,1.200000000,500,12,4
TX,1046.071195997,294158.044506689,4645620.183806543,1.200000000,2292,12,4
TX,1046.174093640,291772.219658702,4642633.953697050,1.200000000,1191,12,4
TX,1046.230655242,273686.944735387,4630685.794450243,1.200000000,294,12,4
TX,1046.283964269,290063.323184245,4641557.954012020,1.200000000,1225,7,4
TX,1046.375721985,293898.663577346,4639203.886087894,1.200000000,969,12,4
TX,1046.416308162,291734.392330774,4642139.874755467,1.200000000,2700,12,4
TX,1046.507928830,292188.531029473,4641905.481930684,1.200000000,1045,12,4
TX,1046.647954003,291088.003002277,4641950.348808050,1.200000000,1714,10,4
TX,1046.964189342,273623.405021276,4630268.210192964,1.200000000,1089,12,4
TX,1046.996042310,294666.496021348,4639827.661001584,1.200000000,2336,11,4
TX,1047.005040477,291038.245435400,4641919.077512607,1.200000000,126,9,4
TX,1047.049040841,298671.215258899,4631341.159065393,1.200000000,280,12,4
TX,1047.055891343,291421.523926567,4642049.984295072,1.200000000,128,11,4
TX,1047.091890903,291847.007704032,4641619.653400631,1.200000000,2718,12,4
TX,1047.131531147,290126.183769505,4640428.113006535,1.200000000,2835,7,4
TX,1047.512629156,291517.053063206,4642447.489477778,1.200000000,1381,12,4
TX,1047.545381207,290734.479545594,4642885.656924888,1.200000000,115,12,4
TX,1047.811501608,273688.710531715,4630633.639444208,1.200000000,2235,12,4
TX,1047.856352280,291039.218070833,4640438.060969680,1.200000000,926,9,4
TX,1047.859206726,290226.186964861,4644211.666907606,1.200000000,1701,12,4
TX,1047.860796502,290151.329307473,4636750.390970796,1.200000000,1842,12,4
TX,1047.960856378,291030.830730446,4641956.072925211,1.200000000,2018,10,4
TX,1047.962991523,290280.605509220,4640888.496339611,1.200000000,539,7,4
TX,1048.288253800,290396.268502056,4641810.820689240,1.200000000,446,7,4
TX,1048.426805680,291537.105343521,4641098.120159113,1.200000000,2639,11,4
TX,1048.431899109,298109.768994685,4643693.811135723,1.200000000,2672,12,4
TX,1048.468714718,290609.142484770,4641302.897431191,1.200000000,305,7,4
TX,1048.558440322,273681.088011138,4630633.114235306,1.200000000,679,12,4
TX,1048.720795486,291476.796712921,4642264.107777405,1.200000000,2457,11,4
TX,1048.750187394,291969.189323938,4642610.857944562,1.200000000,364,12,4
TX,1049.116466192,302791.983443244,4640441.355990200,1.200000000,1487,12,4
TX,1049.126915185,292597.471221909,4641782.658487920,1.200000000,2263,12,4
TX,1049.136658840,291177.068399056,4641388.265363553,1.200000000,1418,10,4
TX,1049.144409643,292540.558034572,4642608.384505816,1.200000000,1564,12,4
TX,1049.174960320,289622.911470501,4642616.215472577,1.200000000,2128,11,4
TX,1049.191501311,295149.361498840,4646463.468762956,1.200000000,2438,12,4
TX,1049.288399791,290336.801165950,4643397.898460517,1.200000000,553,12,4
TX,1049.289676598,271916.894704255,4630615.722243926,1.200000000,2320,12,4
TX,1049.417262978,291226.654453790,4642267.771924854,1.200000000,1993,11,4
TX,1049.438878295,292083.879240033,4641779.681186114,1.200000000,2813,12,4
TX,1049.517769920,290678.136314024,4641308.851283619,1.200000000,2429,7,4
TX,1049.602775951,290987.777591448,4642618.447961230,1.200000000,2100,11,4
TX,1049.625325607,291029.270960485,4641779.665023530,1.200000000,1453,8,4
TX,1049.752774502,290026.480719292,4644903.102473683,1.200000000,954,12,4
TX,1050.037298615,281912.449531706,4632779.051415575,1.200000000,818,12,4
TX,1050.126250690,291072.443618781,4644041.839315365,1.200000000,1639,12,4
TX,1050.221476829,292291.388691833,4642311.292273177,1.200000000,902,12,4
TX,1050.249327500,293109.611898646,4640734.807562917,1.200000000,2756,12,4
TX,1050.462706117,273681.748484879,4630639.575487589,1.200000000,1782,12,4
TX,1050.513727599,291310.984174989,4644978.346276212,1.200000000,1266,12,4
TX,1050.557874510,292263.964294467,4643882.791275190,1.200000000,1426,12,4
TX,1050.785455974,287399.790371425,4641456.496031428,1.200000000,1198,12,4
TX,1051.046715774,290736.434236991,4642905.778544066,1.200000000,136,12,4
TX,1051.098987959,290430.236129408,4643889.290749573,1.200000000,2757,12,4
TX,1051.227809016,290676.273764731,4641306.434768201,1.200000000,2651,7,4
TX,1051.345354733,293823.929863448,4642425.408351672,1.200000000,1744,10,4
TX,1051.725213297,289791.348296893,4643021.246797796,1.200000000,1619,12,4
TX,1051.770166041,291659.176229016,4639649.546433159,1.200000000,1739,12,4
TX,1051.963496994,271645.888980883,4630662.156783273,1.200000000,2366,12,4
TX,1052.021205959,289601.399860841,4645165.745386242,1.200000000,1094,12,4
TX,1052.466136380,294659.003435507,4644594.465400677,1.200000000,2408,12,4
TX,1052.525756544,286786.170504989,4641294.830308062,1.200000000,244,12,4
TX,1052.587381297,291671.051793977,4642219.933411259,1.200000000,2370,11,4
TX,1052.648420906,289073.852650819,4637239.969301629,1.200000000,1236,12,4
TX,1052.705811269,290605.192287180,4641351.660198850,1.200000000,702,7,4
TX,1052.862312473,295198.859399695,4640689.094098142,1.200000000,337,7,4
TX,1052.969383152,273709.066531245,4630649.282588387,1.200000000,1794,12,4
TX,1053.193488239,291428.842269834,4645023.697153959,1.200000000,1435,12,4
TX,1053.261847574,289317.814620571,4634331.544931697,1.200000000,220,12,4
TX,1053.302043457,290120.716930554,4641420.281777314,1.200000000,594,7,4
TX,1053.466638632,292777.835167566,4641973.141096436,1.200000000,2803,12,4
TX,1053.579242832,291240.941900354,4641235.793128554,1.200000000,2430,8,4
TX,1053.612090724,288954.441940520,4641836.621324674,1.200000000,531,9,4
TX,1053.706621098,293529.139703872,4650089.092005015,1.200000000,2599,12,4
TX,1053.769945896,291502.577345847,4641333.546139410,1.200000000,1104,10,4
TX,1053.776429172,291029.620371573,4640548.746853022,1.200000000,1516,7,4
TX,1053.981398602,292289.544759819,4641998.669921380,1.200000000,1140,12,4
TX,1054.118586154,292233.340035933,4642110.229722894,1.200000000,1693,12,4
TX,1054.164553947,291141.997598357,4640764.583527789,1.200000000,641,8,4
TX,1054.478671869,290860.419762609,4642290.421362377,1.200000000,2836,10,4
TX,1054.551746586,291779.109927292,4642814.144941134,1.200000000,2782,12,4
TX,1054.774462501,290742.252214439,4642870.700859690,1.200000000,117,12,4
TX,1054.812312440,291820.348898523,4642565.666121137,1.200000000,2795,12,4
TX,1054.851846099,295433.525755896,4643854.319447429,1.200000000,1451,12,4
TX,1054.967828309,292687.399626442,4643698.009171536,1.200000000,2464,12,4
TX,1055.025302304,289406.063830907,4645928.952385447,1.200000000,1159,12,4
TX,1055.267225172,290663.302263654,4642285.131461997,1.200000000,1999,9,4
TX,1055.337802985,292352.228639911,4642015.052760680,1.200000000,1157,12,4
TX,1055.403207330,290687.335157898,4641308.675361974,1.200000000,1994,7,4
TX,1055.441324886,291840.351888340,4642553.776746483,1.200000000,2721,12,4
TX,1055.521643287,273722.077412144,4630633.669553575,1.200000000,2780,12,4
TX,1055.667339650,295574.078760288,4642542.518498130,1.200000000,648,7,5
TX,1055.822625811,292345.976720649,4650783.860044340,1.200000000,1828,12,4
TX,1055.826582829,273721.195994595,4630632.951482450,1.200000000,1062,12,4
TX,1055.923994384,292782.873525378,4642247.550968077,1.200000000,2129,12,4
TX,1055.925888035,290440.469702731,4641820.869365647,1.200000000,1997,7,4
TX,1055.932895575,291340.739288989,4639927.940703423,1.200000000,2649,10,4
TX,1056.379872024,292533.808642775,4642913.090092596,1.200000000,579,12,4
TX,1056.413654320,292625.748260555,4639672.515832950,1.200000000,1207,12,4
TX,1056.580625010,291990.978946684,4643725.238313685,1.200000000,475,12,4
TX,1056.762829950,289184.088857426,4642517.585555905,1.200000000,1732,10,4
TX,1056.876221018,290364.303679946,4641810.163820189,1.200000000,6,7,4
TX,1057.076928161,290363.000957229,4643396.594555249,1.200000000,2248,12,4
TX,1057.197067815,290309.869605964,4641431.091945732,1.200000000,1377,7,4
TX,1057.300974208,290843.897203875,4640765.957092532,1.200000000,1412,7,4
TX,1057.337648775,273753.579741136,4630638.528803203,1.200000000,1898,12,4
TX,1057.471423017,291296.931248949,4642400.493164750,1.200000000,2503,12,4
TX,1057.507690013,290198.423378616,4641982.839285389,1.200000000,981,8,4
TX,1057.574298780,289713.352652566,4643562.353081023,1.200000000,1015,12,4
TX,1057.655141717,291830.479259692,4642540.889554458,1.200000000,2765,12,4
TX,1057.672322105,288444.163014599,4638555.843679620,1.200000000,400,12,4
TX,1057.808785575,287904.143717120,4644001.357916937,1.200000000,2844,12,4
TX,1057.952038669,284017.172221444,4640219.956745448,1.200000000,1687,12,4
TX,1058.079316847,286703.265070880,4645130.575194227,1.200000000,2096,12,4
TX,1058.139870043,291039.655893542,4641973.066603074,1.200000000,360,10,4
TX,1058.197357395,290023.876072308,4639922.901901883,1.200000000,1303,7,4
TX,1058.206236033,289783.239029804,4642396.260235641,1.200000000,1981,9,4
TX,1058.308333874,290123.817137606,4640433.489115898,1.200000000,943,7,4
TX,1058.441709876,273696.382618384,4630688.619296361,1.200000000,1616,12,4
TX,1058.529404846,290273.083254197,4635935.893295730,1.200000000,760,12,4
TX,1058.640820995,290131.087951601,4640809.668198149,1.200000000,1212,7,4
TX,1058.669480525,290210.904380088,4634911.550935480,1.200000000,2297,12,4
TX,1058.746727743,290765.517155698,4643873.308572478,1.200000000,1796,12,4
TX,1058.831508424,293169.929106643,4643161.450121503,1.200000000,109,12,4
TX,1059.150480611,289688.410458105,4641888.354555552,1.200000000,2040,7,4
TX,1059.356551046,291786.157272043,4642829.684366697,1.200000000,1384,12,4
TX,1059.503058729,292702.253129784,4641807.695259480,1.200000000,83,12,4
TX,1059.877390048,289675.998398368,4645640.907901867,1.200000000,2117,12,4
TX,1059.905412632,291023.889228359,4639129.602947502,1.200000000,2812,12,4
TX,1059.923059612,290788.740098846,4638039.084633242,1.200000000,1316,12,4
TX,1060.023009828,293844.055678369,4640621.377979678,1.200000000,13,12,4
TX,1060.076965323,294419.466249726,4604532.491513085,1.200000000,1187,12,4
TX,1060.192859202,291078.572244394,4641961.066865361,1.200000000,78,10,4
TX,1060.248313795,291847.393920677,4641612.461799051,1.200000000,1568,11,4
TX,1060.426148899,290095.921402238,4640901.531833380,1.200000000,535,7,4
TX,1060.481496070,291741.099119493,4640345.653677739,1.200000000,1285,11,4
TX,1060.498990419,294930.674690009,4644977.763423143,1.200000000,2804,12,4
TX,1060.879729155,291995.650597320,4643711.208687253,1.200000000,1428,12,4
TX,1061.171273479,289952.053910868,4634416.578183436,1.200000000,2453,12,4
TX,1061.248001268,292542.867135375,4642914.153155232,1.200000000,2014,12,4
TX,1061.308042983,289257.728664457,4638487.409428323,1.200000000,2271,12,4
TX,1061.408152818,293490.095126375,4639958.654498708,1.200000000,1654,12,4
TX,1061.439483365,292700.456152836,4641828.646305520,1.200000000,1575,12,4
TX,1061.445656774,291986.357772496,4643709.005327064,1.200000000,2807,12,4
TX,1061.465046710,289360.949979285,4644466.050146095,1.200000000,2223,12,4
TX,1061.535386547,273646.186983393,4630655.488910151,1.200000000,352,12,4
TX,1061.545755573,288077.165309589,4645599.056750538,1.200000000,1648,12,4
TX,1061.604146906,280719.205854292,4623568.741772180,1.200000000,577,12,4
TX,1061.649960857,294182.716565576,4641271.084858967,1.200000000,1154,11,4
TX,1061.843188009,292671.006549211,4643734.458493826,1.200000000,2034,12,4
TX,1061.895332750,292484.877520165,4641938.385969648,1.200000000,671,12,4
TX,1062.020854480,273702.638913910,4630623.305390953,1.200000000,2654,12,4
TX,1062.428583951,291681.472314271,4642108.358220613,1.200000000,1774,12,4
TX,1062.454626881,294741.081856060,4641401.731810977,1.200000000,2192,7,4
TX,1062.456602800,292527.096754165,4642908.871433860,1.200000000,1224,12,4
TX,1062.527024399,288826.023543487,4638990.854360720,1.200000000,105,12,4
TX,1062.628493240,293111.876166633,4642340.095528647,1.200000000,1791,12,4
TX,1062.932578417,293247.386160087,4644035.760984588,1.200000000,614,12,4
TX,1063.005328515,291683.359489053,4642115.337909197,1.200000000,2742,12,4
TX,1063.008361865,291042.365200454,4640564.889860590,1.200000000,2380,7,4
TX,1063.011559016,291068.677089461,4642069.660131522,1.200000000,164,9,4
TX,1063.135648575,290357.750404062,4639669.672744026,1.200000000,1855,9,4
TX,1063.172333323,286847.481934051,4634320.687334702,1.200000000,2526,12,4
TX,1063.258264285,292109.678863124,4643205.505876906,1.200000000,2114,12,4
TX,1063.261489636,291091.188968101,4641079.804064075,1.200000000,416,9,4
TX,1063.306560736,290181.417134404,4640145.838664383,1.200000000,615,7,4
TX,1063.372296681,291747.918251807,4641677.655286599,1.200000000,2388,11,4
TX,1063.396994753,291209.702892093,4637934.075066217,1.200000000,1603,12,4
TX,1063.497893272,288587.045005505,4635152.068176976,1.200000000,2661,12,4
TX,1063.566805238,289330.667179742,4634316.836969513,1.200000000,2294,12,4
TX,1063.683157811,283430.389351516,4640342.399314288,1.200000000,2062,12,4
TX,1063.724951469,291096.423112154,4641965.097323857,1.200000000,2546,10,4
TX,1063.754144426,290697.439516001,4642155.926575183,1.200000000,958,9,4
TX,1064.033060205,293714.548340586,4645353.586306954,1.200000000,1322,12,4
TX,1064.069638031,291130.620956446,4641398.891185130,1.200000000,2371,8,4
TX,1064.109073090,291263.889720357,4641202.315294896,1.200000000,2077,8,4
TX,1064.117508999,271628.791009522,4630656.123439179,1.200000000,1267,12,4
TX,1064.210379582,289294.452225960,4644479.575044310,1.200000000,1523,12,4
TX,1064.309339409,286318.712671046,4644391.280189415,1.200000000,1170,12,4
TX,1064.533070630,290810.247730638,4642280.261458701,1.200000000,254,10,4
TX,1064.551883924,292327.396817298,4642077.155845520,1.200000000,1037,12,4
TX,1064.709698771,291046.104675972,4644020.681262015,1.200000000,2193,12,4
TX,1064.873102905,289413.595108444,4645896.472478769,1.200000000,1785,12,4
TX,1065.083082196,291671.674343374,4642226.151090894,1.200000000,192,11,4
TX,1065.129568426,290982.232742937,4643711.281779973,1.200000000,478,12,4
TX,1065.189345788,290676.396817591,4641292.988891480,1.200000000,2328,7,4
TX,1065.303734657,291199.465352379,4641959.598603142,1.200000000,459,10,4
TX,1065.423494074,292802.529743652,4641972.474398971,1.200000000,1279,12,4
TX,1065.529836771,290343.383304257,4641359.115196874,1.200000000,2540,7,4
TX,1065.575937936,293888.060744668,4637024.972437997,1.200000000,1425,12,4
TX,1065.677764045,294461.191604076,4644328.386648101,1.200000000,1748,12,4
TX,1065.781476629,290693.668392874,4641289.869965173,1.200000000,2422,7,4
TX,1065.952723985,292248.569821671,4637150.128584072,1.200000000,2483,12,4
TX,1065.970394951,291662.077081804,4642101.995236284,1.200000000,2035,10,4
TX,1066.188296954,289341.461337973,4640488.947347221,1.200000000,1576,7,4
TX,1066.371461614,286341.138842874,4634558.599369971,1.200000000,1503,12,4
TX,1066.392454474,290368.493478913,4641412.313969744,1.200000000,243,7,4
TX,1066.637685509,291698.169547108,4642124.548675438,1.200000000,1490,12,4
TX,1066.670358507,292817.533967246,4641116.877589133,1.200000000,1715,12,4
TX,1066.778539588,292706.507193848,4641793.766261247,1.200000000,361,12,4
TX,1066.817156199,291139.814333756,4642227.802179309,1.200000000,1065,11,4
TX,1066.859055718,291569.643768236,4642079.866614510,1.200000000,1457,10,5
TX,1067.043552801,273661.369245134,4630680.059746182,1.200000000,326,12,4
TX,1067.051874972,273696.526970283,4630640.819940601,1.200000000,179,12,5
TX,1067.259490636,292966.134061959,4640283.451713689,1.200000000,2068,12,4
TX,1067.411024621,291123.050877841,4641168.158526024,1.200000000,2011,9,4
TX,1067.462077577,289101.263167844,4640335.930330676,1.200000000,1682,7,4
TX,1067.531793895,291450.142463056,4642027.241139222,1.200000000,561,12,4
TX,1067.708612459,290581.275705025,4639672.162863319,1.200000000,2603,9,4
TX,1068.010675865,287339.306778402,4635385.235373341,1.200000000,25,12,5
TX,1068.074257231,291560.843484380,4643882.603147293,1.200000000,1991,12,4
TX,1068.074722161,290626.584673491,4643047.629912572,1.200000000,1247,12,4
TX,1068.079416203,292497.804633263,4642280.455047281,1.200000000,515,12,4
TX,1068.244227385,294407.866694404,4642699.289135477,1.200000000,1135,10,4
TX,1068.323241640,290505.073493769,4640467.238671625,1.200000000,153,7,4
TX,1068.603594866,290686.893482942,4641314.592804302,1.200000000,1797,7,4
TX,1068.649996371,288186.609536414,4643899.137801794,1.200000000,686,12,4
TX,1068.923140592,291688.253251786,4642121.205807443,1.200000000,1230,12,4
TX,1068.968655977,291060.682453942,4640998.350284889,1.200000000,1577,7,4
TX,1069.050221513,291871.510866825,4644198.190596285,1.200000000,2556,12,4
TX,1069.076397513,289699.957553835,4635496.314383755,1.200000000,2560,12,4
TX,1069.205266808,290623.383213831,4639820.466390569,1.200000000,412,9,4
TX,1069.411350389,290927.582597240,4641649.264875874,1.200000000,291,9,5
TX,1069.426541818,292644.390276589,4641764.701355238,1.200000000,551,12,4
TX,1069.567935563,289313.538155140,4634323.899058172,1.200000000,1814,12,4
TX,1069.768130926,291173.972451008,4641401.801561276,1.200000000,1427,9,4
TX,1069.794851920,289930.409692243,4645971.693522923,1.200000000,786,12,4
TX,1070.348204927,291172.205208326,4644518.688607416,1.200000000,2376,12,4
TX,1070.387594007,289895.092506747,4639744.175598654,1.200000000,1178,7,4
TX,1070.412826068,293710.939592966,4645345.539403435,1.200000000,1534,12,4
TX,1070.433687712,290680.955320404,4641294.788500688,1.200000000,169,7,4
TX,1070.691889139,292013.312218645,4643034.996323273,1.200000000,1783,12,4
TX,1070.822224030,273741.570014049,4630651.082672107,1.200000000,754,12,5
TX,1070.854405046,290995.586668558,4639044.440242316,1.200000000,70,12,4
TX,1070.940907065,290665.460654726,4641616.024787420,1.200000000,1579,7,4
TX,1071.077966676,292112.184712953,4642679.761164846,1.200000000,2600,12,4
TX,1071.199895701,290031.505425371,4641541.603520581,1.200000000,622,7,4
TX,1071.371851786,290746.132477628,4642891.151957064,1.200000000,329,12,4
TX,1071.399142225,293042.268431810,4642614.087936145,1.200000000,1222,12,4
TX,1071.443022904,288879.891075564,4640060.552418054,1.200000000,450,8,4
TX,1071.458325762,294832.813089116,4642585.938486923,1.200000000,1130,9,4
TX,1071.686286267,292529.449918102,4641626.609765836,1.200000000,1754,12,4
TX,1071.691261525,273701.714099880,4630623.148815438,1.200000000,175,12,4
TX,1072.002116676,273714.380841525,4630642.722894572,1.200000000,752,12,4
TX,1072.372921174,289572.495155827,4639460.483646189,1.200000000,509,11,4
TX,1072.937188573,290446.341025642,4642315.354496615,1.200000000,2686,9,4
TX,1073.385215560,295515.275962184,4645507.830381093,1.200000000,59,12,4
TX,1073.682500971,294239.129854104,4645078.872558165,1.200000000,2657,12,4
TX,1073.775540942,290988.008032502,4639050.577663418,1.200000000,414,12,4
TX,1073.984899372,294062.406916645,4641079.721284842,1.200000000,606,11,4
TX,1074.002192597,290104.476029509,4644049.448318995,1.200000000,1391,12,4
TX,1074.074645581,290599.628814462,4641354.684686927,1.200000000,960,7,4
TX,1074.109190325,289821.560018847,4638542.450760791,1.200000000,1570,12,4
TX,1074.129293815,271625.380528238,4630640.564683842,1.200000000,1018,12,4
TX,1074.260962339,290420.882852893,4640522.242760199,1.200000000,2842,7,5
TX,1074.403693327,292735.015494516,4641909.948589882,1.200000000,670,12,4
TX,1074.448403150,293243.355047646,4640214.189275200,1.200000000,2139,12,4
TX,1074.453254148,290706.046179852,4641290.257674245,1.200000000,755,7,5
TX,1074.533378896,273673.037041474,4630628.673482699,1.200000000,1544,12,4
TX,1075.069790654,288591.907105382,4643055.038547127,1.200000000,2535,12,4
TX,1075.208571066,290681.366362789,4641302.493749518,1.200000000,252,7,4
TX,1075.244120262,287350.385970451,4641131.887079584,1.200000000,966,12,4
TX,1075.260229398,291294.891455053,4641997.975581481,1.200000000,1833,11,4
TX,1075.295957686,291060.758005466,4644056.249629169,1.200000000,1358,12,4
TX,1075.479975964,272918.178289652,4629839.994661414,1.200000000,1899,12,4
TX,1075.539226241,273680.824404794,4631141.726156840,1.200000000,923,12,4
TX,1075.625049127,291976.661519268,4643721.316698688,1.200000000,1608,12,4
TX,1075.661659715,290005.042513385,4644128.295843173,1.200000000,2130,12,4
TX,1075.720864042,273689.843672325,4630643.018550086,1.200000000,100,12,4
TX,1075.941896096,273662.567566005,4630689.695423127,1.200000000,2281,12,4
TX,1076.004883073,273693.081743569,4630709.620597767,1.200000000,335,12,4
TX,1076.041518502,290338.609879476,4643739.688010985,1.200000000,1046,12,4
TX,1076.143761193,290966.360940889,4642012.709360620,1.200000000,2555,8,4
TX,1076.341475491,290485.189122594,4640627.216942323,1.200000000,2495,7,4
TX,1076.352824108,290335.800658932,4641870.036617734,1.200000000,2470,7,4
TX,1076.560777216,273700.843601983,4630636.084475086,1.200000000,2571,12,4
TX,1076.589844020,284835.116730510,4640791.185788178,1.200000000,682,12,4
TX,1076.618003453,288561.062708063,4638350.796172634,1.200000000,4,12,4
TX,1076.754563407,290502.328340400,4639797.448713591,1.200000000,2829,8,4
TX,1076.821821835,293965.240436328,4641591.111832961,1.200000000,2459,12,4
TX,1076.871191306,290321.835418127,4640414.088544837,1.200000000,1111,7,4
TX,1076.970927557,292848.088708918,4641933.829015674,1.200000000,1293,12,4
TX,1077.036757385,291251.943466341,4642290.705783992,1.200000000,39,11,4
TX,1077.062412464,290078.967069604,4633482.483231270,1.200000000,1051,12,4
TX,1077.180311059,288866.398571482,4638955.800025812,1.200000000,1370,12,4
TX,1077.423153936,293164.052323525,4640558.861127635,1.200000000,1251,12,4
TX,1077.666159514,293775.640344028,4643371.867544999,1.200000000,1801,12,4
TX,1077.779688168,289678.444799431,4638755.715214558,1.200000000,1470,11,4
TX,1077.814739423,295156.219743165,4642707.615661665,1.200000000,1123,9,4
TX,1077.817004062,291718.054993347,4642170.610201877,1.200000000,2724,11,4
TX,1077.868846558,289158.325981804,4641960.188472733,1.200000000,473,10,4
TX,1077.907297375,289319.726991744,4639761.576968395,1.200000000,503,9,4
TX,1078.009218710,291120.940971490,4641148.902606760,1.200000000,2623,9,4
TX,1078.188126235,289349.123872723,4638357.911580267,1.200000000,482,12,4
TX,1078.291504630,291515.048036284,4642066.913412990,1.200000000,2729,12,4
TX,1078.326388380,289664.115783374,4643598.271898760,1.200000000,405,12,4
TX,1078.496332143,290214.035838409,4642836.065889317,1.200000000,2195,11,4
TX,1078.660317761,291425.079230132,4642034.261168674,1.200000000,839,11,4
TX,1078.769564148,287421.085203293,4641209.110816695,1.200000000,1921,12,4
TX,1078.910022388,291046.748427889,4644017.687910761,1.200000000,2621,12,4
TX,1078.983583044,299749.698140301,4630071.780123210,1.200000000,993,12,4
TX,1079.683205297,292316.726773663,4642035.907353475,1.200000000,823,12,5
TX,1079.902064301,299103.471486293,4631591.736525853,1.200000000,1366,12,4
TX,1080.079635281,290374.170867475,4635258.412453533,1.200000000,251,12,4
TX,1080.259458413,271618.714219500,4630658.835453576,1.200000000,210,12,4
TX,1080.363877927,290422.475459334,4645581.159339932,1.200000000,743,12,4
TX,1080.434257413,292183.537662815,4642180.839890095,1.200000000,1209,12,4
TX,1080.473375958,289686.800389753,4641831.346052016,1.200000000,2202,7,4
TX,1080.549111551,289296.198322434,4639775.621320088,1.200000000,407,9,4
TX,1080.558780239,291838.444484051,4642550.143701502,1.200000000,2825,12,4
TX,1080.613765045,288177.882666998,4643890.690714799,1.200000000,737,12,4
TX,1080.635704295,289331.024693035,4634301.018591499,1.200000000,1664,12,4
TX,1080.665047130,279330.282477740,4632552.452009928,1.200000000,975,12,4
TX,1080.735850382,289318.105486374,4634290.056412490,1.200000000,678,12,4
TX,1080.965347866,296003.980983350,4642557.560168754,1.200000000,630,7,4
TX,1081.020760505,290103.073760241,4642399.092623803,1.200000000,881,9,4
TX,1081.243132320,283902.420759156,4632389.449277663,1.200000000,69,12,4
TX,1081.340057471,283892.873007635,4637235.288890152,1.200000000,1081,12,4
TX,1081.386466646,288783.916246367,4639685.649045927,1.200000000,978,11,4
TX,1081.862331690,271614.680304108,4630639.678939428,1.200000000,1951,12,4
TX,1081.895606930,294194.366720168,4643967.195024497,1.200000000,2806,12,4
TX,1082.035038270,289881.864555535,4641339.383309754,1.200000000,2714,7,4
TX,1082.177925014,290935.216612757,4642054.267841789,1.200000000,2360,8,4
TX,1082.537602116,292835.093291807,4642212.602489186,1.200000000,198,12,4
TX,1082.560764042,292517.294326140,4634170.820361584,1.200000000,1607,12,4
TX,1082.605060165,290500.988217835,4640640.504058621,1.200000000,2656,7,4
TX,1082.619985765,289238.958500423,4644715.558719395,1.200000000,205,12,4
TX,1082.676602799,308195.665992408,4637564.109091900,1.200000000,1766,12,4
TX,1082.731260499,290076.282390756,4641531.602368424,1.200000000,1970,7,4
TX,1083.002313075,290493.407176762,4643859.784494999,1.200000000,2092,12,4
TX,1083.087165122,289945.983082257,4634394.264867662,1.200000000,217,12,4
TX,1083.087863273,291039.815821979,4641957.431010194,1.200000000,362,10,4
TX,1083.102388050,291276.271917818,4641927.952012816,1.200000000,2750,9,4
TX,1083.292668448,290433.677516390,4641820.990040793,1.200000000,2823,7,4
TX,1083.400569305,293420.783110535,4640920.277598142,1.200000000,432,12,4
TX,1083.410269093,291416.888506863,4641301.694977297,1.200000000,994,10,4
TX,1083.417961274,290846.620449486,4641306.201753193,1.200000000,1485,7,4
TX,1083.433583709,290474.508348039,4640625.673674919,1.200000000,411,7,4
TX,1083.533157371,291027.481568822,4641955.351657390,1.200000000,2381,10,4
TX,1083.535229537,273681.812786849,4630628.254312835,1.200000000,2066,12,4
TX,1083.678795776,292249.673041521,4641942.545628841,1.200000000,2619,12,5
TX,1083.776874095,293384.842434005,4641537.901303202,1.200000000,152,11,4
TX,1083.805872877,290627.461427184,4641125.040186478,1.200000000,55,7,4
TX,1084.048887486,295577.048520994,4645535.359049289,1.200000000,2504,12,4
TX,1084.142116348,299606.435780911,4637206.209187969,1.200000000,2444,12,4
TX,1084.296621290,292107.077367438,4640638.282218782,1.200000000,1395,12,4
TX,1084.315725864,273665.145088773,4630641.393054369,1.200000000,356,12,5
TX,1084.451390776,290789.717816887,4642281.126768385,1.200000000,2815,10,4
TX,1084.497262587,289938.966187316,4634390.412690169,1.200000000,1000,12,4
TX,1084.545537669,292096.822401344,4643185.037085608,1.200000000,184,12,4
TX,1084.565099817,290346.795953712,4643799.342122820,1.200000000,502,12,4
TX,1084.769440964,290390.188401225,4641554.413179018,1.200000000,1422,7,4
TX,1084.784501183,291068.520987294,4643447.101202360,1.200000000,260,12,4
TX,1084.815422453,273719.415166889,4630688.736935440,1.200000000,1623,12,4
TX,1085.066542921,295063.541361738,4642594.190959104,1.200000000,2053,8,4
TX,1085.133523413,290349.890155181,4641428.221167019,1.200000000,170,7,4
TX,1085.244080031,292713.816249042,4641713.336790573,1.200000000,767,12,4
TX,1085.245646623,288699.890136980,4642900.968507538,1.200000000,905,12,4
TX,1085.278794699,292184.697381368,4641384.155217235,1.200000000,1967,12,4
TX,1085.437234392,289758.474528969,4641317.958509590,1.200000000,499,7,4
TX,1085.808977370,292816.257268767,4641973.930030467,1.200000000,1332,12,4
TX,1085.864475929,299736.011703228,4630060.110457960,1.200000000,1281,12,4
TX,1085.962317967,297014.354391998,4643087.152283709,1.200000000,1066,12,4
TX,1086.055701409,295105.778300329,4641704.726934947,1.200000000,1301,7,4
TX,1086.060520129,292532.225001337,4641934.371390950,1.200000000,1569,12,4
TX,1086.138079411,290438.833065652,4640644.017957761,1.200000000,2278,7,4
TX,1086.278234654,291064.078285871,4644021.100122677,1.200000000,296,12,4
TX,1086.295978409,290971.610476038,4644916.609200215,1.200000000,1555,12,4
TX,1086.399270401,290868.558294650,4642265.495064318,1.200000000,1085,11,4
TX,1086.406270589,292452.064916931,4641604.491892752,1.200000000,1291,12,4
TX,1086.448385573,294503.100136334,4642313.417205320,1.200000000,122,8,4
TX,1086.509960213,292018.418753334,4643711.212465979,1.200000000,1246,12,4
TX,1086.557053874,291867.965615639,4641651.010236288,1.200000000,436,12,4
TX,1086.892554445,293466.458216051,4643343.451472485,1.200000000,1329,12,4
TX,1087.034928099,291096.596300637,4641966.067890292,1.200000000,1706,10,4
TX,1087.403312057,290474.765459020,4640615.577865238,1.200000000,2171,7,4
TX,1087.465141507,295125.150607615,4642703.770579271,1.200000000,1827,9,4
TX,1087.545827426,289567.930597370,4642018.275825740,1.200000000,1507,8,4
TX,1087.612149881,292483.816488772,4641892.226213036,1.200000000,564,12,4
TX,1087.735510555,292680.010055095,4641782.369046603,1.200000000,1574,12,4
TX,1087.863275897,290849.811297444,4641299.183386649,1.200000000,2208,7,4
TX,1088.006442395,291234.961882119,4642285.010225519,1.200000000,2019,11,4
TX,1088.119455562,290419.424536876,4641384.372898356,1.200000000,454,7,4
TX,1088.207657428,290819.090521733,4642284.107489235,1.200000000,2151,10,4
TX,1088.328877277,288492.323539433,4643510.492217164,1.200000000,565,12,4
TX,1088.370991884,291055.724156837,4641980.836372431,1.200000000,234,10,4
TX,1088.547807497,291472.623346713,4642010.041030094,1.200000000,592,12,4
TX,1088.664427523,292329.207108870,4642049.783565749,1.200000000,385,12,4
TX,1088.680954510,290414.577821008,4641825.566996684,1.200000000,2169,7,4
TX,1088.890738858,291988.890518358,4643719.969716817,1.200000000,1499,12,4
TX,1088.904855202,291152.248790180,4641247.947934201,1.200000000,2135,9,4
TX,1089.101365260,288186.941017322,4643898.985167060,1.200000000,2250,12,4
TX,1089.138814373,290561.022229708,4644709.874048832,1.200000000,2296,12,4
TX,1089.138860884,290841.479919244,4642322.506790623,1.200000000,1824,10,4
TX,1089.145749096,291193.817488074,4642335.901842756,1.200000000,2692,12,4
TX,1089.240581886,291929.610496097,4642583.049837071,1.200000000,2591,12,4
TX,1089.645163444,292599.681815352,4643750.538584478,1.200000000,47,12,4
TX,1089.713959083,286242.422575528,4640065.322807981,1.200000000,2587,12,4
TX,1089.747553431,295106.108086832,4642676.553644889,1.200000000,1302,9,4
TX,1089.904418499,291183.687349737,4641325.270749326,1.200000000,199,10,4
TX,1090.030880774,290897.357470787,4641302.488822241,1.200000000,1925,8,4
TX,1090.641569854,291872.832415791,4640519.712109053,1.200000000,300,12,5
TX,1090.783599972,291575.262471561,4642183.465659679,1.200000000,130,12,4
TX,1090.910885121,286698.231291039,4645122.677592913,1.200000000,2143,12,5
TX,1090.947249931,292218.687646129,4643466.971467753,1.200000000,2185,12,4
TX,1090.984073785,290368.234569454,4640433.709125026,1.200000000,605,7,5
TX,1090.998089680,291975.994224903,4643699.004126320,1.200000000,468,12,4
TX,1091.288464463,291722.276755563,4642159.607668083,1.200000000,1692,12,4
TX,1091.448618363,291856.975286008,4642588.157524235,1.200000000,367,12,4
TX,1091.464170192,291574.799260234,4642576.663374406,1.200000000,1196,12,4
TX,1091.655921877,285820.143043006,4641066.024954880,1.200000000,1589,12,4
TX,1091.838368970,291186.475995090,4641282.332653390,1.200000000,1500,9,4
TX,1092.026505308,289666.780756322,4643492.753650906,1.200000000,1530,12,4
TX,1092.373612880,292694.912062426,4638478.103621363,1.200000000,376,12,4
TX,1092.552034133,295134.737705124,4642711.995917827,1.200000000,2667,9,4
TX,1092.754013356,293173.147047925,4640533.081545327,1.200000000,1781,12,4
TX,1092.939829949,290466.146784425,4640663.569000749,1.200000000,75,7,4
TX,1092.979456420,291840.868727322,4642552.816062252,1.200000000,1765,12,4
TX,1092.981642834,289947.510038624,4641256.123455162,1.200000000,1076,7,4
TX,1093.072578590,289942.779417055,4634387.319915721,1.200000000,1683,12,4
TX,1093.080291394,291190.037011176,4641380.298582519,1.200000000,2266,10,4
TX,1093.108385911,291065.592802499,4644028.337726929,1.200000000,925,12,4
TX,1093.124753682,289637.800377904,4643595.735544493,1.200000000,1473,12,4
TX,1093.203281630,290469.298264647,4641459.115725853,1.200000000,1489,7,4
TX,1093.244353712,272819.706283160,4629733.790649939,1.200000000,223,12,4
TX,1093.254999294,291817.501562718,4641975.711133403,1.200000000,1773,12,4
TX,1093.499627890,291161.600588067,4641961.089951272,1.200000000,1877,10,4
TX,1093.615384446,290455.757985845,4642379.480978644,1.200000000,2345,10,5
TX,1093.710754102,291916.471956752,4642576.491649840,1.200000000,836,12,4
TX,1093.862590238,283466.692623762,4640328.181933926,1.200000000,1983,12,4
TX,1093.866869996,290101.133378866,4642438.901232931,1.200000000,2482,10,4
TX,1094.007881012,271840.262568423,4630681.770638144,1.200000000,567,12,4
TX,1094.019777137,291245.160687242,4641241.996296419,1.200000000,2206,8,4
TX,1094.111895884,273689.697139700,4630633.962371807,1.200000000,90,12,4
TX,1094.585866938,290090.333837546,4643356.747602912,1.200000000,930,12,4
TX,1094.695279351,291247.325162051,4638747.599658262,1.200000000,1755,12,4
TX,1094.848780118,292451.451994427,4641940.847011565,1.200000000,299,12,4
TX,1094.908523014,290832.630686085,4639410.656045529,1.200000000,1317,10,4
TX,1094.913665711,290353.868783868,4641814.961897871,1.200000000,1136,7,5
TX,1094.979687892,292524.053615580,4642924.752258236,1.200000000,1156,12,4
TX,1095.044796706,291131.917692205,4641367.899936614,1.200000000,1562,10,4
TX,1095.059828717,290696.958389370,4641299.328203775,1.200000000,1113,7,4
TX,1095.091174592,290324.203913652,4641527.813724419,1.200000000,1659,7,4
TX,1095.213459175,290315.501619820,4637057.539885381,1.200000000,693,12,5
TX,1095.282669377,291111.118503062,4642288.481790083,1.200000000,1047,11,4
TX,1095.327762241,290313.303094758,4635115.410833810,1.200000000,2524,12,4
TX,1095.452151565,292541.176643032,4642901.149658892,1.200000000,2514,12,4
TX,1095.526402395,290799.869777695,4644908.877249422,1.200000000,1694,12,4
TX,1095.640618359,291089.526478275,4636119.020716880,1.200000000,301,12,4
TX,1095.658028839,292556.518407481,4642545.867066307,1.200000000,1770,12,4
TX,1095.796993030,273704.879552606,4630695.004602657,1.200000000,761,12,4
TX,1095.806755785,293719.042745573,4645337.577999881,1.200000000,1601,12,4
TX,1096.280697707,291071.805705066,4644034.471044085,1.200000000,1314,12,4
TX,1096.299997244,292375.311262017,4642946.083508865,1.200000000,2198,12,4
TX,1096.390128460,291662.141157658,4630181.169994080,1.200000000,952,12,4
TX,1096.536622419,290389.245886444,4641806.835360623,1.200000000,1460,7,4
TX,1096.598155667,292563.430196589,4642924.380906812,1.200000000,1032,12,4
TX,1096.601227064,294278.904488520,4639036.574933305,1.200000000,2213,12,4
TX,1096.952015594,296576.806368740,4642172.572535531,1.200000000,2536,8,4
TX,1097.087161638,290486.618391787,4640778.782903760,1.200000000,1764,7,4
TX,1097.090987558,299720.773292342,4630015.905536141,1.200000000,787,12,4
TX,1097.139072127,274249.836781853,4630662.514761514,1.200000000,1559,12,4
TX,1097.184198891,271784.772531900,4630692.896636970,1.200000000,1363,12,4
TX,1097.215793996,289886.417281319,4633913.829474207,1.200000000,1756,12,4
TX,1097.354633249,289961.832550749,4634418.596978560,1.200000000,2344,12,4
TX,1097.375578615,298488.438976118,4643324.956098977,1.200000000,1853,12,4
TX,1097.670041750,273629.027096645,4630272.195189413,1.200000000,987,12,4
TX,1097.891863539,293524.914855752,4641273.808288281,1.200000000,1407,11,4
TX,1097.907849944,290913.158155464,4643970.471848290,1.200000000,1512,12,4
TX,1097.937586384,290443.088073095,4643410.444776830,1.200000000,2099,12,4
TX,1097.964425362,291022.623196707,4640555.704942100,1.200000000,870,7,5
TX,1098.019443957,290469.162697989,4642838.898172334,1.200000000,2010,12,4
TX,1098.021529469,290146.066357715,4643484.219569791,1.200000000,415,12,4
TX,1098.179538402,290853.843904789,4642291.839666289,1.200000000,1253,10,4
TX,1098.184092228,290377.406082876,4644438.872852708,1.200000000,2539,12,4
TX,1098.189711348,292934.610903914,4642968.435826052,1.200000000,1290,12,4
TX,1098.231462067,273684.626273833,4630634.366711649,1.200000000,1566,12,4
TX,1098.274532487,289776.282028546,4643240.402315602,1.200000000,2644,12,4
TX,1098.370295493,288967.842529931,4642589.374281463,1.200000000,2674,11,4
TX,1098.537734637,290359.750525518,4641405.695971875,1.200000000,2786,7,4
TX,1098.883808867,289596.640605612,4637972.186945878,1.200000000,1433,12,4
TX,1099.037423537,291042.302511722,4641731.968779859,1.200000000,2406,8,4
TX,1099.104362111,273981.188828385,4631237.880643610,1.200000000,872,12,4
TX,1099.111971547,290473.759526404,4639765.015863201,1.200000000,212,8,4
TX,1099.200861853,290841.892245043,4642279.093820463,1.200000000,2821,10,4
TX,1099.286146059,272082.664905441,4630494.096492046,1.200000000,1617,12,4
TX,1099.563006777,289944.513219335,4639803.349136711,1.200000000,578,7,4
TX,1099.653731063,291516.507343258,4642059.758577073,1.200000000,1681,12,4
TX,1099.782963987,293281.897826271,4644016.203594073,1.200000000,2393,12,4
TX,1099.875162599,287928.835416883,4630913.055601968,1.200000000,211,12,4
TX,1100.039491249,293377.170310169,4643874.217651069,1.200000000,2797,12,4
TX,1100.148692393,293302.351298251,4640204.466560990,1.200000000,2205,12,4
TX,1100.203690647,289515.700186064,4641766.026955120,1.200000000,1811,7,4
TX,1100.205025136,289209.262412716,4642520.994193595,1.200000000,864,10,4
TX,1100.261020250,301103.220567835,4627778.168391772,1.200000000,439,12,4
TX,1100.280063792,271844.173345439,4630822.353851777,1.200000000,683,12,4
TX,1100.280256095,292434.826890525,4643465.066213621,1.200000000,1736,12,4
TX,1100.432577199,293976.235218174,4640972.414072558,1.200000000,2715,12,4
TX,1100.583140671,290558.380543518,4643201.930696948,1.200000000,2410,12,4
TX,1100.637876010,291102.922160975,4642352.976804014,1.200000000,2824,12,4
TX,1100.729950777,290407.860467076,4645712.737833725,1.200000000,377,12,4
TX,1101.135703292,292537.897736243,4642898.890824161,1.200000000,106,12,4
TX,1101.219540053,290362.387550892,4641839.723341309,1.200000000,2766,7,4
TX,1101.336365852,290610.356242578,4641101.000181217,1.200000000,35,7,4
TX,1101.457477253,289773.413970767,4639518.370680045,1.200000000,1183,10,4
TX,1101.610253894,293633.022857576,4645051.681888761,1.200000000,342,12,4
TX,1101.620857812,291992.138032041,4643702.313260726,1.200000000,173,12,4
TX,1101.623131619,293259.470275598,4640221.727387977,1.200000000,1867,12,4
TX,1101.778849796,274479.133794232,4630807.560462125,1.200000000,1752,12,4
TX,1101.921196362,290628.845009991,4641153.100047324,1.200000000,1864,7,5
TX,1101.986302041,271819.051194814,4630686.060100273,1.200000000,250,12,5
TX,1102.163456054,292719.893886057,4643723.510926998,1.200000000,948,12,4
TX,1102.216088737,271330.867356898,4630258.222165017,1.200000000,388,12,4
TX,1102.249495585,295120.736864203,4642696.700655140,1.200000000,865,9,4
TX,1102.252524352,290797.269315592,4641187.419504244,1.200000000,2016,7,4
TX,1102.259253146,290984.817565963,4642190.424151207,1.200000000,321,10,4
TX,1102.284349901,290402.001030443,4641811.649033313,1.200000000,896,7,4
TX,1102.375489141,289584.203886244,4642423.142083121,1.200000000,2364,9,4
TX,1102.383854200,299729.983787325,4630052.802388549,1.200000000,2041,12,4
TX,1102.431135777,289455.693429706,4645839.688331732,1.200000000,2282,12,5
TX,1102.560823163,292331.753569249,4642045.798907602,1.200000000,0,12,4
TX,1102.598048591,291955.432442853,4642603.633291941,1.200000000,736,12,4
TX,1102.686146468,291863.619691652,4642559.401202653,1.200000000,1897,12,4
TX,1102.768234266,291112.132374310,4641117.506626035,1.200000000,2588,9,4
TX,1102.794219467,290392.732329236,4645862.415647283,1.200000000,2226,12,4
TX,1102.893704942,285610.057556528,4630244.203806451,1.200000000,1430,12,4
TX,1103.224761948,273714.319103699,4630636.944182993,1.200000000,2146,12,4
TX,1103.279622597,291071.386552283,4644038.402505181,1.200000000,1252,12,5
TX,1103.326721371,286705.030894710,4641704.963066399,1.200000000,1776,12,4
TX,1103.404808548,293662.088296295,4639718.498537131,1.200000000,1385,12,4
TX,1103.456314837,293329.335239710,4637408.637536623,1.200000000,977,12,4
TX,1103.519778761,293605.878873661,4641906.792326876,1.200000000,46,11,4
TX,1103.523203972,289714.053366986,4639086.659520322,1.200000000,1790,12,4
TX,1103.527524592,289605.530741752,4643536.825453060,1.200000000,1720,12,4
TX,1103.538092700,289820.209766798,4638564.307035628,1.200000000,1437,12,4
TX,1103.603566674,293318.475546285,4644267.848912928,1.200000000,2144,12,4
TX,1103.615356783,291898.451255306,4644162.637849485,1.200000000,511,12,4
TX,1103.772926224,289630.370979867,4643599.930817981,1.200000000,1024,12,4
TX,1103.775139348,289554.435870467,4637771.586281962,1.200000000,2389,12,4
TX,1103.847510302,291553.856359788,4641375.295574168,1.200000000,2449,11,4
TX,1103.912127101,293304.772508272,4644250.278944920,1.200000000,81,12,4
TX,1103.924475997,290044.249354647,4642381.558999970,1.200000000,581,11,4
TX,1103.927210113,293659.333641141,4642612.470720499,1.200000000,2084,11,5
TX,1104.150400343,291587.988066864,4640926.776325836,1.200000000,660,10,5
TX,1104.179569680,289947.581736979,4634411.063757516,1.200000000,1565,12,4
TX,1104.192958511,290482.434433256,4641386.855164169,1.200000000,1151,7,4
TX,1104.193327784,292341.731069840,4642032.620380892,1.200000000,273,12,4
TX,1104.305256341,290198.512175143,4642431.086035745,1.200000000,2710,10,4
TX,1104.442028050,294414.793868757,4644307.846964656,1.200000000,2614,12,4
TX,1104.519598770,283321.893100144,4632892.373286097,1.200000000,893,12,4
TX,1104.550737165,290737.160062558,4642897.146936288,1.200000000,1990,12,4
TX,1104.574668818,290128.669425164,4645293.967236564,1.200000000,1465,12,4
TX,1104.725198615,291826.293839313,4642562.715605493,1.200000000,529,12,5
TX,1105.014150466,290410.786097508,4640701.039695945,1.200000000,2326,7,4
TX,1105.056774385,291012.302559086,4641127.671420869,1.200000000,1508,8,4
TX,1105.084779867,291219.812244326,4641296.670676594,1.200000000,125,10,4
TX,1105.323989918,290811.042868742,4646253.872461770,1.200000000,1324,12,4
TX,1105.341395784,290356.106361172,4641845.493982087,1.200000000,2404,7,4
TX,1105.428532503,291212.060469071,4641298.227467757,1.200000000,519,10,4
TX,1105.432441384,290806.846769616,4641500.669473663,1.200000000,2147,8,4
TX,1105.667814653,275032.115004528,4631185.500744759,1.200000000,569,12,4
TX,1105.842673251,290544.959481813,4643181.666151010,1.200000000,306,12,4
TX,1106.060604951,292830.674861345,4641940.494391843,1.200000000,1277,12,4
TX,1106.141284589,273381.483986050,4631307.426803404,1.200000000,2241,12,4
TX,1106.244510811,290474.375609861,4640740.315988167,1.200000000,589,7,4
TX,1106.279645583,289240.534825354,4642519.665534017,1.200000000,1215,10,4
TX,1106.422803900,289875.757005426,4633763.121481528,1.200000000,725,12,4
TX,1106.507122145,290880.744677884,4642264.846635140,1.200000000,1145,11,4
TX,1106.571646203,293302.180177936,4643355.462822803,1.200000000,985,12,4
TX,1106.605520421,291477.617433582,4642053.426915984,1.200000000,1939,12,4
TX,1106.684335337,288178.963174524,4643889.874684530,1.200000000,387,12,4
TX,1106.948024262,291028.211967360,4640968.497358853,1.200000000,1093,7,4
TX,1107.245256560,294677.066616303,4651068.132145719,1.200000000,1192,12,4
TX,1107.476346108,291357.826028938,4642149.168622243,1.200000000,665,12,5
TX,1107.613551209,294127.321661835,4644964.880386954,1.200000000,2541,12,4
TX,1107.631949962,291125.381707585,4641207.662974696,1.200000000,764,9,4
TX,1107.695664195,292324.829623648,4644079.153070169,1.200000000,1131,12,4
TX,1107.879007428,271641.971632331,4630632.588627489,1.200000000,165,12,4
TX,1107.928068677,290346.151680652,4643829.972799773,1.200000000,255,12,4
TX,1108.039942609,294065.129464262,4644873.976164095,1.200000000,1133,12,4
TX,1108.173097521,293985.489286109,4640018.817617130,1.200000000,2090,12,4
TX,1108.188581565,291094.396962331,4642399.643365185,1.200000000,1642,10,4
TX,1108.283058157,287998.554796868,4638475.521853881,1.200000000,521,12,4
TX,1108.377651295,291983.955714343,4643710.842813977,1.200000000,193,12,4
TX,1108.388735284,290547.192616760,4641104.523361680,1.200000000,2508,7,4
TX,1108.413315303,291117.249504235,4641495.144526728,1.200000000,655,9,4
TX,1108.527930265,273720.071997520,4630642.387907864,1.200000000,762,12,4
TX,1108.567046125,291857.867955569,4642560.919587475,1.200000000,2768,12,4
TX,1108.568502107,291016.832034557,4641954.056074232,1.200000000,1707,10,4
TX,1108.646843932,287751.043814343,4637277.605852377,1.200000000,2720,12,4
TX,1108.801637574,290532.763533939,4642094.921679983,1.200000000,1206,7,4
TX,1109.015764075,287032.861112067,4641561.001743806,1.200000000,2225,12,4
TX,1109.097175833,291376.950367897,4638537.081472409,1.200000000,112,12,4
TX,1109.269792739,291021.935098949,4640554.432969021,1.200000000,913,7,5
TX,1109.435942810,288489.674193241,4642624.603919075,1.200000000,2456,12,5
TX,1109.459892650,289752.732105608,4635266.577112340,1.200000000,699,12,5
TX,1109.667311361,290080.202812300,4641527.304574097,1.200000000,912,7,4
TX,1109.738380046,287438.535954685,4644474.203262166,1.200000000,1830,12,5
TX,1109.964490079,291240.812391761,4642280.903404604,1.200000000,2816,11,4
TX,1110.292067508,292665.571101535,4641795.800092909,1.200000000,698,12,4
TX,1110.310981039,292869.744207778,4643751.643657415,1.200000000,2774,12,4
TX,1110.359292121,273747.422101169,4630627.445640575,1.200000000,1009,12,4
TX,1110.455946592,292978.389375379,4644179.607348164,1.200000000,2043,12,5
TX,1110.482523971,290354.706789121,4643757.433513514,1.200000000,2610,12,4
TX,1110.558351155,290107.079991007,4640836.837312253,1.200000000,2012,7,4
TX,1110.791939960,294420.173082647,4644319.507142443,1.200000000,2537,12,4
TX,1110.912872129,292697.547778522,4640963.377527183,1.200000000,2696,12,5
TX,1111.170189754,291834.373189513,4642550.909485403,1.200000000,2635,12,4
TX,1111.436044840,290331.804312886,4640376.369971017,1.200000000,2301,7,4
TX,1111.460832230,295147.642410057,4642696.082002501,1.200000000,1734,9,4
TX,1111.469410402,291044.813212782,4631577.301120303,1.200000000,2523,12,4
TX,1111.477687045,288723.064476952,4641778.079415591,1.200000000,1578,9,4
TX,1111.562099665,290687.006806372,4641290.102137736,1.200000000,2038,7,4
TX,1111.901928612,286696.106595869,4645146.726819948,1.200000000,2256,12,4
TX,1112.026778804,273735.978430582,4630643.770197214,1.200000000,1955,12,4
TX,1112.330158985,292353.782866730,4641669.266981849,1.200000000,1937,12,5
TX,1112.582586895,289650.732088477,4643502.673139458,1.200000000,1672,12,4
TX,1112.592334563,291668.550247641,4641479.048198325,1.200000000,2493,12,4
TX,1112.721482193,290660.779561249,4641297.692378241,1.200000000,2572,7,4
TX,1112.732028667,271795.553522890,4630657.720946091,1.200000000,160,12,4
TX,1112.882682566,291846.209440915,4642462.615930255,1.200000000,1930,12,4
TX,1113.005391106,290307.275573559,4642797.095636539,1.200000000,2562,11,4
TX,1113.228091665,292525.742811251,4641768.348571497,1.200000000,2702,12,4
TX,1113.328442840,290084.354248858,4640907.020120768,1.200000000,2778,7,4
TX,1113.450309957,290663.535427078,4641298.148666168,1.200000000,2420,7,4
TX,1113.545089019,288192.792835720,4643901.283551062,1.200000000,1769,12,4
TX,1113.562782544,295144.225029402,4642745.765851785,1.200000000,2115,9,4
TX,1113.816413420,291217.385589093,4642297.925789081,1.200000000,547,12,4
TX,1113.848060962,290867.093501544,4642272.705258682,1.200000000,2576,11,4
TX,1113.850029832,290427.136960738,4636288.413255714,1.200000000,434,12,4
TX,1113.918740132,289013.725411089,4641798.698083461,1.200000000,634,9,4
TX,1114.026105195,293826.498173723,4642863.364721297,1.200000000,2435,12,4
TX,1114.138212043,286849.975381899,4641701.357729830,1.200000000,965,12,4
TX,1114.271424357,290992.832420152,4639058.922911278,1.200000000,1027,12,4
TX,1114.296758382,290445.003650180,4636556.321782113,1.200000000,1697,12,4
TX,1114.306402390,289714.412581788,4647169.393045441,1.200000000,1685,12,4
TX,1114.412005368,292180.866589018,4639484.934245346,1.200000000,2417,12,5
TX,1114.584125824,289948.423740314,4634400.515593048,1.200000000,1350,12,4
TX,1114.839650764,291018.258884599,4639118.285243699,1.200000000,2455,12,4
TX,1114.883151863,294378.691653677,4643089.685257051,1.200000000,2367,10,4
TX,1114.888745152,290159.117390407,4635333.657714343,1.200000000,720,12,4
TX,1115.508827127,292031.471312661,4642796.462346761,1.200000000,340,12,4
TX,1115.585118887,288924.564166676,4644059.620214647,1.200000000,129,12,4
TX,1115.602132494,289736.192531451,4640041.601871260,1.200000000,1586,7,4
TX,1115.608639430,289316.021437024,4640425.106970526,1.200000000,2078,7,4
TX,1115.734731085,293254.451446328,4640288.237184192,1.200000000,1518,12,4
TX,1115.816104921,290359.843061501,4642044.840517985,1.200000000,504,10,4
TX,1115.865100325,290865.197497015,4642274.516851979,1.200000000,675,11,4
TX,1115.930467552,291539.762323947,4642323.633296499,1.200000000,2761,12,4
TX,1115.978641549,290475.919027997,4640620.975429830,1.200000000,1813,7,4
TX,1116.014960362,290998.373809270,4639049.786063671,1.200000000,2190,12,4
TX,1116.151897163,289944.407651886,4634403.726804297,1.200000000,68,12,4
TX,1116.523776546,290052.190377482,4642389.546523704,1.200000000,1369,9,4
TX,1116.545359087,291156.045778230,4644480.219994298,1.200000000,1096,12,5
TX,1116.562672202,292394.503517129,4637358.072891940,1.200000000,1467,12,4
TX,1116.577657288,290748.568832435,4642455.598208889,1.200000000,742,12,4
TX,1116.762915795,290578.246563710,4641060.193768679,1.200000000,2231,7,4
TX,1116.951097247,292204.027188367,4643561.598247185,1.200000000,2122,12,4
TX,1116.991259663,292637.915834647,4643224.322624012,1.200000000,2641,12,4
TX,1117.137451679,290584.749543974,4643867.880161672,1.200000000,1214,12,4
TX,1117.333567153,291881.577119314,4641646.251858945,1.200000000,483,12,5
TX,1117.403160780,291694.171681158,4641030.083412396,1.200000000,2120,12,4
TX,1117.442871440,291236.927328201,4642276.335965141,1.200000000,558,11,4
TX,1117.523629273,290612.961801170,4642308.286886290,1.200000000,1482,9,5
TX,1117.527071687,298089.442868661,4639308.679460557,1.200000000,440,12,4
TX,1117.671424632,290867.150357034,4641268.690536661,1.200000000,1606,7,4
TX,1117.737025388,291710.628088495,4642126.456836484,1.200000000,1716,12,4
TX,1117.962682331,290339.458731895,4641855.486413093,1.200000000,345,7,4
TX,1118.085394397,293228.302656452,4639414.709357204,1.200000000,1517,12,4
TX,1118.226134219,292675.916695776,4641783.761304342,1.200000000,1662,12,4
TX,1118.289631903,290339.046698051,4641870.651955646,1.200000000,2771,7,4
TX,1118.432308151,290097.964732556,4640802.564360290,1.200000000,2625,7,5
TX,1118.454420423,293997.436300530,4645575.624678113,1.200000000,1168,12,4
TX,1118.557553184,291406.425617449,4640263.182845048,1.200000000,982,10,4
TX,1118.782306242,283399.107897796,4640367.199416664,1.200000000,195,12,4
TX,1118.858197740,290642.703028359,4640859.883905347,1.200000000,2264,7,4
TX,1118.896840699,291237.646755052,4638755.035277294,1.200000000,1888,12,4
TX,1118.917753546,291629.577709234,4638269.843028466,1.200000000,860,12,4
TX,1118.921843029,290560.313065688,4645906.879551859,1.200000000,21,12,4
TX,1118.972062972,282724.639142622,4640457.170344408,1.200000000,626,12,4
TX,1119.015701244,290020.753935337,4634390.017275820,1.200000000,1169,12,4
TX,1119.021118781,289349.148751459,4634304.343293959,1.200000000,124,12,4
TX,1119.142531224,291975.532679378,4643690.055480489,1.200000000,1239,12,4
TX,1119.142866654,295567.549694422,4645511.975612864,1.200000000,491,12,4
TX,1119.286631061,290989.297832285,4642312.255546885,1.200000000,2478,11,4
TX,1119.504656885,290838.902613599,4642286.811693078,1.200000000,2517,10,4
TX,1119.577855129,273728.420379516,4630636.623503159,1.200000000,2258,12,4
TX,1119.701953431,292036.107540614,4654283.876252705,1.200000000,997,12,4
TX,1119.715183276,291182.275938749,4641314.276188937,1.200000000,89,10,4
TX,1119.828493059,293920.476328384,4640766.881344106,1.200000000,917,12,4
TX,1119.931687418,273714.669489434,4630619.856782334,1.200000000,2659,12,4
TX,1120.037143506,290285.339650496,4640291.682253215,1.200000000,573,7,4
TX,1120.095726507,290350.182310533,4643295.447056615,1.200000000,602,12,4
TX,1120.133596744,291668.484038041,4642101.293070585,1.200000000,318,12,4
TX,1120.164120594,292477.893446728,4641519.947236126,1.200000000,2186,12,4
TX,1120.210245153,288947.431676011,4642636.166099538,1.200000000,1942,12,4
TX,1120.270605655,271838.661836883,4630217.384429237,1.200000000,447,12,4
TX,1120.413653057,292702.096814833,4641831.591432796,1.200000000,776,12,4
TX,1120.560873971,271735.032433067,4630300.737359961,1.200000000,2013,12,4
TX,1120.611143002,290743.931212122,4642899.216478410,1.200000000,673,12,4
TX,1120.624671793,286866.024974048,4641638.673071513,1.200000000,1165,12,4
TX,1120.701748817,292555.390815985,4641344.131101892,1.200000000,2790,12,4
TX,1120.788517735,294972.652478917,4642712.073161974,1.200000000,1299,8,5
TX,1120.921746732,291024.293378047,4644046.182168177,1.200000000,714,12,4
TX,1120.990709087,293711.364436521,4645345.754021532,1.200000000,1878,12,4
TX,1121.033649624,291037.763386458,4641973.133292164,1.200000000,1057,10,4
TX,1121.061032165,290969.147406573,4641195.299975175,1.200000000,1208,8,4
TX,1121.216174529,257056.438642352,4651457.045908781,1.200000000,2664,12,4
TX,1121.257787422,291416.805127989,4642040.005998367,1.200000000,1713,11,4
TX,1121.422595825,288362.529074348,4642970.435844321,1.200000000,344,12,4
TX,1121.425163772,290733.772211332,4644517.140752940,1.200000000,2818,12,4
TX,1121.541401867,290815.473917336,4638197.591733576,1.200000000,921,12,4
TX,1121.594629889,290425.104468930,4640546.712485022,1.200000000,1319,7,4
TX,1121.633215870,273660.781417388,4630678.857622748,1.200000000,1399,12,4
TX,1121.811355668,291764.197492912,4639855.733791493,1.200000000,2527,12,4
TX,1121.911155641,292001.982329601,4644270.655021343,1.200000000,1022,12,4
TX,1122.099324023,292695.499578392,4641824.130861399,1.200000000,1058,12,4
TX,1122.420231834,291607.655291092,4641436.049680221,1.200000000,1188,12,4
TX,1122.429808508,295480.205443786,4648914.474151469,1.200000000,2677,12,4
TX,1122.439090232,290825.017256933,4644432.742611462,1.200000000,1700,12,4
TX,1122.713668013,290346.577504733,4641865.293599998,1.200000000,1471,7,4
TX,1122.719568468,289716.843345330,4647171.099368732,1.200000000,1972,12,4
TX,1122.799172247,290602.533679419,4641069.522641456,1.200000000,628,7,4
TX,1122.802711816,293272.718379378,4639457.259519539,1.200000000,1436,12,4
TX,1123.032728690,288184.656663767,4643901.861108653,1.200000000,1346,12,4
TX,1123.053504548,291849.541940027,4642565.479875929,1.200000000,1375,12,4
TX,1123.317330755,291629.963263509,4642101.764259918,1.200000000,288,10,4
TX,1123.381371868,292063.771535174,4643663.149376680,1.200000000,464,12,4
TX,1123.520390187,273691.039210169,4630700.075509616,1.200000000,2339,12,4
TX,1123.808071389,291831.071821258,4642555.393697741,1.200000000,2580,12,4
TX,1123.889486610,271876.362518318,4630682.030192344,1.200000000,574,12,5
TX,1123.939245071,292705.960372210,4642571.555671661,1.200000000,183,12,4
TX,1124.288256220,290598.527027404,4640640.850925589,1.200000000,2293,7,4
TX,1124.320897216,292187.940002623,4642168.233863205,1.200000000,2027,12,4
TX,1124.382371980,290401.580069600,4641396.454118133,1.200000000,880,7,4
TX,1124.462493336,287664.368508509,4639755.256064842,1.200000000,1511,12,4
TX,1124.703480457,292153.773079839,4640656.457016522,1.200000000,1298,12,4
TX,1124.825582583,291338.476362718,4642015.954381618,1.200000000,2230,10,4
TX,1124.844805221,293661.803515434,4645143.145366755,1.200000000,276,12,4
TX,1124.850691765,287954.400898407,4634530.545966520,1.200000000,801,12,4
TX,1124.911139844,293449.490318170,4640903.851045768,1.200000000,894,12,4
TX,1124.999545013,292797.197518638,4642911.209986344,1.200000000,1138,12,4
TX,1125.017290372,290374.289452622,4646297.800780267,1.200000000,2643,12,4
TX,1125.072365195,291915.720690431,4642577.323394290,1.200000000,2596,12,4
TX,1125.288219742,293919.831190712,4643728.137871631,1.200000000,1259,12,4
TX,1125.314084679,273647.001739598,4630629.152319128,1.200000000,812,12,4
TX,1125.467943968,288395.074281033,4630265.702416840,1.200000000,888,12,4
TX,1125.853392806,291097.527034356,4643457.914059110,1.200000000,1902,12,4
TX,1126.009705855,286593.306973771,4641697.355939878,1.200000000,1750,12,4
TX,1126.180439266,290681.128966607,4641309.255433166,1.200000000,1431,7,4
TX,1126.183987214,291053.568253041,4641095.988187233,1.200000000,1677,8,4
TX,1126.294855122,291231.371712329,4642251.248020997,1.200000000,2087,11,5
TX,1126.511245167,291117.207151382,4641129.563916207,1.200000000,524,9,4
TX,1126.602347613,291235.093901499,4642239.522889547,1.200000000,1173,11,5
TX,1126.702278143,293243.860347219,4639502.280319197,1.200000000,1881,12,4
TX,1126.707137719,291049.769220366,4641205.712263023,1.200000000,1228,8,4
TX,1126.732233761,292452.212285292,4641615.789215225,1.200000000,1055,12,4
TX,1126.735558538,291014.016625297,4641835.623823128,1.200000000,733,9,4
TX,1126.910811419,292460.440748280,4641378.807537802,1.200000000,1879,12,4
TX,1126.930000750,290688.462716997,4641288.409833944,1.200000000,1751,7,4
TX,1127.063296771,290374.878622968,4641318.500490973,1.200000000,1673,7,4
TX,1127.224861235,290320.999274139,4643349.513732846,1.200000000,2355,12,4
TX,1127.269730336,292320.105695081,4642052.440192417,1.200000000,2624,12,4
TX,1127.330476964,294193.109598039,4643976.031512328,1.200000000,1171,12,4
TX,1127.348116275,289951.340679403,4634411.711464414,1.200000000,2305,12,4
TX,1127.369695552,292700.131663291,4641788.629378542,1.200000000,2629,12,4
TX,1127.529531734,290615.872225537,4643035.009158200,1.200000000,838,12,4
TX,1127.707600811,290366.104082084,4641809.635679839,1.200000000,844,7,5
TX,1127.829956106,290428.798445943,4640509.079486191,1.200000000,2583,7,4
TX,1128.014858466,291040.737031125,4641944.137402517,1.200000000,42,9,4
TX,1128.027421649,290516.575500718,4644909.984681605,1.200000000,659,12,4
TX,1128.076749785,273711.347284112,4630655.186213280,1.200000000,747,12,4
TX,1128.355811122,288412.207620324,4641391.126955071,1.200000000,1689,8,5
TX,1128.453206508,291261.732204072,4642794.008959597,1.200000000,2327,12,4
TX,1128.603203808,292610.806131608,4642826.028626710,1.200000000,1975,12,4
TX,1128.664758083,293237.321066016,4639372.262176801,1.200000000,1348,12,4
TX,1128.864103012,290690.525609156,4641318.898809204,1.200000000,768,7,5
TX,1128.913232367,287146.678745906,4641145.365751309,1.200000000,810,12,5
TX,1129.099751430,291849.512727695,4642562.695939914,1.200000000,2605,12,4
TX,1129.202735191,291875.311271076,4642847.960672557,1.200000000,1488,12,4
TX,1129.240476115,291977.384476279,4643704.580299341,1.200000000,194,12,4
TX,1129.562084251,273671.959145659,4630686.279234980,1.200000000,2285,12,4
TX,1129.591188858,294197.819385530,4643099.252149009,1.200000000,384,12,4
TX,1129.717799344,291126.398934193,4640495.263007712,1.200000000,167,7,5
TX,1129.749000793,289755.841690824,4639393.138639352,1.200000000,1894,12,4
TX,1129.752002403,291109.340502183,4641361.892099640,1.200000000,2543,9,4
TX,1129.901868453,290643.836599124,4646627.944312347,1.200000000,1663,12,4
TX,1129.962661374,287694.141647203,4641434.298656553,1.200000000,391,12,5
TX,1130.042921836,291073.164439605,4644038.583048748,1.200000000,2489,12,4
TX,1130.154531839,291170.828145583,4641315.257625321,1.200000000,2650,10,4
TX,1130.468540005,291211.635842446,4641398.368272810,1.200000000,815,9,4
TX,1130.724888655,292630.107125504,4643651.458606110,1.200000000,2224,12,4
TX,1130.835679832,292470.132152938,4642253.318055753,1.200000000,1218,12,4
TX,1130.844701314,290794.708227398,4642816.777420333,1.200000000,127,11,4
TX,1130.847003513,292757.299193793,4640015.117683167,1.200000000,1678,12,4
TX,1130.928200069,290692.412783050,4641301.617838834,1.200000000,1359,7,4
TX,1131.149842488,292319.788995467,4642042.962705949,1.200000000,1582,12,4
TX,1131.255345111,291998.310317051,4644277.490127258,1.200000000,397,12,4
TX,1131.379167187,291508.486866410,4642209.241040307,1.200000000,2049,11,5
TX,1131.443875307,290400.764616945,4644482.537131437,1.200000000,637,12,4
TX,1131.521355520,291681.853945606,4642119.719685725,1.200000000,2180,12,4
TX,1131.577848773,290903.408483155,4641302.425097384,1.200000000,2592,8,5
TX,1131.606575876,290731.065080230,4641504.170677127,1.200000000,636,8,4
TX,1131.642778192,299734.237233394,4630042.950825680,1.200000000,2154,12,4
TX,1131.699968811,292221.604045506,4637107.738718865,1.200000000,1552,12,4
TX,1131.840478008,289193.465485781,4642164.216858094,1.200000000,277,8,4
TX,1131.894567303,294033.135885237,4640583.414574842,1.200000000,556,11,4
TX,1132.175773021,291946.787312846,4640713.797976130,1.200000000,1733,12,5
TX,1132.208156475,295021.655954445,4642530.628497261,1.200000000,1387,8,4
TX,1132.297186856,290592.592098741,4638843.319030318,1.200000000,1011,11,4
TX,1132.307937824,290971.625879227,4641974.331338085,1.200000000,2828,8,5
TX,1132.391599048,292692.170267578,4641829.797198300,1.200000000,2329,12,4
TX,1132.416834956,294230.921822768,4642758.655653424,1.200000000,2440,10,5
TX,1132.461492140,295140.362304591,4642715.174123059,1.200000000,1969,9,4
TX,1132.487241186,290501.835115731,4641379.575583341,1.200000000,1688,7,4
TX,1132.672116679,273665.153002342,4630676.975736190,1.200000000,1848,12,4
TX,1132.735721868,292766.770244119,4642055.841044877,1.200000000,2452,12,5
TX,1132.790580544,292714.964525088,4641830.187607142,1.200000000,928,12,4
TX,1133.001780271,286716.318199268,4641714.587019149,1.200000000,1887,12,4
TX,1133.010903775,293515.366766750,4646026.721531692,1.200000000,1321,12,4
TX,1133.067742784,289651.365505304,4641755.321973893,1.200000000,2680,7,5
TX,1133.088667704,291952.779980481,4642596.775331647,1.200000000,1147,12,4
TX,1133.338017757,291830.600732727,4642556.660472783,1.200000000,2518,12,4
TX,1133.426916534,291070.050720209,4644042.599965679,1.200000000,927,12,4
TX,1133.450173246,292722.284231776,4641930.571859658,1.200000000,113,12,4
TX,1133.450673763,291061.224275381,4644034.270519370,1.200000000,1592,12,4
TX,1133.665500781,273658.835593173,4630608.014700576,1.200000000,1802,12,4
TX,1133.708096433,273664.131017612,4630691.959316961,1.200000000,1283,12,4
TX,1133.822906803,290778.478338718,4642291.774164568,1.200000000,268,10,5
TX,1134.061517916,291018.523169108,4641989.810305739,1.200000000,2384,10,4
TX,1134.383650142,292319.845662315,4642035.504465559,1.200000000,730,12,4
TX,1134.463520438,273685.127895289,4630678.333716625,1.200000000,437,12,4
TX,1134.830351665,289334.848078398,4634336.835281882,1.200000000,2401,12,4
TX,1134.894817112,290671.122014905,4641304.979112531,1.200000000,147,7,5
TX,1134.917683521,289376.342326795,4646913.666413958,1.200000000,2207,12,4
TX,1134.954915984,288757.354842621,4638534.620422938,1.200000000,816,12,4
TX,1135.018175311,291223.024783357,4641387.264632003,1.200000000,2431,10,4
TX,1135.066447613,289665.692706607,4642177.272019283,1.200000000,2445,9,4
TX,1135.190677340,292763.853274790,4642046.517974475,1.200000000,1635,12,4
TX,1135.204075966,289946.749319707,4634402.022464580,1.200000000,62,12,4
TX,1135.299779929,292689.771022276,4641822.558337093,1.200000000,1650,12,4
TX,1135.558086882,295115.103296134,4642714.765692074,1.200000000,1804,9,4
TX,1135.579492685,292362.069621890,4642002.171654188,1.200000000,1398,12,4
TX,1135.884978998,273703.345304301,4630622.781802204,1.200000000,1374,12,4
TX,1135.997069580,290347.628508597,4643768.156705308,1.200000000,1442,12,4
TX,1136.031712077,291795.322782542,4642803.870866995,1.200000000,2111,12,5
TX,1136.207041964,273694.878321515,4630629.238708450,1.200000000,2574,12,4
TX,1136.242322888,291763.929931248,4642528.399391885,1.200000000,2473,12,4
TX,1136.447670806,291999.877295635,4644015.727893779,1.200000000,1996,12,4
TX,1136.480368838,291612.621344486,4644626.082805638,1.200000000,2620,12,5
TX,1136.486608034,292713.187830242,4641822.554589977,1.200000000,1651,12,4
TX,1136.762903395,290149.136053429,4643336.430966075,1.200000000,298,12,5
TX,1136.772721974,290993.769003860,4641196.715688864,1.200000000,2506,8,5
TX,1136.853598411,290614.279114538,4642304.608526485,1.200000000,2024,9,4
TX,1136.910357963,292526.828104123,4642893.048164668,1.200000000,1857,12,5
TX,1137.377486719,291076.326857228,4641984.479308801,1.200000000,763,10,4
TX,1137.429298841,295111.551170300,4645242.126332196,1.200000000,1962,12,4
TX,1137.437728265,301026.394013566,4645332.636516023,1.200000000,114,12,5
TX,1137.609752762,299748.886331090,4630071.688503229,1.200000000,229,12,4
TX,1137.666076391,291060.816612258,4639066.373112777,1.200000000,1893,12,4
TX,1137.716506586,291467.500998603,4642257.265141614,1.200000000,827,11,4
TX,1137.854940547,290615.731410770,4642288.178271014,1.200000000,2050,9,5
TX,1137.900058573,290482.318378355,4642808.554358321,1.200000000,2341,12,4
TX,1137.965025730,273731.545975826,4630652.234083308,1.200000000,2498,12,4
TX,1137.986694521,293037.367876638,4642601.057634608,1.200000000,1234,12,5
TX,1138.178455907,294468.568928656,4646395.591942964,1.200000000,2737,12,4
TX,1138.284336152,290512.395118483,4642175.326532186,1.200000000,282,9,4
TX,1138.347285622,290413.178473092,4641830.949486275,1.200000000,842,7,5
TX,1138.560385923,291203.846837744,4643233.323780259,1.200000000,748,12,5
TX,1138.641038919,292226.721281277,4637129.964299476,1.200000000,2820,12,4
TX,1138.988206801,292193.666195746,4639427.158068840,1.200000000,2232,12,4
TX,1139.014783361,290801.791516187,4642136.420442306,1.200000000,2113,10,4
TX,1139.054195016,291510.432147741,4641971.898642205,1.200000000,2673,12,5
TX,1139.071288145,292732.931278896,4642036.268075860,1.200000000,343,12,4
TX,1139.121562163,289890.379424844,4642338.641755564,1.200000000,2847,8,4
TX,1139.131529247,273677.552001570,4630685.149012398,1.200000000,289,12,4
TX,1139.432627804,291468.825034716,4641979.215403293,1.200000000,2678,12,4
TX,1139.485574939,292325.031152293,4642044.829031253,1.200000000,1728,12,4
TX,1139.519526108,290694.854998894,4641298.508748706,1.200000000,1048,7,4
TX,1139.594757520,291060.961136202,4640989.138685170,1.200000000,355,7,4
TX,1139.599300962,291034.619113136,4641162.852783170,1.200000000,2579,8,4
TX,1139.754475168,290402.555650757,4644247.956426353,1.200000000,1189,12,4
TX,1139.937906170,292086.209602580,4637002.315412954,1.200000000,741,12,4
TX,1140.025651371,293522.591999689,4607454.737003904,1.200000000,1186,12,5
TX,1140.052446864,294048.621893221,4642932.200864080,1.200000000,354,12,4
TX,1140.069726345,291042.559325966,4640473.894050084,1.200000000,2046,8,4
TX,1140.073315985,267675.265472755,4645211.152391549,1.200000000,2051,12,5
TX,1140.141324364,294296.851472894,4644158.784939925,1.200000000,2566,12,4
TX,1140.167022694,291070.956406329,4641639.602654261,1.200000000,12,9,4
TX,1140.382425174,274998.476048287,4630369.484006668,1.200000000,1959,12,4
TX,1140.409232357,289525.643927902,4641684.422233573,1.200000000,645,7,4
TX,1140.409882575,291674.979702846,4642113.156867376,1.200000000,2463,12,4
TX,1140.430383610,291826.320298202,4642519.614867738,1.200000000,1890,12,5
TX,1140.713963139,288879.241871672,4640088.836178638,1.200000000,2799,8,4
TX,1140.733499298,291837.252870764,4641071.267732809,1.200000000,533,11,4
TX,1140.746578758,273696.951355901,4630640.373152069,1.200000000,1271,12,5
TX,1140.747822238,294533.883522658,4646535.882255310,1.200000000,867,12,4
TX,1140.761504280,290375.265135310,4641792.961497375,1.200000000,841,7,4
TX,1140.807457462,295106.518165661,4646738.624632975,1.200000000,851,12,4
TX,1140.918159277,296268.654494540,4644364.977279896,1.200000000,995,12,4
TX,1140.938835724,287751.079378240,4639378.502219676,1.200000000,1535,12,4
TX,1141.189318901,291146.782104691,4642483.561947936,1.200000000,1043,12,4
TX,1141.217463202,293365.426854787,4642707.848310456,1.200000000,793,12,4
TX,1141.510418943,290494.527509170,4640629.673525698,1.200000000,1935,7,4
TX,1141.635231195,293058.078209428,4641293.876061794,1.200000000,51,12,4
TX,1141.697544960,290787.790589421,4642270.941619968,1.200000000,1653,10,4
TX,1141.886094451,289679.436784512,4642085.632062655,1.200000000,991,9,5
TX,1141.904990829,291238.071083151,4642275.443537498,1.200000000,963,11,4
TX,1142.272304946,291807.238447641,4642476.871581287,1.200000000,1110,12,5
TX,1142.343346239,291304.809300692,4642009.411264595,1.200000000,1163,11,4
TX,1142.436985550,290895.661242981,4638725.489176401,1.200000000,1397,12,4
TX,1142.675113206,291251.047033516,4641265.154957864,1.200000000,242,8,5
TX,1142.872927623,289758.119089645,4644315.683413910,1.200000000,855,12,5
TX,1143.027605120,273679.012680099,4630624.700064487,1.200000000,1211,12,4
TX,1143.220614440,291128.610233314,4641203.461370673,1.200000000,2007,9,5
TX,1143.385339666,292323.478468724,4642049.454559980,1.200000000,2511,12,4
TX,1143.429937833,293194.546516616,4642660.278357448,1.200000000,2749,12,4
TX,1143.444744326,290612.379185433,4640637.821134396,1.200000000,2000,7,4
TX,1143.511436406,298904.976774109,4642467.892338242,1.200000000,2810,12,4
TX,1143.580989808,293322.499470983,4642696.583049185,1.200000000,695,12,4
TX,1143.624874412,290715.755765244,4644586.785947238,1.200000000,961,12,5
TX,1143.682698745,291523.344606209,4643840.608519983,1.200000000,2462,12,5
TX,1143.738848519,290239.410096892,4640954.617620453,1.200000000,729,7,4
TX,1143.888353111,290325.057931780,4636243.748710371,1.200000000,2754,12,4
TX,1143.927226335,290610.205471580,4639781.150091563,1.200000000,2480,9,4
TX,1143.963096867,290418.090176668,4642047.451127269,1.200000000,832,10,4
TX,1143.966667186,290748.430277332,4642877.158424742,1.200000000,559,12,4
TX,1143.984285822,291676.692492367,4642789.586296938,1.200000000,2658,12,4
TX,1144.082667247,288826.397865470,4639873.443027859,1.200000000,600,9,5
TX,1144.306764933,286440.052232856,4631302.982757381,1.200000000,2568,12,4
TX,1144.342152575,298651.140997665,4639403.270860473,1.200000000,875,12,4
TX,1144.376503337,289120.315466467,4642464.945151594,1.200000000,2214,11,4
TX,1144.464498017,273715.568927614,4630634.090281309,1.200000000,1367,12,4
TX,1144.532090084,293155.331186394,4641043.983026986,1.200000000,270,12,4
TX,1144.564321434,291816.337031161,4642872.009194217,1.200000000,176,12,4
TX,1144.680802362,293104.657032115,4640726.003513510,1.200000000,2275,12,4
TX,1144.696025896,292351.382007399,4639798.730357592,1.200000000,1812,12,4
TX,1144.794259317,271924.309578287,4630612.497730899,1.200000000,1546,12,4
TX,1144.890907527,290347.641943476,4640377.260806587,1.200000000,221,7,5
TX,1144.998641240,271938.192213622,4630635.987713628,1.200000000,1846,12,5
TX,1145.069750709,273714.677258167,4630675.998266441,1.200000000,1883,12,4
TX,1145.070297027,291128.799048336,4644343.372929289,1.200000000,898,12,5
TX,1145.076443402,291280.292052085,4642267.729660743,1.200000000,2811,12,4
TX,1145.230678379,291297.370679407,4641987.647728425,1.200000000,1014,11,4
TX,1145.257315077,290199.983433123,4641229.102487071,1.200000000,333,7,4
TX,1145.268443859,291069.246397654,4643996.231507634,1.200000000,510,12,4
TX,1145.384576337,296663.277883752,4646464.163014141,1.200000000,711,12,4
TX,1145.871478042,288340.778779261,4643018.052099327,1.200000000,2221,12,4
TX,1145.927950263,293084.009393709,4640586.156789837,1.200000000,900,12,4
TX,1146.127142441,293907.027744980,4640692.479758221,1.200000000,2385,12,4
TX,1146.331981711,291813.052505518,4640473.951978989,1.200000000,2057,12,5
TX,1146.373232758,292201.846418020,4644138.607803509,1.200000000,48,12,4
TX,1146.463423552,293847.908171044,4641559.626814011,1.200000000,1400,10,4
TX,1146.486754440,289172.161485379,4642534.417817913,1.200000000,575,10,4
TX,1146.571305317,291042.670043887,4644049.627606087,1.200000000,1660,12,5
TX,1146.581872732,291924.899999608,4642582.296610869,1.200000000,623,12,5
TX,1146.680789820,292839.522253302,4643589.972253468,1.200000000,2487,12,5
TX,1146.738332867,292288.366271088,4641750.423990748,1.200000000,201,12,4
TX,1146.760603258,289325.754839168,4634331.480282127,1.200000000,1026,12,4
TX,1146.810928462,289887.689303291,4642397.207665673,1.200000000,422,10,4
TX,1146.845805375,295782.807196339,4642551.989046815,1.200000000,1030,7,5
TX,1146.923089024,289032.663005540,4639034.946180874,1.200000000,2361,11,4
TX,1146.978207721,292188.365643923,4641902.127434291,1.200000000,317,12,4
TX,1147.172168540,288984.364323321,4642582.678696702,1.200000000,2665,11,4
TX,1147.174207572,291513.122662830,4644132.890616472,1.200000000,2460,12,4
TX,1147.257492438,289916.823337714,4641646.970122037,1.200000000,2379,7,4
TX,1147.415168265,289292.170273834,4643711.060015040,1.200000000,587,12,4
TX,1147.425469943,284232.974483435,4630363.756157707,1.200000000,651,12,5
TX,1147.438921789,290503.895162177,4635727.442268364,1.200000000,1364,12,4
TX,1147.474065845,290478.980790904,4640625.491321579,1.200000000,629,7,4
TX,1147.827574308,288060.293414430,4645677.980306165,1.200000000,2262,12,4
TX,1147.908077619,292347.937725352,4641699.740710296,1.200000000,2105,12,4
TX,1147.986006903,290272.426634906,4642016.909778388,1.200000000,1039,8,4
TX,1147.999684776,291016.845691152,4641965.541764122,1.200000000,949,10,4
TX,1148.073693944,290532.265193149,4641003.953761959,1.200000000,1712,7,4
TX,1148.225095252,286959.977284893,4641228.964212256,1.200000000,2321,12,4
TX,1148.439950508,295137.091224592,4642711.313110949,1.200000000,497,9,4
TX,1148.453065874,290343.984787475,4641855.098748026,1.200000000,2081,7,5
TX,1148.455767803,291179.875188775,4641287.878596710,1.200000000,563,10,5
TX,1148.561109095,291845.092982714,4641946.503105397,1.200000000,512,12,4
TX,1148.670320778,294630.624513837,4643023.272818958,1.200000000,2123,12,5
TX,1148.779515711,299726.210784995,4630070.662691466,1.200000000,2240,12,4
TX,1148.821869889,292147.453194052,4640271.515733344,1.200000000,2423,12,5
TX,1148.972722480,292799.132929631,4642023.396067750,1.200000000,2450,12,4
TX,1149.047015111,294318.934522291,4643118.713799825,1.200000000,1336,10,5
TX,1149.218132382,273649.406884509,4630646.540445545,1.200000000,2302,12,4
TX,1149.261066278,272000.139567599,4630566.405936808,1.200000000,986,12,4
TX,1149.374291515,289875.440500621,4638571.445403750,1.200000000,2378,12,4
TX,1149.377464948,291215.581627232,4641300.964946344,1.200000000,2732,10,4
TX,1149.587610807,290970.014732892,4641176.521840313,1.200000000,214,8,4
TX,1149.616790225,289008.332537292,4641947.798747746,1.200000000,701,9,4
TX,1149.868517020,292543.285173746,4641958.251070088,1.200000000,1307,12,4
TX,1149.954121005,291219.588185985,4641280.769287005,1.200000000,647,9,4
TX,1149.971018839,291850.090449241,4642551.274081036,1.200000000,1844,12,4
TX,1150.065291961,294342.243922993,4642720.643045444,1.200000000,608,10,4
TX,1150.413839842,291222.795705781,4642285.478818256,1.200000000,1405,12,4
TX,1150.519892154,295093.768671280,4642832.338121962,1.200000000,2390,9,4
TX,1150.537947786,289621.493186251,4643588.783208341,1.200000000,2386,12,4
TX,1150.557476883,288140.874414779,4642004.573023392,1.200000000,850,12,4
TX,1150.588726265,292162.387612834,4641882.153011033,1.200000000,1345,12,5
TX,1150.622482675,292532.657385478,4642917.522727849,1.200000000,2640,12,4
TX,1150.634401957,286704.758901955,4645108.998824655,1.200000000,2398,12,4
TX,1150.660585454,291026.581238061,4641750.966744817,1.200000000,1906,8,5
TX,1150.702010581,290014.752649975,4641536.063296510,1.200000000,863,7,4
TX,1150.769180379,301418.683661611,4642761.915593037,1.200000000,856,12,4
TX,1150.770183294,289611.606253680,4643583.488659900,1.200000000,2519,12,4
TX,1150.888061158,293261.641887825,4641004.646613026,1.200000000,2173,12,4
TX,1150.896696273,273673.134153374,4630695.878491778,1.200000000,2337,12,4
TX,1150.979909990,290359.649611407,4641425.143565595,1.200000000,1931,7,4
TX,1150.989278980,291368.121795786,4638516.521696234,1.200000000,2652,12,4
TX,1151.291866837,290368.921752001,4641452.126680584,1.200000000,1926,7,4
TX,1151.299968679,292030.916782677,4645852.203406878,1.200000000,2172,12,4
TX,1151.454992228,291154.079069464,4642398.348903746,1.200000000,16,12,4
TX,1151.563172839,272713.904139258,4629886.464832208,1.200000000,781,12,4
TX,1151.759183196,287589.256445791,4641427.205199515,1.200000000,2671,12,5
TX,1151.837173465,291241.048288629,4642288.801028669,1.200000000,1012,11,4
TX,1151.963992898,289663.529395133,4643509.572665283,1.200000000,1510,12,5
TX,1151.965708922,291754.393162541,4642392.648967221,1.200000000,2433,12,5
TX,1152.045225030,291675.746930661,4642096.493490484,1.200000000,2358,12,4
TX,1152.070443881,289873.830139342,4638356.741947571,1.200000000,399,12,5
TX,1152.120498952,269749.836393442,4628493.273878188,1.200000000,814,12,4
TX,1152.141680559,289306.262841785,4639775.052945051,1.200000000,513,9,4
TX,1152.240346963,295141.681528595,4642702.603964914,1.200000000,2675,9,4
TX,1152.317244858,290975.054999362,4640778.992734966,1.200000000,1915,8,4
TX,1152.346351873,291666.076878074,4642113.679000746,1.200000000,2432,12,5
TX,1152.460297613,291859.276004265,4642560.498748259,1.200000000,845,12,5
TX,1152.751392871,295760.543602003,4645524.986071748,1.200000000,825,12,5
TX,1152.757134919,291028.649409793,4641934.720051274,1.200000000,1231,9,4
TX,1152.835180446,290129.905517906,4635340.888344719,1.200000000,2611,12,4
TX,1153.100058205,291681.890154212,4642100.449646835,1.200000000,424,12,4
TX,1153.216076997,274341.884568034,4630726.672383576,1.200000000,1245,12,5
TX,1153.269419671,299748.112725626,4630064.187188917,1.200000000,2260,12,4
TX,1153.291154372,292123.378698150,4641373.620418973,1.200000000,2108,12,4
TX,1153.339058368,271834.992107471,4630685.201692040,1.200000000,749,12,5
TX,1153.445405823,292781.420397411,4642015.452314411,1.200000000,336,12,4
TX,1153.499786342,291963.002395341,4641090.642243310,1.200000000,398,12,4
TX,1153.503285301,291960.631640007,4643700.945601161,1.200000000,2694,12,4
TX,1153.563030503,289394.484478379,4640142.906914684,1.200000000,2597,7,4
TX,1153.569302975,292419.793921662,4639748.886990118,1.200000000,889,12,4
TX,1153.595431185,294588.684606002,4645210.828390670,1.200000000,2116,12,4
TX,1153.647861361,299355.040307030,4643079.684527169,1.200000000,1854,12,4
TX,1153.717075762,290634.920976656,4641336.518100905,1.200000000,460,7,4
TX,1153.762914878,291714.126304418,4642757.192461506,1.200000000,472,12,4
TX,1153.762979517,286726.955723512,4634390.383047529,1.200000000,871,12,4
TX,1153.829283526,284808.913405960,4631806.322084148,1.200000000,104,12,4
TX,1153.876837107,292642.128206741,4642030.495244076,1.200000000,2396,12,4
TX,1154.252605134,289831.734836471,4639590.325454590,1.200000000,2072,9,5
TX,1154.254026035,290279.015793371,4646981.994486690,1.200000000,1882,12,4
TX,1154.259674798,281987.814123955,4632786.935534624,1.200000000,663,12,5
TX,1154.623135555,291853.066826615,4642564.409316305,1.200000000,887,12,4
TX,1154.646445685,290376.870812867,4643860.041992517,1.200000000,2606,12,4
TX,1154.673652210,292539.076587642,4642921.966667010,1.200000000,2492,12,4
TX,1154.765602712,290668.585305140,4641309.568167086,1.200000000,2425,7,5
TX,1154.966823123,296510.829533639,4638995.684683315,1.200000000,443,12,5
TX,1155.203987503,288913.897694037,4643701.295458727,1.200000000,1344,12,4
TX,1155.354058463,291532.775636107,4641944.657439834,1.200000000,1696,11,4
TX,1155.360107504,291434.048316013,4641308.058117636,1.200000000,934,10,4
TX,1155.476494077,290450.284652313,4642023.443600629,1.200000000,2509,10,4
TX,1155.562171601,289786.462388101,4643212.663186602,1.200000000,2056,12,5
TX,1155.625875273,290988.166060725,4641869.132630345,1.200000000,1777,8,4
TX,1155.884338157,295136.863879590,4642723.511932140,1.200000000,1745,9,5
TX,1156.093077996,289332.236372783,4639784.061452490,1.200000000,409,9,4
TX,1156.191447257,295389.268761639,4639961.055214088,1.200000000,2095,12,4
TX,1156.225623893,292981.516434369,4644206.093009246,1.200000000,1928,12,4
TX,1156.354691448,290311.696882609,4647126.568711827,1.200000000,1200,12,4
TX,1156.452720361,291601.688372397,4641039.066170878,1.200000000,1475,10,4
TX,1156.492432484,272591.883569992,4627310.778969468,1.200000000,2157,12,4
TX,1156.558642460,292111.166106132,4641832.305629109,1.200000000,979,12,5
TX,1156.593022416,291992.732577050,4642871.172772723,1.200000000,2598,12,5
TX,1156.623384132,292009.172445164,4643729.154938255,1.200000000,181,12,4
TX,1156.838502921,290351.149749759,4641818.646530177,1.200000000,843,7,4
TX,1156.936689152,292840.378051372,4641925.884575796,1.200000000,2448,12,5
TX,1156.949380709,293312.671287896,4644273.004550155,1.200000000,403,12,5
TX,1156.981576682,293564.139508146,4641475.214279550,1.200000000,1705,12,4
TX,1157.327108165,290616.730282962,4642921.687722676,1.200000000,451,12,5
TX,1157.365642075,290638.091006959,4646531.005600948,1.200000000,1710,12,4
TX,1157.392890233,291730.217822362,4642143.167556192,1.200000000,1560,12,4
TX,1157.598157022,287867.133651197,4640914.867175965,1.200000000,2513,10,4
TX,1157.859106090,273561.653126497,4630227.714690107,1.200000000,2136,12,4
TX,1157.956234968,291801.598948536,4640764.552925137,1.200000000,2748,12,4
TX,1158.004087359,289545.680491469,4643530.244039269,1.200000000,778,12,4
TX,1158.130432100,292570.409904085,4643865.305032964,1.200000000,177,12,4
TX,1158.222079387,292183.692074939,4641891.947340203,1.200000000,654,12,5
TX,1158.270215606,293278.596155546,4639501.751918282,1.200000000,1803,12,4
TX,1158.385926670,296007.159368445,4649636.927995630,1.200000000,2280,12,4
TX,1158.393333431,292180.128631637,4640516.488638692,1.200000000,1923,12,4
TX,1158.588914464,287931.876206186,4643322.279412325,1.200000000,555,12,4
TX,1158.600146707,291469.998785044,4636440.182228609,1.200000000,2316,12,4
TX,1158.732417658,289995.360007482,4641923.369017733,1.200000000,191,8,5
TX,1158.930467815,290388.094157441,4641407.898544737,1.200000000,1834,7,4
TX,1159.047637579,290459.324019901,4640651.262550918,1.200000000,1826,7,4
TX,1159.063199100,290819.914778214,4641300.916358248,1.200000000,245,7,4
TX,1159.136435505,289220.852435064,4642535.634565283,1.200000000,381,10,4
TX,1159.243719149,291238.638312022,4641247.764848854,1.200000000,27,8,4
TX,1159.300054962,290322.035505256,4641444.562807127,1.200000000,2534,7,4
TX,1159.440635863,289501.802152072,4640225.978670257,1.200000000,1872,7,4
TX,1159.631676025,289814.079974504,4638526.092295513,1.200000000,2542,12,4
TX,1159.774286202,289912.340831279,4639754.502655436,1.200000000,2851,7,4
TX,1159.869693446,298198.261006840,4639263.719215986,1.200000000,430,12,5
TX,1159.881050654,289692.487162066,4639232.521830731,1.200000000,2003,9,4
TX,1160.097240578,291334.503702210,4642010.290702622,1.200000000,2719,11,5
TX,1160.195129279,289154.833542673,4640377.514812016,1.200000000,1702,7,5
TX,1160.211748065,290555.131044056,4646866.015999538,1.200000000,1835,12,4
TX,1160.387637291,290076.606002868,4645127.331618367,1.200000000,1875,12,5
TX,1160.406901900,290796.220996726,4643125.580784702,1.200000000,2211,12,5
TX,1160.473253488,285805.822648389,4645038.353744026,1.200000000,2054,12,5
TX,1160.741029860,292076.675062167,4642437.137810156,1.200000000,2773,12,4
TX,1161.090323113,289947.452742914,4634406.017944547,1.200000000,710,12,4
TX,1161.234831674,290971.948355130,4641333.060353657,1.200000000,1108,8,4
TX,1161.314924959,292507.090831618,4642715.105657166,1.200000000,782,12,5
TX,1161.330048978,288867.079036572,4643696.222937272,1.200000000,2009,12,4
TX,1161.397959753,287780.397723781,4643475.777661209,1.200000000,638,12,4
TX,1161.695269117,292095.435646121,4640517.564515713,1.200000000,2407,12,4
TX,1161.719393222,291891.321756154,4642574.587256925,1.200000000,2601,12,4
TX,1162.022695778,291871.260839107,4648635.356059389,1.200000000,1832,12,4
TX,1162.183670334,271819.159244203,4630667.950862192,1.200000000,1856,12,4
TX,1162.183822834,290390.679694615,4643138.626703629,1.200000000,1341,12,5
TX,1162.235764566,291999.752055815,4643710.954422000,1.200000000,189,12,4
TX,1162.457446894,287850.479355333,4642112.534415035,1.200000000,216,12,5
TX,1162.468554193,292676.540911219,4641806.418664613,1.200000000,1389,12,5
TX,1162.478409230,292664.632630197,4643676.422408632,1.200000000,2633,12,5
TX,1162.549267284,290738.392438930,4642907.859580171,1.200000000,2454,12,4
TX,1162.664828611,291189.621112901,4641293.805260063,1.200000000,703,10,5
TX,1163.057304104,291028.110631645,4642048.880454456,1.200000000,2685,10,4
TX,1163.394612314,292224.527929370,4641367.637569973,1.200000000,1866,12,4
TX,1163.539671968,291843.941760023,4642486.171249886,1.200000000,543,12,5
TX,1163.640257890,289413.072947312,4645412.838109281,1.200000000,2712,12,5
TX,1163.701714222,281676.066789112,4632759.574045737,1.200000000,1843,12,4
TX,1163.765508225,291584.817155372,4642099.050186565,1.200000000,1901,10,4
TX,1163.982527217,291100.589290767,4641940.982788606,1.200000000,419,9,5
TX,1164.514750647,290095.963744575,4640905.340955527,1.200000000,1971,7,4
TX,1164.608893343,291728.397992470,4642823.790688557,1.200000000,1594,12,5
TX,1164.724421634,291381.883549559,4642121.439070545,1.200000000,2830,12,4
TX,1165.022643919,287562.950396840,4641337.741142325,1.200000000,455,12,4
TX,1165.147348212,289943.972146122,4642822.367370146,1.200000000,2751,11,5
TX,1165.273707714,291015.709722261,4641841.337107061,1.200000000,1778,9,4
TX,1165.329347846,291250.011523294,4642262.796324570,1.200000000,1115,11,5
TX,1165.491150866,290366.282898679,4641797.139958187,1.200000000,1462,7,4
TX,1165.503697210,285262.405366917,4638599.823210114,1.200000000,1,12,5
TX,1165.827686863,291014.500942549,4639051.629498087,1.200000000,506,12,4
TX,1165.949904379,290492.744099931,4640640.424348681,1.200000000,203,7,5
TX,1166.039148423,291041.931192889,4644055.075823084,1.200000000,632,12,5
TX,1166.093148027,282864.747336205,4632897.247421979,1.200000000,2554,12,4
TX,1166.128284939,290351.971803031,4643775.582342709,1.200000000,29,12,4
TX,1166.135546531,287763.164642601,4639355.078419403,1.200000000,230,12,4
TX,1166.330930581,290366.487398025,4640853.837935052,1.200000000,667,7,4
TX,1166.334951545,289744.844212002,4639982.220467431,1.200000000,2395,7,4
TX,1166.462279237,290327.033477473,4644076.450407949,1.200000000,1114,12,4
TX,1166.585623980,290765.527210434,4642280.178274213,1.200000000,2578,10,5
TX,1166.671225473,291081.922733950,4639320.436402170,1.200000000,142,11,5
TX,1166.809116347,280205.566737643,4632618.060901674,1.200000000,493,12,4
TX,1166.839529316,295141.641616367,4642685.346240370,1.200000000,2792,9,5
TX,1166.865468662,291140.198772215,4641380.650730725,1.200000000,1661,10,4
TX,1166.871878122,292138.319660018,4642983.671293164,1.200000000,9,12,5
TX,1167.016890058,290668.001547343,4641300.655867810,1.200000000,2785,7,4
TX,1167.042381821,290364.579547123,4641791.683527449,1.200000000,2491,7,4
TX,1167.095995949,271666.628322534,4630626.728947891,1.200000000,1618,12,4
TX,1167.204746605,291981.185374454,4642322.264647765,1.200000000,723,12,4
TX,1167.221043456,290653.355520317,4641331.021515924,1.200000000,1107,7,4
TX,1167.248320395,290650.689159916,4642717.073069149,1.200000000,67,10,4
TX,1167.325337214,290344.891908487,4643337.695405899,1.200000000,2183,12,4
TX,1167.360567472,292136.615388043,4642977.300055122,1.200000000,2204,12,4
TX,1167.385085325,290434.157323788,4644514.789734151,1.200000000,159,12,4
TX,1167.847790758,292771.628360109,4640805.027154292,1.200000000,1821,12,5
TX,1168.022971548,292429.261219182,4639304.125230247,1.200000000,1640,12,4
TX,1168.290037433,290757.116054820,4642880.428575669,1.200000000,1312,12,4
TX,1168.311406208,291364.256805898,4642026.885267012,1.200000000,956,11,4
TX,1168.358182714,292521.884083871,4642916.807972522,1.200000000,174,12,4
TX,1168.579064102,293400.068289131,4640416.798634861,1.200000000,765,12,4
TX,1168.606164880,291993.650764723,4643717.126936696,1.200000000,2165,12,4
TX,1168.705702296,291790.911669996,4641620.705560701,1.200000000,1129,12,4
TX,1168.732475694,290661.808390373,4641930.578079850,1.200000000,1666,9,4
TX,1168.966371922,291103.518874812,4641358.926333163,1.200000000,266,9,4
TX,1169.000159292,290975.726846918,4641351.772808209,1.200000000,2140,8,4
TX,1169.212556108,285404.961730038,4640954.533344333,1.200000000,313,12,5
TX,1169.338112688,290213.609966363,4644698.496146716,1.200000000,1390,12,4
TX,1169.473415820,290622.062007201,4641338.276635978,1.200000000,1730,7,4
TX,1169.487431519,290598.836452614,4644425.045548787,1.200000000,588,12,4
TX,1169.538742803,290934.858562112,4642874.008124750,1.200000000,1139,12,4
TX,1170.097149721,289902.628184290,4644403.644555205,1.200000000,828,12,4
TX,1170.333695388,293590.165809193,4639629.641632929,1.200000000,1378,12,4
TX,1170.576531579,291826.423247752,4641326.717169151,1.200000000,2159,10,4
TX,1170.715997897,290368.756190155,4635243.898478407,1.200000000,2243,12,4
TX,1170.728179935,292051.064713756,4643679.736602544,1.200000000,182,12,4
TX,1170.769034691,293138.499456047,4638900.077322603,1.200000000,2399,12,4
TX,1171.006874049,292656.424548756,4641811.673145588,1.200000000,1957,12,4
TX,1171.010383843,287900.400836911,4643993.293109000,1.200000000,222,12,4
TX,1171.509063204,290129.398572223,4640820.152443985,1.200000000,2413,7,5
TX,1171.594151718,273363.278964886,4630030.371579739,1.200000000,2071,12,5
TX,1171.626003418,291172.371304154,4641346.907928767,1.200000000,1819,10,4
TX,1171.950055905,290681.235415332,4641305.539589578,1.200000000,1354,7,4
TX,1172.088681498,290477.688037839,4640629.126125383,1.200000000,1924,7,4
TX,1172.158170549,291864.119679897,4642557.746953068,1.200000000,265,12,5
TX,1172.307227661,292293.391021713,4637640.688924256,1.200000000,2608,12,5
TX,1172.334069892,295450.394049710,4637006.176240108,1.200000000,1049,12,4
TX,1172.642301161,289799.407255957,4638771.313664983,1.200000000,2166,12,5
TX,1172.692065654,289315.148398302,4639759.316000189,1.200000000,687,9,4
TX,1172.828244173,291817.806514521,4642536.749868529,1.200000000,1244,12,5
TX,1172.852983394,291041.671988117,4632359.051729713,1.200000000,1199,12,4
TX,1173.416610631,289905.020859968,4640929.574167219,1.200000000,2837,7,4
TX,1173.523113152,290524.739901396,4642898.920004161,1.200000000,2397,12,5
TX,1173.559311911,290607.018340241,4645905.604492100,1.200000000,2727,12,4
TX,1173.618101177,292686.185849832,4641788.040425351,1.200000000,2631,12,4
TX,1173.854259341,292691.362836682,4641811.112984691,1.200000000,1331,12,4
TX,1173.945786498,289986.981902800,4642381.824323235,1.200000000,540,10,4
TX,1173.988524536,292400.390753748,4644423.528694022,1.200000000,2164,12,4
TX,1174.114640035,289721.134296063,4647154.276119498,1.200000000,2058,12,4
TX,1174.183279044,289491.711967686,4643913.570563478,1.200000000,2550,12,4
TX,1174.358878594,291238.122756945,4641249.264520753,1.200000000,2274,8,5
TX,1174.386870098,292254.457470571,4638699.666936530,1.200000000,2575,12,4
TX,1174.488480434,287837.980305854,4643316.274065699,1.200000000,2085,12,5
TX,1174.553595377,289391.902949453,4643944.032690206,1.200000000,2740,12,4
TX,1174.564385413,289155.807785034,4642529.408734205,1.200000000,1481,10,4
TX,1174.602852058,287574.070227765,4641419.191276040,1.200000000,1141,12,4
TX,1174.821709749,295205.678257908,4645339.156354903,1.200000000,328,12,4
TX,1174.839957651,290373.369184547,4640706.633391314,1.200000000,2477,7,5
TX,1174.894470423,292692.255383367,4643738.944958807,1.200000000,1158,12,4
TX,1174.915777534,291030.239385559,4641977.557510169,1.200000000,498,10,5
TX,1174.926412024,292150.207627420,4642187.846544696,1.200000000,2030,12,5
TX,1174.933608665,271592.964252439,4630602.843997033,1.200000000,550,12,5
TX,1174.964607962,292671.977119496,4643707.355296559,1.200000000,878,12,4
TX,1174.992528762,291534.986349104,4641114.498821118,1.200000000,1743,11,5
TX,1175.092759512,271805.776377541,4630262.013217055,1.200000000,2298,12,5
TX,1175.213280878,290783.993501056,4637974.585325015,1.200000000,54,12,5
TX,1175.243731202,288442.305832388,4639062.398026780,1.200000000,937,12,4
TX,1175.341329620,292043.549567543,4640498.628944892,1.200000000,1836,12,4
TX,1175.344664059,289970.240897364,4634455.879596096,1.200000000,1861,12,4
TX,1175.411238110,290378.878308591,4643176.930192650,1.200000000,481,12,4
TX,1175.495427741,287065.096403734,4634230.237118516,1.200000000,1968,12,5
TX,1175.633310412,292236.086123100,4642261.745480609,1.200000000,2839,12,5
TX,1175.662930185,291639.216993954,4641058.865080684,1.200000000,1903,10,5
TX,1175.666624433,273444.298384117,4631065.373762541,1.200000000,2850,12,4
TX,1175.833524959,289638.209057488,4641754.820047055,1.200000000,149,7,4
TX,1175.963239180,288324.030788481,4642926.051400864,1.200000000,1987,12,4
TX,1176.041770029,291726.417066365,4642382.033823171,1.200000000,890,12,4
TX,1176.390886033,290741.556283722,4642899.093573856,1.200000000,134,12,4
TX,1176.459742731,290804.254699900,4642290.370311354,1.200000000,1798,10,4
TX,1176.689628652,291600.014072649,4640926.129705350,1.200000000,2021,10,5
TX,1176.883782909,293199.686959405,4640443.646466395,1.200000000,2632,12,4
TX,1176.894506847,273706.533462295,4630616.182746138,1.200000000,2415,12,4
TX,1176.903341745,291858.938648408,4642565.138245014,1.200000000,366,12,4
TX,1176.919201098,291046.665579459,4641102.380592878,1.200000000,157,8,5
TX,1176.965667692,290257.700727357,4642815.381200824,1.200000000,745,11,5
TX,1177.096517493,299759.885476966,4630056.784812008,1.200000000,2359,12,5
TX,1177.194740057,273677.214658416,4630673.591308332,1.200000000,1190,12,4
TX,1177.370278072,291921.942257472,4642579.981816611,1.200000000,1149,12,5
TX,1177.386064720,293359.723852700,4640084.409554756,1.200000000,2059,12,4
TX,1177.665212597,291728.849354105,4642787.774869594,1.200000000,857,12,4
TX,1177.698829406,290736.747899888,4642882.425003292,1.200000000,408,12,5
TX,1177.759814348,286455.845914167,4642583.429421550,1.200000000,2167,12,5
TX,1177.819113838,290078.596235495,4641540.044781996,1.200000000,1441,7,4
TX,1178.001567745,292725.481725962,4642062.325005169,1.200000000,946,12,4
TX,1178.110566179,291731.373861994,4645034.245906604,1.200000000,2752,12,4
TX,1178.198249428,290064.964525574,4644519.384966773,1.200000000,1287,12,4
TX,1178.319163034,290842.251348517,4642270.341380855,1.200000000,2269,10,4
TX,1178.383129210,290742.486400889,4642891.030460601,1.200000000,1526,12,5
TX,1178.474963773,256252.401884746,4651845.327516531,1.200000000,2044,12,5
TX,1178.507921516,299427.193654152,4635121.448295672,1.200000000,1004,12,5
TX,1178.535732773,291834.507100137,4642434.311327979,1.200000000,402,12,5
TX,1178.800045080,291141.313729225,4641229.985688427,1.200000000,1340,9,4
TX,1178.862759848,271796.155107823,4630708.646827630,1.200000000,1542,12,5
TX,1179.227888566,293193.987981936,4643707.488095858,1.200000000,2738,12,5
TX,1179.506884605,273700.966554376,4630629.271821935,1.200000000,2845,12,4
TX,1179.507176317,291026.709251795,4641955.286452136,1.200000000,944,10,5
TX,1179.518681388,292535.930630765,4641938.889711689,1.200000000,2796,12,5
TX,1179.520520688,291713.213994985,4642131.075536018,1.200000000,2177,12,4
TX,1179.563067040,290404.882417794,4642971.981925096,1.200000000,603,12,4
TX,1179.854794947,290344.029882701,4636683.838006174,1.200000000,2148,12,5
TX,1179.855890454,291811.649097748,4641413.198239239,1.200000000,2124,12,4
TX,1179.914898996,291556.253376321,4642624.190508191,1.200000000,2593,12,4
TX,1180.103734737,290752.739696226,4642885.278639339,1.200000000,1985,12,5
TX,1180.248769430,290884.940022756,4641343.323553987,1.200000000,2006,7,5
TX,1180.259766739,289825.811393856,4641109.007355139,1.200000000,2273,7,4
TX,1180.372601237,290597.686801445,4642297.097441184,1.200000000,2787,9,5
TX,1180.437176509,276882.594423067,4632288.518917625,1.200000000,358,12,4
TX,1180.484970852,290816.018807297,4638208.016273774,1.200000000,231,12,5
TX,1180.488246989,273708.292433371,4630645.675097409,1.200000000,1919,12,4
TX,1180.566744338,290086.736321844,4641496.014747403,1.200000000,2253,7,4
TX,1180.624891480,292147.931023082,4637054.291180794,1.200000000,2426,12,4
TX,1180.713610499,292146.922556879,4642208.930298314,1.200000000,1292,12,5
TX,1180.766950840,290483.083191569,4641434.052889347,1.200000000,101,7,4
TX,1180.867295187,287866.257158505,4638069.653845130,1.200000000,1978,12,5
TX,1180.926267014,292470.828359845,4641378.810385960,1.200000000,1789,12,5
TX,1181.211080240,291026.483910191,4641946.913105573,1.200000000,2716,10,5
TX,1181.217534940,291077.328394404,4641594.733328879,1.200000000,1984,9,4
TX,1181.219269935,290088.132461733,4642387.143263647,1.200000000,2245,9,5
TX,1181.302402320,291995.566118488,4642599.655896014,1.200000000,584,12,4
TX,1181.359667814,292575.838848260,4641399.076022513,1.200000000,1954,12,4
TX,1181.411307015,291927.865795875,4641688.851021660,1.200000000,2181,12,4
TX,1181.597167387,294820.733044058,4646094.145816384,1.200000000,2743,12,5
TX,1181.641103711,290359.012975057,4646161.850072974,1.200000000,2814,12,5
TX,1181.745735206,289939.907302793,4634392.598983597,1.200000000,1419,12,5
TX,1181.950300614,298099.633016245,4631646.852207178,1.200000000,1912,12,4
TX,1182.033895702,290084.898607166,4641544.372477804,1.200000000,396,7,5
TX,1182.344931827,297676.233349002,4636719.969606325,1.200000000,66,12,5
TX,1182.478867094,292333.527024630,4642043.573526409,1.200000000,320,12,4
TX,1182.482437489,290960.864133418,4640777.720312010,1.200000000,1793,8,4
TX,1182.490843234,290108.305349297,4641501.238215589,1.200000000,822,7,4
TX,1182.528778464,291034.781906350,4641931.503308556,1.200000000,2843,9,4
TX,1182.554968490,292523.483723106,4642911.280058879,1.200000000,2784,12,4
TX,1182.709982713,291224.067122496,4640454.649680704,1.200000000,347,8,4
TX,1182.743024297,286857.948863639,4631128.091722802,1.200000000,1122,12,5
TX,1182.841781559,290827.051470717,4641486.849425578,1.200000000,248,8,4
TX,1182.899436496,291736.489582471,4641700.260738505,1.200000000,1327,11,5
TX,1182.928272212,290888.143197239,4635953.465404265,1.200000000,1630,12,4
TX,1182.944993500,290796.974600939,4642274.527776572,1.200000000,1768,10,5
TX,1182.965251541,290849.602978766,4638370.116557006,1.200000000,1270,12,4
TX,1183.176460326,291995.839124240,4643710.216884748,1.200000000,2507,12,4
TX,1183.296478781,291030.773118995,4640529.786870505,1.200000000,2174,7,5
TX,1183.451996340,273678.566084338,4630624.920057622,1.200000000,757,12,5
TX,1183.540046217,293006.411260227,4640271.551377924,1.200000000,378,12,4
TX,1183.579296300,291805.361717697,4642820.261584779,1.200000000,1132,12,4
TX,1183.630779536,290787.766878082,4638020.024941113,1.200000000,138,12,4
TX,1184.068837078,289889.098277484,4633910.786887921,1.200000000,1757,12,4
TX,1184.188503828,289660.937176139,4643504.595858833,1.200000000,1258,12,4
TX,1184.232631798,289949.910705435,4634411.308732192,1.200000000,1670,12,4
TX,1184.315609889,290691.351634234,4635829.225068501,1.200000000,2746,12,5
TX,1184.375122075,293833.893467229,4639953.580473698,1.200000000,2688,11,4
TX,1184.548030796,292717.423151333,4641850.334014135,1.200000000,1956,12,5
TX,1184.674974134,291713.543694017,4642164.636669111,1.200000000,988,12,5
TX,1184.810431029,295607.205969131,4645513.322534914,1.200000000,1101,12,4
TX,1184.932360857,273699.337297199,4630622.724691363,1.200000000,2158,12,4
TX,1185.059614794,304756.284070103,4637765.286773522,1.200000000,372,12,5
TX,1185.311604951,291957.641961638,4642237.485353617,1.200000000,1567,12,5
TX,1185.371131395,273714.512333509,4630660.748429295,1.200000000,1973,12,5
TX,1185.442552363,273692.191738944,4630634.931063816,1.200000000,1339,12,4
TX,1185.516579866,287983.023348604,4639134.685435016,1.200000000,1609,12,5
TX,1185.582243014,289014.516615721,4641589.361228989,1.200000000,2,8,5
TX,1185.665218481,289610.367102469,4643479.794922182,1.200000000,1580,12,4
TX,1185.685895441,285957.357486732,4641392.319313061,1.200000000,2646,12,4
TX,1185.796749460,291850.896775542,4642558.801699584,1.200000000,1891,12,5
TX,1186.082687400,284612.552888723,4640562.726492045,1.200000000,1859,12,5
TX,1186.305264161,292292.548133406,4637723.538386387,1.200000000,1869,12,4
TX,1186.356603242,293955.055549520,4629972.309539294,1.200000000,1949,12,4
TX,1186.400155745,291198.774265444,4641309.130004300,1.200000000,239,10,4
TX,1186.473826117,290568.378344072,4642266.963611398,1.200000000,1117,10,4
TX,1186.502321147,294869.124459151,4647146.605054025,1.200000000,1383,12,5
TX,1186.611743244,291857.758108219,4642559.536086139,1.200000000,58,12,5
TX,1186.665615124,290300.863169794,4642224.131817116,1.200000000,1929,9,4
TX,1186.836290437,295139.485880523,4642698.445959221,1.200000000,1876,9,5
TX,1186.970928071,291050.336251274,4641987.020588983,1.200000000,2374,10,4
TX,1187.246810347,292815.385981692,4642782.202599980,1.200000000,474,12,4
TX,1187.275139438,291991.536374694,4643704.987750095,1.200000000,610,12,5
TX,1187.535992014,289878.470232698,4641695.388721248,1.200000000,2270,7,4
TX,1187.661089944,293228.821230013,4639444.064804561,1.200000000,1524,12,5
TX,1187.924522888,289357.153324475,4642628.237476622,1.200000000,833,12,4
TX,1187.932524854,286944.598297416,4625194.325725596,1.200000000,2313,12,5
TX,1187.965089298,273693.630967299,4630646.113610818,1.200000000,2067,12,4
TX,1188.094820767,293232.304424769,4641588.575992320,1.200000000,2008,12,4
TX,1188.222997633,292111.105240865,4643633.447841174,1.200000000,1219,12,5
TX,1188.258652957,291235.633064897,4641253.699855268,1.200000000,1248,8,4
TX,1188.418833699,295255.459614130,4642626.089303966,1.200000000,1737,7,4
TX,1188.572734608,292666.516047549,4641796.514760201,1.200000000,672,12,4
TX,1188.655239241,290201.279090843,4641460.741775593,1.200000000,1691,7,4
TX,1188.855047877,273706.655746068,4630624.991920589,1.200000000,2565,12,5
TX,1188.908249479,290778.417345909,4637886.342625781,1.200000000,1723,12,4
TX,1188.994566210,287834.000537150,4639161.720569230,1.200000000,1444,12,4
TX,1189.030927332,291275.333236231,4641402.121364132,1.200000000,640,10,4
TX,1189.097637905,292747.834573333,4639853.084312664,1.200000000,219,12,5
TX,1189.120855217,292194.215432823,4642162.821458797,1.200000000,1625,12,5
TX,1189.159475391,289829.790989856,4640415.346050084,1.200000000,721,7,5
TX,1189.221539475,285110.823842398,4636260.744439178,1.200000000,1917,12,5
TX,1189.249806322,287735.971600626,4634317.732104360,1.200000000,1911,12,5
TX,1189.750044074,291693.388593941,4642123.398297085,1.200000000,1738,12,4
TX,1189.809756102,290405.157438287,4641821.391551764,1.200000000,1759,7,4
TX,1190.250257877,291813.906431472,4641257.566689257,1.200000000,2265,12,5
TX,1190.286647912,291123.987280481,4644030.060603582,1.200000000,171,12,4
TX,1190.315965715,288249.750870476,4644958.426218139,1.200000000,2703,12,4
TX,1190.441636978,293244.825928839,4637512.045486965,1.200000000,1263,12,5
TX,1190.533443867,292722.392204931,4641939.327970204,1.200000000,1668,12,4
TX,1190.696021686,292205.482344872,4641809.071677006,1.200000000,151,12,4
TX,1190.810295326,291221.979054322,4640408.081035682,1.200000000,2693,8,4
TX,1190.903629010,293622.323370628,4643449.962263519,1.200000000,496,12,5
TX,1190.941905702,292679.259652906,4641802.799972687,1.200000000,901,12,5
TX,1191.113277062,291588.272278342,4642745.520686503,1.200000000,677,12,4
TX,1191.182400665,289962.373137572,4637904.525237205,1.200000000,34,12,5
TX,1191.249652969,292745.678010890,4641890.662159696,1.200000000,903,12,4
TX,1191.267886015,289665.555906327,4643511.394726330,1.200000000,1174,12,5
TX,1191.306900256,290641.941605923,4646633.472415076,1.200000000,1829,12,5
TX,1191.613299107,290079.128188922,4640924.140351791,1.200000000,1438,7,5
TX,1191.830083179,288325.234595757,4644315.859084800,1.200000000,964,12,5
TX,1191.910185827,289747.161967146,4638754.926656053,1.200000000,1469,11,5
TX,1191.967099014,273714.884999035,4630647.348023849,1.200000000,1909,12,5
TX,1191.973380384,291247.587993414,4641275.711095387,1.200000000,233,8,4
TX,1192.013920648,287291.768964916,4650731.199539326,1.200000000,734,12,4
TX,1192.082617660,289675.215163173,4638771.989042994,1.200000000,1646,11,4
TX,1192.279596194,292745.688699415,4641861.098399701,1.200000000,661,12,5
TX,1192.486910989,291076.247832918,4641979.088724973,1.200000000,71,10,4
TX,1192.494007388,273674.582724106,4630615.658982324,1.200000000,465,12,4
TX,1192.608682455,292182.142745422,4643426.172252594,1.200000000,526,12,5
TX,1192.655964885,291234.310593862,4641285.720816572,1.200000000,1605,9,5
TX,1192.776092469,292070.266636631,4640504.078520707,1.200000000,1771,12,5
TX,1192.881641913,292285.411654046,4642002.137583630,1.200000000,1519,12,4
TX,1192.926662157,290261.988502522,4636403.841329987,1.200000000,2308,12,4
TX,1193.069607076,291326.073227204,4639867.396892590,1.200000000,1553,11,5
TX,1193.123405841,287653.330013791,4643103.737807888,1.200000000,1938,12,4
TX,1193.132307970,295425.757012896,4645652.832744032,1.200000000,1597,12,4
TX,1193.231106789,291528.241981675,4642171.582023042,1.200000000,11,11,4
TX,1193.272926856,290477.703197687,4640628.740120544,1.200000000,1719,7,4
TX,1193.456154620,292183.350637292,4640648.952645364,1.200000000,1910,12,5
TX,1193.473039925,271810.537480738,4630653.838823481,1.200000000,598,12,5
TX,1193.563875056,291833.091247165,4641963.712054037,1.200000000,1506,12,4
TX,1193.644826293,291658.149184404,4642106.247312595,1.200000000,854,10,4
TX,1193.654451378,291728.440851593,4642149.494802386,1.200000000,1502,12,5
TX,1193.694883474,290602.844665786,4636924.030852338,1.200000000,1261,12,4
TX,1193.699700104,287752.163398820,4645624.121477881,1.200000000,1940,12,4
TX,1193.704513786,292456.720478297,4643733.276162564,1.200000000,1637,12,5
TX,1193.774539419,291016.087409583,4644024.153345500,1.200000000,1254,12,5
TX,1193.792369268,295148.281172909,4645281.541361553,1.200000000,2808,12,4
TX,1193.941343838,273687.217300351,4630629.855511536,1.200000000,554,12,4
TX,1194.110082945,295075.528831718,4642764.435864075,1.200000000,1349,9,4
TX,1194.116749646,290569.618791578,4642826.215380647,1.200000000,2109,12,4
TX,1194.175282630,290344.004330763,4646214.456778393,1.200000000,955,12,5
TX,1194.234526491,273669.140729990,4630624.752841755,1.200000000,804,12,4
TX,1194.381527459,295018.726870053,4644547.325662343,1.200000000,370,12,4
TX,1194.405726092,291069.418911710,4641353.371766945,1.200000000,1943,9,5
TX,1194.479097013,291897.434377113,4642578.620237053,1.200000000,1126,12,4
TX,1194.491535319,291064.212823068,4644021.454593537,1.200000000,2074,12,5
TX,1194.534619348,293920.315355935,4642304.527806931,1.200000000,1304,11,4
TX,1194.568590941,290030.100242087,4635328.817278652,1.200000000,2005,12,5
TX,1194.748358219,292012.935982170,4640708.605657790,1.200000000,1238,11,4
TX,1194.756398904,289720.760248926,4647153.301401434,1.200000000,1860,12,4
TX,1194.889397633,292844.728075993,4641922.596856927,1.200000000,936,12,4
TX,1194.897817004,292326.722391689,4637630.600946830,1.200000000,2138,12,5
TX,1194.966853871,291767.336078386,4642766.054648660,1.200000000,469,12,4
TX,1195.078163569,291242.196268348,4642285.554870575,1.200000000,2354,11,4
TX,1195.174939558,290729.961151546,4641298.208383919,1.200000000,1922,7,5
TX,1195.614566638,273684.933283481,4630631.888209062,1.200000000,1858,12,4
TX,1195.649906858,296723.986320213,4637473.667514086,1.200000000,1711,12,5
TX,1195.656709318,289530.274840796,4641789.948347952,1.200000000,1572,7,4
TX,1195.870978931,283554.743030376,4633993.627981051,1.200000000,2375,12,4
TX,1195.950192666,291005.924663416,4639105.108687901,1.200000000,879,12,5
TX,1196.102319327,275056.295482716,4631208.456840346,1.200000000,1628,12,4
TX,1196.214449804,288380.745269518,4637282.111207895,1.200000000,2036,12,4
TX,1196.277113429,289156.327434529,4642649.384025741,1.200000000,1815,11,5
TX,1196.384998765,290228.577965871,4642623.790239753,1.200000000,2681,10,4
TX,1196.457617337,273141.874358715,4630857.688080964,1.200000000,1272,12,5
TX,1196.550596262,288402.814223984,4642361.483420847,1.200000000,2846,12,4
TX,1196.859506326,273713.912205014,4630615.320136331,1.200000000,750,12,5
TX,1196.896384698,290566.546489292,4646883.978417233,1.200000000,23,12,5
TX,1196.996905127,294348.783105891,4639394.814905335,1.200000000,1799,12,4
TX,1197.251131875,290030.929058383,4641530.085866123,1.200000000,1007,7,5
TX,1197.256584239,290958.159033710,4641334.052519150,1.200000000,2465,8,4
TX,1197.448661337,284332.449133076,4645356.027284348,1.200000000,287,12,4
TX,1197.470030570,294389.402556526,4639381.751753354,1.200000000,1153,12,5
TX,1197.551964427,293750.679148108,4640460.716394673,1.200000000,704,12,4
TX,1197.635755274,292784.081478459,4642768.356268472,1.200000000,2191,12,4
TX,1197.713734174,289317.904807099,4639764.422556466,1.200000000,1792,9,5
TX,1197.760073969,291758.149992665,4642639.060031345,1.200000000,1443,12,4
TX,1197.777180733,295120.516873050,4642698.084856936,1.200000000,1074,9,5
TX,1197.795488710,287568.244346388,4634292.966178553,1.200000000,2306,12,5
TX,1197.863365441,289408.569325551,4641456.449916414,1.200000000,79,7,4
TX,1197.888238438,289539.185471113,4641822.593798259,1.200000000,668,7,4
TX,1198.218854748,286706.241351136,4645124.260493702,1.200000000,2676,12,4
TX,1198.393856479,291818.991879523,4642307.373447790,1.200000000,1895,12,4
TX,1198.415731325,291237.734195872,4642280.679828351,1.200000000,1657,11,5
TX,1198.495941205,292090.736600517,4642633.736305676,1.200000000,74,12,5
TX,1198.523029883,289320.019876585,4634307.589225618,1.200000000,967,12,5
TX,1198.540979503,292967.251923120,4643954.768920438,1.200000000,697,12,5
TX,1198.574524935,292682.849870545,4641799.402736533,1.200000000,784,12,5
TX,1198.692526519,291124.885632617,4639049.888385219,1.200000000,962,12,5
TX,1198.766569170,285262.121000907,4631729.872628450,1.200000000,773,12,5
TX,1198.800710550,288148.254728801,4649079.278227692,1.200000000,1533,12,5
TX,1198.911145611,235922.630538304,4663590.076394306,1.200000000,2474,12,5
TX,1198.922593726,295569.446654034,4638266.203077486,1.200000000,530,12,4
TX,1198.934117324,292540.618046227,4652065.042985857,1.200000000,24,12,4
TX,1198.977438581,291559.249987770,4641069.693091969,1.200000000,619,10,4
TX,1199.029639260,273695.163804283,4630617.735364161,1.200000000,2561,12,5
TX,1199.057490361,290777.367981571,4637964.996832841,1.200000000,1538,12,5
TX,1199.084969449,291850.022032997,4636311.797923702,1.200000000,1965,12,4
TX,1199.192660353,290969.015401198,4642008.306563863,1.200000000,2319,8,5
TX,1199.416072211,272690.755557132,4629998.423182546,1.200000000,2311,12,5
TX,1199.458539620,291723.171186969,4642139.322934894,1.200000000,2551,12,5
TX,1199.471070122,290818.631615992,4641202.362269159,1.200000000,717,7,5
TX,1199.483488323,290362.417854318,4643829.636907588,1.200000000,876,12,5
TX,1199.550279404,290559.470989426,4641971.617333443,1.200000000,2119,8,4
TX,1199.617855772,290162.841199025,4644292.831280436,1.200000000,2691,12,4
TX,1199.858606822,290926.171715668,4642103.084995417,1.200000000,2762,9,5
TX,1199.874680676,291304.184275190,4636530.487733259,1.200000000,2522,12,4]