TX,0.414100123,291102.296767163,4642463.737564486,1.200000000,393,12,1
TX,1.711463731,291840.593424164,4642554.172763334,1.200000000,277,12,1
TX,1.767704209,290051.468732467,4642389.897015676,1.200000000,43,10,1
TX,2.164696448,290346.034221920,4643884.326829587,1.200000000,165,12,1
TX,2.972761964,290437.105757434,4641379.011798835,1.200000000,247,7,1
TX,3.097815356,298612.424964452,4639411.689693632,1.200000000,191,12,1
TX,4.189375571,292502.058630054,4642906.379048396,1.200000000,198,12,1
TX,4.862466038,290698.733455508,4641290.148553409,1.200000000,302,7,1
TX,5.139972425,291881.548814219,4642562.210571722,1.200000000,53,12,1
TX,5.260688181,294342.693709760,4640214.983384290,1.200000000,450,11,1
TX,5.950398705,295137.894979801,4642725.147244308,1.200000000,152,7,1
TX,6.236826441,291276.693672070,4642387.194360035,1.200000000,322,12,1
TX,7.421677453,291826.370323278,4642549.978395773,1.200000000,262,12,1
TX,8.735466868,295163.588690687,4642715.868762113,1.200000000,163,7,1
TX,8.812758008,296160.273401860,4639669.016112909,1.200000000,416,12,1
TX,9.067414418,271641.767242640,4630633.194819880,1.200000000,288,12,1
TX,9.272970335,290344.457601039,4641433.264633227,1.200000000,246,7,1
TX,9.780014663,291718.950492088,4642157.082573739,1.200000000,67,12,1
TX,10.342217015,285728.884168136,4644268.683766123,1.200000000,512,12,1
TX,10.372975528,292521.567113011,4642936.371129129,1.200000000,201,12,1
TX,10.888839365,291834.717504908,4642555.248399204,1.200000000,265,12,1
TX,11.980438137,291822.321095574,4642554.167898793,1.200000000,482,12,1
TX,12.144359603,294339.992337731,4638991.853691222,1.200000000,127,12,1
TX,12.254598608,291855.980982934,4642535.650287618,1.200000000,125,12,1
TX,12.407377031,288204.383808857,4643934.641717316,1.200000000,68,12,1
TX,12.951378988,292523.183198208,4642903.316506342,1.200000000,361,12,1
TX,13.959570066,290089.332250760,4635373.171913867,1.200000000,544,12,1
TX,13.981098497,290091.644683195,4635387.454970361,1.200000000,524,12,1
TX,14.091029188,291877.735778569,4642557.160414740,1.200000000,268,12,1
TX,14.466540354,291318.007866998,4642014.714719103,1.200000000,83,11,1
TX,14.787635154,292490.988699987,4643026.292894536,1.200000000,501,12,1
TX,16.509561527,289836.730465374,4638808.349565879,1.200000000,93,12,1
TX,16.703449556,293913.949915725,4640709.939923775,1.200000000,71,11,1
TX,17.682863464,290897.883870345,4641175.448893447,1.200000000,542,8,1
TX,17.887693019,271614.489316028,4630664.502248008,1.200000000,56,12,1
TX,17.936517817,290600.007806853,4639030.399059458,1.200000000,39,11,1
TX,18.036713556,288952.895443274,4642642.620349764,1.200000000,130,12,1
TX,18.536591426,295024.932506894,4644604.350743120,1.200000000,55,12,1
TX,19.609952643,291705.183835403,4642816.822953349,1.200000000,443,12,1
TX,19.983525494,292673.065070401,4641786.428719611,1.200000000,242,12,1
TX,20.054010947,292517.910743525,4642911.119485513,1.200000000,515,12,1
TX,20.197859918,290233.613082078,4641374.881865887,1.200000000,380,7,1
TX,20.542660698,291290.720439151,4642402.015260452,1.200000000,63,12,1
TX,20.728095576,290444.684401086,4640842.187544708,1.200000000,76,7,1
TX,21.112731562,292785.057816797,4640783.590148472,1.200000000,235,12,1
TX,21.548265889,290122.240040172,4634643.857505640,1.200000000,236,12,1
TX,24.766561400,292670.408369974,4641818.420196872,1.200000000,94,12,1
TX,25.109198950,291836.642291886,4642522.831958607,1.200000000,3,12,1
TX,25.287874801,295909.036053920,4637966.075674243,1.200000000,431,12,1
TX,26.177666113,290657.432438562,4641430.000963811,1.200000000,263,7,1
TX,26.218013664,292452.875718586,4642914.599854157,1.200000000,374,12,1
TX,26.777494552,290152.433821066,4640851.566581793,1.200000000,506,7,1
TX,27.129951571,292689.826339384,4643728.877009831,1.200000000,364,12,1
TX,28.389182059,291867.196433000,4642556.393642165,1.200000000,117,12,1
TX,28.767819605,290410.783518543,4641819.358698947,1.200000000,248,7,1
TX,29.085069138,291389.865904458,4641365.722445938,1.200000000,335,9,1
TX,29.318314464,289296.232443054,4640969.877957828,1.200000000,91,7,1
TX,29.339038301,290700.114743906,4641291.947424215,1.200000000,233,7,1
TX,29.540267899,291828.376839108,4642547.208835023,1.200000000,11,12,1
TX,29.713335069,290217.025639285,4641470.142596403,1.200000000,251,7,1
TX,31.146919699,291849.358106989,4642536.153644996,1.200000000,491,12,1
TX,31.651418233,291711.580406350,4640049.403537562,1.200000000,190,10,1
TX,31.818528244,290703.949564328,4641302.608191511,1.200000000,388,7,1
TX,33.378155818,291864.172401491,4642554.391952352,1.200000000,539,12,1
TX,33.746689888,287860.399215268,4643258.105825574,1.200000000,401,12,1
TX,33.992814708,289957.979047050,4634414.901678208,1.200000000,33,12,1
TX,34.506460134,291836.969455912,4642538.840770149,1.200000000,424,12,1
TX,34.614892979,291133.215757271,4641352.665931775,1.200000000,110,8,1
TX,34.646741768,291875.682030023,4641929.104446572,1.200000000,109,12,1
TX,36.643054504,295158.661566697,4642708.246793899,1.200000000,150,7,1
TX,37.511751498,282139.070566351,4645860.688011455,1.200000000,84,12,1
TX,37.783237723,294456.547779494,4645493.640107653,1.200000000,151,12,1
TX,38.918253708,291190.522825273,4642208.373958656,1.200000000,208,12,1
TX,39.896583067,288193.377623456,4643918.473135882,1.200000000,510,12,1
TX,40.365687337,293988.974521858,4639361.827951524,1.200000000,62,12,1
TX,40.675974651,290264.079360925,4636416.366012235,1.200000000,14,12,1
TX,40.689467490,293234.426193091,4640209.327644845,1.200000000,445,12,1
TX,40.752610395,292173.735447474,4642152.395365058,1.200000000,217,12,1
TX,40.956641435,291828.177744162,4642552.343781158,1.200000000,295,12,1
TX,41.310650085,291835.191968790,4642530.798687429,1.200000000,488,12,1
TX,41.523539749,291045.787166753,4640477.881875025,1.200000000,244,8,1
TX,41.822759876,292405.235647739,4642748.421543078,1.200000000,200,12,1
TX,42.714758074,290406.374696941,4641820.460026455,1.200000000,346,7,1
TX,43.034144921,291857.770558448,4642556.213786238,1.200000000,259,12,1
TX,43.468498797,292200.875307831,4642158.270439476,1.200000000,194,12,1
TX,43.657361385,291814.669924376,4642541.377096007,1.200000000,481,12,1
TX,43.857764597,305255.820331948,4668086.089055194,1.200000000,261,12,1
TX,44.137863298,290384.757671806,4641817.931107101,1.200000000,140,7,1
TX,46.292793710,297471.632627030,4641412.931794940,1.200000000,473,12,1
TX,46.345267221,291730.947207271,4642160.915140098,1.200000000,66,12,1
TX,46.938762991,290653.232126453,4641451.431210967,1.200000000,224,7,1
TX,47.699097479,296459.406378558,4639186.525796510,1.200000000,477,12,1
TX,48.246329262,290427.266510263,4640505.364778195,1.200000000,92,7,1
TX,52.177515871,291987.759541263,4641086.085039016,1.200000000,214,12,1
TX,52.435054468,270138.388130260,4644252.362494987,1.200000000,427,12,1
TX,53.278187285,291448.060574756,4642222.798891999,1.200000000,383,12,1
TX,53.501304478,291177.760148938,4641310.700779546,1.200000000,195,8,1
TX,54.360047962,292061.101839875,4642283.482764305,1.200000000,474,12,1
TX,54.610249181,291558.399286970,4645227.632830933,1.200000000,256,12,1
TX,54.775326930,291826.729722694,4642552.006000776,1.200000000,252,12,1
TX,56.905798389,291186.278156798,4642148.159440499,1.200000000,228,11,1
TX,57.567124435,290312.899147277,4642014.114911556,1.200000000,373,8,1
TX,57.670866138,271626.565720129,4630646.941697757,1.200000000,290,12,1
TX,57.890747986,291857.632972964,4642553.428089311,1.200000000,87,12,1
TX,58.362323241,290658.480293614,4641320.865666895,1.200000000,408,7,1
TX,58.716956272,290717.445009503,4641296.795303480,1.200000000,306,7,1
TX,59.570862141,290956.221022086,4636012.226989951,1.200000000,122,12,1
TX,59.621565533,290703.556755039,4641301.204084566,1.200000000,301,7,1
TX,60.644126896,273396.912547165,4630048.911683255,1.200000000,327,12,1
TX,60.777973114,290399.638667395,4635435.650731003,1.200000000,319,12,1
TX,61.054524872,290411.905045664,4645671.200585236,1.200000000,50,12,1
TX,61.777140723,289611.216045473,4641954.825128105,1.200000000,25,8,1
TX,61.883128008,290648.874712089,4641470.228265541,1.200000000,226,7,1
TX,62.254808644,290962.599645721,4641189.329585467,1.200000000,40,9,1
TX,62.699148441,292138.538303284,4642220.995397285,1.200000000,472,12,1
TX,62.805426228,289723.492984448,4641852.663453044,1.200000000,59,7,1
TX,63.444918253,293322.283375791,4643322.199851872,1.200000000,104,12,1
TX,63.601725927,291107.544335519,4641530.220994764,1.200000000,108,8,1
TX,63.643822292,295884.602557637,4640273.037962623,1.200000000,164,9,1
TX,64.050879032,291059.228551397,4644027.743933385,1.200000000,169,12,1
TX,64.321259055,290665.075607918,4641556.064756774,1.200000000,148,7,1
TX,64.417585567,292520.254016652,4642909.013929119,1.200000000,309,12,1
TX,65.377853251,290060.951484038,4642384.924593188,1.200000000,42,8,1
TX,65.475230435,292190.690598276,4642156.111157816,1.200000000,493,12,1
TX,66.657873654,292518.289871762,4642918.254805011,1.200000000,168,12,1
TX,66.713633429,290936.515227884,4641201.241596283,1.200000000,326,8,1
TX,66.862544162,291856.262894096,4642256.400287669,1.200000000,28,12,1
TX,67.313036485,292682.346553376,4643689.749623489,1.200000000,363,12,1
TX,67.400974528,290416.145632484,4639021.077628492,1.200000000,407,12,1
TX,68.776141341,291460.506451073,4637825.377842217,1.200000000,467,12,1
TX,69.566011980,291851.150502033,4642550.726207520,1.200000000,377,12,1
TX,71.244416855,291745.601088098,4639504.550838051,1.200000000,479,12,1
TX,71.432350868,271619.372375338,4630652.730718476,1.200000000,173,12,1
TX,72.337270748,292217.672293591,4642165.487202066,1.200000000,369,12,1
TX,73.117919268,289595.805389674,4644253.271081078,1.200000000,225,12,1
TX,73.637015446,289330.259406675,4640383.217050241,1.200000000,379,7,1
TX,73.874933963,296238.500191346,4638894.689689714,1.200000000,138,12,1
TX,75.271039608,292385.076620665,4641780.334139246,1.200000000,476,12,1
TX,77.005064491,292504.145362847,4641910.996533679,1.200000000,457,12,1
TX,77.646289754,271613.034294866,4630654.707462342,1.200000000,132,12,1
TX,78.250116989,291873.799313692,4642560.590498881,1.200000000,267,12,1
TX,78.492207598,294611.540041235,4641353.738951421,1.200000000,230,7,1
TX,78.834414667,292334.162934581,4642041.729410702,1.200000000,81,12,1
TX,79.905108343,289108.440297798,4639510.080879420,1.200000000,100,10,1
TX,81.863286911,292079.355204168,4640566.642007737,1.200000000,182,12,1
TX,82.351899363,292524.501272594,4642898.063180125,1.200000000,88,12,1
TX,82.637918411,291098.300828529,4642459.594803278,1.200000000,391,12,1
TX,83.002810474,291194.199480446,4641395.191944179,1.200000000,209,9,1
TX,83.912483941,291860.840853407,4642549.175229167,1.200000000,118,12,1
TX,84.127736114,290588.570949405,4641074.978974752,1.200000000,398,7,1
TX,84.234803547,295927.951343261,4641316.157583260,1.200000000,34,7,1
TX,84.253237099,290763.747128929,4639350.581174920,1.200000000,280,10,1
TX,84.925697316,292195.711388790,4642149.238494953,1.200000000,223,12,1
TX,85.017028773,291096.208447041,4642466.179480594,1.200000000,64,12,1
TX,86.266513691,295852.860864607,4641386.583567272,1.200000000,26,7,1
TX,86.361245825,292688.106167650,4641804.236363133,1.200000000,459,12,1
TX,86.590588886,292468.088458574,4641902.340658263,1.200000000,372,12,1
TX,86.600971900,287800.044769539,4643319.658367297,1.200000000,402,12,1
TX,86.756045847,290807.904161763,4639374.238635173,1.200000000,234,10,1
TX,87.186012145,293200.329198749,4639225.269176757,1.200000000,20,12,1
TX,87.270604062,291636.306588931,4642837.651156556,1.200000000,30,12,1
TX,87.783912257,292755.059181769,4642029.348774258,1.200000000,183,12,1
TX,87.848184065,291073.986559786,4641981.920045972,1.200000000,436,11,1
TX,88.355004945,292198.887139530,4642157.846333668,1.200000000,394,12,1
TX,88.764572623,272465.266338012,4629572.663511543,1.200000000,213,12,1
TX,89.133366602,293664.084415720,4645279.408545996,1.200000000,264,12,1
TX,89.566615533,292555.955464959,4643135.842211400,1.200000000,207,12,1
TX,89.868840433,291531.943283951,4641628.811544961,1.200000000,338,11,1
TX,90.144043054,291856.848534625,4642555.902225528,1.200000000,296,12,1
TX,91.902845263,291991.701861959,4643704.887446153,1.200000000,489,12,1
TX,92.058489110,295808.440404735,4642235.712681646,1.200000000,187,7,1
TX,93.629076093,288834.314165985,4641808.176128017,1.200000000,332,10,1
TX,94.128138683,292523.455024362,4642914.432303775,1.200000000,357,12,1
TX,94.437851068,286740.440823855,4634386.867728209,1.200000000,529,12,1
TX,94.773885005,290119.741718502,4641500.906248960,1.200000000,86,7,1
TX,95.485113482,291277.409522461,4642396.477367360,1.200000000,320,12,1
TX,96.869914035,290478.847931202,4640629.380042520,1.200000000,342,7,1
TX,97.770182098,292182.692283511,4641153.674136853,1.200000000,425,12,1
TX,99.448153419,291877.574703993,4642551.674132612,1.200000000,283,12,1
TX,99.546352449,292180.200530674,4642143.230489515,1.200000000,421,12,1
TX,100.028252393,290372.761437883,4641408.326352845,1.200000000,237,7,1
TX,100.504600513,292190.777500815,4642163.442030822,1.200000000,350,12,1
TX,101.025079286,291207.865516473,4641298.703140748,1.200000000,174,8,1
TX,101.686973695,292496.585131093,4643000.679270687,1.200000000,400,12,1
TX,102.520526206,294968.345982790,4645051.598557148,1.200000000,336,12,1
TX,103.029024165,290970.034352887,4639159.927630496,1.200000000,156,12,1
TX,103.202385191,271605.817760994,4630638.947381990,1.200000000,531,12,1
TX,103.649450572,290225.552285383,4642130.098549581,1.200000000,305,9,1
TX,103.724803187,287815.850692536,4638656.233075708,1.200000000,202,12,1
TX,104.036821643,292697.196475549,4641809.856860815,1.200000000,464,12,1
TX,104.178335207,292519.218552746,4642904.709577570,1.200000000,279,12,1
TX,106.197732405,295312.764244967,4642541.344618856,1.200000000,158,7,1
TX,106.308596211,296646.888836443,4637514.601936528,1.200000000,197,12,1
TX,108.583887476,292489.673039358,4643135.584566648,1.200000000,403,12,1
TX,109.367817581,289831.095450896,4638784.768368294,1.200000000,328,12,1
TX,110.026615016,288853.722947462,4634720.555442872,1.200000000,404,12,1
TX,110.244928540,295749.392198196,4645167.767589978,1.200000000,381,12,1
TX,110.926551086,291419.809448746,4641306.006182353,1.200000000,133,9,1
TX,110.929623612,291864.173746563,4642554.427182908,1.200000000,116,12,1
TX,111.203962338,271653.059337213,4630616.293884501,1.200000000,313,12,1
TX,111.276634700,290264.193085541,4642136.742685523,1.200000000,366,10,1
TX,111.286181758,291076.373255312,4644046.580509491,1.200000000,124,12,1
TX,111.522807995,292091.126399180,4642632.226401721,1.200000000,325,12,1
TX,111.988619084,291097.304382250,4642468.343360628,1.200000000,455,12,1
TX,112.031254196,271621.249506305,4630634.338958767,1.200000000,314,12,1
TX,112.997401716,296052.110530615,4639362.435030315,1.200000000,160,12,1
TX,113.003556897,271653.600308423,4630622.077117649,1.200000000,175,12,1
TX,113.539122258,291838.584550524,4642552.863230302,1.200000000,12,12,1
TX,114.434655663,291699.654705024,4642192.572439229,1.200000000,275,12,1
TX,115.211888976,291103.070696391,4642482.405013124,1.200000000,343,12,1
TX,115.791095836,305314.330002185,4638828.582747527,1.200000000,549,12,1
TX,116.139139504,292210.112298307,4642166.876853763,1.200000000,376,12,1
TX,118.580699028,290302.891884184,4642148.122494502,1.200000000,241,10,1
TX,119.055553424,289125.378357549,4642822.308406546,1.200000000,139,12,1
TX,119.120875903,292654.489948173,4641822.091580704,1.200000000,420,12,1
TX,119.273515816,290696.329362723,4641308.829102953,1.200000000,310,7,1
TX,119.767101880,290353.196651705,4641440.585057735,1.200000000,69,7,1
TX,120.351139370,297624.671896322,4633076.961940436,1.200000000,135,12,1
TX,120.645351240,288936.449528872,4642930.311014316,1.200000000,428,12,1
TX,120.971820937,293583.749035469,4644062.489710212,1.200000000,218,12,1
TX,122.274229613,289942.145890773,4642713.642122654,1.200000000,270,10,1
TX,122.555323944,291877.652757001,4642566.349001814,1.200000000,517,12,1
TX,123.154854126,291446.029075609,4636406.048049302,1.200000000,193,12,1
TX,124.205014164,291198.981758014,4641292.177538361,1.200000000,19,8,1
TX,125.375246088,294213.232598504,4652177.668059477,1.200000000,257,12,1
TX,125.671420930,292668.104431008,4641784.194826707,1.200000000,453,12,1
TX,126.214549982,293236.602697181,4640192.176859976,1.200000000,51,12,1
TX,126.292106269,294488.759277239,4652837.397599708,1.200000000,260,12,1
TX,126.396807350,295143.616338107,4642708.885742329,1.200000000,153,7,1
TX,126.605232743,292766.661961519,4642793.300287663,1.200000000,113,12,1
TX,127.608594587,295637.414136010,4645570.514762232,1.200000000,442,12,1
TX,127.809861973,304722.885342313,4637797.345611217,1.200000000,186,12,1
TX,127.981692673,295127.203708180,4642698.038059536,1.200000000,159,7,1
TX,129.334408836,293362.014563410,4642631.720054263,1.200000000,471,12,1
TX,130.265903960,293937.798757684,4643705.313019123,1.200000000,536,12,1
TX,131.228446423,292924.110320702,4641886.144438869,1.200000000,61,12,1
TX,132.681544543,290058.644273870,4635384.533870551,1.200000000,543,12,1
TX,133.097902961,289260.052427338,4644940.307561833,1.200000000,532,12,1
TX,133.469419451,291825.815988140,4642563.540214555,1.200000000,412,12,1
TX,134.250509837,291288.462292139,4642399.856521003,1.200000000,324,12,1
TX,135.133723520,292187.254591722,4642147.590079683,1.200000000,16,12,1
TX,135.783832902,292372.370693072,4652198.595935211,1.200000000,414,12,1
TX,136.967190259,292313.766679373,4642540.330733468,1.200000000,528,12,1
TX,137.231193400,291855.335651203,4642539.537373107,1.200000000,368,12,1
TX,137.248622101,289308.484476160,4639789.108085769,1.200000000,254,9,1
TX,137.414408471,291070.897470600,4637377.158073791,1.200000000,21,12,1
TX,137.744878221,291850.370572832,4642557.890979365,1.200000000,284,12,1
TX,138.035714279,271610.308538460,4630635.690849056,1.200000000,289,12,1
TX,138.187943199,290925.189263652,4638912.826351552,1.200000000,390,12,1
TX,138.544499249,290422.319690448,4639016.226914904,1.200000000,550,12,1
TX,138.833235571,291031.328744019,4641169.201208144,1.200000000,97,9,1
TX,139.351938079,291825.121823098,4642552.764629981,1.200000000,297,12,1
TX,139.693095664,292524.848240627,4642908.054485352,1.200000000,80,12,1
TX,141.338592976,291830.584464230,4642546.560363338,1.200000000,500,12,1
TX,142.034892584,290488.015177947,4647531.766907247,1.200000000,480,12,1
TX,142.052602569,288561.154406255,4632440.653428787,1.200000000,57,12,1
TX,143.494193383,293061.175211517,4642340.247298124,1.200000000,222,12,1
TX,143.559559378,296295.433807111,4643022.281306093,1.200000000,437,9,1
TX,144.156423696,278598.660038651,4640516.291884302,1.200000000,535,12,1
TX,144.397798211,289414.174566778,4641532.697235109,1.200000000,547,7,1
TX,144.459806347,290957.782129977,4639063.215566589,1.200000000,85,11,1
TX,144.594741094,292520.403750172,4641895.660453341,1.200000000,8,12,1
TX,145.307667186,291802.350435297,4636723.316351555,1.200000000,422,12,1
TX,145.943076176,291842.224963971,4642558.727814350,1.200000000,484,12,1
TX,146.332670966,292522.847427521,4642903.831745621,1.200000000,78,12,1
TX,147.622551840,290442.085439367,4635875.874863770,1.200000000,180,12,1
TX,148.122508081,290365.619047999,4641446.775868621,1.200000000,276,7,1
TX,148.835043226,293914.778275402,4641410.097144508,1.200000000,438,12,1
TX,149.458982489,285088.143212828,4640765.987528049,1.200000000,413,12,1
TX,149.803416840,291873.838047347,4642569.336808309,1.200000000,375,12,1
TX,149.876212206,293086.391393830,4641719.927537512,1.200000000,494,12,1
TX,150.206029983,286830.216834421,4634330.343855952,1.200000000,540,12,1
TX,150.295239771,295876.702435916,4641368.174277258,1.200000000,36,7,1
TX,150.687223054,289850.527996960,4632538.118953074,1.200000000,339,12,1
TX,152.103775375,290689.329426679,4641301.867060587,1.200000000,52,7,1
TX,153.262720647,293737.355697892,4650740.651441370,1.200000000,411,12,1
TX,153.998158926,291128.549239138,4646222.589696972,1.200000000,410,12,1
TX,154.292773057,290399.747099109,4641834.574442443,1.200000000,419,7,1
TX,154.331167135,292690.142090527,4641816.731566277,1.200000000,454,12,1
TX,154.510176726,288506.874792373,4635189.280812794,1.200000000,518,12,1
TX,155.050854559,301713.786226694,4629501.058412130,1.200000000,106,12,1
TX,155.543055653,290388.431198282,4641808.775020463,1.200000000,27,7,1
TX,155.627832671,292190.684219475,4642165.976522163,1.200000000,423,12,1
TX,156.202072973,289718.837305665,4641851.546390329,1.200000000,1,7,1
TX,156.803233785,291082.533831358,4644047.676409730,1.200000000,253,12,1
TX,157.472800569,291100.456469175,4642452.028010365,1.200000000,334,12,1
TX,158.010545225,294163.011001962,4646794.794364275,1.200000000,486,12,1
TX,158.086969326,291864.409323920,4642551.417061954,1.200000000,178,12,1
TX,159.524658993,295503.086848757,4642534.904441570,1.200000000,185,7,1
TX,159.622228122,295164.129492174,4642738.909958558,1.200000000,161,7,1
TX,159.751297493,293358.302124980,4642709.542776523,1.200000000,285,12,1
TX,161.289302550,292188.680226415,4642152.985216349,1.200000000,17,12,1
TX,163.402703913,289845.331491067,4641725.012458277,1.200000000,99,7,1
TX,164.851464887,290383.272651741,4639068.225829897,1.200000000,405,12,1
TX,165.200322857,292512.144631996,4642910.708482017,1.200000000,196,12,1
TX,165.234979514,292208.739494944,4642162.231063227,1.200000000,511,12,1
TX,166.541355764,291836.564526006,4642545.687725257,1.200000000,114,12,1
TX,167.325645034,291819.548574422,4641052.917648665,1.200000000,240,12,1
TX,167.788158822,291653.480546963,4642839.408811970,1.200000000,526,12,1
TX,168.086814219,289519.698109348,4641779.886478039,1.200000000,227,7,1
TX,168.937014308,291857.195781394,4642543.491893665,1.200000000,7,12,1
TX,169.002529781,291844.775864189,4642529.136388906,1.200000000,216,12,1
TX,171.074026027,291821.283685090,4642547.941348870,1.200000000,520,12,1
TX,171.280604467,291189.156553789,4641317.461747218,1.200000000,231,8,1
TX,171.458380870,271619.872348766,4630662.743985904,1.200000000,317,12,1
TX,171.763930732,291680.379829812,4642113.412098684,1.200000000,545,12,1
TX,172.626069515,292189.490625406,4642149.287150865,1.200000000,370,12,1
TX,173.082774645,290633.700179488,4643895.466505840,1.200000000,432,12,1
TX,173.193819849,293796.994994497,4639606.610683950,1.200000000,48,12,1
TX,173.831053999,289612.788673695,4641954.422325825,1.200000000,75,8,1
TX,173.846499891,290927.432910328,4642136.183814642,1.200000000,172,8,1
TX,174.332381659,292505.575291628,4642913.011325103,1.200000000,89,12,1
TX,174.478030365,291067.490744942,4644060.238787393,1.200000000,101,12,1
TX,174.745460866,291195.172186192,4641286.125391620,1.200000000,359,8,1
TX,174.780236336,290935.969930689,4641325.723007815,1.200000000,82,9,1
TX,174.894722802,291789.496838003,4641611.012409112,1.200000000,129,12,1
TX,175.554034117,292519.322370547,4642910.987213907,1.200000000,356,12,1
TX,176.727606439,292159.865218129,4639326.050244244,1.200000000,189,12,1
TX,177.013018778,290791.375093118,4637909.376930015,1.200000000,311,12,1
TX,177.354132917,295127.431129631,4642710.463328349,1.200000000,155,7,1
TX,177.611645530,289320.191176799,4639959.682948167,1.200000000,192,10,1
TX,178.234523505,271629.370186527,4630637.951033349,1.200000000,294,12,1
TX,179.432146931,290572.683477380,4642288.329631584,1.200000000,399,10,1
TX,179.980289408,292525.247822606,4642925.327045744,1.200000000,170,12,1
TX,180.029185592,290061.707960772,4642375.325270397,1.200000000,37,8,1
TX,180.778747587,290055.149819880,4642390.208325428,1.200000000,44,10,1
TX,181.107939027,291841.206150959,4642552.850468986,1.200000000,291,12,1
TX,181.536387014,286073.540375274,4638749.612968956,1.200000000,504,12,1
TX,181.695418966,291079.181915123,4644023.161582640,1.200000000,360,12,1
TX,181.885988459,290664.279173272,4641545.339305745,1.200000000,220,7,1
TX,182.664270278,286432.264461049,4642901.234559017,1.200000000,232,12,1
TX,183.158658700,271603.706057644,4630671.123464960,1.200000000,287,12,1
TX,183.722849449,292848.675573919,4641948.781755871,1.200000000,417,12,1
TX,183.903635095,292679.184475107,4641797.782197570,1.200000000,461,12,1
TX,184.023795411,291849.991317530,4642557.731186957,1.200000000,497,12,1
TX,184.275431192,291809.691557748,4642539.757791393,1.200000000,498,12,1
TX,185.007682531,296055.664021554,4646428.976803522,1.200000000,303,12,1
TX,185.007698038,271055.218231243,4644336.466589047,1.200000000,495,12,1
TX,185.264806154,292195.888603724,4642157.497457324,1.200000000,469,12,1
TX,185.608763295,291042.577213044,4641722.375672411,1.200000000,245,9,1
TX,185.792007703,292070.647093427,4636448.783083131,1.200000000,347,12,1
TX,186.439559068,289823.763483937,4638628.629370436,1.200000000,10,12,1
TX,186.767740069,291843.211080953,4642541.765475458,1.200000000,269,12,1
TX,187.305866940,290359.761794565,4641449.432003664,1.200000000,65,7,1
TX,187.993923645,293827.245097591,4639523.929166732,1.200000000,120,12,1
TX,188.740522986,290764.171695341,4639508.225517059,1.200000000,49,10,1
TX,189.202350367,290056.700639996,4642383.788680080,1.200000000,38,8,1
TX,189.309905068,291639.375607020,4642145.050294437,1.200000000,136,12,1
TX,189.362336389,295622.039726082,4645557.795082983,1.200000000,441,12,1
TX,189.502240278,294929.601685695,4644990.243166111,1.200000000,449,12,1
TX,189.917775593,290354.469008018,4641864.315947208,1.200000000,389,7,1
TX,189.958637932,291827.876847868,4642553.300654901,1.200000000,298,12,1
TX,191.233123065,289230.257188005,4642499.913125480,1.200000000,137,10,1
TX,191.693561564,294269.903817492,4639046.596135543,1.200000000,458,12,1
TX,191.773048552,290255.860822367,4636502.407411710,1.200000000,95,12,1
TX,192.298504709,290646.315639095,4642292.293975461,1.200000000,397,10,1
TX,193.625374923,291873.682995480,4640755.558769077,1.200000000,358,11,1
TX,194.336654949,291850.916328989,4642544.410402878,1.200000000,126,12,1
TX,194.609419065,298964.084850830,4630922.559039587,1.200000000,143,12,1
TX,194.866818942,290062.588439253,4642383.938684251,1.200000000,35,8,1
TX,194.940271588,302354.909309979,4634108.674206622,1.200000000,466,12,1
TX,196.524222469,291196.830759514,4641397.965746356,1.200000000,177,9,1
TX,197.538815505,282198.716987510,4632795.513746785,1.200000000,548,12,1
TX,198.943497166,291105.056246912,4642463.471268902,1.200000000,385,12,1
TX,199.388963280,295718.643310859,4646656.130243612,1.200000000,533,12,1
TX,199.913097820,295154.311616173,4640520.854329607,1.200000000,141,9,1
TX,199.996702349,290480.192501795,4640626.687400274,1.200000000,250,7,1
TX,201.010964929,293344.021326622,4640099.957669577,1.200000000,171,12,1
TX,202.987673301,281664.513245869,4640723.937388556,1.200000000,523,12,1
TX,203.393045627,293560.146727226,4642774.795888982,1.200000000,462,12,1
TX,204.134458876,291856.833121622,4642553.130032219,1.200000000,282,12,1
TX,204.383885397,291702.418824248,4640072.348071979,1.200000000,157,10,1
TX,204.604672421,293236.222883768,4640195.861094756,1.200000000,444,12,1
TX,204.911409300,275127.196744050,4631251.899224931,1.200000000,483,12,1
TX,204.994247303,290426.331214507,4639972.024396231,1.200000000,249,7,1
TX,205.260786179,292189.556680274,4642153.703204721,1.200000000,308,12,1
TX,205.539914884,292689.525566576,4641792.964384958,1.200000000,463,12,1
TX,205.736378182,291842.802432138,4642550.185476005,1.200000000,9,12,1
TX,206.023877475,290450.933482701,4640605.136840733,1.200000000,345,7,1
TX,206.353844451,290473.238681015,4640683.613913848,1.200000000,145,7,1
TX,206.648104447,291849.916392673,4642228.661569998,1.200000000,406,12,1
TX,207.439186551,293242.835989112,4641000.400966586,1.200000000,304,12,1
TX,207.769081582,290183.775015301,4640142.867976111,1.200000000,430,7,1
TX,209.594582858,291833.670819402,4642492.007644631,1.200000000,176,12,1
TX,210.859043374,299257.482200945,4647754.465916191,1.200000000,475,12,1
TX,211.528491903,294824.487506404,4644840.769144567,1.200000000,23,12,1
TX,213.453589123,291125.139278891,4642924.901764470,1.200000000,439,12,1
TX,214.163640012,291834.703868423,4642552.715835578,1.200000000,2,12,1
TX,214.274414621,288283.102020926,4644614.977511894,1.200000000,278,12,1
TX,214.820807935,293198.148402206,4644657.830620231,1.200000000,105,12,1
TX,215.238471415,276990.968590817,4632322.484774736,1.200000000,429,12,1
TX,215.404268681,291676.779688330,4642149.237679017,1.200000000,492,12,1
TX,215.548557702,290408.898719049,4641801.377521450,1.200000000,13,7,1
TX,215.943663245,289821.735218822,4638791.632064376,1.200000000,329,12,1
TX,215.953185157,294244.147845135,4638403.447275870,1.200000000,72,12,1
TX,216.153940758,290313.298226337,4643599.272104387,1.200000000,451,12,1
TX,217.325920659,289822.839206838,4638567.143203496,1.200000000,32,12,1
TX,217.401271317,292951.109711304,4642992.493111311,1.200000000,181,12,1
TX,217.755315451,291182.375589708,4641403.440565887,1.200000000,496,9,1
TX,218.175485748,291832.687705090,4642552.435202204,1.200000000,119,12,1
TX,218.803366043,291855.107610584,4642546.416184691,1.200000000,123,12,1
TX,219.847156882,290596.003065004,4641516.611352456,1.200000000,266,7,1
TX,220.475768847,292201.419735965,4642159.789172299,1.200000000,499,12,1
TX,221.005386619,290400.607684431,4641818.121012710,1.200000000,434,7,1
TX,221.760755317,292520.369773750,4642919.370506918,1.200000000,354,12,1
TX,221.878329536,291855.215549481,4642543.942957785,1.200000000,271,12,1
TX,222.440376125,290708.351309942,4641302.472471376,1.200000000,435,7,1
TX,222.575689944,291822.947411861,4642554.111120504,1.200000000,4,12,1
TX,222.779355463,291650.025162571,4642829.690178884,1.200000000,46,12,1
TX,223.191138199,289240.199114963,4635802.300460964,1.200000000,73,12,1
TX,223.310633550,290178.268536364,4641463.991792826,1.200000000,447,7,1
TX,225.022046990,290421.292058312,4639008.519308586,1.200000000,546,12,1
TX,225.187363554,291637.766591598,4642834.260376734,1.200000000,31,12,1
TX,225.480693089,293271.053566534,4649586.512147583,1.200000000,470,12,1
TX,225.558101575,295399.213940089,4638425.419264018,1.200000000,149,12,1
TX,225.797010694,292467.984495102,4640569.455603145,1.200000000,352,12,1
TX,226.574083214,295600.033157061,4642162.737422299,1.200000000,519,7,1
TX,226.679159386,287668.800664213,4643683.495148098,1.200000000,538,12,1
TX,226.704630245,290985.779756958,4640674.190363668,1.200000000,22,8,1
TX,226.821280079,291018.137171501,4640407.077815332,1.200000000,344,8,1
TX,226.996311339,292523.665411612,4642926.440597129,1.200000000,355,12,1
TX,227.225797940,295673.486052352,4642467.592102236,1.200000000,537,7,1
TX,227.497691805,293249.490175199,4639312.658651938,1.200000000,98,12,1
TX,228.816661237,290418.415324300,4640697.777889412,1.200000000,146,7,1
TX,230.489707561,289829.988246624,4638786.412842246,1.200000000,341,12,1
TX,230.764452880,291977.438143320,4641716.375122949,1.200000000,286,12,1
TX,230.827266586,290021.056635159,4642642.444136882,1.200000000,199,10,1
TX,231.046229497,289652.899588243,4642205.014460070,1.200000000,24,8,1
TX,231.377948919,297938.912411927,4644973.689519823,1.200000000,255,12,1
TX,232.161737021,291843.910259313,4642542.181289519,1.200000000,272,12,1
TX,232.334345701,290607.505951912,4639040.790529602,1.200000000,29,11,1
TX,232.631757712,292065.900244147,4645098.447589317,1.200000000,258,12,1
TX,232.857775183,292181.777615869,4642144.624879947,1.200000000,166,12,1
TX,233.543589729,292527.296926579,4642905.390835934,1.200000000,142,12,1
TX,234.793968507,294102.037815621,4639209.197127759,1.200000000,47,12,1
TX,235.474787787,292482.282988120,4642983.393637886,1.200000000,502,12,1
TX,235.563952591,290334.577804124,4644075.386120960,1.200000000,367,12,1
TX,235.651319407,291135.711749112,4636180.278092382,1.200000000,211,12,1
TX,236.789545661,290660.896359686,4639331.923459309,1.200000000,333,10,1
TX,236.979195590,291693.894388657,4644968.218530695,1.200000000,468,12,1
TX,237.429332799,294915.332139430,4643913.928957952,1.200000000,351,12,1
TX,238.143469447,291851.183862938,4642553.145728054,1.200000000,378,12,1
TX,238.555142590,292568.823267441,4642920.015351354,1.200000000,90,12,1
TX,238.846173039,292197.429728119,4642160.170836112,1.200000000,299,12,1
TX,238.960043784,289624.046529513,4638095.301898674,1.200000000,58,12,1
TX,239.071909367,286060.561177644,4638801.381605199,1.200000000,503,12,1
TX,239.274368870,286163.775585056,4629628.004005580,1.200000000,318,12,1
TX,239.518064334,291874.412495827,4642563.990557959,1.200000000,5,12,1
TX,240.219273293,292195.196028179,4642162.488941781,1.200000000,300,12,1
TX,242.414100123,291102.296767163,4642463.737564486,1.200000000,393,12,2
TX,242.729484729,292520.842583667,4642910.556737726,1.200000000,184,12,1
TX,242.819139595,292111.802396071,4641191.308232985,1.200000000,426,12,1
TX,244.233345403,290688.359623969,4641303.641861308,1.200000000,330,7,1
TX,244.654725140,293185.318372836,4640507.970579174,1.200000000,541,12,1
TX,245.153991131,257988.237595629,4650754.973883027,1.200000000,507,12,1
TX,245.366992553,271639.435899073,4630643.878758359,1.200000000,316,12,1
TX,245.594969225,291865.594122592,4642558.151242865,1.200000000,307,12,1
TX,245.963015118,290692.695221700,4641303.517445294,1.200000000,205,7,1
TX,246.176729142,292691.603615084,4641803.362296979,1.200000000,460,12,1
TX,246.482821453,291276.697580719,4642393.974016345,1.200000000,321,12,1
TX,246.561785341,295604.324096886,4645553.234299616,1.200000000,337,12,1
TX,246.579179677,292484.934847773,4641638.946606609,1.200000000,516,12,1
TX,247.096519357,269851.610052965,4644041.435736729,1.200000000,527,12,1
TX,248.256704313,290383.693229138,4641804.972857052,1.200000000,348,7,1
TX,248.857508334,291873.979871382,4642557.695519060,1.200000000,509,12,1
TX,251.500556946,294338.825207006,4642097.080433844,1.200000000,134,8,1
TX,252.026846125,291828.806114718,4642548.747445339,1.200000000,293,12,1
TX,252.499660085,291202.297230196,4641298.201528937,1.200000000,167,8,1
TX,253.773064372,291823.218683908,4642549.960983529,1.200000000,121,12,1
TX,254.822947737,292522.958946679,4642909.133647425,1.200000000,353,12,1
TX,255.812758008,296160.273401860,4639669.016112909,1.200000000,416,12,2
TX,256.164543768,291016.704165313,4641808.825623506,1.200000000,219,9,1
TX,256.593420419,291835.397003239,4642553.972239998,1.200000000,456,12,1
TX,256.649511419,290531.276920106,4637422.903855340,1.200000000,487,12,1
TX,257.286736209,292683.710370213,4641793.902507794,1.200000000,433,12,1
TX,257.363745437,290696.199163955,4641295.187863313,1.200000000,331,7,1
TX,258.335937148,289169.344999963,4638624.688726765,1.200000000,107,12,1
TX,258.472073581,295870.316250317,4641387.692804809,1.200000000,384,7,1
TX,258.683244117,290691.542621474,4641303.457558240,1.200000000,77,7,1
TX,260.012354674,291882.254503844,4642554.943785625,1.200000000,115,12,1
TX,260.353379266,293041.312384416,4643312.683027637,1.200000000,41,12,1
TX,260.369659368,297431.688416494,4649337.032766227,1.200000000,131,12,1
TX,260.535020844,295136.821633052,4642702.864441935,1.200000000,162,7,1
TX,260.555879630,294281.664323771,4646816.639980808,1.200000000,79,12,1
TX,260.614602339,292707.181910471,4639630.234038213,1.200000000,243,12,1
TX,261.054010947,292517.910743525,4642911.119485513,1.200000000,515,12,2
TX,261.176406970,290095.152245034,4635389.371977878,1.200000000,530,12,1
TX,261.201925326,290361.607793175,4641433.938574991,1.200000000,238,7,1
TX,261.419486784,292697.177905020,4643686.745780974,1.200000000,362,12,1
TX,262.358769674,290959.864797357,4644926.196974038,1.200000000,525,12,1
TX,263.113329170,291834.322766895,4642550.277398010,1.200000000,281,12,1
TX,263.547961324,290375.882887846,4639086.754846161,1.200000000,96,12,1
TX,263.770641052,291279.666458762,4642385.960767860,1.200000000,323,12,1
TX,264.316676738,291006.685835468,4643978.857049773,1.200000000,210,12,1
TX,265.707088975,290344.606473141,4641428.235813187,1.200000000,340,7,1
TX,267.787635154,292490.988699987,4643026.292894536,1.200000000,501,12,2
TX,268.195998362,297773.659302371,4646469.741758653,1.200000000,382,12,1
TX,268.364895046,295251.434762101,4638474.193552348,1.200000000,513,12,1
TX,268.878305500,290498.488380027,4640863.735161160,1.200000000,212,7,1
TX,269.527767869,289946.200408937,4634398.575539655,1.200000000,465,12,1
TX,270.197859918,290233.613082078,4641374.881865887,1.200000000,380,7,2
TX,270.458182705,292246.120417297,4638926.083171920,1.200000000,229,12,1
TX,270.939526649,290539.670689899,4641369.158999793,1.200000000,349,7,1
TX,270.956122749,292637.867902309,4641822.331728709,1.200000000,418,12,1
TX,271.729884557,287357.256341961,4634227.182002019,1.200000000,292,12,1
TX,271.921085626,291845.996377105,4642569.065359495,1.200000000,452,12,1
TX,272.160507857,289958.037274622,4641612.066218363,1.200000000,386,7,1
TX,272.280619278,290470.855576351,4640640.358723157,1.200000000,239,7,1
TX,272.700917609,290687.348312180,4641294.612949486,1.200000000,204,7,1
TX,272.780014663,291718.950492088,4642157.082573739,1.200000000,67,12,2
TX,274.548265889,290122.240040172,4634643.857505640,1.200000000,236,12,2
TX,274.766561400,292670.408369974,4641818.420196872,1.200000000,94,12,2
TX,275.279279229,290506.792015648,4643431.973107279,1.200000000,273,12,1
TX,275.324357177,292088.285163919,4641814.927184914,1.200000000,505,12,1
TX,275.771366329,296381.859353083,4637618.998990366,1.200000000,144,12,1
TX,276.272970335,290344.457601039,4641433.264633227,1.200000000,246,7,2
TX,276.429584086,292267.986699826,4641946.379809080,1.200000000,312,12,1
TX,276.972761964,290437.105757434,4641379.011798835,1.200000000,247,7,2
TX,277.502144901,291161.822792480,4642198.265566448,1.200000000,102,12,1
TX,277.898354130,275293.979897074,4641629.772463224,1.200000000,522,12,1
TX,278.070818432,292289.131293728,4643332.928680777,1.200000000,365,12,1
TX,278.220093010,291638.542839166,4642827.360432422,1.200000000,15,12,1
TX,278.260218579,290832.807122392,4639360.063400110,1.200000000,203,11,1
TX,278.522958078,290798.226685125,4638159.526579860,1.200000000,521,12,1
TX,279.067414418,271641.767242640,4630633.194819880,1.200000000,288,12,2
TX,279.208528081,291821.660093129,4642534.230610331,1.200000000,478,12,1
TX,279.982243160,291004.640995451,4641911.226640879,1.200000000,371,9,1
TX,280.216514082,292178.989755897,4642169.057940936,1.200000000,54,12,1
TX,280.921702699,295314.794363761,4644093.513135172,1.200000000,485,12,1
TX,281.135125801,290257.800185895,4642335.416823920,1.200000000,387,10,1
TX,281.189375571,292502.058630054,4642906.379048396,1.200000000,198,12,2
TX,281.347296997,289861.143519197,4639061.455965386,1.200000000,188,12,1
TX,281.636249572,293377.814843915,4640939.565651586,1.200000000,396,12,1
TX,281.928915260,290799.279008704,4632916.467664039,1.200000000,409,12,1
TX,282.140009870,290335.823346809,4641438.050699567,1.200000000,70,7,1
TX,282.166649934,291831.863437694,4642541.863139955,1.200000000,490,12,1
TX,282.643054504,295158.661566697,4642708.246793899,1.200000000,150,7,2
TX,283.450477537,271670.296286356,4630621.315914232,1.200000000,315,12,1
TX,283.497789052,290199.895762215,4640172.947601033,1.200000000,112,7,1
TX,283.862466038,290698.733455508,4641290.148553409,1.200000000,302,7,2
TX,283.981098497,290091.644683195,4635387.454970361,1.200000000,524,12,2
TX,284.449423166,292181.265364190,4642153.488512564,1.200000000,18,12,1
TX,284.650190502,289095.418792674,4641185.082999906,1.200000000,395,7,1
TX,284.959027257,291184.107412388,4641319.358730501,1.200000000,440,8,1
TX,285.164696448,290346.034221920,4643884.326829587,1.200000000,165,12,2
TX,285.590078216,295033.241005555,4640704.791576190,1.200000000,392,8,1
TX,286.055563390,289090.168295306,4642467.572279333,1.200000000,103,12,1
TX,286.260688181,294342.693709760,4640214.983384290,1.200000000,450,11,2
TX,286.310650085,291835.191968790,4642530.798687429,1.200000000,488,12,2
TX,286.364979893,289044.909160816,4636651.529677919,1.200000000,111,12,1
TX,286.786199955,275330.697901840,4631414.268651958,1.200000000,215,12,1
TX,286.992814708,289957.979047050,4634414.901678208,1.200000000,33,12,2
TX,287.119730985,291653.831255563,4642839.994681086,1.200000000,534,12,1
TX,287.287874801,295909.036053920,4637966.075674243,1.200000000,431,12,2
TX,288.596652221,283833.511511036,4643335.931214660,1.200000000,415,12,1
TX,289.372975528,292521.567113011,4642936.371129129,1.200000000,201,12,2
TX,289.421677453,291826.370323278,4642549.978395773,1.200000000,262,12,2
TX,289.891637674,291491.041169584,4644571.058353597,1.200000000,6,12,1
TX,290.720285025,289125.043374644,4640649.340977417,1.200000000,0,7,1
TX,291.603976686,295910.553566687,4641316.034764256,1.200000000,508,7,1
TX,292.090309680,295246.375661427,4644034.361094649,1.200000000,448,12,1
TX,292.500626631,290412.126833184,4641823.777297535,1.200000000,60,7,1
TX,292.609287393,289835.984091621,4638818.443653158,1.200000000,74,12,1
TX,292.631507959,271629.688766232,4630617.692995786,1.200000000,179,12,1
TX,292.657361385,291814.669924376,4642541.377096007,1.200000000,481,12,2
TX,292.770429699,294841.503580105,4643745.507700965,1.200000000,147,12,1
TX,292.837032794,295148.392649642,4642704.426220536,1.200000000,154,7,1
TX,293.091294975,294326.418155840,4646373.542465605,1.200000000,446,12,1
TX,293.959570066,290089.332250760,4635373.171913867,1.200000000,544,12,2
TX,294.752610395,292173.735447474,4642152.395365058,1.200000000,217,12,2
TX,297.087216632,271729.660010406,4630741.883174252,1.200000000,221,12,1
TX,297.822759876,292405.235647739,4642748.421543078,1.200000000,200,12,2
TX,298.407377031,288204.383808857,4643934.641717316,1.200000000,68,12,2
TX,298.654985758,291848.876876835,4642558.473366076,1.200000000,274,12,1
TX,298.710617640,295030.061225523,4642878.095875599,1.200000000,45,9,1
TX,298.933359742,291828.263608958,4642546.405497698,1.200000000,514,12,1
TX,299.380083841,286440.955102768,4646846.714383421,1.200000000,128,12,1
TX,299.531261670,282163.693609157,4632753.763235928,1.200000000,206,12,1
TX,300.983525494,292673.065070401,4641786.428719611,1.200000000,242,12,2
TX,302.054524872,290411.905045664,4645671.200585236,1.200000000,50,12,2
TX,304.444918253,293322.283375791,4643322.199851872,1.200000000,104,12,2
TX,304.699148441,292138.538303284,4642220.995397285,1.200000000,472,12,2
TX,305.818528244,290703.949564328,4641302.608191511,1.200000000,388,7,2
TX,307.775326930,291826.729722694,4642552.006000776,1.200000000,252,12,2
TX,308.980438137,291822.321095574,4642554.167898793,1.200000000,482,12,2
TX,309.523539749,291045.787166753,4640477.881875025,1.200000000,244,8,2
TX,309.609952643,291705.183835403,4642816.822953349,1.200000000,443,12,2
TX,310.313036485,292682.346553376,4643689.749623489,1.200000000,363,12,2
TX,310.670866138,271626.565720129,4630646.941697757,1.200000000,290,12,2
TX,310.777140723,289611.216045473,4641954.825128105,1.200000000,25,8,2
TX,311.218013664,292452.875718586,4642914.599854157,1.200000000,374,12,2
TX,312.097815356,298612.424964452,4639411.689693632,1.200000000,191,12,2
TX,312.129951571,292689.826339384,4643728.877009831,1.200000000,364,12,2
TX,313.711463731,291840.593424164,4642554.172763334,1.200000000,277,12,2
TX,314.278187285,291448.060574756,4642222.798891999,1.200000000,383,12,2
TX,315.466540354,291318.007866998,4642014.714719103,1.200000000,83,11,2
TX,315.682863464,290897.883870345,4641175.448893447,1.200000000,542,8,2
TX,315.713335069,290217.025639285,4641470.142596403,1.200000000,251,7,2
TX,316.435054468,270138.388130260,4644252.362494987,1.200000000,427,12,2
TX,317.254808644,290962.599645721,4641189.329585467,1.200000000,40,9,2
TX,317.777973114,290399.638667395,4635435.650731003,1.200000000,319,12,2
TX,318.337270748,292217.672293591,4642165.487202066,1.200000000,369,12,2
TX,318.888839365,291834.717504908,4642555.248399204,1.200000000,265,12,2
TX,320.883128008,290648.874712089,4641470.228265541,1.200000000,226,7,2
TX,321.646289754,271613.034294866,4630654.707462342,1.200000000,132,12,2
TX,322.365687337,293988.974521858,4639361.827951524,1.200000000,62,12,2
TX,322.566011980,291851.150502033,4642550.726207520,1.200000000,377,12,2
TX,322.857764597,305255.820331948,4668086.089055194,1.200000000,261,12,2
TX,323.318314464,289296.232443054,4640969.877957828,1.200000000,91,7,2
TX,325.034144921,291857.770558448,4642556.213786238,1.200000000,259,12,2
TX,325.735466868,295163.588690687,4642715.868762113,1.200000000,163,7,2
TX,328.540267899,291828.376839108,4642547.208835023,1.200000000,11,12,2
TX,329.250116989,291873.799313692,4642560.590498881,1.200000000,267,12,2
TX,329.351899363,292524.501272594,4642898.063180125,1.200000000,88,12,2
TX,329.643822292,295884.602557637,4640273.037962623,1.200000000,164,9,2
TX,329.756045847,290807.904161763,4639374.238635173,1.200000000,234,10,2
TX,330.542660698,291290.720439151,4642402.015260452,1.200000000,63,12,2
TX,331.432350868,271619.372375338,4630652.730718476,1.200000000,173,12,2
TX,331.714758074,290406.374696941,4641820.460026455,1.200000000,346,7,2
TX,331.936517817,290600.007806853,4639030.399059458,1.200000000,39,11,2
TX,332.342217015,285728.884168136,4644268.683766123,1.200000000,512,12,2
TX,332.468498797,292200.875307831,4642158.270439476,1.200000000,194,12,2
TX,333.378155818,291864.172401491,4642554.391952352,1.200000000,539,12,2
TX,333.590588886,292468.088458574,4641902.340658263,1.200000000,372,12,2
TX,333.950398705,295137.894979801,4642725.147244308,1.200000000,152,7,2
TX,334.868840433,291531.943283951,4641628.811544961,1.200000000,338,11,2
TX,335.058489110,295808.440404735,4642235.712681646,1.200000000,187,7,2
TX,335.321259055,290665.075607918,4641556.064756774,1.200000000,148,7,2
TX,336.109198950,291836.642291886,4642522.831958607,1.200000000,3,12,2
TX,336.254598608,291855.980982934,4642535.650287618,1.200000000,125,12,2
TX,336.699097479,296459.406378558,4639186.525796510,1.200000000,477,12,2
TX,336.902845263,291991.701861959,4643704.887446153,1.200000000,489,12,2
TX,337.177666113,290657.432438562,4641430.000963811,1.200000000,263,7,2
TX,337.951378988,292523.183198208,4642903.316506342,1.200000000,361,12,2
TX,338.091029188,291877.735778569,4642557.160414740,1.200000000,268,12,2
TX,339.644126896,273396.912547165,4630048.911683255,1.200000000,327,12,2
TX,342.938762991,290653.232126453,4641451.431210967,1.200000000,224,7,2
TX,343.050879032,291059.228551397,4644027.743933385,1.200000000,169,12,2
TX,343.360047962,292061.101839875,4642283.482764305,1.200000000,474,12,2
TX,343.767704209,290051.468732467,4642389.897015676,1.200000000,43,10,2
TX,343.890747986,291857.632972964,4642553.428089311,1.200000000,87,12,2
TX,344.002810474,291194.199480446,4641395.191944179,1.200000000,209,9,2
TX,344.362323241,290658.480293614,4641320.865666895,1.200000000,408,7,2
TX,344.475230435,292190.690598276,4642156.111157816,1.200000000,493,12,2
TX,344.501304478,291177.760148938,4641310.700779546,1.200000000,195,8,2
TX,345.716956272,290717.445009503,4641296.795303480,1.200000000,306,7,2
TX,346.144359603,294339.992337731,4638991.853691222,1.200000000,127,12,2
TX,346.896583067,288193.377623456,4643918.473135882,1.200000000,510,12,2
TX,347.266513691,295852.860864607,4641386.583567272,1.200000000,26,7,2
TX,347.834414667,292334.162934581,4642041.729410702,1.200000000,81,12,2
TX,348.036713556,288952.895443274,4642642.620349764,1.200000000,130,12,2
TX,348.746689888,287860.399215268,4643258.105825574,1.200000000,401,12,2
TX,348.925697316,292195.711388790,4642149.238494953,1.200000000,223,12,2
TX,349.657873654,292518.289871762,4642918.254805011,1.200000000,168,12,2
TX,351.025079286,291207.865516473,4641298.703140748,1.200000000,174,8,2
TX,351.862544162,291856.262894096,4642256.400287669,1.200000000,28,12,2
TX,353.777494552,290152.433821066,4640851.566581793,1.200000000,506,7,2
TX,353.912483941,291860.840853407,4642549.175229167,1.200000000,118,12,2
TX,354.029024165,290970.034352887,4639159.927630496,1.200000000,156,12,2
TX,354.127736114,290588.570949405,4641074.978974752,1.200000000,398,7,2
TX,355.112731562,292785.057816797,4640783.590148472,1.200000000,235,12,2
TX,355.929623612,291864.173746563,4642554.427182908,1.200000000,116,12,2
TX,356.610249181,291558.399286970,4645227.632830933,1.200000000,256,12,2
TX,356.651418233,291711.580406350,4640049.403537562,1.200000000,190,10,2
TX,357.509561527,289836.730465374,4638808.349565879,1.200000000,93,12,2
TX,357.773885005,290119.741718502,4641500.906248960,1.200000000,86,7,2
TX,357.869914035,290478.847931202,4640629.380042520,1.200000000,342,7,2
TX,358.236826441,291276.693672070,4642387.194360035,1.200000000,322,12,2
TX,358.724803187,287815.850692536,4638656.233075708,1.200000000,202,12,2
TX,359.805426228,289723.492984448,4641852.663453044,1.200000000,59,7,2
TX,360.621565533,290703.556755039,4641301.204084566,1.200000000,301,7,2
TX,361.437851068,286740.440823855,4634386.867728209,1.200000000,529,12,2
TX,361.675974651,290264.079360925,4636416.366012235,1.200000000,14,12,2
TX,362.146919699,291849.358106989,4642536.153644996,1.200000000,491,12,2
TX,362.504600513,292190.777500815,4642163.442030822,1.200000000,350,12,2
TX,362.646741768,291875.682030023,4641929.104446572,1.200000000,109,12,2
TX,362.887693019,271614.489316028,4630664.502248008,1.200000000,56,12,2
TX,362.956641435,291828.177744162,4642552.343781158,1.200000000,295,12,2
TX,363.139972425,291881.548814219,4642562.210571722,1.200000000,53,12,2
TX,363.905798389,291186.278156798,4642148.159440499,1.200000000,228,11,2
TX,364.133366602,293664.084415720,4645279.408545996,1.200000000,264,12,2
TX,364.417585567,292520.254016652,4642909.013929119,1.200000000,309,12,2
TX,365.017028773,291096.208447041,4642466.179480594,1.200000000,64,12,2
TX,366.728095576,290444.684401086,4640842.187544708,1.200000000,76,7,2
TX,367.031254196,271621.249506305,4630634.338958767,1.200000000,314,12,2
TX,367.144043054,291856.848534625,4642555.902225528,1.200000000,296,12,2
TX,367.555323944,291877.652757001,4642566.349001814,1.200000000,517,12,2
TX,369.203962338,271653.059337213,4630616.293884501,1.200000000,313,12,2
TX,370.137863298,290384.757671806,4641817.931107101,1.200000000,140,7,2
TX,370.292793710,297471.632627030,4641412.931794940,1.200000000,473,12,2
TX,370.339038301,290700.114743906,4641291.947424215,1.200000000,233,7,2
TX,370.703449556,293913.949915725,4640709.939923775,1.200000000,71,11,2
TX,370.848184065,291073.986559786,4641981.920045972,1.200000000,436,11,2
TX,373.003556897,271653.600308423,4630622.077117649,1.200000000,175,12,2
TX,373.211888976,291103.070696391,4642482.405013124,1.200000000,343,12,2
TX,373.536591426,295024.932506894,4644604.350743120,1.200000000,55,12,2
TX,374.649450572,290225.552285383,4642130.098549581,1.200000000,305,9,2
TX,375.522807995,292091.126399180,4642632.226401721,1.200000000,325,12,2
TX,375.546352449,292180.200530674,4642143.230489515,1.200000000,421,12,2
TX,378.783237723,294456.547779494,4645493.640107653,1.200000000,151,12,2
TX,379.085069138,291389.865904458,4641365.722445938,1.200000000,335,9,2
TX,379.614892979,291133.215757271,4641352.665931775,1.200000000,110,8,2
TX,381.253237099,290763.747128929,4639350.581174920,1.200000000,280,10,2
TX,381.345267221,291730.947207271,4642160.915140098,1.200000000,66,12,2
TX,382.117919268,289595.805389674,4644253.271081078,1.200000000,225,12,2
TX,383.988619084,291097.304382250,4642468.343360628,1.200000000,455,12,2
TX,384.197732405,295312.764244967,4642541.344618856,1.200000000,158,7,2
TX,384.764572623,272465.266338012,4629572.663511543,1.200000000,213,12,2
TX,384.767819605,290410.783518543,4641819.358698947,1.200000000,248,7,2
TX,385.177515871,291987.759541263,4641086.085039016,1.200000000,214,12,2
TX,385.178335207,292519.218552746,4642904.709577570,1.200000000,279,12,2
TX,385.244416855,291745.601088098,4639504.550838051,1.200000000,479,12,2
TX,385.351938079,291825.121823098,4642552.764629981,1.200000000,297,12,2
TX,386.605232743,292766.661961519,4642793.300287663,1.200000000,113,12,2
TX,386.629076093,288834.314165985,4641808.176128017,1.200000000,332,10,2
TX,386.776141341,291460.506451073,4637825.377842217,1.200000000,467,12,2
TX,387.389182059,291867.196433000,4642556.393642165,1.200000000,117,12,2
TX,388.246329262,290427.266510263,4640505.364778195,1.200000000,92,7,2
TX,388.334408836,293362.014563410,4642631.720054263,1.200000000,471,12,2
TX,388.567124435,290312.899147277,4642014.114911556,1.200000000,373,8,2
TX,389.506460134,291836.969455912,4642538.840770149,1.200000000,424,12,2
TX,389.539122258,291838.584550524,4642552.863230302,1.200000000,12,12,2
TX,389.693095664,292524.848240627,4642908.054485352,1.200000000,80,12,2
TX,390.485113482,291277.409522461,4642396.477367360,1.200000000,320,12,2
TX,390.918253708,291190.522825273,4642208.373958656,1.200000000,208,12,2
TX,391.492207598,294611.540041235,4641353.738951421,1.200000000,230,7,2
TX,391.803416840,291873.838047347,4642569.336808309,1.200000000,375,12,2
TX,392.400974528,290416.145632484,4639021.077628492,1.200000000,407,12,2
TX,393.005064491,292504.145362847,4641910.996533679,1.200000000,457,12,2
TX,394.205014164,291198.981758014,4641292.177538361,1.200000000,19,8,2
TX,394.244928540,295749.392198196,4645167.767589978,1.200000000,381,12,2
TX,394.583887476,292489.673039358,4643135.584566648,1.200000000,403,12,2
TX,394.998158926,291128.549239138,4646222.589696972,1.200000000,410,12,2
TX,395.511751498,282139.070566351,4645860.688011455,1.200000000,84,12,2
TX,396.271039608,292385.076620665,4641780.334139246,1.200000000,476,12,2
TX,398.377853251,290060.951484038,4642384.924593188,1.200000000,42,8,2
TX,398.863286911,292079.355204168,4640566.642007737,1.200000000,182,12,2
TX,399.622551840,290442.085439367,4635875.874863770,1.200000000,180,12,2
TX,399.689467490,293234.426193091,4640209.327644845,1.200000000,445,12,2
TX,400.034892584,290488.015177947,4647531.766907247,1.200000000,480,12,2
TX,402.234803547,295927.951343261,4641316.157583260,1.200000000,34,7,2
TX,402.367817581,289831.095450896,4638784.768368294,1.200000000,328,12,2
TX,402.543055653,290388.431198282,4641808.775020463,1.200000000,27,7,2
TX,403.355004945,292198.887139530,4642157.846333668,1.200000000,394,12,2
TX,403.570862141,290956.221022086,4636012.226989951,1.200000000,122,12,2
TX,403.926551086,291419.809448746,4641306.006182353,1.200000000,133,9,2
TX,404.637015446,289330.259406675,4640383.217050241,1.200000000,379,7,2
TX,405.052602569,288561.154406255,4632440.653428787,1.200000000,57,12,2
TX,406.036821643,292697.196475549,4641809.856860815,1.200000000,464,12,2
TX,407.228446423,292924.110320702,4641886.144438869,1.200000000,61,12,2
TX,407.601725927,291107.544335519,4641530.220994764,1.200000000,108,8,2
TX,408.448153419,291877.574703993,4642551.674132612,1.200000000,283,12,2
TX,410.338592976,291830.584464230,4642546.560363338,1.200000000,500,12,2
TX,410.809861973,304722.885342313,4637797.345611217,1.200000000,186,12,2
TX,411.361245825,292688.106167650,4641804.236363133,1.200000000,459,12,2
TX,412.028252393,290372.761437883,4641408.326352845,1.200000000,237,7,2
TX,412.202072973,289718.837305665,4641851.546390329,1.200000000,1,7,2
TX,412.876212206,293086.391393830,4641719.927537512,1.200000000,494,12,2
TX,415.248622101,289308.484476160,4639789.108085769,1.200000000,254,9,2
TX,416.520526206,294968.345982790,4645051.598557148,1.200000000,336,12,2
TX,417.086814219,289519.698109348,4641779.886478039,1.200000000,227,7,2
TX,417.103775375,290689.329426679,4641301.867060587,1.200000000,52,7,2
TX,418.286181758,291076.373255312,4644046.580509491,1.200000000,124,12,2
TX,418.354132917,295127.431129631,4642710.463328349,1.200000000,155,7,2
TX,418.559559378,296295.433807111,4643022.281306093,1.200000000,437,9,2
TX,418.713633429,290936.515227884,4641201.241596283,1.200000000,326,8,2
TX,419.803233785,291082.533831358,4644047.676409730,1.200000000,253,12,2
TX,420.270604062,291636.306588931,4642837.651156556,1.200000000,30,12,2
TX,421.202385191,271605.817760994,4630638.947381990,1.200000000,531,12,2
TX,421.763930732,291680.379829812,4642113.412098684,1.200000000,545,12,2
TX,421.905108343,289108.440297798,4639510.080879420,1.200000000,100,10,2
TX,422.265903960,293937.798757684,4643705.313019123,1.200000000,536,12,2
TX,422.402703913,289845.331491067,4641725.012458277,1.200000000,99,7,2
TX,422.645351240,288936.449528872,4642930.311014316,1.200000000,428,12,2
TX,424.770182098,292182.692283511,4641153.674136853,1.200000000,425,12,2
TX,425.262720647,293737.355697892,4650740.651441370,1.200000000,411,12,2
TX,425.459806347,290957.782129977,4639063.215566589,1.200000000,85,11,2
TX,426.055553424,289125.378357549,4642822.308406546,1.200000000,139,12,2
TX,426.307667186,291802.350435297,4636723.316351555,1.200000000,422,12,2
TX,426.396807350,295143.616338107,4642708.885742329,1.200000000,153,7,2
TX,427.154854126,291446.029075609,4636406.048049302,1.200000000,193,12,2
TX,427.434655663,291699.654705024,4642192.572439229,1.200000000,275,12,2
TX,427.566615533,292555.955464959,4643135.842211400,1.200000000,207,12,2
TX,427.608594587,295637.414136010,4645570.514762232,1.200000000,442,12,2
TX,428.767101880,290353.196651705,4641440.585057735,1.200000000,69,7,2
TX,429.023795411,291849.991317530,4642557.731186957,1.200000000,497,12,2
TX,429.186012145,293200.329198749,4639225.269176757,1.200000000,20,12,2
TX,431.158658700,271603.706057644,4630671.123464960,1.200000000,287,12,2
TX,431.874933963,296238.500191346,4638894.689689714,1.200000000,138,12,2
TX,432.903635095,292679.184475107,4641797.782197570,1.200000000,461,12,2
TX,433.133723520,292187.254591722,4642147.590079683,1.200000000,16,12,2
TX,433.580699028,290302.891884184,4642148.122494502,1.200000000,241,10,2
TX,433.783912257,292755.059181769,4642029.348774258,1.200000000,183,12,2
TX,434.627832671,292190.684219475,4642165.976522163,1.200000000,423,12,2
TX,435.139139504,292210.112298307,4642166.876853763,1.200000000,376,12,2
TX,435.292106269,294488.759277239,4652837.397599708,1.200000000,260,12,2
TX,435.336654949,291850.916328989,4642544.410402878,1.200000000,126,12,2
TX,437.156423696,278598.660038651,4640516.291884302,1.200000000,535,12,2
TX,437.469419451,291825.815988140,4642563.540214555,1.200000000,412,12,2
TX,437.524658993,295503.086848757,4642534.904441570,1.200000000,185,7,2
TX,437.783832902,292372.370693072,4652198.595935211,1.200000000,414,12,2
TX,438.637918411,291098.300828529,4642459.594803278,1.200000000,391,12,2
TX,439.276634700,290264.193085541,4642136.742685523,1.200000000,366,10,2
TX,439.544499249,290422.319690448,4639016.226914904,1.200000000,550,12,2
TX,440.295239771,295876.702435916,4641368.174277258,1.200000000,36,7,2
TX,441.375246088,294213.232598504,4652177.668059477,1.200000000,257,12,2
TX,441.600971900,287800.044769539,4643319.658367297,1.200000000,402,12,2
TX,442.791095836,305314.330002185,4638828.582747527,1.200000000,549,12,2
TX,443.937014308,291857.195781394,4642543.491893665,1.200000000,7,12,2
TX,444.231193400,291855.335651203,4642539.537373107,1.200000000,368,12,2
TX,444.980289408,292525.247822606,4642925.327045744,1.200000000,170,12,2
TX,445.298504709,290646.315639095,4642292.293975461,1.200000000,397,10,2
TX,447.751297493,293358.302124980,4642709.542776523,1.200000000,285,12,2
TX,448.273515816,290696.329362723,4641308.829102953,1.200000000,310,7,2
TX,448.538815505,282198.716987510,4632795.513746785,1.200000000,548,12,2
TX,449.233123065,289230.257188005,4642499.913125480,1.200000000,137,10,2
TX,449.833235571,291031.328744019,4641169.201208144,1.200000000,97,9,2
TX,449.997401716,296052.110530615,4639362.435030315,1.200000000,160,12,2
TX,450.308596211,296646.888836443,4637514.601936528,1.200000000,197,12,2
TX,451.026615016,288853.722947462,4634720.555442872,1.200000000,404,12,2
TX,453.035714279,271610.308538460,4630635.690849056,1.200000000,289,12,2
TX,454.128138683,292523.455024362,4642914.432303775,1.200000000,357,12,2
TX,455.010964929,293344.021326622,4640099.957669577,1.200000000,171,12,2
TX,455.274229613,289942.145890773,4642713.642122654,1.200000000,270,10,2
TX,455.289302550,292188.680226415,4642152.985216349,1.200000000,17,12,2
TX,456.622228122,295164.129492174,4642738.909958558,1.200000000,161,7,2
TX,456.769081582,290183.775015301,4640142.867976111,1.200000000,430,7,2
TX,457.332670966,292522.847427521,4642903.831745621,1.200000000,78,12,2
TX,457.967190259,292313.766679373,4642540.330733468,1.200000000,528,12,2
TX,458.120875903,292654.489948173,4641822.091580704,1.200000000,420,12,2
TX,458.200322857,292512.144631996,4642910.708482017,1.200000000,196,12,2
TX,458.971820937,293583.749035469,4644062.489710212,1.200000000,218,12,2
TX,458.981692673,295127.203708180,4642698.038059536,1.200000000,159,7,2
TX,459.074026027,291821.283685090,4642547.941348870,1.200000000,520,12,2
TX,459.478030365,291067.490744942,4644060.238787393,1.200000000,101,12,2
TX,459.528491903,294824.487506404,4644840.769144567,1.200000000,23,12,2
TX,459.740522986,290764.171695341,4639508.225517059,1.200000000,49,10,2
TX,460.788158822,291653.480546963,4642839.408811970,1.200000000,526,12,2
TX,461.086969326,291864.409323920,4642551.417061954,1.200000000,178,12,2
TX,461.187943199,290925.189263652,4638912.826351552,1.200000000,390,12,2
TX,461.206029983,286830.216834421,4634330.343855952,1.200000000,540,12,2
TX,461.397798211,289414.174566778,4641532.697235109,1.200000000,547,7,2
TX,461.510176726,288506.874792373,4635189.280812794,1.200000000,518,12,2
TX,461.686973695,292496.585131093,4643000.679270687,1.200000000,400,12,2
TX,462.082774645,290633.700179488,4643895.466505840,1.200000000,432,12,2
TX,462.332381659,292505.575291628,4642913.011325103,1.200000000,89,12,2
TX,462.541355764,291836.564526006,4642545.687725257,1.200000000,114,12,2
TX,464.280604467,291189.156553789,4641317.461747218,1.200000000,231,8,2
TX,464.548557702,290408.898719049,4641801.377521450,1.200000000,13,7,2
TX,465.362336389,295622.039726082,4645557.795082983,1.200000000,441,12,2
TX,465.439186551,293242.835989112,4641000.400966586,1.200000000,304,12,2
TX,465.539914884,292689.525566576,4641792.964384958,1.200000000,463,12,2
TX,465.745460866,291195.172186192,4641286.125391620,1.200000000,359,8,2
TX,466.193819849,293796.994994497,4639606.610683950,1.200000000,48,12,2
TX,466.681544543,290058.644273870,4635384.533870551,1.200000000,543,12,2
TX,467.331167135,292690.142090527,4641816.731566277,1.200000000,454,12,2
TX,468.250509837,291288.462292139,4642399.856521003,1.200000000,324,12,2
TX,468.744878221,291850.370572832,4642557.890979365,1.200000000,284,12,2
TX,469.013018778,290791.375093118,4637909.376930015,1.200000000,311,12,2
TX,469.816661237,290418.415324300,4640697.777889412,1.200000000,146,7,2
TX,469.894722802,291789.496838003,4641611.012409112,1.200000000,129,12,2
TX,469.943076176,291842.224963971,4642558.727814350,1.200000000,484,12,2
TX,470.214549982,293236.602697181,4640192.176859976,1.200000000,51,12,2
TX,470.695418966,291079.181915123,4644023.161582640,1.200000000,360,12,2
TX,471.274414621,288283.102020926,4644614.977511894,1.200000000,278,12,2
TX,471.325645034,291819.548574422,4641052.917648665,1.200000000,240,12,2
TX,471.558101575,295399.213940089,4638425.419264018,1.200000000,149,12,2
TX,471.574083214,295600.033157061,4642162.737422299,1.200000000,519,7,2
TX,471.679159386,287668.800664213,4643683.495148098,1.200000000,538,12,2
TX,472.458982489,285088.143212828,4640765.987528049,1.200000000,413,12,2
TX,472.687223054,289850.527996960,4632538.118953074,1.200000000,339,12,2
TX,474.191138199,289240.199114963,4635802.300460964,1.200000000,73,12,2
TX,475.010545225,294163.011001962,4646794.794364275,1.200000000,486,12,2
TX,475.846499891,290927.432910328,4642136.183814642,1.200000000,172,8,2
TX,476.007682531,296055.664021554,4646428.976803522,1.200000000,303,12,2
TX,477.780236336,290935.969930689,4641325.723007815,1.200000000,82,9,2
TX,478.604672421,293236.222883768,4640195.861094756,1.200000000,444,12,2
TX,478.671420930,292668.104431008,4641784.194826707,1.200000000,453,12,2
TX,478.803366043,291855.107610584,4642546.416184691,1.200000000,123,12,2
TX,479.835043226,293914.778275402,4641410.097144508,1.200000000,438,12,2
TX,479.943497166,291105.056246912,4642463.471268902,1.200000000,385,12,2
TX,480.234979514,292208.739494944,4642162.231063227,1.200000000,511,12,2
TX,480.351139370,297624.671896322,4633076.961940436,1.200000000,135,12,2
TX,480.472800569,291100.456469175,4642452.028010365,1.200000000,334,12,2
TX,480.979195590,291693.894388657,4644968.218530695,1.200000000,468,12,2
TX,481.007698038,271055.218231243,4644336.466589047,1.200000000,495,12,2
TX,481.309905068,291639.375607020,4642145.050294437,1.200000000,136,12,2
TX,482.414408471,291070.897470600,4637377.158073791,1.200000000,21,12,2
TX,482.594741094,292520.403750172,4641895.660453341,1.200000000,8,12,2
TX,483.264806154,292195.888603724,4642157.497457324,1.200000000,469,12,2
TX,484.134458876,291856.833121622,4642553.130032219,1.200000000,282,12,2
TX,484.187363554,291637.766591598,4642834.260376734,1.200000000,31,12,2
TX,484.543589729,292527.296926579,4642905.390835934,1.200000000,142,12,2
TX,486.097902961,289260.052427338,4644940.307561833,1.200000000,532,12,2
TX,486.107939027,291841.206150959,4642552.850468986,1.200000000,291,12,2
TX,486.305866940,290359.761794565,4641449.432003664,1.200000000,65,7,2
TX,486.940271588,302354.909309979,4634108.674206622,1.200000000,466,12,2
TX,487.234523505,271629.370186527,4630637.951033349,1.200000000,294,12,2
TX,487.736378182,291842.802432138,4642550.185476005,1.200000000,9,12,2
TX,488.693561564,294269.903817492,4639046.596135543,1.200000000,458,12,2
TX,489.029185592,290061.707960772,4642375.325270397,1.200000000,37,8,2
TX,489.233345403,290688.359623969,4641303.641861308,1.200000000,330,7,2
TX,489.292773057,290399.747099109,4641834.574442443,1.200000000,419,7,2
TX,489.502240278,294929.601685695,4644990.243166111,1.200000000,449,12,2
TX,489.555142590,292568.823267441,4642920.015351354,1.200000000,90,12,2
TX,490.393045627,293560.146727226,4642774.795888982,1.200000000,462,12,2
TX,491.625374923,291873.682995480,4640755.558769077,1.200000000,358,11,2
TX,492.050854559,301713.786226694,4629501.058412130,1.200000000,106,12,2
TX,493.987673301,281664.513245869,4640723.937388556,1.200000000,523,12,2
TX,494.497691805,293249.490175199,4639312.658651938,1.200000000,98,12,2
TX,494.821280079,291018.137171501,4640407.077815332,1.200000000,344,8,2
TX,495.536387014,286073.540375274,4638749.612968956,1.200000000,504,12,2
TX,495.760755317,292520.369773750,4642919.370506918,1.200000000,354,12,2
TX,496.334345701,290607.505951912,4639040.790529602,1.200000000,29,11,2
TX,496.432146931,290572.683477380,4642288.329631584,1.200000000,399,10,2
TX,496.846173039,292197.429728119,4642160.170836112,1.200000000,299,12,2
TX,498.260786179,292189.556680274,4642153.703204721,1.200000000,308,12,2
TX,498.554034117,292519.322370547,4642910.987213907,1.200000000,356,12,2
TX,499.122508081,290365.619047999,4641446.775868621,1.200000000,276,7,2
TX,499.202350367,290056.700639996,4642383.788680080,1.200000000,38,8,2
TX,499.494193383,293061.175211517,4642340.247298124,1.200000000,222,12,2
TX,500.026846125,291828.806114718,4642548.747445339,1.200000000,293,12,2
TX,500.943663245,289821.735218822,4638791.632064376,1.200000000,329,12,2
TX,501.419486784,292697.177905020,4643686.745780974,1.200000000,362,12,2
TX,502.439559068,289823.763483937,4638628.629370436,1.200000000,10,12,2
TX,502.475768847,292201.419735965,4642159.789172299,1.200000000,499,12,2
TX,503.722849449,292848.675573919,4641948.781755871,1.200000000,417,12,2
TX,504.377948919,297938.912411927,4644973.689519823,1.200000000,255,12,2
TX,505.383885397,291702.418824248,4640072.348071979,1.200000000,157,10,2
TX,505.704630245,290985.779756958,4640674.190363668,1.200000000,22,8,2
TX,505.851464887,290383.272651741,4639068.225829897,1.200000000,405,12,2
TX,505.885988459,290664.279173272,4641545.339305745,1.200000000,220,7,2
TX,506.310633550,290178.268536364,4641463.991792826,1.200000000,447,7,2
TX,506.993923645,293827.245097591,4639523.929166732,1.200000000,120,12,2
TX,508.002529781,291844.775864189,4642529.136388906,1.200000000,216,12,2
TX,508.458380870,271619.872348766,4630662.743985904,1.200000000,317,12,2
TX,508.831053999,289612.788673695,4641954.422325825,1.200000000,75,8,2
TX,509.005386619,290400.607684431,4641818.121012710,1.200000000,434,7,2
TX,510.353844451,290473.238681015,4640683.613913848,1.200000000,145,7,2
TX,510.648104447,291849.916392673,4642228.661569998,1.200000000,406,12,2
TX,510.773048552,290255.860822367,4636502.407411710,1.200000000,95,12,2
TX,513.524222469,291196.830759514,4641397.965746356,1.200000000,177,9,2
TX,513.609419065,298964.084850830,4630922.559039587,1.200000000,143,12,2
TX,515.275431192,291809.691557748,4642539.757791393,1.200000000,498,12,2
TX,515.388963280,295718.643310859,4646656.130243612,1.200000000,533,12,2
TX,515.611645530,289320.191176799,4639959.682948167,1.200000000,192,10,2
TX,515.727606439,292159.865218129,4639326.050244244,1.200000000,189,12,2
TX,515.787635154,292490.988699987,4643026.292894536,1.200000000,501,12,3
TX,515.913097820,295154.311616173,4640520.854329607,1.200000000,141,9,2
TX,516.626069515,292189.490625406,4642149.287150865,1.200000000,370,12,2
TX,517.353379266,293041.312384416,4643312.683027637,1.200000000,41,12,2
TX,518.766561400,292670.408369974,4641818.420196872,1.200000000,94,12,3
TX,520.579179677,292484.934847773,4641638.946606609,1.200000000,516,12,2
TX,521.608763295,291042.577213044,4641722.375672411,1.200000000,245,9,2
TX,522.683244117,290691.542621474,4641303.457558240,1.200000000,77,7,2
TX,522.958637932,291827.876847868,4642553.300654901,1.200000000,298,12,2
TX,523.664270278,286432.264461049,4642901.234559017,1.200000000,232,12,2
TX,524.780014663,291718.950492088,4642157.082573739,1.200000000,67,12,3
TX,524.792007703,292070.647093427,4636448.783083131,1.200000000,347,12,2
TX,524.921702699,295314.794363761,4644093.513135172,1.200000000,485,12,2
TX,525.176729142,292691.603615084,4641803.362296979,1.200000000,460,12,2
TX,525.764452880,291977.438143320,4641716.375122949,1.200000000,286,12,2
TX,525.981098497,290091.644683195,4635387.454970361,1.200000000,524,12,3
TX,526.163640012,291834.703868423,4642552.715835578,1.200000000,2,12,2
TX,526.522958078,290798.226685125,4638159.526579860,1.200000000,521,12,2
TX,526.593420419,291835.397003239,4642553.972239998,1.200000000,456,12,2
TX,527.176406970,290095.152245034,4635389.371977878,1.200000000,530,12,2
TX,527.590078216,295033.241005555,4640704.791576190,1.200000000,392,8,2
TX,527.953185157,294244.147845135,4638403.447275870,1.200000000,72,12,2
TX,528.994247303,290426.331214507,4639972.024396231,1.200000000,249,7,2
TX,529.778747587,290055.149819880,4642390.208325428,1.200000000,44,10,2
TX,529.847156882,290596.003065004,4641516.611352456,1.200000000,266,7,2
TX,529.911409300,275127.196744050,4631251.899224931,1.200000000,483,12,2
TX,530.316676738,291006.685835468,4643978.857049773,1.200000000,210,12,2
TX,530.404268681,291676.779688330,4642149.237679017,1.200000000,492,12,2
TX,530.898354130,275293.979897074,4641629.772463224,1.200000000,522,12,2
TX,533.143469447,291851.183862938,4642553.145728054,1.200000000,378,12,2
TX,534.482821453,291276.697580719,4642393.974016345,1.200000000,321,12,2
TX,534.631757712,292065.900244147,4645098.447589317,1.200000000,258,12,2
TX,535.135125801,290257.800185895,4642335.416823920,1.200000000,387,10,2
TX,535.401271317,292951.109711304,4642992.493111311,1.200000000,181,12,2
TX,536.260218579,290832.807122392,4639360.063400110,1.200000000,203,11,2
TX,536.917775593,290354.469008018,4641864.315947208,1.200000000,389,7,2
TX,537.071909367,286060.561177644,4638801.381605199,1.200000000,503,12,2
TX,537.164543768,291016.704165313,4641808.825623506,1.200000000,219,9,2
TX,538.450477537,271670.296286356,4630621.315914232,1.200000000,315,12,2
TX,538.561785341,295604.324096886,4645553.234299616,1.200000000,337,12,2
TX,539.238471415,276990.968590817,4632322.484774736,1.200000000,429,12,2
TX,540.654725140,293185.318372836,4640507.970579174,1.200000000,541,12,2
TX,540.755315451,291182.375589708,4641403.440565887,1.200000000,496,9,2
TX,540.996311339,292523.665411612,4642926.440597129,1.200000000,355,12,2
TX,542.046229497,289652.899588243,4642205.014460070,1.200000000,24,8,2
TX,542.779355463,291650.025162571,4642829.690178884,1.200000000,46,12,2
TX,542.812758008,296160.273401860,4639669.016112909,1.200000000,416,12,3
TX,543.474787787,292482.282988120,4642983.393637886,1.200000000,502,12,2
TX,543.767740069,291843.211080953,4642541.765475458,1.200000000,269,12,2
TX,543.793968507,294102.037815621,4639209.197127759,1.200000000,47,12,2
TX,543.956122749,292637.867902309,4641822.331728709,1.200000000,418,12,2
TX,545.160507857,289958.037274622,4641612.066218363,1.200000000,386,7,2
TX,545.429332799,294915.332139430,4643913.928957952,1.200000000,351,12,2
TX,545.939526649,290539.670689899,4641369.158999793,1.200000000,349,7,2
TX,546.866818942,290062.588439253,4642383.938684251,1.200000000,35,8,2
TX,546.928915260,290799.279008704,4632916.467664039,1.200000000,409,12,2
TX,547.775326930,291826.729722694,4642552.006000776,1.200000000,252,12,3
TX,548.054010947,292517.910743525,4642911.119485513,1.200000000,515,12,3
TX,548.453589123,291125.139278891,4642924.901764470,1.200000000,439,12,2
TX,548.820807935,293198.148402206,4644657.830620231,1.200000000,105,12,2
TX,549.161737021,291843.910259313,4642542.181289519,1.200000000,272,12,2
TX,549.325920659,289822.839206838,4638567.143203496,1.200000000,32,12,2
TX,549.500556946,294338.825207006,4642097.080433844,1.200000000,134,8,2
TX,550.859043374,299257.482200945,4647754.465916191,1.200000000,475,12,2
TX,551.260688181,294342.693709760,4640214.983384290,1.200000000,450,11,3
TX,551.575689944,291822.947411861,4642554.111120504,1.200000000,4,12,2
TX,553.022046990,290421.292058312,4639008.519308586,1.200000000,546,12,2
TX,553.649511419,290531.276920106,4637422.903855340,1.200000000,487,12,2
TX,553.797010694,292467.984495102,4640569.455603145,1.200000000,352,12,2
TX,553.972761964,290437.105757434,4641379.011798835,1.200000000,247,7,3
TX,554.119730985,291653.831255563,4642839.994681086,1.200000000,534,12,2
TX,554.449423166,292181.265364190,4642153.488512564,1.200000000,18,12,2
TX,555.594582858,291833.670819402,4642492.007644631,1.200000000,176,12,2
TX,555.862466038,290698.733455508,4641290.148553409,1.200000000,302,7,3
TX,556.023877475,290450.933482701,4640605.136840733,1.200000000,345,7,2
TX,558.421677453,291826.370323278,4642549.978395773,1.200000000,262,12,3
TX,558.563952591,290334.577804124,4644075.386120960,1.200000000,367,12,2
TX,558.752610395,292173.735447474,4642152.395365058,1.200000000,217,12,3
TX,558.996702349,290480.192501795,4640626.687400274,1.200000000,250,7,2
TX,559.480693089,293271.053566534,4649586.512147583,1.200000000,470,12,2
TX,559.594969225,291865.594122592,4642558.151242865,1.200000000,307,12,2
TX,560.878329536,291855.215549481,4642543.942957785,1.200000000,271,12,2
TX,561.218013664,292452.875718586,4642914.599854157,1.200000000,374,12,3
TX,561.274368870,286163.775585056,4629628.004005580,1.200000000,318,12,2
TX,561.472073581,295870.316250317,4641387.692804809,1.200000000,384,7,2
TX,562.067414418,271641.767242640,4630633.194819880,1.200000000,288,12,3
TX,563.414100123,291102.296767163,4642463.737564486,1.200000000,393,12,3
TX,563.527767869,289946.200408937,4634398.575539655,1.200000000,465,12,2
TX,563.878305500,290498.488380027,4640863.735161160,1.200000000,212,7,2
TX,563.959570066,290089.332250760,4635373.171913867,1.200000000,544,12,3
TX,564.531261670,282163.693609157,4632753.763235928,1.200000000,206,12,2
TX,565.365687337,293988.974521858,4639361.827951524,1.200000000,62,12,3
TX,568.175485748,291832.687705090,4642552.435202204,1.200000000,119,12,2
TX,568.347296997,289861.143519197,4639061.455965386,1.200000000,188,12,2
TX,568.429584086,292267.986699826,4641946.379809080,1.200000000,312,12,2
TX,568.773064372,291823.218683908,4642549.960983529,1.200000000,121,12,2
TX,569.256704313,290383.693229138,4641804.972857052,1.200000000,348,7,2
TX,569.407377031,288204.383808857,4643934.641717316,1.200000000,68,12,3
TX,569.643822292,295884.602557637,4640273.037962623,1.200000000,164,9,3
TX,570.140009870,290335.823346809,4641438.050699567,1.200000000,70,7,2
TX,570.827266586,290021.056635159,4642642.444136882,1.200000000,199,10,2
TX,571.219273293,292195.196028179,4642162.488941781,1.200000000,300,12,2
TX,571.335937148,289169.344999963,4638624.688726765,1.200000000,107,12,2
TX,571.489707561,289829.988246624,4638786.412842246,1.200000000,341,12,2
TX,572.096519357,269851.610052965,4644041.435736729,1.200000000,527,12,2
TX,572.153940758,290313.298226337,4643599.272104387,1.200000000,451,12,2
TX,573.440376125,290708.351309942,4641302.472471376,1.200000000,435,7,2
TX,574.225797940,295673.486052352,4642467.592102236,1.200000000,537,7,2
TX,574.651319407,291135.711749112,4636180.278092382,1.200000000,211,12,2
TX,574.818528244,290703.949564328,4641302.608191511,1.200000000,388,7,3
TX,575.819139595,292111.802396071,4641191.308232985,1.200000000,426,12,2
TX,576.091294975,294326.418155840,4646373.542465605,1.200000000,446,12,2
TX,576.786199955,275330.697901840,4631414.268651958,1.200000000,215,12,2
TX,576.837032794,295148.392649642,4642704.426220536,1.200000000,154,7,2
TX,577.631507959,271629.688766232,4630617.692995786,1.200000000,179,12,2
TX,577.982243160,291004.640995451,4641911.226640879,1.200000000,371,9,2
TX,578.502144901,291161.822792480,4642198.265566448,1.200000000,102,12,2
TX,578.707088975,290344.606473141,4641428.235813187,1.200000000,340,7,2
TX,580.603976686,295910.553566687,4641316.034764256,1.200000000,508,7,2
TX,582.070818432,292289.131293728,4643332.928680777,1.200000000,365,12,2
TX,582.113329170,291834.322766895,4642550.277398010,1.200000000,281,12,2
TX,582.220093010,291638.542839166,4642827.360432422,1.200000000,15,12,2
TX,583.542660698,291290.720439151,4642402.015260452,1.200000000,63,12,3
TX,583.657361385,291814.669924376,4642541.377096007,1.200000000,481,12,3
TX,584.129951571,292689.826339384,4643728.877009831,1.200000000,364,12,3
TX,584.518064334,291874.412495827,4642563.990557959,1.200000000,5,12,2
TX,584.883128008,290648.874712089,4641470.228265541,1.200000000,226,7,3
TX,586.710617640,295030.061225523,4642878.095875599,1.200000000,45,9,2
TX,586.963015118,290692.695221700,4641303.517445294,1.200000000,205,7,2
TX,587.109198950,291836.642291886,4642522.831958607,1.200000000,3,12,3
TX,587.857508334,291873.979871382,4642557.695519060,1.200000000,509,12,2
TX,588.153991131,257988.237595629,4650754.973883027,1.200000000,507,12,2
TX,588.278187285,291448.060574756,4642222.798891999,1.200000000,383,12,3
TX,588.555879630,294281.664323771,4646816.639980808,1.200000000,79,12,2
TX,589.090309680,295246.375661427,4644034.361094649,1.200000000,448,12,2
TX,590.777973114,290399.638667395,4635435.650731003,1.200000000,319,12,3
TX,591.279279229,290506.792015648,4643431.973107279,1.200000000,273,12,2
TX,591.366992553,271639.435899073,4630643.878758359,1.200000000,316,12,2
TX,591.435054468,270138.388130260,4644252.362494987,1.200000000,427,12,3
TX,591.857775183,292181.777615869,4642144.624879947,1.200000000,166,12,2
TX,591.936517817,290600.007806853,4639030.399059458,1.200000000,39,11,3
TX,592.891637674,291491.041169584,4644571.058353597,1.200000000,6,12,2
TX,593.036713556,288952.895443274,4642642.620349764,1.200000000,130,12,3
TX,593.286736209,292683.710370213,4641793.902507794,1.200000000,433,12,2
TX,593.475230435,292190.690598276,4642156.111157816,1.200000000,493,12,3
TX,594.164696448,290346.034221920,4643884.326829587,1.200000000,165,12,3
TX,594.756045847,290807.904161763,4639374.238635173,1.200000000,234,10,3
TX,594.789545661,290660.896359686,4639331.923459309,1.200000000,333,10,2
TX,594.902845263,291991.701861959,4643704.887446153,1.200000000,489,12,3
TX,595.254598608,291855.980982934,4642535.650287618,1.200000000,125,12,3
TX,595.458182705,292246.120417297,4638926.083171920,1.200000000,229,12,2
TX,595.699097479,296459.406378558,4639186.525796510,1.200000000,477,12,3
TX,596.208528081,291821.660093129,4642534.230610331,1.200000000,478,12,2
TX,596.547961324,290375.882887846,4639086.754846161,1.200000000,96,12,2
TX,597.189375571,292502.058630054,4642906.379048396,1.200000000,198,12,3
TX,597.197859918,290233.613082078,4641374.881865887,1.200000000,380,7,3
TX,598.358769674,290959.864797357,4644926.196974038,1.200000000,525,12,2
TX,598.729484729,292520.842583667,4642910.556737726,1.200000000,184,12,2
TX,598.960043784,289624.046529513,4638095.301898674,1.200000000,58,12,2
TX,598.992814708,289957.979047050,4634414.901678208,1.200000000,33,12,3
TX,599.216514082,292178.989755897,4642169.057940936,1.200000000,54,12,2
TX,599.499660085,291202.297230196,4641298.201528937,1.200000000,167,8,2
TX,599.822947737,292522.958946679,4642909.133647425,1.200000000,353,12,2
TX,600.729884557,287357.256341961,4634227.182002019,1.200000000,292,12,2
TX,601.770429699,294841.503580105,4643745.507700965,1.200000000,147,12,2
TX,602.610249181,291558.399286970,4645227.632830933,1.200000000,256,12,3
TX,602.636249572,293377.814843915,4640939.565651586,1.200000000,396,12,2
TX,602.720285025,289125.043374644,4640649.340977417,1.200000000,0,7,2
TX,603.201925326,290361.607793175,4641433.938574991,1.200000000,238,7,2
TX,603.372975528,292521.567113011,4642936.371129129,1.200000000,201,12,3
TX,604.651418233,291711.580406350,4640049.403537562,1.200000000,190,10,3
TX,604.699148441,292138.538303284,4642220.995397285,1.200000000,472,12,3
TX,604.713335069,290217.025639285,4641470.142596403,1.200000000,251,7,3
TX,604.724803187,287815.850692536,4638656.233075708,1.200000000,202,12,3
TX,605.195998362,297773.659302371,4646469.741758653,1.200000000,382,12,2
TX,605.770641052,291279.666458762,4642385.960767860,1.200000000,323,12,2
TX,606.055563390,289090.168295306,4642467.572279333,1.200000000,103,12,2
TX,607.417585567,292520.254016652,4642909.013929119,1.200000000,309,12,3
TX,607.548265889,290122.240040172,4634643.857505640,1.200000000,236,12,3
TX,608.369659368,297431.688416494,4649337.032766227,1.200000000,131,12,2
TX,609.310650085,291835.191968790,4642530.798687429,1.200000000,488,12,3
TX,610.363745437,290696.199163955,4641295.187863313,1.200000000,331,7,2
TX,611.938762991,290653.232126453,4641451.431210967,1.200000000,224,7,3
TX,612.444918253,293322.283375791,4643322.199851872,1.200000000,104,12,3
TX,612.771366329,296381.859353083,4637618.998990366,1.200000000,144,12,2
TX,612.921085626,291845.996377105,4642569.065359495,1.200000000,452,12,2
TX,615.012354674,291882.254503844,4642554.943785625,1.200000000,115,12,2
TX,615.501304478,291177.760148938,4641310.700779546,1.200000000,195,8,3
TX,615.959027257,291184.107412388,4641319.358730501,1.200000000,440,8,2
TX,616.890747986,291857.632972964,4642553.428089311,1.200000000,87,12,3
TX,617.058489110,295808.440404735,4642235.712681646,1.200000000,187,7,3
TX,617.500626631,290412.126833184,4641823.777297535,1.200000000,60,7,2
TX,617.614602339,292707.181910471,4639630.234038213,1.200000000,243,12,2
TX,617.951378988,292523.183198208,4642903.316506342,1.200000000,361,12,3
TX,618.546352449,292180.200530674,4642143.230489515,1.200000000,421,12,3
TX,618.777140723,289611.216045473,4641954.825128105,1.200000000,25,8,3
TX,618.933359742,291828.263608958,4642546.405497698,1.200000000,514,12,2
TX,619.177666113,290657.432438562,4641430.000963811,1.200000000,263,7,3
TX,619.272970335,290344.457601039,4641433.264633227,1.200000000,246,7,3
TX,619.535020844,295136.821633052,4642702.864441935,1.200000000,162,7,2
TX,619.540267899,291828.376839108,4642547.208835023,1.200000000,11,12,3
TX,620.432350868,271619.372375338,4630652.730718476,1.200000000,173,12,3
TX,620.468498797,292200.875307831,4642158.270439476,1.200000000,194,12,3
TX,620.675974651,290264.079360925,4636416.366012235,1.200000000,14,12,3
TX,621.025079286,291207.865516473,4641298.703140748,1.200000000,174,8,3
TX,621.280619278,290470.855576351,4640640.358723157,1.200000000,239,7,2
TX,621.362323241,290658.480293614,4641320.865666895,1.200000000,408,7,3
TX,623.254808644,290962.599645721,4641189.329585467,1.200000000,40,9,3
TX,623.650190502,289095.418792674,4641185.082999906,1.200000000,395,7,2
TX,624.097815356,298612.424964452,4639411.689693632,1.200000000,191,12,3
TX,624.146919699,291849.358106989,4642536.153644996,1.200000000,491,12,3
TX,624.211888976,291103.070696391,4642482.405013124,1.200000000,343,12,3
TX,624.313036485,292682.346553376,4643689.749623489,1.200000000,363,12,3
TX,624.364895046,295251.434762101,4638474.193552348,1.200000000,513,12,2
TX,624.523539749,291045.787166753,4640477.881875025,1.200000000,244,8,3
TX,624.682863464,290897.883870345,4641175.448893447,1.200000000,542,8,3
TX,626.166649934,291831.863437694,4642541.863139955,1.200000000,490,12,2
TX,626.364979893,289044.909160816,4636651.529677919,1.200000000,111,12,2
TX,626.896583067,288193.377623456,4643918.473135882,1.200000000,510,12,3
TX,627.629076093,288834.314165985,4641808.176128017,1.200000000,332,10,3
TX,627.776141341,291460.506451073,4637825.377842217,1.200000000,467,12,3
TX,629.380083841,286440.955102768,4646846.714383421,1.200000000,128,12,2
TX,630.605232743,292766.661961519,4642793.300287663,1.200000000,113,12,3
TX,631.596652221,283833.511511036,4643335.931214660,1.200000000,415,12,2
TX,631.700917609,290687.348312180,4641294.612949486,1.200000000,204,7,2
TX,631.983525494,292673.065070401,4641786.428719611,1.200000000,242,12,3
TX,632.566011980,291851.150502033,4642550.726207520,1.200000000,377,12,3
TX,633.137863298,290384.757671806,4641817.931107101,1.200000000,140,7,3
TX,633.497789052,290199.895762215,4640172.947601033,1.200000000,112,7,2
TX,633.868840433,291531.943283951,4641628.811544961,1.200000000,338,11,3
TX,634.324357177,292088.285163919,4641814.927184914,1.200000000,505,12,2
TX,635.337270748,292217.672293591,4642165.487202066,1.200000000,369,12,3
TX,635.389182059,291867.196433000,4642556.393642165,1.200000000,117,12,3
TX,636.351899363,292524.501272594,4642898.063180125,1.200000000,88,12,3
TX,636.654985758,291848.876876835,4642558.473366076,1.200000000,274,12,2
TX,637.091029188,291877.735778569,4642557.160414740,1.200000000,268,12,3
TX,637.205014164,291198.981758014,4641292.177538361,1.200000000,19,8,3
TX,637.287874801,295909.036053920,4637966.075674243,1.200000000,431,12,3
TX,638.643054504,295158.661566697,4642708.246793899,1.200000000,150,7,3
TX,638.918253708,291190.522825273,4642208.373958656,1.200000000,208,12,3
TX,639.133366602,293664.084415720,4645279.408545996,1.200000000,264,12,3
TX,639.339038301,290700.114743906,4641291.947424215,1.200000000,233,7,3
TX,639.646289754,271613.034294866,4630654.707462342,1.200000000,132,12,3
TX,639.773885005,290119.741718502,4641500.906248960,1.200000000,86,7,3
TX,640.031254196,271621.249506305,4630634.338958767,1.200000000,314,12,3
TX,640.466540354,291318.007866998,4642014.714719103,1.200000000,83,11,3
TX,641.029024165,290970.034352887,4639159.927630496,1.200000000,156,12,3
TX,644.609287393,289835.984091621,4638818.443653158,1.200000000,74,12,2
TX,645.822759876,292405.235647739,4642748.421543078,1.200000000,200,12,3
TX,645.869914035,290478.847931202,4640629.380042520,1.200000000,342,7,3
TX,645.926551086,291419.809448746,4641306.006182353,1.200000000,133,9,3
TX,646.034144921,291857.770558448,4642556.213786238,1.200000000,259,12,3
TX,646.716956272,290717.445009503,4641296.795303480,1.200000000,306,7,3
TX,647.036821643,292697.196475549,4641809.856860815,1.200000000,464,12,3
TX,647.250116989,291873.799313692,4642560.590498881,1.200000000,267,12,3
TX,649.400974528,290416.145632484,4639021.077628492,1.200000000,407,12,3
TX,649.980438137,291822.321095574,4642554.167898793,1.200000000,482,12,3
TX,650.764572623,272465.266338012,4629572.663511543,1.200000000,213,12,3
TX,652.351938079,291825.121823098,4642552.764629981,1.200000000,297,12,3
TX,653.236826441,291276.693672070,4642387.194360035,1.200000000,322,12,3
TX,653.670866138,271626.565720129,4630646.941697757,1.200000000,290,12,3
TX,653.735466868,295163.588690687,4642715.868762113,1.200000000,163,7,3
TX,653.863286911,292079.355204168,4640566.642007737,1.200000000,182,12,3
TX,653.956641435,291828.177744162,4642552.343781158,1.200000000,295,12,3
TX,654.054524872,290411.905045664,4645671.200585236,1.200000000,50,12,3
TX,654.087216632,271729.660010406,4630741.883174252,1.200000000,221,12,2
TX,656.197732405,295312.764244967,4642541.344618856,1.200000000,158,7,3
TX,656.338592976,291830.584464230,4642546.560363338,1.200000000,500,12,3
TX,656.539122258,291838.584550524,4642552.863230302,1.200000000,12,12,3
TX,656.646741768,291875.682030023,4641929.104446572,1.200000000,109,12,3
TX,657.318314464,289296.232443054,4640969.877957828,1.200000000,91,7,3
TX,658.378155818,291864.172401491,4642554.391952352,1.200000000,539,12,3
TX,658.511751498,282139.070566351,4645860.688011455,1.200000000,84,12,3
TX,658.637015446,289330.259406675,4640383.217050241,1.200000000,379,7,3
TX,661.246329262,290427.266510263,4640505.364778195,1.200000000,92,7,3
TX,662.052602569,288561.154406255,4632440.653428787,1.200000000,57,12,3
TX,662.714758074,290406.374696941,4641820.460026455,1.200000000,346,7,3
TX,664.583887476,292489.673039358,4643135.584566648,1.200000000,403,12,3
TX,664.925697316,292195.711388790,4642149.238494953,1.200000000,223,12,3
TX,665.621565533,290703.556755039,4641301.204084566,1.200000000,301,7,3
TX,666.244416855,291745.601088098,4639504.550838051,1.200000000,479,12,3
TX,666.609952643,291705.183835403,4642816.822953349,1.200000000,443,12,3
TX,666.905798389,291186.278156798,4642148.159440499,1.200000000,228,11,3
TX,667.711463731,291840.593424164,4642554.172763334,1.200000000,277,12,3
TX,668.086814219,289519.698109348,4641779.886478039,1.200000000,227,7,3
TX,668.342217015,285728.884168136,4644268.683766123,1.200000000,512,12,3
TX,668.888839365,291834.717504908,4642555.248399204,1.200000000,265,12,3
TX,669.248622101,289308.484476160,4639789.108085769,1.200000000,254,9,3
TX,669.657873654,292518.289871762,4642918.254805011,1.200000000,168,12,3
TX,669.805426228,289723.492984448,4641852.663453044,1.200000000,59,7,3
TX,670.002810474,291194.199480446,4641395.191944179,1.200000000,209,9,3
TX,671.321259055,290665.075607918,4641556.064756774,1.200000000,148,7,3
TX,671.857764597,305255.820331948,4668086.089055194,1.200000000,261,12,3
TX,671.905108343,289108.440297798,4639510.080879420,1.200000000,100,10,3
TX,672.367817581,289831.095450896,4638784.768368294,1.200000000,328,12,3
TX,672.506460134,291836.969455912,4642538.840770149,1.200000000,424,12,3
TX,673.144359603,294339.992337731,4638991.853691222,1.200000000,127,12,3
TX,673.767704209,290051.468732467,4642389.897015676,1.200000000,43,10,3
TX,673.876212206,293086.391393830,4641719.927537512,1.200000000,494,12,3
TX,674.103775375,290689.329426679,4641301.867060587,1.200000000,52,7,3
TX,675.809861973,304722.885342313,4637797.345611217,1.200000000,186,12,3
TX,676.017028773,291096.208447041,4642466.179480594,1.200000000,64,12,3
TX,676.023795411,291849.991317530,4642557.731186957,1.200000000,497,12,3
TX,681.139972425,291881.548814219,4642562.210571722,1.200000000,53,12,3
TX,681.244928540,295749.392198196,4645167.767589978,1.200000000,381,12,3
TX,681.689467490,293234.426193091,4640209.327644845,1.200000000,445,12,3
TX,683.834414667,292334.162934581,4642041.729410702,1.200000000,81,12,3
TX,684.003556897,271653.600308423,4630622.077117649,1.200000000,175,12,3
TX,684.334408836,293362.014563410,4642631.720054263,1.200000000,471,12,3
TX,685.590588886,292468.088458574,4641902.340658263,1.200000000,372,12,3
TX,686.266513691,295852.860864607,4641386.583567272,1.200000000,26,7,3
TX,686.600971900,287800.044769539,4643319.658367297,1.200000000,402,12,3
TX,686.767819605,290410.783518543,4641819.358698947,1.200000000,248,7,3
TX,687.112731562,292785.057816797,4640783.590148472,1.200000000,235,12,3
TX,687.703449556,293913.949915725,4640709.939923775,1.200000000,71,11,3
TX,689.644126896,273396.912547165,4630048.911683255,1.200000000,327,12,3
TX,690.271039608,292385.076620665,4641780.334139246,1.200000000,476,12,3
TX,691.144043054,291856.848534625,4642555.902225528,1.200000000,296,12,3
TX,691.614892979,291133.215757271,4641352.665931775,1.200000000,110,8,3
TX,691.713633429,290936.515227884,4641201.241596283,1.200000000,326,8,3
TX,692.202385191,271605.817760994,4630638.947381990,1.200000000,531,12,3
TX,692.950398705,295137.894979801,4642725.147244308,1.200000000,152,7,3
TX,693.862544162,291856.262894096,4642256.400287669,1.200000000,28,12,3
TX,695.253237099,290763.747128929,4639350.581174920,1.200000000,280,10,3
TX,695.728095576,290444.684401086,4640842.187544708,1.200000000,76,7,3
TX,696.292793710,297471.632627030,4641412.931794940,1.200000000,473,12,3
TX,696.791095836,305314.330002185,4638828.582747527,1.200000000,549,12,3
TX,697.127736114,290588.570949405,4641074.978974752,1.200000000,398,7,3
TX,697.273515816,290696.329362723,4641308.829102953,1.200000000,310,7,3
TX,697.912483941,291860.840853407,4642549.175229167,1.200000000,118,12,3
TX,698.345267221,291730.947207271,4642160.915140098,1.200000000,66,12,3
TX,699.050879032,291059.228551397,4644027.743933385,1.200000000,169,12,3
TX,699.231193400,291855.335651203,4642539.537373107,1.200000000,368,12,3
TX,699.524658993,295503.086848757,4642534.904441570,1.200000000,185,7,3
TX,699.988619084,291097.304382250,4642468.343360628,1.200000000,455,12,3
TX,700.233123065,289230.257188005,4642499.913125480,1.200000000,137,10,3
TX,700.520526206,294968.345982790,4645051.598557148,1.200000000,336,12,3
TX,701.360047962,292061.101839875,4642283.482764305,1.200000000,474,12,3
TX,701.402703913,289845.331491067,4641725.012458277,1.200000000,99,7,3
TX,702.355004945,292198.887139530,4642157.846333668,1.200000000,394,12,3
TX,702.746689888,287860.399215268,4643258.105825574,1.200000000,401,12,3
TX,702.763930732,291680.379829812,4642113.412098684,1.200000000,545,12,3
TX,703.492207598,294611.540041235,4641353.738951421,1.200000000,230,7,3
TX,703.777494552,290152.433821066,4640851.566581793,1.200000000,506,7,3
TX,704.485113482,291277.409522461,4642396.477367360,1.200000000,320,12,3
TX,704.622228122,295164.129492174,4642738.909958558,1.200000000,161,7,3
TX,706.005064491,292504.145362847,4641910.996533679,1.200000000,457,12,3
TX,706.203962338,271653.059337213,4630616.293884501,1.200000000,313,12,3
TX,706.929623612,291864.173746563,4642554.427182908,1.200000000,116,12,3
TX,707.035714279,271610.308538460,4630635.690849056,1.200000000,289,12,3
TX,707.509561527,289836.730465374,4638808.349565879,1.200000000,93,12,3
TX,708.437851068,286740.440823855,4634386.867728209,1.200000000,529,12,3
TX,709.980289408,292525.247822606,4642925.327045744,1.200000000,170,12,3
TX,710.740522986,290764.171695341,4639508.225517059,1.200000000,49,10,3
TX,710.887693019,271614.489316028,4630664.502248008,1.200000000,56,12,3
TX,711.187943199,290925.189263652,4638912.826351552,1.200000000,390,12,3
TX,712.504600513,292190.777500815,4642163.442030822,1.200000000,350,12,3
TX,712.687223054,289850.527996960,4632538.118953074,1.200000000,339,12,3
TX,713.010964929,293344.021326622,4640099.957669577,1.200000000,171,12,3
TX,713.434655663,291699.654705024,4642192.572439229,1.200000000,275,12,3
TX,714.028252393,290372.761437883,4641408.326352845,1.200000000,237,7,3
TX,715.139139504,292210.112298307,4642166.876853763,1.200000000,376,12,3
TX,715.177515871,291987.759541263,4641086.085039016,1.200000000,214,12,3
TX,715.783832902,292372.370693072,4652198.595935211,1.200000000,414,12,3
TX,715.848184065,291073.986559786,4641981.920045972,1.200000000,436,11,3
TX,716.186012145,293200.329198749,4639225.269176757,1.200000000,20,12,3
TX,716.559559378,296295.433807111,4643022.281306093,1.200000000,437,9,3
TX,718.117919268,289595.805389674,4644253.271081078,1.200000000,225,12,3
TX,718.555323944,291877.652757001,4642566.349001814,1.200000000,517,12,3
TX,720.536591426,295024.932506894,4644604.350743120,1.200000000,55,12,3
TX,721.744878221,291850.370572832,4642557.890979365,1.200000000,284,12,3
TX,722.693095664,292524.848240627,4642908.054485352,1.200000000,80,12,3
TX,723.007682531,296055.664021554,4646428.976803522,1.200000000,303,12,3
TX,723.156423696,278598.660038651,4640516.291884302,1.200000000,535,12,3
TX,723.783237723,294456.547779494,4645493.640107653,1.200000000,151,12,3
TX,724.894722802,291789.496838003,4641611.012409112,1.200000000,129,12,3
TX,725.528491903,294824.487506404,4644840.769144567,1.200000000,23,12,3
TX,725.548557702,290408.898719049,4641801.377521450,1.200000000,13,7,3
TX,726.336654949,291850.916328989,4642544.410402878,1.200000000,126,12,3
TX,727.055553424,289125.378357549,4642822.308406546,1.200000000,139,12,3
TX,727.178335207,292519.218552746,4642904.709577570,1.200000000,279,12,3
TX,728.510176726,288506.874792373,4635189.280812794,1.200000000,518,12,3
TX,728.997401716,296052.110530615,4639362.435030315,1.200000000,160,12,3
TX,729.133723520,292187.254591722,4642147.590079683,1.200000000,16,12,3
TX,729.671420930,292668.104431008,4641784.194826707,1.200000000,453,12,3
TX,730.594741094,292520.403750172,4641895.660453341,1.200000000,8,12,3
TX,731.206029983,286830.216834421,4634330.343855952,1.200000000,540,12,3
TX,731.286181758,291076.373255312,4644046.580509491,1.200000000,124,12,3
TX,731.649450572,290225.552285383,4642130.098549581,1.200000000,305,9,3
TX,731.803416840,291873.838047347,4642569.336808309,1.200000000,375,12,3
TX,732.085069138,291389.865904458,4641365.722445938,1.200000000,335,9,3
TX,732.292106269,294488.759277239,4652837.397599708,1.200000000,260,12,3
TX,732.788158822,291653.480546963,4642839.408811970,1.200000000,526,12,3
TX,733.280604467,291189.156553789,4641317.461747218,1.200000000,231,8,3
TX,733.522807995,292091.126399180,4642632.226401721,1.200000000,325,12,3
TX,735.566615533,292555.955464959,4643135.842211400,1.200000000,207,12,3
TX,736.458982489,285088.143212828,4640765.987528049,1.200000000,413,12,3
TX,737.265903960,293937.798757684,4643705.313019123,1.200000000,536,12,3
TX,737.940271588,302354.909309979,4634108.674206622,1.200000000,466,12,3
TX,739.751297493,293358.302124980,4642709.542776523,1.200000000,285,12,3
TX,739.783912257,292755.059181769,4642029.348774258,1.200000000,183,12,3
TX,740.154854126,291446.029075609,4636406.048049302,1.200000000,193,12,3
TX,740.608594587,295637.414136010,4645570.514762232,1.200000000,442,12,3
TX,741.308596211,296646.888836443,4637514.601936528,1.200000000,197,12,3
TX,741.541355764,291836.564526006,4642545.687725257,1.200000000,114,12,3
TX,742.622551840,290442.085439367,4635875.874863770,1.200000000,180,12,3
TX,743.570862141,290956.221022086,4636012.226989951,1.200000000,122,12,3
TX,744.191138199,289240.199114963,4635802.300460964,1.200000000,73,12,3
TX,744.354132917,295127.431129631,4642710.463328349,1.200000000,155,7,3
TX,744.645351240,288936.449528872,4642930.311014316,1.200000000,428,12,3
TX,745.307667186,291802.350435297,4636723.316351555,1.200000000,422,12,3
TX,746.250509837,291288.462292139,4642399.856521003,1.200000000,324,12,3
TX,746.567124435,290312.899147277,4642014.114911556,1.200000000,373,8,3
TX,746.580699028,290302.891884184,4642148.122494502,1.200000000,241,10,3
TX,747.543055653,290388.431198282,4641808.775020463,1.200000000,27,7,3
TX,747.770182098,292182.692283511,4641153.674136853,1.200000000,425,12,3
TX,748.034892584,290488.015177947,4647531.766907247,1.200000000,480,12,3
TX,748.332670966,292522.847427521,4642903.831745621,1.200000000,78,12,3
TX,749.202072973,289718.837305665,4641851.546390329,1.200000000,1,7,3
TX,749.681544543,290058.644273870,4635384.533870551,1.200000000,543,12,3
TX,750.026615016,288853.722947462,4634720.555442872,1.200000000,404,12,3
TX,750.325645034,291819.548574422,4641052.917648665,1.200000000,240,12,3
TX,750.943076176,291842.224963971,4642558.727814350,1.200000000,484,12,3
TX,751.234803547,295927.951343261,4641316.157583260,1.200000000,34,7,3
TX,751.298504709,290646.315639095,4642292.293975461,1.200000000,397,10,3
TX,751.648104447,291849.916392673,4642228.661569998,1.200000000,406,12,3
TX,752.134458876,291856.833121622,4642553.130032219,1.200000000,282,12,3
TX,752.375246088,294213.232598504,4652177.668059477,1.200000000,257,12,3
TX,752.432146931,290572.683477380,4642288.329631584,1.200000000,399,10,3
TX,753.097902961,289260.052427338,4644940.307561833,1.200000000,532,12,3
TX,753.361245825,292688.106167650,4641804.236363133,1.200000000,459,12,3
TX,753.448153419,291877.574703993,4642551.674132612,1.200000000,283,12,3
TX,753.722849449,292848.675573919,4641948.781755871,1.200000000,417,12,3
TX,753.903635095,292679.184475107,4641797.782197570,1.200000000,461,12,3
TX,754.377853251,290060.951484038,4642384.924593188,1.200000000,42,8,3
TX,754.846499891,290927.432910328,4642136.183814642,1.200000000,172,8,3
TX,754.998158926,291128.549239138,4646222.589696972,1.200000000,410,12,3
TX,755.122508081,290365.619047999,4641446.775868621,1.200000000,276,7,3
TX,755.234979514,292208.739494944,4642162.231063227,1.200000000,511,12,3
TX,755.276634700,290264.193085541,4642136.742685523,1.200000000,366,10,3
TX,755.502240278,294929.601685695,4644990.243166111,1.200000000,449,12,3
TX,756.310633550,290178.268536364,4641463.991792826,1.200000000,447,7,3
TX,758.260786179,292189.556680274,4642153.703204721,1.200000000,308,12,3
TX,760.469419451,291825.815988140,4642563.540214555,1.200000000,412,12,3
TX,761.993923645,293827.245097591,4639523.929166732,1.200000000,120,12,3
TX,762.270604062,291636.306588931,4642837.651156556,1.200000000,30,12,3
TX,762.627832671,292190.684219475,4642165.976522163,1.200000000,423,12,3
TX,763.050854559,301713.786226694,4629501.058412130,1.200000000,106,12,3
TX,763.107939027,291841.206150959,4642552.850468986,1.200000000,291,12,3
TX,763.228446423,292924.110320702,4641886.144438869,1.200000000,61,12,3
TX,763.601725927,291107.544335519,4641530.220994764,1.200000000,108,8,3
TX,763.967190259,292313.766679373,4642540.330733468,1.200000000,528,12,3
TX,764.475768847,292201.419735965,4642159.789172299,1.200000000,499,12,3
TX,765.536387014,286073.540375274,4638749.612968956,1.200000000,504,12,3
TX,765.558101575,295399.213940089,4638425.419264018,1.200000000,149,12,3
TX,766.803366043,291855.107610584,4642546.416184691,1.200000000,123,12,3
TX,767.176729142,292691.603615084,4641803.362296979,1.200000000,460,12,3
TX,767.538815505,282198.716987510,4632795.513746785,1.200000000,548,12,3
TX,767.683244117,290691.542621474,4641303.457558240,1.200000000,77,7,3
TX,768.419486784,292697.177905020,4643686.745780974,1.200000000,362,12,3
TX,770.120875903,292654.489948173,4641822.091580704,1.200000000,420,12,3
TX,771.292773057,290399.747099109,4641834.574442443,1.200000000,419,7,3
TX,771.397798211,289414.174566778,4641532.697235109,1.200000000,547,7,3
TX,771.767101880,290353.196651705,4641440.585057735,1.200000000,69,7,3
TX,771.874933963,296238.500191346,4638894.689689714,1.200000000,138,12,3
TX,772.353844451,290473.238681015,4640683.613913848,1.200000000,145,7,3
TX,773.200322857,292512.144631996,4642910.708482017,1.200000000,196,12,3
TX,773.524222469,291196.830759514,4641397.965746356,1.200000000,177,9,3
TX,773.686973695,292496.585131093,4643000.679270687,1.200000000,400,12,3
TX,773.803233785,291082.533831358,4644047.676409730,1.200000000,253,12,3
TX,774.695418966,291079.181915123,4644023.161582640,1.200000000,360,12,3
TX,775.163640012,291834.703868423,4642552.715835578,1.200000000,2,12,3
TX,775.396807350,295143.616338107,4642708.885742329,1.200000000,153,7,3
TX,775.679159386,287668.800664213,4643683.495148098,1.200000000,538,12,3
TX,775.971820937,293583.749035469,4644062.489710212,1.200000000,218,12,3
TX,777.158658700,271603.706057644,4630671.123464960,1.200000000,287,12,3
TX,777.981692673,295127.203708180,4642698.038059536,1.200000000,159,7,3
TX,778.010545225,294163.011001962,4646794.794364275,1.200000000,486,12,3
TX,778.494193383,293061.175211517,4642340.247298124,1.200000000,222,12,3
TX,778.792007703,292070.647093427,4636448.783083131,1.200000000,347,12,3
TX,780.002529781,291844.775864189,4642529.136388906,1.200000000,216,12,3
TX,780.135125801,290257.800185895,4642335.416823920,1.200000000,387,10,3
TX,780.262720647,293737.355697892,4650740.651441370,1.200000000,411,12,3
TX,781.143469447,291851.183862938,4642553.145728054,1.200000000,378,12,3
TX,781.609419065,298964.084850830,4630922.559039587,1.200000000,143,12,3
TX,782.414408471,291070.897470600,4637377.158073791,1.200000000,21,12,3
TX,783.351139370,297624.671896322,4633076.961940436,1.200000000,135,12,3
TX,783.459806347,290957.782129977,4639063.215566589,1.200000000,85,11,3
TX,783.625374923,291873.682995480,4640755.558769077,1.200000000,358,11,3
TX,784.082774645,290633.700179488,4643895.466505840,1.200000000,432,12,3
TX,784.833235571,291031.328744019,4641169.201208144,1.200000000,97,9,3
TX,785.334345701,290607.505951912,4639040.790529602,1.200000000,29,11,3
TX,785.937014308,291857.195781394,4642543.491893665,1.200000000,7,12,3
TX,785.994247303,290426.331214507,4639972.024396231,1.200000000,249,7,3
TX,786.309905068,291639.375607020,4642145.050294437,1.200000000,136,12,3
TX,788.007698038,271055.218231243,4644336.466589047,1.200000000,495,12,3
TX,788.851464887,290383.272651741,4639068.225829897,1.200000000,405,12,3
TX,789.831053999,289612.788673695,4641954.422325825,1.200000000,75,8,3
TX,790.295239771,295876.702435916,4641368.174277258,1.200000000,36,7,3
TX,790.305866940,290359.761794565,4641449.432003664,1.200000000,65,7,3
TX,790.574083214,295600.033157061,4642162.737422299,1.200000000,519,7,3
TX,790.604672421,293236.222883768,4640195.861094756,1.200000000,444,12,3
TX,791.561785341,295604.324096886,4645553.234299616,1.200000000,337,12,3
TX,792.289302550,292188.680226415,4642152.985216349,1.200000000,17,12,3
TX,793.593420419,291835.397003239,4642553.972239998,1.200000000,456,12,3
TX,794.026846125,291828.806114718,4642548.747445339,1.200000000,293,12,3
TX,794.274229613,289942.145890773,4642713.642122654,1.200000000,270,10,3
TX,794.760755317,292520.369773750,4642919.370506918,1.200000000,354,12,3
TX,795.575689944,291822.947411861,4642554.111120504,1.200000000,4,12,3
TX,796.074026027,291821.283685090,4642547.941348870,1.200000000,520,12,3
TX,798.274414621,288283.102020926,4644614.977511894,1.200000000,278,12,3
TX,798.544499249,290422.319690448,4639016.226914904,1.200000000,550,12,3
TX,798.637918411,291098.300828529,4642459.594803278,1.200000000,391,12,3
TX,798.793968507,294102.037815621,4639209.197127759,1.200000000,47,12,3
TX,799.943497166,291105.056246912,4642463.471268902,1.200000000,385,12,3
TX,800.453589123,291125.139278891,4642924.901764470,1.200000000,439,12,3
TX,800.478030365,291067.490744942,4644060.238787393,1.200000000,101,12,3
TX,800.769081582,290183.775015301,4640142.867976111,1.200000000,430,7,3
TX,800.956122749,292637.867902309,4641822.331728709,1.200000000,418,12,3
TX,801.331167135,292690.142090527,4641816.731566277,1.200000000,454,12,3
TX,802.482821453,291276.697580719,4642393.974016345,1.200000000,321,12,3
TX,802.981098497,290091.644683195,4635387.454970361,1.200000000,524,12,4
TX,803.835043226,293914.778275402,4641410.097144508,1.200000000,438,12,3
TX,804.161737021,291843.910259313,4642542.181289519,1.200000000,272,12,3
TX,804.787635154,292490.988699987,4643026.292894536,1.200000000,501,12,4
TX,804.816661237,290418.415324300,4640697.777889412,1.200000000,146,7,3
TX,804.996311339,292523.665411612,4642926.440597129,1.200000000,355,12,3
TX,805.522958078,290798.226685125,4638159.526579860,1.200000000,521,12,3
TX,805.821280079,291018.137171501,4640407.077815332,1.200000000,344,8,3
TX,806.439186551,293242.835989112,4641000.400966586,1.200000000,304,12,3
TX,806.500556946,294338.825207006,4642097.080433844,1.200000000,134,8,3
TX,806.563952591,290334.577804124,4644075.386120960,1.200000000,367,12,3
TX,807.275431192,291809.691557748,4642539.757791393,1.200000000,498,12,3
TX,808.745460866,291195.172186192,4641286.125391620,1.200000000,359,8,3
TX,809.543589729,292527.296926579,4642905.390835934,1.200000000,142,12,3
TX,809.921702699,295314.794363761,4644093.513135172,1.200000000,485,12,3
TX,809.987673301,281664.513245869,4640723.937388556,1.200000000,523,12,3
TX,810.086969326,291864.409323920,4642551.417061954,1.200000000,178,12,3
TX,810.594969225,291865.594122592,4642558.151242865,1.200000000,307,12,3
TX,810.755315451,291182.375589708,4641403.440565887,1.200000000,496,9,3
TX,810.878329536,291855.215549481,4642543.942957785,1.200000000,271,12,3
TX,811.128138683,292523.455024362,4642914.432303775,1.200000000,357,12,3
TX,811.264806154,292195.888603724,4642157.497457324,1.200000000,469,12,3
TX,811.362336389,295622.039726082,4645557.795082983,1.200000000,441,12,3
TX,811.878305500,290498.488380027,4640863.735161160,1.200000000,212,7,3
TX,812.913097820,295154.311616173,4640520.854329607,1.200000000,141,9,3
TX,812.959570066,290089.332250760,4635373.171913867,1.200000000,544,12,4
TX,813.013018778,290791.375093118,4637909.376930015,1.200000000,311,12,3
TX,813.365687337,293988.974521858,4639361.827951524,1.200000000,62,12,4
TX,814.353379266,293041.312384416,4643312.683027637,1.200000000,41,12,3
TX,815.377948919,297938.912411927,4644973.689519823,1.200000000,255,12,3
TX,816.332381659,292505.575291628,4642913.011325103,1.200000000,89,12,3
TX,816.407377031,288204.383808857,4643934.641717316,1.200000000,68,12,4
TX,817.383885397,291702.418824248,4640072.348071979,1.200000000,157,10,3
TX,817.608763295,291042.577213044,4641722.375672411,1.200000000,245,9,3
TX,817.773048552,290255.860822367,4636502.407411710,1.200000000,95,12,3
TX,818.429332799,294915.332139430,4643913.928957952,1.200000000,351,12,3
TX,818.489707561,289829.988246624,4638786.412842246,1.200000000,341,12,3
TX,819.193819849,293796.994994497,4639606.610683950,1.200000000,48,12,3
TX,819.780014663,291718.950492088,4642157.082573739,1.200000000,67,12,4
TX,820.096519357,269851.610052965,4644041.435736729,1.200000000,527,12,3
TX,820.119730985,291653.831255563,4642839.994681086,1.200000000,534,12,3
TX,820.335937148,289169.344999963,4638624.688726765,1.200000000,107,12,3
TX,820.611645530,289320.191176799,4639959.682948167,1.200000000,192,10,3
TX,820.979195590,291693.894388657,4644968.218530695,1.200000000,468,12,3
TX,822.233345403,290688.359623969,4641303.641861308,1.200000000,330,7,3
TX,822.472800569,291100.456469175,4642452.028010365,1.200000000,334,12,3
TX,822.775326930,291826.729722694,4642552.006000776,1.200000000,252,12,4
TX,823.539914884,292689.525566576,4641792.964384958,1.200000000,463,12,3
TX,824.554034117,292519.322370547,4642910.987213907,1.200000000,356,12,3
TX,824.996702349,290480.192501795,4640626.687400274,1.200000000,250,7,3
TX,825.160507857,289958.037274622,4641612.066218363,1.200000000,386,7,3
TX,825.704630245,290985.779756958,4640674.190363668,1.200000000,22,8,3
TX,825.736378182,291842.802432138,4642550.185476005,1.200000000,9,12,3
TX,826.664270278,286432.264461049,4642901.234559017,1.200000000,232,12,3
TX,826.883128008,290648.874712089,4641470.228265541,1.200000000,226,7,4
TX,827.046229497,289652.899588243,4642205.014460070,1.200000000,24,8,3
TX,827.393045627,293560.146727226,4642774.795888982,1.200000000,462,12,3
TX,828.316676738,291006.685835468,4643978.857049773,1.200000000,210,12,3
TX,828.518064334,291874.412495827,4642563.990557959,1.200000000,5,12,3
TX,829.274368870,286163.775585056,4629628.004005580,1.200000000,318,12,3
TX,829.885988459,290664.279173272,4641545.339305745,1.200000000,220,7,3
TX,830.214549982,293236.602697181,4640192.176859976,1.200000000,51,12,3
TX,830.579179677,292484.934847773,4641638.946606609,1.200000000,516,12,3
TX,831.531261670,282163.693609157,4632753.763235928,1.200000000,206,12,3
TX,831.643822292,295884.602557637,4640273.037962623,1.200000000,164,9,4
TX,832.202350367,290056.700639996,4642383.788680080,1.200000000,38,8,3
TX,833.898354130,275293.979897074,4641629.772463224,1.200000000,522,12,3
TX,834.449423166,292181.265364190,4642153.488512564,1.200000000,18,12,3
TX,834.779355463,291650.025162571,4642829.690178884,1.200000000,46,12,3
TX,835.164696448,290346.034221920,4643884.326829587,1.200000000,165,12,4
TX,835.234523505,271629.370186527,4630637.951033349,1.200000000,294,12,3
TX,835.727606439,292159.865218129,4639326.050244244,1.200000000,189,12,3
TX,835.780236336,290935.969930689,4641325.723007815,1.200000000,82,9,3
TX,836.366992553,271639.435899073,4630643.878758359,1.200000000,316,12,3
TX,836.450477537,271670.296286356,4630621.315914232,1.200000000,315,12,3
TX,836.626069515,292189.490625406,4642149.287150865,1.200000000,370,12,3
TX,836.693561564,294269.903817492,4639046.596135543,1.200000000,458,12,3
TX,836.891637674,291491.041169584,4644571.058353597,1.200000000,6,12,3
TX,837.022046990,290421.292058312,4639008.519308586,1.200000000,546,12,3
TX,837.527767869,289946.200408937,4634398.575539655,1.200000000,465,12,3
TX,837.911409300,275127.196744050,4631251.899224931,1.200000000,483,12,3
TX,838.963015118,290692.695221700,4641303.517445294,1.200000000,205,7,3
TX,840.187363554,291637.766591598,4642834.260376734,1.200000000,31,12,3
TX,840.497691805,293249.490175199,4639312.658651938,1.200000000,98,12,3
TX,840.555142590,292568.823267441,4642920.015351354,1.200000000,90,12,3
TX,841.435054468,270138.388130260,4644252.362494987,1.200000000,427,12,4
TX,841.603976686,295910.553566687,4641316.034764256,1.200000000,508,7,3
TX,845.502144901,291161.822792480,4642198.265566448,1.200000000,102,12,3
TX,845.958637932,291827.876847868,4642553.300654901,1.200000000,298,12,3
TX,846.847156882,290596.003065004,4641516.611352456,1.200000000,266,7,3
TX,846.928915260,290799.279008704,4632916.467664039,1.200000000,409,12,3
TX,847.029185592,290061.707960772,4642375.325270397,1.200000000,37,8,3
TX,847.189375571,292502.058630054,4642906.379048396,1.200000000,198,12,4
TX,847.777973114,290399.638667395,4635435.650731003,1.200000000,319,12,4
TX,847.778747587,290055.149819880,4642390.208325428,1.200000000,44,10,3
TX,848.254598608,291855.980982934,4642535.650287618,1.200000000,125,12,4
TX,848.256704313,290383.693229138,4641804.972857052,1.200000000,348,7,3
TX,848.458380870,271619.872348766,4630662.743985904,1.200000000,317,12,3
TX,849.175485748,291832.687705090,4642552.435202204,1.200000000,119,12,3
TX,849.474787787,292482.282988120,4642983.393637886,1.200000000,502,12,3
TX,850.153940758,290313.298226337,4643599.272104387,1.200000000,451,12,3
TX,850.260688181,294342.693709760,4640214.983384290,1.200000000,450,11,4
TX,850.404268681,291676.779688330,4642149.237679017,1.200000000,492,12,3
TX,850.770641052,291279.666458762,4642385.960767860,1.200000000,323,12,3
TX,851.943663245,289821.735218822,4638791.632064376,1.200000000,329,12,3
TX,853.610249181,291558.399286970,4645227.632830933,1.200000000,256,12,4
TX,854.654725140,293185.318372836,4640507.970579174,1.200000000,541,12,3
TX,854.729884557,287357.256341961,4634227.182002019,1.200000000,292,12,3
TX,854.846173039,292197.429728119,4642160.170836112,1.200000000,299,12,3
TX,855.710617640,295030.061225523,4642878.095875599,1.200000000,45,9,3
TX,856.440376125,290708.351309942,4641302.472471376,1.200000000,435,7,3
TX,856.819139595,292111.802396071,4641191.308232985,1.200000000,426,12,3
TX,857.036713556,288952.895443274,4642642.620349764,1.200000000,130,12,4
TX,857.070818432,292289.131293728,4643332.928680777,1.200000000,365,12,3
TX,857.325920659,289822.839206838,4638567.143203496,1.200000000,32,12,3
TX,857.938762991,290653.232126453,4641451.431210967,1.200000000,224,7,4
TX,859.439559068,289823.763483937,4638628.629370436,1.200000000,10,12,3
TX,859.590078216,295033.241005555,4640704.791576190,1.200000000,392,8,3
TX,859.982243160,291004.640995451,4641911.226640879,1.200000000,371,9,3
TX,860.109198950,291836.642291886,4642522.831958607,1.200000000,3,12,4
TX,860.140009870,290335.823346809,4641438.050699567,1.200000000,70,7,3
TX,860.797010694,292467.984495102,4640569.455603145,1.200000000,352,12,3
TX,860.951378988,292523.183198208,4642903.316506342,1.200000000,361,12,4
TX,861.054010947,292517.910743525,4642911.119485513,1.200000000,515,12,4
TX,862.866818942,290062.588439253,4642383.938684251,1.200000000,35,8,3
TX,862.939526649,290539.670689899,4641369.158999793,1.200000000,349,7,3
TX,863.820807935,293198.148402206,4644657.830620231,1.200000000,105,12,3
TX,866.023877475,290450.933482701,4640605.136840733,1.200000000,345,7,3
TX,867.071909367,286060.561177644,4638801.381605199,1.200000000,503,12,3
TX,868.005386619,290400.607684431,4641818.121012710,1.200000000,434,7,3
TX,868.767740069,291843.211080953,4642541.765475458,1.200000000,269,12,3
TX,869.238471415,276990.968590817,4632322.484774736,1.200000000,429,12,3
TX,869.414100123,291102.296767163,4642463.737564486,1.200000000,393,12,4
TX,870.388963280,295718.643310859,4646656.130243612,1.200000000,533,12,3
TX,870.917775593,290354.469008018,4641864.315947208,1.200000000,389,7,3
TX,871.972761964,290437.105757434,4641379.011798835,1.200000000,247,7,4
TX,872.113329170,291834.322766895,4642550.277398010,1.200000000,281,12,3
TX,872.260218579,290832.807122392,4639360.063400110,1.200000000,203,11,3
TX,873.827266586,290021.056635159,4642642.444136882,1.200000000,199,10,3
TX,873.868840433,291531.943283951,4641628.811544961,1.200000000,338,11,4
TX,876.091294975,294326.418155840,4646373.542465605,1.200000000,446,12,3
TX,876.594582858,291833.670819402,4642492.007644631,1.200000000,176,12,3
TX,876.657361385,291814.669924376,4642541.377096007,1.200000000,481,12,4
TX,877.337270748,292217.672293591,4642165.487202066,1.200000000,369,12,4
TX,877.547961324,290375.882887846,4639086.754846161,1.200000000,96,12,3
TX,878.523539749,291045.787166753,4640477.881875025,1.200000000,244,8,4
TX,878.636249572,293377.814843915,4640939.565651586,1.200000000,396,12,3
TX,878.766561400,292670.408369974,4641818.420196872,1.200000000,94,12,4
TX,879.176406970,290095.152245034,4635389.371977878,1.200000000,530,12,3
TX,879.421677453,291826.370323278,4642549.978395773,1.200000000,262,12,4
TX,879.953185157,294244.147845135,4638403.447275870,1.200000000,72,12,3
TX,880.211888976,291103.070696391,4642482.405013124,1.200000000,343,12,4
TX,880.254808644,290962.599645721,4641189.329585467,1.200000000,40,9,4
TX,880.773885005,290119.741718502,4641500.906248960,1.200000000,86,7,4
TX,881.201925326,290361.607793175,4641433.938574991,1.200000000,238,7,3
TX,881.729484729,292520.842583667,4642910.556737726,1.200000000,184,12,3
TX,882.992814708,289957.979047050,4634414.901678208,1.200000000,33,12,4
TX,883.286736209,292683.710370213,4641793.902507794,1.200000000,433,12,3
TX,883.540267899,291828.376839108,4642547.208835023,1.200000000,11,12,4
TX,883.764452880,291977.438143320,4641716.375122949,1.200000000,286,12,3
TX,883.837032794,295148.392649642,4642704.426220536,1.200000000,154,7,3
TX,885.859043374,299257.482200945,4647754.465916191,1.200000000,475,12,3
TX,886.166649934,291831.863437694,4642541.863139955,1.200000000,490,12,3
TX,886.351899363,292524.501272594,4642898.063180125,1.200000000,88,12,4
TX,886.862466038,290698.733455508,4641290.148553409,1.200000000,302,7,4
TX,886.933359742,291828.263608958,4642546.405497698,1.200000000,514,12,3
TX,887.067414418,271641.767242640,4630633.194819880,1.200000000,288,12,4
TX,887.890747986,291857.632972964,4642553.428089311,1.200000000,87,12,4
TX,888.091029188,291877.735778569,4642557.160414740,1.200000000,268,12,4
TX,888.153991131,257988.237595629,4650754.973883027,1.200000000,507,12,3
TX,889.220093010,291638.542839166,4642827.360432422,1.200000000,15,12,3
TX,890.389182059,291867.196433000,4642556.393642165,1.200000000,117,12,4
TX,890.857775183,292181.777615869,4642144.624879947,1.200000000,166,12,3
TX,891.034144921,291857.770558448,4642556.213786238,1.200000000,259,12,4
TX,891.472073581,295870.316250317,4641387.692804809,1.200000000,384,7,3
TX,891.818528244,290703.949564328,4641302.608191511,1.200000000,388,7,4
TX,892.164543768,291016.704165313,4641808.825623506,1.200000000,219,9,3
TX,893.401271317,292951.109711304,4642992.493111311,1.200000000,181,12,3
TX,893.429584086,292267.986699826,4641946.379809080,1.200000000,312,12,3
TX,893.631757712,292065.900244147,4645098.447589317,1.200000000,258,12,3
TX,893.713335069,290217.025639285,4641470.142596403,1.200000000,251,7,4
TX,893.724803187,287815.850692536,4638656.233075708,1.200000000,202,12,4
TX,893.960043784,289624.046529513,4638095.301898674,1.200000000,58,12,3
TX,894.480693089,293271.053566534,4649586.512147583,1.200000000,470,12,3
TX,895.137863298,290384.757671806,4641817.931107101,1.200000000,140,7,4
TX,895.225797940,295673.486052352,4642467.592102236,1.200000000,537,7,3
TX,895.646289754,271613.034294866,4630654.707462342,1.200000000,132,12,4
TX,895.812758008,296160.273401860,4639669.016112909,1.200000000,416,12,4
TX,896.869914035,290478.847931202,4640629.380042520,1.200000000,342,7,4
TX,896.902845263,291991.701861959,4643704.887446153,1.200000000,489,12,4
TX,897.272970335,290344.457601039,4641433.264633227,1.200000000,246,7,4
TX,897.362323241,290658.480293614,4641320.865666895,1.200000000,408,7,4
TX,897.786199955,275330.697901840,4631414.268651958,1.200000000,215,12,3
TX,898.699097479,296459.406378558,4639186.525796510,1.200000000,477,12,4
TX,898.857508334,291873.979871382,4642557.695519060,1.200000000,509,12,3
TX,898.863286911,292079.355204168,4640566.642007737,1.200000000,182,12,4
TX,900.197859918,290233.613082078,4641374.881865887,1.200000000,380,7,4
TX,901.012354674,291882.254503844,4642554.943785625,1.200000000,115,12,3
TX,901.090309680,295246.375661427,4644034.361094649,1.200000000,448,12,3
TX,901.372975528,292521.567113011,4642936.371129129,1.200000000,201,12,4
TX,901.649511419,290531.276920106,4637422.903855340,1.200000000,487,12,3
TX,902.310650085,291835.191968790,4642530.798687429,1.200000000,488,12,4
TX,902.756045847,290807.904161763,4639374.238635173,1.200000000,234,10,4
TX,904.358769674,290959.864797357,4644926.196974038,1.200000000,525,12,3
TX,904.926551086,291419.809448746,4641306.006182353,1.200000000,133,9,4
TX,904.983525494,292673.065070401,4641786.428719611,1.200000000,242,12,4
TX,905.764572623,272465.266338012,4629572.663511543,1.200000000,213,12,4
TX,906.707088975,290344.606473141,4641428.235813187,1.200000000,340,7,3
TX,907.499660085,291202.297230196,4641298.201528937,1.200000000,167,8,3
TX,907.699148441,292138.538303284,4642220.995397285,1.200000000,472,12,4
TX,908.246329262,290427.266510263,4640505.364778195,1.200000000,92,7,4
TX,908.773064372,291823.218683908,4642549.960983529,1.200000000,121,12,3
TX,908.936517817,290600.007806853,4639030.399059458,1.200000000,39,11,4
TX,909.369659368,297431.688416494,4649337.032766227,1.200000000,131,12,3
TX,910.896583067,288193.377623456,4643918.473135882,1.200000000,510,12,4
TX,911.218013664,292452.875718586,4642914.599854157,1.200000000,374,12,4
TX,911.287874801,295909.036053920,4637966.075674243,1.200000000,431,12,4
TX,911.347296997,289861.143519197,4639061.455965386,1.200000000,188,12,3
TX,911.752610395,292173.735447474,4642152.395365058,1.200000000,217,12,4
TX,912.700917609,290687.348312180,4641294.612949486,1.200000000,204,7,3
TX,913.511751498,282139.070566351,4645860.688011455,1.200000000,84,12,4
TX,913.770429699,294841.503580105,4643745.507700965,1.200000000,147,12,3
TX,914.857764597,305255.820331948,4668086.089055194,1.200000000,261,12,4
TX,915.205014164,291198.981758014,4641292.177538361,1.200000000,19,8,4
TX,915.771366329,296381.859353083,4637618.998990366,1.200000000,144,12,3
TX,916.023795411,291849.991317530,4642557.731186957,1.200000000,497,12,4
TX,916.219273293,292195.196028179,4642162.488941781,1.200000000,300,12,3
TX,916.279279229,290506.792015648,4643431.973107279,1.200000000,273,12,3
TX,917.651418233,291711.580406350,4640049.403537562,1.200000000,190,10,4
TX,918.380083841,286440.955102768,4646846.714383421,1.200000000,128,12,3
TX,919.052602569,288561.154406255,4632440.653428787,1.200000000,57,12,4
TX,919.631507959,271629.688766232,4630617.692995786,1.200000000,179,12,3
TX,920.055563390,289090.168295306,4642467.572279333,1.200000000,103,12,3
TX,921.609952643,291705.183835403,4642816.822953349,1.200000000,443,12,4
TX,921.657873654,292518.289871762,4642918.254805011,1.200000000,168,12,4
TX,923.643054504,295158.661566697,4642708.246793899,1.200000000,150,7,4
TX,924.278187285,291448.060574756,4642222.798891999,1.200000000,383,12,4
TX,925.400974528,290416.145632484,4639021.077628492,1.200000000,407,12,4
TX,925.809861973,304722.885342313,4637797.345611217,1.200000000,186,12,4
TX,926.735466868,295163.588690687,4642715.868762113,1.200000000,163,7,4
TX,927.002810474,291194.199480446,4641395.191944179,1.200000000,209,9,4
TX,927.112731562,292785.057816797,4640783.590148472,1.200000000,235,12,4
TX,927.133366602,293664.084415720,4645279.408545996,1.200000000,264,12,4
TX,927.208528081,291821.660093129,4642534.230610331,1.200000000,478,12,3
TX,927.363745437,290696.199163955,4641295.187863313,1.200000000,331,7,3
TX,927.468498797,292200.875307831,4642158.270439476,1.200000000,194,12,4
TX,927.637015446,289330.259406675,4640383.217050241,1.200000000,379,7,4
TX,928.244928540,295749.392198196,4645167.767589978,1.200000000,381,12,4
TX,928.776141341,291460.506451073,4637825.377842217,1.200000000,467,12,4
TX,929.342217015,285728.884168136,4644268.683766123,1.200000000,512,12,4
TX,929.378155818,291864.172401491,4642554.391952352,1.200000000,539,12,4
TX,930.054524872,290411.905045664,4645671.200585236,1.200000000,50,12,4
TX,930.542660698,291290.720439151,4642402.015260452,1.200000000,63,12,4
TX,930.646741768,291875.682030023,4641929.104446572,1.200000000,109,12,4
TX,930.716956272,290717.445009503,4641296.795303480,1.200000000,306,7,4
TX,930.921085626,291845.996377105,4642569.065359495,1.200000000,452,12,3
TX,931.596652221,283833.511511036,4643335.931214660,1.200000000,415,12,3
TX,931.651319407,291135.711749112,4636180.278092382,1.200000000,211,12,3
TX,932.177666113,290657.432438562,4641430.000963811,1.200000000,263,7,4
TX,932.195998362,297773.659302371,4646469.741758653,1.200000000,382,12,3
TX,932.444918253,293322.283375791,4643322.199851872,1.200000000,104,12,4
TX,932.834414667,292334.162934581,4642041.729410702,1.200000000,81,12,4
TX,933.339038301,290700.114743906,4641291.947424215,1.200000000,233,7,4
TX,933.644126896,273396.912547165,4630048.911683255,1.200000000,327,12,4
TX,935.351938079,291825.121823098,4642552.764629981,1.200000000,297,12,4
TX,936.025079286,291207.865516473,4641298.703140748,1.200000000,174,8,4
TX,936.417585567,292520.254016652,4642909.013929119,1.200000000,309,12,4
TX,937.144043054,291856.848534625,4642555.902225528,1.200000000,296,12,4
TX,937.682863464,290897.883870345,4641175.448893447,1.200000000,542,8,4
TX,938.605232743,292766.661961519,4642793.300287663,1.200000000,113,12,4
TX,938.621565533,290703.556755039,4641301.204084566,1.200000000,301,7,4
TX,939.058489110,295808.440404735,4642235.712681646,1.200000000,187,7,4
TX,939.321259055,290665.075607918,4641556.064756774,1.200000000,148,7,4
TX,939.458182705,292246.120417297,4638926.083171920,1.200000000,229,12,3
TX,939.475230435,292190.690598276,4642156.111157816,1.200000000,493,12,4
TX,939.500626631,290412.126833184,4641823.777297535,1.200000000,60,7,3
TX,939.546352449,292180.200530674,4642143.230489515,1.200000000,421,12,4
TX,940.280619278,290470.855576351,4640640.358723157,1.200000000,239,7,3
TX,940.555879630,294281.664323771,4646816.639980808,1.200000000,79,12,3
TX,940.654985758,291848.876876835,4642558.473366076,1.200000000,274,12,3
TX,940.956641435,291828.177744162,4642552.343781158,1.200000000,295,12,4
TX,941.767819605,290410.783518543,4641819.358698947,1.200000000,248,7,4
TX,942.129951571,292689.826339384,4643728.877009831,1.200000000,364,12,4
TX,942.402703913,289845.331491067,4641725.012458277,1.200000000,99,7,4
TX,942.675974651,290264.079360925,4636416.366012235,1.200000000,14,12,4
TX,942.711463731,291840.593424164,4642554.172763334,1.200000000,277,12,4
TX,943.146919699,291849.358106989,4642536.153644996,1.200000000,491,12,4
TX,946.364895046,295251.434762101,4638474.193552348,1.200000000,513,12,3
TX,946.506460134,291836.969455912,4642538.840770149,1.200000000,424,12,4
TX,946.535020844,295136.821633052,4642702.864441935,1.200000000,162,7,3
TX,947.097815356,298612.424964452,4639411.689693632,1.200000000,191,12,4
TX,947.216514082,292178.989755897,4642169.057940936,1.200000000,54,12,3
TX,948.650190502,289095.418792674,4641185.082999906,1.200000000,395,7,3
TX,948.789545661,290660.896359686,4639331.923459309,1.200000000,333,10,3
TX,950.086814219,289519.698109348,4641779.886478039,1.200000000,227,7,4
TX,950.720285025,289125.043374644,4640649.340977417,1.200000000,0,7,3
TX,951.318314464,289296.232443054,4640969.877957828,1.200000000,91,7,4
TX,951.548265889,290122.240040172,4634643.857505640,1.200000000,236,12,4
TX,951.980438137,291822.321095574,4642554.167898793,1.200000000,482,12,4
TX,952.614602339,292707.181910471,4639630.234038213,1.200000000,243,12,3
TX,952.822947737,292522.958946679,4642909.133647425,1.200000000,353,12,3
TX,953.509561527,289836.730465374,4638808.349565879,1.200000000,93,12,4
TX,953.728095576,290444.684401086,4640842.187544708,1.200000000,76,7,4
TX,953.950398705,295137.894979801,4642725.147244308,1.200000000,152,7,4
TX,954.740522986,290764.171695341,4639508.225517059,1.200000000,49,10,4
TX,955.929623612,291864.173746563,4642554.427182908,1.200000000,116,12,4
TX,956.197732405,295312.764244967,4642541.344618856,1.200000000,158,7,4
TX,956.629076093,288834.314165985,4641808.176128017,1.200000000,332,10,4
TX,957.236826441,291276.693672070,4642387.194360035,1.200000000,322,12,4
TX,958.777140723,289611.216045473,4641954.825128105,1.200000000,25,8,4
TX,960.087216632,271729.660010406,4630741.883174252,1.200000000,221,12,3
TX,960.324357177,292088.285163919,4641814.927184914,1.200000000,505,12,3
TX,961.139972425,291881.548814219,4642562.210571722,1.200000000,53,12,4
TX,961.253237099,290763.747128929,4639350.581174920,1.200000000,280,10,4
TX,961.432350868,271619.372375338,4630652.730718476,1.200000000,173,12,4
TX,962.355004945,292198.887139530,4642157.846333668,1.200000000,394,12,4
TX,963.501304478,291177.760148938,4641310.700779546,1.200000000,195,8,4
TX,964.139139504,292210.112298307,4642166.876853763,1.200000000,376,12,4
TX,964.614892979,291133.215757271,4641352.665931775,1.200000000,110,8,4
TX,964.822759876,292405.235647739,4642748.421543078,1.200000000,200,12,4
TX,965.583887476,292489.673039358,4643135.584566648,1.200000000,403,12,4
TX,965.767704209,290051.468732467,4642389.897015676,1.200000000,43,10,4
TX,968.035714279,271610.308538460,4630635.690849056,1.200000000,289,12,4
TX,968.434655663,291699.654705024,4642192.572439229,1.200000000,275,12,4
TX,968.539122258,291838.584550524,4642552.863230302,1.200000000,12,12,4
TX,969.248622101,289308.484476160,4639789.108085769,1.200000000,254,9,4
TX,969.959027257,291184.107412388,4641319.358730501,1.200000000,440,8,3
TX,971.003556897,271653.600308423,4630622.077117649,1.200000000,175,12,4
TX,971.177515871,291987.759541263,4641086.085039016,1.200000000,214,12,4
TX,972.273515816,290696.329362723,4641308.829102953,1.200000000,310,7,4
TX,973.609287393,289835.984091621,4638818.443653158,1.200000000,74,12,3
TX,974.345267221,291730.947207271,4642160.915140098,1.200000000,66,12,4
TX,974.714758074,290406.374696941,4641820.460026455,1.200000000,346,7,4
TX,975.497789052,290199.895762215,4640172.947601033,1.200000000,112,7,3
TX,976.133723520,292187.254591722,4642147.590079683,1.200000000,16,12,4
TX,976.566011980,291851.150502033,4642550.726207520,1.200000000,377,12,4
TX,978.292106269,294488.759277239,4652837.397599708,1.200000000,260,12,4
TX,978.670866138,271626.565720129,4630646.941697757,1.200000000,290,12,4
TX,979.250116989,291873.799313692,4642560.590498881,1.200000000,267,12,4
TX,979.266513691,295852.860864607,4641386.583567272,1.200000000,26,7,4
TX,980.292793710,297471.632627030,4641412.931794940,1.200000000,473,12,4
TX,980.313036485,292682.346553376,4643689.749623489,1.200000000,363,12,4
TX,981.334408836,293362.014563410,4642631.720054263,1.200000000,471,12,4
TX,982.050879032,291059.228551397,4644027.743933385,1.200000000,169,12,4
TX,982.791095836,305314.330002185,4638828.582747527,1.200000000,549,12,4
TX,983.364979893,289044.909160816,4636651.529677919,1.200000000,111,12,3
TX,985.031254196,271621.249506305,4630634.338958767,1.200000000,314,12,4
TX,985.367817581,289831.095450896,4638784.768368294,1.200000000,328,12,4
TX,986.354132917,295127.431129631,4642710.463328349,1.200000000,155,7,4
TX,986.466540354,291318.007866998,4642014.714719103,1.200000000,83,11,4
TX,986.645351240,288936.449528872,4642930.311014316,1.200000000,428,12,4
TX,988.036821643,292697.196475549,4641809.856860815,1.200000000,464,12,4
TX,988.186012145,293200.329198749,4639225.269176757,1.200000000,20,12,4
TX,988.925697316,292195.711388790,4642149.238494953,1.200000000,223,12,4
TX,988.988619084,291097.304382250,4642468.343360628,1.200000000,455,12,4
TX,989.622228122,295164.129492174,4642738.909958558,1.200000000,161,7,4
TX,990.029024165,290970.034352887,4639159.927630496,1.200000000,156,12,4
TX,990.548557702,290408.898719049,4641801.377521450,1.200000000,13,7,4
TX,990.777494552,290152.433821066,4640851.566581793,1.200000000,506,7,4
TX,990.943076176,291842.224963971,4642558.727814350,1.200000000,484,12,4
TX,991.693095664,292524.848240627,4642908.054485352,1.200000000,80,12,4
TX,991.751297493,293358.302124980,4642709.542776523,1.200000000,285,12,4
TX,992.338592976,291830.584464230,4642546.560363338,1.200000000,500,12,4
TX,992.492207598,294611.540041235,4641353.738951421,1.200000000,230,7,4
TX,993.007682531,296055.664021554,4646428.976803522,1.200000000,303,12,4
TX,993.117919268,289595.805389674,4644253.271081078,1.200000000,225,12,4
TX,993.600971900,287800.044769539,4643319.658367297,1.200000000,402,12,4
TX,993.905798389,291186.278156798,4642148.159440499,1.200000000,228,11,4
TX,994.687223054,289850.527996960,4632538.118953074,1.200000000,339,12,4
TX,995.034892584,290488.015177947,4647531.766907247,1.200000000,480,12,4
TX,995.980289408,292525.247822606,4642925.327045744,1.200000000,170,12,4
TX,997.783237723,294456.547779494,4645493.640107653,1.200000000,151,12,4
TX,997.918253708,291190.522825273,4642208.373958656,1.200000000,208,12,4
TX,999.608594587,295637.414136010,4645570.514762232,1.200000000,442,12,4
TX,999.770182098,292182.692283511,4641153.674136853,1.200000000,425,12,4
TX,1000.567124435,290312.899147277,4642014.114911556,1.200000000,373,8,4
TX,1002.520526206,294968.345982790,4645051.598557148,1.200000000,336,12,4
TX,1002.541355764,291836.564526006,4642545.687725257,1.200000000,114,12,4
TX,1002.590588886,292468.088458574,4641902.340658263,1.200000000,372,12,4
TX,1002.805426228,289723.492984448,4641852.663453044,1.200000000,59,7,4
TX,1003.783832902,292372.370693072,4652198.595935211,1.200000000,414,12,4
TX,1004.156423696,278598.660038651,4640516.291884302,1.200000000,535,12,4
TX,1004.233123065,289230.257188005,4642499.913125480,1.200000000,137,10,4
TX,1004.270604062,291636.306588931,4642837.651156556,1.200000000,30,12,4
TX,1006.028252393,290372.761437883,4641408.326352845,1.200000000,237,7,4
TX,1006.703449556,293913.949915725,4640709.939923775,1.200000000,71,11,4
TX,1007.107939027,291841.206150959,4642552.850468986,1.200000000,291,12,4
TX,1007.178335207,292519.218552746,4642904.709577570,1.200000000,279,12,4
TX,1008.231193400,291855.335651203,4642539.537373107,1.200000000,368,12,4
TX,1008.905108343,289108.440297798,4639510.080879420,1.200000000,100,10,4
TX,1009.681544543,290058.644273870,4635384.533870551,1.200000000,543,12,4
TX,1009.940271588,302354.909309979,4634108.674206622,1.200000000,466,12,4
TX,1011.336654949,291850.916328989,4642544.410402878,1.200000000,126,12,4
TX,1012.120875903,292654.489948173,4641822.091580704,1.200000000,420,12,4
TX,1013.570862141,290956.221022086,4636012.226989951,1.200000000,122,12,4
TX,1013.888839365,291834.717504908,4642555.248399204,1.200000000,265,12,4
TX,1014.234803547,295927.951343261,4641316.157583260,1.200000000,34,7,4
TX,1014.437851068,286740.440823855,4634386.867728209,1.200000000,529,12,4
TX,1017.017028773,291096.208447041,4642466.179480594,1.200000000,64,12,4
TX,1017.325645034,291819.548574422,4641052.917648665,1.200000000,240,12,4
TX,1018.396807350,295143.616338107,4642708.885742329,1.200000000,153,7,4
TX,1018.601725927,291107.544335519,4641530.220994764,1.200000000,108,8,4
TX,1018.671420930,292668.104431008,4641784.194826707,1.200000000,453,12,4
TX,1020.912483941,291860.840853407,4642549.175229167,1.200000000,118,12,4
TX,1021.846499891,290927.432910328,4642136.183814642,1.200000000,172,8,4
TX,1024.144359603,294339.992337731,4638991.853691222,1.200000000,127,12,4
TX,1024.244416855,291745.601088098,4639504.550838051,1.200000000,479,12,4
TX,1025.206029983,286830.216834421,4634330.343855952,1.200000000,540,12,4
TX,1025.566615533,292555.955464959,4643135.842211400,1.200000000,207,12,4
TX,1025.803416840,291873.838047347,4642569.336808309,1.200000000,375,12,4
TX,1026.360047962,292061.101839875,4642283.482764305,1.200000000,474,12,4
TX,1027.458982489,285088.143212828,4640765.987528049,1.200000000,413,12,4
TX,1027.524658993,295503.086848757,4642534.904441570,1.200000000,185,7,4
TX,1028.005064491,292504.145362847,4641910.996533679,1.200000000,457,12,4
TX,1028.234979514,292208.739494944,4642162.231063227,1.200000000,511,12,4
TX,1028.504600513,292190.777500815,4642163.442030822,1.200000000,350,12,4
TX,1028.524222469,291196.830759514,4641397.965746356,1.200000000,177,9,4
TX,1029.103775375,290689.329426679,4641301.867060587,1.200000000,52,7,4
TX,1029.594741094,292520.403750172,4641895.660453341,1.200000000,8,12,4
TX,1029.876212206,293086.391393830,4641719.927537512,1.200000000,494,12,4
TX,1030.419486784,292697.177905020,4643686.745780974,1.200000000,362,12,4
TX,1030.469419451,291825.815988140,4642563.540214555,1.200000000,412,12,4
TX,1031.085069138,291389.865904458,4641365.722445938,1.200000000,335,9,4
TX,1031.154854126,291446.029075609,4636406.048049302,1.200000000,193,12,4
TX,1031.228446423,292924.110320702,4641886.144438869,1.200000000,61,12,4
TX,1031.713633429,290936.515227884,4641201.241596283,1.200000000,326,8,4
TX,1031.783912257,292755.059181769,4642029.348774258,1.200000000,183,12,4
TX,1032.127736114,290588.570949405,4641074.978974752,1.200000000,398,7,4
TX,1032.689467490,293234.426193091,4640209.327644845,1.200000000,445,12,4
TX,1034.187943199,290925.189263652,4638912.826351552,1.200000000,390,12,4
TX,1034.510176726,288506.874792373,4635189.280812794,1.200000000,518,12,4
TX,1034.792007703,292070.647093427,4636448.783083131,1.200000000,347,12,4
TX,1034.848184065,291073.986559786,4641981.920045972,1.200000000,436,11,4
TX,1035.176729142,292691.603615084,4641803.362296979,1.200000000,460,12,4
TX,1035.202385191,271605.817760994,4630638.947381990,1.200000000,531,12,4
TX,1036.683244117,290691.542621474,4641303.457558240,1.200000000,77,7,4
TX,1036.833235571,291031.328744019,4641169.201208144,1.200000000,97,9,4
TX,1037.555323944,291877.652757001,4642566.349001814,1.200000000,517,12,4
TX,1038.280604467,291189.156553789,4641317.461747218,1.200000000,231,8,4
TX,1040.686973695,292496.585131093,4643000.679270687,1.200000000,400,12,4
TX,1041.050854559,301713.786226694,4629501.058412130,1.200000000,106,12,4
TX,1041.143469447,291851.183862938,4642553.145728054,1.200000000,378,12,4
TX,1042.763930732,291680.379829812,4642113.412098684,1.200000000,545,12,4
TX,1043.055553424,289125.378357549,4642822.308406546,1.200000000,139,12,4
TX,1044.122508081,290365.619047999,4641446.775868621,1.200000000,276,7,4
TX,1044.788158822,291653.480546963,4642839.408811970,1.200000000,526,12,4
TX,1045.082774645,290633.700179488,4643895.466505840,1.200000000,432,12,4
TX,1047.334345701,290607.505951912,4639040.790529602,1.200000000,29,11,4
TX,1048.271039608,292385.076620665,4641780.334139246,1.200000000,476,12,4
TX,1048.485113482,291277.409522461,4642396.477367360,1.200000000,320,12,4
TX,1048.746689888,287860.399215268,4643258.105825574,1.200000000,401,12,4
TX,1049.163640012,291834.703868423,4642552.715835578,1.200000000,2,12,4
TX,1049.202072973,289718.837305665,4641851.546390329,1.200000000,1,7,4
TX,1050.996311339,292523.665411612,4642926.440597129,1.200000000,355,12,4
TX,1052.200322857,292512.144631996,4642910.708482017,1.200000000,196,12,4
TX,1052.298504709,290646.315639095,4642292.293975461,1.200000000,397,10,4
TX,1052.543055653,290388.431198282,4641808.775020463,1.200000000,27,7,4
TX,1053.191138199,289240.199114963,4635802.300460964,1.200000000,73,12,4
TX,1053.475768847,292201.419735965,4642159.789172299,1.200000000,499,12,4
TX,1053.862544162,291856.262894096,4642256.400287669,1.200000000,28,12,4
TX,1053.887693019,271614.489316028,4630664.502248008,1.200000000,56,12,4
TX,1054.609419065,298964.084850830,4630922.559039587,1.200000000,143,12,4
TX,1056.292773057,290399.747099109,4641834.574442443,1.200000000,419,7,4
TX,1056.649450572,290225.552285383,4642130.098549581,1.200000000,305,9,4
TX,1057.289302550,292188.680226415,4642152.985216349,1.200000000,17,12,4
TX,1057.377853251,290060.951484038,4642384.924593188,1.200000000,42,8,4
TX,1057.998158926,291128.549239138,4646222.589696972,1.200000000,410,12,4
TX,1058.574083214,295600.033157061,4642162.737422299,1.200000000,519,7,4
TX,1059.971820937,293583.749035469,4644062.489710212,1.200000000,218,12,4
TX,1060.026846125,291828.806114718,4642548.747445339,1.200000000,293,12,4
TX,1060.308596211,296646.888836443,4637514.601936528,1.200000000,197,12,4
TX,1060.432146931,290572.683477380,4642288.329631584,1.200000000,399,10,4
TX,1060.878305500,290498.488380027,4640863.735161160,1.200000000,212,7,4
TX,1060.937014308,291857.195781394,4642543.491893665,1.200000000,7,12,4
TX,1061.203962338,271653.059337213,4630616.293884501,1.200000000,313,12,4
TX,1063.262720647,293737.355697892,4650740.651441370,1.200000000,411,12,4
TX,1063.295239771,295876.702435916,4641368.174277258,1.200000000,36,7,4
TX,1064.407377031,288204.383808857,4643934.641717316,1.200000000,68,12,5
TX,1064.816661237,290418.415324300,4640697.777889412,1.200000000,146,7,4
TX,1065.377948919,297938.912411927,4644973.689519823,1.200000000,255,12,4
TX,1065.429332799,294915.332139430,4643913.928957952,1.200000000,351,12,4
TX,1066.265903960,293937.798757684,4643705.313019123,1.200000000,536,12,4
TX,1066.921702699,295314.794363761,4644093.513135172,1.200000000,485,12,4
TX,1067.002529781,291844.775864189,4642529.136388906,1.200000000,216,12,4
TX,1067.250509837,291288.462292139,4642399.856521003,1.200000000,324,12,4
TX,1067.489707561,289829.988246624,4638786.412842246,1.200000000,341,12,4
TX,1067.894722802,291789.496838003,4641611.012409112,1.200000000,129,12,4
TX,1069.161737021,291843.910259313,4642542.181289519,1.200000000,272,12,4
TX,1069.744878221,291850.370572832,4642557.890979365,1.200000000,284,12,4
TX,1070.286181758,291076.373255312,4644046.580509491,1.200000000,124,12,4
TX,1070.561785341,295604.324096886,4645553.234299616,1.200000000,337,12,4
TX,1070.648104447,291849.916392673,4642228.661569998,1.200000000,406,12,4
TX,1071.260786179,292189.556680274,4642153.703204721,1.200000000,308,12,4
TX,1071.622551840,290442.085439367,4635875.874863770,1.200000000,180,12,4
TX,1071.903635095,292679.184475107,4641797.782197570,1.200000000,461,12,4
TX,1072.010964929,293344.021326622,4640099.957669577,1.200000000,171,12,4
TX,1072.128138683,292523.455024362,4642914.432303775,1.200000000,357,12,4
TX,1073.522807995,292091.126399180,4642632.226401721,1.200000000,325,12,4
TX,1073.821280079,291018.137171501,4640407.077815332,1.200000000,344,8,4
TX,1074.518064334,291874.412495827,4642563.990557959,1.200000000,5,12,4
TX,1074.611645530,289320.191176799,4639959.682948167,1.200000000,192,10,4
TX,1075.010545225,294163.011001962,4646794.794364275,1.200000000,486,12,4
TX,1075.013018778,290791.375093118,4637909.376930015,1.200000000,311,12,4
TX,1075.559559378,296295.433807111,4643022.281306093,1.200000000,437,9,4
TX,1076.193819849,293796.994994497,4639606.610683950,1.200000000,48,12,4
TX,1076.331167135,292690.142090527,4641816.731566277,1.200000000,454,12,4
TX,1077.536387014,286073.540375274,4638749.612968956,1.200000000,504,12,4
TX,1078.233345403,290688.359623969,4641303.641861308,1.200000000,330,7,4
TX,1078.528491903,294824.487506404,4644840.769144567,1.200000000,23,12,4
TX,1079.536591426,295024.932506894,4644604.350743120,1.200000000,55,12,4
TX,1080.527767869,289946.200408937,4634398.575539655,1.200000000,465,12,4
TX,1080.575689944,291822.947411861,4642554.111120504,1.200000000,4,12,4
TX,1082.993923645,293827.245097591,4639523.929166732,1.200000000,120,12,4
TX,1082.994247303,290426.331214507,4639972.024396231,1.200000000,249,7,4
TX,1083.967190259,292313.766679373,4642540.330733468,1.200000000,528,12,4
TX,1085.332670966,292522.847427521,4642903.831745621,1.200000000,78,12,4
TX,1085.502240278,294929.601685695,4644990.243166111,1.200000000,449,12,4
TX,1085.885988459,290664.279173272,4641545.339305745,1.200000000,220,7,4
TX,1086.351139370,297624.671896322,4633076.961940436,1.200000000,135,12,4
TX,1086.878329536,291855.215549481,4642543.942957785,1.200000000,271,12,4
TX,1087.134458876,291856.833121622,4642553.130032219,1.200000000,282,12,4
TX,1087.439186551,293242.835989112,4641000.400966586,1.200000000,304,12,4
TX,1088.214549982,293236.602697181,4640192.176859976,1.200000000,51,12,4
TX,1088.459806347,290957.782129977,4639063.215566589,1.200000000,85,11,4
TX,1088.996702349,290480.192501795,4640626.687400274,1.200000000,250,7,4
TX,1088.997401716,296052.110530615,4639362.435030315,1.200000000,160,12,4
TX,1089.310633550,290178.268536364,4641463.991792826,1.200000000,447,7,4
TX,1090.544499249,290422.319690448,4639016.226914904,1.200000000,550,12,4
TX,1090.767101880,290353.196651705,4641440.585057735,1.200000000,69,7,4
TX,1091.007698038,271055.218231243,4644336.466589047,1.200000000,495,12,4
TX,1091.158658700,271603.706057644,4630671.123464960,1.200000000,287,12,4
TX,1091.891637674,291491.041169584,4644571.058353597,1.200000000,6,12,4
TX,1093.305866940,290359.761794565,4641449.432003664,1.200000000,65,7,4
TX,1093.500556946,294338.825207006,4642097.080433844,1.200000000,134,8,4
TX,1095.558101575,295399.213940089,4638425.419264018,1.200000000,149,12,4
TX,1096.234523505,271629.370186527,4630637.951033349,1.200000000,294,12,4
TX,1096.274368870,286163.775585056,4629628.004005580,1.200000000,318,12,4
TX,1096.627832671,292190.684219475,4642165.976522163,1.200000000,423,12,4
TX,1096.780014663,291718.950492088,4642157.082573739,1.200000000,67,12,5
TX,1097.760755317,292520.369773750,4642919.370506918,1.200000000,354,12,4
TX,1098.361245825,292688.106167650,4641804.236363133,1.200000000,459,12,4
TX,1098.695418966,291079.181915123,4644023.161582640,1.200000000,360,12,4
TX,1098.777973114,290399.638667395,4635435.650731003,1.200000000,319,12,5
TX,1100.375246088,294213.232598504,4652177.668059477,1.200000000,257,12,4
TX,1100.793968507,294102.037815621,4639209.197127759,1.200000000,47,12,4
TX,1102.439559068,289823.763483937,4638628.629370436,1.200000000,10,12,4
TX,1103.026615016,288853.722947462,4634720.555442872,1.200000000,404,12,4
TX,1103.307667186,291802.350435297,4636723.316351555,1.200000000,422,12,4
TX,1103.637918411,291098.300828529,4642459.594803278,1.200000000,391,12,4
TX,1103.820807935,293198.148402206,4644657.830620231,1.200000000,105,12,4
TX,1104.022046990,290421.292058312,4639008.519308586,1.200000000,546,12,4
TX,1106.580699028,290302.891884184,4642148.122494502,1.200000000,241,10,4
TX,1106.722849449,292848.675573919,4641948.781755871,1.200000000,417,12,4
TX,1106.851464887,290383.272651741,4639068.225829897,1.200000000,405,12,4
TX,1108.309905068,291639.375607020,4642145.050294437,1.200000000,136,12,4
TX,1109.335937148,289169.344999963,4638624.688726765,1.200000000,107,12,4
TX,1109.593420419,291835.397003239,4642553.972239998,1.200000000,456,12,4
TX,1109.959570066,290089.332250760,4635373.171913867,1.200000000,544,12,5
TX,1110.494193383,293061.175211517,4642340.247298124,1.200000000,222,12,4
TX,1110.769081582,290183.775015301,4640142.867976111,1.200000000,430,7,4
TX,1110.847156882,290596.003065004,4641516.611352456,1.200000000,266,7,4
TX,1111.275431192,291809.691557748,4642539.757791393,1.200000000,498,12,4
TX,1111.449423166,292181.265364190,4642153.488512564,1.200000000,18,12,4
TX,1111.472800569,291100.456469175,4642452.028010365,1.200000000,334,12,4
TX,1111.497691805,293249.490175199,4639312.658651938,1.200000000,98,12,4
TX,1111.625374923,291873.682995480,4640755.558769077,1.200000000,358,11,4
TX,1111.979195590,291693.894388657,4644968.218530695,1.200000000,468,12,4
TX,1112.046229497,289652.899588243,4642205.014460070,1.200000000,24,8,4
TX,1112.086969326,291864.409323920,4642551.417061954,1.200000000,178,12,4
TX,1112.276634700,290264.193085541,4642136.742685523,1.200000000,366,10,4
TX,1112.397798211,289414.174566778,4641532.697235109,1.200000000,547,7,4
TX,1112.448153419,291877.574703993,4642551.674132612,1.200000000,283,12,4
TX,1113.097902961,289260.052427338,4644940.307561833,1.200000000,532,12,4
TX,1113.604672421,293236.222883768,4640195.861094756,1.200000000,444,12,4
TX,1113.704630245,290985.779756958,4640674.190363668,1.200000000,22,8,4
TX,1113.874933963,296238.500191346,4638894.689689714,1.200000000,138,12,4
TX,1114.679159386,287668.800664213,4643683.495148098,1.200000000,538,12,4
TX,1114.917775593,290354.469008018,4641864.315947208,1.200000000,389,7,4
TX,1115.610249181,291558.399286970,4645227.632830933,1.200000000,256,12,5
TX,1116.135125801,290257.800185895,4642335.416823920,1.200000000,387,10,4
TX,1116.353844451,290473.238681015,4640683.613913848,1.200000000,145,7,4
TX,1117.070818432,292289.131293728,4643332.928680777,1.200000000,365,12,4
TX,1117.414100123,291102.296767163,4642463.737564486,1.200000000,393,12,5
TX,1117.928915260,290799.279008704,4632916.467664039,1.200000000,409,12,4
TX,1118.779355463,291650.025162571,4642829.690178884,1.200000000,46,12,4
TX,1119.803366043,291855.107610584,4642546.416184691,1.200000000,123,12,4
TX,1120.113329170,291834.322766895,4642550.277398010,1.200000000,281,12,4
TX,1121.755315451,291182.375589708,4641403.440565887,1.200000000,496,9,4
TX,1121.956122749,292637.867902309,4641822.331728709,1.200000000,418,12,4
TX,1122.109198950,291836.642291886,4642522.831958607,1.200000000,3,12,5
TX,1122.316676738,291006.685835468,4643978.857049773,1.200000000,210,12,4
TX,1122.987673301,281664.513245869,4640723.937388556,1.200000000,523,12,4
TX,1123.522958078,290798.226685125,4638159.526579860,1.200000000,521,12,4
TX,1123.883128008,290648.874712089,4641470.228265541,1.200000000,226,7,5
TX,1125.404268681,291676.779688330,4642149.237679017,1.200000000,492,12,4
TX,1125.502144901,291161.822792480,4642198.265566448,1.200000000,102,12,4
TX,1126.538815505,282198.716987510,4632795.513746785,1.200000000,548,12,4
TX,1126.775326930,291826.729722694,4642552.006000776,1.200000000,252,12,5
TX,1127.202350367,290056.700639996,4642383.788680080,1.200000000,38,8,4
TX,1127.353379266,293041.312384416,4643312.683027637,1.200000000,41,12,4
TX,1127.579179677,292484.934847773,4641638.946606609,1.200000000,516,12,4
TX,1128.478030365,291067.490744942,4644060.238787393,1.200000000,101,12,4
TX,1128.710617640,295030.061225523,4642878.095875599,1.200000000,45,9,4
TX,1129.608763295,291042.577213044,4641722.375672411,1.200000000,245,9,4
TX,1130.264806154,292195.888603724,4642157.497457324,1.200000000,469,12,4
TX,1130.868840433,291531.943283951,4641628.811544961,1.200000000,338,11,5
TX,1130.939526649,290539.670689899,4641369.158999793,1.200000000,349,7,4
TX,1131.953185157,294244.147845135,4638403.447275870,1.200000000,72,12,4
TX,1132.362336389,295622.039726082,4645557.795082983,1.200000000,441,12,4
TX,1132.626069515,292189.490625406,4642149.287150865,1.200000000,370,12,4
TX,1132.818528244,290703.949564328,4641302.608191511,1.200000000,388,7,5
TX,1132.846173039,292197.429728119,4642160.170836112,1.200000000,299,12,4
TX,1133.091294975,294326.418155840,4646373.542465605,1.200000000,446,12,4
TX,1133.164696448,290346.034221920,4643884.326829587,1.200000000,165,12,5
TX,1133.474787787,292482.282988120,4642983.393637886,1.200000000,502,12,4
TX,1133.773048552,290255.860822367,4636502.407411710,1.200000000,95,12,4
TX,1133.803233785,291082.533831358,4644047.676409730,1.200000000,253,12,4
TX,1133.958637932,291827.876847868,4642553.300654901,1.200000000,298,12,4
TX,1133.981692673,295127.203708180,4642698.038059536,1.200000000,159,7,4
TX,1134.074026027,291821.283685090,4642547.941348870,1.200000000,520,12,4
TX,1134.211888976,291103.070696391,4642482.405013124,1.200000000,343,12,5
TX,1135.175485748,291832.687705090,4642552.435202204,1.200000000,119,12,4
TX,1135.797010694,292467.984495102,4640569.455603145,1.200000000,352,12,4
TX,1136.972761964,290437.105757434,4641379.011798835,1.200000000,247,7,5
TX,1137.036713556,288952.895443274,4642642.620349764,1.200000000,130,12,5
TX,1137.555142590,292568.823267441,4642920.015351354,1.200000000,90,12,4
TX,1138.153991131,257988.237595629,4650754.973883027,1.200000000,507,12,4
TX,1138.766561400,292670.408369974,4641818.420196872,1.200000000,94,12,5
TX,1139.414408471,291070.897470600,4637377.158073791,1.200000000,21,12,4
TX,1140.440376125,290708.351309942,4641302.472471376,1.200000000,435,7,4
TX,1141.472073581,295870.316250317,4641387.692804809,1.200000000,384,7,4
TX,1141.943663245,289821.735218822,4638791.632064376,1.200000000,329,12,4
TX,1143.023877475,290450.933482701,4640605.136840733,1.200000000,345,7,4
TX,1143.727606439,292159.865218129,4639326.050244244,1.200000000,189,12,4
TX,1144.563952591,290334.577804124,4644075.386120960,1.200000000,367,12,4
TX,1144.837032794,295148.392649642,4642704.426220536,1.200000000,154,7,4
TX,1145.831053999,289612.788673695,4641954.422325825,1.200000000,75,8,4
TX,1146.260218579,290832.807122392,4639360.063400110,1.200000000,203,11,4
TX,1146.787635154,292490.988699987,4643026.292894536,1.200000000,501,12,5
TX,1147.254598608,291855.980982934,4642535.650287618,1.200000000,125,12,5
TX,1148.274229613,289942.145890773,4642713.642122654,1.200000000,270,10,4
TX,1148.435054468,270138.388130260,4644252.362494987,1.200000000,427,12,5
TX,1149.140009870,290335.823346809,4641438.050699567,1.200000000,70,7,4
TX,1149.166649934,291831.863437694,4642541.863139955,1.200000000,490,12,4
TX,1149.358769674,290959.864797357,4644926.196974038,1.200000000,525,12,4
TX,1149.594582858,291833.670819402,4642492.007644631,1.200000000,176,12,4
TX,1150.963015118,290692.695221700,4641303.517445294,1.200000000,205,7,4
TX,1151.453589123,291125.139278891,4642924.901764470,1.200000000,439,12,4
TX,1152.176406970,290095.152245034,4635389.371977878,1.200000000,530,12,4
TX,1152.745460866,291195.172186192,4641286.125391620,1.200000000,359,8,4
TX,1152.981098497,290091.644683195,4635387.454970361,1.200000000,524,12,5
TX,1153.458380870,271619.872348766,4630662.743985904,1.200000000,317,12,4
TX,1153.943497166,291105.056246912,4642463.471268902,1.200000000,385,12,4
TX,1154.421677453,291826.370323278,4642549.978395773,1.200000000,262,12,5
TX,1154.482821453,291276.697580719,4642393.974016345,1.200000000,321,12,4
TX,1155.369659368,297431.688416494,4649337.032766227,1.200000000,131,12,4
TX,1155.429584086,292267.986699826,4641946.379809080,1.200000000,312,12,4
TX,1155.693561564,294269.903817492,4639046.596135543,1.200000000,458,12,4
TX,1155.764452880,291977.438143320,4641716.375122949,1.200000000,286,12,4
TX,1155.933359742,291828.263608958,4642546.405497698,1.200000000,514,12,4
TX,1156.274414621,288283.102020926,4644614.977511894,1.200000000,278,12,4
TX,1156.827266586,290021.056635159,4642642.444136882,1.200000000,199,10,4
TX,1156.835043226,293914.778275402,4641410.097144508,1.200000000,438,12,4
TX,1157.034144921,291857.770558448,4642556.213786238,1.200000000,259,12,5
TX,1157.383885397,291702.418824248,4640072.348071979,1.200000000,157,10,4
TX,1157.523539749,291045.787166753,4640477.881875025,1.200000000,244,8,5
TX,1158.594969225,291865.594122592,4642558.151242865,1.200000000,307,12,4
TX,1158.773064372,291823.218683908,4642549.960983529,1.200000000,121,12,4
TX,1159.862466038,290698.733455508,4641290.148553409,1.200000000,302,7,5
TX,1160.938762991,290653.232126453,4641451.431210967,1.200000000,224,7,5
TX,1161.337270748,292217.672293591,4642165.487202066,1.200000000,369,12,5
TX,1164.189375571,292502.058630054,4642906.379048396,1.200000000,198,12,5
TX,1164.819139595,292111.802396071,4641191.308232985,1.200000000,426,12,4
TX,1165.071909367,286060.561177644,4638801.381605199,1.200000000,503,12,4
TX,1165.187363554,291637.766591598,4642834.260376734,1.200000000,31,12,4
TX,1165.286736209,292683.710370213,4641793.902507794,1.200000000,433,12,4
TX,1165.982243160,291004.640995451,4641911.226640879,1.200000000,371,9,4
TX,1166.201925326,290361.607793175,4641433.938574991,1.200000000,238,7,4
TX,1166.898354130,275293.979897074,4641629.772463224,1.200000000,522,12,4
TX,1167.254808644,290962.599645721,4641189.329585467,1.200000000,40,9,5
TX,1167.332381659,292505.575291628,4642913.011325103,1.200000000,89,12,4
TX,1167.543589729,292527.296926579,4642905.390835934,1.200000000,142,12,4
TX,1167.809861973,304722.885342313,4637797.345611217,1.200000000,186,12,5
TX,1169.365687337,293988.974521858,4639361.827951524,1.200000000,62,12,5
TX,1169.926551086,291419.809448746,4641306.006182353,1.200000000,133,9,5
TX,1171.539914884,292689.525566576,4641792.964384958,1.200000000,463,12,4
TX,1172.246329262,290427.266510263,4640505.364778195,1.200000000,92,7,5
TX,1172.631507959,271629.688766232,4630617.692995786,1.200000000,179,12,4
TX,1172.913097820,295154.311616173,4640520.854329607,1.200000000,141,9,4
TX,1173.153940758,290313.298226337,4643599.272104387,1.200000000,451,12,4
TX,1173.554034117,292519.322370547,4642910.987213907,1.200000000,356,12,4
TX,1173.646741768,291875.682030023,4641929.104446572,1.200000000,109,12,5
TX,1173.857775183,292181.777615869,4642144.624879947,1.200000000,166,12,4
TX,1174.055563390,289090.168295306,4642467.572279333,1.200000000,103,12,4
TX,1174.393045627,293560.146727226,4642774.795888982,1.200000000,462,12,4
TX,1175.133366602,293664.084415720,4645279.408545996,1.200000000,264,12,5
TX,1175.325920659,289822.839206838,4638567.143203496,1.200000000,32,12,4
TX,1176.400974528,290416.145632484,4639021.077628492,1.200000000,407,12,5
TX,1176.729884557,287357.256341961,4634227.182002019,1.200000000,292,12,4
TX,1176.778747587,290055.149819880,4642390.208325428,1.200000000,44,10,4
TX,1177.096519357,269851.610052965,4644041.435736729,1.200000000,527,12,4
TX,1177.119730985,291653.831255563,4642839.994681086,1.200000000,534,12,4
TX,1177.651418233,291711.580406350,4640049.403537562,1.200000000,190,10,5
TX,1177.736378182,291842.802432138,4642550.185476005,1.200000000,9,12,4
TX,1178.160507857,289958.037274622,4641612.066218363,1.200000000,386,7,4
TX,1178.603976686,295910.553566687,4641316.034764256,1.200000000,508,7,4
TX,1178.654725140,293185.318372836,4640507.970579174,1.200000000,541,12,4
TX,1178.664270278,286432.264461049,4642901.234559017,1.200000000,232,12,4
TX,1179.643822292,295884.602557637,4640273.037962623,1.200000000,164,9,5
TX,1179.911409300,275127.196744050,4631251.899224931,1.200000000,483,12,4
TX,1181.197859918,290233.613082078,4641374.881865887,1.200000000,380,7,5
TX,1181.646289754,271613.034294866,4630654.707462342,1.200000000,132,12,5
TX,1182.776141341,291460.506451073,4637825.377842217,1.200000000,467,12,5
TX,1182.956641435,291828.177744162,4642552.343781158,1.200000000,295,12,5
TX,1183.468498797,292200.875307831,4642158.270439476,1.200000000,194,12,5
TX,1183.500626631,290412.126833184,4641823.777297535,1.200000000,60,7,4
TX,1184.450477537,271670.296286356,4630621.315914232,1.200000000,315,12,4
TX,1184.531261670,282163.693609157,4632753.763235928,1.200000000,206,12,4
TX,1184.643054504,295158.661566697,4642708.246793899,1.200000000,150,7,5
TX,1185.023795411,291849.991317530,4642557.731186957,1.200000000,497,12,5
TX,1185.713335069,290217.025639285,4641470.142596403,1.200000000,251,7,5
TX,1186.256704313,290383.693229138,4641804.972857052,1.200000000,348,7,4
TX,1186.649511419,290531.276920106,4637422.903855340,1.200000000,487,12,4
TX,1186.699097479,296459.406378558,4639186.525796510,1.200000000,477,12,5
TX,1187.029185592,290061.707960772,4642375.325270397,1.200000000,37,8,4
TX,1187.675974651,290264.079360925,4636416.366012235,1.200000000,14,12,5
TX,1188.609952643,291705.183835403,4642816.822953349,1.200000000,443,12,5
TX,1190.366992553,271639.435899073,4630643.878758359,1.200000000,316,12,4
TX,1190.605232743,292766.661961519,4642793.300287663,1.200000000,113,12,5
TX,1190.631757712,292065.900244147,4645098.447589317,1.200000000,258,12,4
TX,1191.002810474,291194.199480446,4641395.191944179,1.200000000,209,9,5
TX,1191.535020844,295136.821633052,4642702.864441935,1.200000000,162,7,4
TX,1191.960043784,289624.046529513,4638095.301898674,1.200000000,58,12,4
TX,1192.480693089,293271.053566534,4649586.512147583,1.200000000,470,12,4
TX,1192.590078216,295033.241005555,4640704.791576190,1.200000000,392,8,4
TX,1193.540267899,291828.376839108,4642547.208835023,1.200000000,11,12,5
TX,1193.780236336,290935.969930689,4641325.723007815,1.200000000,82,9,4
TX,1194.555879630,294281.664323771,4646816.639980808,1.200000000,79,12,4
TX,1194.951378988,292523.183198208,4642903.316506342,1.200000000,361,12,5
TX,1195.548265889,290122.240040172,4634643.857505640,1.200000000,236,12,5
TX,1196.238471415,276990.968590817,4632322.484774736,1.200000000,429,12,4
TX,1196.729484729,292520.842583667,4642910.556737726,1.200000000,184,12,4
TX,1197.244928540,295749.392198196,4645167.767589978,1.200000000,381,12,5
TX,1197.834414667,292334.162934581,4642041.729410702,1.200000000,81,12,5
TX,1198.378155818,291864.172401491,4642554.391952352,1.200000000,539,12,5
TX,1199.177666113,290657.432438562,4641430.000963811,1.200000000,263,7,5]